model,n,rep,method,error_P,error_Theta,error_B,time_sec
4,200,1,Random Projection,5.705166887364337,1.0307553143374037,0.4742105440817815,0.08599545899999983
4,200,1,Random Sampling,7.325118751817353,1.1361374943464497,0.4631791609989311,0.03481074999999967
4,200,1,Non-random,5.957116836857729,1.0608322026232473,0.47279746217538854,0.0475023750000001
4,200,1,CountSketch,5.308681475357501,0.9864314789687924,0.47540864669999444,0.022470000000000212
4,200,2,Random Projection,5.5269998788823695,0.8989145183175034,0.4809792136814762,0.021719000000000044
4,200,2,Random Sampling,6.87391762933584,1.5900045228403437,0.47541696469721706,0.032451291000000104
4,200,2,Non-random,5.7050833717824645,0.9886928991406603,0.46663753351379456,0.03579070799999995
4,200,2,CountSketch,5.378763200536527,1.0506558118498417,0.4796444646203637,0.01696091700000002
4,200,3,Random Projection,6.007723268543426,0.8403437358661239,0.4414229307675386,0.018555458999999885
4,200,3,Random Sampling,6.304386423548505,1.0345997286295794,0.4124417604333699,0.025829290999999976
4,200,3,Non-random,6.329145173368133,0.8403437358661239,0.43465901761792913,0.03461587499999963
4,200,3,CountSketch,6.170747105245741,0.9457259158751696,0.4407490533208102,0.018052459000000187
4,200,4,Random Projection,5.650237154514928,0.5848032564450475,0.4904809386168981,0.015538082999999592
4,200,4,Random Sampling,6.608823441850346,0.7492085029398463,0.4644786888469144,0.0229789170000001
4,200,4,Non-random,6.51574968039553,0.5099502487562189,0.47797393988184633,0.032108165999999994
4,200,4,CountSketch,6.003936873479948,0.5545002261420172,0.47231681833375183,0.01666875000000001
4,200,5,Random Projection,5.749509867040606,1.0660334690185438,0.4665487979413054,0.017499667000000052
4,200,5,Random Sampling,7.174659118376688,1.3082315694255993,0.47892006503124296,0.024737083999999854
4,200,5,Non-random,6.0513550182518046,1.0816372682044324,0.4850428649067137,0.03568270799999995
4,200,5,CountSketch,5.679894822625977,1.0364088647670737,0.45850434110638266,0.017966166999999977
4,200,6,Random Projection,4.6589396106073835,0.479194934418815,0.4442020355653814,0.01698654200000016
4,200,6,Random Sampling,5.502148176798219,0.913613749434645,0.42521407952993356,0.022802125000000117
4,200,6,Non-random,4.8164736963616,0.4941203075531434,0.43929460031040923,0.032368334000000054
4,200,6,CountSketch,4.505231990090659,0.643374038896427,0.4424938024117994,0.01583958299999999
4,200,7,Random Projection,5.9220903751469525,0.9918588873812755,0.5127483121014411,0.015464167000000195
4,200,7,Random Sampling,7.0973325202823005,0.9753505201266396,0.5008743433654789,0.023159957999999925
4,200,7,Non-random,6.114482454026097,0.8263229308005428,0.5032658282293929,0.03272012499999999
4,200,7,CountSketch,6.07198781648867,0.8853459972862958,0.5102315121016796,0.016046749999999665
4,200,8,Random Projection,5.213397310522487,0.6139755766621438,0.5260390754888908,0.016309249999999942
4,200,8,Random Sampling,6.365598365828223,0.7645861601085482,0.5229868205116732,0.0202523750000001
4,200,8,Non-random,5.5886232833675145,0.6592039800995024,0.5247531325090558,0.030227082999999766
4,200,8,CountSketch,5.089446239205656,0.6895070104025327,0.524077643658561,0.014509583999999798
4,200,9,Random Projection,5.113552707911184,0.4654002713704206,0.4861471794567894,0.016202417000000136
4,200,9,Random Sampling,5.732364267474036,0.7960199004975124,0.49412921541438887,0.027075458000000108
4,200,9,Non-random,5.510187494425233,0.39009497964721845,0.4836955367944047,0.033788958999999785
4,200,9,CountSketch,5.253020887624267,0.48032564450474896,0.48853837351716833,0.015566375000000132
4,200,10,Random Projection,5.580785499659971,0.781094527363184,0.42777732634978866,0.017154875000000125
4,200,10,Random Sampling,6.092773216669513,0.80958842152872,0.4029073690618394,0.025629083000000108
4,200,10,Non-random,5.7953969689417715,0.6449570330167346,0.4073035628194448,0.029757333000000052
4,200,10,CountSketch,5.6657366305086665,0.7514699231117141,0.4235088565268432,0.016363250000000384
4,200,11,Random Projection,6.079097919206664,0.6155585707824514,0.5095168853442231,0.01618112500000013
4,200,11,Random Sampling,7.241329346680053,0.6298055178652193,0.5003220084087099,0.022189625000000213
4,200,11,Non-random,6.466534856573037,0.510854816824966,0.5157206015458435,0.032094292000000024
4,200,11,CountSketch,5.851577313425303,0.5565355042966984,0.518461616705167,0.01591499999999968
4,200,12,Random Projection,6.057508882295425,0.689280868385346,0.5265566424917492,0.01505654199999995
4,200,12,Random Sampling,6.388917366806365,0.7797376752600633,0.5506727093771209,0.021038958000000108
4,200,12,Non-random,6.1228651391692654,0.5244233378561737,0.5249114218180608,0.030196708000000072
4,200,12,CountSketch,5.929689678738123,0.5992763455450022,0.5263566669211018,0.015394875000000141
4,200,13,Random Projection,5.641489399770239,1.1119402985074627,0.45504043917570813,0.015267083000000348
4,200,13,Random Sampling,7.409505010533001,1.2476255088195387,0.49466652901265085,0.025630249999999855
4,200,13,Non-random,6.232415789216464,1.1119402985074627,0.4526576635886009,0.03464791700000003
4,200,13,CountSketch,5.9830819622339275,1.0676164631388512,0.45889696112479017,0.015757584000000158
4,200,14,Random Projection,5.331187016033207,0.8548168249660787,0.5066878868653067,0.01700504200000008
4,200,14,Random Sampling,6.454195604985875,1.0178652193577566,0.5311323964916475,0.026250957999999436
4,200,14,Non-random,5.8429427813459505,0.7496607869742198,0.5023037250769868,0.03235191699999973
4,200,14,CountSketch,5.328513338914931,0.7195838986883762,0.5059472813915145,0.015724291000000612
4,200,15,Random Projection,5.761504644452842,0.4814563545906829,0.5071592216093388,0.014061209000000296
4,200,15,Random Sampling,7.127508997401817,0.9310266847580281,0.4875453164672152,0.024961584000000592
4,200,15,Non-random,5.9589125882502465,0.4812302125734962,0.5012820128847817,0.031126125000000116
4,200,15,CountSketch,5.673950671987539,0.6001809136137495,0.5109929622861913,0.01506649999999965
4,200,16,Random Projection,5.81042047228339,0.8690637720488467,0.4251275135293927,0.015393291999999725
4,200,16,Random Sampling,7.10157320767781,0.9436906377204886,0.4196789651247288,0.02143979199999979
4,200,16,Non-random,5.979790272731611,0.8837630031659882,0.42235356006682273,0.03299816700000058
4,200,16,CountSketch,5.763453694110438,0.8387607417458165,0.42458048030184053,0.015182042000000173
4,200,17,Random Projection,5.929908047649382,1.0208050655811851,0.41756999827928154,0.02134670800000027
4,200,17,Random Sampling,7.34272139350503,1.5463591135232928,0.3982068863246798,0.02602158400000043
4,200,17,Non-random,6.083535400579372,0.9303482587064678,0.4160143422156716,0.0326840000000006
4,200,17,CountSketch,5.916332681352198,0.8995929443690638,0.41452851082408937,0.01599583399999993
4,200,18,Random Projection,5.891672755406634,0.5845771144278606,0.5103674368426931,0.016268084000000016
4,200,18,Random Sampling,5.686503455540847,0.736318407960199,0.543516654031089,0.026107000000000546
4,200,18,Non-random,6.1887436303994665,0.5400271370420624,0.5089526013896959,0.03134191700000066
4,200,18,CountSketch,6.067412342824973,0.525101763907734,0.515908348274973,0.015925874999999756
4,200,19,Random Projection,6.368731495117675,0.7666214382632293,0.5064651871127435,0.017633416999999874
4,200,19,Random Sampling,7.251075613101986,0.9597467209407509,0.4991215759295166,0.02384324999999965
4,200,19,Non-random,6.588792542202729,0.7507914970601538,0.497480111964105,0.034505417000000094
4,200,19,CountSketch,6.3838492662089,0.8710990502035278,0.5022419165616457,0.01759550000000054
4,200,20,Random Projection,5.592749192360498,0.6598824061510629,0.4948784750361561,0.014993500000000104
4,200,20,Random Sampling,6.045365593210698,0.8864767073722297,0.46908637321626484,0.024403290999999605
4,200,20,Non-random,5.732452609949029,0.6302578018995929,0.49285316365537707,0.031145165999999946
4,200,20,CountSketch,5.705987210280417,0.6451831750339213,0.4957148209089971,0.014660249999999486
4,400,1,Random Projection,7.290855924045193,0.11979575805184603,0.5183952531195614,0.01981895800000011
4,400,1,Random Sampling,7.303750707212662,0.2918864324991583,0.5123231968903298,0.033818000000000126
4,400,1,Non-random,8.311668003624408,0.1272584446190102,0.5174067444916022,0.07967120799999972
4,400,1,CountSketch,7.182680978446079,0.1272584446190102,0.5185524965645241,0.020893499999999676
4,400,2,Random Projection,6.834374123825926,0.3373358770059477,0.4266113907774366,0.020168707999999924
4,400,2,Random Sampling,7.56469351666216,0.577432386937493,0.42342364972866936,0.030958207999999487
4,400,2,Non-random,7.998177622553428,0.3147233756031871,0.42705605010477066,0.07772612500000076
4,400,2,CountSketch,7.074988900044863,0.314611154752553,0.43275085196536556,0.024057707999999955
4,400,3,Random Projection,6.756256413358079,0.18768937268544494,0.5172575829518397,0.021450957999999964
4,400,3,Random Sampling,7.6686918857941615,0.38239254853551785,0.5190831730168772,0.030715666999999947
4,400,3,Non-random,7.765209115034195,0.15767029514083716,0.5150639582081437,0.0990385000000007
4,400,3,CountSketch,7.136674186255288,0.16513298170800134,0.516552979693877,0.023658874999999746
4,400,4,Random Projection,8.011477882585105,0.4803613511390416,0.4682297785581708,0.05322995800000019
4,400,4,Random Sampling,8.959030776722756,0.7277522163618,0.47644559452424806,0.04612395799999991
4,400,4,Non-random,8.948791905087578,0.4430479183032207,0.4717528278305937,0.0862142919999993
4,400,4,CountSketch,8.056887247322575,0.4728425541465604,0.48261302336940354,0.02751499999999929
4,400,5,Random Projection,7.0608562538032285,0.2171473459768825,0.4103543463776894,0.020873124999999604
4,400,5,Random Sampling,7.0211732341507025,0.36752328582650656,0.4033366666543598,0.030167124999999295
4,400,5,Non-random,7.668461700189804,0.22472225339468072,0.4096248233462773,0.0798680420000002
4,400,5,CountSketch,6.842944882627415,0.23218493996184492,0.4103245700729372,0.020610167000000068
4,400,6,Random Projection,8.226412948829262,0.6827516552575468,0.4334657660151264,0.02745183299999976
4,400,6,Random Sampling,9.452294020820883,0.7051958253843564,0.4273497438252801,0.04485404099999979
4,400,6,Non-random,9.193010176406062,0.5700258107956457,0.42732467462148666,0.08827599999999958
4,400,6,CountSketch,7.947086328346595,0.6976209179665582,0.43157561733811156,0.02885620800000055
4,400,7,Random Projection,8.33156978037973,0.3598361575580743,0.5309533543747348,0.024115250000000366
4,400,7,Random Sampling,8.874908435346839,0.4725620020199753,0.5314429699765686,0.03386662499999993
4,400,7,Non-random,9.250817076360649,0.3598922679833913,0.5303319899663401,0.08297333299999998
4,400,7,CountSketch,8.773227948403619,0.3674110649758725,0.5298232651690159,0.02074329099999961
4,400,8,Random Projection,7.991592752486607,0.4051172707889126,0.45139703049713764,0.02278887499999982
4,400,8,Random Sampling,8.877694697393157,0.539894512400404,0.4578321810086138,0.03398304200000002
4,400,8,Non-random,9.103003913317703,0.3975984737964314,0.4505634759823573,0.07995041599999997
4,400,8,CountSketch,8.065611742168246,0.4051733812142296,0.45306726018077104,0.023823874999999717
4,400,9,Random Projection,7.41959021498373,0.3746493098417686,0.5272153578246855,0.02165262499999976
4,400,9,Random Sampling,8.593895754318007,0.4871507126024015,0.5312688882086634,0.03176824999999894
4,400,9,Non-random,8.57196194321837,0.39731792166984625,0.5228052204512823,0.08040691599999938
4,400,9,CountSketch,7.939701044375368,0.3821119964089328,0.5302680682630065,0.020061542000000543
4,400,10,Random Projection,7.23113913008067,0.6819099988777915,0.5217214767281217,0.026658666999999525
4,400,10,Random Sampling,8.574600291312624,0.817023903041185,0.5198678287446354,0.040348917000001094
4,400,10,Non-random,8.057055928897448,0.5549321063853664,0.5202713377052717,0.08122949999999918
4,400,10,CountSketch,7.516173914147153,0.5471327572663001,0.5219298560569078,0.021761957999999026
4,400,11,Random Projection,7.619435794055944,0.5921333183705533,0.4902755180196151,0.02179612500000161
4,400,11,Random Sampling,8.245387309291967,0.6446526764672875,0.49143938074405896,0.03412195899999837
4,400,11,Non-random,8.264165006817592,0.509538772303894,0.488161068698282,0.08196433300000017
4,400,11,CountSketch,7.08318278241291,0.5471888676916171,0.4869202948326241,0.024755875000000316
4,400,12,Random Projection,7.662750634012766,0.20985299068566937,0.5176319124575253,0.02262529200000074
4,400,12,Random Sampling,7.952149443359268,0.32998541128941755,0.5141099157187204,0.03130608400000057
4,400,12,Non-random,8.5712429206828,0.20985299068566937,0.5177507902914841,0.0808515829999994
4,400,12,CountSketch,7.348946439907672,0.21737178767815057,0.5173144013610448,0.02377129100000097
4,400,13,Random Projection,7.284935636569867,0.4808102345415778,0.5298550031139043,0.024805332999999763
4,400,13,Random Sampling,10.295167320883435,0.6535742340926944,0.5210202196173512,0.037269874999999786
4,400,13,Non-random,8.405801815142619,0.4056783750420828,0.5293306544773748,0.08608916600000072
4,400,13,CountSketch,7.465128836038503,0.4207159690270452,0.5320843467024943,0.026208083000000215
4,400,14,Random Projection,6.267859297272181,0.20985299068566937,0.5144726101740326,0.02168729200000108
4,400,14,Random Sampling,6.960596068161733,0.2549096622152396,0.5119203880663652,0.027527584000001326
4,400,14,Non-random,7.426312370819919,0.18729659970822576,0.513367658737448,0.08034912499999969
4,400,14,CountSketch,6.235638665127644,0.18729659970822576,0.5150589650279951,0.021887083000001084
4,400,15,Random Projection,7.037854341802814,0.47951969475928624,0.5206941745829102,0.02446529200000036
4,400,15,Random Sampling,8.722677977346223,0.6520592526091348,0.5329638229118373,0.03951783299999967
4,400,15,Non-random,8.535950186299353,0.4119066322522725,0.521346239058664,0.08039704199999953
4,400,15,CountSketch,7.613809581114628,0.46442599034900683,0.5191479545079619,0.02514808399999957
4,400,16,Random Projection,8.331381996492732,0.43491190663225227,0.4165753167662304,0.021899250000000592
4,400,16,Random Sampling,8.801079066442288,0.49478173044551677,0.4184135438197679,0.035248291000000265
4,400,16,Non-random,9.055689179916453,0.41235551565480866,0.4152081498496617,0.08432291599999964
4,400,16,CountSketch,8.258304906682225,0.37481764111771965,0.4202296522228918,0.02257837500000015
4,400,17,Random Projection,7.622993463611589,0.2925036471776456,0.5127955460978866,0.022352249999999074
4,400,17,Random Sampling,8.120294109128086,0.4800807990124565,0.5122286011605623,0.032035833000000125
4,400,17,Non-random,9.185206098239076,0.25502188306587364,0.5139229060035002,0.07592962500000056
4,400,17,CountSketch,7.981270532503022,0.2850409606104814,0.5130820995810953,0.02237745799999935
4,400,18,Random Projection,7.784948111133375,0.6521153630344518,0.5433755169374935,0.022498791000000296
4,400,18,Random Sampling,10.00031639191639,0.8997306699584783,0.5457500851603838,0.0378664999999998
4,400,18,Non-random,8.859258655144545,0.6295589720570082,0.5395088773804897,0.08690054100000033
4,400,18,CountSketch,7.532648757139581,0.6146897093479968,0.5447741627557324,0.02581233399999938
4,400,19,Random Projection,6.876490527812184,0.1727639995511166,0.5250675336128019,0.022947415999999166
4,400,19,Random Sampling,6.771286286240021,0.32992930086410055,0.5193888143005262,0.03194487500000065
4,400,19,Non-random,7.52944201652119,0.1727639995511166,0.5233056295024738,0.07814058299999971
4,400,19,CountSketch,7.019722226983035,0.1575580742902031,0.5203453774680284,0.019265665999999015
4,400,20,Random Projection,6.779117979992484,0.22483447424531477,0.4068453586149907,0.0184781669999996
4,400,20,Random Sampling,7.451203604975585,0.3147233756031871,0.40438141097916236,0.027035666000001513
4,400,20,Non-random,7.678329037137992,0.21737178767815057,0.40676728596488265,0.07979720800000045
4,400,20,CountSketch,6.719525470230608,0.20227808326787117,0.4085767906394101,0.021018624999999957
4,600,1,Random Projection,10.766017807509769,0.51,0.5059297382430598,0.02789987499999924
4,600,1,Random Sampling,10.835605733131715,0.6649999999999999,0.499725978113957,0.06570679200000029
4,600,1,Non-random,11.646841925859341,0.425,0.5080286402220627,0.1819618330000008
4,600,1,CountSketch,10.157964376196688,0.42000000000000004,0.506626034677446,0.031190875000000062
4,600,2,Random Projection,8.636068939059928,0.14,0.4679336858514425,0.02565099999999987
4,600,2,Random Sampling,8.157057552380916,0.32,0.47300733768937486,0.05556791699999941
4,600,2,Non-random,9.607545495444452,0.16,0.46691886342159433,0.17600758300000052
4,600,2,CountSketch,7.676474485784393,0.16,0.4684953324127316,0.02804254199999967
4,600,3,Random Projection,9.92969404184509,0.225,0.5144034160239713,0.031915041999999616
4,600,3,Random Sampling,10.469178802534326,0.405,0.5140288012683494,0.06275158300000072
4,600,3,Non-random,10.896332410277903,0.22999999999999998,0.5146231723909314,0.19312070800000036
4,600,3,CountSketch,9.725835999950794,0.21500000000000002,0.514727486066647,0.03174829199999962
4,600,4,Random Projection,8.945935275680316,0.21000000000000002,0.5288176474349231,0.02636883400000123
4,600,4,Random Sampling,9.966181875776586,0.345,0.5262170777635596,0.05633345899999931
4,600,4,Non-random,10.638129505764725,0.19,0.5259191931616072,0.1818097500000011
4,600,4,CountSketch,8.357469273826691,0.195,0.5282686048628402,0.02620583299999879
4,600,5,Random Projection,8.647566411466991,0.30000000000000004,0.48657295628752173,0.02666683400000025
4,600,5,Random Sampling,10.893586979035293,0.41,0.4890030412312807,0.056829083000000225
4,600,5,Non-random,10.557565506511212,0.265,0.4872548099122735,0.1797142909999998
4,600,5,CountSketch,8.467741645556604,0.26,0.4877177927264572,0.02633695799999991
4,600,6,Random Projection,8.079126222806483,0.07500000000000001,0.4849013723865272,0.023500166999999905
4,600,6,Random Sampling,8.822259868585006,0.155,0.48350055507984835,0.0486167910000006
4,600,6,Non-random,9.725581936739637,0.08499999999999999,0.48343296334041597,0.17949641700000107
4,600,6,CountSketch,8.867934533343064,0.07500000000000001,0.484753359859795,0.02272341599999983
4,600,7,Random Projection,8.286711663775087,0.195,0.4403257416022071,0.024311916000000267
4,600,7,Random Sampling,8.878962671117154,0.39,0.44026027330982515,0.05530883299999978
4,600,7,Non-random,9.597457635707116,0.20500000000000002,0.43963217864255616,0.17759016599999988
4,600,7,CountSketch,8.560666373514886,0.2,0.441196792797798,0.027466666000000473
4,600,8,Random Projection,8.479116192947284,0.135,0.4362185482559683,0.0255450830000008
4,600,8,Random Sampling,9.345512976769506,0.275,0.43890072023019233,0.05031862500000095
4,600,8,Non-random,9.951380467382663,0.14,0.43490175924180335,0.18972733400000052
4,600,8,CountSketch,8.263876924834685,0.13,0.4368712040294075,0.025612666999997202
4,600,9,Random Projection,8.663560791424727,0.235,0.4447280924629014,0.026497916000000288
4,600,9,Random Sampling,9.208197057882554,0.365,0.4447114520475992,0.06106020800000067
4,600,9,Non-random,10.348858962849542,0.195,0.44522475686267476,0.17796358300000037
4,600,9,CountSketch,8.420886142318922,0.195,0.44473939877104285,0.03181683400000068
4,600,10,Random Projection,9.155669789216928,0.6000000000000001,0.4811705934688726,0.03388229200000126
4,600,10,Random Sampling,11.671904283183066,0.75,0.47993588269376536,0.07112783300000203
4,600,10,Non-random,10.986209255350236,0.53,0.48153794233999186,0.1747074590000004
4,600,10,CountSketch,8.898262087828115,0.5700000000000001,0.48594299862901474,0.03796324999999712
4,600,11,Random Projection,8.744457305230032,0.42500000000000004,0.49210684819710176,0.03117316599999853
4,600,11,Random Sampling,10.734201261380115,0.6799999999999999,0.4872943033710256,0.07704291699999999
4,600,11,Non-random,10.615863170596482,0.385,0.48971802691248284,0.176922832999999
4,600,11,CountSketch,8.863084436539888,0.395,0.4928885388363127,0.029453666999998518
4,600,12,Random Projection,8.158940981059965,0.205,0.48563664828941366,0.02435679100000243
4,600,12,Random Sampling,9.45504899310275,0.31,0.48892149274437935,0.06084758300000104
4,600,12,Non-random,10.575319181477717,0.185,0.48541305028096515,0.1762933750000002
4,600,12,CountSketch,8.917029110018131,0.205,0.4859046445621732,0.024981374999999417
4,600,13,Random Projection,8.604281637429882,0.05,0.41806173411674663,0.022682749999997753
4,600,13,Random Sampling,8.63803381488968,0.12,0.4177459817134871,0.04907879100000301
4,600,13,Non-random,9.882200887159186,0.05,0.41634453764938856,0.17656916700000025
4,600,13,CountSketch,8.840506840839344,0.04,0.4193247372845507,0.021960875000001323
4,600,14,Random Projection,9.402607232363277,0.355,0.5417729981237724,0.02804720900000035
4,600,14,Random Sampling,10.078726297950606,0.5650000000000001,0.5466087791801776,0.061043334000000726
4,600,14,Non-random,10.680939509828201,0.37,0.5401545033187686,0.1782623749999992
4,600,14,CountSketch,9.251100897889064,0.385,0.5430324106239665,0.0302529170000021
4,600,15,Random Projection,8.973083790753009,0.42500000000000004,0.45855389293762655,0.0275912500000004
4,600,15,Random Sampling,9.608765246155153,0.445,0.45620396276528746,0.06411129099999968
4,600,15,Non-random,10.268168118920324,0.395,0.4566480989975737,0.18349366700000047
4,600,15,CountSketch,8.45855647471799,0.41000000000000003,0.45969804910335693,0.02806933300000125
4,600,16,Random Projection,9.613251592455217,0.52,0.41500959827924744,0.028289458999999795
4,600,16,Random Sampling,11.389167154941799,0.715,0.4175639653169789,0.06055408399999962
4,600,16,Non-random,11.300131354890175,0.45499999999999996,0.41639961383690377,0.17757283299999926
4,600,16,CountSketch,10.014310749912417,0.54,0.41899504406547433,0.038504292000002494
4,600,17,Random Projection,9.262387941235115,0.24,0.5002696589806783,0.02533829099999707
4,600,17,Random Sampling,10.221647334825237,0.34,0.49776536441340613,0.060787832999999125
4,600,17,Non-random,10.460251972557465,0.22999999999999998,0.4972246534887717,0.18116975000000224
4,600,17,CountSketch,9.107490873659463,0.22499999999999998,0.4982611910265412,0.02702108400000114
4,600,18,Random Projection,10.457290109275784,0.6100000000000001,0.4419148127248444,0.03382570800000195
4,600,18,Random Sampling,12.179946479636007,0.8,0.43804169024062567,0.06989291600000058
4,600,18,Non-random,11.298515583069523,0.62,0.4386844140724056,0.1797841670000011
4,600,18,CountSketch,8.965352011269587,0.71,0.44839709302081227,0.036616625000000624
4,600,19,Random Projection,8.253740849153871,0.27499999999999997,0.4605826621061588,0.025328666000000055
4,600,19,Random Sampling,9.431488636860328,0.41000000000000003,0.4590911479184944,0.054368874999997985
4,600,19,Non-random,9.599153826273126,0.27,0.4597210384584628,0.1778146249999999
4,600,19,CountSketch,8.19494310915003,0.245,0.45858311215234965,0.029340624999999676
4,600,20,Random Projection,9.14653407195593,0.20500000000000002,0.5173772287754113,0.026402583999999507
4,600,20,Random Sampling,10.381514889845821,0.335,0.5206374279253276,0.05344387499999925
4,600,20,Non-random,11.024489528458755,0.19,0.5179589247178685,0.1809831250000009
4,600,20,CountSketch,8.83902939141917,0.185,0.5190205710253907,0.030994875000001088
4,800,1,Random Projection,9.275194207784246,0.1951226380558137,0.49556434563937646,0.02765125000000168
4,800,1,Random Sampling,11.257408174403569,0.28889639829911856,0.4971214449024292,0.06232695799999988
4,800,1,Non-random,11.923281568192,0.18005688378248993,0.4954053779959843,0.2627842499999993
4,800,1,CountSketch,9.037037604033944,0.1650474500858889,0.4955185152423839,0.030688958000002486
4,800,2,Random Projection,10.106061146905198,0.23986933626200332,0.49223007684383024,0.0317029170000005
4,800,2,Random Sampling,11.815380201656591,0.39372307172425447,0.4873281007158044,0.07282975000000036
4,800,2,Non-random,13.052631630203106,0.22111458421334235,0.4927396141618032,0.25474620800000025
4,800,2,CountSketch,10.627628606387825,0.22487398270958295,0.49309233736893027,0.03237908399999867
4,800,3,Random Projection,9.939130726101691,0.13498634226014475,0.5133561872534804,0.030775874999999786
4,800,3,Random Sampling,12.153662929707062,0.28498211821689057,0.5165464188888853,0.0687738340000017
4,800,3,Non-random,12.369897421601927,0.1274957055560249,0.5129830214566495,0.27825024999999926
4,800,3,CountSketch,10.199092304126182,0.13875982090056602,0.5143227274914473,0.031369041000001374
4,800,4,Random Projection,9.002198243447834,0.11996282841936301,0.48116040154261314,0.029335459000002118
4,800,4,Random Sampling,10.908106729258254,0.23626481935175014,0.48403781896538167,0.06831941699999788
4,800,4,Non-random,11.694277272644431,0.12370814677142293,0.4805877057652335,0.2590286249999991
4,800,4,CountSketch,9.487581538855244,0.12373630705978428,0.48198038152213624,0.0318693329999995
4,800,5,Random Projection,10.381452243038215,0.11635831150910986,0.5087654923054855,0.03255133299999713
4,800,5,Random Sampling,11.618307351385166,0.25145729492269997,0.5071463510685225,0.07345562500000113
4,800,5,Non-random,12.478459589867736,0.12386302835741037,0.5090079300201197,0.2478594170000008
4,800,5,CountSketch,10.900928145502817,0.1239052687899524,0.5104587262016888,0.030625791999998597
4,800,6,Random Projection,9.994200488691304,0.10875503365154458,0.4958180495066979,0.03599533299999891
4,800,6,Random Sampling,10.837149564991803,0.26622736616822956,0.49252295374980576,0.07274058399999817
4,800,6,Non-random,12.12642625830737,0.09749091830700346,0.49522430273113477,0.2510431249999989
4,800,6,CountSketch,9.810938032666371,0.10875503365154458,0.4953124776701234,0.029330083000001395
4,800,7,Random Projection,10.24395451056937,0.08624088310664302,0.48129194309725526,0.024901625000001815
4,800,7,Random Sampling,11.932811316539341,0.20993494973388527,0.48084351999739905,0.05919504099999884
4,800,7,Non-random,12.943488640383883,0.09749091830700346,0.4809104091269868,0.27627700000000033
4,800,7,CountSketch,10.84164050625869,0.09374559995494354,0.48218989442272897,0.03172812500000077
4,800,8,Random Projection,10.801609615294133,0.04878769958604376,0.5039042713824868,0.028856583999999685
4,800,8,Random Sampling,10.599210511037178,0.12006138942862775,0.5051321562866691,0.0719808329999978
4,800,8,Non-random,12.093879681775839,0.05254709808228436,0.503346461030784,0.25514020800000026
4,800,8,CountSketch,9.937306770459609,0.04878769958604376,0.5041628273762594,0.03058870800000335
4,800,9,Random Projection,10.407389368179961,0.1875897609191518,0.5300486136260618,0.11890041700000253
4,800,9,Random Sampling,11.330930479558802,0.30746810847343076,0.5327264795941354,0.07840216700000013
4,800,9,Non-random,12.501711183494876,0.16130213173382896,0.5303579693607334,0.25516812500000086
4,800,9,CountSketch,9.997581054550405,0.1838303624229112,0.5311126627695658,0.03914016700000289
4,800,10,Random Projection,9.723240750010788,0.08241108388949903,0.49682182432276545,0.03841316699999808
4,800,10,Random Sampling,10.712764193694895,0.1649629692208048,0.5008662680200991,0.0658660839999996
4,800,10,Non-random,12.213422495469837,0.0936470389456788,0.4967409810130591,0.2643209159999991
4,800,10,CountSketch,10.18519968501289,0.0936470389456788,0.4971744696571271,0.026835957999999493
4,800,11,Random Projection,9.633935296978587,0.17628340514206864,0.46778795399577855,0.03185608399999751
4,800,11,Random Sampling,12.539135461294427,0.3524682492748725,0.46651294296652224,0.06453287500000471
4,800,11,Non-random,13.245318765787733,0.14627861789304722,0.46641767538689255,0.2621205419999981
4,800,11,CountSketch,9.970172941584382,0.20252879389484948,0.46688194164770136,0.030635416000002635
4,800,12,Random Projection,9.722574734979569,0.13125510405226548,0.5277262893776565,0.03409420799999907
4,800,12,Random Sampling,11.95001994394148,0.22124130551096843,0.5301265136796196,0.06792583299999677
4,800,12,Non-random,13.245229908142438,0.11248627185942384,0.5266318486266572,0.25796979200000436
4,800,12,CountSketch,10.944639467942608,0.12370814677142294,0.5271072474687529,0.033592917
4,800,13,Random Projection,10.51684840283937,0.10498155501112331,0.47195394224690784,0.03169237500000577
4,800,13,Random Sampling,11.712013590877634,0.26253836839289235,0.4743014194343296,0.06184991700000353
4,800,13,Non-random,13.20095678694011,0.11624567035566444,0.47135121633381977,0.25490245799999656
4,800,13,CountSketch,10.669399711829035,0.12000506885190504,0.47332803055022094,0.032299041000001694
4,800,14,Random Projection,10.93674499903372,0.34149981695812565,0.40114425763530953,0.03574941699999812
4,800,14,Random Sampling,12.905863212640776,0.4278955816507561,0.3920727524183316,0.07958412499999667
4,800,14,Non-random,13.259713109156143,0.2888823181549379,0.39937197965842564,0.256635916999997
4,800,14,CountSketch,11.445704006014026,0.341485736813945,0.4001546664695384,0.03390445899999861
4,800,15,Random Projection,10.448738387922972,0.2401086987130748,0.40079712545386437,0.0327459159999961
4,800,15,Random Sampling,12.289358040238533,0.38274055926332684,0.39737492924074913,0.0837547499999971
4,800,15,Non-random,12.56695346703415,0.2176086283123539,0.39828521697317854,0.24843974999999574
4,800,15,CountSketch,9.6316012743438,0.21766494888907661,0.3994958351060888,0.03299854200000141
4,800,16,Random Projection,10.857793835984051,0.28872743656895045,0.44403609367732444,0.030652334000002668
4,800,16,Random Sampling,13.261440876992511,0.44248261102193687,0.4406661563399895,0.07586829200000267
4,800,16,Non-random,14.080547186271637,0.2774914815127707,0.4438559601211549,0.25654395899999827
4,800,16,CountSketch,11.414819635094887,0.30746810847343076,0.4426713533686108,0.03377683299999745
4,800,17,Random Projection,10.839572694824387,0.3112275069696714,0.4697838470645635,0.03302679200000114
4,800,17,Random Sampling,11.178215220200727,0.42743093689279377,0.47394444357812193,0.07024554099999847
4,800,17,Non-random,12.819651541459738,0.27373208301653007,0.4694494932446537,0.2571387079999994
4,800,17,CountSketch,9.952971844085608,0.33367125679366955,0.47202746699116155,0.03205287499999798
4,800,18,Random Projection,8.716980264385333,0.30393399228408097,0.4492534297058425,0.030849333999995565
4,800,18,Random Sampling,11.117376002047013,0.457618766016164,0.4463569754100378,0.07892291599999623
4,800,18,Non-random,12.533543212731278,0.3001605136436597,0.44679753597613064,0.2525578749999937
4,800,18,CountSketch,9.280342784259393,0.31512770690771874,0.44716965758250116,0.030588332999997192
4,800,19,Random Projection,9.639530380152406,0.16893356987975555,0.5007504815831785,0.028059625000004473
4,800,19,Random Sampling,12.252191622124554,0.2514009743459773,0.505043964940467,0.06054958299999669
4,800,19,Non-random,13.371287760697717,0.15764129424685308,0.49794713921414535,0.2617074580000036
4,800,19,CountSketch,10.663659050257735,0.13887246205401144,0.5011919668418364,0.029771624999995083
4,800,20,Random Projection,10.300469466024612,0.07118920897749993,0.503054291194556,0.030763499999999055
4,800,20,Random Sampling,11.056855820338159,0.19113795725268226,0.5038900404763527,0.06390087500000163
4,800,20,Non-random,13.06685901501625,0.06369857227338008,0.5031152342074043,0.25197904099999846
4,800,20,CountSketch,11.218856224561797,0.07493452732955985,0.5040227693367885,0.028059208999998475
4,1000,1,Random Projection,10.592492643206262,0.1559403715092338,0.4997238447653754,0.0334927920000041
4,1000,1,Random Sampling,12.659563610972429,0.2639945334556113,0.49850998994220413,0.08144495899999527
4,1000,1,Non-random,14.038512396296468,0.16198234162306022,0.49853727512421664,0.3421923340000035
4,1000,1,CountSketch,10.751531110168747,0.17099135063206922,0.49885657731318234,0.033035042000001624
4,1000,2,Random Projection,9.040689510066953,0.059943176709643775,0.5042409786122051,0.028094457999998212
4,1000,2,Random Sampling,10.520788832141449,0.12594630558702416,0.5048294938995236,0.07363179099999684
4,1000,2,Non-random,12.389564780384227,0.06294617971264678,0.5039864958328619,0.31942633299999557
4,1000,2,CountSketch,9.283115920015515,0.07194619769470069,0.5042068863254652,0.03137674999999973
4,1000,3,Random Projection,10.421486358858711,0.030003056949164733,0.4924257432680458,0.02881070899999827
4,1000,3,Random Sampling,12.099620401692544,0.0960421499343655,0.49563869539197863,0.08684124999999909
4,1000,3,Non-random,13.645285780763075,0.03299706892521264,0.49134716150325397,0.30422308300000367
4,1000,3,CountSketch,10.585526652403328,0.03299706892521264,0.49205633899023044,0.0391542919999992
4,1000,4,Random Projection,10.425978158268684,0.10797324270378163,0.40730650844956906,0.036214832999995394
4,1000,4,Random Sampling,11.804567217060153,0.19794644944345544,0.40882231521512546,0.07368191599999818
4,1000,4,Non-random,13.162446911340307,0.10196723669777563,0.40610467680843526,0.33392904100000464
4,1000,4,CountSketch,10.462258361453584,0.0929852007696319,0.40769199426109737,0.03521624999999773
4,1000,5,Random Projection,9.792993228541533,0.041952131772491054,0.5117769791563302,0.0378152500000013
4,1000,5,Random Sampling,11.019254341816364,0.10492528456600313,0.511896785849506,0.07072404199999482
4,1000,5,Non-random,12.903865727091166,0.04494614374853896,0.5109018781518944,0.3501109579999948
4,1000,5,CountSketch,10.13463965107754,0.04494614374853896,0.5117506046024978,0.031509332999995365
4,1000,6,Random Projection,11.469136162039836,0.10494326661991332,0.5163370620660566,0.03723933399999879
4,1000,6,Random Sampling,13.105004749468467,0.20388951826077573,0.5140022820222201,0.08088012500000019
4,1000,6,Non-random,14.405688845486054,0.0749492006977037,0.5131319593860515,0.3504885420000008
4,1000,6,CountSketch,10.487253226219586,0.0809462156767546,0.5151173968203042,0.03660924999999793
4,1000,7,Random Projection,11.638437092613646,0.15593138048227867,0.4972556658158836,0.03456354200000078
4,1000,7,Random Sampling,12.873457578088678,0.2729406052759346,0.49910009717622994,0.07753408399999984
4,1000,7,Non-random,15.096564141850267,0.14394634155113198,0.49727856347178656,0.3223635000000016
4,1000,7,CountSketch,12.311418812870377,0.15292837747927568,0.49762441481216263,0.033625416999996105
4,1000,8,Random Projection,10.670631539591643,0.01800003596410782,0.5038557233852202,0.030236625000000572
4,1000,8,Random Sampling,11.949073868889387,0.0839492186797576,0.5054626630337159,0.06847304200000082
4,1000,8,Non-random,13.504280555591649,0.011994029958101815,0.5028566597893696,0.318096790999995
4,1000,8,CountSketch,10.682786090820748,0.014997032961104818,0.5037967005155498,0.03264033300000335
4,1000,9,Random Projection,11.932112199568948,0.07493121864379348,0.5126893959746323,0.03380612500000524
4,1000,9,Random Sampling,13.515723908752319,0.1559403715092338,0.5095345363370674,0.07720112499999487
4,1000,9,Non-random,15.225140483962804,0.0839222455988923,0.5125052184175952,0.31657966600000265
4,1000,9,CountSketch,11.510417498613727,0.0839402276528025,0.5123730734025883,0.03547712499999989
4,1000,10,Random Projection,9.355553768962302,0.015006023988059915,0.4925655689632276,0.027018124999997895
4,1000,10,Random Sampling,11.882244360421778,0.04502706299113485,0.4942821685104026,0.06203054099999861
4,1000,10,Non-random,13.065071869186514,0.015006023988059915,0.4913334325837352,0.30937616599999984
4,1000,10,CountSketch,9.355879835367922,0.015006023988059915,0.4925787795158912,0.031147834000002206
4,1000,11,Random Projection,10.840031094658249,0.07200014385643128,0.4604952256094987,0.0322817079999993
4,1000,11,Random Sampling,11.417392862507466,0.12605419791048533,0.4590554685526388,0.07426974999999914
4,1000,11,Non-random,13.49328814273758,0.06900613188038338,0.45908872031420545,0.33413374999999945
4,1000,11,CountSketch,11.023628592044812,0.06900613188038338,0.4596706962594959,0.031473708000000045
4,1000,12,Random Projection,9.689643906370943,0.05998813184441927,0.4529856960865678,0.029283458000001872
4,1000,12,Random Sampling,12.794790892967374,0.12596428764093437,0.45177157495181897,0.0688750409999983
4,1000,12,Non-random,13.943640498061312,0.056994119868371364,0.4526049531895435,0.32732383300000123
4,1000,12,CountSketch,10.016421021986332,0.05400010789232346,0.4535017032992852,0.035226000000001534
4,1000,13,Random Projection,10.889111422082902,0.0779701857546169,0.45287038227207976,0.03326995800000532
4,1000,13,Random Sampling,12.219827613166865,0.1799284314254374,0.4511677072066262,0.08104970800000189
4,1000,13,Non-random,13.637870913906788,0.06295517073960187,0.4504427810379187,0.31094545799999906
4,1000,13,CountSketch,11.151062885980707,0.07197317077556599,0.452749245638335,0.03451591700000023
4,1000,14,Random Projection,9.642864359788858,0.07200913488338638,0.4619243395310595,0.029893500000000017
4,1000,14,Random Sampling,12.174509097240673,0.15300929672187158,0.4649227986946075,0.0783252499999989
4,1000,14,Non-random,13.478254767985653,0.06300012587437737,0.46207700588236267,0.3222062499999936
4,1000,14,CountSketch,10.358642004838806,0.06599413785042527,0.4625281988271586,0.03277870799999505
4,1000,15,Random Projection,10.214317863763789,0.1020751290212368,0.5164154312310791,0.03251120899999904
4,1000,15,Random Sampling,11.78015189549523,0.2101472730215245,0.5184692977607039,0.07021312500000221
4,1000,15,Non-random,13.23307020130893,0.09006311700922479,0.5148908815951325,0.3193390830000027
4,1000,15,CountSketch,8.917800296356505,0.0990721260182338,0.515177472127745,0.03628058299999992
4,1000,16,Random Projection,9.344638248008422,0.012003020985056914,0.4689955838286435,0.027284166999997694
4,1000,16,Random Sampling,9.591486105118502,0.047994101886317454,0.4702344373355679,0.06014666700000504
4,1000,16,Non-random,12.036377684678918,0.009009009009009009,0.4676977051394871,0.33317291699999885
4,1000,16,CountSketch,9.29951124873556,0.009009009009009009,0.46901258267211915,0.030315708000003383
4,1000,17,Random Projection,10.995880154422448,0.0930751110391829,0.45851995778337884,0.03207654199999865
4,1000,17,Random Sampling,11.784667481261625,0.1710902519285753,0.4596326568721563,0.075419832999998
4,1000,17,Non-random,13.820775114164128,0.0930751110391829,0.4571007858231324,0.31248541699999777
4,1000,17,CountSketch,10.85733582351877,0.0990811170451889,0.45879333172557124,0.03251141700000204
4,1000,18,Random Projection,10.034891608336416,0.09593425761090432,0.41299631868516784,0.03175174999999797
4,1000,18,Random Sampling,11.384653464874555,0.20998543453633273,0.4106624552882912,0.07591337499999895
4,1000,18,Non-random,13.647336990498916,0.09893726061390731,0.41293664933489244,0.3183697920000057
4,1000,18,CountSketch,9.636946521342235,0.10794626962291634,0.4130104063055054,0.034440500000002316
4,1000,19,Random Projection,10.325206355350922,0.08688928449407493,0.4469292387882837,0.03405783299999854
4,1000,19,Random Sampling,12.137561984367311,0.19488950027872182,0.4482757701979475,0.08318441699999823
4,1000,19,Non-random,13.655217237522045,0.08689827552103001,0.444907968079261,0.324267791000004
4,1000,19,CountSketch,10.527794771934715,0.0869162575749402,0.44526532798723983,0.037899708999994175
4,1000,20,Random Projection,10.296228711890636,0.021003038967110824,0.4741872717584357,0.03322195799999861
4,1000,20,Random Sampling,12.126103028381806,0.0809372246497995,0.4717447451637062,0.06165358399999832
4,1000,20,Non-random,13.604536269566797,0.021003038967110824,0.4733993945840121,0.3193073329999976
4,1000,20,CountSketch,10.82075740395878,0.021003038967110824,0.4741665110706563,0.03493404099999964
4,1200,1,Random Projection,9.965859295106227,0.01,0.5289740503305705,0.03604233400000112
4,1200,1,Random Sampling,11.73458949161152,0.042499999999999996,0.5302888842123051,0.07866366600001129
4,1200,1,Non-random,14.179112121805769,0.01,0.5281128366133315,0.48254762499999515
4,1200,1,CountSketch,9.732354857553286,0.01,0.5289934763747742,0.03556083399999466
4,1200,2,Random Projection,11.943011193892136,0.04,0.4930070951179194,0.03770304199998975
4,1200,2,Random Sampling,13.971881381211682,0.16,0.49289110429162,0.0804181669999906
4,1200,2,Non-random,16.709973666944606,0.045,0.4922916163185455,0.4568423750000079
4,1200,2,CountSketch,10.526205663149183,0.047499999999999994,0.49345684933315864,0.03688837499998954
4,1200,3,Random Projection,10.969706891933097,0.18000000000000002,0.4364514615745216,0.03595349999999087
4,1200,3,Random Sampling,12.864628213934726,0.3025,0.4350461186434744,0.086817417000006
4,1200,3,Non-random,15.017895593304877,0.175,0.43592652460799053,0.45573854200000596
4,1200,3,CountSketch,11.263432346206633,0.1875,0.43757506636890653,0.03834770799998921
4,1200,4,Random Projection,11.352477766144471,0.4175,0.41790919761739664,0.04292954199999599
4,1200,4,Random Sampling,15.580370002394783,0.4325,0.41442294534948243,0.10276274999999657
4,1200,4,Non-random,15.530462926404388,0.345,0.415701454914078,0.4483157089999992
4,1200,4,CountSketch,11.070925634209233,0.3875,0.4186115605900252,0.03932295799999963
4,1200,5,Random Projection,10.903283145232251,0.1,0.44793959415512047,0.03430662499999926
4,1200,5,Random Sampling,13.032730455817532,0.225,0.44970118800676756,0.08382766700000843
4,1200,5,Non-random,15.957768863478918,0.1,0.44761861234278943,0.44095045900000684
4,1200,5,CountSketch,11.987031968104093,0.10250000000000001,0.44833014589934383,0.03739558299999146
4,1200,6,Random Projection,10.109762038803717,0.025,0.510656895791369,0.03294637499999453
4,1200,6,Random Sampling,13.57050442518988,0.0625,0.5100634234907803,0.07912154199999577
4,1200,6,Non-random,14.971550989619292,0.025,0.5107443542802179,0.47654066699999476
4,1200,6,CountSketch,10.949616166041196,0.022500000000000003,0.5103237839921831,0.03417383299999699
4,1200,7,Random Projection,11.708651350054902,0.1125,0.491970009752296,0.035201084000007654
4,1200,7,Random Sampling,14.149559781298104,0.2,0.4918203277938471,0.07933375000000353
4,1200,7,Non-random,14.920596150152441,0.1175,0.4903605675408635,0.4563638750000081
4,1200,7,CountSketch,10.810716611441412,0.1325,0.49170018845254637,0.037564625000001683
4,1200,8,Random Projection,9.57899642664908,0.0325,0.47040165427359976,0.0308745420000065
4,1200,8,Random Sampling,12.12270734824844,0.075,0.4693765457322536,0.07017099999998777
4,1200,8,Non-random,14.439227274320581,0.0325,0.46964277557344913,0.46499995799999283
4,1200,8,CountSketch,10.649235372210562,0.035,0.4698681040393024,0.035517457999986846
4,1200,9,Random Projection,11.456073344457174,0.08,0.4813360636965169,0.03344708399998808
4,1200,9,Random Sampling,14.17051083638785,0.21000000000000002,0.4791054283057017,0.08514800000000378
4,1200,9,Non-random,16.751955333787837,0.08249999999999999,0.4812791110078179,0.4537700409999985
4,1200,9,CountSketch,11.287145913496744,0.0825,0.479943355529446,0.03674833299999136
4,1200,10,Random Projection,10.831601058934558,0.105,0.47932075470303137,0.038137208999998506
4,1200,10,Random Sampling,13.318433836726404,0.195,0.4804081346213006,0.08239900000000944
4,1200,10,Non-random,15.4977920491749,0.09499999999999999,0.47917120160960625,0.4694049580000126
4,1200,10,CountSketch,10.621755521357326,0.1075,0.47905242559688443,0.034981457999990084
4,1200,11,Random Projection,11.310146037594558,0.05,0.466930313547553,0.03556591699999956
4,1200,11,Random Sampling,13.190633856356596,0.095,0.467693259707878,0.07709941699999945
4,1200,11,Non-random,15.220376192503803,0.045,0.4660116797322527,0.4832091250000019
4,1200,11,CountSketch,13.330715174316083,0.045,0.46726402514803783,0.038731166000005146
4,1200,12,Random Projection,10.623007409089936,0.02,0.5090107802338765,0.03230329200000881
4,1200,12,Random Sampling,12.923310838125419,0.0675,0.5106511526909302,0.07331287499999917
4,1200,12,Non-random,15.618821919318675,0.02,0.5081098567289581,0.44574512499998775
4,1200,12,CountSketch,11.095918154227046,0.02,0.5090160214751848,0.03391404199999215
4,1200,13,Random Projection,11.597267266075125,0.1375,0.5004432755173881,0.03655516700000305
4,1200,13,Random Sampling,14.448603649564447,0.2625,0.5002017188896041,0.08934966600000394
4,1200,13,Non-random,16.78573468824677,0.15000000000000002,0.4995175771528516,0.4429832499999975
4,1200,13,CountSketch,12.543573298713468,0.14250000000000002,0.5011967596082822,0.03584420800000032
4,1200,14,Random Projection,11.198059417720897,0.0375,0.44276262776672004,0.03246912499999155
4,1200,14,Random Sampling,11.796386462377926,0.09000000000000001,0.44194776333737434,0.1203344159999915
4,1200,14,Non-random,14.92587178046357,0.04,0.44226252268797894,0.4831474579999906
4,1200,14,CountSketch,10.769967553176716,0.0425,0.44318454987900985,0.03660650000000487
4,1200,15,Random Projection,10.853204777356833,0.06,0.4722234066685664,0.03670504199999414
4,1200,15,Random Sampling,13.1525767358842,0.1625,0.4740695958930681,0.08042600000000277
4,1200,15,Non-random,15.566280092632576,0.0625,0.4718403577427259,0.4549992500000002
4,1200,15,CountSketch,11.995650205604052,0.0675,0.4719385057838802,0.03644108400000334
4,1200,16,Random Projection,11.291359301997879,0.10250000000000001,0.47839415506467037,0.03157429200000195
4,1200,16,Random Sampling,13.162185032551422,0.20750000000000002,0.479066706081959,0.0792969160000041
4,1200,16,Non-random,15.659027220437974,0.10500000000000001,0.47832097012149793,0.4351277500000066
4,1200,16,CountSketch,11.976241915520415,0.1,0.47850324561037616,0.034400624999989304
4,1200,17,Random Projection,10.836962396901338,0.005,0.49360800478381706,0.034394958000007136
4,1200,17,Random Sampling,11.789107883910145,0.027500000000000004,0.49393110846632265,0.07263891700000613
4,1200,17,Non-random,15.209264923717331,0.005,0.492871739101686,0.49616437500000643
4,1200,17,CountSketch,10.278240460317997,0.0025,0.4939138099664755,0.03169904199999962
4,1200,18,Random Projection,10.446649251547992,0.0625,0.48392163631898083,0.03160229099999867
4,1200,18,Random Sampling,12.641600435638004,0.14500000000000002,0.4848163978831297,0.08281495800000016
4,1200,18,Non-random,14.853744592363567,0.0625,0.4841199923730275,0.45315466699999263
4,1200,18,CountSketch,10.54917743185036,0.0675,0.48478425312164564,0.036533792000000176
4,1200,19,Random Projection,10.621619464692445,0.08249999999999999,0.5149423868688281,0.03489100000000178
4,1200,19,Random Sampling,12.979184746685634,0.14500000000000002,0.5152488119805478,0.08520124999999723
4,1200,19,Non-random,14.532297489184392,0.07750000000000001,0.5145916933354099,0.46347374999999147
4,1200,19,CountSketch,10.017039103186343,0.0775,0.5154468082141063,0.03552795800000297
4,1200,20,Random Projection,11.769960446279676,0.1375,0.44477499228930495,0.046481042000010575
4,1200,20,Random Sampling,13.510790466458026,0.2225,0.44683143115079094,0.08044599999999491
4,1200,20,Non-random,14.609297409872223,0.1375,0.44456525973591543,0.4379422499999919
4,1200,20,CountSketch,10.346008271574723,0.13999999999999999,0.4455540250744023,0.04273029099999803
5,200,1,Random Projection,5.917582444393831,0.7195838986883764,0.43448082805260985,0.015820875000002843
5,200,1,Random Sampling,5.62402377278022,0.8514246947082768,0.4771418298286006,0.02280487500000561
5,200,1,Non-random,5.995139898025801,0.7044323835368611,0.42769039516236645,0.029819833999994216
5,200,1,CountSketch,5.833955416516413,0.7797376752600633,0.42906331997745195,0.014002333999997063
5,200,2,Random Projection,5.898202995690646,0.9889190411578471,0.41522871355569696,0.014943416999997794
5,200,2,Random Sampling,7.155210878227944,1.3220262324739938,0.43259957070668315,0.024165666000001806
5,200,2,Non-random,5.91322139937508,0.9895974672094074,0.4295525839186212,0.02793904199999986
5,200,2,CountSketch,5.789785378856271,1.1090004522840344,0.4327729188632452,0.014985292000005757
5,200,3,Random Projection,5.7326177051985265,0.8254183627317955,0.49609379156601413,0.016708832999995593
5,200,3,Random Sampling,6.784208429685629,1.456354590682949,0.5191126239202324,0.022129707999994253
5,200,3,Non-random,5.850836967034288,0.8104929895974673,0.4973440767699653,0.031281665999998154
5,200,3,CountSketch,5.7765197573104645,0.9597467209407509,0.4947060582882432,0.01622762499999908
5,200,4,Random Projection,5.6557097299091685,0.7948891904115785,0.5294175651455432,0.01591933299999937
5,200,4,Random Sampling,6.194933385080006,0.9755766621438263,0.5096741750799578,0.023410708000000113
5,200,4,Non-random,5.794851044373528,0.7501130710085934,0.5083324065428507,0.02935512499999504
5,200,4,CountSketch,5.725217246171383,0.7650384441429218,0.5080187198329691,0.013995875000006208
5,200,5,Random Projection,5.533055749813183,1.0214834916327453,0.5200135103102955,0.015398417000000109
5,200,5,Random Sampling,6.966535227351711,1.335820895522388,0.5265090586242516,0.02567483300001072
5,200,5,Non-random,5.872795190475446,0.9916327453640887,0.5175766192198745,0.030045749999999316
5,200,5,CountSketch,5.540130710768789,1.0212573496155586,0.517731378527838,0.01766704099999572
5,200,6,Random Projection,5.279242167680744,1.1689280868385346,0.516596874304115,0.013869750000012004
5,200,6,Random Sampling,6.968390433974756,1.4990954319312528,0.5722185052748452,0.023472957999999267
5,200,6,Non-random,5.5007875711070735,1.15513342379014,0.5582774356471617,0.02979233300000317
5,200,6,CountSketch,5.431561353617891,1.1234735413839891,0.5170954538535086,0.016008833000000777
5,200,7,Random Projection,5.488687743328776,0.7333785617367706,0.5440948699669399,0.012912374999999088
5,200,7,Random Sampling,6.79742979879126,1.004296698326549,0.5510072765526501,0.024793832999989718
5,200,7,Non-random,5.774480184839133,0.7783808231569426,0.5386728913164597,0.02987241700000709
5,200,7,CountSketch,5.504873790829341,0.7336047037539574,0.5421048653783153,0.015277084000004493
5,200,8,Random Projection,4.89650132720668,0.8855721393034826,0.4674381900829007,0.014058750000003783
5,200,8,Random Sampling,6.085534486031947,0.9592944369063772,0.4528203150779555,0.023679749999999444
5,200,8,Non-random,5.117635108542382,0.9457259158751696,0.4626782958745284,0.0287976670000063
5,200,8,CountSketch,4.945287631452346,0.9147444595205789,0.4717967278997058,0.015030917000004251
5,200,9,Random Projection,4.950689030683092,0.8977838082315693,0.45418758967630957,0.014911541999993005
5,200,9,Random Sampling,6.887785422991938,1.3627317955676164,0.4677437407212853,0.025177459000005342
5,200,9,Non-random,5.344782609978024,0.8984622342831299,0.4542482861695064,0.029210416999987387
5,200,9,CountSketch,5.059071253640623,0.8233830845771144,0.4612007323034705,0.014446250000005989
5,200,10,Random Projection,5.400967692560152,1.0943012211668928,0.4539489238677776,0.014996791999990933
5,200,10,Random Sampling,6.2992962362226415,1.471732247851651,0.44953217811550383,0.024399000000002502
5,200,10,Non-random,6.0463732142692255,1.0938489371325193,0.45279645856905254,0.034210541999996735
5,200,10,CountSketch,5.582345835952163,1.1831750339213025,0.4544290052628701,0.015504999999990332
5,200,11,Random Projection,5.14925525736261,0.8233830845771144,0.45361305549855163,0.013089082999997004
5,200,11,Random Sampling,5.5551303987909595,0.8401175938489371,0.48565205725311794,0.022053708000001393
5,200,11,Non-random,5.30322483732038,0.7044323835368611,0.4402529916591582,0.028586124999989693
5,200,11,CountSketch,4.982156328353506,0.7939846223428313,0.444882581126946,0.015128165999996668
5,200,12,Random Projection,5.4451914810337385,0.6458616010854816,0.5316506834224554,0.0157577500000059
5,200,12,Random Sampling,5.822879064222156,0.6883763003165989,0.5170675699121565,0.019409874999993804
5,200,12,Non-random,5.742559237180121,0.6766169154228856,0.5292475936417942,0.029857542000002013
5,200,12,CountSketch,5.333216869580027,0.7213930348258706,0.5371484836251963,0.015036541000000625
5,200,13,Random Projection,5.513931839666375,1.2743102668475803,0.4740797953855175,0.014259709000000953
5,200,13,Random Sampling,6.538332679988725,1.3652193577566711,0.49252139612142437,0.024166708999999287
5,200,13,Non-random,5.606867563697251,0.9898236092265942,0.485388393245114,0.031271875000001614
5,200,13,CountSketch,5.305459312774445,0.8830845771144279,0.4616593722247549,0.01490400000000136
5,200,14,Random Projection,4.705128557819912,0.601763907734057,0.43137752456471856,0.013506583000008732
5,200,14,Random Sampling,4.865804886374945,0.7365445499773858,0.3981225573117986,0.02023183300001108
5,200,14,Non-random,4.852692885696528,0.5081411126187245,0.4277972838668274,0.02808933299999694
5,200,14,CountSketch,4.5998229273564055,0.5081411126187245,0.43674149715924837,0.013604833000002259
5,200,15,Random Projection,4.76096121643563,0.6748077792853913,0.4990386260332105,0.01513645800000063
5,200,15,Random Sampling,5.744163547428145,0.8118498417005879,0.4757558483491801,0.025970749999999043
5,200,15,Non-random,5.244578451007669,0.7048846675712347,0.5002632881639419,0.035544624999999996
5,200,15,CountSketch,4.594365486640285,0.7349615558570782,0.49606262744228885,0.016064083000003393
5,200,16,Random Projection,6.148040240707965,1.1239258254183626,0.5187245949825131,0.01942283400001088
5,200,16,Random Sampling,7.189350213382989,1.755088195386703,0.48755176942581485,0.030991416999995636
5,200,16,Non-random,6.296938371021123,1.5445499773857982,0.503335945778885,0.034007708999993724
5,200,16,CountSketch,6.180812455592618,1.1413387607417458,0.539897254292404,0.01949791699999537
5,200,17,Random Projection,5.335718010520595,1.0791497060153776,0.47457191414719574,0.019084040999999274
5,200,17,Random Sampling,7.038736576649301,1.634554500226142,0.49239617254986634,0.025850500000004217
5,200,17,Non-random,5.449720534971707,1.0945273631840795,0.4742212711641249,0.03279304199999444
5,200,17,CountSketch,5.280026074430101,1.2743102668475803,0.4804139061650058,0.018933667000013088
5,200,18,Random Projection,4.661483984634627,0.777928539122569,0.548819519678427,0.016604125000000636
5,200,18,Random Sampling,5.578221365029627,0.9418815015829941,0.5517699300974763,0.020496292000004246
5,200,18,Non-random,5.0156788438103765,0.8557213930348258,0.5309261089685554,0.031421374999993645
5,200,18,CountSketch,4.382745428057167,0.7783808231569426,0.5459812668333962,0.017709875000008424
5,200,19,Random Projection,4.589685225526595,0.6431478968792402,0.5139690582900757,0.01705712499999379
5,200,19,Random Sampling,4.66458001359628,0.9581637268204433,0.5111828511325497,0.024864667000002783
5,200,19,Non-random,4.955680861180053,0.6431478968792402,0.5085000921018558,0.03212629099999731
5,200,19,CountSketch,4.56387668539488,0.6431478968792402,0.5135596056779137,0.01645033399999818
5,200,20,Random Projection,6.274138977258724,1.1266395296246043,0.5455127449281512,0.018434666999993965
5,200,20,Random Sampling,7.311759008573169,1.3184079601990049,0.5104579782979578,0.024282708000001207
5,200,20,Non-random,6.386134285548251,1.0662596110357305,0.5502788756287852,0.03447287499999163
5,200,20,CountSketch,6.277910543942889,0.9918588873812755,0.5477421489166179,0.017081375000003618
5,400,1,Random Projection,7.019821821140104,0.8468185388845246,0.4435904415295834,0.026726708000012422
5,400,1,Random Sampling,9.942777748323786,1.1021770845023005,0.44589555189513247,0.04194366600000876
5,400,1,Non-random,8.405007464081457,0.8019301986309055,0.446318110203082,0.07408166700000152
5,400,1,CountSketch,7.372057862785027,1.1691729323308269,0.45655463562820836,0.03493212499999743
5,400,2,Random Projection,7.652430204484272,0.6678823925485355,0.4176083693614759,0.021630542000011133
5,400,2,Random Sampling,8.567860512130988,0.8250476938615194,0.42917877489454176,0.03853125000000546
5,400,2,Non-random,8.480533291838704,0.6002693300415216,0.4212101345888407,0.07563445799999613
5,400,2,CountSketch,7.688085940462321,0.6828638761081809,0.4138007406420322,0.022220958999994878
5,400,3,Random Projection,7.127101926476011,0.382673100662103,0.5472758503974235,0.021297165999996537
5,400,3,Random Sampling,7.2342797729040385,0.4497811693412636,0.5488167942172841,0.030646958999994922
5,400,3,Non-random,7.702738829840128,0.38261699023678597,0.5492403956846709,0.07495187499999645
5,400,3,CountSketch,6.961252017416211,0.3901357872292672,0.5469127928136894,0.021682584000004113
5,400,4,Random Projection,7.747930912088561,0.8257771293906407,0.4491826893904127,0.026459584000008363
5,400,4,Random Sampling,10.486105281709886,1.1484120749635283,0.44613282600020465,0.04917491700000198
5,400,4,Non-random,8.5170674395804,0.7655706430254741,0.44324910726788574,0.08236966600000528
5,400,4,CountSketch,7.571336269425435,0.9080350129053978,0.44639952018736767,0.029342792000008444
5,400,5,Random Projection,8.35844093668851,0.75810795645831,0.46546935748682117,0.02244274999999618
5,400,5,Random Sampling,8.095108739894137,0.7431264728986645,0.4770682666761234,0.03113458400000013
5,400,5,Non-random,8.946882331728801,0.6152508136011671,0.4530059241066276,0.07530712499999481
5,400,5,CountSketch,7.992558000757857,0.6075636853327349,0.4499441746073822,0.02362629199998878
5,400,6,Random Projection,7.596686482332284,0.2547974413646055,0.49650595009972887,0.018990625000000705
5,400,6,Random Sampling,7.765532931325453,0.33716754572999663,0.50299091862917,0.02718083400000637
5,400,6,Non-random,8.04749314191286,0.2547974413646055,0.49751398938587527,0.0733965000000012
5,400,6,CountSketch,7.604622684244656,0.24727864437212432,0.4971719486915535,0.02032358399999623
5,400,7,Random Projection,6.946766151829324,0.5773762765121759,0.46458166921062805,0.021533374999989974
5,400,7,Random Sampling,8.124411456176576,0.7646728762204017,0.4595005707245285,0.031877374999993435
5,400,7,Non-random,8.072696295779105,0.5926383121984065,0.44801293228042893,0.07291637499999126
5,400,7,CountSketch,7.420020133097447,0.5622264616765795,0.4668970836484124,0.02043054199999972
5,400,8,Random Projection,7.856575693493818,0.5177308944001795,0.5450398465275015,0.021107083999993392
5,400,8,Random Sampling,8.20066125829181,0.6372461003254404,0.5391090160410116,0.03369879199999559
5,400,8,Non-random,8.567019344915987,0.46521153630344514,0.5379761728576647,0.07938987500000394
5,400,8,CountSketch,7.742375302926477,0.532824598810459,0.5415728291453288,0.022186083999997663
5,400,9,Random Projection,8.337583709605731,0.8625294579732914,0.5328470912230273,0.02522116699999799
5,400,9,Random Sampling,9.676256159576214,1.2151273706654697,0.5438525198951394,0.04433954200000301
5,400,9,Non-random,8.654310383963505,0.7197284255414655,0.5348931083402718,0.08270420799999556
5,400,9,CountSketch,8.17786343683879,0.7874537088991134,0.5383912219193652,0.03317199999999332
5,400,10,Random Projection,6.8497893791621,0.41229940522949166,0.5365920238651875,0.020313333000004263
5,400,10,Random Sampling,7.603465350085412,0.6522275838850858,0.5324126161351683,0.02636875000000316
5,400,10,Non-random,7.363404127893496,0.41981820222197286,0.535291739427598,0.07430075000000613
5,400,10,CountSketch,7.008765201824973,0.4571316350577937,0.5347974532193958,0.022267749999997477
5,400,11,Random Projection,7.084992543729046,0.3376164291325328,0.5424590390542465,0.020642584000000852
5,400,11,Random Sampling,7.402157543703133,0.45017394231848273,0.5481270533122128,0.03181250000000091
5,400,11,Non-random,7.808813613445036,0.3752104140949388,0.5464731832895201,0.07677104200000429
5,400,11,CountSketch,7.1773937479574395,0.39771069464706543,0.5462253305884045,0.024495749999999816
5,400,12,Random Projection,7.818579432833827,0.6153630344518011,0.5105291565765425,0.027592334000004826
5,400,12,Random Sampling,8.927396187752066,0.8323420491527325,0.5101080923348726,0.03853341699999646
5,400,12,Non-random,8.50235505887619,0.607900347884637,0.5076087500273696,0.0795368329999917
5,400,12,CountSketch,7.772182843394657,0.6302884075861295,0.5094045398644689,0.025059458999990625
5,400,13,Random Projection,6.290039351564903,0.4575805184603299,0.4379344498589859,0.02428754100000674
5,400,13,Random Sampling,6.2580758854096254,0.6223207271911121,0.4230766138633808,0.03162045799999191
5,400,13,Non-random,6.667732210362923,0.47261811244529234,0.4371495751608592,0.07363937499999906
5,400,13,CountSketch,6.14336682058562,0.4650993154528111,0.43734267191788484,0.0238523339999972
5,400,14,Random Projection,8.223722085727138,0.6002132196162047,0.5484940515703921,0.02258958299999847
5,400,14,Random Sampling,8.764083391293177,0.9303669621815733,0.538393678611442,0.03635216700000399
5,400,14,Non-random,8.815738760836856,0.6076197957580518,0.5464094687536498,0.07978704199999243
5,400,14,CountSketch,7.963891933099242,0.6678823925485355,0.5522740345294006,0.02351579199999776
5,400,15,Random Projection,6.7696122064652515,0.42789810346762425,0.5225138514107729,0.018989916000009543
5,400,15,Random Sampling,7.560114014797993,0.577432386937493,0.5195307170459681,0.029310374999994337
5,400,15,Non-random,7.693227583810833,0.45791718101223206,0.5222903935410967,0.06887345799999878
5,400,15,CountSketch,6.743007517336681,0.45791718101223206,0.5225968222234252,0.021572582999993983
5,400,16,Random Projection,7.692966036814189,0.3900235663786331,0.5299442172039887,0.02023112499999513
5,400,16,Random Sampling,7.862072723448114,0.57748849736281,0.5323016424548768,0.030589625000004617
5,400,16,Non-random,8.383136015511063,0.38256087981146897,0.5266382618917237,0.07198045900000238
5,400,16,CountSketch,8.023913424022856,0.4200426439232409,0.527130740099345,0.021974584000005848
5,400,17,Random Projection,7.841752449283102,0.6670968465940972,0.5261573033908383,0.022447667000008664
5,400,17,Random Sampling,8.404127127106639,0.8618561328694871,0.5238696055422645,0.03334133299999564
5,400,17,Non-random,8.45444043098669,0.6447087868926047,0.527257404322729,0.07379112499999962
5,400,17,CountSketch,7.588372177174314,0.6001009987655707,0.5151055954754461,0.020602124999996363
5,400,18,Random Projection,6.917248657399797,0.5252496913926608,0.5044761682352308,0.020076708000004828
5,400,18,Random Sampling,7.804858423100956,0.6824711031309617,0.4900657279477613,0.0353240000000028
5,400,18,Non-random,8.336733794507616,0.4876557064302547,0.5033339531295032,0.07691870899999742
5,400,18,CountSketch,7.38266230571421,0.5778251599147122,0.5136479221264255,0.020413333999997008
5,400,19,Random Projection,7.64848136526454,0.5777690494893951,0.5477896005642958,0.019075833000002262
5,400,19,Random Sampling,8.640224436435881,0.7423970373695432,0.5452525767028529,0.0318117500000028
5,400,19,Non-random,8.460292454453526,0.5627875659297497,0.5467782274671615,0.07616062499999998
5,400,19,CountSketch,8.038575647556943,0.6154752553024352,0.5458311312326919,0.025493666999992115
5,400,20,Random Projection,7.288869726562376,0.7427336999214453,0.4667342983630595,0.02506341599999473
5,400,20,Random Sampling,9.62977097363788,0.8703288070923576,0.4494402301847007,0.035416416999993316
5,400,20,Non-random,8.800610468836737,0.690382673100662,0.4601719128552602,0.07358025000000623
5,400,20,CountSketch,8.335978994400945,0.7055324879362586,0.4626157018592073,0.02332049999999697
5,600,1,Random Projection,7.92439872556359,0.16,0.5326722948901265,0.026370624999998427
5,600,1,Random Sampling,9.008093347580965,0.355,0.5391882869303082,0.05825033300000371
5,600,1,Non-random,9.518953293117354,0.18000000000000002,0.5316919203709854,0.17258075000000872
5,600,1,CountSketch,8.44762683772604,0.165,0.5330308975703065,0.027963749999997844
5,600,2,Random Projection,9.491443079176522,0.37,0.5246051626876884,0.026047083999998222
5,600,2,Random Sampling,9.510555777640219,0.55,0.5189509713750374,0.05477249999999856
5,600,2,Non-random,10.651746140705335,0.36,0.5240209460995657,0.17722308300000122
5,600,2,CountSketch,9.99549645196441,0.35,0.5236186704509143,0.02383245800000111
5,600,3,Random Projection,8.213821031624057,0.455,0.5353636775427592,0.0282795839999892
5,600,3,Random Sampling,9.622491256133081,0.635,0.540243255030166,0.06918975000000671
5,600,3,Non-random,10.459045060250288,0.46,0.5326458560022085,0.1727289170000006
5,600,3,CountSketch,8.396676046163355,0.46,0.5353152324145586,0.028401708000004078
5,600,4,Random Projection,8.876375444600146,0.41000000000000003,0.4780112963514882,0.028133791000001906
5,600,4,Random Sampling,10.060321844740397,0.6,0.47711053968594297,0.0657728750000075
5,600,4,Non-random,10.170036412046095,0.385,0.476776532754404,0.1779149999999987
5,600,4,CountSketch,8.825602625743233,0.43500000000000005,0.47361011407093895,0.027766208000002734
5,600,5,Random Projection,8.91558118357107,0.48000000000000004,0.5121651562034368,0.028934457999994834
5,600,5,Random Sampling,9.169452517225817,0.615,0.5120724055894612,0.05831620899999734
5,600,5,Non-random,10.122443260714892,0.49,0.5111378733127365,0.17681595799999172
5,600,5,CountSketch,8.989981508412459,0.515,0.5124732097430078,0.027223249999991594
5,600,6,Random Projection,7.913930865417348,0.495,0.4828126134681276,0.025574583000008033
5,600,6,Random Sampling,9.632478883193016,0.5750000000000001,0.48635249452345863,0.05596337500000459
5,600,6,Non-random,9.29784010387213,0.42,0.48625872039975426,0.17974770899999726
5,600,6,CountSketch,8.358315872293923,0.49000000000000005,0.4870136963368708,0.030587124999996718
5,600,7,Random Projection,8.541661909082475,0.23500000000000001,0.48335732578084983,0.025819583000000534
5,600,7,Random Sampling,9.535984368850297,0.42500000000000004,0.48587264240428296,0.054365790999995056
5,600,7,Non-random,10.282277508743066,0.25,0.4828943250251421,0.17687775000000272
5,600,7,CountSketch,9.1597208151913,0.24,0.48352277702114743,0.02783008400000142
5,600,8,Random Projection,8.513818764220904,0.32,0.5052015369194566,0.026847457999991775
5,600,8,Random Sampling,9.158436131346978,0.475,0.4995256817462424,0.05819124999999303
5,600,8,Non-random,9.903483064014345,0.32,0.504479892178306,0.1812579170000106
5,600,8,CountSketch,8.890180988189575,0.31000000000000005,0.5040306822934197,0.02614395900000943
5,600,9,Random Projection,8.738560844954835,0.635,0.41973626674504566,0.02976250000000391
5,600,9,Random Sampling,9.798482291053338,0.76,0.416947733246936,0.06850366700000166
5,600,9,Non-random,9.754381674382216,0.59,0.4171586576028635,0.17734616600000663
5,600,9,CountSketch,8.486330214923335,0.635,0.4222749374004763,0.029314749999997503
5,600,10,Random Projection,9.478811165788715,0.37,0.5055166512238085,0.025646375000007993
5,600,10,Random Sampling,9.704416466415324,0.59,0.5060751697956947,0.06431195800000467
5,600,10,Non-random,10.800884217262041,0.36,0.5046415353361561,0.1759100000000018
5,600,10,CountSketch,8.300652612067749,0.38,0.5037755686557993,0.02847479199999725
5,600,11,Random Projection,8.323987220805645,0.385,0.5204105546921719,0.02743716600001278
5,600,11,Random Sampling,9.311450581851375,0.55,0.5163138641486935,0.06223783299999752
5,600,11,Non-random,10.197805788657494,0.39,0.5189531606225077,0.1782579580000032
5,600,11,CountSketch,8.515242397221453,0.385,0.5189251698020408,0.02661937500000988
5,600,12,Random Projection,8.461138175100496,0.20500000000000002,0.5330231608670923,0.023558542000003513
5,600,12,Random Sampling,8.583634247699855,0.35,0.5333242455389741,0.0526697089999999
5,600,12,Non-random,9.850657351515057,0.21000000000000002,0.5325784025339834,0.17609808400000304
5,600,12,CountSketch,8.3797732337489,0.21500000000000002,0.5331034531957688,0.026111749999998324
5,600,13,Random Projection,9.461689044586088,0.49,0.5276166505643767,0.02919170800001325
5,600,13,Random Sampling,11.059705695294701,0.665,0.5257747439858098,0.06085025000000144
5,600,13,Non-random,10.999573545087848,0.5,0.5262610461376712,0.17697066600000255
5,600,13,CountSketch,9.401766611259173,0.49500000000000005,0.5277854294855998,0.029351667000000248
5,600,14,Random Projection,9.018019988068755,0.31,0.47589193483418757,0.02617433300000016
5,600,14,Random Sampling,8.558118158544756,0.45500000000000007,0.48203821094146687,0.05455637500000421
5,600,14,Non-random,9.63155042615557,0.33,0.4786897636281431,0.17425070900000605
5,600,14,CountSketch,8.898745169331256,0.325,0.47640589023615315,0.030881082999997034
5,600,15,Random Projection,8.535124228657494,0.675,0.43363048764523027,0.03038066700000286
5,600,15,Random Sampling,10.388104390365786,0.7849999999999999,0.4304340751888477,0.05884233300000119
5,600,15,Non-random,10.0231251333112,0.645,0.43402119339451467,0.17746449999999925
5,600,15,CountSketch,8.46577696476885,0.7,0.4304491855207504,0.02924020899999391
5,600,16,Random Projection,8.357444279416468,0.495,0.47223568985360087,0.03005741599999112
5,600,16,Random Sampling,9.877698466794955,0.71,0.47418968201789297,0.06465158400000348
5,600,16,Non-random,10.220958968612027,0.495,0.47352912460287,0.17557479200000614
5,600,16,CountSketch,9.006845618368414,0.525,0.4720977438479265,0.027456250000000182
5,600,17,Random Projection,8.273149830457564,0.41999999999999993,0.493067482453447,0.024548207999998795
5,600,17,Random Sampling,8.958412069395902,0.55,0.5034373194475035,0.0639381659999998
5,600,17,Non-random,9.707963589690477,0.4,0.49556780248071786,0.17441929199999606
5,600,17,CountSketch,8.41249239113349,0.42,0.49749808264866713,0.027452416999992124
5,600,18,Random Projection,7.236629013005488,0.295,0.4960424951668266,0.027547250000012014
5,600,18,Random Sampling,8.702912226040953,0.475,0.4984116263115248,0.06179537500000265
5,600,18,Non-random,9.046854343823124,0.27,0.4955458413317668,0.17653745799999854
5,600,18,CountSketch,8.374714296432446,0.255,0.4955950990032419,0.02669133300000226
5,600,19,Random Projection,7.908401173051306,0.20500000000000002,0.5550095783766045,0.027033082999992075
5,600,19,Random Sampling,8.135529076008828,0.335,0.5534043256903175,0.04959854199999825
5,600,19,Non-random,9.129270745923796,0.185,0.5539417889147535,0.17702675000001022
5,600,19,CountSketch,7.644416929595157,0.195,0.5555323101058396,0.027948207999997976
5,600,20,Random Projection,8.53998182831947,0.33499999999999996,0.5156038354392753,0.025784833000003005
5,600,20,Random Sampling,8.99358388553715,0.41500000000000004,0.5095403301286525,0.05468375000000947
5,600,20,Non-random,10.008832698747572,0.305,0.5144578271893545,0.17870795800000394
5,600,20,CountSketch,8.186789963394151,0.3,0.5159445789193146,0.028136707999991017
5,800,1,Random Projection,10.444347284327897,0.3563543690687393,0.5146362061516245,0.03284683299999358
5,800,1,Random Sampling,10.7740579676821,0.4688828813607051,0.5156765840721684,0.07170983400000353
5,800,1,Non-random,12.275279841036797,0.3300526597392357,0.5169656699523331,0.25199175000000196
5,800,1,CountSketch,8.943121157707083,0.3638027653403171,0.5157672750807984,0.03191225000000486
5,800,2,Random Projection,10.008874513600924,0.23613809805412408,0.49675521802392714,0.026969792000002712
5,800,2,Random Sampling,10.678271028425746,0.3486243699135479,0.5013503456805442,0.06268829200000425
5,800,2,Non-random,11.551944927924234,0.22864746135000422,0.4960806071958081,0.253365916000007
5,800,2,CountSketch,9.281973249490424,0.23237869955788348,0.49423249645132383,0.03197579199999723
5,800,3,Random Projection,9.386740357197088,0.23243502013460618,0.5017700362470292,0.03047725000000412
5,800,3,Random Sampling,9.619389715068886,0.35988848525808903,0.5020762922681831,0.07648354100000176
5,800,3,Non-random,11.12886150673026,0.23243502013460618,0.5024479117652861,0.25802883300001156
5,800,3,CountSketch,9.76823369567484,0.23616625834248542,0.5017263667053021,0.03166141699999514
5,800,4,Random Projection,10.108888628254029,0.3113401481231168,0.41468019115640464,0.033594790999998736
5,800,4,Random Sampling,10.667137782110071,0.42015150235138404,0.4166125820929409,0.07313033399999824
5,800,4,Non-random,11.78881395839996,0.30010419306693703,0.4135111904340476,0.24771350000000325
5,800,4,CountSketch,10.086112433802978,0.30386359156317755,0.41512118195601877,0.030845292000009294
5,800,5,Random Projection,10.220188863473977,0.6563740812705923,0.5166049976609426,0.03949520800000528
5,800,5,Random Sampling,12.992478272940145,0.7952465433246036,0.5249342603445114,0.08725949999998761
5,800,5,Non-random,13.056521711923939,0.5851848722930922,0.519858856587551,0.25290929199999823
5,800,5,CountSketch,11.177795176325867,0.6263270535890287,0.519607224191856,0.0426282920000034
5,800,6,Random Projection,10.187075741191748,0.20640083354453548,0.5353939600710448,0.033678500000007716
5,800,6,Random Sampling,10.500197145125519,0.371377882909521,0.5336415336519681,0.06755124999999396
5,800,6,Non-random,11.605702649854306,0.21013207175241475,0.5342600757387882,0.25279112500000167
5,800,6,CountSketch,9.358170545748006,0.22139618709695585,0.534772034160278,0.03255525000000148
5,800,7,Random Projection,10.396677288262797,0.7877418264763032,0.44158174022735336,0.036491540999989525
5,800,7,Random Sampling,12.915333416680566,0.8440201627664667,0.4423914821878695,0.08921720899999741
5,800,7,Non-random,12.183129225386004,0.6940243868097209,0.44222050031742277,0.26943179100000236
5,800,7,CountSketch,10.67310609131582,0.7164681366337191,0.4396835983949732,0.04251779199999817
5,800,8,Random Projection,10.7362239829586,0.3225620230351159,0.5192724436930014,0.031574542000001316
5,800,8,Random Sampling,10.900169961630999,0.5174734589282195,0.517559029152321,0.0766100830000056
5,800,8,Non-random,12.109156049292467,0.31883078482723665,0.5213245481024588,0.2542822089999959
5,800,8,CountSketch,10.614752653589179,0.3075385091943341,0.5207985724534262,0.03343691599999943
5,800,9,Random Projection,8.456048771413148,0.07869392582580045,0.5026792636132352,0.029250957999991556
5,800,9,Random Sampling,8.921670893755177,0.17235504491565995,0.5094912323378441,0.05626774999998929
5,800,9,Non-random,10.084294117057208,0.08243924417786039,0.5031900210697635,0.2526365840000011
5,800,9,CountSketch,8.069866330651873,0.07867984568161979,0.5051703201209427,0.02938379100000077
5,800,10,Random Projection,9.84610174938046,0.2250851848722931,0.5084523934793493,0.02913370899999279
5,800,10,Random Sampling,10.546496902328698,0.3675621638365577,0.5107268118684182,0.06639979199999857
5,800,10,Non-random,12.594891701757868,0.21759454816817322,0.5065021735873534,0.2487390830000038
5,800,10,CountSketch,10.790671714051012,0.21382106952775196,0.5077645113873379,0.03532954199999949
5,800,11,Random Projection,9.729470762094765,0.14637717890231194,0.5078316942373942,0.028975041999999007
5,800,11,Random Sampling,10.720245770118446,0.2700149249528315,0.5042407572456149,0.06618533399999649
5,800,11,Non-random,11.751676093521962,0.14263186055025204,0.508617932325363,0.2468929590000073
5,800,11,CountSketch,9.754010218973766,0.13885838190983074,0.5084875577921334,0.03219591699999569
5,800,12,Random Projection,9.373472411006885,0.31494466503336993,0.5216432675846306,0.03478724999999372
5,800,12,Random Sampling,10.922117363130766,0.45746388443017655,0.5234803810362509,0.07340345800000136
5,800,12,Non-random,11.291048111616385,0.329954098729971,0.5201108751702275,0.24267962499999385
5,800,12,CountSketch,10.090963022947367,0.3599307256906311,0.5219940296982111,0.03369054200000221
5,800,13,Random Projection,9.405868735792513,0.2550618118329532,0.4217472437775579,0.03091554200000246
5,800,13,Random Sampling,9.69794474694201,0.3302357016135845,0.42264463912814604,0.06826645800001074
5,800,13,Non-random,11.33323918678275,0.25134465376925463,0.4212096551434334,0.251672874999997
5,800,13,CountSketch,9.23298630347615,0.2626228492579764,0.4220404664134597,0.030175916999994
5,800,14,Random Projection,9.86891744855632,0.2886992762805891,0.509864135223922,0.02868212500000311
5,800,14,Random Sampling,11.275211652253892,0.45366224550139395,0.5078560652535787,0.063546333000005
5,800,14,Non-random,12.15244166903486,0.2736898425839881,0.5084134210593623,0.25318370799999457
5,800,14,CountSketch,10.961288555506098,0.26994452423192816,0.5101815996321885,0.02989862500000129
5,800,15,Random Projection,10.195246287631697,0.2250288642955704,0.4970475388440377,0.029854541999995377
5,800,15,Random Sampling,10.144883046984223,0.3825434372447974,0.49784424600530625,0.06420104200000765
5,800,15,Non-random,11.585651227863064,0.22880234293599166,0.49814160999678825,0.25141037500000607
5,800,15,CountSketch,10.066600985085282,0.24379769648841204,0.4975804496513352,0.0289090419999809
5,800,16,Random Projection,9.973469003160957,0.5175016192165808,0.44242844133785675,0.03355087500000309
5,800,16,Random Sampling,12.067341993802984,0.7237053307425868,0.437749574109061,0.07704824999999005
5,800,16,Non-random,13.26045985424917,0.5138126214412435,0.4433057713118542,0.2570182089999946
5,800,16,CountSketch,11.064916769015944,0.5325673734899046,0.4438805991290196,0.03231608400000141
5,800,17,Random Projection,9.609608106844048,0.23995381712708735,0.46513562280214626,0.030446250000011332
5,800,17,Random Sampling,10.126480115140959,0.3638309256286784,0.46268060396051247,0.0664944159999834
5,800,17,Non-random,11.37153698551532,0.23995381712708738,0.4649281655951095,0.25686675000000037
5,800,17,CountSketch,9.587996578915426,0.2474585339753879,0.4652847708740149,0.03133854199998609
5,800,18,Random Projection,9.709403914912267,0.38992143279547187,0.48167668001715475,0.033422207999990405
5,800,18,Random Sampling,11.17098016280943,0.5212891780011827,0.4835717888070296,0.07654149999999049
5,800,18,Non-random,12.045409899458093,0.38616203429923124,0.47852970158301167,0.25089612499999703
5,800,18,CountSketch,10.332747992674994,0.38992143279547187,0.4827907331423977,0.03214383299999213
5,800,19,Random Projection,9.257264636805528,0.07499084790628256,0.5077839007426028,0.027060708000021805
5,800,19,Random Sampling,9.4997700381642,0.17243952578074398,0.5051973214648235,0.05686454099998173
5,800,19,Non-random,10.24509578697506,0.07123144941004196,0.5080420292050116,0.2681048749999775
5,800,19,CountSketch,8.572090496377562,0.07123144941004196,0.5077914208001904,0.02920562500000301
5,800,20,Random Projection,8.657330590032824,0.18732223817971896,0.4945803354324581,0.031532374999983404
5,800,20,Random Sampling,10.00711253763984,0.25102081045309904,0.4943446493811644,0.056561125000001766
5,800,20,Non-random,11.24432647199503,0.17983160147559912,0.4939407559041922,0.2448295000000087
5,800,20,CountSketch,8.674775111163536,0.19106755653177887,0.4945883311951853,0.033377332999975806
5,1000,1,Random Projection,8.941470183333296,0.0870151588714463,0.445116853005443,0.031516832999983535
5,1000,1,Random Sampling,9.714451204170308,0.16204527881174588,0.44628213064820843,0.06860391699999013
5,1000,1,Non-random,11.887019312252793,0.0840121558684433,0.4448405274506674,0.32061174999998343
5,1000,1,CountSketch,9.759210410766554,0.0870151588714463,0.4451500163311347,0.02968762500000821
5,1000,2,Random Projection,8.842659399684473,0.09007210803617989,0.5340577364221213,0.02964691700000799
5,1000,2,Random Sampling,11.654868459523012,0.17713222204240167,0.534087230482364,0.06671316700001739
5,1000,2,Non-random,12.285040246387736,0.0930751110391829,0.5327768581540324,0.32358816699999693
5,1000,2,CountSketch,9.685190827919913,0.0960781140421859,0.5335473965089245,0.033886082999998735
5,1000,3,Random Projection,10.888936800291244,0.14703026379673084,0.5367461196746354,0.03477520900000286
5,1000,3,Random Sampling,11.540248238862443,0.23405441369513225,0.5343295094498492,0.07153345800000466
5,1000,3,Non-random,13.817994223116905,0.14403625182068297,0.5357893766986135,0.33535220900000695
5,1000,3,CountSketch,10.546960096740523,0.14103324881767995,0.5367024131633277,0.03777150000001939
5,1000,4,Random Projection,10.59979957734896,0.3389257520994048,0.4855964796081593,0.037691166000001886
5,1000,4,Random Sampling,12.821645962399149,0.5008002013990038,0.48975613490755376,0.07695100000000821
5,1000,4,Non-random,13.678526910073959,0.3299257341173509,0.48556171157796846,0.30861116700000935
5,1000,4,CountSketch,11.207058165886764,0.3359047670424916,0.48603039371188483,0.03836300000000392
5,1000,5,Random Projection,10.894139321558661,0.22803042563521606,0.45267565043712543,0.03630212499999175
5,1000,5,Random Sampling,12.130302536398894,0.3480965995936056,0.45080348290897865,0.07930966699998976
5,1000,5,Non-random,13.120932316962222,0.21606336875797955,0.45073524997726133,0.32871054199998184
5,1000,5,CountSketch,10.582349679029878,0.21906637176098254,0.450402815848137,0.03629137499999047
5,1000,6,Random Projection,9.319068226612618,0.04801208394022766,0.5088608667958338,0.02914175000000796
5,1000,6,Random Sampling,11.067532934644117,0.13803024581467693,0.5094276194878622,0.06057533300000273
5,1000,6,Non-random,12.25292129888295,0.05401808994623366,0.5089929084328157,0.3185178339999766
5,1000,6,CountSketch,9.985263361883314,0.05101508694323066,0.5091450570235584,0.029483207999987826
5,1000,7,Random Projection,8.876295539098912,0.023997050943158727,0.4868140348780572,0.029428082999999106
5,1000,7,Random Sampling,9.233233927860129,0.0900271529014044,0.48605575054892675,0.06442708299999822
5,1000,7,Non-random,11.35682628432847,0.02699106291920663,0.4871340289798268,0.3072381249999978
5,1000,7,CountSketch,8.612964739539983,0.02699106291920663,0.4871035395235349,0.0312110000000132
5,1000,8,Random Projection,9.86572542289202,0.10199420977864092,0.49945719602802646,0.03289387499998497
5,1000,8,Random Sampling,11.108746229057623,0.21896747046447645,0.4997918298237682,0.06818679100001646
5,1000,8,Non-random,12.505037174597016,0.09599719479959001,0.4990506346106557,0.34157200000001353
5,1000,8,CountSketch,10.220093265270082,0.089991188793584,0.49919258719013765,0.03352075000000809
5,1000,9,Random Projection,9.53297081231576,0.19800938663214113,0.42159042990775675,0.03618579200002614
5,1000,9,Random Sampling,10.37168430634106,0.33594073115031203,0.4251488764385275,0.07949429100000316
5,1000,9,Non-random,12.37449074137843,0.20101238963514412,0.42057167233632836,0.3221675419999883
5,1000,9,CountSketch,10.142008735670364,0.1860063656470842,0.4221224473925539,0.03575604200000271
5,1000,10,Random Projection,9.241204782138405,0.11397025768283253,0.4747393135325118,0.04220245799999134
5,1000,10,Random Sampling,11.145016854322012,0.22500944057830286,0.4752713865124137,0.06400079200000164
5,1000,10,Non-random,12.785901300848177,0.11397025768283253,0.47401436028847177,0.3205226249999953
5,1000,10,CountSketch,9.63786288011282,0.11995828163492833,0.4751708367424847,0.035977417000026435
5,1000,11,Random Projection,10.8739011982728,0.1980543417669166,0.4821880241926648,0.03541704199997753
5,1000,11,Random Sampling,11.328376730636034,0.30902159644674615,0.48439061612457934,0.07943970799999533
5,1000,11,Non-random,13.353180569353263,0.20104835374296454,0.4816205385768628,0.3130773329999954
5,1000,11,CountSketch,11.004664952145003,0.22206038373703046,0.4830831669555058,0.037989500000009
5,1000,12,Random Projection,8.142312676053871,0.06300012587437737,0.46216974905111763,0.029678749999987986
5,1000,12,Random Sampling,9.669577849275369,0.13803024581467696,0.46179579688419675,0.06491587499999696
5,1000,12,Non-random,11.34056362965504,0.06600312887738037,0.46172455653145844,0.3374564169999985
5,1000,12,CountSketch,9.925072526305817,0.06300012587437737,0.46218415885232145,0.028417500000017526
5,1000,13,Random Projection,10.548338646802254,0.23718329107550665,0.533399437515494,0.02985579200000643
5,1000,13,Random Sampling,11.419750489385716,0.34220747693801584,0.5324433537697022,0.07166912499999967
5,1000,13,Non-random,12.503207638662705,0.24319828810846775,0.5336609957492712,0.3163093329999924
5,1000,13,CountSketch,10.549975824789403,0.22818327309345277,0.5328818873536033,0.0372068340000169
5,1000,14,Random Projection,10.671163306156375,0.24001546456636277,0.4887510746886104,0.03682245800001738
5,1000,14,Random Sampling,10.80333758695515,0.3569797342252432,0.48792052299713995,0.07541087500001709
5,1000,14,Non-random,13.141595556438679,0.21897646149143157,0.48944958276413075,0.32870783300000994
5,1000,14,CountSketch,10.41952005994673,0.21599144054233874,0.48943007109286607,0.03832683299998507
5,1000,15,Random Projection,9.813879783132595,0.21893150635665604,0.5084392406876382,0.035297374999998965
5,1000,15,Random Sampling,10.89740002212667,0.3658898419377461,0.5152433988000713,0.07918229200001292
5,1000,15,Non-random,12.905425090469748,0.21893150635665604,0.5087151249645122,0.3297216249999906
5,1000,15,CountSketch,9.589641777653766,0.21592850335365305,0.5092327086345586,0.03224424999999087
5,1000,16,Random Projection,10.731811258024647,0.22792253331175488,0.4432636895270785,0.03550212499999361
5,1000,16,Random Sampling,11.801517283460983,0.32081782381183577,0.4422767434265906,0.07125812500001416
5,1000,16,Non-random,13.368361740782763,0.22489255722788656,0.4430990353965508,0.3186408749999998
5,1000,16,CountSketch,10.800556287468583,0.20691050331768895,0.44383358784160504,0.03803941700002156
5,1000,17,Random Projection,10.307866986663893,0.2700185215155275,0.5194424570768204,0.03382550000000606
5,1000,17,Random Sampling,12.569251075733838,0.36594378809947675,0.5213842095984089,0.0824613329999977
5,1000,17,Non-random,13.977963079720888,0.27300354246462033,0.5200080705718766,0.3136190419999991
5,1000,17,CountSketch,10.845535728325874,0.27000053946161734,0.5199693600068972,0.03301333299998532
5,1000,18,Random Projection,10.298834330146601,0.1739853626081171,0.47333139475357655,0.02845216699998332
5,1000,18,Random Sampling,11.440029962782393,0.26097354839869813,0.47436731306994123,0.07109841700000175
5,1000,18,Non-random,12.79622434196833,0.1709823596051141,0.4731906003497086,0.32875158299998475
5,1000,18,CountSketch,10.947545467114459,0.1649943356530183,0.47312464688107314,0.034173749999979464
5,1000,19,Random Projection,10.570473208821857,0.255048461635288,0.503316630436083,0.036399208000005956
5,1000,19,Random Sampling,12.498606512600055,0.39607271942601285,0.5051738177137698,0.08234454099999766
5,1000,19,Non-random,14.178864071297811,0.24005142867418316,0.5040382218257837,0.33306808300000057
5,1000,19,CountSketch,10.27931351551122,0.23704842567118017,0.5035959930736055,0.0375160840000035
5,1000,20,Random Projection,9.80891544726519,0.16498534462606318,0.5308724782227883,0.03500062500000922
5,1000,20,Random Sampling,11.841981777978935,0.2550035065005125,0.5303754291642346,0.08124191699999983
5,1000,20,Non-random,13.852292851463112,0.1709823596051141,0.5312834224911318,0.30542508400000656
5,1000,20,CountSketch,10.378175808027446,0.1679883476290662,0.5302171473020917,0.03416825000002177
5,1200,1,Random Projection,9.45196957130762,0.0475,0.48996959359674375,0.03679662499999381
5,1200,1,Random Sampling,11.176016199157992,0.0975,0.49131699697949116,0.06636254200000735
5,1200,1,Non-random,12.582879121215804,0.049999999999999996,0.4900805314561146,0.4569160419999889
5,1200,1,CountSketch,9.527027349801363,0.049999999999999996,0.49024951188099397,0.033698208000004115
5,1200,2,Random Projection,10.593976759676423,0.18250000000000002,0.529771785214546,0.03583966700000474
5,1200,2,Random Sampling,11.756613263346754,0.285,0.5293998619809454,0.08652516699999069
5,1200,2,Non-random,14.282206134870638,0.18000000000000002,0.5294320524865459,0.4856713750000097
5,1200,2,CountSketch,9.749927681420239,0.18000000000000002,0.5296899216520803,0.038756667000001244
5,1200,3,Random Projection,10.935357938196013,0.14250000000000002,0.5132586970450456,0.035056332999999995
5,1200,3,Random Sampling,13.947824889376404,0.25749999999999995,0.5134089690363449,0.08318987499998798
5,1200,3,Non-random,15.03578603305995,0.14,0.5127891079779237,0.46198574999999664
5,1200,3,CountSketch,10.536022386362283,0.135,0.5135359925137303,0.0382324159999996
5,1200,4,Random Projection,9.3972131947467,0.09999999999999999,0.4692580209871663,0.033972875000017666
5,1200,4,Random Sampling,10.592582500400457,0.1825,0.4684632983040857,0.07505304200000751
5,1200,4,Non-random,12.692537368384484,0.09999999999999999,0.4688284629966474,0.4681981249999865
5,1200,4,CountSketch,9.714958221094157,0.09,0.4694318189139845,0.056091166000015846
5,1200,5,Random Projection,9.9179016501037,0.1375,0.5201710868532015,0.033893834000025436
5,1200,5,Random Sampling,12.48119433457782,0.21250000000000002,0.5187131651756417,0.0842790420000199
5,1200,5,Non-random,14.22533420167497,0.13749999999999998,0.5206012857280817,0.4667205000000081
5,1200,5,CountSketch,11.012776297309772,0.145,0.5216074167361469,0.03702745900000082
5,1200,6,Random Projection,8.96873868842864,0.030000000000000002,0.42458483880669284,0.029740416999999297
5,1200,6,Random Sampling,10.799551716324768,0.0825,0.4226959377796981,0.07134191700001224
5,1200,6,Non-random,11.807832711114832,0.030000000000000002,0.42426602117557427,0.48263820799999735
5,1200,6,CountSketch,9.254353222247264,0.030000000000000002,0.4246102669057832,0.03491049999999518
5,1200,7,Random Projection,10.116002070942411,0.23250000000000004,0.40801101866723405,0.041646374999999125
5,1200,7,Random Sampling,11.45491598909233,0.3325,0.40903205871923803,0.08969391700000529
5,1200,7,Non-random,13.568604276833241,0.24,0.4074030094098145,0.46330941700000494
5,1200,7,CountSketch,10.051737870312525,0.245,0.40790104794680754,0.038318750000001955
5,1200,8,Random Projection,12.606030845979944,0.24,0.5106192990622644,0.03489370799999847
5,1200,8,Random Sampling,13.43355442644692,0.3625,0.5090694242104462,0.08405008299999395
5,1200,8,Non-random,15.262935071737466,0.24,0.5094471425764212,0.452729708999982
5,1200,8,CountSketch,12.178914786887063,0.235,0.5095279618725028,0.03997170799999594
5,1200,9,Random Projection,10.144952325750053,0.0625,0.41788034820502024,0.030845166000005975
5,1200,9,Random Sampling,10.861531975841332,0.1575,0.4183951671557166,0.0757697500000063
5,1200,9,Non-random,12.74329897110814,0.0625,0.4172095562686423,0.47997229200001357
5,1200,9,CountSketch,8.829904752371018,0.0625,0.41786291617927157,0.03597441600001616
5,1200,10,Random Projection,10.464104854989097,0.2475,0.5250803816134887,0.03773229200001538
5,1200,10,Random Sampling,12.522516969445478,0.4,0.5212858088336477,0.08689066599998796
5,1200,10,Non-random,13.977152317378605,0.245,0.5241791874613357,0.4341102919999855
5,1200,10,CountSketch,11.16737833241502,0.24000000000000002,0.5227373507485928,0.03602200000000266
5,1200,11,Random Projection,11.897601321193736,0.24,0.5354728050286541,0.03705970799998681
5,1200,11,Random Sampling,13.211788110431042,0.36,0.5346834207437077,0.08306812499998273
5,1200,11,Non-random,15.718719368457243,0.23249999999999998,0.5344877617659073,0.4460485409999819
5,1200,11,CountSketch,11.614186443932551,0.23249999999999998,0.5359329014843204,0.04098824999999806
5,1200,12,Random Projection,10.783380521399968,0.09,0.4262255764177056,0.033550333999983195
5,1200,12,Random Sampling,11.959068271639017,0.1725,0.42654223081646064,0.07505729199999678
5,1200,12,Non-random,14.167357350679664,0.09,0.4256653659335547,0.4924008330000049
5,1200,12,CountSketch,9.589733488148635,0.0925,0.4260107477161842,0.034789541000009194
5,1200,13,Random Projection,10.403498456367071,0.065,0.5100703238938713,0.03137441699999499
5,1200,13,Random Sampling,11.05534529630731,0.17,0.5133715888844004,0.0681160000000034
5,1200,13,Non-random,14.307095600821434,0.065,0.5094920952432798,0.4304634580000197
5,1200,13,CountSketch,9.952134510279826,0.0675,0.5097909220586974,0.03629566600000089
5,1200,14,Random Projection,9.621230872062698,0.15500000000000003,0.49658296644090266,0.03993354199999999
5,1200,14,Random Sampling,12.610275522915826,0.2925,0.4985224946287642,0.08246716600001491
5,1200,14,Non-random,14.532922068078795,0.15000000000000002,0.4973160440344277,0.44016962500001
5,1200,14,CountSketch,10.943259346719557,0.15750000000000003,0.4965084484304274,0.03579533300001003
5,1200,15,Random Projection,10.850090752833166,0.085,0.5185501358108965,0.032941333000025
5,1200,15,Random Sampling,11.688942594359371,0.12,0.5175016216067431,0.08145241599999054
5,1200,15,Non-random,13.862441046349364,0.08,0.5182527565955724,0.46038741699999264
5,1200,15,CountSketch,10.273714848545824,0.08,0.5185486739510116,0.03509999999999991
5,1200,16,Random Projection,10.077853688333335,0.1,0.4439094150658799,0.03254608400001757
5,1200,16,Random Sampling,11.479837491771457,0.22249999999999998,0.44315733932182155,0.0796774169999992
5,1200,16,Non-random,13.16489547239886,0.10500000000000001,0.4428359848195475,0.46255920900000547
5,1200,16,CountSketch,10.679606314661214,0.1,0.44392098281888753,0.038829249999992044
5,1200,17,Random Projection,10.072362705032461,0.0925,0.4924284908091588,0.03872095799999897
5,1200,17,Random Sampling,11.22915132932008,0.18999999999999997,0.4924700564208232,0.07576099999999997
5,1200,17,Non-random,13.458858972578708,0.095,0.4918794129998037,0.48484675000000266
5,1200,17,CountSketch,9.428094138767074,0.095,0.4924506093983461,0.037005874999977095
5,1200,18,Random Projection,10.497935605215709,0.1725,0.450559818951963,0.039235250000018596
5,1200,18,Random Sampling,11.395046000960987,0.265,0.4478819165624309,0.08908216599999719
5,1200,18,Non-random,13.875996221189999,0.16999999999999998,0.4494176807103319,0.4414905419999968
5,1200,18,CountSketch,11.520896984646296,0.165,0.4493049365597945,0.03622095800000125
5,1200,19,Random Projection,11.522908502594568,0.1725,0.49052081911062817,0.033517167000013615
5,1200,19,Random Sampling,11.834481327798706,0.3075,0.4908353627710653,0.07815429100000415
5,1200,19,Non-random,14.463750551090282,0.1875,0.4897180329388645,0.43683308399999987
5,1200,19,CountSketch,12.145162384895347,0.18,0.49062348678248624,0.040846334000008255
5,1200,20,Random Projection,10.767431344432918,0.08750000000000001,0.5053636773784482,0.03329958400001942
5,1200,20,Random Sampling,11.896060634679271,0.16249999999999998,0.5069597525761358,0.07388170899997704
5,1200,20,Non-random,13.644456802595254,0.09000000000000001,0.504842856290096,0.4630240420000007
5,1200,20,CountSketch,11.458209257867878,0.0875,0.5059112263208213,0.0356275420000145
6,200,1,Random Projection,6.71436175697022,1.8299412030755313,0.8843163725829986,0.015055124999975078
6,200,1,Random Sampling,9.42250012173835,1.7261420171867932,0.9270527387499619,0.023625957999996672
6,200,1,Non-random,7.158541697802274,1.9054726368159205,0.9386154678204435,0.03233825000000934
6,200,1,CountSketch,6.696334730127271,1.8602442333785616,0.9356940202631082,0.016736374999993586
6,200,2,Random Projection,7.27125486196252,1.846675712347354,0.9250267702671257,0.01822604199998068
6,200,2,Random Sampling,10.544258108422438,1.649932157394844,0.9080015124883453,0.024966375000019525
6,200,2,Non-random,7.541167337537767,1.710085933966531,0.8895747599451304,0.03286554200002456
6,200,2,CountSketch,7.385903634460146,1.8618272274988692,0.9202090552335072,0.014757083000006332
6,200,3,Random Projection,5.971552792316235,1.8297150610583448,0.9061847864748835,0.015698958999990964
6,200,3,Random Sampling,9.42397863805657,1.93441881501583,0.9371999633113763,0.022438292000003912
6,200,3,Non-random,6.79931391885818,1.8294889190411578,0.9298245614035088,0.03547687500000052
6,200,3,CountSketch,6.129186893526705,1.888285843509724,0.9262521275156783,0.01591941700002053
6,200,4,Random Projection,6.978919850289874,1.8579828132066938,0.9395166437786536,0.017333000000007814
6,200,4,Random Sampling,9.915566308359724,1.7989597467209406,0.9170166337589507,0.025858083000002807
6,200,4,Non-random,7.509934573843592,1.9362279511533242,0.9281632653061225,0.03364954199997783
6,200,4,CountSketch,7.161279712794523,1.860018091361375,0.9412426209830675,0.017351875000002792
6,200,5,Random Projection,6.57885923839737,1.6682496607869741,0.9220509628729541,0.0134885420000046
6,200,5,Random Sampling,9.074872200496696,1.7256897331524197,0.9071497929980469,0.027862666999993735
6,200,5,Non-random,7.19528379559386,1.6506105834464044,0.9132653061224489,0.03489512499999137
6,200,5,CountSketch,6.837016466415763,1.739484396200814,0.8994526813270745,0.01748341600000458
6,200,6,Random Projection,7.1296174213998595,1.8145635459068297,0.8984038043579888,0.01709304199999906
6,200,6,Random Sampling,10.56847777504598,1.9054726368159205,0.9240438315919142,0.023538500000000795
6,200,6,Non-random,7.630223750851738,1.9513794663048394,0.9286920623006193,0.03366737499999317
6,200,6,CountSketch,7.192982622130842,1.7840343735866124,0.9082717496262874,0.015488666999999623
6,200,7,Random Projection,7.201492910581203,1.7853912256897333,0.9369070209917157,0.01620862500001863
6,200,7,Random Sampling,9.587167913686137,1.9185888738127543,0.9479220931225113,0.024649624999995012
6,200,7,Non-random,7.320935723514683,1.649706015377657,0.949963476990504,0.03091658299999267
6,200,7,CountSketch,7.195984754245259,1.710085933966531,0.9483044719922615,0.014201124999999593
6,200,8,Random Projection,6.483241058372755,1.7688828584350973,0.9054414595183071,0.016886875000011514
6,200,8,Random Sampling,8.9044647343024,1.7851650836725463,0.9217649403331798,0.02654466599997818
6,200,8,Non-random,7.051446135148658,1.7842605156037992,0.9132040627885503,0.032763290999980654
6,200,8,CountSketch,6.547650595508448,1.8760741745816374,0.9054116480810238,0.01604058300000588
6,200,9,Random Projection,8.254031022450413,1.6650836725463591,0.8991556868535415,0.02023633300001393
6,200,9,Random Sampling,10.833203883867515,1.858887381275441,0.8931332568847736,0.028937917000007474
6,200,9,Non-random,8.441832760990632,1.7247851650836725,0.9068663257852447,0.03249245800000722
6,200,9,CountSketch,7.935260181619029,1.73835368611488,0.8063305696287074,0.016347499999994852
6,200,10,Random Projection,6.940262086616649,1.8733604703753959,0.9350561121738359,0.014302958000001809
6,200,10,Random Sampling,10.822937808791337,1.891451831750339,0.9085462385079511,0.024221167000007426
6,200,10,Non-random,7.812934200138857,1.799864314789688,0.8625845496618013,0.03838866600000301
6,200,10,CountSketch,6.888477528363896,1.8591135232926277,0.9051855716707441,0.01639512500000251
6,200,11,Random Projection,6.7906792214115725,1.771144278606965,0.9390274822942057,0.015531207999998742
6,200,11,Random Sampling,10.014579310196655,1.8756218905472637,0.9085239106256066,0.028532250000012027
6,200,11,Non-random,7.615633723539551,1.891904115784713,0.923598615916955,0.03560829200000626
6,200,11,CountSketch,7.188062580025399,1.844640434192673,0.8590010662308585,0.01665416599999503
6,200,12,Random Projection,6.868401898277481,1.874038896426956,0.9148489060367215,0.016890208000006623
6,200,12,Random Sampling,9.225804719393963,1.7403889642695614,0.9350526364535361,0.025831457999998975
6,200,12,Non-random,7.390056635261648,1.7259158751696067,0.9313878369347294,0.032539917000008245
6,200,12,CountSketch,6.873391521908933,1.7709181365897781,0.9259951877899427,0.015645333999998456
6,200,13,Random Projection,7.539154532110417,1.7541836273179556,0.8631747993269042,0.014304000000009864
6,200,13,Random Sampling,10.779439465617397,1.816146540027137,0.8806650686959268,0.024983707999979288
6,200,13,Non-random,7.796934496615219,1.575531433740389,0.8391266877334099,0.03421650000001364
6,200,13,CountSketch,7.419898806567688,1.7256897331524197,0.8029815261411039,0.017790333000021974
6,200,14,Random Projection,7.32357952422749,1.8308457711442787,0.8404830680080263,0.01612104100001943
6,200,14,Random Sampling,10.17678243462835,1.7105382180009046,0.8896547973503253,0.026795249999992166
6,200,14,Non-random,8.111767863777521,1.6494798733604703,0.8325697625989171,0.032297708000015746
6,200,14,CountSketch,7.491408311341969,1.665309814563546,0.8710149947673591,0.01661070800000175
6,200,15,Random Projection,6.453337288327469,1.6965174129353233,0.9173606146007017,0.01724587500001462
6,200,15,Random Sampling,9.41306347783835,1.5927182270465852,0.910838521270072,0.024903332999997474
6,200,15,Non-random,6.984610582969516,1.8168249660786975,0.9267171444023796,0.03254062499999577
6,200,15,CountSketch,6.742147140387567,1.8301673450927183,0.8876733537846747,0.01685216600000672
6,200,16,Random Projection,6.811972337651614,1.8417005879692447,0.8814717961912747,0.01533645800000727
6,200,16,Random Sampling,9.527310533657511,1.846675712347354,0.9294035466689243,0.02484874999998965
6,200,16,Non-random,7.099926595693097,1.90479421076436,0.9371428571428572,0.032470332999992024
6,200,16,CountSketch,6.46472907831314,1.9041157847127996,0.9428364385157221,0.01547091599999817
6,200,17,Random Projection,7.430991437761662,1.5746268656716418,0.8135849280521161,0.01826129200000537
6,200,17,Random Sampling,10.38393851302935,1.755088195386703,0.8952801654466184,0.027259624999999232
6,200,17,Non-random,7.804074729357142,1.5748530076888287,0.8877777777777778,0.03285754099999849
6,200,17,CountSketch,7.468062562796698,1.544776119402985,0.8241951068804676,0.018265166999981375
6,200,18,Random Projection,7.052676207766434,1.8611488014473088,0.9322422131678264,0.01572391700000253
6,200,18,Random Sampling,10.250655608855475,1.755766621438263,0.9121752871143898,0.02101120899999387
6,200,18,Non-random,7.584601964206502,1.8914518317503393,0.9230311446141639,0.03537512500000162
6,200,18,CountSketch,6.544362107160727,1.889416553595658,0.9412346374836293,0.015163459000007151
6,200,19,Random Projection,7.077941771625573,1.8145635459068297,0.9268221605831077,0.014382041999994044
6,200,19,Random Sampling,9.938197818937052,1.889642695612845,0.9490159084460457,0.027055541999999377
6,200,19,Non-random,7.55319700241016,1.8441881501582995,0.8864447086801427,0.03545941700002686
6,200,19,CountSketch,7.291563044585471,1.9061510628674807,0.9495690623270719,0.018384708999974464
6,200,20,Random Projection,6.892287553456928,1.7693351424694708,0.8697891499748576,0.016859000000010838
6,200,20,Random Sampling,9.070615803588652,1.7412935323383083,0.9253240824970161,0.0289485000000127
6,200,20,Non-random,7.088706465964782,1.5748530076888285,0.8984375,0.03483108399998969
6,200,20,CountSketch,6.920313692035054,1.6958389868837629,0.8959592933647199,0.01824158399998055
6,400,1,Random Projection,9.321533106667404,1.8294804174615642,0.8901861738846742,0.03275245800000448
6,400,1,Random Sampling,13.046926061311977,1.8294243070362475,0.9169990263251449,0.06540808300002254
6,400,1,Non-random,10.54848353099245,1.8067556952081696,0.9116416692174267,0.09050891699999397
6,400,1,CountSketch,9.410867761252488,1.8893502412748289,0.8961015891089074,0.03242254200000616
6,400,2,Random Projection,8.80485708936514,1.859555605431489,0.8830292996167283,0.03105591700000332
6,400,2,Random Sampling,14.264138444165253,1.7466053192683202,0.9245081814336252,0.04675062500001559
6,400,2,Non-random,10.646321943854975,1.5968465940971832,0.8974582933007249,0.10056199999999649
6,400,2,CountSketch,9.093732556009545,1.7316799461339918,0.9116297693217321,0.029533958000001803
6,400,3,Random Projection,8.877538268982024,1.896925148692627,0.9137023721354428,0.036976958000025206
6,400,3,Random Sampling,12.770977944463208,1.7031197396476265,0.9274902603860594,0.05015395800000988
6,400,3,Non-random,10.142564591765643,1.725563909774436,0.9304236669101534,0.08498070799998914
6,400,3,CountSketch,9.36411312030862,1.8597800471327575,0.8987462468417619,0.030112582999976212
6,400,4,Random Projection,8.959284759738521,1.8381214229603862,0.9441170689721394,0.030507583000002114
6,400,4,Random Sampling,13.338366553531733,1.8603411513859274,0.9319352018781027,0.051167917000014995
6,400,4,Non-random,10.264616771933321,1.8147794860285043,0.924560546875,0.08407854200001452
6,400,4,CountSketch,9.1557598314123,1.807372909886657,0.9195719991555595,0.03165233300001091
6,400,5,Random Projection,9.183805308925953,1.8519245875883739,0.9215108829734623,0.029648749999978463
6,400,5,Random Sampling,13.86763305386154,1.8666255190214343,0.9337743176311872,0.047189166000009664
6,400,5,Non-random,10.425349473649867,1.859275053304904,0.9124814394270242,0.08802666700000827
6,400,5,CountSketch,9.669551040080636,1.8750420828189878,0.9420351066412119,0.03176933299999973
6,400,6,Random Projection,9.687577294338478,1.6586241723712265,0.9226382796561147,0.02624412500000517
6,400,6,Random Sampling,13.651418480289458,1.7779710470205365,0.9133458986694474,0.04107475000000704
6,400,6,Non-random,10.727287631356933,1.7105824262147906,0.9267949826989619,0.08771870900000067
6,400,6,CountSketch,8.816411328904879,1.8161822466614295,0.9434349097012206,0.024234874999990552
6,400,7,Random Projection,8.811524153499422,1.8001907754460778,0.944547210481297,0.026886499999989155
6,400,7,Random Sampling,13.887535634919864,1.814274492200651,0.9212414250614018,0.054288958000000775
6,400,7,Non-random,10.76879879981221,1.6866232746044214,0.9131363474546101,0.0955135000000098
6,400,7,CountSketch,8.990693601520881,1.7394792952530582,0.9310557544380942,0.02875587500000165
6,400,8,Random Projection,9.049971129183211,1.763326226012793,0.9464200364345701,0.02685637500002258
6,400,8,Random Sampling,14.171972228624337,1.8667938502973853,0.9158720798804812,0.04933566699997982
6,400,8,Non-random,10.31866362315912,1.6566603074851307,0.9208579881656804,0.0907755409999993
6,400,8,CountSketch,9.092016415930091,1.7688250476938614,0.9158670915941237,0.0317338330000041
6,400,9,Random Projection,9.278286154617062,1.9046122769610594,0.8933573380430734,0.024559917000004816
6,400,9,Random Sampling,13.971971510051613,1.8445180114465267,0.9044504040120558,0.05143849999998906
6,400,9,Non-random,10.385992579098328,1.7695544832229828,0.8864817174786785,0.08510141700000418
6,400,9,CountSketch,9.318912214218543,1.8603972618112443,0.9420543323164987,0.027195874999989655
6,400,10,Random Projection,9.896785163055718,1.7019414207159689,0.8834037758170857,0.031200541999993447
6,400,10,Random Sampling,14.63145638824707,1.7319604982605767,0.9195826985207834,0.04504066699999498
6,400,10,Non-random,10.718836807978198,1.6414543822242171,0.8945224083295609,0.08327812500002096
6,400,10,CountSketch,9.14559844558239,1.7769610593648302,0.8565401730527427,0.030101874999985512
6,400,11,Random Projection,9.204940705530287,1.7108068679160588,0.9494466400319941,0.028329250000012962
6,400,11,Random Sampling,12.274816819253592,1.6644596566041971,0.9310119271427486,0.0445434579999926
6,400,11,Non-random,10.3523267503506,1.6355627875659295,0.9460499155563895,0.08220762500002365
6,400,11,CountSketch,9.015510883061319,1.754011895410167,0.9205168764457258,0.02643908299998543
6,400,12,Random Projection,9.207498498187716,1.8892941308495117,0.861796497657159,0.02529737500000806
6,400,12,Random Sampling,14.030691999860103,1.84502300527438,0.9254514143122843,0.04077291699999819
6,400,12,Non-random,10.192149506193514,1.7334193693188193,0.9333180917543058,0.10083804200002078
6,400,12,CountSketch,8.796594712605405,1.88951857255078,0.885634241527976,0.025713166999992154
6,400,13,Random Projection,9.246196153555271,1.7172595668275163,0.8765771686525973,0.025713417000019945
6,400,13,Random Sampling,12.901861053354253,1.7486252945797327,0.9337305365733861,0.053717541999986906
6,400,13,Non-random,10.17243377203416,1.718269554483223,0.9417835909631391,0.08646525000000338
6,400,13,CountSketch,9.03297076913823,1.8155089215576252,0.943450347462001,0.02945337500000278
6,400,14,Random Projection,8.72933881346962,1.7691617102457635,0.8800619964666855,0.024402415999986715
6,400,14,Random Sampling,13.930316620874812,1.8066995847828529,0.913869434195054,0.049440958000019464
6,400,14,Non-random,10.336977796942847,1.7780832678711704,0.9351248513674197,0.08805791700001464
6,400,14,CountSketch,9.291948611014869,1.7166984625743464,0.8981487542387853,0.03598412499999881
6,400,15,Random Projection,9.027755250244573,1.664179104477612,0.8937464224949323,0.026523749999995516
6,400,15,Random Sampling,13.81757684445142,1.69475928627539,0.8995639343821552,0.042057083000003104
6,400,15,Non-random,10.465333734452955,1.643249915834362,0.9435555555555556,0.08841024999998126
6,400,15,CountSketch,8.905673431228655,1.8668499607227025,0.9017160489343079,0.028144333000000188
6,400,16,Random Projection,9.036995584624554,1.8600044888340252,0.9370042356505832,0.02758024999999975
6,400,16,Random Sampling,13.409146293089702,1.9053978229154978,0.9406880170084198,0.05309299999998984
6,400,16,Non-random,10.222377936361372,1.746493098417686,0.90860768175583,0.08304287499998964
6,400,16,CountSketch,9.335375988146467,1.867747727527775,0.9485570978828962,0.026666957999992746
6,400,17,Random Projection,9.659544493365775,1.830770957243856,0.9454061161589868,0.026799541999992016
6,400,17,Random Sampling,14.20663224572116,1.8221860621703514,0.9135892641766465,0.04411495900001228
6,400,17,Non-random,10.625360760028846,1.7339804735719897,0.929933089256407,0.08368533399999478
6,400,17,CountSketch,9.082301107264534,1.7996857816182246,0.8746245393459813,0.02717712499998015
6,400,18,Random Projection,10.548988854362397,1.6568286387610818,0.8998660805461912,0.022168292000003476
6,400,18,Random Sampling,13.618482672411393,1.7389181909998876,0.9130611570055128,0.05260925000001748
6,400,18,Non-random,11.098749846526504,1.6638985523510268,0.9067283730865077,0.08483112499999379
6,400,18,CountSketch,9.135849981821991,1.8526540231174953,0.9297481710368785,0.030131333000014138
6,400,19,Random Projection,9.534437963209344,1.7921669846257435,0.8611103993051984,0.023496125000008306
6,400,19,Random Sampling,13.966093848886555,1.755526876893727,0.9186233955556372,0.04342808300000911
6,400,19,Non-random,11.010956008581825,1.575468522051397,0.9221428571428572,0.09060325000001512
6,400,19,CountSketch,9.857661934570851,1.7318482774099428,0.9117640357441337,0.03185820800001693
6,400,20,Random Projection,9.069896674432684,1.830939288519807,0.936946727377781,0.028170582999990756
6,400,20,Random Sampling,13.828856343318865,1.7243855908427785,0.8930375080298348,0.05022900000000163
6,400,20,Non-random,10.606830692981706,1.7705644708786892,0.9379888009625619,0.08680654100001561
6,400,20,CountSketch,9.49402259660386,1.7466614296936371,0.873766514765878,0.028331459000014547
6,600,1,Random Projection,10.763378062157155,1.7,0.8908550835608455,0.044103792000015574
6,600,1,Random Sampling,15.400357537199518,1.7200000000000002,0.9147522068102268,0.08053962500000011
6,600,1,Non-random,13.239040157707478,1.615,0.9319109573890486,0.1816184590000205
6,600,1,CountSketch,10.029647210181945,1.805,0.9505890944744445,0.035529832999998234
6,600,2,Random Projection,9.99209811888014,1.825,0.8770973966919737,0.034644749999984015
6,600,2,Random Sampling,16.030327404520666,1.7200000000000002,0.913657751718456,0.0780429579999975
6,600,2,Non-random,13.083362505175627,1.675,0.922592474489796,0.17585400000001528
6,600,2,CountSketch,10.963191450002247,1.72,0.9256088469116823,0.03452404199998682
6,600,3,Random Projection,9.667911536167159,1.62,0.881833887513918,0.04055700000000684
6,600,3,Random Sampling,15.403972505290048,1.68,0.9175985912600922,0.08194349999999417
6,600,3,Non-random,13.14076635019776,1.585,0.9104683195592287,0.19002887499999588
6,600,3,CountSketch,10.825556371167249,1.6750000000000003,0.8814985217827165,0.04825245899999686
6,600,4,Random Projection,10.908028778222851,1.75,0.9434283066740714,0.04672766600000955
6,600,4,Random Sampling,15.54818729052455,1.665,0.9311068051326435,0.08966075000000728
6,600,4,Non-random,12.82308761576514,1.635,0.9498229043683589,0.18230495800000313
6,600,4,CountSketch,9.743072820924342,1.775,0.9473868052823454,0.03949875000000702
6,600,5,Random Projection,11.37052754471412,1.7950000000000002,0.9095628531125072,0.03585154099999954
6,600,5,Random Sampling,16.43082387249423,1.815,0.9140848061551174,0.09368404200000668
6,600,5,Non-random,12.90582264346792,1.7600000000000002,0.9306331852677474,0.1823750000000075
6,600,5,CountSketch,11.03827585948584,1.6099999999999999,0.91122351859097,0.03679841699999997
6,600,6,Random Projection,10.658519564863173,1.77,0.9025708319676344,0.03743483400000969
6,600,6,Random Sampling,16.546596482687697,1.68,0.9138801285776734,0.08867379200000869
6,600,6,Non-random,13.37264027868772,1.605,0.9227885921231327,0.1790110000000027
6,600,6,CountSketch,11.256185434421965,1.615,0.9246704697694299,0.04244237500000736
6,600,7,Random Projection,9.981328353130875,1.6500000000000001,0.9317070461757716,0.04037275000001728
6,600,7,Random Sampling,15.187845990353747,1.73,0.9310123423188708,0.07947624999999903
6,600,7,Non-random,12.632855092364984,1.63,0.9457777777777778,0.18735137500001997
6,600,7,CountSketch,10.274814099146893,1.665,0.914825407437357,0.04014187499998911
6,600,8,Random Projection,11.270741413227796,1.7,0.9406706576040379,0.040554915999990726
6,600,8,Random Sampling,18.063985449219683,1.8849999999999998,0.9326489448105671,0.0966472920000001
6,600,8,Non-random,13.193994041236596,1.6800000000000002,0.9147315312907214,0.18451749999999834
6,600,8,CountSketch,11.25537992521062,1.8250000000000002,0.9501923101340889,0.0444832909999775
6,600,9,Random Projection,10.312548210327648,1.755,0.9059618247839702,0.032696375000000444
6,600,9,Random Sampling,17.98057948195115,1.9050000000000002,0.8975719286369062,0.08956004099999859
6,600,9,Non-random,12.649765479799557,1.7000000000000002,0.9023913149787276,0.18441995799997812
6,600,9,CountSketch,10.517385825296447,1.7750000000000001,0.9003697409268484,0.03829229199999418
6,600,10,Random Projection,11.26035816920156,1.72,0.941841048636558,0.03577216599998678
6,600,10,Random Sampling,15.919312513470874,1.695,0.9240121913981804,0.0780406659999926
6,600,10,Non-random,13.435618339750587,1.585,0.9046418819575719,0.18595337499999687
6,600,10,CountSketch,11.112415091253629,1.745,0.942454707064231,0.03686245800000165
6,600,11,Random Projection,10.72248728956528,1.8599999999999999,0.8978405593717625,0.04863554199999953
6,600,11,Random Sampling,17.91446857894472,1.9249999999999998,0.9269305063205314,0.09427908300000354
6,600,11,Non-random,13.330641128268153,1.69,0.928883744855967,0.17971658299998694
6,600,11,CountSketch,10.673353450159828,1.7349999999999999,0.8922684525081732,0.034939124999993965
6,600,12,Random Projection,11.254907084732128,1.5699999999999998,0.8925888243242519,0.04008433300001002
6,600,12,Random Sampling,17.662170617622674,1.865,0.9021022405913461,0.09546916599998667
6,600,12,Non-random,13.272288916326481,1.6600000000000001,0.9243677356370535,0.1885973750000005
6,600,12,CountSketch,10.963958928951788,1.855,0.8900044221154196,0.042967042000015
6,600,13,Random Projection,10.659860820914817,1.8199999999999998,0.8860827361771721,0.041126207999980124
6,600,13,Random Sampling,16.429255713797687,1.7850000000000001,0.925002564226347,0.08656733299997654
6,600,13,Non-random,13.17066551176843,1.64,0.9181134259259259,0.18712470899998834
6,600,13,CountSketch,11.108348774838209,1.67,0.9342788052222973,0.04824133299999289
6,600,14,Random Projection,10.655192584251244,1.8400000000000003,0.8455061708997362,0.03497425000000476
6,600,14,Random Sampling,17.057697333855838,1.805,0.9029239836681678,0.0905092080000145
6,600,14,Non-random,12.932153929451392,1.67,0.9238608045567818,0.18125079200001437
6,600,14,CountSketch,10.827270230396136,1.8450000000000002,0.8626032840048478,0.03595645899997635
6,600,15,Random Projection,10.076588321305948,1.535,0.934127808955143,0.03585133400000018
6,600,15,Random Sampling,17.003644635663075,1.8450000000000002,0.9398380193641328,0.09547966700000643
6,600,15,Non-random,12.632809233393882,1.545,0.9448502556610665,0.18999962500001288
6,600,15,CountSketch,11.2582305543242,1.685,0.92353869132881,0.04199329200000079
6,600,16,Random Projection,9.994833987986485,1.8199999999999998,0.8884777640017376,0.036937125000008564
6,600,16,Random Sampling,16.736634502494272,1.8900000000000001,0.9112893091704839,0.0924912499999948
6,600,16,Non-random,12.915779748269426,1.72,0.9184367706973616,0.18805420799998274
6,600,16,CountSketch,9.912907415086512,1.6800000000000002,0.8950747163070764,0.048177874999993264
6,600,17,Random Projection,10.85448473182492,1.705,0.90153288489194,0.042597375000013926
6,600,17,Random Sampling,15.860496814248599,1.8249999999999997,0.9122596714349485,0.11802933300000973
6,600,17,Non-random,12.9574629742804,1.64,0.9300945179584121,0.17860774999999762
6,600,17,CountSketch,10.242491656677997,1.75,0.8974130561823213,0.031793083000025035
6,600,18,Random Projection,10.630150844653034,1.77,0.9132946178524992,0.0402224169999954
6,600,18,Random Sampling,15.623735659262701,1.655,0.9271284317368802,0.09122070900002655
6,600,18,Non-random,13.011334433610685,1.6400000000000001,0.9321623844776697,0.19100495899999714
6,600,18,CountSketch,10.975156835564183,1.6949999999999998,0.9326749994213038,0.036126624999980095
6,600,19,Random Projection,11.708047235371918,1.76,0.9011191607301164,0.03559299999997734
6,600,19,Random Sampling,16.8145785105276,1.7850000000000001,0.9113995357690552,0.08155074999999101
6,600,19,Non-random,12.73222240903656,1.6800000000000002,0.9409670857988166,0.18578412499999786
6,600,19,CountSketch,10.671165011703222,1.74,0.9417553302421642,0.047507916000000705
6,600,20,Random Projection,10.80048089360991,1.66,0.9401090706568873,0.044213125000027276
6,600,20,Random Sampling,15.809948430482306,1.73,0.9281836199906539,0.08743258300000889
6,600,20,Non-random,12.932003200903072,1.6,0.9346707818930041,0.18612887500000852
6,600,20,CountSketch,10.62379191946541,1.8150000000000002,0.9454656393453967,0.04215337499999805
6,800,1,Random Projection,12.30012455372548,1.6996142040494493,0.9394090962649037,0.0396679590000133
6,800,1,Random Sampling,18.481956633638134,1.661428853031455,0.9264547483464384,0.10105104100000517
6,800,1,Non-random,15.437461308793802,1.4860888175494917,0.9170403848617922,0.2807657080000183
6,800,1,CountSketch,11.903325171281878,1.5833966939821464,0.9221194274225073,0.052124165999998695
6,800,2,Random Projection,11.248747849317157,1.6621046999521274,0.9472493415565874,0.05246679100000051
6,800,2,Random Sampling,18.249710052284822,1.7174537467263664,0.9312359240474533,0.11237854099999822
6,800,2,Non-random,14.577657673567671,1.564796823519473,0.9343989614183131,0.2636011250000081
6,800,2,CountSketch,11.75321197313444,1.71086423924981,0.9456473536326253,0.04172512499999925
6,800,3,Random Projection,12.725927123158021,1.7332939089296275,0.944053180169935,0.05078279100001737
6,800,3,Random Sampling,18.79642076680077,1.7099490298780657,0.930211553753022,0.08918737499999452
6,800,3,Non-random,14.828740480420501,1.5722029793585086,0.9270602602938183,0.2649654169999849
6,800,3,CountSketch,12.464712291054063,1.5789896088535946,0.9260899686219553,0.037903957999986915
6,800,4,Random Projection,11.815789417619502,1.6537974148855286,0.905722285454118,0.04285058299998923
6,800,4,Random Sampling,17.56663329646664,1.7399538171270874,0.9058103824645287,0.1181513749999965
6,800,4,Non-random,15.097064640717969,1.564754583086931,0.9223427819003971,0.2868812920000039
6,800,4,CountSketch,12.647433130936431,1.6761707639886232,0.901688425456182,0.05361754200001201
6,800,5,Random Projection,12.018120127595456,1.784925797640168,0.8862738800801737,0.04190650000001028
6,800,5,Random Sampling,19.072138157377296,1.7025710343273914,0.9130118029437291,0.11963995799999338
6,800,5,Non-random,14.93315865499882,1.5827490073498351,0.8994394428401563,0.2785387090000029
6,800,5,CountSketch,11.783345639832433,1.6688772493030328,0.8934394647303852,0.03962654099998986
6,800,6,Random Projection,12.141867381940836,1.710821998817268,0.938480917813366,0.05198720900000353
6,800,6,Random Sampling,16.84260583960865,1.6319872715496606,0.9216916560995355,0.10785933299999328
6,800,6,Non-random,15.399650824755462,1.583593816000676,0.9312732884188339,0.30554662499997676
6,800,6,CountSketch,11.839044306545308,1.7108079186730873,0.943140008029384,0.04892195900001184
6,800,7,Random Projection,11.876712591607756,1.6920531666244263,0.9425308069908781,0.04145095800001286
6,800,7,Random Sampling,19.123013404759764,1.7443468221114584,0.9274459717702441,0.11414608299998008
6,800,7,Non-random,15.229147057214423,1.4823012587648896,0.9239772940514168,0.2612934160000009
6,800,7,CountSketch,12.606475008461109,1.7033172819689675,0.938183086536948,0.03649099999998384
6,800,8,Random Projection,11.620472500996271,1.7362788994959306,0.9171420522746817,0.03565749999998502
6,800,8,Random Sampling,17.78119903959725,1.6839852440088987,0.9211905065438035,0.10047191700002145
6,800,8,Non-random,15.103614877873833,1.5641913773197038,0.9365761891964526,0.2809855000000141
6,800,8,CountSketch,12.209307203826803,1.7183407958097492,0.9240517163278935,0.04705775000002177
6,800,9,Random Projection,11.997294065798238,1.714525076736786,0.9404352555938499,0.0396650829999885
6,800,9,Random Sampling,17.98963583983783,1.6696234969446087,0.9273016240577692,0.09707091699999637
6,800,9,Non-random,15.302015472062198,1.5046464475796233,0.9233234714003945,0.26149745899999743
6,800,9,CountSketch,11.832901727245646,1.7174255864380052,0.8965219468487902,0.048356541999993397
6,800,10,Random Projection,11.035879728645309,1.7286052209174623,0.8989688794635636,0.054673291999989715
6,800,10,Random Sampling,16.99560558573582,1.7361662583424855,0.9239559304642718,0.09803345800000329
6,800,10,Non-random,14.442219360944025,1.6285939568021177,0.9335446885316425,0.2726070420000042
6,800,10,CountSketch,11.741778565656613,1.7745346512348286,0.9539437624261612,0.05236825000000067
6,800,11,Random Projection,12.996048646241146,1.6465039001999382,0.9003673755839432,0.049705708000004734
6,800,11,Random Sampling,18.13121330583207,1.7182703950888458,0.9279367423105257,0.09874583299998108
6,800,11,Non-random,15.393966580555094,1.5645433809242206,0.9172535211267605,0.26370616600001995
6,800,11,CountSketch,11.755263442392529,1.7586240883106643,0.9332147314976442,0.040696292000006906
6,800,12,Random Projection,11.605619574898462,1.71086423924981,0.9415403224341168,0.04410566699999663
6,800,12,Random Sampling,18.473009081016684,1.639632789839768,0.9238803116907042,0.09115720799999849
6,800,12,Non-random,15.66339034294146,1.392272816873645,0.9165743944636678,0.2687637500000051
6,800,12,CountSketch,12.000804422392783,1.5009433696601053,0.9216027322518469,0.048501208999994105
6,800,13,Random Projection,12.11500917983296,1.6994734026076428,0.9372098622381111,0.04222458399999596
6,800,13,Random Sampling,17.55421612371499,1.7032187209597027,0.9175129387688075,0.1123941660000014
6,800,13,Non-random,15.56341020561462,1.523499760637549,0.9169401288108822,0.2700556249999977
6,800,13,CountSketch,12.869545052056125,1.617315761313396,0.9299812049985834,0.0423531670000159
6,800,14,Random Projection,11.896501206101709,1.680789051279885,0.9271728277208559,0.04182554100000857
6,800,14,Random Sampling,17.107716306028962,1.70337360254569,0.9239323776638897,0.10956383300000994
6,800,14,Non-random,15.038147823405362,1.4784996198361071,0.9186260289539084,0.2611584169999901
6,800,14,CountSketch,11.343795655618358,1.6499535355242037,0.9186936981932795,0.050864665999995395
6,800,15,Random Projection,12.398261416487898,1.7632282954577454,0.9408736717367776,0.050894124999985024
6,800,15,Random Sampling,17.512767519369728,1.743839936920954,0.92452262621827,0.12013495900001203
6,800,15,Non-random,15.498377771427174,1.5908732505420855,0.9312280701754386,0.27808470899998383
6,800,15,CountSketch,13.126699034315845,1.6957421643997637,0.9335958429616488,0.03633183300001974
6,800,16,Random Projection,11.985393066905504,1.639632789839768,0.9325637093763337,0.04098470899998574
6,800,16,Random Sampling,19.511435534274266,1.8605643321787615,0.9390026559009007,0.10829120799999714
6,800,16,Non-random,14.92951466366586,1.5458590295964632,0.9284458415472321,0.263175375000003
6,800,16,CountSketch,11.821536534937852,1.785911407732815,0.9441609742664349,0.04128299999999285
6,800,17,Random Projection,11.436494504699048,1.6022218467517106,0.9201656730372937,0.053032624999985956
6,800,17,Random Sampling,18.46810248769066,1.6800991242150318,0.9189694355476751,0.10236604199999988
6,800,17,Non-random,15.152191057687618,1.5421700318211258,0.9100200021892944,0.26723974999998745
6,800,17,CountSketch,12.49574228544396,1.571358170707668,0.9187560736214607,0.04733075000001463
6,800,18,Random Projection,13.353407035771564,1.713806989383571,0.9036433968451917,0.04174266699999407
6,800,18,Random Sampling,20.00600309413001,1.7811945594322887,0.9175144820562491,0.1084177079999904
6,800,18,Non-random,15.131992403541599,1.6021936864633495,0.9312165377751338,0.26566720799999644
6,800,18,CountSketch,12.20144426673901,1.7175382275914504,0.9026451925846877,0.04625691600000437
6,800,19,Random Projection,12.166876675009036,1.5758919771338458,0.9367337447197763,0.04450975000000312
6,800,19,Random Sampling,17.871014008005478,1.6920954070569683,0.936982495501431,0.10759329200001844
6,800,19,Non-random,15.144287523541106,1.5795528146208218,0.935455322265625,0.26893995800000425
6,800,19,CountSketch,12.231751692320776,1.627439384979302,0.9000931739724956,0.04704375000000027
6,800,20,Random Projection,12.070694296498791,1.5497169891019684,0.9251953636242627,0.0464705830000014
6,800,20,Random Sampling,17.222058911326805,1.6395483089746838,0.9148600152838966,0.09454474999998297
6,800,20,Non-random,15.50789601738395,1.474937343358396,0.9142789127423823,0.26074091600000315
6,800,20,CountSketch,12.324635136876678,1.6165131930950973,0.9080785493481582,0.03508295800000383
6,1000,1,Random Projection,13.36765143024974,1.3983744223265182,0.9216016372346866,0.04677574999999479
6,1000,1,Random Sampling,19.887749822630333,1.6406466346586108,0.9190003266655193,0.10136412499997505
6,1000,1,Non-random,16.795512894673173,1.368362374350398,0.9171853376872158,0.3273143750000145
6,1000,1,CountSketch,13.471375055616527,1.4494254733775693,0.9226911769179739,0.058546040999999605
6,1000,2,Random Projection,13.633767509753524,1.6024257790724856,0.9243638565008034,0.05343983299999877
6,1000,2,Random Sampling,20.8890151422166,1.6467335599072126,0.9207460207711327,0.13576654199999894
6,1000,2,Non-random,17.549575858810478,1.515203826581072,0.9186655725287212,0.34693229100000167
6,1000,2,CountSketch,12.007562676983847,1.580622538706371,0.9085508645925542,0.05208166700001016
6,1000,3,Random Projection,13.056146897102476,1.6351800902699107,0.9228214621814685,0.04620624999998313
6,1000,3,Random Sampling,20.277591628622464,1.7133211055366744,0.924551695318197,0.12386562500000764
6,1000,3,Non-random,17.00722653749255,1.5783657909406412,0.9060956790123457,0.35971324999999865
6,1000,3,CountSketch,12.16224144908085,1.7133031234827643,0.9316510718957425,0.046387584000001425
6,1000,4,Random Projection,12.058680722746159,1.6376885867903832,0.9240539082014677,0.053419625000003634
6,1000,4,Random Sampling,19.310372171907268,1.6893240545935158,0.9279404942096349,0.12199004100000366
6,1000,4,Non-random,16.875783135981138,1.5123626620632609,0.9163896617125185,0.33618908400001146
6,1000,4,CountSketch,12.172791641702478,1.5451619283954614,0.9249905463390313,0.04562470799999119
6,1000,5,Random Projection,14.388258587962168,1.6472010933088779,0.9295415448233365,0.053845125000009375
6,1000,5,Random Sampling,20.31202823528557,1.7282462102821383,0.9251528277362082,0.12647683299999812
6,1000,5,Non-random,17.15685242516933,1.5662908417399435,0.9167087488953415,0.3323567090000097
6,1000,5,CountSketch,12.725434209467435,1.6946916976857096,0.9111565230557969,0.048441834000016115
6,1000,6,Random Projection,13.376813537512092,1.5843717969466473,0.9296227369215577,0.04196183299998779
6,1000,6,Random Sampling,20.43640625913264,1.6471381561201919,0.9307171369473015,0.1048235840000018
6,1000,6,Non-random,17.21478689434629,1.5274316232400063,0.9260624731698694,0.35155725000001325
6,1000,6,CountSketch,13.755903575810997,1.640754526982072,0.9220548578508448,0.05980716700000244
6,1000,7,Random Projection,12.91338018010705,1.5692219165273058,0.9279341589766712,0.06029020799999785
6,1000,7,Random Sampling,18.91932795935903,1.6474078869288449,0.9338364658292719,0.1221471670000085
6,1000,7,Non-random,16.88110236085172,1.4882217546888206,0.9225391787343781,0.3327281249999885
6,1000,7,CountSketch,13.633784665861437,1.6203538868209528,0.9320629952091118,0.0452388330000133
6,1000,8,Random Projection,12.638084186860286,1.6412130693567817,0.938948257371757,0.045346209000001636
6,1000,8,Random Sampling,19.48910371472122,1.6741831652011292,0.93580425262475,0.11403041600001984
6,1000,8,Non-random,16.602485395019215,1.5513567459675244,0.9252351713948429,0.3498513330000037
6,1000,8,CountSketch,11.901348779204913,1.6856557155958354,0.9346465686126977,0.05559099999999262
6,1000,9,Random Projection,13.325792526730645,1.6141950333567099,0.9408240495056858,0.04345541699998989
6,1000,9,Random Sampling,19.667639472977697,1.7066677455899013,0.9376528339214542,0.12902312500000335
6,1000,9,Non-random,16.719710731211237,1.4791857725989463,0.9209998016266614,0.3529172079999796
6,1000,9,CountSketch,13.186719843778395,1.6142489795184405,0.9344193856165739,0.049712208000016744
6,1000,10,Random Projection,12.532979729059864,1.5776375177572783,0.917436807357323,0.05436449999999127
6,1000,10,Random Sampling,19.453492936855437,1.6617036197874522,0.9238176412271806,0.11585166699998695
6,1000,10,Non-random,17.30322040289328,1.485335635036234,0.9160375170707825,0.33095679199999495
6,1000,10,CountSketch,12.71096549610301,1.556679433924943,0.8820100456917694,0.04938129199999253
6,1000,11,Random Projection,12.458541278043484,1.7156947366528206,0.9086738673115254,0.05157170800001154
6,1000,11,Random Sampling,19.000345270903374,1.662261063458668,0.9360161786511825,0.11842691600000421
6,1000,11,Non-random,16.565538305805678,1.4913056769344195,0.9413667388503605,0.34292879100001983
6,1000,11,CountSketch,12.75322864878471,1.6675298052543561,0.9219585730673414,0.04577791700000944
6,1000,12,Random Projection,12.662870678304259,1.6436406466346585,0.9209382503016798,0.048548207999999704
6,1000,12,Random Sampling,19.702075320355995,1.6141231051410692,0.9258944978201675,0.10889341699999022
6,1000,12,Non-random,17.09944520974452,1.467326608045171,0.9248639458307657,0.3224816250000231
6,1000,12,CountSketch,13.193920543866586,1.6353958749168331,0.9321697895765939,0.04411979199997518
6,1000,13,Random Projection,12.01134509831177,1.5724137310963657,0.9325894552267623,0.049555499999996755
6,1000,13,Random Sampling,20.900768578180752,1.6706317095538652,0.9230574331548359,0.1251545420000184
6,1000,13,Non-random,17.00654882391934,1.4282695869522217,0.92413597692548,0.3593722919999891
6,1000,13,CountSketch,12.643058154200169,1.6796676916437394,0.9217672810792554,0.03849970800001756
6,1000,14,Random Projection,13.070350304637762,1.6016435597273921,0.9107476380295586,0.04483558300000823
6,1000,14,Random Sampling,20.62928483900985,1.6796766826706948,0.9049861307207527,0.13013633299999583
6,1000,14,Non-random,16.88813403297722,1.6022549495603386,0.923395061728395,0.33120824999997467
6,1000,14,CountSketch,13.719417907043969,1.700715685745626,0.9055155235313169,0.04454679100001613
6,1000,15,Random Projection,12.312982170164563,1.6862041682400963,0.9360252464421897,0.03786649999997849
6,1000,15,Random Sampling,19.939591435251174,1.6683030335724944,0.9339591801194074,0.12560333300001503
6,1000,15,Non-random,16.658176927808807,1.4792666918415422,0.9251240548204158,0.3261615840000047
6,1000,15,CountSketch,12.311083530668945,1.6861412310514106,0.9483167789907583,0.04223541600001113
6,1000,16,Random Projection,12.764027279137997,1.5805146463829098,0.9398376368961068,0.03799295800001801
6,1000,16,Random Sampling,18.799321346867742,1.6735987484490478,0.9266024125399734,0.11795625000002019
6,1000,16,Non-random,16.746891969626233,1.5745535955116794,0.9453133410226836,0.34520762500000046
6,1000,16,CountSketch,13.42532095296644,1.5984877092661525,0.9300118925725069,0.05476462499999002
6,1000,17,Random Projection,12.972259998135621,1.5931650213087338,0.9286874732741209,0.046793707999995604
6,1000,17,Random Sampling,18.99646388092166,1.628643613673554,0.9149581315206937,0.11432683399999632
6,1000,17,Non-random,16.695387200749387,1.3862814910719101,0.9157616312918226,0.3546620829999938
6,1000,17,CountSketch,12.26182877073851,1.5805955656255057,0.9198183296283344,0.05856654200002254
6,1000,18,Random Projection,11.637030246713525,1.6262430094765423,0.9313696428725572,0.04840645900000595
6,1000,18,Random Sampling,20.498767581054523,1.7132581683479886,0.9205631536572244,0.10939254199999482
6,1000,18,Non-random,17.001162640532414,1.5333567100034167,0.9123146520820511,0.346194875000009
6,1000,18,CountSketch,11.197877179309899,1.6735717753681825,0.9219794723122355,0.04363304100002097
6,1000,19,Random Projection,12.720313967723094,1.650311988635342,0.9222758841726209,0.05380408299998862
6,1000,19,Random Sampling,19.328674893188687,1.6616496736257216,0.9288229491496707,0.11483691600000157
6,1000,19,Non-random,17.132779008652907,1.5004045962129795,0.908571580401743,0.3506612079999911
6,1000,19,CountSketch,12.006399314985678,1.5871140601679523,0.9241807511381686,0.05176300000002243
6,1000,20,Random Projection,13.090458168000325,1.554224883566201,0.9359209930664709,0.048223333000009916
6,1000,20,Random Sampling,18.379100005235543,1.6501951052849255,0.929875299222006,0.13114779200000726
6,1000,20,Non-random,16.91852179858595,1.5004045962129795,0.9317926742169167,0.3271127910000189
6,1000,20,CountSketch,12.404944334364407,1.7756828684972397,0.9001025265081322,0.04764404200000172
6,1200,1,Random Projection,14.192026786753965,1.4475,0.9327255064657617,0.049931249999985994
6,1200,1,Random Sampling,19.20290670841871,1.5025,0.9263497378749945,0.14098824999999238
6,1200,1,Non-random,18.543589888770803,1.35,0.9224973989298454,0.4797489999999982
6,1200,1,CountSketch,13.389567003396651,1.41,0.9338926063891964,0.06396066699997505
6,1200,2,Random Projection,12.999377777086268,1.5225,0.9242514173467283,0.05257737499999848
6,1200,2,Random Sampling,20.95504211200979,1.65,0.9329255358307006,0.1365087500000186
6,1200,2,Non-random,18.39612612034124,1.41,0.9266446267349568,0.4993076659999929
6,1200,2,CountSketch,13.304250704480657,1.5350000000000001,0.9337481354385385,0.058748707999995986
6,1200,3,Random Projection,15.190042936462573,1.7799999999999998,0.9181635650847652,0.05636208300001044
6,1200,3,Random Sampling,20.397255455237456,1.645,0.9206474601045157,0.12136704200000281
6,1200,3,Non-random,18.305704552216916,1.4100000000000001,0.9154691613514565,0.4911703340000031
6,1200,3,CountSketch,13.223530116161571,1.665,0.9281375392213911,0.051646415999982764
6,1200,4,Random Projection,13.436880676571159,1.52,0.9331954385110918,0.04816466599999103
6,1200,4,Random Sampling,21.231321794329663,1.715,0.9313750228974467,0.1385785830000259
6,1200,4,Non-random,18.762664387680005,1.4725000000000001,0.9208395061728395,0.4597229170000219
6,1200,4,CountSketch,13.726853305280027,1.4775,0.9306961133898527,0.05914979199997106
6,1200,5,Random Projection,13.503910981956402,1.6124999999999998,0.9306514584581012,0.049902291000023524
6,1200,5,Random Sampling,20.229938699592292,1.6475,0.9374212521468721,0.1414169999999899
6,1200,5,Non-random,18.160297827868085,1.5375,0.9272179901508156,0.5057246249999707
6,1200,5,CountSketch,13.374544960208688,1.625,0.9323935676110183,0.050036791999957586
6,1200,6,Random Projection,13.670570062166911,1.6175,0.9364003992940599,0.054231374999972104
6,1200,6,Random Sampling,21.157134107985414,1.5899999999999999,0.9232963214865391,0.12816558399998712
6,1200,6,Non-random,18.35879369675774,1.4674999999999998,0.9287848170258277,0.4791631250000137
6,1200,6,CountSketch,13.168657193971296,1.52,0.9334795708844316,0.05199774999999818
6,1200,7,Random Projection,13.397487741187135,1.4849999999999999,0.9270720727473801,0.05538954100001092
6,1200,7,Random Sampling,20.91379455578018,1.6475,0.916719306879322,0.1360946669999521
6,1200,7,Non-random,18.774343417605763,1.4,0.9091511487957591,0.5059912499999655
6,1200,7,CountSketch,12.82194397543254,1.4975,0.931260972626454,0.05137050000001864
6,1200,8,Random Projection,14.458193765124697,1.5875,0.9304296725935522,0.05169320800001742
6,1200,8,Random Sampling,22.11260178296659,1.6025,0.9338433073062499,0.12278195799996183
6,1200,8,Non-random,18.662216398658426,1.4325,0.9239753940792003,0.45878870799998595
6,1200,8,CountSketch,13.929231937954231,1.5125,0.9274182590618703,0.05090154100003019
6,1200,9,Random Projection,14.26195640641257,1.57,0.932731185811309,0.0516349160000118
6,1200,9,Random Sampling,19.724488918341702,1.5274999999999999,0.9222168161833196,0.13259641700000202
6,1200,9,Non-random,18.644659150048945,1.415,0.922979220647259,0.4691129579999824
6,1200,9,CountSketch,13.168942535985096,1.4925000000000002,0.9344361955136162,0.05388908399999082
6,1200,10,Random Projection,13.112013191493276,1.585,0.9217510568891409,0.057644832999983464
6,1200,10,Random Sampling,21.64192204679289,1.6425,0.916443818329308,0.15309941700002128
6,1200,10,Non-random,18.654666959683453,1.395,0.900079700519261,0.5058281670000042
6,1200,10,CountSketch,13.004694741507773,1.525,0.9147523284952174,0.04863795799997206
6,1200,11,Random Projection,13.50143377585103,1.635,0.9185015108229054,0.04642599999999675
6,1200,11,Random Sampling,21.941217805032068,1.7149999999999999,0.9408405707288121,0.12737712500000953
6,1200,11,Non-random,18.548977611326123,1.3675000000000002,0.9287097045703223,0.4784107080000126
6,1200,11,CountSketch,13.379146237671439,1.5075,0.9305255856648166,0.06949570799997673
6,1200,12,Random Projection,14.336334434330585,1.4975,0.9258923520763229,0.050435458000038125
6,1200,12,Random Sampling,21.977488744681057,1.6475,0.9243319475761608,0.11278895799995325
6,1200,12,Non-random,18.618478498870463,1.4875,0.9185143290041043,0.4647743330000367
6,1200,12,CountSketch,13.406779693582525,1.6375,0.9294837152223677,0.059401290999971934
6,1200,13,Random Projection,16.629494818499328,1.8874999999999997,0.8966293424932326,0.05157904199995755
6,1200,13,Random Sampling,21.71568703802852,1.6475,0.9373246771650408,0.1256113750000054
6,1200,13,Non-random,18.37259477343774,1.4625,0.9232236295173358,0.4577996249999501
6,1200,13,CountSketch,14.186175064981084,1.4649999999999999,0.9257514136369407,0.055145207999999
6,1200,14,Random Projection,14.244846536145907,1.7225000000000001,0.944375926096494,0.04891791599999351
6,1200,14,Random Sampling,20.982426588987728,1.6025,0.9302788937635191,0.12324408299997458
6,1200,14,Non-random,18.475726819416867,1.4925000000000002,0.9229855948310565,0.46293754099997386
6,1200,14,CountSketch,13.500178044666175,1.5675,0.9368213659384694,0.05503983299996662
6,1200,15,Random Projection,13.608613376691912,1.47,0.9162292162476701,0.05614583300001641
6,1200,15,Random Sampling,20.21699619263002,1.575,0.920955460920401,0.14853020900000047
6,1200,15,Non-random,18.63855338672811,1.43,0.9019447774631593,0.5041628330000094
6,1200,15,CountSketch,13.611244578710991,1.5925,0.9158930499362021,0.05154724999999871
6,1200,16,Random Projection,13.549276752467474,1.4875,0.929808916104272,0.05171500000000151
6,1200,16,Random Sampling,20.7832265024474,1.6,0.9258817621298495,0.12056858300002204
6,1200,16,Non-random,18.543766694993934,1.3975,0.9153657014544854,0.4493269999999825
6,1200,16,CountSketch,13.306330706411586,1.6375,0.9374703185399899,0.04786162499999591
6,1200,17,Random Projection,13.797852445264732,1.47,0.9185547292591435,0.05083120899996629
6,1200,17,Random Sampling,21.403719540764545,1.51,0.9210237488684349,0.10950912499998822
6,1200,17,Non-random,18.75234025570971,1.385,0.9155648323042491,0.47726479099998187
6,1200,17,CountSketch,13.845605499818484,1.475,0.9244541744714703,0.05420158300000821
6,1200,18,Random Projection,13.836477720209299,1.6175000000000002,0.9372905262681555,0.05457979200002683
6,1200,18,Random Sampling,20.43400392514082,1.54,0.928704087119116,0.12397983300002124
6,1200,18,Non-random,18.390878400000776,1.3599999999999999,0.9186269896193772,0.46376270900003647
6,1200,18,CountSketch,12.757069876718324,1.5375,0.9286806617067848,0.05007799999998497
6,1200,19,Random Projection,13.414448075153658,1.4275,0.9212514368801142,0.059312999999974636
6,1200,19,Random Sampling,21.321439012799758,1.565,0.9231684822727837,0.10871845899998789
6,1200,19,Non-random,18.791938272748776,1.295,0.9042610951356351,0.4849296250000066
6,1200,19,CountSketch,14.461862109600446,1.4775,0.9228398741096688,0.05702937500001326
6,1200,20,Random Projection,13.265010800763928,1.59,0.9302638435853375,0.04377304100000856
6,1200,20,Random Sampling,21.35334778861678,1.5975,0.9286827604772379,0.13883812499994974
6,1200,20,Non-random,18.14060223447263,1.4449999999999998,0.922486258927719,0.4856351249999875
6,1200,20,CountSketch,13.534620575524988,1.5499999999999998,0.9317819228682281,0.051154917000019395
