model,n,rep,method,time_sec,instance_gen_sec,metric_eval_sec,rp_draw_omega_sec,rp_power_iter_sec,rp_qr_sec,rp_build_core_sec,rp_reconstruct_sec,rp_small_eig_sec,rp_lift_sec,rp_kmeans_sec,algo_total_sec,algo_step_sum_sec,algo_other_sec,pipeline_total_sec,rs_sample_mask_sec,rs_build_sampled_matrix_sec,rs_eig_sec,rs_reconstruct_sec,rs_symmetrize_sec,rs_kmeans_sec,nr_eig_sec,nr_kmeans_sec,nr_copy_sec,cs_draw_hash_sec,cs_initial_multiply_sec,cs_sparse_explicit_sketch_sec,cs_power_iter_sec,cs_qr_sec,cs_build_core_sec,cs_reconstruct_sec,cs_small_eig_sec,cs_lift_sec,cs_kmeans_sec,sign_draw_omega_sec,sign_subspace_iter_sec,sign_reconstruct_sec,sign_build_core_sec,sign_small_eig_sec,sign_lift_sec,sign_kmeans_sec
4,200,1,Random Projection,0.08891433299999996,0.002638999999999836,0.017242165999999948,4.679200000001771e-05,0.0014370839999999774,0.0004889160000001169,0.0001491670000000056,0.0004949169999997061,0.0003053749999999411,8.417000000093822e-06,0.08596395799999978,0.08891433299999996,0.08889462599999964,1.9707000000313002e-05,0.10879549899999974,,,,,,,,,,,,,,,,,,,,,,,,,,
4,200,1,Random Sampling,0.028793583000000122,0.002638999999999836,0.016341791999999966,,,,,,,,,0.028793583000000122,0.028789289000000107,4.294000000015785e-06,0.047774374999999925,0.0004927910000001035,0.0005530000000000257,0.00984304100000033,0.00016983299999973056,0.00017641599999995705,0.01755420799999996,,,,,,,,,,,,,,,,,,,,
4,200,1,Non-random,0.0394410409999999,0.002638999999999836,0.017969207999999792,,,,,,,,,0.0394410409999999,0.03943470900000001,6.3319999998867615e-06,0.06004924899999953,,,,,,,0.02320737500000014,0.01602591699999989,0.00020141699999998153,,,,,,,,,,,,,,,,,
4,200,1,CountSketch,0.023017499999999913,0.002638999999999836,0.016469625000000043,,,,,,,,,0.023017499999999913,0.023990999999998763,0.0,0.04212612499999979,,,,,,,,,,0.00019762499999975702,0.0010388749999998836,0.0010388749999998836,0.0005377079999999701,0.0003538749999996149,0.0001749590000001966,0.00040529199999994603,0.0006912080000001097,3.37079999996881e-05,0.019518874999999714,,,,,,,
4,200,1,SIGN Bidirectional,0.02370133299999999,0.002638999999999836,0.01730916700000007,,,,,,,,,0.02370133299999999,0.02369279099999977,8.542000000222316e-06,0.0436494999999999,,,,,,,,,,,,,,,,,,,,3.812500000011099e-05,0.0015073750000000885,0.0009074159999999942,0.00011049999999990234,0.0005382089999996786,3.924999999993517e-05,0.02055191600000006
4,200,2,Random Projection,0.022610750000000124,0.0010623750000000598,0.017552375000000175,3.6790999999869456e-05,0.0006082080000000545,0.00030533300000001873,0.00014591699999977337,0.00016179100000002222,0.0003999590000001163,7.707999999606585e-06,0.0209400409999998,0.022610750000000124,0.02260574799999926,5.002000000864371e-06,0.04122550000000036,,,,,,,,,,,,,,,,,,,,,,,,,,
4,200,2,Random Sampling,0.028821832999999852,0.0010623750000000598,0.012037916999999787,,,,,,,,,0.028821832999999852,0.028816207999999843,5.625000000009095e-06,0.0419221249999997,0.000666541000000187,0.0003816250000001631,0.01093554199999991,5.5291999999873553e-05,5.408299999976052e-05,0.01672312499999995,,,,,,,,,,,,,,,,,,,,
4,200,2,Non-random,0.03300054199999991,0.0010623750000000598,0.013595542000000016,,,,,,,,,0.03300054199999991,0.032998667000000204,1.8749999997069722e-06,0.047658458999999986,,,,,,,0.017581457999999994,0.01540166700000034,1.5541999999868494e-05,,,,,,,,,,,,,,,,,
4,200,2,CountSketch,0.016771832999999958,0.0010623750000000598,0.011659207999999754,,,,,,,,,0.016771832999999958,0.017022249000000045,0.0,0.029493415999999772,,,,,,,,,,5.5875000000149555e-05,0.00027662500000014134,0.00027662500000014134,0.0004188749999998187,0.00027762499999983703,9.187499999985249e-05,0.00011854099999997203,0.00035041699999993625,2.1375000000212196e-05,0.015134415999999984,,,,,,,
4,200,2,SIGN Bidirectional,0.020369416999999945,0.0010623750000000598,0.012248999999999732,,,,,,,,,0.020369416999999945,0.020360832999999356,8.584000000588787e-06,0.03368079199999974,,,,,,,,,,,,,,,,,,,,3.929199999985755e-05,0.0017747919999999695,0.000635166999999992,0.00011379099999997422,0.000311749999999833,1.3207999999931275e-05,0.0174728329999998
4,200,3,Random Projection,0.016771417000000177,0.0012580830000001875,0.01211504200000002,0.00010595799999979505,0.0004452500000002857,0.00027454200000009976,8.262500000011386e-05,0.00010683299999980633,0.0002644999999996678,6.040999999790131e-06,0.015481834000000028,0.016771417000000177,0.016767582999999586,3.834000000590976e-06,0.030144542000000385,,,,,,,,,,,,,,,,,,,,,,,,,,
4,200,3,Random Sampling,0.023691665999999945,0.0012580830000001875,0.012083125000000194,,,,,,,,,0.023691665999999945,0.023688708000000336,2.9579999996087736e-06,0.037032874000000326,0.00029191700000019694,0.00030929100000021137,0.009187165999999802,5.179200000027251e-05,0.00014149999999979457,0.013707042000000058,,,,,,,,,,,,,,,,,,,,
4,200,3,Non-random,0.03185966699999998,0.0012580830000001875,0.012109124999999832,,,,,,,,,0.03185966699999998,0.031856499999999954,3.167000000026121e-06,0.045226875,,,,,,,0.017733040999999616,0.014108500000000301,1.4959000000036582e-05,,,,,,,,,,,,,,,,,
4,200,3,CountSketch,0.01670883299999959,0.0012580830000001875,0.011462333000000324,,,,,,,,,0.01670883299999959,0.016946169000000122,0.0,0.0294292490000001,,,,,,,,,,5.26669999998397e-05,0.00026895900000001305,0.00026895900000001305,0.00043691700000003664,0.0005323340000003007,0.0001373340000001555,0.00036883300000001285,0.00034124999999995964,1.6082999999778025e-05,0.014522833000000013,,,,,,,
4,200,3,SIGN Bidirectional,0.016356958000000255,0.0012580830000001875,0.013454625000000053,,,,,,,,,0.016356958000000255,0.016347375000000053,9.583000000201736e-06,0.031069666000000495,,,,,,,,,,,,,,,,,,,,3.741700000015058e-05,0.001434833999999885,0.00037704199999977206,0.0001923750000001334,0.0003338330000000056,5.583000000086713e-06,0.01396629100000002
4,200,4,Random Projection,0.014508291999999923,0.0009437079999998765,0.011615665999999969,3.6750000000029814e-05,0.00041366600000003473,0.0002726250000000263,0.00016204199999991786,0.00045408299999971646,0.0002899580000002011,6.1659999999186255e-06,0.012866874999999833,0.014508291999999923,0.014502164999999678,6.127000000244465e-06,0.027067665999999768,,,,,,,,,,,,,,,,,,,,,,,,,,
4,200,4,Random Sampling,0.02399691699999984,0.0009437079999998765,0.010937999999999892,,,,,,,,,0.02399691699999984,0.023993749000000175,3.1679999996647723e-06,0.03587862499999961,0.00023891700000033822,0.0002587080000000519,0.008179750000000041,5.070800000028797e-05,5.129099999967579e-05,0.01521437499999978,,,,,,,,,,,,,,,,,,,,
4,200,4,Non-random,0.030143832999999898,0.0009437079999998765,0.01214729200000031,,,,,,,,,0.030143832999999898,0.030140834000000005,2.9989999998925043e-06,0.043234833000000084,,,,,,,0.017918958999999735,0.012068333000000209,0.00015354200000006202,,,,,,,,,,,,,,,,,
4,200,4,CountSketch,0.015630583000000087,0.0009437079999998765,0.010831749999999918,,,,,,,,,0.015630583000000087,0.015865706000000035,0.0,0.02740604099999988,,,,,,,,,,4.895799999982131e-05,0.0002595409999996967,0.0002595409999996967,0.00034208300000004854,0.0002792500000001752,0.0001029579999998198,0.00010500000000002174,0.00030725000000009217,1.8167000000346434e-05,0.014142958000000316,,,,,,,
4,200,4,SIGN Bidirectional,0.016668291999999862,0.0009437079999998765,0.011983625000000053,,,,,,,,,0.016668291999999862,0.016664375000000398,3.916999999464821e-06,0.029595624999999792,,,,,,,,,,,,,,,,,,,,3.72500000000997e-05,0.0013512920000002815,0.00039366699999998644,8.570800000029521e-05,0.00023995799999987355,5.4999999998806e-06,0.01455099999999998
4,200,5,Random Projection,0.014734666999999924,0.0011938329999998665,0.01050175000000042,3.6791999999952196e-05,0.00037300000000017874,0.0002647909999997644,8.616599999999863e-05,9.900000000007125e-05,0.00025629100000035265,5.7500000001375895e-06,0.013608582999999896,0.014734666999999924,0.014730373000000352,4.293999999571696e-06,0.02643025000000021,,,,,,,,,,,,,,,,,,,,,,,,,,
4,200,5,Random Sampling,0.022895584000000024,0.0011938329999998665,0.010882833000000147,,,,,,,,,0.022895584000000024,0.022892956999999825,2.627000000199331e-06,0.03497225000000004,0.0002373329999998397,0.00026658300000015345,0.009996042000000038,4.866600000008603e-05,4.991699999967736e-05,0.01229441600000003,,,,,,,,,,,,,,,,,,,,
4,200,5,Non-random,0.028701959000000166,0.0011938329999998665,0.011353833000000257,,,,,,,,,0.028701959000000166,0.028700166999999333,1.7920000008331272e-06,0.04124962500000029,,,,,,,0.016341124999999845,0.012345791999999634,1.3249999999853657e-05,,,,,,,,,,,,,,,,,
4,200,5,CountSketch,0.015810207999999992,0.0011938329999998665,0.011122708999999897,,,,,,,,,0.015810207999999992,0.016047583999999393,0.0,0.028126749999999756,,,,,,,,,,5.2207999999609456e-05,0.00027195799999990555,0.00027195799999990555,0.00033087499999995273,0.00028129199999993304,0.00010799999999999699,9.725000000004869e-05,0.00025195899999985727,5.999999999950489e-06,0.014376084000000233,,,,,,,
4,200,5,SIGN Bidirectional,0.014400082999999952,0.0011938329999998665,0.010177416999999966,,,,,,,,,0.014400082999999952,0.014395251000000275,4.831999999677095e-06,0.025771332999999785,,,,,,,,,,,,,,,,,,,,5.866699999979019e-05,0.001525125000000127,0.000350207999999963,9.216700000003186e-05,0.00025783400000012335,5.583000000086713e-06,0.012105667000000153
4,200,6,Random Projection,0.013876875000000233,0.0008829579999996007,0.011015540999999907,3.487499999987875e-05,0.0004142499999999494,0.00045858300000034546,0.00010195900000020686,0.00015212500000005846,0.0002159580000000716,1.0624999999819806e-05,0.01248195799999996,0.013876875000000233,0.01387033300000029,6.54199999994276e-06,0.02577537399999974,,,,,,,,,,,,,,,,,,,,,,,,,,
4,200,6,Random Sampling,0.02305500000000027,0.0008829579999996007,0.010601209000000278,,,,,,,,,0.02305500000000027,0.02305016699999962,4.833000000648013e-06,0.03453916700000015,0.00023012499999985891,0.0002586249999998458,0.008969458000000152,0.00023012499999985891,0.00023329199999988504,0.01312854200000002,,,,,,,,,,,,,,,,,,,,
4,200,6,Non-random,0.028447749999999772,0.0008829579999996007,0.011471624999999985,,,,,,,,,0.028447749999999772,0.028446165999999717,1.5840000000544308e-06,0.04080233299999936,,,,,,,0.01571216700000022,0.012720415999999624,1.3582999999872669e-05,,,,,,,,,,,,,,,,,
4,200,6,CountSketch,0.016113083000000028,0.0008829579999996007,0.010905750000000047,,,,,,,,,0.016113083000000028,0.016367208000000577,0.0,0.027901790999999676,,,,,,,,,,5.5375000000079666e-05,0.00027795799999985604,0.00027795799999985604,0.00037662500000035237,0.00027354100000032133,9.933300000009027e-05,0.0001020000000000465,0.00024391700000014893,5.583999999725364e-06,0.0146549170000001,,,,,,,
4,200,6,SIGN Bidirectional,0.015444292000000193,0.0008829579999996007,0.010851874999999733,,,,,,,,,0.015444292000000193,0.01543608299999999,8.209000000203304e-06,0.027179124999999527,,,,,,,,,,,,,,,,,,,,3.74999999999126e-05,0.001343832999999961,0.000343416999999846,0.0001764170000000398,0.00029737500000015515,6.4580000000979965e-06,0.013231082999999977
4,200,7,Random Projection,0.013402042000000058,0.0008710000000000662,0.010439540999999775,3.379099999989421e-05,0.0003749170000002522,0.0002650829999999438,0.00012687499999985974,0.00011370899999985085,0.00024095800000001333,5.291999999990082e-06,0.012238041000000255,0.013402042000000058,0.013398666000000059,3.3759999999993795e-06,0.0247125829999999,,,,,,,,,,,,,,,,,,,,,,,,,,
4,200,7,Random Sampling,0.022420333000000348,0.0008710000000000662,0.011578291999999824,,,,,,,,,0.022420333000000348,0.022408749000000228,1.1584000000119943e-05,0.03486962500000024,0.0002317080000002747,0.0002620000000002065,0.008162999999999698,0.00015287499999994125,0.00013708299999981577,0.013462083000000291,,,,,,,,,,,,,,,,,,,,
4,200,7,Non-random,0.03321916699999994,0.0008710000000000662,0.011137625000000373,,,,,,,,,0.03321916699999994,0.03321720799999994,1.958999999995825e-06,0.04522779200000038,,,,,,,0.01740308300000004,0.015787875000000007,2.6249999999894413e-05,,,,,,,,,,,,,,,,,
4,200,7,CountSketch,0.014603709000000187,0.0008710000000000662,0.011014916999999791,,,,,,,,,0.014603709000000187,0.014836542999999036,0.0,0.026489626000000044,,,,,,,,,,4.758300000018423e-05,0.0002567919999996171,0.0002567919999996171,0.000347416999999961,0.00044370800000015365,8.695899999988654e-05,9.924999999988415e-05,0.00025091600000015646,6.458999999736648e-06,0.01304066699999984,,,,,,,
4,200,7,SIGN Bidirectional,0.018859332999999978,0.0008710000000000662,0.011042457999999922,,,,,,,,,0.018859332999999978,0.018853124000000054,6.208999999923748e-06,0.030772790999999966,,,,,,,,,,,,,,,,,,,,3.829100000007912e-05,0.0013687500000001407,0.00046720899999996846,0.00010916700000018764,0.00028237499999983484,5.790999999977231e-06,0.016581540999999866
4,200,8,Random Projection,0.015597500000000153,0.0009330830000000567,0.011725541999999756,3.479100000003399e-05,0.0004264170000003453,0.00045387500000027003,0.00012575000000003556,0.0001382919999999288,0.00026741600000024235,6.500000000020378e-06,0.014139083999999968,0.015597500000000153,0.015592125000000845,5.374999999308017e-06,0.028256124999999965,,,,,,,,,,,,,,,,,,,,,,,,,,
4,200,8,Random Sampling,0.020818250000000038,0.0009330830000000567,0.011356124999999828,,,,,,,,,0.020818250000000038,0.02081416500000044,4.084999999598438e-06,0.03310745799999992,0.00024583300000013963,0.0003114580000000977,0.0069236660000000505,5.7958000000191134e-05,6.249999999985434e-05,0.013212750000000106,,,,,,,,,,,,,,,,,,,,
4,200,8,Non-random,0.03271604199999967,0.0009330830000000567,0.011983166999999906,,,,,,,,,0.03271604199999967,0.03271279100000024,3.2509999994267957e-06,0.04563229199999963,,,,,,,0.017831416000000377,0.01486608399999989,1.5290999999972854e-05,,,,,,,,,,,,,,,,,
4,200,8,CountSketch,0.015243209000000313,0.0009330830000000567,0.010815833000000552,,,,,,,,,0.015243209000000313,0.015511832000001391,0.0,0.02699212500000092,,,,,,,,,,6.462500000026239e-05,0.00029895800000012684,0.00029895800000012684,0.00033354199999990897,0.00028529200000004806,0.00010558299999985366,0.00013708300000025986,0.0003532500000003047,5.666000000292826e-06,0.013628875000000207,,,,,,,
4,200,8,SIGN Bidirectional,0.015568542000000463,0.0009330830000000567,0.010721375000000144,,,,,,,,,0.015568542000000463,0.01556450000000087,4.041999999593315e-06,0.027223000000000663,,,,,,,,,,,,,,,,,,,,3.7833000000375705e-05,0.0013681249999999423,0.00035600000000002296,0.00010333300000020529,0.0002442920000005344,5.666999999931477e-06,0.013449249999999857
4,200,9,Random Projection,0.01284566700000056,0.0008824159999996084,0.010539249999999889,3.475000000019435e-05,0.00036204199999989584,0.00026083300000045995,8.833399999996772e-05,0.00011304099999964734,0.00024524999999986363,6.332999999969502e-06,0.01173116600000057,0.01284566700000056,0.012841749000000569,3.91799999999165e-06,0.024267333000000058,,,,,,,,,,,,,,,,,,,,,,,,,,
4,200,9,Random Sampling,0.022526499999999672,0.0008824159999996084,0.011110291000000494,,,,,,,,,0.022526499999999672,0.022523542000000063,2.9579999996087736e-06,0.034519206999999774,0.0003383330000001905,0.00028933299999955864,0.009461083999999786,4.8792000000297264e-05,4.887500000005929e-05,0.012337125000000171,,,,,,,,,,,,,,,,,,,,
4,200,9,Non-random,0.029925666999999656,0.0008824159999996084,0.010838290999999778,,,,,,,,,0.029925666999999656,0.029921749000000553,3.917999999103472e-06,0.04164637399999904,,,,,,,0.017243083000000325,0.012665000000000148,1.3666000000078782e-05,,,,,,,,,,,,,,,,,
4,200,9,CountSketch,0.013410332999999497,0.0008824159999996084,0.010421292000000193,,,,,,,,,0.013410332999999497,0.013644123999999813,0.0,0.024714040999999298,,,,,,,,,,4.6958000000429934e-05,0.00026216599999973056,0.00026216599999973056,0.0002936250000002971,0.00027062499999974676,8.475000000007782e-05,0.00010137499999984811,0.00024754200000032256,5.9169999993002875e-06,0.01206900000000033,,,,,,,
4,200,9,SIGN Bidirectional,0.017065000000000552,0.0008824159999996084,0.010840417000000713,,,,,,,,,0.017065000000000552,0.017060083999999698,4.916000000854126e-06,0.028787833000000873,,,,,,,,,,,,,,,,,,,,3.845899999976865e-05,0.0013963750000005604,0.00040991699999981535,0.00011083299999992136,0.0002627500000000893,7.29199999938146e-06,0.014834458000000161
4,200,10,Random Projection,0.014503249999999746,0.0011903329999993773,0.011140124999999834,3.574999999944595e-05,0.00037033400000030525,0.00027108300000033836,0.00011645799999993045,0.00010020800000010155,0.00022441600000000506,5.707999999771118e-06,0.013375458999999701,0.014503249999999746,0.014499415999999599,3.834000000146887e-06,0.026833707999998957,,,,,,,,,,,,,,,,,,,,,,,,,,
4,200,10,Random Sampling,0.021898333000000214,0.0011903329999993773,0.01028687500000025,,,,,,,,,0.021898333000000214,0.021895375000000605,2.9579999996087736e-06,0.03337554099999984,0.00024454100000070866,0.00026475000000036886,0.008443916000000051,4.9584000000102435e-05,5.041699999974725e-05,0.012842166999999627,,,,,,,,,,,,,,,,,,,,
4,200,10,Non-random,0.02830075000000054,0.0011903329999993773,0.01112066700000014,,,,,,,,,0.02830075000000054,0.028298208999999908,2.5410000006331757e-06,0.04061175000000006,,,,,,,0.015589249999999666,0.012680709000000512,2.824999999972988e-05,,,,,,,,,,,,,,,,,
4,200,10,CountSketch,0.013211082999999846,0.0011903329999993773,0.010498000000000118,,,,,,,,,0.013211082999999846,0.01345633100000132,0.0,0.02489941599999934,,,,,,,,,,5.129200000020262e-05,0.0002687080000001174,0.0002687080000001174,0.00027883400000039416,0.0002739580000001851,8.441599999997607e-05,0.00010545800000016925,0.00027291600000012295,5.999999999950489e-06,0.011846041000000085,,,,,,,
4,200,10,SIGN Bidirectional,0.015326082999999713,0.0011903329999993773,0.010338916000000253,,,,,,,,,0.015326082999999713,0.015322083000000042,3.9999999996709334e-06,0.026855331999999343,,,,,,,,,,,,,,,,,,,,3.737499999978411e-05,0.001306666999999706,0.00038433300000040305,9.845800000007898e-05,0.0002278340000003709,5.458000000402308e-06,0.013261957999999296
4,200,11,Random Projection,0.012759292000000144,0.0008796249999996064,0.010459749999999879,3.4708000000271966e-05,0.0003452079999997082,0.00026170800000002714,9.154199999983348e-05,9.187499999985249e-05,0.00024183399999966326,5.374999999752106e-06,0.011683708999999709,0.012759292000000144,0.012755958999998818,3.333000001326525e-06,0.02409866699999963,,,,,,,,,,,,,,,,,,,,,,,,,,
4,200,11,Random Sampling,0.021166874999999585,0.0008796249999996064,0.010792332999999488,,,,,,,,,0.021166874999999585,0.021163957999999816,2.916999999769132e-06,0.03283883299999868,0.00022070799999962532,0.0002690000000002968,0.006349792000000853,4.808299999936594e-05,4.925000000000068e-05,0.014227124999999674,,,,,,,,,,,,,,,,,,,,
4,200,11,Non-random,0.03175424999999965,0.0008796249999996064,0.010977374999999512,,,,,,,,,0.03175424999999965,0.03175058500000105,3.6649999985982618e-06,0.04361124999999877,,,,,,,0.01744279200000065,0.01429345900000012,1.4334000000282288e-05,,,,,,,,,,,,,,,,,
4,200,11,CountSketch,0.01404566699999954,0.0008796249999996064,0.009985667000000475,,,,,,,,,0.01404566699999954,0.01427879000000054,0.0,0.02491095899999962,,,,,,,,,,4.891599999989893e-05,0.00025729100000049243,0.00025729100000049243,0.0003113329999999692,0.00027320799999941414,0.00010291699999953607,0.00010170799999986713,0.00032170900000050295,3.795800000006011e-05,0.012566459000000307,,,,,,,
4,200,11,SIGN Bidirectional,0.01575666699999978,0.0008796249999996064,0.010947583000000094,,,,,,,,,0.01575666699999978,0.015752335000000173,4.331999999607206e-06,0.02758387499999948,,,,,,,,,,,,,,,,,,,,3.579100000017377e-05,0.0013590839999997328,0.0004035000000000011,0.00012933400000036954,0.0002634999999999721,5.666999999931477e-06,0.013555458999999992
4,200,12,Random Projection,0.014641791999999931,0.0011238750000002184,0.010692374999999643,3.845800000057409e-05,0.0003877909999996376,0.00039883399999940394,8.833299999988498e-05,9.858299999976339e-05,0.0002665000000003914,1.412499999986494e-05,0.013342415999999524,0.014641791999999931,0.014635039999999044,6.752000000886937e-06,0.026458041999999793,,,,,,,,,,,,,,,,,,,,,,,,,,
4,200,12,Random Sampling,0.02041137500000012,0.0011238750000002184,0.011500791000000454,,,,,,,,,0.02041137500000012,0.02040566599999938,5.709000000742037e-06,0.03303604100000079,0.00023262499999976427,0.0002590409999996268,0.0069928749999998985,0.00011100000000041632,8.96670000001265e-05,0.012720457999999546,,,,,,,,,,,,,,,,,,,,
4,200,12,Non-random,0.029158084000000528,0.0011238750000002184,0.010805915999999804,,,,,,,,,0.029158084000000528,0.02915554099999973,2.5430000007986564e-06,0.04108787500000055,,,,,,,0.016418083999999666,0.012722790999999845,1.466600000021856e-05,,,,,,,,,,,,,,,,,
4,200,12,CountSketch,0.016795458000000707,0.0011238750000002184,0.010572707999999764,,,,,,,,,0.016795458000000707,0.017022292000001826,0.0,0.02849204100000069,,,,,,,,,,4.525000000032975e-05,0.0002474580000004778,0.0002474580000004778,0.00027645800000009046,0.0002667920000005708,9.870899999953053e-05,0.00010133300000081391,0.00023079199999997968,5.666999999931477e-06,0.015502374999999624,,,,,,,
4,200,12,SIGN Bidirectional,0.01724058300000042,0.0011238750000002184,0.011504208999999932,,,,,,,,,0.01724058300000042,0.017234376000000218,6.207000000202356e-06,0.02986866700000057,,,,,,,,,,,,,,,,,,,,3.7541999999390896e-05,0.0017819169999997442,0.0004144580000007281,0.00012608399999969322,0.00024958300000044176,5.50000000032469e-06,0.014619291999999895
4,200,13,Random Projection,0.01681237499999977,0.0010845000000001548,0.010925874999999863,3.683400000031867e-05,0.00035625000000027995,0.0004135830000002727,8.541700000019858e-05,9.758299999962361e-05,0.00024629099999984305,9.9169999998594e-06,0.0155614169999998,0.01681237499999977,0.016807292000000196,5.082999999572735e-06,0.028822749999999786,,,,,,,,,,,,,,,,,,,,,,,,,,
4,200,13,Random Sampling,0.02284633399999958,0.0010845000000001548,0.010970207999999815,,,,,,,,,0.02284633399999958,0.02284312500000052,3.2089999990603246e-06,0.03490104199999955,0.0002513750000003867,0.0002680420000000794,0.008157041000000476,4.974999999962648e-05,5.104199999994563e-05,0.014065875000000005,,,,,,,,,,,,,,,,,,,,
4,200,13,Non-random,0.0330109580000002,0.0010845000000001548,0.011525374999999727,,,,,,,,,0.0330109580000002,0.033008750000000475,2.2079999997259847e-06,0.04562083300000008,,,,,,,0.01751820899999945,0.015475750000000232,1.4791000000791144e-05,,,,,,,,,,,,,,,,,
4,200,13,CountSketch,0.017372584000000302,0.0010845000000001548,0.010462333000000434,,,,,,,,,0.017372584000000302,0.017628751000000165,0.0,0.02891941700000089,,,,,,,,,,5.858300000038952e-05,0.0002812090000006151,0.0002812090000006151,0.0002936670000002195,0.00027870799999973883,8.024999999989291e-05,9.258399999989564e-05,0.00024012499999948034,5.832999999455524e-06,0.016016582999999862,,,,,,,
4,200,13,SIGN Bidirectional,0.018028375000000096,0.0010845000000001548,0.011257542000000065,,,,,,,,,0.018028375000000096,0.018023875000001688,4.499999998408555e-06,0.030370417000000316,,,,,,,,,,,,,,,,,,,,3.76250000000411e-05,0.001368583000000534,0.00036300000000011323,9.870800000033597e-05,0.00022720900000017252,5.666999999931477e-06,0.01592308300000056
4,200,14,Random Projection,0.015387125000000168,0.0009619589999996236,0.011363750000000117,3.5124999999247564e-05,0.0004338330000006607,0.00027562500000044565,9.995799999984456e-05,0.00010508299999933968,0.00024925000000042274,5.666999999931477e-06,0.01417804199999928,0.015387125000000168,0.015382582999999173,4.542000000995472e-06,0.02771283399999991,,,,,,,,,,,,,,,,,,,,,,,,,,
4,200,14,Random Sampling,0.023881083000000025,0.0009619589999996236,0.010794458999999534,,,,,,,,,0.023881083000000025,0.023876705000001053,4.377999998972371e-06,0.03563750099999918,0.00025058300000058154,0.0002681660000005692,0.009927541000000595,5.341600000008384e-05,5.466599999959243e-05,0.013322332999999631,,,,,,,,,,,,,,,,,,,,
4,200,14,Non-random,0.03126075000000039,0.0009619589999996236,0.01127237499999989,,,,,,,,,0.03126075000000039,0.03125775000000086,2.9999999995311555e-06,0.043495083999999906,,,,,,,0.01759141700000022,0.013651583000000578,1.4750000000063324e-05,,,,,,,,,,,,,,,,,
4,200,14,CountSketch,0.016363124999999812,0.0009619589999996236,0.011797207999999948,,,,,,,,,0.016363124999999812,0.016638375000000316,0.0,0.029122291999999383,,,,,,,,,,7.095800000023189e-05,0.0003036669999998409,0.0003036669999998409,0.0004290420000003792,0.0004365829999999349,0.0001227919999999827,0.00011383299999945251,0.00026641600000054666,7.375000000031662e-06,0.014584042000000075,,,,,,,
4,200,14,SIGN Bidirectional,0.01590308299999954,0.0009619589999996236,0.011421333999999561,,,,,,,,,0.01590308299999954,0.01589683300000022,6.2499999993193e-06,0.028286375999998725,,,,,,,,,,,,,,,,,,,,5.80420000000359e-05,0.0014562500000003809,0.00035133300000023127,8.449999999982083e-05,0.00023974999999953894,5.583000000086713e-06,0.013701375000000127
4,200,15,Random Projection,0.012635416999999372,0.0009644170000004948,0.010578084000000487,3.574999999944595e-05,0.00034012500000013546,0.00028270800000029794,0.00010808299999975901,0.00010841699999986076,0.00027129199999986753,6.2500000002074785e-06,0.011477874999999749,0.012635416999999372,0.012630499999999323,4.917000000048688e-06,0.024177918000000354,,,,,,,,,,,,,,,,,,,,,,,,,,
4,200,15,Random Sampling,0.02333575000000021,0.0009644170000004948,0.010578208000000089,,,,,,,,,0.02333575000000021,0.023331709000002476,4.040999997734218e-06,0.034878375000000794,0.00024058400000015467,0.0003261250000008431,0.009057042000000237,5.5041000000422e-05,5.7750000000744706e-05,0.013595167000000075,,,,,,,,,,,,,,,,,,,,
4,200,15,Non-random,0.029867958000000527,0.0009644170000004948,0.011840249999999664,,,,,,,,,0.029867958000000527,0.029865582999999418,2.375000001109129e-06,0.042672625000000686,,,,,,,0.015904332999999937,0.013946791999999597,1.4457999999883953e-05,,,,,,,,,,,,,,,,,
4,200,15,CountSketch,0.013372541999999932,0.0009644170000004948,0.011012707999999982,,,,,,,,,0.013372541999999932,0.01369254200000114,0.0,0.02534966700000041,,,,,,,,,,5.9042000000175676e-05,0.00034529200000044113,0.00034529200000044113,0.0003603749999996353,0.00027633300000040606,0.00010979199999994194,0.00010754100000021083,0.0002643749999995393,6.875000000405862e-06,0.011817624999999943,,,,,,,
4,200,15,SIGN Bidirectional,0.014626291999999985,0.0009644170000004948,0.011530250000000741,,,,,,,,,0.014626291999999985,0.014619417000000468,6.874999999517684e-06,0.02712095900000122,,,,,,,,,,,,,,,,,,,,3.766699999996348e-05,0.0014061669999998472,0.0003506660000001105,7.650000000047896e-05,0.00034174999999958544,2.695800000029891e-05,0.012379709000000183
4,200,16,Random Projection,0.0163953750000001,0.001063832999999903,0.0104275420000004,3.4957999999640776e-05,0.00040316699999998207,0.0004930840000003656,0.00010204099999988614,0.00011925000000001518,0.000281957999999527,6.667000000071255e-06,0.014945292000000165,0.0163953750000001,0.016386416999999653,8.958000000447441e-06,0.027886750000000404,,,,,,,,,,,,,,,,,,,,,,,,,,
4,200,16,Random Sampling,0.034114666999999876,0.001063832999999903,0.0106368330000004,,,,,,,,,0.034114666999999876,0.03411016699999969,4.500000000184912e-06,0.04581533300000018,0.0002501669999999123,0.00027254100000018155,0.013275083999999993,6.229199999996382e-05,6.412499999974841e-05,0.020185957999999893,,,,,,,,,,,,,,,,,,,,
4,200,16,Non-random,0.03300083300000001,0.001063832999999903,0.011418208000000263,,,,,,,,,0.03300083300000001,0.0329977079999999,3.1250000001037392e-06,0.04548287400000017,,,,,,,0.017333583000000097,0.015650457999999645,1.3667000000161522e-05,,,,,,,,,,,,,,,,,
4,200,16,CountSketch,0.015779542000000646,0.001063832999999903,0.010797333000000187,,,,,,,,,0.015779542000000646,0.01602837400000201,0.0,0.027640708000000735,,,,,,,,,,5.570800000054277e-05,0.0002736670000000885,0.0002736670000000885,0.0003341660000000246,0.00027737499999958004,8.916700000050071e-05,0.00010633300000062462,0.00025241700000044887,5.9160000001057256e-06,0.014359958000000006,,,,,,,
4,200,16,SIGN Bidirectional,0.015240374999999418,0.001063832999999903,0.010802332999999997,,,,,,,,,0.015240374999999418,0.015234000000000414,6.374999999003705e-06,0.027106540999999318,,,,,,,,,,,,,,,,,,,,4.129199999969302e-05,0.0014279579999998404,0.00038545800000022723,7.800000000024454e-05,0.0002640829999993599,6.04200000076105e-06,0.013031167000000288
4,200,17,Random Projection,0.016645332999999596,0.0011409169999998525,0.010868207999999768,3.658299999997894e-05,0.0003853750000004652,0.0002734169999998315,8.904199999992812e-05,9.004099999998516e-05,0.00022770799999971558,5.374999999752106e-06,0.015533582999999851,0.016645332999999596,0.016641123999999508,4.209000000088281e-06,0.028654457999999217,,,,,,,,,,,,,,,,,,,,,,,,,,
4,200,17,Random Sampling,0.0259301660000002,0.0011409169999998525,0.010830416999999315,,,,,,,,,0.0259301660000002,0.025926083000000766,4.082999999432957e-06,0.037901499999999366,0.00025037500000024693,0.0002736250000001661,0.009995749999999859,5.837500000005491e-05,6.116700000013964e-05,0.0152867910000003,,,,,,,,,,,,,,,,,,,,
4,200,17,Non-random,0.031056999999999668,0.0011409169999998525,0.010629750000000548,,,,,,,,,0.031056999999999668,0.03105433400000024,2.6659999994294026e-06,0.04282766700000007,,,,,,,0.016422416000000162,0.01461645899999997,1.545900000010647e-05,,,,,,,,,,,,,,,,,
4,200,17,CountSketch,0.016694207999999655,0.0011409169999998525,0.010505750000000091,,,,,,,,,0.016694207999999655,0.01694300100000401,0.0,0.0283408749999996,,,,,,,,,,5.312499999998721e-05,0.0002730420000007783,0.0002730420000007783,0.00031004100000053825,0.00026904200000021916,0.00011150000000004212,0.00010912500000070935,0.00025862500000073396,5.875000000266084e-06,0.015279583999999957,,,,,,,
4,200,17,SIGN Bidirectional,0.017337791000000102,0.0011409169999998525,0.010912207999999701,,,,,,,,,0.017337791000000102,0.017332708000002306,5.082999997796378e-06,0.029390915999999656,,,,,,,,,,,,,,,,,,,,4.2542000000089786e-05,0.001407582999999768,0.0003684170000006759,9.129100000038193e-05,0.0002752080000005819,6.2500000002074785e-06,0.015141417000000601
4,200,18,Random Projection,0.014624000000000414,0.000922916999999579,0.010657250000000396,3.604199999962532e-05,0.00034020800000078566,0.0002770420000004492,7.01249999996989e-05,0.00013033400000050932,0.0003197919999999854,1.3250000000297746e-05,0.013430207999999944,0.014624000000000414,0.014617001000001295,6.9989999991193486e-06,0.02620416700000039,,,,,,,,,,,,,,,,,,,,,,,,,,
4,200,18,Random Sampling,0.023070750000000473,0.000922916999999579,0.01046341699999953,,,,,,,,,0.023070750000000473,0.02306758100000028,3.169000000191602e-06,0.03445708399999958,0.00024504100000033446,0.00026770799999997763,0.008216707999999961,5.5041000000422e-05,5.804199999914772e-05,0.014225041000000438,,,,,,,,,,,,,,,,,,,,
4,200,18,Non-random,0.03165325000000063,0.000922916999999579,0.011056707999999915,,,,,,,,,0.03165325000000063,0.03165087499999952,2.375000001109129e-06,0.043632875000000126,,,,,,,0.016824166999999335,0.01481283300000058,1.3874999999607951e-05,,,,,,,,,,,,,,,,,
4,200,18,CountSketch,0.015409250000000263,0.000922916999999579,0.010993416999999894,,,,,,,,,0.015409250000000263,0.015657624000001036,0.0,0.027325583999999736,,,,,,,,,,5.295800000038042e-05,0.00027191599999998317,0.00027191599999998317,0.00026491699999997564,0.00027650000000001285,7.987499999995151e-05,0.00010087500000022231,0.00024091600000009095,5.917000000188466e-06,0.014091834000000247,,,,,,,
4,200,18,SIGN Bidirectional,0.015699667000000694,0.000922916999999579,0.010721832999999847,,,,,,,,,0.015699667000000694,0.015694084000000608,5.583000000086713e-06,0.02734441700000012,,,,,,,,,,,,,,,,,,,,4.108400000024659e-05,0.001449707999999994,0.0003910000000004743,8.320899999958442e-05,0.00022616700000011036,5.7499999996935e-06,0.013497166000000504
4,200,19,Random Projection,0.01299199999999967,0.0009194579999993735,0.01036133299999964,3.654199999925112e-05,0.0004022920000004149,0.0002719170000000659,8.316699999966204e-05,0.00011145800000011974,0.00024462499999966525,5.790999999533142e-06,0.01183183299999957,0.01299199999999967,0.012987624999998282,4.375000001388685e-06,0.024272790999998684,,,,,,,,,,,,,,,,,,,,,,,,,,
4,200,19,Random Sampling,0.024201375000000525,0.0009194579999993735,0.011286541999999677,,,,,,,,,0.024201375000000525,0.02419812499999896,3.2500000015645014e-06,0.036407374999999575,0.00022266700000006523,0.0002584999999992732,0.008068833000000275,4.7999999999603915e-05,5.083300000041646e-05,0.015549291999999326,,,,,,,,,,,,,,,,,,,,
4,200,19,Non-random,0.028645291000000128,0.0009194579999993735,0.010571374999999605,,,,,,,,,0.028645291000000128,0.028641497999998933,3.7930000011954235e-06,0.04013612399999911,,,,,,,0.01689666600000006,0.011730540999999484,1.4290999999388987e-05,,,,,,,,,,,,,,,,,
4,200,19,CountSketch,0.014127832999999868,0.0009194579999993735,0.010657457999999842,,,,,,,,,0.014127832999999868,0.01435445800000057,0.0,0.025704748999999083,,,,,,,,,,4.5958000000290156e-05,0.0002502089999998347,0.0002502089999998347,0.0002616250000002651,0.000268666000000195,8.112500000034828e-05,0.00010329200000036565,0.00022704099999959482,5.332999999829724e-06,0.012861000000000011,,,,,,,
4,200,19,SIGN Bidirectional,0.01555179200000012,0.0009194579999993735,0.010354749999999413,,,,,,,,,0.01555179200000012,0.015547458999999542,4.333000000578124e-06,0.026825999999998906,,,,,,,,,,,,,,,,,,,,3.920899999965144e-05,0.0013766249999997981,0.0003700829999999655,7.96669999996169e-05,0.00024458299999974287,5.917000000188466e-06,0.013431375000000578
4,200,20,Random Projection,0.013237624999999476,0.0008846659999992568,0.0104187919999994,3.429199999960275e-05,0.00037749999999991957,0.0002593329999998062,9.333399999977843e-05,0.00010774999999974,0.00023975000000042712,5.50000000032469e-06,0.01211625000000005,0.013237624999999476,0.01323370899999965,3.91599999982617e-06,0.02454108299999813,,,,,,,,,,,,,,,,,,,,,,,,,,
4,200,20,Random Sampling,0.020210875000000073,0.0008846659999992568,0.010486166999999824,,,,,,,,,0.020210875000000073,0.020207999999999338,2.8750000007349286e-06,0.03158170799999915,0.00023762499999957498,0.0002638749999999135,0.007046167000000381,4.9832999999388505e-05,4.891699999998167e-05,0.012561583000000098,,,,,,,,,,,,,,,,,,,,
4,200,20,Non-random,0.030885000000000495,0.0008846659999992568,0.011227833000000409,,,,,,,,,0.030885000000000495,0.030881874999999503,3.1250000009919177e-06,0.04299749900000016,,,,,,,0.016623916999999544,0.014156082999999597,0.00010187500000036209,,,,,,,,,,,,,,,,,
4,200,20,CountSketch,0.012419291999999693,0.0008846659999992568,0.01035608300000046,,,,,,,,,0.012419291999999693,0.012672873999997947,0.0,0.02366004099999941,,,,,,,,,,5.0125000000456055e-05,0.0002746249999994177,0.0002746249999994177,0.00029591599999978513,0.0002709159999998434,8.137499999971709e-05,0.00010670899999976058,0.0002252499999997326,5.625000000009095e-06,0.011087707999999807,,,,,,,
4,200,20,SIGN Bidirectional,0.013004417000000323,0.0008846659999992568,0.010410291999999544,,,,,,,,,0.013004417000000323,0.013000666999999133,3.750000001190301e-06,0.024299374999999124,,,,,,,,,,,,,,,,,,,,3.562499999976154e-05,0.0012932079999998791,0.0003485830000000689,7.616699999957177e-05,0.00024237500000001688,5.917000000188466e-06,0.010998791999999646
4,400,1,Random Projection,0.015857750000000337,0.0038071250000006884,0.02914249999999985,6.345800000051582e-05,0.0007037499999995589,0.0007435830000002142,0.00016204200000036195,0.0012499589999999117,0.0002527499999995797,8.583000000506047e-06,0.012667833000000073,0.015857750000000337,0.01585195800000072,5.791999999615882e-06,0.048807375000000874,,,,,,,,,,,,,,,,,,,,,,,,,,
4,400,1,Random Sampling,0.027775041000000833,0.0038071250000006884,0.032888958000000024,,,,,,,,,0.027775041000000833,0.02777041699999927,4.6240000015629334e-06,0.06447112400000155,0.0009230829999999912,0.0017646669999997755,0.007711624999999778,0.0001544170000000733,0.0002035419999995014,0.01701308300000015,,,,,,,,,,,,,,,,,,,,
4,400,1,Non-random,0.07288533400000041,0.0038071250000006884,0.03205724999999937,,,,,,,,,0.07288533400000041,0.0728807499999995,4.584000000917854e-06,0.10874970900000047,,,,,,,0.05721708299999939,0.01517624999999967,0.0004874170000004341,,,,,,,,,,,,,,,,,
4,400,1,CountSketch,0.019005083999999783,0.0038071250000006884,0.030409332999999705,,,,,,,,,0.019005083999999783,0.019403459000001178,0.0,0.05322154200000018,,,,,,,,,,5.8541000000467136e-05,0.0004230420000004287,0.0004230420000004287,0.0005486670000003357,0.0005351659999996983,0.00022066699999978567,0.00025008300000006756,0.00026562499999993605,9.9169999998594e-06,0.01666870900000017,,,,,,,
4,400,1,SIGN Bidirectional,0.020751666999999863,0.0038071250000006884,0.0342757090000001,,,,,,,,,0.020751666999999863,0.020743876999999245,7.790000000618136e-06,0.05883450100000065,,,,,,,,,,,,,,,,,,,,0.00010258400000040524,0.002931709000000282,0.0006829169999997831,0.0001706669999999022,0.00023729199999955597,8.582999999617869e-06,0.016610124999999698
4,400,2,Random Projection,0.020196958000000542,0.003622416999999878,0.03458212500000002,6.495900000036414e-05,0.0008029159999995983,0.0005281249999997684,0.0002474580000004778,0.00018408300000061217,0.0002769169999998766,8.62499999954025e-06,0.01807862499999935,0.020196958000000542,0.020191707999999586,5.250000000955879e-06,0.05840150000000044,,,,,,,,,,,,,,,,,,,,,,,,,,
4,400,2,Random Sampling,0.04063041599999995,0.003622416999999878,0.030036500000000466,,,,,,,,,0.04063041599999995,0.040621167999999486,9.248000000461332e-06,0.07428933300000029,0.0010858339999995081,0.0015809170000000705,0.01565891699999966,0.0006506660000002995,0.00028958399999989837,0.021355250000000048,,,,,,,,,,,,,,,,,,,,
4,400,2,Non-random,0.06977425000000004,0.003622416999999878,0.03072316700000055,,,,,,,,,0.06977425000000004,0.06977045799999981,3.7920000002245047e-06,0.10411983400000047,,,,,,,0.05570900000000023,0.014014332999999546,4.712500000003672e-05,,,,,,,,,,,,,,,,,
4,400,2,CountSketch,0.019870374999999996,0.003622416999999878,0.028461833000000603,,,,,,,,,0.019870374999999996,0.02026999899999815,0.0,0.051954625000000476,,,,,,,,,,6.254200000022081e-05,0.00042820799999976344,0.00042820799999976344,0.0005965419999993671,0.00048695800000064793,0.00018683299999988634,0.00046620799999974594,0.00026187499999963393,1.7166999999318477e-05,0.017335457999999804,,,,,,,
4,400,2,SIGN Bidirectional,0.02055066700000019,0.003622416999999878,0.029158041000000523,,,,,,,,,0.02055066700000019,0.02054641600000018,4.251000000010663e-06,0.05333112500000059,,,,,,,,,,,,,,,,,,,,6.858400000009368e-05,0.0025058749999997687,0.0008188750000002187,0.0001582909999999771,0.00022654200000005176,8.416000000011081e-06,0.016759833000000057
4,400,3,Random Projection,0.015521792000000367,0.002624207999999406,0.028325084000000444,6.658399999981413e-05,0.0006721660000001961,0.0004876249999998805,0.00017133299999994023,0.00017550000000010613,0.00026270900000024966,8.541999999778227e-06,0.013673457999999528,0.015521792000000367,0.015517916999999493,3.8750000008747065e-06,0.04647108400000022,,,,,,,,,,,,,,,,,,,,,,,,,,
4,400,3,Random Sampling,0.024291417000000592,0.002624207999999406,0.02863533299999954,,,,,,,,,0.024291417000000592,0.024287708999999325,3.7080000012679193e-06,0.05555095799999954,0.0007528749999998752,0.001005542000000581,0.007246041999999342,0.00014641699999984326,0.00021066599999919333,0.01492616700000049,,,,,,,,,,,,,,,,,,,,
4,400,3,Non-random,0.07088579099999937,0.002624207999999406,0.03205820800000048,,,,,,,,,0.07088579099999937,0.07088187500000043,3.915999998937991e-06,0.10556820699999925,,,,,,,0.05527700000000024,0.015478374999999822,0.00012650000000036243,,,,,,,,,,,,,,,,,
4,400,3,CountSketch,0.018098125000000742,0.002624207999999406,0.029110165999999715,,,,,,,,,0.018098125000000742,0.018894082999999284,0.0,0.049832498999999864,,,,,,,,,,0.00010187500000036209,0.0008390409999998738,0.0008390409999998738,0.0004896670000000825,0.0006915840000001339,0.00018108299999930466,0.00016991700000001941,0.0002682080000004916,8.999999999481645e-06,0.015304666999999661,,,,,,,
4,400,3,SIGN Bidirectional,0.017653250000000398,0.002624207999999406,0.028729499999999852,,,,,,,,,0.017653250000000398,0.017648248999999616,5.00100000078163e-06,0.049006957999999656,,,,,,,,,,,,,,,,,,,,7.141700000001805e-05,0.002496875000000287,0.0008209159999994498,0.00017387499999976797,0.0002468750000002018,8.457999999933463e-06,0.013829832999999958
4,400,4,Random Projection,0.017628333000000218,0.0025701250000000897,0.028969000000000023,6.491700000044176e-05,0.0008115829999999491,0.00048804099999966155,0.0001668749999996777,0.0001664999999997363,0.00022954099999950017,8.37500000017144e-06,0.015688833999999652,0.017628333000000218,0.01762466599999879,3.6670000014282778e-06,0.04916745800000033,,,,,,,,,,,,,,,,,,,,,,,,,,
4,400,4,Random Sampling,0.02850004100000003,0.0025701250000000897,0.028392666999999427,,,,,,,,,0.02850004100000003,0.028496539999999904,3.501000000127874e-06,0.05946283299999955,0.0008940000000006165,0.0018581669999999662,0.009417333000000028,0.0001269159999992553,0.0002105830000003195,0.01598954099999972,,,,,,,,,,,,,,,,,,,,
4,400,4,Non-random,0.07081274999999998,0.0025701250000000897,0.030308917000000157,,,,,,,,,0.07081274999999998,0.07080925100000002,3.4989999999623933e-06,0.10369179200000023,,,,,,,0.05350329200000026,0.01725604199999964,4.991700000012145e-05,,,,,,,,,,,,,,,,,
4,400,4,CountSketch,0.02100737499999994,0.0025701250000000897,0.02789287500000004,,,,,,,,,0.02100737499999994,0.021397417000001084,0.0,0.05147037500000007,,,,,,,,,,5.470799999951481e-05,0.0004138750000004521,0.0004138750000004521,0.0005435839999998748,0.0004966250000002503,0.00018549999999972755,0.00016166700000042056,0.0002539160000001317,8.66700000035081e-06,0.01886499999999991,,,,,,,
4,400,4,SIGN Bidirectional,0.021994792000000096,0.0025701250000000897,0.03292483399999924,,,,,,,,,0.021994792000000096,0.02198987499999916,4.917000000936866e-06,0.05748975099999942,,,,,,,,,,,,,,,,,,,,6.783300000012815e-05,0.002504041999999984,0.0006724580000003755,0.00018149999999916844,0.0002842080000000635,8.541999999778227e-06,0.01827129199999966
4,400,5,Random Projection,0.017656083999999517,0.0033767499999992623,0.03593825000000006,6.616699999995035e-05,0.0007060829999998575,0.0004990420000003937,0.00020687500000082792,0.00020958400000026245,0.00022187499999937188,1.5207999999766741e-05,0.015724542000000064,0.017656083999999517,0.017649376000000494,6.707999999022718e-06,0.05697108399999884,,,,,,,,,,,,,,,,,,,,,,,,,,
4,400,5,Random Sampling,0.026285792000000363,0.0033767499999992623,0.02891808299999976,,,,,,,,,0.026285792000000363,0.026279043000000613,6.748999999750538e-06,0.05858062499999939,0.0010170000000000456,0.0013072090000001424,0.007924959000000342,0.00016450000000034493,0.0004217090000002699,0.015443665999999467,,,,,,,,,,,,,,,,,,,,
4,400,5,Non-random,0.07020962500000039,0.0033767499999992623,0.030976459000000567,,,,,,,,,0.07020962500000039,0.07020650000000028,3.1250000001037392e-06,0.10456283400000022,,,,,,,0.05535229199999936,0.014804542000000254,4.9666000000669897e-05,,,,,,,,,,,,,,,,,
4,400,5,CountSketch,0.017906499999999603,0.0033767499999992623,0.02904604200000005,,,,,,,,,0.017906499999999603,0.018314877000000784,0.0,0.050329291999998915,,,,,,,,,,5.108399999986801e-05,0.0004335419999996759,0.0004335419999996759,0.0005211249999996781,0.0004887920000005153,0.00021466700000072336,0.0001787079999999719,0.00021158300000045926,1.4959000000480671e-05,0.015766874999999736,,,,,,,
4,400,5,SIGN Bidirectional,0.01868812500000061,0.0033767499999992623,0.029095124999999555,,,,,,,,,0.01868812500000061,0.01868329000000024,4.835000000369405e-06,0.05115999999999943,,,,,,,,,,,,,,,,,,,,6.812500000030752e-05,0.002483415999999572,0.0006454590000002369,0.00016845800000009348,0.000227041000000483,8.291000000326676e-06,0.015082499999999222
4,400,6,Random Projection,0.021128291000000132,0.002601040999999249,0.028785874999999628,6.500000000020378e-05,0.0006840829999994469,0.00048433300000017,0.00016120799999974622,0.0001835830000000982,0.00024362500000041365,8.37500000017144e-06,0.01929383299999987,0.021128291000000132,0.02112404000000012,4.251000000010663e-06,0.05251520699999901,,,,,,,,,,,,,,,,,,,,,,,,,,
4,400,6,Random Sampling,0.03545083399999971,0.002601040999999249,0.02900079199999972,,,,,,,,,0.03545083399999971,0.035446500000000825,4.333999998884508e-06,0.06705266699999868,0.0007174169999997204,0.001144166000000446,0.012761999999999496,0.00016791700000062804,0.0003322920000004004,0.020322708000000134,,,,,,,,,,,,,,,,,,,,
4,400,6,Non-random,0.07409304100000025,0.002601040999999249,0.03112825000000008,,,,,,,,,0.07409304100000025,0.07408875099999968,4.290000000573002e-06,0.10782233199999958,,,,,,,0.05458237499999985,0.01945308400000023,5.3291999999594e-05,,,,,,,,,,,,,,,,,
4,400,6,CountSketch,0.019944874999999307,0.002601040999999249,0.029317625000000014,,,,,,,,,0.019944874999999307,0.02034512499999952,0.0,0.05186354099999857,,,,,,,,,,6.020800000072768e-05,0.00042720799999962367,0.00042720799999962367,0.0005933330000003068,0.0007190000000001362,0.000171749999999804,0.00018441699999982575,0.0002697499999992914,1.4959000000480671e-05,0.0174772919999997,,,,,,,
4,400,6,SIGN Bidirectional,0.023290999999999507,0.002601040999999249,0.02935179099999985,,,,,,,,,0.023290999999999507,0.023286333000000603,4.6669999989035205e-06,0.055243831999998605,,,,,,,,,,,,,,,,,,,,7.108399999999904e-05,0.00247370800000013,0.0006637080000002626,0.00016850000000001586,0.0002520000000005851,8.291999999521238e-06,0.01964904100000009
4,400,7,Random Projection,0.01805433400000034,0.0029302920000002786,0.029239708999999614,6.737500000042473e-05,0.0007909999999995421,0.0004932499999998896,0.0001772500000001287,0.00020658399999984312,0.0003277910000001327,2.541600000061095e-05,0.01595954200000005,0.01805433400000034,0.01804820800000062,6.125999999717635e-06,0.05022433500000023,,,,,,,,,,,,,,,,,,,,,,,,,,
4,400,7,Random Sampling,0.02717050000000043,0.0029302920000002786,0.030097625000000683,,,,,,,,,0.02717050000000043,0.027165625000000304,4.875000000126306e-06,0.06019841700000139,0.0007229170000000451,0.0010021660000001376,0.007573374999999771,0.00020479199999989817,0.00021062500000024187,0.01745175000000021,,,,,,,,,,,,,,,,,,,,
4,400,7,Non-random,0.07264808299999981,0.0029302920000002786,0.03170658400000104,,,,,,,,,0.07264808299999981,0.07264283400000071,5.248999999096782e-06,0.10728495900000112,,,,,,,0.05511187500000059,0.017441999999999958,8.89590000001661e-05,,,,,,,,,,,,,,,,,
4,400,7,CountSketch,0.01703024999999947,0.0029302920000002786,0.028642958000000718,,,,,,,,,0.01703024999999947,0.017459294000000014,0.0,0.048603500000000466,,,,,,,,,,5.837500000005491e-05,0.00045354199999891875,0.00045354199999891875,0.0005128330000001569,0.0004915840000006,0.00016691699999960008,0.00018645900000002769,0.00023691600000042,8.792000000923395e-06,0.014890334000000394,,,,,,,
4,400,7,SIGN Bidirectional,0.019569500000001128,0.0029302920000002786,0.029568499999999887,,,,,,,,,0.019569500000001128,0.01956512700000168,4.372999999446847e-06,0.05206829200000129,,,,,,,,,,,,,,,,,,,,6.920799999932115e-05,0.0024897920000004348,0.0006878750000005596,0.00015045900000032475,0.00027858400000013717,8.459000000016204e-06,0.015880750000000887
4,400,8,Random Projection,0.02071441700000065,0.0029061249999990935,0.028669542000001158,6.662499999876559e-05,0.0007040840000005488,0.00048074999999947465,0.00013924999999836984,0.00019675000000063392,0.0002475830000001622,8.292000000409416e-06,0.018867625000000388,0.02071441700000065,0.020710958999998752,3.4580000018991086e-06,0.0522900840000009,,,,,,,,,,,,,,,,,,,,,,,,,,
4,400,8,Random Sampling,0.0310397499999997,0.0029061249999990935,0.028913749999999183,,,,,,,,,0.0310397499999997,0.031035207999998704,4.542000000995472e-06,0.06285962499999798,0.0007222499999990362,0.0010038750000003205,0.010313082999999779,0.00016070799999923224,0.00023237499999950728,0.01860291700000083,,,,,,,,,,,,,,,,,,,,
4,400,8,Non-random,0.06939054200000072,0.0029061249999990935,0.03102658300000094,,,,,,,,,0.06939054200000072,0.06938637599999886,4.166000001859516e-06,0.10332325000000075,,,,,,,0.05420083399999953,0.015138166999999925,4.737499999940553e-05,,,,,,,,,,,,,,,,,
4,400,8,CountSketch,0.016088749999999763,0.0029061249999990935,0.029238459000000105,,,,,,,,,0.016088749999999763,0.016473789999993826,0.0,0.04823333399999896,,,,,,,,,,5.433299999957342e-05,0.00040733400000014797,0.00040733400000014797,0.0005843329999990488,0.000484707999998335,0.00017754099999933715,0.00019833299999838516,0.00024254099999865275,8.582999999617869e-06,0.01390875000000058,,,,,,,
4,400,8,SIGN Bidirectional,0.02097254100000079,0.0029061249999990935,0.029472916999999654,,,,,,,,,0.02097254100000079,0.020967793000000512,4.74800000027642e-06,0.053351582999999536,,,,,,,,,,,,,,,,,,,,6.808300000038514e-05,0.0024495000000008815,0.0006595839999992137,0.00015125000000004718,0.00023362499999990405,8.167000000725011e-06,0.017397583999999355
4,400,9,Random Projection,0.02021312499999972,0.0029257500000010594,0.02920804200000049,6.750000000010914e-05,0.0006768329999999878,0.00048279200000145295,0.00016941700000039361,0.00018374999999970498,0.0002690410000010246,8.417000000093822e-06,0.01835087500000121,0.02021312499999972,0.020208625000003977,4.4999999957440195e-06,0.05234691700000127,,,,,,,,,,,,,,,,,,,,,,,,,,
4,400,9,Random Sampling,0.02925570800000088,0.0029257500000010594,0.029206583000000563,,,,,,,,,0.02925570800000088,0.02925241600000028,3.292000000598705e-06,0.0613880410000025,0.000722458000000259,0.0009950420000013338,0.010727707999999225,0.00011566699999931984,0.00020658300000064855,0.016484957999999494,,,,,,,,,,,,,,,,,,,,
4,400,9,Non-random,0.07108862500000157,0.0029257500000010594,0.030634209000000467,,,,,,,,,0.07108862500000157,0.0710855420000005,3.0830000010695358e-06,0.1046485840000031,,,,,,,0.05486195900000013,0.016040625000000475,0.0001829579999998998,,,,,,,,,,,,,,,,,
4,400,9,CountSketch,0.016590457999999586,0.0029257500000010594,0.02897749999999988,,,,,,,,,0.016590457999999586,0.017008125000003815,0.0,0.048493708000000524,,,,,,,,,,5.333300000032182e-05,0.0004418330000000026,0.0004418330000000026,0.0005848750000012615,0.00048633299999956137,0.00017750000000127386,0.0001702919999999608,0.00028141700000006153,8.875000000685418e-06,0.014361834000000684,,,,,,,
4,400,9,SIGN Bidirectional,0.019349207999999507,0.0029257500000010594,0.029522000000000048,,,,,,,,,0.019349207999999507,0.019344417999999308,4.790000000198802e-06,0.051796958000000615,,,,,,,,,,,,,,,,,,,,7.020799999857275e-05,0.0024918340000006367,0.000678083999998691,0.00016816699999999685,0.00023499999999998522,8.125000000802629e-06,0.015693000000000623
4,400,10,Random Projection,0.025039582999999865,0.0026214170000002923,0.030545208000001267,7.124999999952308e-05,0.0007007500000000277,0.00048562499999960096,0.0001593750000008498,0.00018104199999946502,0.0002537080000006853,8.167000000725011e-06,0.02317550000000068,0.025039582999999865,0.02503541700000156,4.165999998306802e-06,0.058206208000001425,,,,,,,,,,,,,,,,,,,,,,,,,,
4,400,10,Random Sampling,0.040372500000000144,0.0026214170000002923,0.031468042000000196,,,,,,,,,0.040372500000000144,0.04036750000000211,4.9999999980343546e-06,0.07446195900000063,0.000726916999999716,0.001012750000001006,0.016485250000000562,0.0001802920000013586,0.00026979099999913103,0.021692500000000337,,,,,,,,,,,,,,,,,,,,
4,400,10,Non-random,0.0730094999999995,0.0026214170000002923,0.0318419169999995,,,,,,,,,0.0730094999999995,0.07300587499999978,3.624999999729539e-06,0.1074728339999993,,,,,,,0.05552858400000105,0.017426499999999123,5.07909999996059e-05,,,,,,,,,,,,,,,,,
4,400,10,CountSketch,0.01984154199999999,0.0026214170000002923,0.030512749999999755,,,,,,,,,0.01984154199999999,0.020241457000002683,0.0,0.05297570900000004,,,,,,,,,,5.937499999930651e-05,0.00042645800000151723,0.00042645800000151723,0.0005406249999992951,0.0004951250000004848,0.00016479199999963612,0.00018454199999951015,0.00025104100000028495,8.625000001316607e-06,0.017684415999999814,,,,,,,
4,400,10,SIGN Bidirectional,0.025884833000000995,0.0026214170000002923,0.030410040999999666,,,,,,,,,0.025884833000000995,0.025878332999997866,6.500000003129003e-06,0.05891629100000095,,,,,,,,,,,,,,,,,,,,7.191600000133747e-05,0.002575832999999861,0.000802916999999681,0.00024029199999908712,0.00025087499999898455,8.499999999855845e-06,0.02192799999999906
4,400,11,Random Projection,0.020243124999998585,0.0026850830000011428,0.0317117910000011,6.704199999951754e-05,0.0006510829999992751,0.0005183340000005643,0.00016195800000140537,0.0001865839999997121,0.0002520839999995417,8.708999999385014e-06,0.018391625000001355,0.020243124999998585,0.020237419000000756,5.705999997829281e-06,0.05463999900000083,,,,,,,,,,,,,,,,,,,,,,,,,,
4,400,11,Random Sampling,0.03267104200000048,0.0026850830000011428,0.0304397079999994,,,,,,,,,0.03267104200000048,0.03266462400000236,6.417999998120649e-06,0.06579583300000102,0.0007243330000008541,0.001193333000001573,0.010071707999999902,0.00016695799999943972,0.0002179170000005115,0.020290375000000083,,,,,,,,,,,,,,,,,,,,
4,400,11,Non-random,0.07191408300000113,0.0026850830000011428,0.0319672079999993,,,,,,,,,0.07191408300000113,0.07191141700000259,2.665999998541224e-06,0.10656637400000157,,,,,,,0.05464520900000025,0.01721508300000174,5.112500000059583e-05,,,,,,,,,,,,,,,,,
4,400,11,CountSketch,0.021558000000000632,0.0026850830000011428,0.02960850000000015,,,,,,,,,0.021558000000000632,0.021966792000004176,0.0,0.053851583000001924,,,,,,,,,,6.262499999998283e-05,0.00043579099999924154,0.00043579099999924154,0.0005271670000013273,0.0004987080000002919,0.00015508400000108225,0.00016754200000157482,0.0002526669999998177,8.542000001554584e-06,0.01942287500000006,,,,,,,
4,400,11,SIGN Bidirectional,0.021897166999998774,0.0026850830000011428,0.029349542000000284,,,,,,,,,0.021897166999998774,0.02189129100000109,5.875999997684289e-06,0.0539317920000002,,,,,,,,,,,,,,,,,,,,7.316700000004062e-05,0.0026002500000004147,0.0007229579999989966,0.00019933300000118948,0.00024233299999920632,8.625000001316607e-06,0.018044624999999925
4,400,12,Random Projection,0.019651209000000947,0.002631707999999122,0.031173707999998967,6.654199999900356e-05,0.0007581249999990547,0.0004905829999994893,0.00017495800000055794,0.0001704169999996452,0.00027416700000060246,8.791000000840654e-06,0.01770279199999969,0.019651209000000947,0.019646374999998883,4.834000002063021e-06,0.053456624999999036,,,,,,,,,,,,,,,,,,,,,,,,,,
4,400,12,Random Sampling,0.024936040999998355,0.002631707999999122,0.03034770800000075,,,,,,,,,0.024936040999998355,0.024931833000000125,4.207999998229184e-06,0.05791545699999823,0.0007304159999996784,0.0010430419999991614,0.007900999999998604,0.00014479200000039327,0.000256417000001008,0.01485616600000128,,,,,,,,,,,,,,,,,,,,
4,400,12,Non-random,0.07608887499999994,0.002631707999999122,0.03192508299999908,,,,,,,,,0.07608887499999994,0.07608466699999994,4.208000000005541e-06,0.11064566599999814,,,,,,,0.05754870900000064,0.0184887499999995,4.7207999999798744e-05,,,,,,,,,,,,,,,,,
4,400,12,CountSketch,0.017654665999998542,0.002631707999999122,0.030424874999999574,,,,,,,,,0.017654665999998542,0.01806408099999679,0.0,0.05071124899999724,,,,,,,,,,6.699999999959516e-05,0.0004371659999993227,0.0004371659999993227,0.0005609579999994452,0.0004942919999990636,0.00014437499999964132,0.0002316249999996245,0.0003250409999999704,8.833000000763036e-06,0.015357625000000041,,,,,,,
4,400,12,SIGN Bidirectional,0.02029166600000032,0.002631707999999122,0.030328125000000483,,,,,,,,,0.02029166600000032,0.020285249999997035,6.416000003284239e-06,0.053251498999999924,,,,,,,,,,,,,,,,,,,,6.991699999936429e-05,0.002536040999999045,0.0006450830000002128,0.0001666250000003089,0.00022745899999954133,8.541999999778227e-06,0.016631582999998784
4,400,13,Random Projection,0.018553125000000392,0.002626499999999865,0.030454957999999976,6.829199999991431e-05,0.0007630419999991034,0.000699416999999869,0.0002001249999992183,0.00020204199999973582,0.0002701659999999606,9.417000001121778e-06,0.016333666999999608,0.018553125000000392,0.01854616799999853,6.957000001861502e-06,0.051634583000000234,,,,,,,,,,,,,,,,,,,,,,,,,,
4,400,13,Random Sampling,0.02889437500000014,0.002626499999999865,0.029472750000000048,,,,,,,,,0.02889437500000014,0.028890458000001118,3.916999999020732e-06,0.06099362500000005,0.0007290420000014564,0.001015708999998921,0.009552208000000562,0.00017741599999965274,0.0002085830000009281,0.017207499999999598,,,,,,,,,,,,,,,,,,,,
4,400,13,Non-random,0.07697574999999901,0.002626499999999865,0.03080491599999924,,,,,,,,,0.07697574999999901,0.07697183299999821,3.9170000007970884e-06,0.11040716599999811,,,,,,,0.05844133299999932,0.018483749999999688,4.674999999920715e-05,,,,,,,,,,,,,,,,,
4,400,13,CountSketch,0.020039957999999913,0.002626499999999865,0.029799499999999313,,,,,,,,,0.020039957999999913,0.020459585000001113,0.0,0.05246595799999909,,,,,,,,,,5.758400000033248e-05,0.0004444170000006409,0.0004444170000006409,0.0005460839999997802,0.0004975409999996572,0.0001784999999987491,0.00022229200000012383,0.00026945900000008294,8.333000000249058e-06,0.017790958000000856,,,,,,,
4,400,13,SIGN Bidirectional,0.021898833999999923,0.002626499999999865,0.0291045840000006,,,,,,,,,0.021898833999999923,0.021893666000000422,5.167999999500239e-06,0.05362991800000039,,,,,,,,,,,,,,,,,,,,7.166700000027504e-05,0.0024672499999986996,0.0006872910000002008,0.00016708300000090048,0.0002853749999989219,9.000000000369823e-06,0.018206000000001055
4,400,14,Random Projection,0.017696208999998575,0.0026094590000003137,0.02905970800000013,6.595900000050392e-05,0.0006930419999999771,0.00049124999999961,0.00021137499999923648,0.00021466599999975244,0.00023554100000033884,8.457999999933463e-06,0.015770124999999524,0.017696208999998575,0.017690415999998876,5.7929999996986226e-06,0.04936537599999902,,,,,,,,,,,,,,,,,,,,,,,,,,
4,400,14,Random Sampling,0.02552695900000046,0.0026094590000003137,0.028931915999999447,,,,,,,,,0.02552695900000046,0.025522959999999983,3.9990000004763715e-06,0.05706833400000022,0.000731166999999644,0.0010080420000004864,0.008139957999999226,0.00016629200000117805,0.00021041699999990726,0.015267083999999542,,,,,,,,,,,,,,,,,,,,
4,400,14,Non-random,0.06997345799999977,0.0026094590000003137,0.030858916999999764,,,,,,,,,0.06997345799999977,0.06996941599999928,4.042000000481494e-06,0.10344183399999984,,,,,,,0.0549707909999988,0.014951124999999621,4.7500000000866294e-05,,,,,,,,,,,,,,,,,
4,400,14,CountSketch,0.01712899999999884,0.0026094590000003137,0.029033499999998824,,,,,,,,,0.01712899999999884,0.01752162599999707,0.0,0.04877195899999798,,,,,,,,,,5.475000000032537e-05,0.0004163749999985811,0.0004163749999985811,0.0006003750000012076,0.00048699999999968213,0.00016691699999960008,0.0001572499999991095,0.00023229199999974526,8.499999999855845e-06,0.014981792000000382,,,,,,,
4,400,14,SIGN Bidirectional,0.020419249999999778,0.0026094590000003137,0.02963012499999884,,,,,,,,,0.020419249999999778,0.020412999000001264,6.250999998513862e-06,0.05265883399999893,,,,,,,,,,,,,,,,,,,,7.025000000027148e-05,0.0024739160000013527,0.0008327080000007925,0.00017350000000071475,0.0002864579999997119,1.56669999995529e-05,0.016560499999998868
4,400,15,Random Projection,0.021774499999999364,0.002960791999999657,0.029959625000000045,6.65840000007023e-05,0.00069020799999997,0.0007012500000005417,0.00015616700000009587,0.0001901659999994365,0.00026049999999955276,1.491699999967011e-05,0.01968787499999891,0.021774499999999364,0.02176766699999888,6.83300000048348e-06,0.054694916999999066,,,,,,,,,,,,,,,,,,,,,,,,,,
4,400,15,Random Sampling,0.034040082999998944,0.002960791999999657,0.028007833000000204,,,,,,,,,0.034040082999998944,0.03403604200000032,4.0409999986223966e-06,0.0650087079999988,0.000727917000000744,0.0010082499999999328,0.011816249999998973,0.00015187500000024556,0.0002117909999999057,0.02011995900000052,,,,,,,,,,,,,,,,,,,,
4,400,15,Non-random,0.07094308400000138,0.002960791999999657,0.029667625000000086,,,,,,,,,0.07094308400000138,0.07094008299999999,3.0010000013902527e-06,0.10357150100000112,,,,,,,0.05456041700000114,0.01633316599999901,4.649999999983834e-05,,,,,,,,,,,,,,,,,
4,400,15,CountSketch,0.023347333000000248,0.002960791999999657,0.028345250000000988,,,,,,,,,0.023347333000000248,0.023759374000000832,0.0,0.05465337500000089,,,,,,,,,,5.420799999988901e-05,0.0004352080000007419,0.0004352080000007419,0.0005734579999998601,0.00048508300000094096,0.0001772500000001287,0.000183249999999191,0.00026616699999948423,8.499999999855845e-06,0.021141042,,,,,,,
4,400,15,SIGN Bidirectional,0.021003832999999972,0.002960791999999657,0.028338082999999514,,,,,,,,,0.021003832999999972,0.02099741599999838,6.4170000015906226e-06,0.05230270799999914,,,,,,,,,,,,,,,,,,,,6.89170000001127e-05,0.0030917910000010096,0.001297375000000045,0.00017845799999882672,0.00025574999999911086,1.4791999999985705e-05,0.01609033299999929
4,400,16,Random Projection,0.019154584000000696,0.002614915999998857,0.030071167000000898,6.741699999857076e-05,0.0006345000000003154,0.0004876249999998805,0.0001619999999995514,0.00016558400000121765,0.0003043339999990735,2.8041999998507094e-05,0.017298874999999825,0.019154584000000696,0.01914837699999694,6.20700000375507e-06,0.05184066700000045,,,,,,,,,,,,,,,,,,,,,,,,,,
4,400,16,Random Sampling,0.029814040999999847,0.002614915999998857,0.029632125000000897,,,,,,,,,0.029814040999999847,0.02980983199999976,4.209000000088281e-06,0.0620610819999996,0.000718291000000093,0.0011833750000000975,0.009445332999998612,0.00015262500000012835,0.00021220800000065765,0.01809800000000017,,,,,,,,,,,,,,,,,,,,
4,400,16,Non-random,0.07242308300000033,0.002614915999998857,0.03149879100000064,,,,,,,,,0.07242308300000033,0.07241900000000179,4.0829999985447785e-06,0.10653678999999983,,,,,,,0.05397604200000039,0.018360500000000002,8.245800000139525e-05,,,,,,,,,,,,,,,,,
4,400,16,CountSketch,0.021202374999999662,0.002614915999998857,0.02971562499999969,,,,,,,,,0.021202374999999662,0.021591335000001877,0.0,0.05353291599999821,,,,,,,,,,5.5624999999892566e-05,0.00041308399999984147,0.00041308399999984147,0.000535917000000552,0.0004900830000007517,0.00016537499999991212,0.00018204200000049298,0.00024204099999991513,8.334000000331798e-06,0.019085750000000345,,,,,,,
4,400,16,SIGN Bidirectional,0.020025249999999772,0.002614915999998857,0.02934108400000035,,,,,,,,,0.020025249999999772,0.02001825099999799,6.999000001783884e-06,0.05198124999999898,,,,,,,,,,,,,,,,,,,,7.016600000042672e-05,0.0028313339999996856,0.000869207999999233,0.0001658339999988101,0.00020066699999965465,1.5624999999630518e-05,0.015865417000000548
4,400,17,Random Projection,0.01906687500000004,0.002581542000001491,0.028773207999998718,6.500000000109196e-05,0.0007206669999995086,0.0004914170000009932,0.00016845800000098166,0.0002092919999991949,0.00031825000000118564,1.7417000000463645e-05,0.01706949999999985,0.01906687500000004,0.019060001000003268,6.873999996770408e-06,0.05042162500000025,,,,,,,,,,,,,,,,,,,,,,,,,,
4,400,17,Random Sampling,0.030095583999999675,0.002581542000001491,0.028724000000000416,,,,,,,,,0.030095583999999675,0.030090751999999554,4.832000000121184e-06,0.06140112600000158,0.0008017089999992066,0.0009964999999994006,0.009823459000001478,0.00015779199999954585,0.00037229199999977425,0.01793900000000015,,,,,,,,,,,,,,,,,,,,
4,400,17,Non-random,0.07202200000000047,0.002581542000001491,0.030933749999999094,,,,,,,,,0.07202200000000047,0.07201825000000106,3.7499999994139444e-06,0.10553729200000106,,,,,,,0.05457891600000053,0.017392416999999938,4.691700000059029e-05,,,,,,,,,,,,,,,,,
4,400,17,CountSketch,0.020988124999998803,0.002581542000001491,0.028325792000000405,,,,,,,,,0.020988124999998803,0.02138687300000086,0.0,0.0518954590000007,,,,,,,,,,5.683300000036695e-05,0.0004237499999995009,0.0004237499999995009,0.0005444160000003251,0.00048454200000058734,0.0001690409999994813,0.00019649999999948875,0.00024783300000130737,9.000000000369823e-06,0.018831207999999933,,,,,,,
4,400,17,SIGN Bidirectional,0.02121749999999878,0.002581542000001491,0.028969374999999076,,,,,,,,,0.02121749999999878,0.021212876000001657,4.623999997122041e-06,0.052768416999999346,,,,,,,,,,,,,,,,,,,,7.258399999976461e-05,0.002518458000000834,0.0006595000000011453,0.00017545900000115466,0.0002429579999994047,8.166999998948654e-06,0.017535750000000405
4,400,18,Random Projection,0.020397291000000095,0.002593209000000485,0.029215917000000147,6.729100000057997e-05,0.0006490419999991559,0.0007021659999999486,0.00018666699999947411,0.00018695900000054166,0.00027674999999938166,1.5583000001484493e-05,0.018305792000001375,0.020397291000000095,0.02039025000000194,7.040999998153552e-06,0.05220641700000073,,,,,,,,,,,,,,,,,,,,,,,,,,
4,400,18,Random Sampling,0.03263416600000113,0.002593209000000485,0.029688542000000595,,,,,,,,,0.03263416600000113,0.03263095699999852,3.2090000026130383e-06,0.06491591700000221,0.0007183330000000154,0.001002040999999565,0.011792290999999011,0.00015470800000016993,0.00020549999999985857,0.018758083999999897,,,,,,,,,,,,,,,,,,,,
4,400,18,Non-random,0.07287195800000035,0.002593209000000485,0.030826375000000183,,,,,,,,,0.07287195800000035,0.07286979200000054,2.165999999803603e-06,0.10629154200000102,,,,,,,0.05422383400000008,0.018599749999999915,4.6208000000547145e-05,,,,,,,,,,,,,,,,,
4,400,18,CountSketch,0.024505665999999593,0.002593209000000485,0.03036295799999955,,,,,,,,,0.024505665999999593,0.025129750999997924,0.0,0.05746183299999963,,,,,,,,,,0.00010062499999996533,0.0006675830000002492,0.0006675830000002492,0.0004862089999999597,0.0006462499999990712,0.00018316699999942898,0.00019050000000042644,0.00022891699999938453,8.292000000409416e-06,0.02195062499999878,,,,,,,
4,400,18,SIGN Bidirectional,0.02527645799999867,0.002593209000000485,0.03067391700000144,,,,,,,,,0.02527645799999867,0.02527104100000166,5.4169999970099525e-06,0.05854358400000059,,,,,,,,,,,,,,,,,,,,6.80420000005455e-05,0.002606584000000467,0.0007372079999985459,0.00017333300000110796,0.00025387500000029206,8.91600000052506e-06,0.021423083000000176
4,400,19,Random Projection,0.019349874999999628,0.002600875000000613,0.029858041999998974,6.712499999927957e-05,0.000664583000000718,0.0005009160000000179,0.00019587499999929037,0.00017841700000076344,0.0002577499999993904,8.37500000017144e-06,0.017471958000001564,0.019349874999999628,0.019344999000001195,4.87599999843269e-06,0.051808791999999215,,,,,,,,,,,,,,,,,,,,,,,,,,
4,400,19,Random Sampling,0.0297479169999999,0.002600875000000613,0.030501334000000213,,,,,,,,,0.0297479169999999,0.029744542000003094,3.3749999968080147e-06,0.06285012600000073,0.0007277919999992832,0.001000250000000591,0.00992300000000057,0.00016020800000049462,0.00025266700000159403,0.01768062500000056,,,,,,,,,,,,,,,,,,,,
4,400,19,Non-random,0.07320324999999883,0.002600875000000613,0.03135616700000021,,,,,,,,,0.07320324999999883,0.07320083399999966,2.4159999991724135e-06,0.10716029199999966,,,,,,,0.05538629199999967,0.017768000000000228,4.654199999976072e-05,,,,,,,,,,,,,,,,,
4,400,19,CountSketch,0.018767165999999946,0.002600875000000613,0.029712124999999645,,,,,,,,,0.018767165999999946,0.019408624999998736,0.0,0.051080166000000204,,,,,,,,,,0.00010379200000087963,0.0006890410000011116,0.0006890410000011116,0.0005509999999997461,0.0006933749999991079,0.00020991699999939328,0.00021749999999975955,0.00036033399999979565,3.004199999878665e-05,0.015864582999999044,,,,,,,
4,400,19,SIGN Bidirectional,0.020614040999999972,0.002600875000000613,0.03073870899999953,,,,,,,,,0.020614040999999972,0.020607334000002808,6.706999997163621e-06,0.053953625000000116,,,,,,,,,,,,,,,,,,,,7.02080000003491e-05,0.0029556670000001617,0.0007411250000011194,0.00016604200000003289,0.00024208399999992025,8.37500000017144e-06,0.016423833000001054
4,400,20,Random Projection,0.03568166700000042,0.002572958000000014,0.03105804199999973,6.483299999970882e-05,0.0006637500000010732,0.0004924159999983857,0.00018599999999935335,0.00020362499999926342,0.0002515419999991053,8.707999999302274e-06,0.03380583299999884,0.03568166700000042,0.035676706999995034,4.960000005382881e-06,0.06931266700000016,,,,,,,,,,,,,,,,,,,,,,,,,,
4,400,20,Random Sampling,0.03022729200000107,0.002572958000000014,0.029088333999998994,,,,,,,,,0.03022729200000107,0.030221459999999922,5.83200000114914e-06,0.06188858400000008,0.0007223340000006573,0.0010093339999990292,0.008615540999999283,0.00016712500000082287,0.0004285419999998652,0.019278584000000265,,,,,,,,,,,,,,,,,,,,
4,400,20,Non-random,0.07281916700000046,0.002572958000000014,0.03102562500000161,,,,,,,,,0.07281916700000046,0.07281729199999987,1.8750000005951506e-06,0.10641775000000209,,,,,,,0.05457604200000077,0.018189624999999765,5.1624999999333454e-05,,,,,,,,,,,,,,,,,
4,400,20,CountSketch,0.019700500000000787,0.002572958000000014,0.030060749999998748,,,,,,,,,0.019700500000000787,0.02010008300000088,0.0,0.05233420799999955,,,,,,,,,,5.887500000056889e-05,0.00042450000000116006,0.00042450000000116006,0.0005575419999992448,0.0004923330000004,0.0001506249999998488,0.00017379200000000594,0.00025095799999874657,8.541999999778227e-06,0.017558415999999966,,,,,,,
4,400,20,SIGN Bidirectional,0.019907332999999028,0.002572958000000014,0.030918584000000138,,,,,,,,,0.019907332999999028,0.019902792000001668,4.540999997360018e-06,0.05339887499999918,,,,,,,,,,,,,,,,,,,,7.054200000133903e-05,0.00252800000000164,0.0006851250000003972,0.00017316599999972482,0.00023745899999916276,8.37500000017144e-06,0.016200124999999233
4,600,1,Random Projection,0.027523874999999975,0.007457665999998753,0.05714595799999955,0.00010033299999889778,0.0014229169999993019,0.0008341249999990197,0.0003332500000006178,0.0003512079999996587,0.00027000000000043656,1.1042000000571761e-05,0.02419291700000059,0.027523874999999975,0.027515791999999095,8.083000000880247e-06,0.09212749899999828,,,,,,,,,,,,,,,,,,,,,,,,,,
4,600,1,Random Sampling,0.058075083000000305,0.007457665999998753,0.0719545410000002,,,,,,,,,0.058075083000000305,0.05807016699999856,4.9160000017423044e-06,0.13748728999999926,0.0015199999999992997,0.0031305419999991813,0.017861874999999472,0.00027308299999972974,0.0005304580000000669,0.03475420900000081,,,,,,,,,,,,,,,,,,,,
4,600,1,Non-random,0.1766827089999996,0.007457665999998753,0.06019304100000156,,,,,,,,,0.1766827089999996,0.1766797499999999,2.958999999691514e-06,0.24433341599999991,,,,,,,0.1455315420000005,0.031046332999999038,0.00010187500000036209,,,,,,,,,,,,,,,,,
4,600,1,CountSketch,0.028873583999999397,0.007457665999998753,0.05646899999999988,,,,,,,,,0.028873583999999397,0.029546668999996584,0.0,0.09280024999999803,,,,,,,,,,6.412499999974841e-05,0.0006998749999986842,0.0006998749999986842,0.001012250000000492,0.000715958999998989,0.00031441699999845696,0.0003682500000010691,0.0003035000000011223,1.2708999999944126e-05,0.025355708999999393,,,,,,,
4,600,1,SIGN Bidirectional,0.03200104099999912,0.007457665999998753,0.05672199999999883,,,,,,,,,0.03200104099999912,0.03199354200000393,7.498999995192435e-06,0.0961807069999967,,,,,,,,,,,,,,,,,,,,0.00010212500000150726,0.004269791999998773,0.0013230830000008353,0.0003062079999995859,0.0002387920000010979,1.1417000001401334e-05,0.025742125000000726
4,600,2,Random Projection,0.025824583000000345,0.0062889579999989564,0.05616095799999954,9.654099999956145e-05,0.0010586659999987091,0.0010020419999996477,0.00029162500000090574,0.0003355410000001058,0.00026304200000026867,1.154200000108574e-05,0.022758749999999495,0.025824583000000345,0.02581774899999978,6.8340000005662205e-06,0.08827449899999884,,,,,,,,,,,,,,,,,,,,,,,,,,
4,600,2,Random Sampling,0.052037750000000216,0.0062889579999989564,0.0744391670000013,,,,,,,,,0.052037750000000216,0.05203179199999752,5.958000002692643e-06,0.13276587500000048,0.0015068750000004627,0.0033856249999999477,0.014501249999998578,0.0003254589999990287,0.0012607080000002213,0.031051874999999285,,,,,,,,,,,,,,,,,,,,
4,600,2,Non-random,0.17027133300000052,0.0062889579999989564,0.05963362500000002,,,,,,,,,0.17027133300000052,0.17026800000000009,3.3330000004383464e-06,0.2361939159999995,,,,,,,0.146069958,0.024095332999999997,0.00010270900000008965,,,,,,,,,,,,,,,,,
4,600,2,CountSketch,0.023775582999999045,0.0062889579999989564,0.055793915999998944,,,,,,,,,0.023775582999999045,0.02449191700000064,0.0,0.08585845699999695,,,,,,,,,,7.045799999971791e-05,0.0007479589999999092,0.0007479589999999092,0.001080666000000008,0.0010087080000005244,0.0002937920000007921,0.0003479589999990651,0.0003023749999986336,1.3000000000928935e-05,0.019879041000001152,,,,,,,
4,600,2,SIGN Bidirectional,0.02579916600000054,0.0062889579999989564,0.06019545800000081,,,,,,,,,0.02579916600000054,0.025792124000000527,7.042000000012649e-06,0.09228358200000031,,,,,,,,,,,,,,,,,,,,0.00010320800000052088,0.004244458000000506,0.0012980840000000882,0.0002684999999988946,0.0002531660000002489,1.170799999883343e-05,0.019613000000001435
4,600,3,Random Projection,0.024223415999999887,0.005524250000000563,0.05691891600000076,0.00010016699999937373,0.001207084000000691,0.0007213750000012453,0.0002982920000000888,0.0003170410000006285,0.00025166600000048334,1.1208000000095808e-05,0.021311499999999484,0.024223415999999887,0.02421833300000209,5.082999997796378e-06,0.08666658200000121,,,,,,,,,,,,,,,,,,,,,,,,,,
4,600,3,Random Sampling,0.05482091600000061,0.005524250000000563,0.07385495800000008,,,,,,,,,0.05482091600000061,0.054815789999999254,5.126000001354214e-06,0.13420012400000125,0.0016094999999989312,0.0034326250000003,0.017976916000000287,0.0002855410000002223,0.0005343329999991653,0.030976875000000348,,,,,,,,,,,,,,,,,,,,
4,600,3,Non-random,0.17226762499999992,0.005524250000000563,0.05982066700000033,,,,,,,,,0.17226762499999992,0.1722642479999994,3.377000000526209e-06,0.23761254200000081,,,,,,,0.14633666599999984,0.025197165999999882,0.0007304159999996784,,,,,,,,,,,,,,,,,
4,600,3,CountSketch,0.026896209000000226,0.005524250000000563,0.055515917000001025,,,,,,,,,0.026896209000000226,0.027622750000000806,0.0,0.08793637600000181,,,,,,,,,,6.712499999927957e-05,0.00075641599999976,0.00075641599999976,0.0010346670000007663,0.0007323750000001183,0.00040087499999863496,0.0026420419999997335,0.00033366700000136973,2.075000000090199e-05,0.020878417000000482,,,,,,,
4,600,3,SIGN Bidirectional,0.027630042000000188,0.005524250000000563,0.05663208300000022,,,,,,,,,0.027630042000000188,0.027623290000001077,6.7519999991105806e-06,0.08978637500000097,,,,,,,,,,,,,,,,,,,,0.0001017080000007553,0.0038813749999988545,0.0012249999999998096,0.000331458000001561,0.0002632079999997927,1.1415999999542237e-05,0.021809125000000762
4,600,4,Random Projection,0.024133458999999746,0.007252874999998937,0.05651087500000074,9.712499999992019e-05,0.0011534159999992966,0.0010104999999995812,0.0003086670000005398,0.0003103749999997518,0.00027258299999921576,1.966700000011201e-05,0.020954084000001316,0.024133458999999746,0.024126416999999734,7.042000000012649e-06,0.08789720899999942,,,,,,,,,,,,,,,,,,,,,,,,,,
4,600,4,Random Sampling,0.04866345800000005,0.007252874999998937,0.07329316700000099,,,,,,,,,0.04866345800000005,0.048656042999997595,7.415000002453098e-06,0.12920949999999998,0.0015412919999988617,0.0023114169999995937,0.013699667000000915,0.0003281249999993463,0.0008322920000001233,0.029943249999998756,,,,,,,,,,,,,,,,,,,,
4,600,4,Non-random,0.17404487499999988,0.007252874999998937,0.05936141699999986,,,,,,,,,0.17404487499999988,0.17404141699999975,3.4580000001227518e-06,0.24065916699999867,,,,,,,0.14258087499999839,0.03135104200000072,0.00010950000000065074,,,,,,,,,,,,,,,,,
4,600,4,CountSketch,0.024496583999999544,0.007252874999998937,0.05616995799999991,,,,,,,,,0.024496583999999544,0.025175164999996724,0.0,0.08791941699999839,,,,,,,,,,6.508299999907763e-05,0.0007047499999988105,0.0007047499999988105,0.0008217919999999879,0.0007030419999995985,0.00039458300000028146,0.00047041600000063966,0.00023979100000026676,1.1499999999387e-05,0.021059457999999864,,,,,,,
4,600,4,SIGN Bidirectional,0.025074167000001424,0.007252874999998937,0.05828116700000052,,,,,,,,,0.025074167000001424,0.02506741600000062,6.751000000804197e-06,0.09060820900000088,,,,,,,,,,,,,,,,,,,,0.00010020799999921337,0.003655250000001331,0.0012452910000000372,0.0003010000000003288,0.00025733299999863846,1.1042000000571761e-05,0.0194972920000005
4,600,5,Random Projection,0.022875542000001303,0.005492374999999328,0.05500475000000016,9.645799999979943e-05,0.0011233749999988163,0.0007254169999999505,0.00022762499999906538,0.0002947080000001989,0.00026170800000002714,1.158300000092538e-05,0.020130124999999666,0.022875542000001303,0.02287099899999845,4.543000002854569e-06,0.08337266700000079,,,,,,,,,,,,,,,,,,,,,,,,,,
4,600,5,Random Sampling,0.05008079099999918,0.005492374999999328,0.07279145799999931,,,,,,,,,0.05008079099999918,0.050072957000002916,7.833999996265106e-06,0.12836462399999782,0.002215250000000779,0.0025057079999992737,0.01682491600000091,0.0003218750000009152,0.0006122079999997254,0.02759300000000131,,,,,,,,,,,,,,,,,,,,
4,600,5,Non-random,0.16985866599999966,0.005492374999999328,0.05845929199999844,,,,,,,,,0.16985866599999966,0.16985541600000253,3.2499999971236093e-06,0.23381033299999743,,,,,,,0.14226750000000088,0.02748525000000157,0.00010266600000008452,,,,,,,,,,,,,,,,,
4,600,5,CountSketch,0.024153915999999498,0.005492374999999328,0.054543999999999926,,,,,,,,,0.024153915999999498,0.025148626000000007,0.0,0.08419029099999875,,,,,,,,,,6.295800000089002e-05,0.0010212089999992457,0.0010212089999992457,0.0009752919999996834,0.0007097079999986988,0.0002931670000005937,0.0003077920000009726,0.0002792920000000976,1.1290999999857831e-05,0.020466708000000722,,,,,,,
4,600,5,SIGN Bidirectional,0.025545124999998947,0.005492374999999328,0.05456908300000052,,,,,,,,,0.025545124999998947,0.02553929199999949,5.832999999455524e-06,0.08560658299999879,,,,,,,,,,,,,,,,,,,,0.00010287499999961369,0.003694708999999463,0.0012401669999988485,0.00027904200000072876,0.00024900000000016576,1.0958000000726997e-05,0.019962540999999945
4,600,6,Random Projection,0.021306957999998488,0.00546095800000046,0.05401325000000057,9.437499999975785e-05,0.0011454999999997995,0.0007057079999999161,0.0002622089999988475,0.0003120830000007402,0.00024487499999992224,1.1458999999547359e-05,0.018526459000000273,0.021306957999998488,0.021302667999998803,4.289999999684824e-06,0.08078116599999952,,,,,,,,,,,,,,,,,,,,,,,,,,
4,600,6,Random Sampling,0.04379499999999936,0.00546095800000046,0.0731337089999986,,,,,,,,,0.04379499999999936,0.04378983199999986,5.167999999500239e-06,0.12238966699999843,0.001493625000000165,0.0022922909999998353,0.014116375000000403,0.0005356669999994068,0.001425958000000449,0.023925915999999603,,,,,,,,,,,,,,,,,,,,
4,600,6,Non-random,0.1686476250000002,0.00546095800000046,0.05906379199999989,,,,,,,,,0.1686476250000002,0.16864429199999975,3.3330000004383464e-06,0.23317237500000054,,,,,,,0.14370504200000056,0.024836499999999262,0.00010274999999992929,,,,,,,,,,,,,,,,,
4,600,6,CountSketch,0.023466750000000758,0.00546095800000046,0.05518929199999967,,,,,,,,,0.023466750000000758,0.024596581999995593,0.0,0.08411700000000089,,,,,,,,,,0.00010495799999965527,0.001175832999999571,0.001175832999999571,0.0008687910000002574,0.0010045830000002809,0.0003206670000004408,0.00032549999999886836,0.0003086249999988411,2.2041999999444783e-05,0.019289749999998662,,,,,,,
4,600,6,SIGN Bidirectional,0.024067333999999718,0.00546095800000046,0.05552437500000096,,,,,,,,,0.024067333999999718,0.024061751000001408,5.582999998310356e-06,0.08505266700000114,,,,,,,,,,,,,,,,,,,,0.00010091699999925652,0.003695208999999977,0.0012661660000006236,0.00027162499999988654,0.00023875000000117552,1.1042000000571761e-05,0.018478041999999917
4,600,7,Random Projection,0.022377750000000418,0.006286584000001483,0.055308584000000494,9.745799999905103e-05,0.0011695830000011398,0.0007147499999984319,0.00027758299999902647,0.00027616699999910566,0.0002922920000010265,1.125000000001819e-05,0.01953487499999973,0.022377750000000418,0.02237395799999753,3.79200000288904e-06,0.0839729180000024,,,,,,,,,,,,,,,,,,,,,,,,,,
4,600,7,Random Sampling,0.0468590829999993,0.006286584000001483,0.0732430000000015,,,,,,,,,0.0468590829999993,0.046853499000002685,5.58399999661674e-06,0.12638866700000229,0.001509791000000149,0.0023012500000003655,0.013279958000000036,0.0002916670000008281,0.000536165999999838,0.02893466700000147,,,,,,,,,,,,,,,,,,,,
4,600,7,Non-random,0.17083879099999777,0.006286584000001483,0.0584016250000019,,,,,,,,,0.17083879099999777,0.17083620699999713,2.584000000638298e-06,0.23552700000000115,,,,,,,0.14575679100000016,0.02497770799999799,0.00010170799999897895,,,,,,,,,,,,,,,,,
4,600,7,CountSketch,0.022184500000001606,0.006286584000001483,0.054762124999999884,,,,,,,,,0.022184500000001606,0.022869208999999557,0.0,0.08323320900000297,,,,,,,,,,6.470900000010715e-05,0.0007108749999993336,0.0007108749999993336,0.0009608330000006049,0.0007064579999997989,0.00029966700000017,0.0003180829999998025,0.00026120900000137226,1.125000000001819e-05,0.018825249999999016,,,,,,,
4,600,7,SIGN Bidirectional,0.023634957999998818,0.006286584000001483,0.053868125000001044,,,,,,,,,0.023634957999998818,0.02363016600000023,4.791999998587926e-06,0.08378966700000134,,,,,,,,,,,,,,,,,,,,0.00010304099999913774,0.0038204999999997824,0.001234499999998917,0.0002577499999993904,0.000244500000000869,1.1125000000333785e-05,0.0179587500000018
4,600,8,Random Projection,0.02156245799999823,0.005470584000001111,0.054416667000001695,9.545800000054783e-05,0.0012960419999998862,0.0007119170000002839,0.0002869589999967559,0.0003307919999997466,0.00032475000000076193,2.2125000000983164e-05,0.01848737500000297,0.02156245799999823,0.021555418000001936,7.039999996294455e-06,0.08144970900000104,,,,,,,,,,,,,,,,,,,,,,,,,,
4,600,8,Random Sampling,0.044280625000002516,0.005470584000001111,0.07333329199999739,,,,,,,,,0.044280625000002516,0.04427599899999635,4.626000006169306e-06,0.12308450100000101,0.0014950409999983094,0.0026986250000007317,0.013056917000000112,0.00038545800000022723,0.000531082999998489,0.026108874999998477,,,,,,,,,,,,,,,,,,,,
4,600,8,Non-random,0.17252849999999853,0.005470584000001111,0.06039362499999967,,,,,,,,,0.17252849999999853,0.17252462600000484,3.873999993686539e-06,0.23839270899999931,,,,,,,0.14700845900000203,0.02540570800000097,0.00011045900000183906,,,,,,,,,,,,,,,,,
4,600,8,CountSketch,0.026617541000000244,0.005470584000001111,0.05676329199999941,,,,,,,,,0.026617541000000244,0.027298458000000636,0.0,0.08885141700000077,,,,,,,,,,6.716599999734285e-05,0.0007098750000018583,0.0007098750000018583,0.0009805840000005617,0.0011843329999976504,0.00033249999999895863,0.00033475000000038335,0.00027774999999863326,1.2125000001361741e-05,0.022689500000002027,,,,,,,
4,600,8,SIGN Bidirectional,0.02692866699999996,0.005470584000001111,0.05652900000000116,,,,,,,,,0.02692866699999996,0.026918790999999942,9.876000000019758e-06,0.08892825100000223,,,,,,,,,,,,,,,,,,,,0.0001449999999998397,0.003930709000002253,0.0012157080000001486,0.0002946669999985829,0.00028454099999919436,3.399999999942338e-05,0.0210141660000005
4,600,9,Random Projection,0.025541916999998193,0.005475332999999694,0.05950462499999887,9.641700000173614e-05,0.0010651250000002221,0.0007249999999991985,0.0003208749999998872,0.0004359169999972323,0.00034433299999747646,2.8582999998860714e-05,0.022517624999998986,0.025541916999998193,0.0255338749999936,8.04200000459332e-06,0.09052187499999675,,,,,,,,,,,,,,,,,,,,,,,,,,
4,600,9,Random Sampling,0.055091208000000336,0.005475332999999694,0.07422795799999804,,,,,,,,,0.055091208000000336,0.05508520799999417,6.000000006167738e-06,0.13479449899999807,0.0015294169999968688,0.003215541999999516,0.01738950000000017,0.0003831249999990405,0.0005365829999988136,0.03203104099999976,,,,,,,,,,,,,,,,,,,,
4,600,9,Non-random,0.17651683400000096,0.005475332999999694,0.06700245900000112,,,,,,,,,0.17651683400000096,0.17651391700000119,2.916999999769132e-06,0.24899462600000177,,,,,,,0.15130787500000054,0.025102958000001507,0.00010308399999914286,,,,,,,,,,,,,,,,,
4,600,9,CountSketch,0.032894667000000766,0.005475332999999694,0.05915987499999886,,,,,,,,,0.032894667000000766,0.03416562499999998,0.0,0.09752987499999932,,,,,,,,,,7.816600000154494e-05,0.001308874999999432,0.001308874999999432,0.0012516669999982355,0.000988750000001204,0.0038817500000014604,0.00037820800000076815,0.00034241699999881803,1.437499999923375e-05,0.02461254199999985,,,,,,,
4,600,9,SIGN Bidirectional,0.02538874999999763,0.005475332999999694,0.054820915999997055,,,,,,,,,0.02538874999999763,0.025382999999997935,5.7499999996935e-06,0.08568499899999438,,,,,,,,,,,,,,,,,,,,0.00010391599999692858,0.003736124999999646,0.0013377089999977443,0.00033354199999990897,0.0002608750000021587,1.1125000000333785e-05,0.019599708000001215
4,600,10,Random Projection,0.030683874999997585,0.006226084000001464,0.054988666999999936,9.649999999794545e-05,0.001120000000000232,0.0007244580000005385,0.00035350000000278214,0.0003777500000019529,0.00028541700000062065,1.1541999999309382e-05,0.027708207999999956,0.030683874999997585,0.030677375000003337,6.499999994247219e-06,0.09189862599999898,,,,,,,,,,,,,,,,,,,,,,,,,,
4,600,10,Random Sampling,0.06272737499999792,0.006226084000001464,0.07362683299999873,,,,,,,,,0.06272737499999792,0.06272108300000312,6.29199999480079e-06,0.1425802919999981,0.001504458000002984,0.0022825419999996654,0.022008875000000927,0.00027933299999816086,0.000538083999998662,0.03610779100000272,,,,,,,,,,,,,,,,,,,,
4,600,10,Non-random,0.17330779199999924,0.006226084000001464,0.05913625000000167,,,,,,,,,0.17330779199999924,0.1733031670000038,4.624999995428425e-06,0.23867012600000237,,,,,,,0.14551700000000167,0.027683667000001577,0.00010250000000056048,,,,,,,,,,,,,,,,,
4,600,10,CountSketch,0.03471966600000087,0.006226084000001464,0.059169332999999824,,,,,,,,,0.03471966600000087,0.03591633199999933,0.0,0.10011508300000216,,,,,,,,,,0.00010787500000120076,0.0012439999999998008,0.0012439999999998008,0.001140291999998766,0.0007154159999984699,0.0003368329999986486,0.0003328330000016422,0.00032124999999894044,1.2125000001361741e-05,0.030461708000000698,,,,,,,
4,600,10,SIGN Bidirectional,0.034561250000002985,0.006226084000001464,0.055992917000001086,,,,,,,,,0.034561250000002985,0.034555834000002505,5.416000000479926e-06,0.09678025100000553,,,,,,,,,,,,,,,,,,,,0.00010120800000024133,0.004193458999999677,0.0012180000000014957,0.0002754590000009216,0.0002532500000000937,1.1332999999780213e-05,0.028503125000000296
4,600,11,Random Projection,0.024403958000000614,0.005483500000000419,0.05511949999999999,9.650000000149817e-05,0.0011488750000019365,0.0007064579999997989,0.00027537500000107684,0.00031049999999765987,0.0002567089999985228,1.1374999999702595e-05,0.02159254100000041,0.024403958000000614,0.024398333000000605,5.625000000009095e-06,0.08500695800000102,,,,,,,,,,,,,,,,,,,,,,,,,,
4,600,11,Random Sampling,0.06536924999999982,0.005483500000000419,0.07280879200000001,,,,,,,,,0.06536924999999982,0.06536512599999966,4.124000000160777e-06,0.14366154200000025,0.001511332999999837,0.0022914169999985745,0.01770770900000329,0.0002847919999986459,0.0005262919999999838,0.04304358299999933,,,,,,,,,,,,,,,,,,,,
4,600,11,Non-random,0.1665979170000007,0.005483500000000419,0.05825995799999717,,,,,,,,,0.1665979170000007,0.16659450100000228,3.415999998424013e-06,0.2303413749999983,,,,,,,0.14199670900000072,0.02448745800000296,0.00011033399999860194,,,,,,,,,,,,,,,,,
4,600,11,CountSketch,0.026217500000001337,0.005483500000000419,0.05722683299999787,,,,,,,,,0.026217500000001337,0.026891666999997454,0.0,0.08892783299999962,,,,,,,,,,6.375000000247155e-05,0.0006987909999978115,0.0006987909999978115,0.0008451250000014454,0.0007067089999992504,0.0003378749999995989,0.00030187500000167233,0.00024783399999961375,1.1416999999624977e-05,0.022979499999998154,,,,,,,
4,600,11,SIGN Bidirectional,0.028290332999997503,0.005483500000000419,0.056217665999998445,,,,,,,,,0.028290332999997503,0.028284544000001688,5.788999995814947e-06,0.08999149899999637,,,,,,,,,,,,,,,,,,,,0.00010308399999914286,0.004232292000001081,0.0012001670000003628,0.00029904199999819525,0.00023929199999983553,1.1333999999862954e-05,0.022199333000003207
4,600,12,Random Projection,0.022529958999999877,0.005460165999998878,0.055034083000002454,9.545800000054783e-05,0.0010695839999996792,0.0007107499999996492,0.0002523749999987501,0.0002748749999987865,0.00025208299999945893,1.1541999999309382e-05,0.019859249999999662,0.022529958999999877,0.022525916999995843,4.0420000040342074e-06,0.08302420800000121,,,,,,,,,,,,,,,,,,,,,,,,,,
4,600,12,Random Sampling,0.055232958000001275,0.005460165999998878,0.073613292000001,,,,,,,,,0.055232958000001275,0.05522749899999724,5.459000004037762e-06,0.13430641600000115,0.0015277080000011267,0.0028287089999992077,0.01763033299999961,0.00046808299999767655,0.0016636249999990582,0.03110904100000056,,,,,,,,,,,,,,,,,,,,
4,600,12,Non-random,0.16826991699999994,0.005460165999998878,0.058192832999999666,,,,,,,,,0.16826991699999994,0.1682668340000042,3.0829999957404652e-06,0.23192291599999848,,,,,,,0.14334754200000077,0.024815750000001913,0.00010354200000151081,,,,,,,,,,,,,,,,,
4,600,12,CountSketch,0.02262850000000327,0.005460165999998878,0.05460575000000034,,,,,,,,,0.02262850000000327,0.023305039999993227,0.0,0.08269441600000249,,,,,,,,,,6.43330000009712e-05,0.0007017919999974254,0.0007017919999974254,0.0008165409999989492,0.0006993330000000242,0.0002444579999973939,0.00028283299999998235,0.0002556250000012028,1.1832999998517835e-05,0.019526500000001334,,,,,,,
4,600,12,SIGN Bidirectional,0.023188915999998727,0.005460165999998878,0.05639479199999897,,,,,,,,,0.023188915999998727,0.02318204099999832,6.875000000405862e-06,0.08504387399999658,,,,,,,,,,,,,,,,,,,,0.00014583299999770816,0.004044541999999041,0.0011587079999983985,0.00029595800000237205,0.0002461670000002414,1.1375000003255309e-05,0.017279457999997305
4,600,13,Random Projection,0.019857625000000212,0.005480208000001596,0.05608983400000156,9.787500000157934e-05,0.0011012500000013858,0.0007056670000018528,0.0002631669999999531,0.0003047080000015967,0.0002457499999977131,1.1916999998362598e-05,0.017123791999999582,0.019857625000000212,0.019854126000002026,3.4989999981860365e-06,0.08142766700000337,,,,,,,,,,,,,,,,,,,,,,,,,,
4,600,13,Random Sampling,0.04587800000000186,0.005480208000001596,0.07345345899999955,,,,,,,,,0.04587800000000186,0.04587278999999711,5.2100000047516914e-06,0.12481166700000301,0.0014967909999974438,0.002304583000000804,0.01376420799999778,0.00032066600000035805,0.0005313750000013329,0.027455166999999392,,,,,,,,,,,,,,,,,,,,
4,600,13,Non-random,0.16800433299999895,0.005480208000001596,0.058958749999998616,,,,,,,,,0.16800433299999895,0.16800108400000013,3.2489999988172258e-06,0.23244329099999916,,,,,,,0.1436679589999983,0.0242233330000019,0.00010979199999994194,,,,,,,,,,,,,,,,,
4,600,13,CountSketch,0.02078116599999902,0.005480208000001596,0.05484879200000137,,,,,,,,,0.02078116599999902,0.021461625999997125,0.0,0.08111016600000198,,,,,,,,,,6.116699999836328e-05,0.0007045419999975877,0.0007045419999975877,0.0008429159999998603,0.0007164169999995806,0.0003011250000000132,0.0003350839999995969,0.0002913750000033133,1.1332999999780213e-05,0.01749312500000144,,,,,,,
4,600,13,SIGN Bidirectional,0.024915207999999467,0.005480208000001596,0.05591066699999914,,,,,,,,,0.024915207999999467,0.0249080419999963,7.166000003167028e-06,0.0863060830000002,,,,,,,,,,,,,,,,,,,,0.00010149999999953252,0.004019333999998764,0.0012027499999973656,0.00035412499999765146,0.00029058300000173176,1.987499999955844e-05,0.018919875000001696
4,600,14,Random Projection,0.026550166000003372,0.0054752499999999316,0.05502933400000032,9.541700000070819e-05,0.0013523329999998168,0.0007289169999999956,0.00030304199999875436,0.0003714999999999691,0.00033983300000173244,2.3999999999801958e-05,0.023327625000000296,0.026550166000003372,0.026542667000001074,7.499000002297862e-06,0.08705475000000362,,,,,,,,,,,,,,,,,,,,,,,,,,
4,600,14,Random Sampling,0.05303945900000073,0.0054752499999999316,0.07263108399999751,,,,,,,,,0.05303945900000073,0.05303304199999914,6.4170000015906226e-06,0.13114579299999818,0.0016345000000015375,0.002285500000002827,0.017640666999998444,0.0002819999999985612,0.0005265409999992698,0.030663833999998502,,,,,,,,,,,,,,,,,,,,
4,600,14,Non-random,0.1710507089999993,0.0054752499999999316,0.05814845800000157,,,,,,,,,0.1710507089999993,0.17104658300000253,4.125999996773544e-06,0.2346744170000008,,,,,,,0.14364316700000046,0.027294665999999523,0.00010875000000254431,,,,,,,,,,,,,,,,,
4,600,14,CountSketch,0.026038332999998914,0.0054752499999999316,0.05525812499999816,,,,,,,,,0.026038332999998914,0.026720583999999548,0.0,0.086771707999997,,,,,,,,,,6.370800000254917e-05,0.0007099589999981504,0.0007099589999981504,0.0009786660000017378,0.0006988749999976562,0.00024512499999929105,0.0002802079999995044,0.00032166700000146875,3.258400000305528e-05,0.022679832999997984,,,,,,,
4,600,14,SIGN Bidirectional,0.0304555829999984,0.0054752499999999316,0.05706204200000187,,,,,,,,,0.0304555829999984,0.03045024999999768,5.333000000717902e-06,0.0929928750000002,,,,,,,,,,,,,,,,,,,,0.00010441699999930165,0.0040443329999995115,0.0012766669999990654,0.0002840000000006171,0.0002494999999989034,1.1374999999702595e-05,0.02447995800000058
4,600,15,Random Projection,0.025543082999998745,0.005482499999999391,0.05866637499999783,9.749999999897341e-05,0.0011804590000004112,0.0007149159999997323,0.0003367909999987262,0.00033179100000069184,0.0003023340000005703,1.1750000002308525e-05,0.022559582999999606,0.025543082999998745,0.02553512400000102,7.958999997725869e-06,0.08969195799999596,,,,,,,,,,,,,,,,,,,,,,,,,,
4,600,15,Random Sampling,0.058637540999999516,0.005482499999999391,0.07479250000000093,,,,,,,,,0.058637540999999516,0.058631041999998246,6.499000001269906e-06,0.13891254099999983,0.0015119999999981815,0.002289749999999202,0.021656625000002094,0.00029858299999929727,0.0005320419999996773,0.03234204199999979,,,,,,,,,,,,,,,,,,,,
4,600,15,Non-random,0.17581612500000077,0.005482499999999391,0.05970566599999927,,,,,,,,,0.17581612500000077,0.175812293000007,3.831999993764157e-06,0.24100429099999943,,,,,,,0.14539983400000267,0.03030966700000093,0.00010279200000340438,,,,,,,,,,,,,,,,,
4,600,15,CountSketch,0.026383042000002632,0.005482499999999391,0.057059957999999966,,,,,,,,,0.026383042000002632,0.027114624000002863,0.0,0.08892550000000199,,,,,,,,,,6.975000000153386e-05,0.0007604579999984651,0.0007604579999984651,0.0010274579999993705,0.0007264580000025944,0.0003563749999990762,0.00037554200000045057,0.0003699170000004415,1.320800000215172e-05,0.022655000000000314,,,,,,,
4,600,15,SIGN Bidirectional,0.03239708399999941,0.005482499999999391,0.05701745900000077,,,,,,,,,0.03239708399999941,0.032390833000000896,6.250999998513862e-06,0.09489704299999957,,,,,,,,,,,,,,,,,,,,0.00010133299999992573,0.0037848330000009867,0.0011651669999999115,0.00028020899999958715,0.0002419580000001531,1.1416999999624977e-05,0.026805916000000707
4,600,16,Random Projection,0.028783457999999484,0.005541124999997038,0.05651920800000099,0.00010279199999985167,0.0010681249999997533,0.0010177079999991179,0.00040016700000222727,0.0004125420000029578,0.0003273330000013175,1.2458000000492575e-05,0.025431707999999276,0.028783457999999484,0.028772833000004994,1.0624999994490736e-05,0.09084379099999751,,,,,,,,,,,,,,,,,,,,,,,,,,
4,600,16,Random Sampling,0.05524216700000295,0.005541124999997038,0.07318383399999817,,,,,,,,,0.05524216700000295,0.055236208999996705,5.958000006245356e-06,0.13396712599999816,0.0015267919999999435,0.0023502919999991434,0.01875291700000048,0.00027516600000154767,0.0005379999999988172,0.031793041999996774,,,,,,,,,,,,,,,,,,,,
4,600,16,Non-random,0.17171749999999975,0.005541124999997038,0.05852008300000122,,,,,,,,,0.17171749999999975,0.17171441600000037,3.0839999993759193e-06,0.235778707999998,,,,,,,0.14364729199999715,0.02796495800000187,0.0001021660000013469,,,,,,,,,,,,,,,,,
4,600,16,CountSketch,0.03401283399999855,0.005541124999997038,0.0544314159999999,,,,,,,,,0.03401283399999855,0.034699374999995314,0.0,0.09398537499999549,,,,,,,,,,6.68749999981344e-05,0.0007120000000000459,0.0007120000000000459,0.0008279999999984966,0.0007074169999974345,0.0002497499999982722,0.0002922920000010265,0.0002702910000031977,1.1624999999071406e-05,0.03084912499999959,,,,,,,
4,600,16,SIGN Bidirectional,0.03483849999999933,0.005541124999997038,0.0550925840000005,,,,,,,,,0.03483849999999933,0.03483262399999987,5.875999999460646e-06,0.09547220899999687,,,,,,,,,,,,,,,,,,,,0.00010095800000087252,0.003699624999999429,0.0012260409999989008,0.00024758400000024494,0.00025741600000017684,1.0875000000964974e-05,0.02929012499999928
4,600,17,Random Projection,0.023268958999999256,0.005473625000000482,0.05588737500000107,9.733299999936662e-05,0.0011993339999989416,0.0007150420000030522,0.0002853330000007759,0.00030491699999757316,0.0003076670000012882,2.775000000099226e-05,0.020325624999998126,0.023268958999999256,0.023263001000000116,5.957999999139929e-06,0.08462995900000081,,,,,,,,,,,,,,,,,,,,,,,,,,
4,600,17,Random Sampling,0.053156624999999735,0.005473625000000482,0.07178320799999938,,,,,,,,,0.053156624999999735,0.05315204199999357,4.583000006164184e-06,0.1304134579999996,0.0015044999999993536,0.0022871670000021993,0.013447083999999165,0.0002768329999973673,0.000530082999997461,0.035106374999998025,,,,,,,,,,,,,,,,,,,,
4,600,17,Non-random,0.16782141699999897,0.005473625000000482,0.05854900000000285,,,,,,,,,0.16782141699999897,0.16781891700000529,2.4999999936881068e-06,0.2318440420000023,,,,,,,0.14333145900000233,0.02437854200000089,0.00010891600000206836,,,,,,,,,,,,,,,,,
4,600,17,CountSketch,0.023458665999999795,0.005473625000000482,0.05562420899999765,,,,,,,,,0.023458665999999795,0.024136876000003582,0.0,0.08455649999999792,,,,,,,,,,6.333299999994324e-05,0.000704334000001694,0.000704334000001694,0.0008457919999997898,0.0007060000000009836,0.00029270799999991937,0.00028870799999936025,0.00024304100000094309,1.2292000000968528e-05,0.020276333999998286,,,,,,,
4,600,17,SIGN Bidirectional,0.027312125000001686,0.005473625000000482,0.05666829200000123,,,,,,,,,0.027312125000001686,0.027302582999993774,9.54200000791161e-06,0.0894540420000034,,,,,,,,,,,,,,,,,,,,0.0001500830000011888,0.004538666999998497,0.0015885419999968065,0.0003053749999999411,0.000273540999998545,1.962500000018963e-05,0.020426749999998606
4,600,18,Random Projection,0.026820000000000732,0.005511584000000624,0.05490024999999932,9.65410000013378e-05,0.0012247500000022171,0.0007098749999983056,0.00025966599999804885,0.00033879199999731213,0.00025554199999788807,1.1374999999702595e-05,0.02391879199999991,0.026820000000000732,0.026815332999994723,4.667000006008948e-06,0.08723183400000067,,,,,,,,,,,,,,,,,,,,,,,,,,
4,600,18,Random Sampling,0.06067833300000203,0.005511584000000624,0.07282983300000012,,,,,,,,,0.06067833300000203,0.060670790999999724,7.542000002302984e-06,0.13901975000000277,0.0020432909999996696,0.002305207999999226,0.021861458000000056,0.00024362500000307818,0.0005295839999988061,0.03368762499999889,,,,,,,,,,,,,,,,,,,,
4,600,18,Non-random,0.16946041599999973,0.005511584000000624,0.057741542000002255,,,,,,,,,0.16946041599999973,0.16945700000000485,3.4159999948712994e-06,0.2327135420000026,,,,,,,0.14176575000000113,0.02758904200000245,0.00010220800000126928,,,,,,,,,,,,,,,,,
4,600,18,CountSketch,0.032051583000001216,0.005511584000000624,0.0553573329999999,,,,,,,,,0.032051583000001216,0.032738793000000044,0.0,0.09292050000000174,,,,,,,,,,6.49170000031063e-05,0.0007129160000012291,0.0007129160000012291,0.0009053339999987031,0.0007075000000007492,0.00033908400000015604,0.0002694169999983842,0.0002693749999984618,1.125000000001819e-05,0.028746083999998007,,,,,,,
4,600,18,SIGN Bidirectional,0.03300587500000063,0.005511584000000624,0.05736541699999975,,,,,,,,,0.03300587500000063,0.03299729200000101,8.582999999617869e-06,0.095882876000001,,,,,,,,,,,,,,,,,,,,0.00010404200000024844,0.003945042000001564,0.001592250000001627,0.00030316600000190874,0.0003069999999993911,2.14169999992464e-05,0.026724374999997025
4,600,19,Random Projection,0.02386383400000014,0.005480165999998121,0.054511375000000584,9.820900000079291e-05,0.001297375000000045,0.0007157910000010759,0.00030133399999954236,0.0003833330000020396,0.0003830409999991957,3.2540999999497444e-05,0.020645083999998093,0.02386383400000014,0.023856708000000282,7.125999999857413e-06,0.08385537499999884,,,,,,,,,,,,,,,,,,,,,,,,,,
4,600,19,Random Sampling,0.04639233400000009,0.005480165999998121,0.0702294590000001,,,,,,,,,0.04639233400000009,0.04638862599999882,3.7080000012679193e-06,0.12210195899999832,0.0014994589999979269,0.0022764579999972057,0.01358445800000041,0.00027016700000004334,0.0005279590000029089,0.028230125000000328,,,,,,,,,,,,,,,,,,,,
4,600,19,Non-random,0.17116516700000162,0.005480165999998121,0.058312458999999706,,,,,,,,,0.17116516700000162,0.17116049999999916,4.667000002456234e-06,0.23495779199999944,,,,,,,0.14400875000000113,0.027049708999999922,0.00010204099999810978,,,,,,,,,,,,,,,,,
4,600,19,CountSketch,0.02384620799999837,0.005480165999998121,0.05558416599999916,,,,,,,,,0.02384620799999837,0.024522002999990633,0.0,0.08491053999999565,,,,,,,,,,6.312500000049681e-05,0.0006997919999989222,0.0006997919999989222,0.0008844169999981943,0.0007063340000001972,0.00029329199999850175,0.00025558399999781045,0.00024141699999802313,1.1416999999624977e-05,0.02066683299999994,,,,,,,
4,600,19,SIGN Bidirectional,0.024364625000000473,0.005480165999998121,0.056061459000002145,,,,,,,,,0.024364625000000473,0.02435904200000749,5.582999992981286e-06,0.08590625000000074,,,,,,,,,,,,,,,,,,,,9.91250000019761e-05,0.003745458000000923,0.0012217919999990556,0.0003033750000014379,0.00023933400000331062,1.1042000000571761e-05,0.018738916000000216
4,600,20,Random Projection,0.025266750000000116,0.005466167000001576,0.054259625000000256,9.587500000307614e-05,0.0010953339999986156,0.0010034589999996513,0.00028320799999903556,0.0002962910000015029,0.00026425000000074306,2.0375000001848775e-05,0.022200999999999027,0.025266750000000116,0.0252597920000035,6.957999996615172e-06,0.08499254200000195,,,,,,,,,,,,,,,,,,,,,,,,,,
4,600,20,Random Sampling,0.04767191699999884,0.005466167000001576,0.07563129200000063,,,,,,,,,0.04767191699999884,0.047667625999999075,4.290999999767564e-06,0.12876937600000105,0.0015070839999999919,0.002289457999999911,0.013972917000000251,0.000268500000000671,0.0005247090000004562,0.029104957999997794,,,,,,,,,,,,,,,,,,,,
4,600,20,Non-random,0.17110770799999742,0.005466167000001576,0.0577848749999994,,,,,,,,,0.17110770799999742,0.17110424900000254,3.4589999948764216e-06,0.2343587499999984,,,,,,,0.1437120830000005,0.027282833000001006,0.00010933300000104396,,,,,,,,,,,,,,,,,
4,600,20,CountSketch,0.044248625000001596,0.005466167000001576,0.054538833000002285,,,,,,,,,0.044248625000001596,0.04492745699999645,0.0,0.10425362500000546,,,,,,,,,,6.558300000136796e-05,0.0007064999999997212,0.0007064999999997212,0.0009403749999989941,0.0007043329999980585,0.000353374999999545,0.00037629099999847426,0.00027962499999745205,1.9917000003033536e-05,0.04077495800000008,,,,,,,
4,600,20,SIGN Bidirectional,0.025325875000000053,0.005466167000001576,0.05378308299999901,,,,,,,,,0.025325875000000053,0.025320252000003762,5.6229999962909005e-06,0.08457512500000064,,,,,,,,,,,,,,,,,,,,0.00010250000000056048,0.0038289169999998762,0.0011877089999998702,0.00025487499999954366,0.00027204200000241485,1.233400000089091e-05,0.019661875000000606
4,800,1,Random Projection,0.024307958000001406,0.011079208000001728,0.09065345799999847,0.00012887499999791885,0.0017281249999996362,0.0010539999999998884,0.00043587499999730994,0.00047037499999902366,0.0003115420000021629,1.3917000000418511e-05,0.02016016700000023,0.024307958000001406,0.024302875999996587,5.082000004819065e-06,0.1260406240000016,,,,,,,,,,,,,,,,,,,,,,,,,,
4,800,1,Random Sampling,0.05548708299999916,0.011079208000001728,0.11530170900000059,,,,,,,,,0.05548708299999916,0.055480667000001205,6.4159999979551685e-06,0.18186800000000147,0.00259204199999985,0.005450541000001863,0.01794720800000249,0.00041354199999688035,0.0013514169999986336,0.027725917000001488,,,,,,,,,,,,,,,,,,,,
4,800,1,Non-random,0.2647665840000002,0.011079208000001728,0.1021712920000013,,,,,,,,,0.2647665840000002,0.2647624989999997,4.085000000486616e-06,0.3780170840000032,,,,,,,0.23841470800000053,0.026142165999999634,0.00020562499999954298,,,,,,,,,,,,,,,,,
4,800,1,CountSketch,0.0293900409999992,0.011079208000001728,0.09514587500000005,,,,,,,,,0.0293900409999992,0.030551081999988128,0.0,0.13561512400000098,,,,,,,,,,7.279100000090466e-05,0.0011901669999971887,0.0011901669999971887,0.0019418330000000594,0.0010853329999989114,0.0005029999999983659,0.0005188329999974428,0.0002547079999999369,1.4624999998602561e-05,0.023779624999999527,,,,,,,
4,800,1,SIGN Bidirectional,0.03309116699999848,0.011079208000001728,0.09321937500000033,,,,,,,,,0.03309116699999848,0.033079667000002644,1.1499999995834287e-05,0.13738975000000053,,,,,,,,,,,,,,,,,,,,0.0001333750000007683,0.005750625000001008,0.0028322080000009464,0.0005854589999998439,0.00026891599999956384,1.4667000002077657e-05,0.023494416999998435
4,800,2,Random Projection,0.029223042000001698,0.011055290999998135,0.09509395799999965,0.00013095799999973678,0.001743708000002897,0.001196790999998143,0.00046212500000208934,0.0005150829999998052,0.0003039590000000203,2.533400000004349e-05,0.024837292000000843,0.029223042000001698,0.02921525000000358,7.791999998119081e-06,0.13537229099999948,,,,,,,,,,,,,,,,,,,,,,,,,,
4,800,2,Random Sampling,0.0648375829999992,0.011055290999998135,0.11648854099999895,,,,,,,,,0.0648375829999992,0.06483166599999635,5.917000002853001e-06,0.19238141499999628,0.002616207999999176,0.004285332999998559,0.024009250000002424,0.00040337500000120485,0.0011338749999971753,0.032383624999997807,,,,,,,,,,,,,,,,,,,,
4,800,2,Non-random,0.26069075000000197,0.011055290999998135,0.1142301250000024,,,,,,,,,0.26069075000000197,0.260686917000001,3.833000000952325e-06,0.3859761660000025,,,,,,,0.23375041699999954,0.0267457499999999,0.0001907500000015716,,,,,,,,,,,,,,,,,
4,800,2,CountSketch,0.03050720799999951,0.011055290999998135,0.11130625000000194,,,,,,,,,0.03050720799999951,0.03164258499999306,0.0,0.15286874899999958,,,,,,,,,,6.54169999982912e-05,0.0011624169999997491,0.0011624169999997491,0.00235045899999875,0.0014271250000028601,0.0006183329999984721,0.0005987499999982049,0.00018216699999840102,1.4000000000180535e-05,0.024061499999998404,,,,,,,
4,800,2,SIGN Bidirectional,0.04259099999999805,0.011055290999998135,0.1143884160000006,,,,,,,,,0.04259099999999805,0.04258041700000348,1.0582999994568354e-05,0.16803470699999679,,,,,,,,,,,,,,,,,,,,0.00012887500000147156,0.007339667000000105,0.0032574170000003733,0.000890541000000411,0.0003812500000002217,1.6375000001289663e-05,0.030566291999999606
4,800,3,Random Projection,0.03040370799999792,0.01284195799999921,0.10868904200000173,0.00012500000000059686,0.002259583000000731,0.00118341700000002,0.0006110839999990958,0.0005059170000016877,0.00037487500000210616,2.474999999790839e-05,0.025309166000003103,0.03040370799999792,0.03039379200000525,9.915999992671232e-06,0.15193470799999886,,,,,,,,,,,,,,,,,,,,,,,,,,
4,800,3,Random Sampling,0.06636974999999978,0.01284195799999921,0.13011570799999816,,,,,,,,,0.06636974999999978,0.0663607090000049,9.040999994880394e-06,0.20932741599999716,0.0025806670000001475,0.005480125000001834,0.023561457999999647,0.0006272920000007787,0.0017106670000011093,0.032400500000001387,,,,,,,,,,,,,,,,,,,,
4,800,3,Non-random,0.2617815840000013,0.01284195799999921,0.11142429099999873,,,,,,,,,0.2617815840000013,0.2617759580000012,5.626000000091835e-06,0.38604783299999923,,,,,,,0.23579941700000262,0.025663249999997362,0.00031329100000121457,,,,,,,,,,,,,,,,,
4,800,3,CountSketch,0.03369370900000135,0.01284195799999921,0.11663304100000005,,,,,,,,,0.03369370900000135,0.03486749900000419,0.0,0.1631687080000006,,,,,,,,,,6.662499999876559e-05,0.0012077920000024278,0.0012077920000024278,0.0025032910000000186,0.00153133299999908,0.0007820830000007106,0.0009116660000003662,0.00047295899999966196,3.0332999997995103e-05,0.026153625000002734,,,,,,,
4,800,3,SIGN Bidirectional,0.035677959000000925,0.01284195799999921,0.10852508400000005,,,,,,,,,0.035677959000000925,0.03567233399999736,5.625000003561809e-06,0.15704500100000018,,,,,,,,,,,,,,,,,,,,0.0001302090000017131,0.0078711250000012,0.002721292000000375,0.0006094159999996407,0.00025312499999685656,1.4042000000102917e-05,0.024073124999997475
4,800,4,Random Projection,0.03092908300000019,0.0117340420000005,0.1100479589999992,0.00012650000000036243,0.002706415999998768,0.001518792000002378,0.000726792000001808,0.0008427500000003363,0.0003159579999980622,1.4790999998126608e-05,0.024666374999998908,0.03092908300000019,0.03091837399999875,1.0709000001440927e-05,0.15271108399999989,,,,,,,,,,,,,,,,,,,,,,,,,,
4,800,4,Random Sampling,0.06675483300000096,0.0117340420000005,0.13815375000000074,,,,,,,,,0.06675483300000096,0.0667456259999959,9.207000005062582e-06,0.2166426250000022,0.0031292500000006385,0.004254291999998827,0.024454666999996988,0.0005631249999993315,0.0017433330000002911,0.03260095899999982,,,,,,,,,,,,,,,,,,,,
4,800,4,Non-random,0.2478198330000012,0.0117340420000005,0.11172745899999725,,,,,,,,,0.2478198330000012,0.24781508399999908,4.749000002135517e-06,0.37128133399999896,,,,,,,0.22431475000000134,0.023175166999997998,0.0003251669999997375,,,,,,,,,,,,,,,,,
4,800,4,CountSketch,0.026186250000002076,0.0117340420000005,0.11379379199999917,,,,,,,,,0.026186250000002076,0.027331668999988068,0.0,0.15171408400000175,,,,,,,,,,6.820900000192864e-05,0.0011698749999986546,0.0011698749999986546,0.0014940829999972038,0.0010584589999993455,0.0005456660000007219,0.0005579589999982204,0.0002469589999982702,1.3916999996865798e-05,0.021006666999998203,,,,,,,
4,800,4,SIGN Bidirectional,0.03521570799999907,0.0117340420000005,0.10991045900000174,,,,,,,,,0.03521570799999907,0.035206875000003635,8.832999995433966e-06,0.1568602090000013,,,,,,,,,,,,,,,,,,,,0.0001300419999985536,0.006086875000001157,0.0029672920000010095,0.0006865000000004784,0.00035691600000120616,2.6125000001542276e-05,0.024953124999999687
4,800,5,Random Projection,0.028885083999998784,0.009713708999999682,0.10833216700000037,0.0001295829999996556,0.002374624999998076,0.001488250000001301,0.0005685839999998166,0.0007003330000010521,0.0003729579999998123,2.7082999999095136e-05,0.02321287499999869,0.028885083999998784,0.0288742909999975,1.079300000128569e-05,0.14693095999999883,,,,,,,,,,,,,,,,,,,,,,,,,,
4,800,5,Random Sampling,0.0630435000000027,0.009713708999999682,0.1332367500000018,,,,,,,,,0.0630435000000027,0.06303470900000008,8.791000002617011e-06,0.20599395900000417,0.002585207999999284,0.004211040999997806,0.02058049999999767,0.0005794170000008592,0.0017295840000031149,0.033348959000001344,,,,,,,,,,,,,,,,,,,,
4,800,5,Non-random,0.25917858300000063,0.009713708999999682,0.11398091700000279,,,,,,,,,0.25917858300000063,0.2591747089999963,3.87400000434468e-06,0.3828732090000031,,,,,,,0.23696183399999882,0.022032332999998516,0.00018054199999895104,,,,,,,,,,,,,,,,,
4,800,5,CountSketch,0.032470125000003236,0.009713708999999682,0.09167345800000248,,,,,,,,,0.032470125000003236,0.034347917000012274,0.0,0.1338572920000054,,,,,,,,,,0.00010950000000065074,0.001926958000002088,0.001926958000002088,0.001918542000002077,0.0014940000000009945,0.0007068340000024875,0.0006899579999988248,0.00037449999999950023,2.51670000004367e-05,0.025175500000003126,,,,,,,
4,800,5,SIGN Bidirectional,0.03255983300000054,0.009713708999999682,0.09239166699999757,,,,,,,,,0.03255983300000054,0.03255216699999863,7.66600000190465e-06,0.1346652089999978,,,,,,,,,,,,,,,,,,,,0.00013112499999934357,0.005978082999998691,0.0027244999999993524,0.000463249999999249,0.0002594170000023155,1.3917000000418511e-05,0.022981874999999263
4,800,6,Random Projection,0.028787749999999335,0.010728707999998477,0.09140066600000196,0.0001298749999989468,0.0019720420000020056,0.001202249999998628,0.0004981669999999383,0.0004842499999995198,0.0003039170000000979,2.6083000001619894e-05,0.024163208000000935,0.028787749999999335,0.02877979200000169,7.957999997643128e-06,0.13091712399999977,,,,,,,,,,,,,,,,,,,,,,,,,,
4,800,6,Random Sampling,0.05792154199999899,0.010728707999998477,0.11750183300000216,,,,,,,,,0.05792154199999899,0.05791562499999969,5.9169999993002875e-06,0.18615208299999964,0.002599332999999149,0.004233542000001478,0.019661625000001237,0.00047279200000005517,0.0011613749999987988,0.029786957999998975,,,,,,,,,,,,,,,,,,,,
4,800,6,Non-random,0.2495744579999979,0.010728707999998477,0.0972775420000005,,,,,,,,,0.2495744579999979,0.24957133299999867,3.124999999215561e-06,0.35758070799999686,,,,,,,0.2273537499999989,0.02203883299999987,0.00017874999999989427,,,,,,,,,,,,,,,,,
4,800,6,CountSketch,0.03038879200000011,0.010728707999998477,0.09116975000000238,,,,,,,,,0.03038879200000011,0.03158841799999834,0.0,0.13228725000000097,,,,,,,,,,7.254199999806588e-05,0.0012334589999980494,0.0012334589999980494,0.001700833000001012,0.0011123330000017972,0.0006593750000014609,0.0005416250000003231,0.00031999999999854367,2.6791999999886684e-05,0.024688000000001153,,,,,,,
4,800,6,SIGN Bidirectional,0.031944249999998675,0.010728707999998477,0.10871829200000249,,,,,,,,,0.031944249999998675,0.03193662400000363,7.625999995042321e-06,0.15139124999999964,,,,,,,,,,,,,,,,,,,,0.00013116600000273593,0.0063102920000019935,0.0021156250000018417,0.0004915839999988236,0.00027504099999831055,1.4165999999704582e-05,0.022598750000000223
4,800,7,Random Projection,0.023577290999998723,0.009748291999997605,0.0890096249999992,0.00013183300000108034,0.0018511250000017299,0.0010921249999995553,0.0004354169999984947,0.0006149159999999654,0.00025045800000000895,2.6083000001619894e-05,0.019167375000002096,0.023577290999998723,0.02356933200000455,7.958999994173155e-06,0.12233520799999553,,,,,,,,,,,,,,,,,,,,,,,,,,
4,800,7,Random Sampling,0.05514725000000098,0.009748291999997605,0.11368766700000066,,,,,,,,,0.05514725000000098,0.05514083300000294,6.416999998037909e-06,0.17858320899999924,0.0025940419999983533,0.004233332999998396,0.019028583000000765,0.0003810000000008529,0.0014088330000028293,0.027495042000001746,,,,,,,,,,,,,,,,,,,,
4,800,7,Non-random,0.2479814580000017,0.009748291999997605,0.11477887499999895,,,,,,,,,0.2479814580000017,0.24797845899999515,2.9990000065538425e-06,0.37250862499999826,,,,,,,0.22617512499999748,0.021625000000000227,0.0001783339999974487,,,,,,,,,,,,,,,,,
4,800,7,CountSketch,0.03015366700000044,0.009748291999997605,0.11219824999999872,,,,,,,,,0.03015366700000044,0.03131112499999844,0.0,0.15210020899999677,,,,,,,,,,6.841599999773962e-05,0.0011896670000020038,0.0011896670000020038,0.0017564999999990505,0.0014454169999993383,0.0006154999999985478,0.000604374999998214,0.0003587500000001853,2.7040999999172755e-05,0.024055792000002185,,,,,,,
4,800,7,SIGN Bidirectional,0.036824875000000645,0.009748291999997605,0.10843924999999999,,,,,,,,,0.036824875000000645,0.03681333400000142,1.1540999999226642e-05,0.15501241699999824,,,,,,,,,,,,,,,,,,,,0.00019229200000125957,0.008416000000000423,0.0034662909999987335,0.0007560840000024882,0.0003846659999986457,3.0333999998077843e-05,0.02356766700000179
4,800,8,Random Projection,0.026015667000002907,0.009731375000001208,0.11001704100000254,0.0001274579999979153,0.0019957499999989636,0.0010472079999992445,0.0006878749999970069,0.0007730419999987248,0.0002454579999984219,1.4165999999704582e-05,0.021117583999998857,0.026015667000002907,0.02600854099998884,7.126000014068268e-06,0.14576408300000665,,,,,,,,,,,,,,,,,,,,,,,,,,
4,800,8,Random Sampling,0.061753542000001715,0.009731375000001208,0.13191683400000187,,,,,,,,,0.061753542000001715,0.06174599899999578,7.543000005938438e-06,0.2034017510000048,0.002579957999998328,0.004256374999997092,0.023282124999997933,0.0006868749999995316,0.0017251659999999447,0.029215500000002947,,,,,,,,,,,,,,,,,,,,
4,800,8,Non-random,0.2598479169999983,0.009731375000001208,0.11556533299999927,,,,,,,,,0.2598479169999983,0.259843582999995,4.3340000033254e-06,0.3851446249999988,,,,,,,0.23635512499999933,0.023176790999997365,0.0003116669999982946,,,,,,,,,,,,,,,,,
4,800,8,CountSketch,0.02853016699999955,0.009731375000001208,0.1063212089999972,,,,,,,,,0.02853016699999955,0.02968808400001066,0.0,0.14458275099999796,,,,,,,,,,6.754099999994878e-05,0.001182542000002229,0.001182542000002229,0.0018177500000007285,0.0010477090000016176,0.000597875000000414,0.0005695830000007618,0.0002475000000004002,1.36670000010497e-05,0.022961375000001283,,,,,,,
4,800,8,SIGN Bidirectional,0.03593108300000125,0.009731375000001208,0.11456375000000207,,,,,,,,,0.03593108300000125,0.03591883500001103,1.2247999990222525e-05,0.16022620800000453,,,,,,,,,,,,,,,,,,,,0.00018908399999872927,0.007460042000005274,0.0035776670000018385,0.0008105839999998921,0.00034466700000024275,2.5041000000669555e-05,0.023511750000004383
4,800,9,Random Projection,0.030640333999997438,0.009792249999996727,0.11254379200000386,0.00013183299999752762,0.0026353749999969978,0.0012925829999943517,0.00043033299999706287,0.00044737499999314423,0.00026541599999774235,1.420799999607425e-05,0.025417125000004148,0.030640333999997438,0.03063424799997705,6.086000020388838e-06,0.15297637599999803,,,,,,,,,,,,,,,,,,,,,,,,,,
4,800,9,Random Sampling,0.06940408399999853,0.009792249999996727,0.1323477079999975,,,,,,,,,0.06940408399999853,0.06939570899999836,8.37500000017144e-06,0.21154404199999277,0.0026287079999960383,0.004241417000002912,0.03095549999999747,0.0005652090000012322,0.0016998749999999063,0.029305000000000803,,,,,,,,,,,,,,,,,,,,
4,800,9,Non-random,0.2631535829999976,0.009792249999996727,0.11819274999999863,,,,,,,,,0.2631535829999976,0.26314949999999016,4.083000007426563e-06,0.39113858299999293,,,,,,,0.23672783299999622,0.02622629199999693,0.00019537499999700003,,,,,,,,,,,,,,,,,
4,800,9,CountSketch,0.03580295800000499,0.009792249999996727,0.11425108400000283,,,,,,,,,0.03580295800000499,0.03696241699999092,0.0,0.15984629200000455,,,,,,,,,,7.674999999807142e-05,0.0011932079999965595,0.0011932079999965595,0.0023554170000039676,0.0015715840000041226,0.0007337079999985008,0.0007526249999969536,0.000368666999996492,2.6333000000988704e-05,0.028690916999998706,,,,,,,
4,800,9,SIGN Bidirectional,0.03809808300000128,0.009792249999996727,0.09453141599999526,,,,,,,,,0.03809808300000128,0.03808924900000221,8.83399999906942e-06,0.14242174899999327,,,,,,,,,,,,,,,,,,,,0.00013625000000416776,0.006790166000001818,0.002554665999994654,0.0008229170000007002,0.000416084000001149,1.8125000003976766e-05,0.027351040999995746
4,800,10,Random Projection,0.024020624999998574,0.010490999999994699,0.09268058300000348,0.00012883299999799647,0.0016856669999967266,0.0010915000000011332,0.00040616600000475955,0.000486667000004104,0.0002692919999986998,1.4084000000025299e-05,0.019932165999996698,0.024020624999998574,0.024014375000000143,6.249999998431122e-06,0.12719220799999675,,,,,,,,,,,,,,,,,,,,,,,,,,
4,800,10,Random Sampling,0.05426154099999536,0.010490999999994699,0.11728541699999795,,,,,,,,,0.05426154099999536,0.05425458399999883,6.956999996532431e-06,0.182037957999988,0.002599375000002624,0.004293666999998891,0.018493749999997533,0.0004874580000020501,0.0011503749999945967,0.027229959000003134,,,,,,,,,,,,,,,,,,,,
4,800,10,Non-random,0.2510306669999949,0.010490999999994699,0.09703295799999978,,,,,,,,,0.2510306669999949,0.25102749899999566,3.167999999220683e-06,0.35855462499998936,,,,,,,0.22906299999999646,0.021771415999999988,0.00019308299999920564,,,,,,,,,,,,,,,,,
4,800,10,CountSketch,0.025394041999994954,0.010490999999994699,0.08928620800000431,,,,,,,,,0.025394041999994954,0.02657829199998929,0.0,0.12517124999999396,,,,,,,,,,6.662499999521287e-05,0.0012175840000026028,0.0012175840000026028,0.0016464999999996621,0.0012726659999984236,0.0004640840000007529,0.0005602079999960097,0.00035679100000152175,2.6249999997673967e-05,0.019749999999994827,,,,,,,
4,800,10,SIGN Bidirectional,0.03237962499999725,0.010490999999994699,0.08773716599999659,,,,,,,,,0.03237962499999725,0.032367999000001646,1.1625999995601433e-05,0.13060779099998854,,,,,,,,,,,,,,,,,,,,0.00013112500000289629,0.005851415999998721,0.002928624999995577,0.0005368330000052879,0.00024020800000101872,2.537499999988313e-05,0.02265441699999826
4,800,11,Random Projection,0.02766300000000399,0.009771540999999218,0.08947058300000066,0.00012958399999973835,0.001701458999995964,0.0010736670000000004,0.0004899579999957382,0.0005107499999965626,0.00031787500000035607,1.558400000334359e-05,0.023416042000000914,0.02766300000000399,0.027654918999992617,8.081000011372907e-06,0.12690512400000387,,,,,,,,,,,,,,,,,,,,,,,,,,
4,800,11,Random Sampling,0.058653291000005936,0.009771540999999218,0.11265395799999567,,,,,,,,,0.058653291000005936,0.05864812499999772,5.1660000082165425e-06,0.18107879000000082,0.002599707999998202,0.004336917000003382,0.017868499999998733,0.00045358400000594656,0.001162457999996036,0.03222695799999542,,,,,,,,,,,,,,,,,,,,
4,800,11,Non-random,0.24725908299999588,0.009771540999999218,0.09516741699999898,,,,,,,,,0.24725908299999588,0.24725554199999777,3.5409999981084184e-06,0.3521980409999941,,,,,,,0.22537562499999808,0.021687124999999696,0.0001927919999999972,,,,,,,,,,,,,,,,,
4,800,11,CountSketch,0.02622199999999708,0.009771540999999218,0.08855341699999997,,,,,,,,,0.02622199999999708,0.027383416999995802,0.0,0.12454695799999627,,,,,,,,,,6.933399999553558e-05,0.0011887080000008154,0.0011887080000008154,0.0013967920000013123,0.0010499589999994896,0.00047908300000187864,0.0005656669999964947,0.0002737080000017045,1.4874999997971372e-05,0.021156582999999785,,,,,,,
4,800,11,SIGN Bidirectional,0.02955862499999995,0.009771540999999218,0.089421999999999,,,,,,,,,0.02955862499999995,0.029552458000004833,6.1669999951163845e-06,0.12875216599999817,,,,,,,,,,,,,,,,,,,,0.00013220800000368627,0.005604249999997535,0.0021275419999966516,0.0004550410000021543,0.00026770800000264217,1.412499999986494e-05,0.0209515840000023
4,800,12,Random Projection,0.026057584000000134,0.009887708000000828,0.0910149589999989,0.00012729200000194396,0.0017429999999976076,0.0010767079999993712,0.000436917000001813,0.0004903330000018968,0.0002596670000016843,1.4499999998918156e-05,0.02190458399999784,0.026057584000000134,0.026053001000001075,4.582999999058757e-06,0.12696025099999986,,,,,,,,,,,,,,,,,,,,,,,,,,
4,800,12,Random Sampling,0.05802287499999892,0.009887708000000828,0.1129558330000009,,,,,,,,,0.05802287499999892,0.05801800000001123,4.874999987691808e-06,0.18086641600000064,0.002573584000003848,0.006831333000000939,0.018868791000002716,0.0003893749999974716,0.0011351670000010472,0.028219750000005206,,,,,,,,,,,,,,,,,,,,
4,800,12,Non-random,0.2514657089999943,0.009887708000000828,0.11840449999999691,,,,,,,,,0.2514657089999943,0.2514620419999929,3.6670000014282778e-06,0.37975791699999206,,,,,,,0.2266737919999997,0.02460912499999779,0.00017912499999539477,,,,,,,,,,,,,,,,,
4,800,12,CountSketch,0.03269454100000502,0.009887708000000828,0.11051058299999994,,,,,,,,,0.03269454100000502,0.03440800100000274,0.0,0.15309283200000579,,,,,,,,,,0.00011195900000160464,0.001765542000001119,0.001765542000001119,0.002380207999998163,0.0015207080000010365,0.0014645420000007903,0.001064374999998563,0.000522374999995634,1.4542000002393252e-05,0.02379820800000232,,,,,,,
4,800,12,SIGN Bidirectional,0.03561954100000264,0.009887708000000828,0.11358262500000649,,,,,,,,,0.03561954100000264,0.035612249999992684,7.291000009956861e-06,0.15908987400000996,,,,,,,,,,,,,,,,,,,,0.00013099999999610645,0.005991541000000211,0.0024195839999947566,0.0006265000000027499,0.00037675000000092496,3.900000000101045e-05,0.026027874999996925
4,800,13,Random Projection,0.034160667000001865,0.009815042000006713,0.11978412500000246,0.00013070900000400343,0.0026926670000051445,0.0014289169999983642,0.0008360829999958241,0.0006998750000022369,0.0003950840000044309,2.8333999999574644e-05,0.027938249999998277,0.034160667000001865,0.034149919000007856,1.074799999400966e-05,0.16375983400001104,,,,,,,,,,,,,,,,,,,,,,,,,,
4,800,13,Random Sampling,0.06573520799999955,0.009815042000006713,0.14550970799999874,,,,,,,,,0.06573520799999955,0.0657270419999989,8.16600000064227e-06,0.221059958000005,0.0025905420000000845,0.004270832999999641,0.02418029199999694,0.0005242500000051109,0.0016814999999965607,0.03247962500000057,,,,,,,,,,,,,,,,,,,,
4,800,13,Non-random,0.24463420899999733,0.009815042000006713,0.12045862500000482,,,,,,,,,0.24463420899999733,0.24462945800000568,4.750999991642857e-06,0.37490787600000886,,,,,,,0.22067829200000233,0.023626749999998253,0.00032441600000510107,,,,,,,,,,,,,,,,,
4,800,13,CountSketch,0.03273937499999846,0.009815042000006713,0.11356762500000173,,,,,,,,,0.03273937499999846,0.034609082000010005,0.0,0.1561220420000069,,,,,,,,,,0.00011370800000065628,0.0019195830000029446,0.0019195830000029446,0.002275791999998944,0.0015138340000007133,0.0007257500000008577,0.0008779580000037868,0.00037433299999634073,2.662500000383261e-05,0.024861915999998985,,,,,,,
4,800,13,SIGN Bidirectional,0.037663040999994735,0.009815042000006713,0.12149575000000112,,,,,,,,,0.037663040999994735,0.0376529990000094,1.004199998533295e-05,0.16897383300000257,,,,,,,,,,,,,,,,,,,,0.00012658300000367717,0.00737379099999913,0.0029878750000023047,0.0006959590000050753,0.0003987919999985934,1.8832999998608102e-05,0.026051166000002013
4,800,14,Random Projection,0.03761912499999909,0.009486791999997024,0.09436016699999783,0.00012270899999577978,0.0032874579999955245,0.0010549579999974412,0.0008351249999947186,0.0010658329999984062,0.0005742089999998257,1.699999999971169e-05,0.03065087499999919,0.03761912499999909,0.0376081669999806,1.0958000018490566e-05,0.14146608399999394,,,,,,,,,,,,,,,,,,,,,,,,,,
4,800,14,Random Sampling,0.06743333300000387,0.009486791999997024,0.11662083400000256,,,,,,,,,0.06743333300000387,0.06742733400000134,5.999000002532284e-06,0.19354095900000345,0.002556457999993711,0.004222208000001615,0.024361917000000233,0.0005590000000026407,0.001152209000004234,0.034575541999998904,,,,,,,,,,,,,,,,,,,,
4,800,14,Non-random,0.2590290829999944,0.009486791999997024,0.09875283400000257,,,,,,,,,0.2590290829999944,0.259025582999989,3.500000005374204e-06,0.367268708999994,,,,,,,0.23325099999999566,0.02558358299999952,0.000190999999993835,,,,,,,,,,,,,,,,,
4,800,14,CountSketch,0.030055957999998384,0.009486791999997024,0.09205079100000546,,,,,,,,,0.030055957999998384,0.031231708000007075,0.0,0.13159354100000087,,,,,,,,,,7.391700000169976e-05,0.0012046659999995768,0.0012046659999995768,0.0014481249999960255,0.0010673339999982545,0.0004814580000029878,0.0004699580000036008,0.00027525000000139244,1.4249999999549345e-05,0.02499208400000441,,,,,,,
4,800,14,SIGN Bidirectional,0.03181624999999855,0.009486791999997024,0.09089520799999917,,,,,,,,,0.03181624999999855,0.03180987500000043,6.374999998115527e-06,0.13219824999999474,,,,,,,,,,,,,,,,,,,,0.00013141600000210474,0.005834292000002961,0.0021255000000053315,0.000520666999996422,0.0002822920000014051,1.6041999998606116e-05,0.0228996659999936
4,800,15,Random Projection,0.028130250000003798,0.010667874999995774,0.09125537500000291,0.00013274999999879356,0.0017462090000037733,0.0014127079999965986,0.0004325829999984876,0.0004947500000014315,0.0002604580000067358,1.3917000003971225e-05,0.023630291999999997,0.028130250000003798,0.02812366700000979,6.582999994009242e-06,0.1300535000000025,,,,,,,,,,,,,,,,,,,,,,,,,,
4,800,15,Random Sampling,0.0654087919999995,0.010667874999995774,0.11506370899999752,,,,,,,,,0.0654087919999995,0.06540362600000549,5.165999994005688e-06,0.19114037599999278,0.002585625000001812,0.00425258299999598,0.023314917000000435,0.0003990840000014373,0.0011375420000021563,0.03371387500000367,,,,,,,,,,,,,,,,,,,,
4,800,15,Non-random,0.2507157499999977,0.010667874999995774,0.09575595799999803,,,,,,,,,0.2507157499999977,0.2507124999999988,3.249999998899966e-06,0.3571395829999915,,,,,,,0.22875016700000117,0.021784166999999854,0.00017816599999775917,,,,,,,,,,,,,,,,,
4,800,15,CountSketch,0.029348999999996295,0.010667874999995774,0.09248341600000032,,,,,,,,,0.029348999999996295,0.030506000000016797,0.0,0.1325002909999924,,,,,,,,,,6.929199999916591e-05,0.0011842080000050714,0.0011842080000050714,0.00159266699999705,0.0010805000000004839,0.0004966660000036427,0.000494917000004591,0.0002770420000004492,1.387500000049613e-05,0.024112625000000776,,,,,,,
4,800,15,SIGN Bidirectional,0.03622616700000236,0.010667874999995774,0.0892947090000007,,,,,,,,,0.03622616700000236,0.03621870800000693,7.4589999954355335e-06,0.13618875099999883,,,,,,,,,,,,,,,,,,,,0.00013429200000558694,0.006133624999996812,0.00216916600000161,0.0006503749999993147,0.00028162499999950796,1.4499999998918156e-05,0.026835125000005178
4,800,16,Random Projection,0.02800999999999476,0.00976349999999826,0.0923374999999993,0.0001275830000011524,0.0017304160000009006,0.0010707920000001536,0.00039970799999622386,0.0005201669999976843,0.0003221250000038367,2.6791000003356658e-05,0.02380466700000028,0.02800999999999476,0.028002249000003587,7.750999991174012e-06,0.13011099999999232,,,,,,,,,,,,,,,,,,,,,,,,,,
4,800,16,Random Sampling,0.06619933399999667,0.00976349999999826,0.11370820799999848,,,,,,,,,0.06619933399999667,0.06619341700000092,5.916999995747574e-06,0.1896710419999934,0.0025835839999999166,0.005549957999996025,0.023346916000001272,0.00041004199999861157,0.0012756670000015902,0.033027250000003505,,,,,,,,,,,,,,,,,,,,
4,800,16,Non-random,0.25521045800000053,0.00976349999999826,0.11607341699999552,,,,,,,,,0.25521045800000053,0.2552054170000062,5.0409999943212824e-06,0.3810473749999943,,,,,,,0.22842487500000175,0.026459458000005043,0.0003210839999994164,,,,,,,,,,,,,,,,,
4,800,16,CountSketch,0.035565750000003504,0.00976349999999826,0.10989120900000415,,,,,,,,,0.035565750000003504,0.03670829200000014,0.0,0.15522045900000592,,,,,,,,,,7.150000000422096e-05,0.0011764999999996917,0.0011764999999996917,0.0019850409999975227,0.001489625000004935,0.0007176669999964247,0.0007472919999997885,0.00037941699999777256,2.63750000044638e-05,0.02893837499999563,,,,,,,
4,800,16,SIGN Bidirectional,0.044089124999999285,0.00976349999999826,0.09015179199999324,,,,,,,,,0.044089124999999285,0.04407908399999627,1.0041000003013778e-05,0.14400441699999078,,,,,,,,,,,,,,,,,,,,0.00013116699999926595,0.007218625000000145,0.0031852910000012002,0.000915458999998009,0.00040404199999954926,2.6042000001780252e-05,0.03219845799999632
4,800,17,Random Projection,0.027943458999999393,0.009870040999999219,0.09282216700000134,0.00012912500000084037,0.0017582079999982625,0.0012564170000004538,0.00042400000000242244,0.0013186250000032373,0.00028645799999793553,1.4208999999709704e-05,0.02274829199999573,0.027943458999999393,0.02793533399999859,8.125000000802629e-06,0.13063566699999996,,,,,,,,,,,,,,,,,,,,,,,,,,
4,800,17,Random Sampling,0.06134099999999876,0.009870040999999219,0.11466629199999545,,,,,,,,,0.06134099999999876,0.06133545799999496,5.542000003799785e-06,0.18587733299999343,0.002607417000000112,0.004289915999997618,0.024101583000003757,0.00040199999999401825,0.0011440419999999563,0.028790499999999497,,,,,,,,,,,,,,,,,,,,
4,800,17,Non-random,0.2510166660000053,0.009870040999999219,0.09468895799999899,,,,,,,,,0.2510166660000053,0.25101304200000385,3.6240000014231555e-06,0.3555756650000035,,,,,,,0.22741154100000216,0.023409583999999484,0.00019191700000220635,,,,,,,,,,,,,,,,,
4,800,17,CountSketch,0.030204959000002418,0.009870040999999219,0.09289770800000241,,,,,,,,,0.030204959000002418,0.031390997999999115,0.0,0.13297270800000405,,,,,,,,,,6.712500000105592e-05,0.001214540999995961,0.001214540999995961,0.0014878750000022478,0.0014377079999974285,0.0004717919999990272,0.00048083300000456575,0.0002740000000045484,1.4000000000180535e-05,0.02472858299999814,,,,,,,
4,800,17,SIGN Bidirectional,0.03273637499999893,0.009870040999999219,0.09174754200000024,,,,,,,,,0.03273637499999893,0.032728626000015026,7.748999983903104e-06,0.13435395799999839,,,,,,,,,,,,,,,,,,,,0.00013270900000605934,0.005699083000003213,0.0021729999999990923,0.0005632089999991763,0.0002806250000020327,2.420900000288384e-05,0.02385579100000257
4,800,18,Random Projection,0.02607683400000127,0.00936833299999762,0.09473437500000159,0.00012929200000399987,0.0017654580000012743,0.001227708999998356,0.00047808400000093343,0.0004953749999998536,0.0002872919999958867,2.491600000098515e-05,0.021660750000002338,0.02607683400000127,0.026068876000003627,7.957999997643128e-06,0.13017954200000048,,,,,,,,,,,,,,,,,,,,,,,,,,
4,800,18,Random Sampling,0.07092058399999956,0.00936833299999762,0.1191846250000026,,,,,,,,,0.07092058399999956,0.07091449999999355,6.084000006012502e-06,0.19947354199999978,0.002585374999995338,0.004272624999998698,0.029894583999997337,0.0003756249999966599,0.0011417910000020015,0.03264450000000352,,,,,,,,,,,,,,,,,,,,
4,800,18,Non-random,0.26349445900000035,0.00936833299999762,0.1207007080000011,,,,,,,,,0.26349445900000035,0.263488959,5.50000000032469e-06,0.39356349999999907,,,,,,,0.2347462500000006,0.028427749999998753,0.0003149590000006697,,,,,,,,,,,,,,,,,
4,800,18,CountSketch,0.03319062499999603,0.00936833299999762,0.0943900830000004,,,,,,,,,0.03319062499999603,0.03434512399999079,0.0,0.13694904099999405,,,,,,,,,,7.095800000200825e-05,0.0011844160000009651,0.0011844160000009651,0.002050749999995105,0.001294749999999567,0.0006536249999982147,0.0004597920000009026,0.0004815419999957271,3.795800000006011e-05,0.026926916999997275,,,,,,,
4,800,18,SIGN Bidirectional,0.03671025000000583,0.00936833299999762,0.09302608300000514,,,,,,,,,0.03671025000000583,0.03670141799999982,8.832000006009366e-06,0.1391046660000086,,,,,,,,,,,,,,,,,,,,0.00018858399999999165,0.0059771669999975074,0.0021655830000000265,0.0004918750000015848,0.00029104200000062974,1.56669999995529e-05,0.027571500000000526
4,800,19,Random Projection,0.04077883300000451,0.01069812499999756,0.0898958749999963,0.00013825000000622367,0.012610500000000968,0.0011619580000044039,0.0005852079999968396,0.0005700829999994994,0.0010699170000023628,1.7792000001293218e-05,0.02461404199999606,0.04077883300000451,0.04076775000000765,1.1082999996858689e-05,0.14137283299999837,,,,,,,,,,,,,,,,,,,,,,,,,,
4,800,19,Random Sampling,0.05682695799999493,0.01069812499999756,0.1145344580000014,,,,,,,,,0.05682695799999493,0.056821126000002664,5.831999992267356e-06,0.18205954099999389,0.0026031250000002615,0.004482291999998722,0.018211209000000395,0.00047333300000218514,0.0011281250000010346,0.029923042000000066,,,,,,,,,,,,,,,,,,,,
4,800,19,Non-random,0.25872116699999737,0.01069812499999756,0.09491254099999935,,,,,,,,,0.25872116699999737,0.25871604099999246,5.126000004906928e-06,0.3643318329999943,,,,,,,0.23286533299999945,0.025523999999997216,0.00032670799999579003,,,,,,,,,,,,,,,,,
4,800,19,CountSketch,0.02921450000000192,0.01069812499999756,0.08988641700000244,,,,,,,,,0.02921450000000192,0.030380126999979495,0.0,0.12979904200000192,,,,,,,,,,7.15839999969603e-05,0.0011940419999945107,0.0011940419999945107,0.0014572500000014088,0.0010788339999976415,0.0004308749999992756,0.00046529199999412185,0.0002802079999995044,1.4917000001446468e-05,0.024193083000000115,,,,,,,
4,800,19,SIGN Bidirectional,0.0280774579999985,0.01069812499999756,0.08911537499999866,,,,,,,,,0.0280774579999985,0.028071706000005747,5.751999992753554e-06,0.12789095799999473,,,,,,,,,,,,,,,,,,,,0.00013508300000353302,0.005639458000004538,0.0020643329999998627,0.000472041999998396,0.0002557079999974121,1.4415999999073392e-05,0.019490666000002932
4,800,20,Random Projection,0.023306916999999316,0.00969058300000114,0.09106450000000166,0.0001273330000017836,0.0017508749999990414,0.0013031249999997385,0.00048241600000409335,0.0004591250000061109,0.00026820900000501524,1.437499999923375e-05,0.018894500000001813,0.023306916999999316,0.02329995800001683,6.958999982487057e-06,0.12406200000000212,,,,,,,,,,,,,,,,,,,,,,,,,,
4,800,20,Random Sampling,0.05334687500000257,0.00969058300000114,0.11271641700000146,,,,,,,,,0.05334687500000257,0.053340333000015505,6.541999987064173e-06,0.17575387500000517,0.0030925000000010527,0.004283166999996979,0.017773166000004892,0.0003964580000044293,0.0011452920000039057,0.026649750000004246,,,,,,,,,,,,,,,,,,,,
4,800,20,Non-random,0.25035625000000294,0.00969058300000114,0.11473941700000267,,,,,,,,,0.25035625000000294,0.25035191700000325,4.332999999689946e-06,0.37478625000000676,,,,,,,0.22680250000000513,0.023228332999998713,0.0003210839999994164,,,,,,,,,,,,,,,,,
4,800,20,CountSketch,0.02893104099999988,0.00969058300000114,0.10691079200000075,,,,,,,,,0.02893104099999988,0.03008133399998769,0.0,0.14553241600000177,,,,,,,,,,6.774999999947795e-05,0.001177083999998274,0.001177083999998274,0.0018320829999964872,0.0013482079999960206,0.0005847919999979467,0.0005683329999968123,0.00024804199999550747,1.4375000006339178e-05,0.023063583000002552,,,,,,,
4,800,20,SIGN Bidirectional,0.0333850839999954,0.00969058300000114,0.11079349999999977,,,,,,,,,0.0333850839999954,0.03337566699999428,9.417000001121778e-06,0.1538691669999963,,,,,,,,,,,,,,,,,,,,0.00012749999999783768,0.007821708000001593,0.0033247090000045887,0.0007433329999955163,0.00031795900000020083,2.6499999997042778e-05,0.0210139579999975
4,1000,1,Random Projection,0.03550962499999599,0.016976167000002818,0.1696600840000002,0.00016258299999805104,0.004374666000003913,0.0015945000000030518,0.0010842079999946463,0.0009425000000007344,0.00044004200000102855,3.2292000000211374e-05,0.026867625000001283,0.03550962499999599,0.03549841600000292,1.1208999993073121e-05,0.22214587599999902,,,,,,,,,,,,,,,,,,,,,,,,,,
4,1000,1,Random Sampling,0.07037083300000546,0.016976167000002818,0.21033599999999808,,,,,,,,,0.07037083300000546,0.07036454200000009,6.2910000053761905e-06,0.29768300000000636,0.003961541999998985,0.00859837499999827,0.025984667000003014,0.000656374999998377,0.001726374999996949,0.02943720800000449,,,,,,,,,,,,,,,,,,,,
4,1000,1,Non-random,0.31910829099999916,0.016976167000002818,0.16811808299999598,,,,,,,,,0.31910829099999916,0.31910454199999805,3.749000001107561e-06,0.504202540999998,,,,,,,0.2921868339999989,0.02661441600000103,0.0003032919999981232,,,,,,,,,,,,,,,,,
4,1000,1,CountSketch,0.03839550000000003,0.016976167000002818,0.16596754199999708,,,,,,,,,0.03839550000000003,0.042776582000001895,0.0,0.22133920899999993,,,,,,,,,,0.00011754100000160861,0.004432000000001324,0.004432000000001324,0.0033883340000002704,0.0019560419999962164,0.0009338329999977191,0.0009650410000006104,0.0004644580000032761,2.04580000016108e-05,0.026066874999997935,,,,,,,
4,1000,1,SIGN Bidirectional,0.041744874999999126,0.016976167000002818,0.1719107500000021,,,,,,,,,0.041744874999999126,0.041735164999991525,9.710000007601138e-06,0.23063179200000405,,,,,,,,,,,,,,,,,,,,0.000230957999995951,0.010612207999997736,0.003510374999997623,0.0009935420000033446,0.00027999999999650527,1.7040999999551332e-05,0.026091041000000814
4,1000,2,Random Projection,0.03228529199999741,0.015319583000000137,0.17064912499999707,0.00016262500000152613,0.003919417000005865,0.0020427080000047226,0.0009462919999947417,0.0010716250000015748,0.00029250000000047294,1.7208000002710833e-05,0.023822291000001883,0.03228529199999741,0.0322746660000135,1.0625999983915335e-05,0.21825399999999462,,,,,,,,,,,,,,,,,,,,,,,,,,
4,1000,2,Random Sampling,0.07856974999999977,0.015319583000000137,0.17038104200000248,,,,,,,,,0.07856974999999977,0.0785553340000007,1.4415999999073392e-05,0.2642703750000024,0.00421891699999577,0.012012708999996846,0.026811082999998348,0.0007500000000035811,0.001876041000002715,0.03288658400000344,,,,,,,,,,,,,,,,,,,,
4,1000,2,Non-random,0.32674374999999856,0.015319583000000137,0.17371049999999855,,,,,,,,,0.32674374999999856,0.3267386250000044,5.124999994166046e-06,0.5157738329999972,,,,,,,0.3036853750000006,0.022745749999998566,0.00030750000000523414,,,,,,,,,,,,,,,,,
4,1000,2,CountSketch,0.031388958999997385,0.015319583000000137,0.16509770799999757,,,,,,,,,0.031388958999997385,0.0330116240000109,0.0,0.2118062499999951,,,,,,,,,,7.46669999998062e-05,0.0016586660000044162,0.0016586660000044162,0.0025093329999990033,0.0019775840000022527,0.0008542079999998009,0.0009711249999995175,0.0003802919999955634,3.0541000000994245e-05,0.022896542000005127,,,,,,,
4,1000,2,SIGN Bidirectional,0.037230000000000985,0.015319583000000137,0.16685695900000042,,,,,,,,,0.037230000000000985,0.037222040000003176,7.959999997808609e-06,0.21940654200000154,,,,,,,,,,,,,,,,,,,,0.00016383399999853054,0.010480540999999732,0.003791833000001077,0.0008609579999969696,0.00025795800000594227,1.7124999999396096e-05,0.021649791000001528
4,1000,3,Random Projection,0.030178833000000793,0.015001167000001203,0.16410500000000638,0.0001633330000032629,0.0031490830000038272,0.001461792000000628,0.0010362920000019926,0.0013916670000000408,0.0003941659999995295,3.0750000000523414e-05,0.022541291999999657,0.030178833000000793,0.030168375000009462,1.0457999991331235e-05,0.20928500000000838,,,,,,,,,,,,,,,,,,,,,,,,,,
4,1000,3,Random Sampling,0.06900420800000262,0.015001167000001203,0.20264187500000475,,,,,,,,,0.06900420800000262,0.06899624999999787,7.958000004748556e-06,0.28664725000000857,0.004461833999997111,0.006578666000002897,0.026326832999998828,0.0009372499999997785,0.0017430830000009223,0.028948583999998334,,,,,,,,,,,,,,,,,,,,
4,1000,3,Non-random,0.32604095899999663,0.015001167000001203,0.17352433300000314,,,,,,,,,0.32604095899999663,0.3260374999999982,3.4589999984291353e-06,0.514566459000001,,,,,,,0.30169120800000115,0.02406862499999818,0.00027766699999887123,,,,,,,,,,,,,,,,,
4,1000,3,CountSketch,0.03135379199999733,0.015001167000001203,0.16488766700000212,,,,,,,,,0.03135379199999733,0.03291329099999274,0.0,0.21124262600000066,,,,,,,,,,7.433399999712265e-05,0.001593457999994996,0.001593457999994996,0.002794334000000731,0.0020264580000031174,0.0011098749999973734,0.0013459159999982262,0.000375832999999659,3.008300000573172e-05,0.021969542000000786,,,,,,,
4,1000,3,SIGN Bidirectional,0.03607241599999611,0.015001167000001203,0.17285054200000616,,,,,,,,,0.03607241599999611,0.03606487499999389,7.541000002220244e-06,0.22392412500000347,,,,,,,,,,,,,,,,,,,,0.00016225000000247292,0.009653499999998871,0.004054165999995973,0.0007003340000011349,0.00027799999999444935,1.758299999465862e-05,0.02119904200000633
4,1000,4,Random Projection,0.034930166000002316,0.016845666000001813,0.17458616700000107,0.00015687500000183263,0.004518625000002885,0.0016872499999962542,0.0011920829999993998,0.0011906669999959263,0.00021987499999909232,3.0250000001785793e-05,0.025924582999998336,0.034930166000002316,0.03492020799999551,9.958000006804468e-06,0.2263619990000052,,,,,,,,,,,,,,,,,,,,,,,,,,
4,1000,4,Random Sampling,0.07523020800000069,0.016845666000001813,0.20929595799999845,,,,,,,,,0.07523020800000069,0.07522291800001568,7.2899999850051245e-06,0.30137183200000095,0.004218749999999716,0.00657149999999973,0.024001667000000282,0.006666292000005569,0.0016690840000066487,0.032095625000003736,,,,,,,,,,,,,,,,,,,,
4,1000,4,Non-random,0.3323367079999997,0.016845666000001813,0.17370862500000328,,,,,,,,,0.3323367079999997,0.33233299999999844,3.7080000012679193e-06,0.5228909990000048,,,,,,,0.3051119579999977,0.026921791999996003,0.0002992500000047471,,,,,,,,,,,,,,,,,
4,1000,4,CountSketch,0.034525332999997715,0.016845666000001813,0.1782890830000028,,,,,,,,,0.034525332999997715,0.03621216600000565,0.0,0.22966008200000232,,,,,,,,,,6.900000000342743e-05,0.0017202089999983627,0.0017202089999983627,0.0024283330000045567,0.0017356660000018564,0.0009272500000037098,0.0009759590000015805,0.00027829100000076323,1.841599999607979e-05,0.026338832999996953,,,,,,,
4,1000,4,SIGN Bidirectional,0.04158625000000171,0.016845666000001813,0.1854840419999988,,,,,,,,,0.04158625000000171,0.041577001000007385,9.248999994326823e-06,0.24391595800000232,,,,,,,,,,,,,,,,,,,,0.00023762500000401587,0.008939916999999298,0.003872833999999159,0.0009642090000028247,0.00028300000000314185,1.791599999734217e-05,0.027261500000001604
4,1000,5,Random Projection,0.030308832999999424,0.018061125000002676,0.17521933299999404,0.00016120800000152258,0.0026224590000012427,0.0012882919999981368,0.0008273329999965995,0.0010492500000012228,0.00034320800000386953,2.0292000002086752e-05,0.023986999999998204,0.030308832999999424,0.030299042000002885,9.79099999653954e-06,0.22358929099999614,,,,,,,,,,,,,,,,,,,,,,,,,,
4,1000,5,Random Sampling,0.07422583299999985,0.018061125000002676,0.2113820000000004,,,,,,,,,0.07422583299999985,0.07421854300000774,7.289999992110552e-06,0.30366895800000293,0.0039741670000026375,0.006868666000002577,0.028510625000002676,0.0007812090000030025,0.0017185419999989904,0.03236533399999786,,,,,,,,,,,,,,,,,,,,
4,1000,5,Non-random,0.32441112499999747,0.018061125000002676,0.17548762500000237,,,,,,,,,0.32441112499999747,0.3244067499999943,4.3750000031650416e-06,0.5179598750000025,,,,,,,0.2998906249999962,0.024019875000000468,0.0004962499999976444,,,,,,,,,,,,,,,,,
4,1000,5,CountSketch,0.030143625000000895,0.018061125000002676,0.17172416599999707,,,,,,,,,0.030143625000000895,0.03170995899999696,0.0,0.21992891600000064,,,,,,,,,,7.354099999901109e-05,0.0016012500000002206,0.0016012500000002206,0.0028955839999937893,0.0017552500000022064,0.0007399590000005674,0.0007026249999952938,0.0003983329999996954,3.262500000289492e-05,0.021909542000003057,,,,,,,
4,1000,5,SIGN Bidirectional,0.038695666999998934,0.018061125000002676,0.17201916699999487,,,,,,,,,0.038695666999998934,0.03868795900000066,7.707999998274317e-06,0.22877595899999648,,,,,,,,,,,,,,,,,,,,0.0001587499999970987,0.010509499999997729,0.0036234590000034927,0.0006008330000000228,0.00030083400000080474,1.808300000050167e-05,0.02347650000000101
4,1000,6,Random Projection,0.0470133749999988,0.018911750000000893,0.16345395800000517,0.0001598750000013638,0.00428308300000424,0.001959374999998431,0.0007904160000009597,0.0006685000000032915,0.00021879199999830234,1.987499999955844e-05,0.03890383299999911,0.0470133749999988,0.04700374900000526,9.62599999354552e-06,0.22937908300000487,,,,,,,,,,,,,,,,,,,,,,,,,,
4,1000,6,Random Sampling,0.07729962499999488,0.018911750000000893,0.20873766699999408,,,,,,,,,0.07729962499999488,0.07729141599998712,8.20900000775282e-06,0.30494904199998984,0.003954208000003234,0.006485083999997698,0.027785207999997397,0.0008607079999976008,0.001754332999993835,0.03645187499999736,,,,,,,,,,,,,,,,,,,,
4,1000,6,Non-random,0.312027042000004,0.018911750000000893,0.18797679099999698,,,,,,,,,0.312027042000004,0.3120239579999975,3.0840000064813466e-06,0.5189155830000018,,,,,,,0.28783754200000544,0.023886790999995355,0.0002996249999966949,,,,,,,,,,,,,,,,,
4,1000,6,CountSketch,0.03405458399999617,0.018911750000000893,0.16879479100000339,,,,,,,,,0.03405458399999617,0.03562158200000454,0.0,0.22176112500000045,,,,,,,,,,7.495799999901465e-05,0.0015989580000024262,0.0015989580000024262,0.002895125000001997,0.0015001670000032163,0.0009299999999967667,0.0009039999999984616,0.0003742500000001314,3.0832999996732724e-05,0.025714333000003364,,,,,,,
4,1000,6,SIGN Bidirectional,0.04137125000000452,0.018911750000000893,0.16887362499999625,,,,,,,,,0.04137125000000452,0.04136237400000198,8.876000002544515e-06,0.22915662500000167,,,,,,,,,,,,,,,,,,,,0.00015920799999946667,0.010689083999999127,0.006338790999997457,0.0010108330000022647,0.0002905420000018921,1.699999999971169e-05,0.02285691600000206
4,1000,7,Random Projection,0.03241508400000015,0.015128083000000458,0.1613351250000008,0.00015325000000387945,0.004031750000002887,0.002114041000005784,0.001121750000002919,0.0009915840000047638,0.00044845899999756966,3.7208999998483705e-05,0.023505958000001215,0.03241508400000015,0.0324040010000175,1.1082999982647834e-05,0.2088782920000014,,,,,,,,,,,,,,,,,,,,,,,,,,
4,1000,7,Random Sampling,0.0782267499999989,0.015128083000000458,0.20986179100000157,,,,,,,,,0.0782267499999989,0.07821862699999826,8.123000000637148e-06,0.30321662400000093,0.003964250000002778,0.00961591700000497,0.029408208999996077,0.0007834999999971615,0.0017786669999964033,0.032668084000000874,,,,,,,,,,,,,,,,,,,,
4,1000,7,Non-random,0.31410304100000275,0.015128083000000458,0.17654570899999555,,,,,,,,,0.31410304100000275,0.31409883299999564,4.208000007110968e-06,0.5057768329999988,,,,,,,0.2841070830000021,0.029692457999999533,0.00029929199999401135,,,,,,,,,,,,,,,,,
4,1000,7,CountSketch,0.03986066699999924,0.015128083000000458,0.1373976249999984,,,,,,,,,0.03986066699999924,0.04142162799998772,0.0,0.1923863749999981,,,,,,,,,,7.20829999991679e-05,0.0015992499999981646,0.0015992499999981646,0.003041709000001447,0.002112291999999627,0.001150166999998703,0.0007405839999989894,0.0004184589999951527,3.224999999673628e-05,0.030655584000001568,,,,,,,
4,1000,7,SIGN Bidirectional,0.03661845799999952,0.015128083000000458,0.13994470800000158,,,,,,,,,0.03661845799999952,0.03660558399999303,1.287400000649086e-05,0.19169124900000156,,,,,,,,,,,,,,,,,,,,0.000167875000002482,0.008150624999998968,0.0035529999999965867,0.0008037500000028786,0.00036420899999711764,1.7874999997502528e-05,0.023548249999997495
4,1000,8,Random Projection,0.027741040999998745,0.014970832999999573,0.1380604999999946,0.00016366699999537104,0.002837665999997796,0.001501249999996901,0.0006659590000026583,0.0008608750000007603,0.00029158399999573703,1.7333999998925265e-05,0.02139449999999954,0.027741040999998745,0.027732834999987688,8.206000011057313e-06,0.1807723739999929,,,,,,,,,,,,,,,,,,,,,,,,,,
4,1000,8,Random Sampling,0.05954420800000548,0.014970832999999573,0.16811320900000482,,,,,,,,,0.05954420800000548,0.05953395700000641,1.0250999999072974e-05,0.24262825000000987,0.00445341600000404,0.00670841699999869,0.016238708000003044,0.0006075000000009823,0.00174358299999966,0.029782332999999994,,,,,,,,,,,,,,,,,,,,
4,1000,8,Non-random,0.344885957999999,0.014970832999999573,0.1866401670000002,,,,,,,,,0.344885957999999,0.3448823749999974,3.583000001583514e-06,0.5464969579999988,,,,,,,0.3221947919999977,0.022408583000000704,0.00027899999999903,,,,,,,,,,,,,,,,,
4,1000,8,CountSketch,0.030011083999994526,0.014970832999999573,0.16397500000000065,,,,,,,,,0.030011083999994526,0.03154899999999827,0.0,0.20895691699999475,,,,,,,,,,8.083299999839255e-05,0.001578417000004606,0.001578417000004606,0.002895832999996628,0.0018151250000002506,0.000994916999999873,0.000941750000002628,0.00046299999999632746,3.1791999994368325e-05,0.021168916000000593,,,,,,,
4,1000,8,SIGN Bidirectional,0.03827574999999683,0.014970832999999573,0.16552416700000094,,,,,,,,,0.03827574999999683,0.03826633400000645,9.415999990380897e-06,0.21877074999999735,,,,,,,,,,,,,,,,,,,,0.00016016699999710227,0.010901667000005943,0.004177500000004386,0.000987125000001754,0.0003666249999980664,3.004199999878665e-05,0.021643208000000413
4,1000,9,Random Projection,0.031592707999998026,0.014444499999996196,0.16870345799999598,0.0001546250000004079,0.0030963749999983747,0.0017001669999956448,0.0009301660000033962,0.0009748750000042605,0.00041191600000445305,3.0667000004314104e-05,0.024283375000003105,0.031592707999998026,0.031582166000013956,1.0541999984070571e-05,0.2147406659999902,,,,,,,,,,,,,,,,,,,,,,,,,,
4,1000,9,Random Sampling,0.07801920799999351,0.014444499999996196,0.19543587500000115,,,,,,,,,0.07801920799999351,0.07801099899999997,8.208999993541966e-06,0.28789958299999086,0.003971167000003106,0.006500541999997722,0.030295291000001612,0.0008329579999966086,0.00243300000000346,0.03397804099999746,,,,,,,,,,,,,,,,,,,,
4,1000,9,Non-random,0.321806500000001,0.014444499999996196,0.17743587500000046,,,,,,,,,0.321806500000001,0.32180179200000225,4.707999998743162e-06,0.5136868749999977,,,,,,,0.2969697090000025,0.02434212500000399,0.0004899579999957382,,,,,,,,,,,,,,,,,
4,1000,9,CountSketch,0.033770042000000444,0.014444499999996196,0.16719574999999764,,,,,,,,,0.033770042000000444,0.035337541999993505,0.0,0.21541029199999429,,,,,,,,,,0.0001140829999997095,0.0016068329999967546,0.0016068329999967546,0.0030002499999994825,0.0017817080000028795,0.0010295840000011935,0.0009399999999999409,0.000359333999995215,3.004199999878665e-05,0.024868875000002788,,,,,,,
4,1000,9,SIGN Bidirectional,0.03998662499999739,0.014444499999996196,0.16959995799999916,,,,,,,,,0.03998662499999739,0.03997641599998758,1.0209000009808733e-05,0.22403108299999275,,,,,,,,,,,,,,,,,,,,0.00015899999999646752,0.010433667000000924,0.004048582999999439,0.0011708749999996826,0.0003301249999978495,2.9540999996413575e-05,0.023804624999996804
4,1000,10,Random Projection,0.026943332999998404,0.015008915999999317,0.17215304200000503,0.0001550839999993059,0.0037413750000041546,0.0016889159999990966,0.0008168339999983232,0.000935208000001353,0.0001970839999998475,1.7749999997818122e-05,0.01938429099999439,0.026943332999998404,0.02693654199999429,6.791000004113812e-06,0.21410529100000275,,,,,,,,,,,,,,,,,,,,,,,,,,
4,1000,10,Random Sampling,0.06115120899999482,0.015008915999999317,0.19337062500000002,,,,,,,,,0.06115120899999482,0.06114266700001281,8.541999982014659e-06,0.26953074999999416,0.003960292000002141,0.006468916999999408,0.01966162500000479,0.0008928750000052332,0.0016932079999989469,0.028465750000002288,,,,,,,,,,,,,,,,,,,,
4,1000,10,Non-random,0.32110466600000365,0.015008915999999317,0.17840129199999666,,,,,,,,,0.32110466600000365,0.3211004590000073,4.206999996370087e-06,0.5145148739999996,,,,,,,0.299591417000002,0.021230917000004013,0.0002781250000012392,,,,,,,,,,,,,,,,,
4,1000,10,CountSketch,0.031938374999995744,0.015008915999999317,0.16751162500000305,,,,,,,,,0.031938374999995744,0.03350170699999211,0.0,0.2144589159999981,,,,,,,,,,7.22079999988523e-05,0.001601374999999905,0.001601374999999905,0.002869540999995479,0.0019363749999996571,0.0012049999999987904,0.0012452909999964845,0.00042462500000084447,3.191700000115816e-05,0.022514000000001033,,,,,,,
4,1000,10,SIGN Bidirectional,0.034986875000001305,0.015008915999999317,0.1757287090000048,,,,,,,,,0.034986875000001305,0.03497425000000476,1.2624999996546649e-05,0.22572450000000543,,,,,,,,,,,,,,,,,,,,0.00015737500000057025,0.008501000000002534,0.0037092080000036276,0.001026791999997556,0.0003486660000007191,3.0166999998471056e-05,0.02120104200000128
4,1000,11,Random Projection,0.032324834000000635,0.01976004199999437,0.17679437500000006,0.00016445800000042254,0.0033366250000028685,0.0014878329999987727,0.000926375000005919,0.0008127919999978417,0.00019795900000474376,1.912499999434658e-05,0.025370291000001544,0.032324834000000635,0.03231545800000646,9.375999994176709e-06,0.22887925099999507,,,,,,,,,,,,,,,,,,,,,,,,,,
4,1000,11,Random Sampling,0.07210750000000132,0.01976004199999437,0.19732983399999426,,,,,,,,,0.07210750000000132,0.07209445899999878,1.3041000002544934e-05,0.28919737599998996,0.00396816599999994,0.0065499589999973296,0.027380458000003216,0.0007784590000028402,0.0022717499999984625,0.03114566699999699,,,,,,,,,,,,,,,,,,,,
4,1000,11,Non-random,0.3193142499999979,0.01976004199999437,0.17111379199999988,,,,,,,,,0.3193142499999979,0.31931062499999996,3.624999997953182e-06,0.5101880839999922,,,,,,,0.29425308300000097,0.024777624999998693,0.00027991700000029596,,,,,,,,,,,,,,,,,
4,1000,11,CountSketch,0.033920042000005424,0.01976004199999437,0.16219449999999824,,,,,,,,,0.033920042000005424,0.036151749999987715,0.0,0.21587458399999804,,,,,,,,,,0.00011399999999639476,0.0022790839999942136,0.0022790839999942136,0.0029282500000036293,0.0016676669999995397,0.0009305829999988191,0.000860291000002178,0.00026625000000279897,1.8208000000186075e-05,0.02480833299999574,,,,,,,
4,1000,11,SIGN Bidirectional,0.038386916000000326,0.01976004199999437,0.16388191699999766,,,,,,,,,0.038386916000000326,0.038376249999991785,1.0666000008541232e-05,0.22202887499999235,,,,,,,,,,,,,,,,,,,,0.00022874999999800139,0.009663582999998255,0.003794667000001084,0.0008657909999953972,0.00026879199999996217,1.8334000003505935e-05,0.02353633299999558
4,1000,12,Random Projection,0.033363707999995995,0.014893749999998818,0.16953704199999464,0.00015362499999582724,0.004552457999999149,0.0017919169999984774,0.0009663329999938242,0.0011148330000025908,0.0003987499999951183,3.295899999500307e-05,0.02434262499999562,0.033363707999995995,0.03335349999997561,1.0208000020384134e-05,0.21779449999998945,,,,,,,,,,,,,,,,,,,,,,,,,,
4,1000,12,Random Sampling,0.06765033300000312,0.014893749999998818,0.20215208399999796,,,,,,,,,0.06765033300000312,0.06764391599999442,6.41700000869605e-06,0.2846961669999999,0.003956375000001344,0.006556332999998915,0.027798040999996942,0.0006957920000019158,0.0016433749999933411,0.02699400000000196,,,,,,,,,,,,,,,,,,,,
4,1000,12,Non-random,0.3153518749999975,0.014893749999998818,0.17661366699999803,,,,,,,,,0.3153518749999975,0.3153474159999945,4.459000003009805e-06,0.5068592919999944,,,,,,,0.2924161249999955,0.02241816600000135,0.0005131249999976717,,,,,,,,,,,,,,,,,
4,1000,12,CountSketch,0.032076291999999285,0.014893749999998818,0.1716149159999958,,,,,,,,,0.032076291999999285,0.03365037300001461,0.0,0.2185849579999939,,,,,,,,,,7.116600000500739e-05,0.001601082999997061,0.001601082999997061,0.0025775000000010095,0.0014499160000056577,0.0008932080000008114,0.0008763750000042592,0.0003337500000029081,1.6625000000658474e-05,0.024229667000000177,,,,,,,
4,1000,12,SIGN Bidirectional,0.04190533300000254,0.014893749999998818,0.17522554199999973,,,,,,,,,0.04190533300000254,0.04189528999999936,1.0043000003179259e-05,0.2320246250000011,,,,,,,,,,,,,,,,,,,,0.0001603750000001014,0.011488833000001364,0.005716290999998819,0.0009403330000026244,0.00040149999999528063,3.162499999831425e-05,0.02315633300000286
4,1000,13,Random Projection,0.03287549999999584,0.015225790999998878,0.13520204099999944,0.00015616700000009587,0.00405487499999424,0.0015638339999952677,0.001046332999997901,0.0008876250000042774,0.000184957999998403,3.0500000001154604e-05,0.02494129100000464,0.03287549999999584,0.03286558299999598,9.9169999998594e-06,0.18330333199999416,,,,,,,,,,,,,,,,,,,,,,,,,,
4,1000,13,Random Sampling,0.06372487499999835,0.015225790999998878,0.16209274999999934,,,,,,,,,0.06372487499999835,0.0637187499999996,6.124999998746716e-06,0.24104341599999657,0.003984916999996813,0.006547916999998904,0.02242041700000641,0.0005268330000021137,0.0016675409999962199,0.028571124999999142,,,,,,,,,,,,,,,,,,,,
4,1000,13,Non-random,0.3234455830000016,0.015225790999998878,0.1457879159999962,,,,,,,,,0.3234455830000016,0.3234418340000076,3.7489999940021335e-06,0.48445928999999666,,,,,,,0.3021961670000053,0.020945333000000232,0.0003003340000020671,,,,,,,,,,,,,,,,,
4,1000,13,CountSketch,0.030175583999998423,0.015225790999998878,0.13832916700000197,,,,,,,,,0.030175583999998423,0.031800374999995995,0.0,0.18373054199999928,,,,,,,,,,8.516700000171795e-05,0.0016598329999979455,0.0016598329999979455,0.0020270830000015394,0.0014781670000019176,0.0005985829999985981,0.0006767499999966731,0.00029637499999779493,1.7833999997662886e-05,0.0233007500000042,,,,,,,
4,1000,13,SIGN Bidirectional,0.03427579199999542,0.015225790999998878,0.13620745800000122,,,,,,,,,0.03427579199999542,0.03426529299999004,1.0499000005381731e-05,0.18570904099999552,,,,,,,,,,,,,,,,,,,,0.00016491599999568507,0.007982458000000747,0.003167541999999912,0.0009524589999969635,0.0003191670000006752,1.904199999813727e-05,0.021659708999997918
4,1000,14,Random Projection,0.02753179100000125,0.016945874999997557,0.13549620899999582,0.00016066700000294531,0.0025043340000010517,0.0016138749999967672,0.0006516250000032642,0.0008075000000005161,0.00031199999999387273,1.820900000382153e-05,0.0214542499999979,0.02753179100000125,0.027522460000000137,9.331000001111533e-06,0.17997387499999462,,,,,,,,,,,,,,,,,,,,,,,,,,
4,1000,14,Random Sampling,0.06588149999999615,0.016945874999997557,0.1637377500000028,,,,,,,,,0.06588149999999615,0.06587466399999187,6.836000004284415e-06,0.2465651249999965,0.003960540999997875,0.006515000000000271,0.02339766600000104,0.0005489999999994666,0.00168266599999356,0.029769790999999657,,,,,,,,,,,,,,,,,,,,
4,1000,14,Non-random,0.3262067499999972,0.016945874999997557,0.1669640000000001,,,,,,,,,0.3262067499999972,0.3262032919999882,3.458000009004536e-06,0.5101166249999949,,,,,,,0.3025670839999961,0.023357540999995763,0.0002786669999963465,,,,,,,,,,,,,,,,,
4,1000,14,CountSketch,0.030055416999999807,0.016945874999997557,0.1647914580000034,,,,,,,,,0.030055416999999807,0.03162400099999729,0.0,0.21179275000000075,,,,,,,,,,7.23750000020118e-05,0.0016027089999965938,0.0016027089999965938,0.002172250000000986,0.0014721659999992198,0.0009344999999996162,0.0011103750000032164,0.00043383299999533165,1.9667000003664725e-05,0.02220341700000006,,,,,,,
4,1000,14,SIGN Bidirectional,0.03788170800000046,0.016945874999997557,0.16782629199999377,,,,,,,,,0.03788170800000046,0.0378719990000036,9.708999996860257e-06,0.22265387499999179,,,,,,,,,,,,,,,,,,,,0.00016466600000342169,0.008169457999997576,0.0039671669999989945,0.0010304580000024544,0.000426042000000848,3.11669999959463e-05,0.024083041000004357
4,1000,15,Random Projection,0.03247633399999472,0.017691791000004287,0.16809433399999563,0.00016341700000310766,0.003653249999999275,0.0018080840000038734,0.0009185839999972245,0.001109290999998791,0.00039745900000554,3.35410000005254e-05,0.024382166999998844,0.03247633399999472,0.03246579300000718,1.0540999987540545e-05,0.21826245899999464,,,,,,,,,,,,,,,,,,,,,,,,,,
4,1000,15,Random Sampling,0.08067541599999828,0.017691791000004287,0.20088416699999811,,,,,,,,,0.08067541599999828,0.08066391599999179,1.1500000006492428e-05,0.2992513740000007,0.003973625000000425,0.010562958000001288,0.0310794589999972,0.0008983330000020828,0.0019169579999953612,0.03223258299999543,,,,,,,,,,,,,,,,,,,,
4,1000,15,Non-random,0.3094379169999968,0.017691791000004287,0.17888370800000075,,,,,,,,,0.3094379169999968,0.3094327089999922,5.208000004586211e-06,0.5060134160000018,,,,,,,0.28495925,0.02417595899999725,0.0002974999999949546,,,,,,,,,,,,,,,,,
4,1000,15,CountSketch,0.03385191600000326,0.017691791000004287,0.1682164580000034,,,,,,,,,0.03385191600000326,0.03618295900001556,0.0,0.21976016500001094,,,,,,,,,,0.0001225419999997257,0.002375000000000682,0.002375000000000682,0.0024057920000046806,0.0014755420000014396,0.0006300000000010186,0.0007357500000040318,0.00026116600000136714,1.699999999971169e-05,0.025785167000002218,,,,,,,
4,1000,15,SIGN Bidirectional,0.03701199999999716,0.017691791000004287,0.17559808299999702,,,,,,,,,0.03701199999999716,0.037005042000004096,6.957999993062458e-06,0.23030187399999846,,,,,,,,,,,,,,,,,,,,0.00016637499999916372,0.00885237499999647,0.004393333000002997,0.0009894169999995484,0.0003071250000061809,1.699999999971169e-05,0.022279417000000024
4,1000,16,Random Projection,0.028449541000000522,0.015547583000000031,0.16494354199998895,0.00015754199999662433,0.003929333000002089,0.0019085419999953501,0.0007994579999888174,0.0006506670000021586,0.00011945800000034978,1.6540999993708283e-05,0.020859709000006887,0.028449541000000522,0.028441249999985985,8.29100001453753e-06,0.2089406659999895,,,,,,,,,,,,,,,,,,,,,,,,,,
4,1000,16,Random Sampling,0.061503083000005176,0.015547583000000031,0.19728975000001014,,,,,,,,,0.061503083000005176,0.061497457999990957,5.62500001421995e-06,0.27434041600001535,0.003950541999998336,0.006527749999989396,0.019851750000000834,0.0006851659999966841,0.001669625000005226,0.02881262500000048,,,,,,,,,,,,,,,,,,,,
4,1000,16,Non-random,0.3274405410000014,0.015547583000000031,0.19358458300000336,,,,,,,,,0.3274405410000014,0.32743533299999683,5.208000004586211e-06,0.5365727070000048,,,,,,,0.30556062499999825,0.021373707999998715,0.0005009999999998627,,,,,,,,,,,,,,,,,
4,1000,16,CountSketch,0.030505625000003533,0.015547583000000031,0.17263499999999965,,,,,,,,,0.030505625000003533,0.032848085000011906,0.0,0.21868820800000321,,,,,,,,,,0.0001187090000058788,0.002390208999997867,0.002390208999997867,0.0025867500000060772,0.0014085840000035432,0.0007236250000062228,0.000649999999993156,0.00011833300000319014,1.699999999971169e-05,0.022444665999998392,,,,,,,
4,1000,16,SIGN Bidirectional,0.037186417000000915,0.015547583000000031,0.16423129199999664,,,,,,,,,0.037186417000000915,0.03717633300001921,1.0083999981702618e-05,0.2169652919999976,,,,,,,,,,,,,,,,,,,,0.00015958299999851988,0.009730292000000418,0.0036789580000089472,0.001088208000012969,0.0004153339999959371,3.287500000226373e-05,0.022071083000000158
4,1000,17,Random Projection,0.03254037500001061,0.015020542000002024,0.1722697920000087,0.00016700000000469117,0.0038861249999939673,0.0015063750000052778,0.0008960830000006581,0.0009668749999889314,0.00011629099999765913,1.783300000113286e-05,0.02497587500000975,0.03254037500001061,0.03253245700000207,7.918000008544368e-06,0.21983070900002133,,,,,,,,,,,,,,,,,,,,,,,,,,
4,1000,17,Random Sampling,0.06828470899999672,0.015020542000002024,0.19907654200000025,,,,,,,,,0.06828470899999672,0.06827533400000618,9.374999990541255e-06,0.282381792999999,0.003971582999994894,0.007469334000006711,0.02703133400000013,0.0009411660000040456,0.001968542000000184,0.02689337500000022,,,,,,,,,,,,,,,,,,,,
4,1000,17,Non-random,0.31723937499999977,0.015020542000002024,0.17288150000000257,,,,,,,,,0.31723937499999977,0.31723470800000086,4.6669999989035205e-06,0.5051414170000044,,,,,,,0.29226962499998876,0.024464167000004977,0.0005009160000071233,,,,,,,,,,,,,,,,,
4,1000,17,CountSketch,0.028167459000002282,0.015020542000002024,0.13143516700000646,,,,,,,,,0.028167459000002282,0.02974550199999726,0.0,0.17462316800001076,,,,,,,,,,7.65420000021777e-05,0.001609458000004338,0.001609458000004338,0.002068917000002557,0.0014682089999951131,0.0006214999999940574,0.0007311250000014979,0.0002807919999980868,1.708400000666188e-05,0.02126241699998843,,,,,,,
4,1000,17,SIGN Bidirectional,0.034246582999998054,0.015020542000002024,0.13469599999999105,,,,,,,,,0.034246582999998054,0.03423870800001794,7.874999980117536e-06,0.18396312499999112,,,,,,,,,,,,,,,,,,,,0.00016554199999063712,0.007799250000005031,0.0035760000000095715,0.0007487499999996317,0.0002695830000050137,1.808300000050167e-05,0.02166150000000755
4,1000,18,Random Projection,0.0274492089999967,0.014978083999992009,0.13176412500000367,0.00015833400000531128,0.002681332999998176,0.0018729170000000295,0.0006323329999986527,0.0006707499999976108,0.00030912499998692056,1.670899999339781e-05,0.02110216699999512,0.0274492089999967,0.02744366799997522,5.541000021480613e-06,0.17419141799999238,,,,,,,,,,,,,,,,,,,,,,,,,,
4,1000,18,Random Sampling,0.06439445799999532,0.014978083999992009,0.16537387500000023,,,,,,,,,0.06439445799999532,0.06438916800000527,5.289999990054639e-06,0.24474641699998756,0.0037572500000067066,0.006497042000006559,0.02207508300000427,0.0005029169999914984,0.0016650419999990618,0.029891833999997175,,,,,,,,,,,,,,,,,,,,
4,1000,18,Non-random,0.326096249999992,0.014978083999992009,0.17944362499999045,,,,,,,,,0.326096249999992,0.32609283300000413,3.4169999878486124e-06,0.5205179589999744,,,,,,,0.30216262500000823,0.023629749999997784,0.00030045799999811607,,,,,,,,,,,,,,,,,
4,1000,18,CountSketch,0.033229250000005095,0.014978083999992009,0.17474016700001016,,,,,,,,,0.033229250000005095,0.03553495699998166,0.0,0.22294750100000726,,,,,,,,,,0.00011466699999118646,0.002354374999995912,0.002354374999995912,0.002333249999992404,0.001790541000005419,0.001058333000003131,0.0010163749999918537,0.00034025000000781347,2.4541000001931934e-05,0.024148249999996096,,,,,,,
4,1000,18,SIGN Bidirectional,0.04182166700000778,0.014978083999992009,0.1331669589999933,,,,,,,,,0.04182166700000778,0.04181133400000192,1.0333000005857684e-05,0.1899667099999931,,,,,,,,,,,,,,,,,,,,0.00016270799999063001,0.009061541999997758,0.0036377499999957763,0.0011132500000030632,0.00035166700000388573,3.087500000731325e-05,0.027453542000003495
4,1000,19,Random Projection,0.028007165999994754,0.014954166999999075,0.14936458299999344,0.00016420800000105373,0.002585374999995338,0.001576833000001443,0.0006070830000055594,0.0007464589999983673,0.0003504579999997759,3.6917000002745226e-05,0.02193100000000925,0.028007165999994754,0.02799833300001353,8.83299998122311e-06,0.19232591599998727,,,,,,,,,,,,,,,,,,,,,,,,,,
4,1000,19,Random Sampling,0.06353716599998904,0.014954166999999075,0.16261083399999166,,,,,,,,,0.06353716599998904,0.06353029199998161,6.874000007428549e-06,0.24110216699997977,0.003982958999998232,0.0064992499999902975,0.02211008300000117,0.0005772500000063019,0.0016781249999979764,0.028682624999987638,,,,,,,,,,,,,,,,,,,,
4,1000,19,Non-random,0.33948545799999863,0.014954166999999075,0.18816970800000377,,,,,,,,,0.33948545799999863,0.3394800409999874,5.417000011220807e-06,0.5426093330000015,,,,,,,0.31482908299999224,0.024153874999996106,0.0004970829999990656,,,,,,,,,,,,,,,,,
4,1000,19,CountSketch,0.0340181250000029,0.014954166999999075,0.17301266699999474,,,,,,,,,0.0340181250000029,0.0357490859999956,0.0,0.2219849589999967,,,,,,,,,,0.00011737500000208456,0.001801083999993125,0.001801083999993125,0.0023178750000028003,0.0012531670000015538,0.0011509590000002845,0.0011717499999974734,0.00043787500000291857,3.3375000001001354e-05,0.025664542000001234,,,,,,,
4,1000,19,SIGN Bidirectional,0.038300375000005715,0.014954166999999075,0.13387124999999855,,,,,,,,,0.038300375000005715,0.03829225100000144,8.124000004272602e-06,0.18712579200000334,,,,,,,,,,,,,,,,,,,,0.00015974999999457395,0.010080500000000825,0.0032881669999937913,0.0006132500000006758,0.0002582919999980504,1.929200000461151e-05,0.023873000000008915
4,1000,20,Random Projection,0.026823416000013367,0.017096542000004433,0.13873812500000327,0.0001600420000045233,0.002638083000007896,0.0018175000000013597,0.0007069580000091946,0.0008303750000067112,0.0004097080000065034,3.795800000716554e-05,0.020210625000004256,0.026823416000013367,0.02681124900004761,1.2166999965756986e-05,0.18265808300002107,,,,,,,,,,,,,,,,,,,,,,,,,,
4,1000,20,Random Sampling,0.05865266699998983,0.017096542000004433,0.1646981669999974,,,,,,,,,0.05865266699998983,0.05864579200000719,6.874999982642294e-06,0.24044737599999166,0.003970291999991105,0.006659417000008716,0.016041333000003988,0.0005731250000025057,0.0016612919999943188,0.029740333000006558,,,,,,,,,,,,,,,,,,,,
4,1000,20,Non-random,0.3249442080000051,0.017096542000004433,0.16844341700000598,,,,,,,,,0.3249442080000051,0.324940459000004,3.749000001107561e-06,0.5104841670000155,,,,,,,0.3020460420000006,0.02259725000000401,0.00029716699999937646,,,,,,,,,,,,,,,,,
4,1000,20,CountSketch,0.03202020899999525,0.017096542000004433,0.1656367920000008,,,,,,,,,0.03202020899999525,0.03358195799999919,0.0,0.2147535430000005,,,,,,,,,,7.254199999806588e-05,0.0015962080000093692,0.0015962080000093692,0.0029084999999895444,0.0019577090000097996,0.0008952499999992369,0.0009234999999989668,0.00035979199999758293,3.1040999999731866e-05,0.023241207999987523,,,,,,,
4,1000,20,SIGN Bidirectional,0.03751591600000381,0.017096542000004433,0.16253237499999784,,,,,,,,,0.03751591600000381,0.03750833399999465,7.582000009165313e-06,0.2171448330000061,,,,,,,,,,,,,,,,,,,,0.00015962499999488955,0.01061245900000074,0.0035950830000075484,0.0009017080000006672,0.0002489169999932983,1.729199999545017e-05,0.021973250000002054
4,1200,1,Random Projection,0.033722292000007315,0.02726012499999797,0.23243004200000428,0.0001925420000077338,0.004779499999997938,0.002152125000009164,0.0013140419999899677,0.0012005420000065214,0.0004012090000031776,2.200000000129876e-05,0.023648125000008235,0.033722292000007315,0.03371008500002404,1.2206999983277456e-05,0.29341245900000956,,,,,,,,,,,,,,,,,,,,,,,,,,
4,1200,1,Random Sampling,0.0675378749999993,0.02726012499999797,0.2534493750000024,,,,,,,,,0.0675378749999993,0.06752999899998713,7.8760000121747e-06,0.3482473749999997,0.006151624999986893,0.009364875000002826,0.019872582999994393,0.0006268749999946976,0.002461416000002714,0.029052625000005605,,,,,,,,,,,,,,,,,,,,
4,1200,1,Non-random,0.44061016699998845,0.02726012499999797,0.2523117089999971,,,,,,,,,0.44061016699998845,0.4406062080000055,3.958999982955902e-06,0.7201820009999835,,,,,,,0.41662054100000034,0.02358100000000718,0.0004046669999979713,,,,,,,,,,,,,,,,,
4,1200,1,CountSketch,0.03611800000000187,0.02726012499999797,0.24170091600001342,,,,,,,,,0.03611800000000187,0.03917858299998045,0.0,0.30507904100001326,,,,,,,,,,0.00011974999999608826,0.0031076669999947626,0.0031076669999947626,0.0031136249999974552,0.0018778330000088772,0.0008174169999932701,0.0013107080000054339,0.00015416600000150993,2.099999998961266e-05,0.025548749999998677,,,,,,,
4,1200,1,SIGN Bidirectional,0.03774729199999172,0.02726012499999797,0.2289228329999986,,,,,,,,,0.03774729199999172,0.03773795800000812,9.333999983596186e-06,0.2939302499999883,,,,,,,,,,,,,,,,,,,,0.00018954100001167262,0.009839999999996962,0.00469962499998644,0.0008173340000041662,0.0001369579999987991,2.166699999861521e-05,0.022032833000011465
4,1200,2,Random Projection,0.0327722920000042,0.021661082999997916,0.23332558399999925,0.00018470900000977508,0.0035312499999946567,0.0014784999999903903,0.0007980419999995547,0.0011758750000012697,0.0002798750000039263,3.6417000004007605e-05,0.025278874999997925,0.0327722920000042,0.032763543000001505,8.749000002694629e-06,0.28775895900000137,,,,,,,,,,,,,,,,,,,,,,,,,,
4,1200,2,Random Sampling,0.08377558299999066,0.021661082999997916,0.22515549999999962,,,,,,,,,0.08377558299999066,0.08376316700001496,1.2415999975701197e-05,0.3305921659999882,0.005666832999992266,0.00949525000000051,0.03226120900001206,0.0011617079999979296,0.0026612090000099897,0.032516958000002205,,,,,,,,,,,,,,,,,,,,
4,1200,2,Non-random,0.45669387499999914,0.021661082999997916,0.2556176250000135,,,,,,,,,0.45669387499999914,0.456690082999998,3.792000001112683e-06,0.7339725830000106,,,,,,,0.43114516699999683,0.02513770800000259,0.00040720799999860446,,,,,,,,,,,,,,,,,
4,1200,2,CountSketch,0.037353833000011605,0.021661082999997916,0.1894544160000038,,,,,,,,,0.037353833000011605,0.03978679500002613,0.0,0.2484693320000133,,,,,,,,,,7.850000000075852e-05,0.0024655840000065155,0.0024655840000065155,0.0028935839999917334,0.0018439170000021932,0.0011305410000090887,0.000962083999993979,0.00012991700000952733,1.979200000334913e-05,0.02779729200000247,,,,,,,
4,1200,2,SIGN Bidirectional,0.03689804200000424,0.021661082999997916,0.1898587080000027,,,,,,,,,0.03689804200000424,0.036888872999995215,9.169000009023875e-06,0.24841783300000486,,,,,,,,,,,,,,,,,,,,0.0001959159999955773,0.010008040999991863,0.004769124999995711,0.0009156670000010081,0.0001362500000112732,1.970799999639894e-05,0.020844166000003383
4,1200,3,Random Projection,0.031379208000004155,0.021413874999993254,0.1867943330000088,0.00019591699999921275,0.003526708999999073,0.001763957999997956,0.0008155409999943686,0.001041833000002157,0.00020083399999748508,3.6582999996426224e-05,0.02378716599999109,0.031379208000004155,0.03136854099997777,1.0667000026387541e-05,0.23958741600000621,,,,,,,,,,,,,,,,,,,,,,,,,,
4,1200,3,Random Sampling,0.07540137499999844,0.021413874999993254,0.220508959,,,,,,,,,0.07540137499999844,0.07539395600001342,7.418999985020491e-06,0.3173242089999917,0.0056435000000050195,0.00936829100000125,0.024036166000001913,0.0007106250000106229,0.002432165999991298,0.033203208000003315,,,,,,,,,,,,,,,,,,,,
4,1200,3,Non-random,0.4325800419999979,0.021413874999993254,0.24371416700000736,,,,,,,,,0.4325800419999979,0.43257645999999284,3.5820000050534873e-06,0.6977080839999985,,,,,,,0.4040878339999949,0.02809054200000105,0.0003980839999968566,,,,,,,,,,,,,,,,,
4,1200,3,CountSketch,0.038354874999996014,0.021413874999993254,0.18789520900000412,,,,,,,,,0.038354874999996014,0.040789667999973744,0.0,0.24766395899999338,,,,,,,,,,7.637499999191277e-05,0.0024698339999957852,0.0024698339999957852,0.003398000000004231,0.0017863749999946776,0.0011864160000101265,0.0009920419999929209,0.00035287499999014926,2.354199999388129e-05,0.028034375000004275,,,,,,,
4,1200,3,SIGN Bidirectional,0.0424002919999964,0.021413874999993254,0.18796308299999964,,,,,,,,,0.0424002919999964,0.042389999999983274,1.029200001312347e-05,0.2517772499999893,,,,,,,,,,,,,,,,,,,,0.0001943329999960497,0.010814458000012905,0.004453249999997411,0.0009874590000009675,0.0002265829999998914,3.583399998774439e-05,0.025678082999988305
4,1200,4,Random Projection,0.036530666999993855,0.021402249999994183,0.19543029100000808,0.00019070799999099108,0.003520209000001273,0.001528749999991419,0.0009232910000065431,0.0011517920000017057,0.00022716600000194376,2.0832999993558587e-05,0.028957708999996612,0.036530666999993855,0.036520457999984046,1.0209000009808733e-05,0.2533632079999961,,,,,,,,,,,,,,,,,,,,,,,,,,
4,1200,4,Random Sampling,0.09529308399999081,0.021402249999994183,0.21912270800000044,,,,,,,,,0.09529308399999081,0.09528299899999126,1.0084999999548927e-05,0.33581804199998544,0.005645165999993651,0.009336332999993147,0.03848408300000017,0.0006732500000055097,0.002568832999997994,0.038575334000000794,,,,,,,,,,,,,,,,,,,,
4,1200,4,Non-random,0.44503654099999324,0.021402249999994183,0.20447525000000155,,,,,,,,,0.44503654099999324,0.44503066599999386,5.874999999377906e-06,0.670914040999989,,,,,,,0.41392208299998856,0.030398583000007307,0.00070999999999799,,,,,,,,,,,,,,,,,
4,1200,4,CountSketch,0.03745908299998746,0.021402249999994183,0.20394537500000354,,,,,,,,,0.03745908299998746,0.039931249000005664,0.0,0.2628067079999852,,,,,,,,,,9.6833000000629e-05,0.002514082999994116,0.002514082999994116,0.0030950000000018463,0.0016437499999994998,0.0008916670000047588,0.0009208750000055943,0.000161208000008628,2.1375000002876732e-05,0.0280723749999936,,,,,,,
4,1200,4,SIGN Bidirectional,0.042625833000002444,0.021402249999994183,0.19543391700000257,,,,,,,,,0.042625833000002444,0.0426133760000198,1.2456999982646266e-05,0.2594619999999992,,,,,,,,,,,,,,,,,,,,0.00019199999999841566,0.008940207999998506,0.004854542000003903,0.0010058750000041528,0.00017420900000786332,3.420800000242252e-05,0.027412334000004535
4,1200,5,Random Projection,0.03069966700000748,0.02161920899999359,0.1907041669999927,0.0002002920000023778,0.00403004199999657,0.0015253329999893595,0.000920749999991699,0.0009775000000047385,0.0002122920000005024,3.62920000043232e-05,0.02278704100000084,0.03069966700000748,0.03068954199999041,1.0125000017069397e-05,0.24302304299999378,,,,,,,,,,,,,,,,,,,,,,,,,,
4,1200,5,Random Sampling,0.07812658400000316,0.02161920899999359,0.2217742919999921,,,,,,,,,0.07812658400000316,0.07811712400000204,9.4600000011269e-06,0.32152008499998885,0.00567141599999843,0.00940824999999279,0.02466254200000151,0.0007063750000071423,0.0024876250000005484,0.035180916000001616,,,,,,,,,,,,,,,,,,,,
4,1200,5,Non-random,0.4484885829999996,0.02161920899999359,0.23773083300000053,,,,,,,,,0.4484885829999996,0.4484846259999955,3.957000004106703e-06,0.7078386249999937,,,,,,,0.411396332999999,0.036687833999991426,0.0004004590000050712,,,,,,,,,,,,,,,,,
4,1200,5,CountSketch,0.034804624999992484,0.02161920899999359,0.18847029100000157,,,,,,,,,0.034804624999992484,0.03725774900003387,0.0,0.24489412499998764,,,,,,,,,,7.758300000659801e-05,0.0024865419999997584,0.0024865419999997584,0.0028660830000006854,0.0018151660000000902,0.0011564590000006092,0.0011857500000047594,0.00018783300001246062,2.0458000008716226e-05,0.024975333000000433,,,,,,,
4,1200,5,SIGN Bidirectional,0.039049417000001085,0.02161920899999359,0.1850524169999943,,,,,,,,,0.039049417000001085,0.0390390830000058,1.0333999995282284e-05,0.24572104299998898,,,,,,,,,,,,,,,,,,,,0.000271374999996965,0.010240792000004717,0.0046202919999984715,0.0008584159999998064,0.000208416999996075,2.0708000008085037e-05,0.022819083000001683
4,1200,6,Random Projection,0.0255737499999924,0.02144395799999188,0.1886724579999992,0.00018849999999304146,0.0035605000000060727,0.0014668750000055297,0.0008068749999949887,0.0009195000000090658,0.00012262499998882959,1.9832999996083345e-05,0.01848337500000241,0.0255737499999924,0.025568082999996022,5.666999996378763e-06,0.2356901659999835,,,,,,,,,,,,,,,,,,,,,,,,,,
4,1200,6,Random Sampling,0.06669387499999857,0.02144395799999188,0.2193576659999934,,,,,,,,,0.06669387499999857,0.06668362500001024,1.0249999988332092e-05,0.30749549899998385,0.005678916999997341,0.009463792000005355,0.01790208300000984,0.000882332999992741,0.00263595799999905,0.030120542000005912,,,,,,,,,,,,,,,,,,,,
4,1200,6,Non-random,0.4378144579999912,0.02144395799999188,0.23842204199999628,,,,,,,,,0.4378144579999912,0.43781037400000855,4.083999982640307e-06,0.6976804579999794,,,,,,,0.41379833300000257,0.023309957999998687,0.000702083000007292,,,,,,,,,,,,,,,,,
4,1200,6,CountSketch,0.032020625000001246,0.02144395799999188,0.23061358300000734,,,,,,,,,0.032020625000001246,0.03445608300000913,0.0,0.28407816600000046,,,,,,,,,,7.466599998906531e-05,0.002467000000009989,0.002467000000009989,0.002727415999999039,0.0014832089999998743,0.0009679169999969872,0.0010175000000032242,0.00012029100000177095,1.941699999008506e-05,0.023111667000009106,,,,,,,
4,1200,6,SIGN Bidirectional,0.038913457999996126,0.02144395799999188,0.19126337499999124,,,,,,,,,0.038913457999996126,0.03890254099997037,1.0917000025756352e-05,0.25162079099997925,,,,,,,,,,,,,,,,,,,,0.00019037499998830754,0.009378291999993849,0.0042741660000018555,0.0008099579999907291,0.00021941599999308892,4.5416999995495644e-05,0.023984917000007044
4,1200,7,Random Projection,0.03190320800000279,0.021533625000003553,0.1920732080000107,0.00018912499999146348,0.0037836659999896938,0.0017724580000049173,0.0008012920000055601,0.001167249999994624,0.0002276249999937363,3.862500000195723e-05,0.023909750000001395,0.03190320800000279,0.03188979099998335,1.3417000019444458e-05,0.24551004100001705,,,,,,,,,,,,,,,,,,,,,,,,,,
4,1200,7,Random Sampling,0.07313291700000946,0.021533625000003553,0.2246906670000044,,,,,,,,,0.07313291700000946,0.07312258299998575,1.0334000023703993e-05,0.3193572090000174,0.005662624999999366,0.009472958000003473,0.024312332999997466,0.000777916999993522,0.0024244170000002896,0.030472332999991636,,,,,,,,,,,,,,,,,,,,
4,1200,7,Non-random,0.43421700000000385,0.021533625000003553,0.19982737499999814,,,,,,,,,0.43421700000000385,0.4342132499999991,3.750000004743015e-06,0.6555780000000055,,,,,,,0.40544254200000296,0.028340958000001137,0.0004297499999950105,,,,,,,,,,,,,,,,,
4,1200,7,CountSketch,0.03449683299999151,0.021533625000003553,0.18574925000000064,,,,,,,,,0.03449683299999151,0.036911666000008836,0.0,0.2417797079999957,,,,,,,,,,7.887499999981173e-05,0.002450082999999381,0.002450082999999381,0.002774750000000381,0.0017405420000073946,0.0011277090000021417,0.0013184999999964475,0.00024508299999581595,2.200000000129876e-05,0.024704041000006782,,,,,,,
4,1200,7,SIGN Bidirectional,0.039313041999989196,0.021533625000003553,0.1882980830000065,,,,,,,,,0.039313041999989196,0.03930391699998381,9.125000005383299e-06,0.24914474999999925,,,,,,,,,,,,,,,,,,,,0.00019454099999904884,0.010864832999999408,0.004550249999994094,0.0008779169999968417,0.00012279199999909451,2.112500000350792e-05,0.022672458999991818
4,1200,8,Random Projection,0.029600375000001122,0.021447500000007835,0.18932916599999317,0.0001873749999958818,0.0034270000000020673,0.0019655420000077584,0.0008943750000014461,0.0010859580000044389,0.00020904199999449702,3.766700000085166e-05,0.02178270800000348,0.029600375000001122,0.029589667000010422,1.0707999990700046e-05,0.24037704100000212,,,,,,,,,,,,,,,,,,,,,,,,,,
4,1200,8,Random Sampling,0.0628742920000036,0.021447500000007835,0.2226431249999905,,,,,,,,,0.0628742920000036,0.06286712400002159,7.1679999820162266e-06,0.30696491700000195,0.0056470419999925525,0.009439500000013368,0.016961750000007214,0.0006189159999934191,0.0024436250000121618,0.027756291000002875,,,,,,,,,,,,,,,,,,,,
4,1200,8,Non-random,0.4346304160000045,0.021447500000007835,0.24278045900000222,,,,,,,,,0.4346304160000045,0.434626458000011,3.957999993531303e-06,0.6988583750000146,,,,,,,0.41015545900000916,0.02404229100000066,0.0004287080000011656,,,,,,,,,,,,,,,,,
4,1200,8,CountSketch,0.03423245900000893,0.021447500000007835,0.24443095799999526,,,,,,,,,0.03423245900000893,0.03671224999997946,0.0,0.300110917000012,,,,,,,,,,7.579199998986041e-05,0.0025127499999939573,0.0025127499999939573,0.0026874999999932925,0.001494792000002576,0.0010027499999978318,0.0012196250000044984,0.0002413330000052838,3.679200000306082e-05,0.024928165999995144,,,,,,,
4,1200,8,SIGN Bidirectional,0.04459104200000752,0.021447500000007835,0.2321350419999959,,,,,,,,,0.04459104200000752,0.04458320699997387,7.83500003365134e-06,0.29817358400001126,,,,,,,,,,,,,,,,,,,,0.000189167000002044,0.00899599999999623,0.0042517910000015036,0.0009327909999967687,0.00011574999999197644,2.020799999513656e-05,0.03007749999999021
4,1200,9,Random Projection,0.034080041999999366,0.021404458999995768,0.24029091699999583,0.00018599999999935335,0.0035983340000029784,0.0019550839999880054,0.0009017499999970369,0.0009149170000029017,0.00014600000000086766,2.0707999993874182e-05,0.02634700000000123,0.034080041999999366,0.03406979299998625,1.0249000013118348e-05,0.29577541799999096,,,,,,,,,,,,,,,,,,,,,,,,,,
4,1200,9,Random Sampling,0.0839519580000001,0.021404458999995768,0.2638444999999905,,,,,,,,,0.0839519580000001,0.08394200100001115,9.95699998895816e-06,0.36920091699998636,0.005701583000004007,0.009578167000000803,0.03174862500000586,0.0008008339999889813,0.002558167000003664,0.03355462500000783,,,,,,,,,,,,,,,,,,,,
4,1200,9,Non-random,0.4523493330000008,0.021404458999995768,0.20643179099999998,,,,,,,,,0.4523493330000008,0.4523457089999994,3.6240000014231555e-06,0.6801855829999965,,,,,,,0.4249399999999923,0.027003792000002136,0.00040191700000491437,,,,,,,,,,,,,,,,,
4,1200,9,CountSketch,0.032063542000003054,0.021404458999995768,0.19038662500000214,,,,,,,,,0.032063542000003054,0.03455999899998119,0.0,0.24385462600000096,,,,,,,,,,8.154200000376477e-05,0.0025298329999969837,0.0025298329999969837,0.0027539589999889813,0.0016305830000078458,0.0008224159999912217,0.0008628749999957108,0.00013012499999831562,2.1375000002876732e-05,0.023197457999998505,,,,,,,
4,1200,9,SIGN Bidirectional,0.03930520900000545,0.021404458999995768,0.18919162500000652,,,,,,,,,0.03930520900000545,0.03929479000001379,1.0418999991657074e-05,0.24990129300000774,,,,,,,,,,,,,,,,,,,,0.00019387499999368174,0.00974162500000375,0.004389791000008358,0.0009176249999995889,0.0001674159999964786,3.408300000273812e-05,0.023850375000009194
4,1200,10,Random Projection,0.030106957999990414,0.021440416999993772,0.1881806249999869,0.00018762499999525062,0.0034129170000056774,0.0016303749999906358,0.0008006249999965576,0.0009153750000052696,0.00012591699999120465,2.0458000008716226e-05,0.02300550000001067,0.030106957999990414,0.030098792000003982,8.165999986431416e-06,0.23972799999997108,,,,,,,,,,,,,,,,,,,,,,,,,,
4,1200,10,Random Sampling,0.07285066700001153,0.021440416999993772,0.22262854099999174,,,,,,,,,0.07285066700001153,0.07284449999998799,6.167000023538094e-06,0.31691962499999704,0.005630499999995209,0.00930108299999688,0.023788291999991884,0.0006759170000094628,0.002418957999992699,0.031029750000001854,,,,,,,,,,,,,,,,,,,,
4,1200,10,Non-random,0.4477080839999985,0.021440416999993772,0.24609587499999463,,,,,,,,,0.4477080839999985,0.4477043749999865,3.7090000120088007e-06,0.7152443759999869,,,,,,,0.4187060419999966,0.02859470799999997,0.0004036249999899155,,,,,,,,,,,,,,,,,
4,1200,10,CountSketch,0.046996875000004934,0.021440416999993772,0.19195962500000974,,,,,,,,,0.046996875000004934,0.04958858499999508,0.0,0.26039691700000844,,,,,,,,,,0.0001224170000000413,0.0026427500000067994,0.0026427500000067994,0.0034715000000034024,0.0015464170000001332,0.0010726669999883143,0.0016020419999875912,0.0003012920000031727,3.791700000022047e-05,0.036148832999998604,,,,,,,
4,1200,10,SIGN Bidirectional,0.03874512500000549,0.021440416999993772,0.19079604199998812,,,,,,,,,0.03874512500000549,0.038735293000002,9.832000003484609e-06,0.2509815839999874,,,,,,,,,,,,,,,,,,,,0.00019054199999857246,0.010264292000002229,0.004367874999999799,0.0008227919999939104,0.00019325000000947057,2.0667000001139968e-05,0.02287587499999688
4,1200,11,Random Projection,0.030763165999999842,0.02134779099999662,0.18729849999999715,0.00019370900000126312,0.003536291000003189,0.0016037499999868032,0.0008012919999913493,0.0008848340000042754,0.00019820800000047711,2.2125000000983164e-05,0.02351570800000502,0.030763165999999842,0.03075591699999336,7.249000006481765e-06,0.2394094569999936,,,,,,,,,,,,,,,,,,,,,,,,,,
4,1200,11,Random Sampling,0.07194212499999253,0.02134779099999662,0.22135750000001053,,,,,,,,,0.07194212499999253,0.07193512499998178,7.000000010748408e-06,0.3146474159999997,0.0056518339999911404,0.009406791999992947,0.025187332999990986,0.0008715000000023565,0.002461207999999715,0.028356458000004636,,,,,,,,,,,,,,,,,,,,
4,1200,11,Non-random,0.45646750000000225,0.02134779099999662,0.25752237499999353,,,,,,,,,0.45646750000000225,0.4564638329999866,3.6670000156391325e-06,0.7353376659999924,,,,,,,0.4268795829999874,0.02918295800000692,0.0004012919999922815,,,,,,,,,,,,,,,,,
4,1200,11,CountSketch,0.03780025000000364,0.02134779099999662,0.20753566700000192,,,,,,,,,0.03780025000000364,0.04036008500003163,0.0,0.2666837080000022,,,,,,,,,,7.854199999712819e-05,0.002592250000006402,0.002592250000006402,0.0028784590000014987,0.0018353749999988622,0.0014060830000062197,0.0012660000000010996,0.0001583749999980455,2.1084000010773707e-05,0.0275316670000052,,,,,,,
4,1200,11,SIGN Bidirectional,0.04429395799999725,0.02134779099999662,0.19244008299999393,,,,,,,,,0.04429395799999725,0.04428416700002913,9.79099996811783e-06,0.2580818319999878,,,,,,,,,,,,,,,,,,,,0.00019554200000015953,0.010466500000006818,0.005083499999997798,0.001028833000006557,0.00014691700000923902,2.200000000129876e-05,0.02734087500000726
4,1200,12,Random Projection,0.028705708000003938,0.021469415999987973,0.19754129199999682,0.0001897089999971513,0.00376495799999077,0.0019079579999896623,0.0008234579999992775,0.0009563750000012305,0.0002113750000063419,3.6041000001318935e-05,0.020802832999990528,0.028705708000003938,0.02869270699997628,1.3001000027657028e-05,0.24771641599998873,,,,,,,,,,,,,,,,,,,,,,,,,,
4,1200,12,Random Sampling,0.0778490829999896,0.021469415999987973,0.265947084000004,,,,,,,,,0.0778490829999896,0.07783933300000001,9.749999989594471e-06,0.3652655829999816,0.0056528340000028265,0.009422708000002444,0.022260790999993674,0.0010815420000085396,0.0032323749999960683,0.03618908299999646,,,,,,,,,,,,,,,,,,,,
4,1200,12,Non-random,0.4538088329999965,0.021469415999987973,0.2396972079999955,,,,,,,,,0.4538088329999965,0.45380487399999936,3.958999997166757e-06,0.71497545699998,,,,,,,0.4295835409999995,0.02351658300000281,0.0007047499999970341,,,,,,,,,,,,,,,,,
4,1200,12,CountSketch,0.03504783399999667,0.021469415999987973,0.2332789169999927,,,,,,,,,0.03504783399999667,0.03793329199999107,0.0,0.28979616699997734,,,,,,,,,,0.00012329100000840754,0.0029320839999940063,0.0029320839999940063,0.003451165999990735,0.0014906250000024102,0.0008091250000035188,0.0009657079999954021,0.0001336670000000595,2.012500000603268e-05,0.02507541699999649,,,,,,,
4,1200,12,SIGN Bidirectional,0.04128799999999444,0.021469415999987973,0.23211524999999256,,,,,,,,,0.04128799999999444,0.041277459000028216,1.0540999966224263e-05,0.29487266599997497,,,,,,,,,,,,,,,,,,,,0.0001908340000085218,0.010317666999995367,0.004719084000001317,0.0009331669999994574,0.00017945800000518375,3.4416000005421665e-05,0.024902833000012947
4,1200,13,Random Projection,0.03518187500000636,0.02136508299999207,0.22773883300000364,0.00018266700000424407,0.0034722919999978785,0.0015038749999973788,0.000986208000000488,0.0013684170000090035,0.00025066700000309083,3.9333000003693996e-05,0.027368834000000675,0.03518187500000636,0.03517229300001645,9.581999989904944e-06,0.28428579100000206,,,,,,,,,,,,,,,,,,,,,,,,,,
4,1200,13,Random Sampling,0.08379258300000458,0.02136508299999207,0.25673012499999004,,,,,,,,,0.08379258300000458,0.08378095899999494,1.1624000009646807e-05,0.3618877909999867,0.00592445899999916,0.009427708000004031,0.029998749999990082,0.0011616249999946149,0.002534542000006468,0.03473387500000058,,,,,,,,,,,,,,,,,,,,
4,1200,13,Non-random,0.4608549589999882,0.02136508299999207,0.20023295799998664,,,,,,,,,0.4608549589999882,0.46085112599999434,3.832999993846897e-06,0.6824529999999669,,,,,,,0.4300212919999922,0.03040333399999895,0.000426500000003216,,,,,,,,,,,,,,,,,
4,1200,13,CountSketch,0.031149708000000942,0.02136508299999207,0.19402291699999807,,,,,,,,,0.031149708000000942,0.03358749899999225,0.0,0.24653770799999108,,,,,,,,,,7.866699999681259e-05,0.0024660829999874068,0.0024660829999874068,0.0028589580000044634,0.0014747080000034885,0.0008132920000036847,0.0008495830000043725,0.00013008300000194595,2.037500000540149e-05,0.022429666999997266,,,,,,,
4,1200,13,SIGN Bidirectional,0.04058004200000198,0.02136508299999207,0.19085462500000006,,,,,,,,,0.04058004200000198,0.04056737499998064,1.2667000021338026e-05,0.2527997499999941,,,,,,,,,,,,,,,,,,,,0.0001959159999955773,0.009885792000005722,0.004760292000000277,0.0009729169999985743,0.00019166599999209666,2.191699999798402e-05,0.024538874999990412
4,1200,14,Random Projection,0.02852950000000476,0.021963583999990988,0.19287325000000521,0.00019170800000267718,0.003450874999998632,0.0017619999999993752,0.000961500000002502,0.0010546249999947577,0.0002594999999985248,3.841699999895809e-05,0.020798749999997312,0.02852950000000476,0.02851737499999274,1.2125000012019882e-05,0.24336633400000096,,,,,,,,,,,,,,,,,,,,,,,,,,
4,1200,14,Random Sampling,0.07485437500000103,0.021963583999990988,0.22415325000000053,,,,,,,,,0.07485437500000103,0.07484537399997748,9.001000023545203e-06,0.32097120899999254,0.00564120800000012,0.009504332999995313,0.025865582999998082,0.0007531669999991664,0.0024290829999955577,0.030651999999989243,,,,,,,,,,,,,,,,,,,,
4,1200,14,Non-random,0.44403916599999604,0.021963583999990988,0.2377657499999941,,,,,,,,,0.44403916599999604,0.44403545699999825,3.708999997797946e-06,0.7037684999999811,,,,,,,0.4175236659999939,0.026081750000003012,0.0004300410000013244,,,,,,,,,,,,,,,,,
4,1200,14,CountSketch,0.03504816599999572,0.021963583999990988,0.22570550000000367,,,,,,,,,0.03504816599999572,0.037508582000000956,0.0,0.28271724999999037,,,,,,,,,,7.741599999633308e-05,0.002496790999998666,0.002496790999998666,0.00291174999999555,0.0019448330000102487,0.0008502919999955338,0.0012362079999945763,0.0002192500000006703,2.0542000001455563e-05,0.025254709000009257,,,,,,,
4,1200,14,SIGN Bidirectional,0.04260829199999705,0.021963583999990988,0.22405958399998838,,,,,,,,,0.04260829199999705,0.042598416000018346,9.875999978703476e-06,0.2886314599999764,,,,,,,,,,,,,,,,,,,,0.0002753329999904963,0.009712250000006861,0.004465625000008799,0.0008106660000066768,0.00011924999999735064,2.1042000000193184e-05,0.02719425000000797
4,1200,15,Random Projection,0.03571808400000975,0.02183641700000294,0.22402754200000174,0.00018833399998641198,0.003381250000003888,0.001542958000001704,0.0014061659999953235,0.0008741670000063095,0.00013220799999658084,1.937499999371539e-05,0.028166959000003544,0.03571808400000975,0.03571141699998748,6.667000022275715e-06,0.28158204300001444,,,,,,,,,,,,,,,,,,,,,,,,,,
4,1200,15,Random Sampling,0.08032362500000545,0.02183641700000294,0.2502210419999926,,,,,,,,,0.08032362500000545,0.08031529000000148,8.335000003967252e-06,0.352381084000001,0.005671290999998746,0.009433541999996464,0.028573457999996776,0.001020250000010492,0.002472707999999102,0.0331440409999999,,,,,,,,,,,,,,,,,,,,
4,1200,15,Non-random,0.47799370799999963,0.02183641700000294,0.20227266700000257,,,,,,,,,0.47799370799999963,0.4779898339999846,3.874000015002821e-06,0.7021027920000051,,,,,,,0.45129179199999214,0.026299833999999578,0.00039820799999290557,,,,,,,,,,,,,,,,,
4,1200,15,CountSketch,0.030931167000005644,0.02183641700000294,0.1849884579999923,,,,,,,,,0.030931167000005644,0.03339808299999447,0.0,0.2377560420000009,,,,,,,,,,7.937500001276021e-05,0.0025017079999969383,0.0025017079999969383,0.0027290419999985716,0.0014558329999942998,0.0009129999999970551,0.0009009999999989304,0.00018087499999808188,3.5999999994373866e-05,0.022099542000006522,,,,,,,
4,1200,15,SIGN Bidirectional,0.0390937909999991,0.02183641700000294,0.1851413750000006,,,,,,,,,0.0390937909999991,0.03908670899998867,7.0820000104276914e-06,0.24607158300000265,,,,,,,,,,,,,,,,,,,,0.00019624999998768544,0.011115208999996185,0.004388582999993673,0.0008706250000045657,0.00011629200000129458,1.9625000007295057e-05,0.022380124999997975
4,1200,16,Random Projection,0.029154374999990296,0.021800749999997038,0.19362829199999965,0.00019908299999826795,0.003768708000009724,0.0014887499999929332,0.0008624590000039234,0.00102925000000198,0.00014174999999738702,2.0250000005717084e-05,0.021636041999997246,0.029154374999990296,0.02914629200000718,8.082999983116679e-06,0.24458341699998698,,,,,,,,,,,,,,,,,,,,,,,,,,
4,1200,16,Random Sampling,0.07596795799999256,0.021800749999997038,0.22501524999999845,,,,,,,,,0.07596795799999256,0.0759564159999826,1.1542000009967524e-05,0.32278395799998805,0.005650708000004556,0.009499625000003675,0.025628166999993596,0.0006976249999866013,0.003256290999999578,0.03122399999999459,,,,,,,,,,,,,,,,,,,,
4,1200,16,Non-random,0.4531999999999954,0.021800749999997038,0.2345870839999975,,,,,,,,,0.4531999999999954,0.45319679199998575,3.2080000096357253e-06,0.7095878339999899,,,,,,,0.42542924999999343,0.02736729199999388,0.0004002499999984366,,,,,,,,,,,,,,,,,
4,1200,16,CountSketch,0.03873304200000405,0.021800749999997038,0.23323145799999168,,,,,,,,,0.03873304200000405,0.04118766399997753,0.0,0.29376524999999276,,,,,,,,,,8.508300000187319e-05,0.0024901249999942365,0.0024901249999942365,0.002835915999995109,0.0016524159999988797,0.0007999999999981355,0.0008717909999944595,0.0001865830000014057,3.5999999994373866e-05,0.02973962500000482,,,,,,,
4,1200,16,SIGN Bidirectional,0.039369457999995916,0.021800749999997038,0.19622133400000052,,,,,,,,,0.039369457999995916,0.03935837400000253,1.1083999993388716e-05,0.2573915419999935,,,,,,,,,,,,,,,,,,,,0.00019429099999968003,0.009852708000011035,0.00466962500000534,0.0009571669999957066,0.00024312499999723514,4.3124999990595825e-05,0.023398333000002935
4,1200,17,Random Projection,0.027272791999990886,0.021769625000004567,0.18788004099999966,0.0001894999999905167,0.0034085420000025124,0.0015687909999968497,0.0009079170000063641,0.001137583000001996,0.0002633750000029522,3.837500000258842e-05,0.01974937500000351,0.027272791999990886,0.02726345800000729,9.333999983596186e-06,0.23692245799999512,,,,,,,,,,,,,,,,,,,,,,,,,,
4,1200,17,Random Sampling,0.06296820800000091,0.021769625000004567,0.22394579199999498,,,,,,,,,0.06296820800000091,0.06295987599999364,8.332000007271745e-06,0.30868362500000046,0.005672332999992591,0.009387416999999232,0.01664754200000118,0.000648291999993944,0.0024690000000049395,0.028135292000001755,,,,,,,,,,,,,,,,,,,,
4,1200,17,Non-random,0.437269416999996,0.021769625000004567,0.23446783400000015,,,,,,,,,0.437269416999996,0.4372645840000047,4.83299999132214e-06,0.6935068760000007,,,,,,,0.41358912500000145,0.02298150000000021,0.0006939590000030194,,,,,,,,,,,,,,,,,
4,1200,17,CountSketch,0.033056541000007655,0.021769625000004567,0.2290381669999988,,,,,,,,,0.033056541000007655,0.03608920899999646,0.0,0.283864333000011,,,,,,,,,,0.00012325000000146247,0.0030872090000002572,0.0030872090000002572,0.0027933329999996204,0.0019865000000010014,0.001283083000004126,0.001333000000002471,0.0002409999999883894,3.8000000003535206e-05,0.022116624999995338,,,,,,,
4,1200,17,SIGN Bidirectional,0.03758287499999824,0.021769625000004567,0.2416811249999995,,,,,,,,,0.03758287499999824,0.037572624999967275,1.0250000030964657e-05,0.3010336250000023,,,,,,,,,,,,,,,,,,,,0.0001925409999898875,0.0095179169999966,0.004465124999995851,0.0008966669999921351,0.00014999999999076863,3.3874999999738975e-05,0.022316500000002293
4,1200,18,Random Projection,0.03352520800000036,0.02085770799999409,0.2265455000000003,0.000187124999996513,0.003558166999994228,0.0014576669999968317,0.0008005419999932428,0.0009453750000005812,0.00019458399999905396,3.6041000001318935e-05,0.026337791999992533,0.03352520800000036,0.0335172929999743,7.915000026059715e-06,0.28092841599999474,,,,,,,,,,,,,,,,,,,,,,,,,,
4,1200,18,Random Sampling,0.08155299999999954,0.02085770799999409,0.25733099999999354,,,,,,,,,0.08155299999999954,0.08154374900001926,9.250999980281449e-06,0.35974170799998717,0.0052816660000019056,0.009360041999997293,0.030844708000003607,0.0010256660000038664,0.003233625000007123,0.031798042000005466,,,,,,,,,,,,,,,,,,,,
4,1200,18,Non-random,0.4607260000000082,0.02085770799999409,0.20603579199999444,,,,,,,,,0.4607260000000082,0.4607220829999932,3.917000015007943e-06,0.6876194999999967,,,,,,,0.434081833999997,0.026210040999998796,0.00043020799999737847,,,,,,,,,,,,,,,,,
4,1200,18,CountSketch,0.03237841699998967,0.02085770799999409,0.1927853749999997,,,,,,,,,0.03237841699998967,0.034827582000005464,0.0,0.24602149999998346,,,,,,,,,,7.920799998828443e-05,0.0024913330000089218,0.0024913330000089218,0.0029726249999981746,0.0018511669999980995,0.0008530420000028016,0.001086333000003492,0.00027683300000092004,4.4875000000388354e-05,0.02268083299999546,,,,,,,
4,1200,18,SIGN Bidirectional,0.03910366600000259,0.02085770799999409,0.18740354199999842,,,,,,,,,0.03910366600000259,0.03909466500002168,9.000999980912638e-06,0.2473649159999951,,,,,,,,,,,,,,,,,,,,0.00019295799999952123,0.010260250000001747,0.0044643749999977445,0.00080995800000494,0.00013479100000779454,2.1333000006507064e-05,0.023211000000003423
4,1200,19,Random Projection,0.03223633300000017,0.021393916999997487,0.19557187499999884,0.00019237499999746888,0.0036738339999971004,0.0017908330000011574,0.0009262079999956541,0.0008850840000036442,0.00013437500000179625,1.9624999993084202e-05,0.024606500000004417,0.03223633300000017,0.03222883399999432,7.499000005850576e-06,0.2492021249999965,,,,,,,,,,,,,,,,,,,,,,,,,,
4,1200,19,Random Sampling,0.07497754199999918,0.021393916999997487,0.2230711660000111,,,,,,,,,0.07497754199999918,0.07497058500000264,6.956999996532431e-06,0.31944262500000775,0.005712708000004341,0.009391124999993394,0.024997124999998732,0.0007220840000030648,0.002426209000006452,0.03172133399999666,,,,,,,,,,,,,,,,,,,,
4,1200,19,Non-random,0.43701470899999606,0.021393916999997487,0.2395689160000103,,,,,,,,,0.43701470899999606,0.43700929199999905,5.4169999970099525e-06,0.6979775420000038,,,,,,,0.4097157920000001,0.026584249999999088,0.0007092499999998836,,,,,,,,,,,,,,,,,
4,1200,19,CountSketch,0.03589333299998998,0.021393916999997487,0.18690804099999525,,,,,,,,,0.03589333299998998,0.0383349980000105,0.0,0.24419529099998272,,,,,,,,,,7.57500000077016e-05,0.002475583000006054,0.002475583000006054,0.0029495420000102968,0.0019620829999951184,0.0011117909999995845,0.0012112499999972215,0.00017795799999476003,2.116699999987759e-05,0.025874290999993832,,,,,,,
4,1200,19,SIGN Bidirectional,0.03954087500000014,0.021393916999997487,0.18476908299999195,,,,,,,,,0.03954087500000014,0.03953054299999792,1.033200000222223e-05,0.24570387499998958,,,,,,,,,,,,,,,,,,,,0.00019275000001073295,0.010385124999999107,0.005155999999999494,0.0008901249999979655,0.00016779199999916727,3.3583999993425095e-05,0.022705166999998028
4,1200,20,Random Projection,0.03154670799999337,0.021343541999996773,0.18747337499999617,0.00018920899999841367,0.003510875000003466,0.0015644589999936898,0.0008610000000004447,0.000999207999996088,0.00017941599999460323,2.0290999998451298e-05,0.024212833000007095,0.03154670799999337,0.03153729099999225,9.417000001121778e-06,0.24036362499998631,,,,,,,,,,,,,,,,,,,,,,,,,,
4,1200,20,Random Sampling,0.07065575000000024,0.021343541999996773,0.21953866600000538,,,,,,,,,0.07065575000000024,0.07064516699999501,1.0583000005226495e-05,0.3115379580000024,0.005640874999997436,0.009502124999997363,0.023796958000005475,0.0007262919999959649,0.003092374999994263,0.02788654200000451,,,,,,,,,,,,,,,,,,,,
4,1200,20,Non-random,0.4410530829999999,0.021343541999996773,0.2375752920000025,,,,,,,,,0.4410530829999999,0.44104958300000874,3.4999999911633495e-06,0.6999719169999992,,,,,,,0.4142882080000021,0.026364624999999364,0.00039675000000727323,,,,,,,,,,,,,,,,,
4,1200,20,CountSketch,0.036022458999994456,0.021343541999996773,0.19123291699999356,,,,,,,,,0.036022458999994456,0.03847041499999193,0.0,0.2485989179999848,,,,,,,,,,7.858300000407326e-05,0.002486290999996754,0.002486290999996754,0.0034671250000002374,0.0016143750000026102,0.0010486249999956954,0.0009655829999957177,0.00022774999999342072,3.929199999674893e-05,0.02605650000000992,,,,,,,
4,1200,20,SIGN Bidirectional,0.04042562499999747,0.021343541999996773,0.20455383299999141,,,,,,,,,0.04042562499999747,0.04041345799998908,1.216700000838955e-05,0.26632299999998565,,,,,,,,,,,,,,,,,,,,0.00019079199999794128,0.009808332999995173,0.004875874999996199,0.0008649170000012418,0.00031945799999277824,5.67080000024589e-05,0.024297375000003285
5,200,1,Random Projection,0.013790000000000191,0.0010771670000053746,0.01107850000001065,3.6541000000056556e-05,0.00017941599999460323,0.0002764999999982365,8.295799999302744e-05,0.00010591699999906723,0.0002107910000006541,1.7875000011713382e-05,0.012872292000011498,0.013790000000000191,0.013782290000008857,7.709999991334371e-06,0.025945667000016215,,,,,,,,,,,,,,,,,,,,,,,,,,
5,200,1,Random Sampling,0.02270791600000166,0.0010771670000053746,0.010617124999996008,,,,,,,,,0.02270791600000166,0.022703209000013658,4.706999988002281e-06,0.03440220800000304,0.0002452500000060809,0.0002671670000040649,0.008098875000001726,5.791600000293329e-05,5.933399999946687e-05,0.013974666999999386,,,,,,,,,,,,,,,,,,,,
5,200,1,Non-random,0.027836082999996847,0.0010771670000053746,0.010810624999990637,,,,,,,,,0.027836082999996847,0.02783345900000711,2.623999989737058e-06,0.03972387499999286,,,,,,,0.015163334000007467,0.012654541000003405,1.5583999996238163e-05,,,,,,,,,,,,,,,,,
5,200,1,CountSketch,0.014833499999994615,0.0010771670000053746,0.010557417000001124,,,,,,,,,0.014833499999994615,0.015071833000021684,0.0,0.026468084000001113,,,,,,,,,,4.8582999994550846e-05,0.0002607920000059494,0.0002607920000059494,0.000270749999998543,0.00027008400000738675,0.00010154100000647759,0.00010824999999670126,0.0002795830000081878,6.458000001430264e-06,0.013464999999996508,,,,,,,
5,200,1,SIGN Bidirectional,0.01445991699999638,0.0010771670000053746,0.010899041999991255,,,,,,,,,0.01445991699999638,0.014453082000017048,6.834999979332679e-06,0.02643612599999301,,,,,,,,,,,,,,,,,,,,3.954199999611774e-05,0.001409416000001329,0.0004840830000034657,0.0001142920000063441,0.0001764160000021775,1.0791000008225637e-05,0.012218541999999388
5,200,2,Random Projection,0.013076291999993828,0.000940333999992049,0.010661583000000974,4.17079999976977e-05,0.00037429199998939566,0.0002694999999874881,9.512500000141699e-05,0.00010129199999653338,0.00027333299999554583,7.166999992591627e-06,0.01190949999998736,0.013076291999993828,0.01307191699994803,4.375000045797606e-06,0.02467820899998685,,,,,,,,,,,,,,,,,,,,,,,,,,
5,200,2,Random Sampling,0.02399099999999521,0.000940333999992049,0.010290832999999111,,,,,,,,,0.02399099999999521,0.0239869999999911,4.0000000041118255e-06,0.03522216699998637,0.00024104199999896991,0.0002639169999980595,0.009676041999995277,5.9041000000092936e-05,6.199999999978445e-05,0.013684957999998915,,,,,,,,,,,,,,,,,,,,
5,200,2,Non-random,0.031244083000004252,0.000940333999992049,0.010955542000004925,,,,,,,,,0.031244083000004252,0.031240376000013725,3.706999990527038e-06,0.04313995900000123,,,,,,,0.014698999999993134,0.01651845900001092,2.291700000967012e-05,,,,,,,,,,,,,,,,,
5,200,2,CountSketch,0.014776208999990104,0.000940333999992049,0.010657417000004443,,,,,,,,,0.014776208999990104,0.01518379100004097,0.0,0.026373959999986596,,,,,,,,,,8.462499999950523e-05,0.000442375000005768,0.000442375000005768,0.00033545800000922554,0.00038216599999429945,0.00010283400000332676,9.170900000299298e-05,0.00023825000000954333,9.708000007435658e-06,0.013054291000003104,,,,,,,
5,200,2,SIGN Bidirectional,0.016011875000003783,0.000940333999992049,0.010922375000006923,,,,,,,,,0.016011875000003783,0.01600595699999019,5.918000013593883e-06,0.027874584000002756,,,,,,,,,,,,,,,,,,,,3.9792000009697404e-05,0.0013794999999987567,0.0003532079999928328,0.00011095799999338851,0.00023045799999010796,5.9160000063229745e-06,0.013886124999999083
5,200,3,Random Projection,0.016650708000000236,0.000894791999996869,0.010343500000004724,3.570799999863539e-05,0.0003279170000070053,0.00028004199999998036,9.570899999289395e-05,9.991599999636946e-05,0.0002267079999995758,1.6916999996396953e-05,0.015561750000003371,0.016650708000000236,0.01664466699999423,6.04100000600738e-06,0.02788900000000183,,,,,,,,,,,,,,,,,,,,,,,,,,
5,200,3,Random Sampling,0.02143491700000766,0.000894791999996869,0.010135417000000757,,,,,,,,,0.02143491700000766,0.021431082999981754,3.834000025904061e-06,0.032465126000005284,0.00021445799998787152,0.0002599999999972624,0.007869708000001197,5.212499999629472e-05,5.7792000006884336e-05,0.012976999999992245,,,,,,,,,,,,,,,,,,,,
5,200,3,Non-random,0.03042187500000182,0.000894791999996869,0.011472208000000705,,,,,,,,,0.03042187500000182,0.03041866600000276,3.2089999990603246e-06,0.04278887499999939,,,,,,,0.014574625000008723,0.01583008299999733,1.3957999996705439e-05,,,,,,,,,,,,,,,,,
5,200,3,CountSketch,0.015649416000002248,0.000894791999996869,0.010521666999991908,,,,,,,,,0.015649416000002248,0.01589904200001513,0.0,0.027065874999991024,,,,,,,,,,5.3541999989192846e-05,0.0002741250000042328,0.0002741250000042328,0.00027758299999902647,0.000270749999998543,8.225000000550153e-05,0.000102000000012481,0.00025133300000845793,5.541999996694358e-06,0.014307791999996766,,,,,,,
5,200,3,SIGN Bidirectional,0.01571716699999115,0.000894791999996869,0.010276167000000669,,,,,,,,,0.01571716699999115,0.015712125000007404,5.041999983745882e-06,0.026888125999988688,,,,,,,,,,,,,,,,,,,,4.0166000005115166e-05,0.0016577079999962052,0.0004489580000068827,0.00012833400000999973,0.00024887499999692864,5.4169999970099525e-06,0.013182666999995263
5,200,4,Random Projection,0.01592816699999844,0.0008902080000012802,0.010578584000001001,3.491600000415929e-05,0.0004586250000073733,0.0002809999999868751,0.00011237499998628664,0.00011349999999765714,0.00030158399999891117,6.292000009011645e-06,0.01461520799999505,0.01592816699999844,0.015923499999985324,4.667000013114375e-06,0.02739695900000072,,,,,,,,,,,,,,,,,,,,,,,,,,
5,200,4,Random Sampling,0.0210563330000042,0.0008902080000012802,0.010612292000004686,,,,,,,,,0.0210563330000042,0.02105270900000278,3.6240000014231555e-06,0.03255883300001017,0.0002502090000007229,0.0002649580000024798,0.008829167000001803,9.508399999447192e-05,7.820800000502004e-05,0.01153508299999828,,,,,,,,,,,,,,,,,,,,
5,200,4,Non-random,0.026783957999995778,0.0008902080000012802,0.010734500000012304,,,,,,,,,0.026783957999995778,0.02678004099999498,3.9170000007970884e-06,0.03840866600000936,,,,,,,0.014730874999997923,0.012027625000001763,2.154099999529535e-05,,,,,,,,,,,,,,,,,
5,200,4,CountSketch,0.013802334000004635,0.0008902080000012802,0.010220790999994733,,,,,,,,,0.013802334000004635,0.014035623999973268,0.0,0.024913333000000648,,,,,,,,,,4.829100001302322e-05,0.00025487499999599095,0.00025487499999599095,0.0003010829999965381,0.00027316599999949176,0.0001033749999947986,0.00010070799999084556,0.00023212499999658576,5.7919999960631685e-06,0.01246133399999394,,,,,,,
5,200,4,SIGN Bidirectional,0.015105041999987634,0.0008902080000012802,0.009997749999996586,,,,,,,,,0.015105041999987634,0.015101209999969,3.832000018633153e-06,0.0259929999999855,,,,,,,,,,,,,,,,,,,,3.691699998853437e-05,0.0013229159999923468,0.00034383300000229156,7.870900000739312e-05,0.00022629199999357752,5.458999993379621e-06,0.013087083999991478
5,200,5,Random Projection,0.014017332999998189,0.0008846249999976408,0.010813999999996327,3.5457999999266576e-05,0.00034516600000245035,0.0002637919999983751,7.14589999972759e-05,8.041600000296967e-05,0.00023970899999881112,6.374999998115527e-06,0.01297083300001134,0.014017332999998189,0.014013208000008603,4.124999989585376e-06,0.025715957999992156,,,,,,,,,,,,,,,,,,,,,,,,,,
5,200,5,Random Sampling,0.021278958999999986,0.0008846249999976408,0.010179666999988513,,,,,,,,,0.021278958999999986,0.021274998999999184,3.960000000802211e-06,0.03234325099998614,0.00033508299999596147,0.00035412500000120417,0.008010957999999846,9.458299999209885e-05,7.566700000438686e-05,0.012404583000005687,,,,,,,,,,,,,,,,,,,,
5,200,5,Non-random,0.029559167000002162,0.0008846249999976408,0.010593540999991546,,,,,,,,,0.029559167000002162,0.029556793000011794,2.3739999903682474e-06,0.04103733299999135,,,,,,,0.01442008400000816,0.015122250000004556,1.4458999999078515e-05,,,,,,,,,,,,,,,,,
5,200,5,CountSketch,0.013846083000004228,0.0008846249999976408,0.010271875000000819,,,,,,,,,0.013846083000004228,0.014082831999999712,0.0,0.025002583000002687,,,,,,,,,,4.8167000002763416e-05,0.0002582080000053111,0.0002582080000053111,0.00026016599998968104,0.0002707080000021733,7.787500000233649e-05,9.824999999352713e-05,0.00024349999999628835,5.50000000032469e-06,0.012562250000001995,,,,,,,
5,200,5,SIGN Bidirectional,0.015433790999992425,0.0008846249999976408,0.010291541000000848,,,,,,,,,0.015433790999992425,0.015429791000016735,3.999999975690116e-06,0.026609956999990914,,,,,,,,,,,,,,,,,,,,3.791700000022047e-05,0.0013227080000035585,0.00035754200000326364,0.00010037500000237287,0.00026945800000532927,5.833000003008237e-06,0.013335957999998982
5,200,6,Random Projection,0.012843125000003397,0.0008897499999989122,0.009801417000005586,3.4540999990895216e-05,0.00036058300000263444,0.0002711249999975962,6.929199999206048e-05,8.96250000010923e-05,0.0002385420000052818,5.583000003639427e-06,0.011770291000004818,0.012843125000003397,0.012839581999998018,3.5430000053793265e-06,0.023534292000007895,,,,,,,,,,,,,,,,,,,,,,,,,,
5,200,6,Random Sampling,0.021174458000004392,0.0008897499999989122,0.010354875000004427,,,,,,,,,0.021174458000004392,0.02117158299999744,2.8750000069521775e-06,0.03241908300000773,0.0002345000000048003,0.00026450000000011187,0.00816962500000784,5.054199999676712e-05,5.17499999972415e-05,0.012400665999990679,,,,,,,,,,,,,,,,,,,,
5,200,6,Non-random,0.02759458300000972,0.0008897499999989122,0.01077174999998931,,,,,,,,,0.02759458300000972,0.027592791000003558,1.7920000061621977e-06,0.03925608299999794,,,,,,,0.014907082999997101,0.012672332999997593,1.3375000008863935e-05,,,,,,,,,,,,,,,,,
5,200,6,CountSketch,0.015403417000001696,0.0008897499999989122,0.01033999999999935,,,,,,,,,0.015403417000001696,0.01563541799998802,0.0,0.026633166999999958,,,,,,,,,,4.7291999990761724e-05,0.0002559999999931506,0.0002559999999931506,0.0002772090000036087,0.0002691669999990154,8.641700000566743e-05,0.00010500000000490672,0.0003181659999995645,2.4249999995618055e-05,0.013995917000002578,,,,,,,
5,200,6,SIGN Bidirectional,0.017091084000000478,0.0008897499999989122,0.010303708000009237,,,,,,,,,0.017091084000000478,0.017085624999992888,5.4590000075904754e-06,0.028284542000008628,,,,,,,,,,,,,,,,,,,,3.7665999997216204e-05,0.0013380000000040582,0.0003643329999931666,8.133299999713017e-05,0.00023429200000180117,5.4590000075904754e-06,0.015024541999991925
5,200,7,Random Projection,0.014162290999991,0.0009040829999946709,0.01122783399999605,3.716700000211404e-05,0.00033820800000228246,0.00026620800001353473,9.691700000757919e-05,9.533399999384073e-05,0.00021974999999940792,5.458999993379621e-06,0.013099667000005866,0.014162290999991,0.014158710000018004,3.5809999729963238e-06,0.026294207999981722,,,,,,,,,,,,,,,,,,,,,,,,,,
5,200,7,Random Sampling,0.021401665999988495,0.0009040829999946709,0.010602790999996614,,,,,,,,,0.021401665999988495,0.02139895800002023,2.70799996826554e-06,0.03290853999997978,0.0002286250000054224,0.00025850000000104956,0.00786133300000813,4.8374999991551704e-05,4.8708000008446106e-05,0.01295341700000563,,,,,,,,,,,,,,,,,,,,
5,200,7,Non-random,0.02607100000000173,0.0009040829999946709,0.010688166999997861,,,,,,,,,0.02607100000000173,0.026068666000000462,2.3340000012694873e-06,0.037663249999994264,,,,,,,0.014850416999991012,0.011204958000007537,1.3291000001913744e-05,,,,,,,,,,,,,,,,,
5,200,7,CountSketch,0.012381083000008175,0.0009040829999946709,0.010178042000006826,,,,,,,,,0.012381083000008175,0.012613792999985662,0.0,0.023463208000009672,,,,,,,,,,4.662499999597003e-05,0.00025304199999709454,0.00025304199999709454,0.00029329199999494904,0.000269041999999331,8.687500000803539e-05,8.854200000030232e-05,0.0002458329999939224,5.7499999996935e-06,0.01107174999999927,,,,,,,
5,200,7,SIGN Bidirectional,0.017345082999995043,0.0009040829999946709,0.010649624999999219,,,,,,,,,0.017345082999995043,0.017340082999993456,5.000000001587068e-06,0.028898790999988933,,,,,,,,,,,,,,,,,,,,3.733300000874351e-05,0.0013404999999977463,0.0005554170000010572,0.00012054199999056436,0.00028391600000077233,5.7499999996935e-06,0.014996624999994879
5,200,8,Random Projection,0.01444941700000868,0.0009041249999910406,0.010427207999995858,3.3959000006689166e-05,0.0003827080000036176,0.00044470800000340205,7.387499999822467e-05,0.00010045899999511221,0.0002475409999931344,1.0417000012807875e-05,0.013149249999997892,0.01444941700000868,0.01444291700001088,6.499999997799932e-06,0.025780749999995578,,,,,,,,,,,,,,,,,,,,,,,,,,
5,200,8,Random Sampling,0.020398999999997613,0.0009041249999910406,0.009965999999991482,,,,,,,,,0.020398999999997613,0.02039575000000582,3.249999991794539e-06,0.031269124999980136,0.00023041699999737375,0.00025825000000168075,0.006763999999989778,4.933300000686813e-05,5.1124999998819476e-05,0.013042625000011299,,,,,,,,,,,,,,,,,,,,
5,200,8,Non-random,0.02631904199999724,0.0009041249999910406,0.010872082999995314,,,,,,,,,0.02631904199999724,0.026317415999997706,1.6259999995327235e-06,0.038095249999983594,,,,,,,0.01390412499999627,0.012399708000003784,1.3582999997652223e-05,,,,,,,,,,,,,,,,,
5,200,8,CountSketch,0.013814625000009073,0.0009041249999910406,0.01043004100000644,,,,,,,,,0.013814625000009073,0.014056664999941404,0.0,0.025148791000006554,,,,,,,,,,5.0457999989816926e-05,0.0002639579999907937,0.0002639579999907937,0.0003236659999998892,0.00026674999999443116,7.662499999128158e-05,0.0001091249999944921,0.00023525000000290675,5.582999989428572e-06,0.01246129199999757,,,,,,,
5,200,8,SIGN Bidirectional,0.014033541000003424,0.0009041249999910406,0.010722415999993018,,,,,,,,,0.014033541000003424,0.014028706999994256,4.834000009168449e-06,0.025660081999987483,,,,,,,,,,,,,,,,,,,,5.649999999945976e-05,0.0013288749999986749,0.000350041000004353,8.075000000928867e-05,0.00023804099998869788,5.666999996378763e-06,0.011968832999997403
5,200,9,Random Projection,0.013334834000005458,0.0009051250000027267,0.009797958999996581,3.516700000716355e-05,0.00038370800000109284,0.00026104100000168273,7.029200000374658e-05,9.874999999226475e-05,0.00023408399999880203,5.708000003323832e-06,0.012242791000005582,0.013334834000005458,0.013331541000013658,3.292999991799661e-06,0.024037918000004765,,,,,,,,,,,,,,,,,,,,,,,,,,
5,200,9,Random Sampling,0.02403904199999829,0.0009051250000027267,0.009991916000004153,,,,,,,,,0.02403904199999829,0.024036416000015493,2.6259999827971114e-06,0.03493608300000517,0.000228500000005738,0.00026679199999080083,0.008064291000010826,4.795799999612882e-05,4.962500000260661e-05,0.015379250000009392,,,,,,,,,,,,,,,,,,,,
5,200,9,Non-random,0.025874541999996836,0.0009051250000027267,0.010279000000011251,,,,,,,,,0.025874541999996836,0.025871917000003464,2.624999993372512e-06,0.037058667000010814,,,,,,,0.01379904200000226,0.012059042000004183,1.3832999997021034e-05,,,,,,,,,,,,,,,,,
5,200,9,CountSketch,0.015224791000008508,0.0009051250000027267,0.01015837499998895,,,,,,,,,0.015224791000008508,0.015453040999986456,0.0,0.026288291000000186,,,,,,,,,,4.8750000004815774e-05,0.00025275000000135606,0.00025275000000135606,0.000318457999995303,0.0004369999999909169,0.00011175000000207547,0.0001092499999941765,0.00023887500000796535,1.0291999998912615e-05,0.013673165999989578,,,,,,,
5,200,9,SIGN Bidirectional,0.014268957999988174,0.0009051250000027267,0.010556875000006016,,,,,,,,,0.014268957999988174,0.014265165999987062,3.792000001112683e-06,0.025730957999996917,,,,,,,,,,,,,,,,,,,,3.695799999547944e-05,0.0012912499999941929,0.0003371250000014925,7.195799999237806e-05,0.0002294169999998985,5.91599999211212e-06,0.012292542000011508
5,200,10,Random Projection,0.015386332999995034,0.0008942500000017617,0.010261374999998907,3.4542000008741525e-05,0.00036645899999143694,0.00026058400000295023,9.425000000362616e-05,9.616700000947276e-05,0.000253208000003724,5.541999996694358e-06,0.01427224999999055,0.015386332999995034,0.015383002000007195,3.330999987838368e-06,0.026541957999995702,,,,,,,,,,,,,,,,,,,,,,,,,,
5,200,10,Random Sampling,0.023019749999988903,0.0008942500000017617,0.010394750000003228,,,,,,,,,0.023019749999988903,0.02301704100000279,2.7089999861118486e-06,0.03430874999999389,0.00022212499999341162,0.0002589999999997872,0.00928475000000617,4.820799999549763e-05,4.8750000004815774e-05,0.01315420800000311,,,,,,,,,,,,,,,,,,,,
5,200,10,Non-random,0.026752833000003307,0.0008942500000017617,0.010921500000009132,,,,,,,,,0.026752833000003307,0.026750875000018937,1.9579999843699625e-06,0.0385685830000142,,,,,,,0.014366333000012332,0.01237120900000832,1.3332999998283412e-05,,,,,,,,,,,,,,,,,
5,200,10,CountSketch,0.01658679199999824,0.0008942500000017617,0.010750959000006333,,,,,,,,,0.01658679199999824,0.016823580999997034,0.0,0.028232001000006335,,,,,,,,,,4.7582999997075603e-05,0.00025791599999536174,0.00025791599999536174,0.00029070799999431074,0.0002666670000053273,0.0001032499999951142,0.00011283300000286545,0.00022787500000731598,5.708000003323832e-06,0.015253125000000978,,,,,,,
5,200,10,SIGN Bidirectional,0.01433191700000691,0.0008942500000017617,0.010376874999991514,,,,,,,,,0.01433191700000691,0.01432145900001558,1.0457999991331235e-05,0.025603042000000187,,,,,,,,,,,,,,,,,,,,5.4500000004509275e-05,0.0014460420000119711,0.0003413750000049731,8.020900000360598e-05,0.00022425000000225737,5.332999990059761e-06,0.012169749999998203
5,200,11,Random Projection,0.013792374999994195,0.000896041999993713,0.01096520800000178,3.466599999057962e-05,0.00043254199999864795,0.0002646249999997963,8.975000000077671e-05,9.962499999005558e-05,0.00024708400000861275,6.791000004113812e-06,0.01261320800000476,0.013792374999994195,0.013788290999997344,4.083999996851162e-06,0.025653624999989688,,,,,,,,,,,,,,,,,,,,,,,,,,
5,200,11,Random Sampling,0.018887333999998646,0.000896041999993713,0.010658749999990391,,,,,,,,,0.018887333999998646,0.01888458200001253,2.751999986116971e-06,0.03044212599998275,0.00023149999999816373,0.0002621659999988424,0.006663750000001301,4.800000000670934e-05,5.020800000465897e-05,0.011628958000002854,,,,,,,,,,,,,,,,,,,,
5,200,11,Non-random,0.026089916000003655,0.000896041999993713,0.010891250000000241,,,,,,,,,0.026089916000003655,0.02608862399999623,1.2920000074245763e-06,0.03787720799999761,,,,,,,0.013516957999996748,0.012558208000001514,1.3457999997967818e-05,,,,,,,,,,,,,,,,,
5,200,11,CountSketch,0.013667000000012308,0.000896041999993713,0.010276666999999406,,,,,,,,,0.013667000000012308,0.013890997999993715,0.0,0.024839709000005428,,,,,,,,,,4.112499999564534e-05,0.00024337499999660395,0.00024337499999660395,0.00027291600000012295,0.0002631250000035834,7.89169999961814e-05,9.879099999920982e-05,0.0002359580000046435,6.04100000600738e-06,0.012407374999995113,,,,,,,
5,200,11,SIGN Bidirectional,0.01512229099999729,0.000896041999993713,0.011113667000003602,,,,,,,,,0.01512229099999729,0.015118541999996182,3.749000001107561e-06,0.027131999999994605,,,,,,,,,,,,,,,,,,,,3.737500000511318e-05,0.0013109159999942221,0.0003462089999999307,9.124999999698957e-05,0.00022775000000763157,5.833999992432837e-06,0.013099207999999862
5,200,12,Random Projection,0.01344383299999663,0.0010850409999960675,0.009970832999997015,3.3874999999738975e-05,0.00035049999999614556,0.0002533749999997781,9.462500000267937e-05,0.00010162499999921693,0.00023279199999137745,5.625000000009095e-06,0.01236795799999868,0.01344383299999663,0.013440374999987625,3.458000009004536e-06,0.024499706999989712,,,,,,,,,,,,,,,,,,,,,,,,,,
5,200,12,Random Sampling,0.01940779199999554,0.0010850409999960675,0.010384041999998317,,,,,,,,,0.01940779199999554,0.01940504200000248,2.7499999930569174e-06,0.030876874999989923,0.00022595800000146937,0.00025704200000120636,0.006275166999998305,4.7791000000074746e-05,4.891700000086985e-05,0.012550167000000556,,,,,,,,,,,,,,,,,,,,
5,200,12,Non-random,0.025541875000001824,0.0010850409999960675,0.010506499999991092,,,,,,,,,0.025541875000001824,0.025540624000015555,1.2509999862686527e-06,0.03713341599998898,,,,,,,0.014923583000012286,0.01060383300000467,1.3207999998599007e-05,,,,,,,,,,,,,,,,,
5,200,12,CountSketch,0.014079292000005239,0.0010850409999960675,0.010752249999995911,,,,,,,,,0.014079292000005239,0.014295749000012847,0.0,0.025916582999997217,,,,,,,,,,4.195800001127736e-05,0.00024320800000054987,0.00024320800000054987,0.00030412499999954434,0.00026129100000105154,7.637499999191277e-05,0.00010749999999859483,0.0003770420000108743,1.583299999197152e-05,0.012625209000006521,,,,,,,
5,200,12,SIGN Bidirectional,0.014558167000004119,0.0010850409999960675,0.01074087500001042,,,,,,,,,0.014558167000004119,0.014551790999988157,6.376000015961836e-06,0.026384083000010605,,,,,,,,,,,,,,,,,,,,3.579099998773927e-05,0.0012987080000073092,0.00046600000000296404,0.0001266249999929414,0.00029408300000000054,5.666999996378763e-06,0.012324917000000823
5,200,13,Random Projection,0.014755999999991332,0.0008694579999968255,0.01057891600000005,3.5499999995636244e-05,0.0003735000000091304,0.0002532920000106742,7.050000000674572e-05,0.00010008399999605899,0.00025379100000577637,5.583000003639427e-06,0.013659250000003453,0.014755999999991332,0.014751500000031115,4.499999960216883e-06,0.026204373999988206,,,,,,,,,,,,,,,,,,,,,,,,,,
5,200,13,Random Sampling,0.020403250000001094,0.0008694579999968255,0.010555332999999223,,,,,,,,,0.020403250000001094,0.02040045800002588,2.791999975215731e-06,0.03182804099999714,0.00022891700000116089,0.0002627500000045302,0.007384041999998203,4.7625000007656126e-05,5.0333000004343376e-05,0.012426791000009985,,,,,,,,,,,,,,,,,,,,
5,200,13,Non-random,0.027339874999995573,0.0008694579999968255,0.011106041000005007,,,,,,,,,0.027339874999995573,0.02733620899999778,3.6659999977928237e-06,0.039315373999997405,,,,,,,0.013372500000002674,0.013948874999996974,1.483399999813173e-05,,,,,,,,,,,,,,,,,
5,200,13,CountSketch,0.014122583999991889,0.0008694579999968255,0.01049537500000497,,,,,,,,,0.014122583999991889,0.014420835999985115,0.0,0.025487416999993684,,,,,,,,,,7.65420000021777e-05,0.00033208399999296034,0.00033208399999296034,0.00028749999999888587,0.0002732089999994969,0.00010087500000111049,9.112499999730517e-05,0.000236250000000382,5.7919999960631685e-06,0.012685375000003773,,,,,,,
5,200,13,SIGN Bidirectional,0.016543333000001326,0.0008694579999968255,0.010578542000004632,,,,,,,,,0.016543333000001326,0.0165360429999879,7.290000013426834e-06,0.027991333000002783,,,,,,,,,,,,,,,,,,,,3.729200000179844e-05,0.0014492920000037657,0.0007291249999923366,9.41249999897309e-05,0.0002557920000043623,1.07080000049109e-05,0.013959708999990994
5,200,14,Random Projection,0.011869916000009084,0.0008782080000031556,0.011315499999994927,3.454199999453067e-05,0.00031900000000462114,0.0002649590000061153,9.6833000000629e-05,0.00010083300000474082,0.00023174999999753254,5.583000003639427e-06,0.01081329199999459,0.011869916000009084,0.011866792000006399,3.124000002685534e-06,0.024063624000007167,,,,,,,,,,,,,,,,,,,,,,,,,,
5,200,14,Random Sampling,0.018471375000004286,0.0008782080000031556,0.010463166999997497,,,,,,,,,0.018471375000004286,0.01846779200000981,3.5829999944780866e-06,0.02981275000000494,0.00034787500000277305,0.00031383300000698,0.0060988749999921765,4.8750000004815774e-05,4.879200000118544e-05,0.011609667000001878,,,,,,,,,,,,,,,,,,,,
5,200,14,Non-random,0.024658791999996765,0.0008782080000031556,0.011088541999995982,,,,,,,,,0.024658791999996765,0.024656957999994233,1.834000002531866e-06,0.0366255419999959,,,,,,,0.013931624999997894,0.010710791999997582,1.4540999998757798e-05,,,,,,,,,,,,,,,,,
5,200,14,CountSketch,0.013297875000006343,0.0008782080000031556,0.011272500000004015,,,,,,,,,0.013297875000006343,0.013630457999980194,0.0,0.025448583000013514,,,,,,,,,,8.958300000472263e-05,0.00036999999998954536,0.00036999999998954536,0.0003606670000095846,0.00026862499998969724,0.00010545800000727468,9.912499999131796e-05,0.00022891700000116089,5.582999989428572e-06,0.011732500000007917,,,,,,,
5,200,14,SIGN Bidirectional,0.014780291000008106,0.0008782080000031556,0.011326291000003152,,,,,,,,,0.014780291000008106,0.014774668000015367,5.622999992738187e-06,0.026984790000014414,,,,,,,,,,,,,,,,,,,,5.649999999945976e-05,0.0013249170000051436,0.0003353329999953303,0.00010379200000443234,0.0002516670000005661,5.250000000955879e-06,0.01269720900000948
5,200,15,Random Projection,0.014788124999995489,0.0009313330000111364,0.011683790999995836,3.670799999611063e-05,0.00041400000000635373,0.0002615840000004255,0.00011120900001060363,0.00010433299999590417,0.00024245800000244344,5.665999992743309e-06,0.013607333000010158,0.014788124999995489,0.014783291000014742,4.833999980746739e-06,0.02740324900000246,,,,,,,,,,,,,,,,,,,,,,,,,,
5,200,15,Random Sampling,0.019415791000000127,0.0009313330000111364,0.010140332999995394,,,,,,,,,0.019415791000000127,0.019412207999977227,3.583000022899796e-06,0.030487457000006657,0.0002492910000029269,0.00026429099999347727,0.007067749999990269,5.1374999998188287e-05,5.4666999986352494e-05,0.011724834000006013,,,,,,,,,,,,,,,,,,,,
5,200,15,Non-random,0.027291166000011913,0.0009313330000111364,0.010992749999999774,,,,,,,,,0.027291166000011913,0.027287042000011752,4.124000000160777e-06,0.03921524900002282,,,,,,,0.014334500000003914,0.012928500000001009,2.4042000006829767e-05,,,,,,,,,,,,,,,,,
5,200,15,CountSketch,0.013842959000001542,0.0009313330000111364,0.011038041999995585,,,,,,,,,0.013842959000001542,0.014070082999964484,0.0,0.025812334000008264,,,,,,,,,,4.387500000291311e-05,0.0002487919999936139,0.0002487919999936139,0.0002601249999969468,0.0002658749999966403,7.695799999396513e-05,0.00011291599999196933,0.00022629199999357752,5.7499999996935e-06,0.01258070800000155,,,,,,,
5,200,15,SIGN Bidirectional,0.01610949999999889,0.0009313330000111364,0.01020991600000798,,,,,,,,,0.01610949999999889,0.016105416000002037,4.083999996851162e-06,0.027250749000018004,,,,,,,,,,,,,,,,,,,,3.649999999311149e-05,0.0013030420000035292,0.0003471250000046666,7.725000000391447e-05,0.00024695799999108203,5.874999999377906e-06,0.014088666000006356
5,200,16,Random Projection,0.015835917000003974,0.0008753329999962034,0.009978916999997978,3.458400000511119e-05,0.00039162500000600176,0.00026800000000548607,7.645899999886296e-05,0.00010016699999937373,0.0003505829999994603,2.083399999719404e-05,0.01458837500000243,0.015835917000003974,0.01583062700001392,5.289999990054639e-06,0.026690166999998155,,,,,,,,,,,,,,,,,,,,,,,,,,
5,200,16,Random Sampling,0.023629124999999362,0.0008753329999962034,0.010362290999992751,,,,,,,,,0.023629124999999362,0.023626249000017197,2.875999982165922e-06,0.03486674899998832,0.0002298330000058968,0.0002624159999982112,0.009696833999996102,4.9041000011129654e-05,5.012500000134423e-05,0.013338000000004513,,,,,,,,,,,,,,,,,,,,
5,200,16,Non-random,0.029701040999995598,0.0008753329999962034,0.01055812499998865,,,,,,,,,0.029701040999995598,0.029697416999994175,3.6240000014231555e-06,0.04113449899998045,,,,,,,0.015098707999996464,0.014584499999998002,1.4208999999709704e-05,,,,,,,,,,,,,,,,,
5,200,16,CountSketch,0.014127291999997738,0.0008753329999962034,0.010952666999997973,,,,,,,,,0.014127291999997738,0.014353960000008215,0.0,0.025955291999991914,,,,,,,,,,4.4707999990123426e-05,0.00024920900000324764,0.00024920900000324764,0.00025716700000089077,0.00026112499999442207,8.258399999760968e-05,9.712500001057833e-05,0.0002837079999977732,1.650000000097407e-05,0.012812625000009348,,,,,,,
5,200,16,SIGN Bidirectional,0.017805167000005895,0.0008753329999962034,0.010583417000006534,,,,,,,,,0.017805167000005895,0.017801125000019624,4.041999986270639e-06,0.029263917000008632,,,,,,,,,,,,,,,,,,,,3.554200000621677e-05,0.001298916999999733,0.000354665999992676,8.34170000132417e-05,0.00024054099999659684,5.625000000009095e-06,0.01578241700001115
5,200,17,Random Projection,0.014899459000005777,0.0008784580000025244,0.010623500000008335,3.458300000147574e-05,0.0003619169999922178,0.00025270799999077553,9.350000000551972e-05,9.862499999258034e-05,0.00028549999998972453,5.583000003639427e-06,0.013764165999987199,0.014899459000005777,0.014896581999963132,2.877000042644795e-06,0.026401417000016636,,,,,,,,,,,,,,,,,,,,,,,,,,
5,200,17,Random Sampling,0.02209912499999689,0.0008784580000025244,0.010449832999995579,,,,,,,,,0.02209912499999689,0.022095791000012355,3.3339999845338752e-06,0.03342741599999499,0.00022595800000146937,0.0002597499999978936,0.009239583999999468,5.191600000387098e-05,5.683300000214331e-05,0.01226175000000751,,,,,,,,,,,,,,,,,,,,
5,200,17,Non-random,0.027888250000003723,0.0008784580000025244,0.010825499999995714,,,,,,,,,0.027888250000003723,0.02788666599998635,1.58400001737391e-06,0.03959220800000196,,,,,,,0.01398004099999639,0.01389224999999783,1.4374999992128323e-05,,,,,,,,,,,,,,,,,
5,200,17,CountSketch,0.014926125000002344,0.0008784580000025244,0.010974083000007795,,,,,,,,,0.014926125000002344,0.015155249999978082,0.0,0.026778666000012663,,,,,,,,,,4.370800000685904e-05,0.0002492079999996122,0.0002492079999996122,0.0002890419999914684,0.00026249999999095053,9.016699999619959e-05,0.00011695899999608628,0.0002476659999928188,5.7499999996935e-06,0.013601042000004782,,,,,,,
5,200,17,SIGN Bidirectional,0.015658250000001317,0.0008784580000025244,0.010259417000000326,,,,,,,,,0.015658250000001317,0.01565404100000478,4.208999996535567e-06,0.026796125000004167,,,,,,,,,,,,,,,,,,,,3.7665999997216204e-05,0.0013304170000054683,0.00035370799999157043,9.170900000299298e-05,0.00022099999999625197,5.583000003639427e-06,0.013613958000007642
5,200,18,Random Projection,0.013141707999992036,0.000891875000007758,0.010164500000001908,3.433300000210693e-05,0.0003228749999948377,0.00026537500001211356,9.995799999273913e-05,9.262499999351803e-05,0.00023045800000431882,5.708999992748431e-06,0.01208695900000123,0.013141707999992036,0.013138291999993612,3.415999998424013e-06,0.024198083000001702,,,,,,,,,,,,,,,,,,,,,,,,,,
5,200,18,Random Sampling,0.018457374999997,0.000891875000007758,0.010167207999998595,,,,,,,,,0.018457374999997,0.018455001000006632,2.3739999903682474e-06,0.029516458000003354,0.00022462500000131058,0.0002588750000001028,0.004840125000001194,4.725000000860291e-05,4.854200000181663e-05,0.013035583999993605,,,,,,,,,,,,,,,,,,,,
5,200,18,Non-random,0.02482024999999055,0.000891875000007758,0.010979667000000859,,,,,,,,,0.02482024999999055,0.024818915999986757,1.3340000037942445e-06,0.03669179199999917,,,,,,,0.013819458000000395,0.010985332999993602,1.4124999992759513e-05,,,,,,,,,,,,,,,,,
5,200,18,CountSketch,0.011717291000010732,0.000891875000007758,0.009992041999993262,,,,,,,,,0.011717291000010732,0.01194758299999421,0.0,0.022601208000011752,,,,,,,,,,4.475000000070395e-05,0.0002499579999977186,0.0002499579999977186,0.00026375000000200544,0.00026787500000580167,8.266599999728896e-05,9.429199999999582e-05,0.0002492500000101927,5.583999993064026e-06,0.010439499999989721,,,,,,,
5,200,18,SIGN Bidirectional,0.014260667000002059,0.000891875000007758,0.010472332999995615,,,,,,,,,0.014260667000002059,0.014257040999993364,3.6260000086940636e-06,0.02562487500000543,,,,,,,,,,,,,,,,,,,,3.59579999980042e-05,0.0012757080000085352,0.0003429580000045007,7.745799999270275e-05,0.000256124999992835,5.250000000955879e-06,0.01226358399999583
5,200,19,Random Projection,0.013736665999999786,0.0008794999999963693,0.010005374999991545,3.424999999879219e-05,0.0003305420000003778,0.00026212500000610817,9.000000000014552e-05,9.18749999954116e-05,0.00023124999999879492,5.583999993064026e-06,0.012687833000001092,0.013736665999999786,0.013733458999993786,3.2070000060002712e-06,0.0246215409999877,,,,,,,,,,,,,,,,,,,,,,,,,,
5,200,19,Random Sampling,0.021483624999987683,0.0008794999999963693,0.011070750000001794,,,,,,,,,0.021483624999987683,0.02148095799999794,2.6669999897421803e-06,0.033433874999985846,0.00022158299999830433,0.00025774999998873227,0.008230916000002253,4.85839999981863e-05,4.987500000197542e-05,0.01267225000000849,,,,,,,,,,,,,,,,,,,,
5,200,19,Non-random,0.028445583999996416,0.0008794999999963693,0.013083792000003314,,,,,,,,,0.028445583999996416,0.02844362500000841,1.9589999880054165e-06,0.0424088759999961,,,,,,,0.01456550000000334,0.013864957999999206,1.3167000005864793e-05,,,,,,,,,,,,,,,,,
5,200,19,CountSketch,0.014309083000000555,0.0008794999999963693,0.010510541999991574,,,,,,,,,0.014309083000000555,0.01456012500001691,0.0,0.0256991249999885,,,,,,,,,,5.8083000013198216e-05,0.0002801250000032951,0.0002801250000032951,0.00027862500000708224,0.00027537500000107684,8.141699998986951e-05,9.775000000900036e-05,0.0002521669999993037,1.287499999591546e-05,0.012943582999994874,,,,,,,
5,200,19,SIGN Bidirectional,0.0150037499999911,0.0008794999999963693,0.010576291000006677,,,,,,,,,0.0150037499999911,0.014999956999986352,3.793000004748137e-06,0.026459540999994147,,,,,,,,,,,,,,,,,,,,3.7500000004797585e-05,0.00136687500000221,0.00034941599999172013,0.00010158300000284726,0.00026741699998922286,5.540999993058904e-06,0.012871625000002496
5,200,20,Random Projection,0.014607167000008303,0.0008878329999930656,0.010781417000004012,3.4124999999107786e-05,0.00036895799999570045,0.00026612500001022,7.241699999838147e-05,0.00010166700000979745,0.00022887499999058036,5.666999996378763e-06,0.013525708000003078,0.014607167000008303,0.014603542000003245,3.6250000050586095e-06,0.02627641700000538,,,,,,,,,,,,,,,,,,,,,,,,,,
5,200,20,Random Sampling,0.02063087499999483,0.0008878329999930656,0.010366333000007444,,,,,,,,,0.02063087499999483,0.02062766799998883,3.2070000060002712e-06,0.03188504099999534,0.000327166999994688,0.00026516699999490356,0.007752709000001801,4.820799999549763e-05,4.8500000005446964e-05,0.012185916999996493,,,,,,,,,,,,,,,,,,,,
5,200,20,Non-random,0.028570375000001036,0.0008878329999930656,0.011166625000001318,,,,,,,,,0.028570375000001036,0.028568749999990928,1.6250000101081241e-06,0.04062483299999542,,,,,,,0.014873791999988839,0.01368145799999354,1.350000000854834e-05,,,,,,,,,,,,,,,,,
5,200,20,CountSketch,0.014467541000001916,0.0008878329999930656,0.011498416000009115,,,,,,,,,0.014467541000001916,0.014699666000026923,0.0,0.026853790000004096,,,,,,,,,,8.816599999761365e-05,0.000269541000008644,0.000269541000008644,0.000302333000007593,0.00026620900000295933,0.00012866699999847242,0.00012379199999656976,0.0002979590000080634,5.874999999377906e-06,0.012947582999998986,,,,,,,
5,200,20,SIGN Bidirectional,0.01774670800000422,0.0008878329999930656,0.010932625000009466,,,,,,,,,0.01774670800000422,0.017740000999992844,6.7070000113744754e-06,0.02956716600000675,,,,,,,,,,,,,,,,,,,,5.925000000672753e-05,0.001337624999990794,0.000551916999995683,9.691699999336834e-05,0.0002516250000041964,1.0583999994651094e-05,0.015432083000007424
5,400,1,Random Projection,0.019916499999993675,0.0025530000000060227,0.030313207999995484,6.670900000926849e-05,0.0006422499999985121,0.00048154200000283254,0.00016512499999521424,0.00016733299999316387,0.0002575000000035743,8.500000006961272e-06,0.018123583999994253,0.019916499999993675,0.01991254300000378,3.9569999898958486e-06,0.05278270799999518,,,,,,,,,,,,,,,,,,,,,,,,,,
5,400,1,Random Sampling,0.03581366599999569,0.0025530000000060227,0.029541875000006712,,,,,,,,,0.03581366599999569,0.03580991600001937,3.7499999763213054e-06,0.06790854100000843,0.0007267920000089134,0.001004207999997675,0.01418883300000573,0.00015537500000561977,0.00021987499999909232,0.01951483300000234,,,,,,,,,,,,,,,,,,,,
5,400,1,Non-random,0.0664514160000067,0.0025530000000060227,0.03138850000000559,,,,,,,,,0.0664514160000067,0.06644654199999422,4.874000012478064e-06,0.10039291600001832,,,,,,,0.04893554199999528,0.017432541999994555,7.845800000438885e-05,,,,,,,,,,,,,,,,,
5,400,1,CountSketch,0.03003320899999551,0.0025530000000060227,0.029618291999994995,,,,,,,,,0.03003320899999551,0.030420208999998977,0.0,0.062204500999996526,,,,,,,,,,5.208299999992505e-05,0.00041008300000555664,0.00041008300000555664,0.0005363749999958145,0.0004856669999924179,0.0001522089999923537,0.0001670830000080059,0.0002364999999997508,8.583999999700609e-06,0.027961541999999895,,,,,,,
5,400,1,SIGN Bidirectional,0.01934970899999655,0.0025530000000060227,0.029892790999994645,,,,,,,,,0.01934970899999655,0.019345584000006966,4.124999989585376e-06,0.05179549999999722,,,,,,,,,,,,,,,,,,,,6.845900000485017e-05,0.002494040999991398,0.0007250840000097014,0.0001465409999923395,0.00032354200000384026,8.45799999638075e-06,0.015579459000008455
5,400,2,Random Projection,0.02035291700001096,0.002587083000008761,0.028938041000003523,6.624999998905423e-05,0.0007089579999899343,0.00048495800000125655,0.00016116700000168294,0.0001612909999977319,0.00040754200000492347,2.987499999562715e-05,0.018326541999996948,0.02035291700001096,0.02034658299997716,6.334000033803022e-06,0.051878041000023245,,,,,,,,,,,,,,,,,,,,,,,,,,
5,400,2,Random Sampling,0.03285383300000433,0.002587083000008761,0.02900050000000931,,,,,,,,,0.03285383300000433,0.03284920899997701,4.624000027320108e-06,0.0644414160000224,0.0007149999999995771,0.0009979999999956135,0.01687666699999113,0.00017454199999633602,0.00026599999999632473,0.013818999999998027,,,,,,,,,,,,,,,,,,,,
5,400,2,Non-random,0.06801616699999613,0.002587083000008761,0.03147012499999846,,,,,,,,,0.06801616699999613,0.06801329099998554,2.8760000105876316e-06,0.10207337500000335,,,,,,,0.051576749999995286,0.01639008299999034,4.6457999999915955e-05,,,,,,,,,,,,,,,,,
5,400,2,CountSketch,0.022102666999998632,0.002587083000008761,0.02992766599999186,,,,,,,,,0.022102666999998632,0.022523792000001208,0.0,0.05461741599999925,,,,,,,,,,6.833300000153031e-05,0.00044950000000199,0.00044950000000199,0.0006789170000018885,0.0005041250000061837,0.000175290999990807,0.0001583749999980455,0.0002589999999997872,8.583999999700609e-06,0.019772166999999286,,,,,,,
5,400,2,SIGN Bidirectional,0.029098417000000154,0.002587083000008761,0.029878499999995256,,,,,,,,,0.029098417000000154,0.02909158399997125,6.8330000289051895e-06,0.06156400000000417,,,,,,,,,,,,,,,,,,,,7.066699998858894e-05,0.002511415999990163,0.0006986249999982874,0.00016887499999995725,0.0002637919999983751,2.5667000002727036e-05,0.02535254199999315
5,400,3,Random Projection,0.017161624999999958,0.002640374999998585,0.03038175000000365,6.666699999868797e-05,0.0006933749999973315,0.0004905419999943206,0.00015570800000830332,0.0001534169999928281,0.00023308299999769133,8.791999988488897e-06,0.015355625000012196,0.017161624999999958,0.017157208999989848,4.4160000101101105e-06,0.05018375000000219,,,,,,,,,,,,,,,,,,,,,,,,,,
5,400,3,Random Sampling,0.02904741700000102,0.002640374999998585,0.030629541999999788,,,,,,,,,0.02904741700000102,0.029041332999980796,6.084000020223357e-06,0.06231733399999939,0.0007263329999886992,0.0010022499999990941,0.009913916999991557,0.00017129200000454148,0.0002300830000052656,0.01699745799999164,,,,,,,,,,,,,,,,,,,,
5,400,3,Non-random,0.0687767919999942,0.002640374999998585,0.031755083999996714,,,,,,,,,0.0687767919999942,0.06877345999998852,3.3320000056846766e-06,0.1031722509999895,,,,,,,0.05059320899999875,0.018133833999996796,4.6416999992970887e-05,,,,,,,,,,,,,,,,,
5,400,3,CountSketch,0.02083516700000132,0.002640374999998585,0.031152624999990053,,,,,,,,,0.02083516700000132,0.02147678999997993,0.0,0.05462816699998996,,,,,,,,,,0.00010279100000332164,0.0006852079999930538,0.0006852079999930538,0.0006051659999997128,0.0006608329999977514,0.00030187500000522505,0.00021074999999370903,0.00028258300000061354,1.07089999943355e-05,0.017931666999999152,,,,,,,
5,400,3,SIGN Bidirectional,0.021350874999995995,0.002640374999998585,0.030931207999998378,,,,,,,,,0.021350874999995995,0.02134279099996661,8.084000029384697e-06,0.05492245799999296,,,,,,,,,,,,,,,,,,,,7.337499999948704e-05,0.0026182499999976017,0.000782749999999055,0.0001869159999898784,0.00023837499999501688,8.874999991803634e-06,0.017434249999993767
5,400,4,Random Projection,0.018430999999992537,0.002643833999997014,0.02999725000000808,6.374999999536612e-05,0.0006578749999874844,0.0004930410000127949,0.00015004200000134915,0.0001598329999978887,0.00026129100000105154,1.0000000003174137e-05,0.016630624999990573,0.018430999999992537,0.018426456999989682,4.543000002854569e-06,0.05107208399999763,,,,,,,,,,,,,,,,,,,,,,,,,,
5,400,4,Random Sampling,0.04511112499999115,0.002643833999997014,0.030093999999991183,,,,,,,,,0.04511112499999115,0.04510496000001751,6.164999973634622e-06,0.07784895899997935,0.000925917000003551,0.001021083000011913,0.017780916999996066,0.00016879199999664252,0.00033858400000497113,0.02486966700000437,,,,,,,,,,,,,,,,,,,,
5,400,4,Non-random,0.07344191699999669,0.002643833999997014,0.03098829099999989,,,,,,,,,0.07344191699999669,0.07343770899998958,4.208000007110968e-06,0.1070740419999936,,,,,,,0.054541833000001816,0.018848083999998266,4.7791999989499345e-05,,,,,,,,,,,,,,,,,
5,400,4,CountSketch,0.024560665999999287,0.002643833999997014,0.029721999999992477,,,,,,,,,0.024560665999999287,0.024985540999978184,0.0,0.05692649999998878,,,,,,,,,,6.129199999804769e-05,0.0004548339999956852,0.0004548339999956852,0.0006517079999923681,0.0007198329999908992,0.0002276249999937363,0.0001898330000074111,0.0002681659999979047,9.000000005698894e-06,0.021948416000000748,,,,,,,
5,400,4,SIGN Bidirectional,0.026575332999996704,0.002643833999997014,0.03113733399999319,,,,,,,,,0.026575332999996704,0.02656949899999006,5.8340000066436914e-06,0.060356500999986906,,,,,,,,,,,,,,,,,,,,6.991700000469336e-05,0.0024755409999954736,0.0006653330000006008,0.00018108300000108102,0.00023812499999564807,8.416000000011081e-06,0.022931083999992552
5,400,5,Random Projection,0.019429040999995095,0.002634582999988311,0.02937891699998829,6.570799999394694e-05,0.0006910409999960621,0.0005050839999967138,0.0001732500000031223,0.0001971669999960568,0.00026033299999994597,9.000000005698894e-06,0.017522917000007965,0.019429040999995095,0.01942449999999951,4.540999995583661e-06,0.0514425409999717,,,,,,,,,,,,,,,,,,,,,,,,,,
5,400,5,Random Sampling,0.03623375000000806,0.002634582999988311,0.029045832999997856,,,,,,,,,0.03623375000000806,0.036226709999994,7.040000014058023e-06,0.06791416599999422,0.0007372919999966143,0.001016957999993906,0.01242233400000714,0.00016933400000596066,0.00021695899999940593,0.021663832999990973,,,,,,,,,,,,,,,,,,,,
5,400,5,Non-random,0.07163783299999693,0.002634582999988311,0.030702041999987273,,,,,,,,,0.07163783299999693,0.07163391699999977,3.915999997161634e-06,0.10497445799997251,,,,,,,0.054437625000005596,0.017145541999994407,5.074999999976626e-05,,,,,,,,,,,,,,,,,
5,400,5,CountSketch,0.021851000000012277,0.002634582999988311,0.02882379100000776,,,,,,,,,0.021851000000012277,0.022255792000009933,0.0,0.05330937400000835,,,,,,,,,,6.2667000008787e-05,0.0004326250000019627,0.0004326250000019627,0.0006450839999985192,0.000508707999998137,0.00024820800000213694,0.00021054200000492074,0.00029770800000505915,9.49999999022566e-06,0.019408124999998222,,,,,,,
5,400,5,SIGN Bidirectional,0.02163954200000262,0.002634582999988311,0.028895500000004404,,,,,,,,,0.02163954200000262,0.021633583999999928,5.958000002692643e-06,0.053169624999995335,,,,,,,,,,,,,,,,,,,,7.229199999869707e-05,0.0030684169999943833,0.0007363750000024538,0.0001517080000041915,0.00023225000001048102,9.124999991172444e-06,0.01736341699999855
5,400,6,Random Projection,0.01672283300000288,0.002603042000004052,0.030685167000001456,6.379199999173579e-05,0.0006583750000004329,0.0004909999999966885,0.000159166000003097,0.0001786659999964968,0.00024095899999565518,8.54200000333094e-06,0.01491704199999333,0.01672283300000288,0.016717541999980767,5.2910000221118025e-06,0.05001104200000839,,,,,,,,,,,,,,,,,,,,,,,,,,
5,400,6,Random Sampling,0.025182541999996033,0.002603042000004052,0.029581499999991934,,,,,,,,,0.025182541999996033,0.025178666999991606,3.87500000442742e-06,0.05736708399999202,0.0007296659999980193,0.00100533399999847,0.007315417000000934,0.00014491700000007768,0.00021483299998692473,0.01576850000000718,,,,,,,,,,,,,,,,,,,,
5,400,6,Non-random,0.06971841600000062,0.002603042000004052,0.03061737500000561,,,,,,,,,0.06971841600000062,0.06971537399999761,3.042000003006251e-06,0.10293883300001028,,,,,,,0.053202083000002176,0.01646325000000104,5.004099999439404e-05,,,,,,,,,,,,,,,,,
5,400,6,CountSketch,0.01757924999999716,0.002603042000004052,0.02993604200000277,,,,,,,,,0.01757924999999716,0.017965333000020678,0.0,0.05011833400000398,,,,,,,,,,5.495799999266637e-05,0.0004100000000022419,0.0004100000000022419,0.000510750000003668,0.0004904580000015812,0.00014537500000244563,0.00015437500000814453,0.00024650000000292493,8.459000000016204e-06,0.015534458000004747,,,,,,,
5,400,6,SIGN Bidirectional,0.020406917000002522,0.002603042000004052,0.030110416999988843,,,,,,,,,0.020406917000002522,0.020402414999992402,4.502000010120355e-06,0.05312037599999542,,,,,,,,,,,,,,,,,,,,6.849999999758438e-05,0.0025073329999969474,0.0006593749999979082,0.00016266599999426035,0.0002309999999994261,8.332999996696344e-06,0.01676520800000958
5,400,7,Random Projection,0.017801250000005098,0.0026065000000130567,0.029784332999994945,6.750000000010914e-05,0.0006886249999951133,0.0004954590000068038,0.00017112499999427655,0.00019337500000915497,0.00024291599999060054,8.708999999385014e-06,0.015929374999998913,0.017801250000005098,0.017797083999994356,4.1660000107413e-06,0.0501920830000131,,,,,,,,,,,,,,,,,,,,,,,,,,
5,400,7,Random Sampling,0.0316235420000055,0.0026065000000130567,0.029259834000001206,,,,,,,,,0.0316235420000055,0.0316185419999897,5.000000015797923e-06,0.06348987600001976,0.0007272499999970705,0.0010105829999957905,0.010627874999997289,0.00017524999999807278,0.00034999999999740794,0.01872758400000407,,,,,,,,,,,,,,,,,,,,
5,400,7,Non-random,0.06511966600000108,0.0026065000000130567,0.030838084000009758,,,,,,,,,0.06511966600000108,0.06511704099999349,2.625000007583367e-06,0.09856425000002389,,,,,,,0.04907758299999898,0.015989250000004063,5.0207999990448116e-05,,,,,,,,,,,,,,,,,
5,400,7,CountSketch,0.019619292000001565,0.0026065000000130567,0.02903162500000178,,,,,,,,,0.019619292000001565,0.020010583000001247,0.0,0.0512574170000164,,,,,,,,,,5.649999999945976e-05,0.0004149159999968788,0.0004149159999968788,0.000524292000008586,0.000489000000001738,0.00018216700000550645,0.00016979100000469316,0.00024725000000103137,9.458999997491446e-06,0.017502291999988984,,,,,,,
5,400,7,SIGN Bidirectional,0.022921166000003268,0.0026065000000130567,0.029782291000003625,,,,,,,,,0.022921166000003268,0.022914332999974363,6.8330000289051895e-06,0.05530995700001995,,,,,,,,,,,,,,,,,,,,6.90840000032722e-05,0.0025082920000016884,0.0006625409999969634,0.0001666249999914271,0.0003169159999885096,3.0832999996732724e-05,0.01916004199999577
5,400,8,Random Projection,0.018651208000008523,0.0025776670000112745,0.029191166999993357,6.441700000436867e-05,0.0007899160000022221,0.0004927500000064811,0.00018000000000029104,0.00019029100000977905,0.00024566700000150377,8.417000003646535e-06,0.01667504099999917,0.018651208000008523,0.01864649900002746,4.708999981062334e-06,0.050420042000013154,,,,,,,,,,,,,,,,,,,,,,,,,,
5,400,8,Random Sampling,0.02845841699999596,0.0025776670000112745,0.029508083999999712,,,,,,,,,0.02845841699999596,0.028454665999987583,3.751000008378469e-06,0.06054416800000695,0.0007159580000006827,0.001008541999993895,0.010162542000003327,0.00012549999999578176,0.00021120799999607698,0.01623091599999782,,,,,,,,,,,,,,,,,,,,
5,400,8,Non-random,0.0865984999999938,0.0025776670000112745,0.030992291999993427,,,,,,,,,0.0865984999999938,0.08659437499999001,4.125000003796231e-06,0.1201684589999985,,,,,,,0.06740670899999657,0.019137583000002678,5.008299999076371e-05,,,,,,,,,,,,,,,,,
5,400,8,CountSketch,0.02178254199999685,0.0025776670000112745,0.028689416000005963,,,,,,,,,0.02178254199999685,0.02220633600001065,0.0,0.05304962500001409,,,,,,,,,,6.150000000104683e-05,0.00045137499999725605,0.00045137499999725605,0.00048729200000252604,0.0004885830000063152,0.00014491700000007768,0.0001475840000040307,0.00024320900000418533,8.667000003015346e-06,0.019721833999994942,,,,,,,
5,400,8,SIGN Bidirectional,0.019726375000004737,0.0025776670000112745,0.02905258399999866,,,,,,,,,0.019726375000004737,0.019719833000024778,6.541999979958746e-06,0.05135662600001467,,,,,,,,,,,,,,,,,,,,7.21659999953772e-05,0.002723709000008512,0.0008505000000127438,0.00017604200000675974,0.00021358300000429153,9.833000007120063e-06,0.015673999999989974
5,400,9,Random Projection,0.022327084000011155,0.0025920409999997673,0.029944625000013048,6.779099999221216e-05,0.000641458000004036,0.0004926250000067967,0.00014162499999770262,0.00014891699998997865,0.000251165999998193,8.499999992750418e-06,0.020570624999990628,0.022327084000011155,0.022322706999972297,4.377000038857659e-06,0.05486375000002397,,,,,,,,,,,,,,,,,,,,,,,,,,
5,400,9,Random Sampling,0.043217208000001506,0.0025920409999997673,0.030363665999999512,,,,,,,,,0.043217208000001506,0.0432133330000255,3.874999976005711e-06,0.07617291500000078,0.0007223750000093787,0.00100641699999926,0.016450417000001494,0.00016137500000468208,0.00021233300000744748,0.024660416000003238,,,,,,,,,,,,,,,,,,,,
5,400,9,Non-random,0.07219370800000036,0.0025920409999997673,0.030418333000000075,,,,,,,,,0.07219370800000036,0.07219125000000304,2.4579999973184385e-06,0.1052040820000002,,,,,,,0.05405100000000118,0.018090250000000196,5.000000000165983e-05,,,,,,,,,,,,,,,,,
5,400,9,CountSketch,0.02698404099999152,0.0025920409999997673,0.029847791999998208,,,,,,,,,0.02698404099999152,0.02736887499999341,0.0,0.059423873999989496,,,,,,,,,,5.229200000655965e-05,0.0004082499999924494,0.0004082499999924494,0.0005212500000055797,0.00047941599999035134,0.00016837500000121963,0.00018279200000392848,0.00024037500000417822,8.374999993066012e-06,0.024899500000003627,,,,,,,
5,400,9,SIGN Bidirectional,0.029857708000008643,0.0025920409999997673,0.029638875000003395,,,,,,,,,0.029857708000008643,0.02985324900002695,4.458999981693523e-06,0.062088624000011805,,,,,,,,,,,,,,,,,,,,6.708300000468626e-05,0.002419583000005332,0.0006687080000062906,0.00014500000000339242,0.00024412499999471038,8.750000006330083e-06,0.026300000000006207
5,400,10,Random Projection,0.018977582999994524,0.0026170000000007576,0.031129874999990648,6.570900001179325e-05,0.0007070000000055643,0.0006920419999971728,0.0001732500000031223,0.00018558300000393047,0.00025433300000088366,1.4958999997816136e-05,0.016879000000002975,0.018977582999994524,0.018971876000023258,5.706999971266669e-06,0.05272445799998593,,,,,,,,,,,,,,,,,,,,,,,,,,
5,400,10,Random Sampling,0.02558787499999937,0.0026170000000007576,0.02897004199999742,,,,,,,,,0.02558787499999937,0.025583957999998574,3.9170000007970884e-06,0.05717491699999755,0.0007309580000054439,0.0010052089999987857,0.008234375000000682,0.00015616599999646041,0.00020870800000238887,0.015248541999994814,,,,,,,,,,,,,,,,,,,,
5,400,10,Non-random,0.0693421250000057,0.0026170000000007576,0.03070725000000607,,,,,,,,,0.0693421250000057,0.06933966700000838,2.4579999973184385e-06,0.10266637500001252,,,,,,,0.052347792000006166,0.01694554200000198,4.633300000023155e-05,,,,,,,,,,,,,,,,,
5,400,10,CountSketch,0.0188019579999974,0.0026170000000007576,0.028657374999994545,,,,,,,,,0.0188019579999974,0.019206708000027106,0.0,0.0500763329999927,,,,,,,,,,5.099999999913507e-05,0.00042925000001048375,0.00042925000001048375,0.0006092920000071445,0.00048708299999589144,0.00016024999999331158,0.00015766699999630873,0.00028579100001024926,2.97500000101536e-05,0.016567374999993945,,,,,,,
5,400,10,SIGN Bidirectional,0.022220750000002454,0.0026170000000007576,0.03002095799999438,,,,,,,,,0.022220750000002454,0.02221524999998792,5.500000014535544e-06,0.05485870799999759,,,,,,,,,,,,,,,,,,,,6.812499999853117e-05,0.002884917000002929,0.0007128749999907313,0.00016733299999316387,0.00023870799999770043,8.54200000333094e-06,0.01813475000000153
5,400,11,Random Projection,0.019042290999990996,0.0025850829999995995,0.029516333999993094,6.675000000200271e-05,0.0007152499999989459,0.00048483300000157215,0.0001558750000043574,0.00013091700000700257,0.000256124999992835,2.6042000001780252e-05,0.017201124999999706,0.019042290999990996,0.019036917000008202,5.3739999827939755e-06,0.05114370799998369,,,,,,,,,,,,,,,,,,,,,,,,,,
5,400,11,Random Sampling,0.025550124999995205,0.0025850829999995995,0.02914154199999075,,,,,,,,,0.025550124999995205,0.025546376999997733,3.7479999974721068e-06,0.057276749999985554,0.0007151249999992615,0.00100533399999847,0.009153749999995853,0.0001643340000043736,0.00020837499999970532,0.01429945900000007,,,,,,,,,,,,,,,,,,,,
5,400,11,Non-random,0.06490320800000404,0.0025850829999995995,0.03055383299999903,,,,,,,,,0.06490320800000404,0.06489949999999567,3.7080000083733466e-06,0.09804212400000267,,,,,,,0.05174387499999966,0.013109083999992777,4.654100000323069e-05,,,,,,,,,,,,,,,,,
5,400,11,CountSketch,0.019513500000002182,0.0025850829999995995,0.03044041600000469,,,,,,,,,0.019513500000002182,0.0198932499999529,0.0,0.05253899900000647,,,,,,,,,,5.24169999920332e-05,0.00040174999999464944,0.00040174999999464944,0.0005612079999934849,0.00048662500000773434,0.00014729199999408138,0.00019233299998688835,0.00023454200000116998,8.416000000011081e-06,0.017406916999988198,,,,,,,
5,400,11,SIGN Bidirectional,0.02122454199999879,0.0025850829999995995,0.03009587500000066,,,,,,,,,0.02122454199999879,0.02121958300000415,4.958999994641999e-06,0.05390549999999905,,,,,,,,,,,,,,,,,,,,7.212500000264299e-05,0.002551707999998598,0.0006860830000050555,0.00017320899999617723,0.00025183300000719555,8.499999992750418e-06,0.01747612500000173
5,400,12,Random Projection,0.01970704199999318,0.0032190410000083602,0.02899912499999857,6.512500000610544e-05,0.0006991669999933947,0.0004811249999931988,0.00017766599999902155,0.00015424999999424927,0.0002371669999945425,8.041000000957865e-06,0.017880417000000648,0.01970704199999318,0.019702957999982118,4.084000011062017e-06,0.05192520800000011,,,,,,,,,,,,,,,,,,,,,,,,,,
5,400,12,Random Sampling,0.03213795800000696,0.0032190410000083602,0.03006654200000014,,,,,,,,,0.03213795800000696,0.03213362399998232,4.334000024641682e-06,0.06542354100001546,0.0007163329999997359,0.00100208300000304,0.012207082999992735,0.00018412499998987641,0.0002129580000058695,0.017811041999991062,,,,,,,,,,,,,,,,,,,,
5,400,12,Non-random,0.067449124999996,0.0032190410000083602,0.030691000000004465,,,,,,,,,0.067449124999996,0.06744695899999442,2.1660000015799596e-06,0.10135916600000883,,,,,,,0.05250591700000484,0.014894791999992663,4.624999999691681e-05,,,,,,,,,,,,,,,,,
5,400,12,CountSketch,0.019696749999994267,0.0032190410000083602,0.02909579199999257,,,,,,,,,0.019696749999994267,0.02007083300001966,0.0,0.0520115829999952,,,,,,,,,,5.033299999013252e-05,0.0003980000000041173,0.0003980000000041173,0.0005724170000007689,0.000709374999999568,0.00017345800000612144,0.00019745900000600614,0.0002474580000040305,8.500000006961272e-06,0.017315832999997838,,,,,,,
5,400,12,SIGN Bidirectional,0.018860040999996386,0.0032190410000083602,0.029156540999991876,,,,,,,,,0.018860040999996386,0.01885604000000285,4.000999993536425e-06,0.05123562299999662,,,,,,,,,,,,,,,,,,,,6.829199999458524e-05,0.0024422500000014224,0.0006364580000024489,0.00014629100000718154,0.00023270799999863812,8.45799999638075e-06,0.015321583000002192
5,400,13,Random Projection,0.01856862500000034,0.0025735830000002125,0.02946866700000328,6.720899999379526e-05,0.0006632500000023356,0.0004914169999921114,0.00015795799998841176,0.00015412500000877571,0.0002352919999992764,9.207999994487182e-06,0.016786332999998876,0.01856862500000034,0.01856479199997807,3.833000022268607e-06,0.05061087500000383,,,,,,,,,,,,,,,,,,,,,,,,,,
5,400,13,Random Sampling,0.026843249999998875,0.0025735830000002125,0.02992445900000007,,,,,,,,,0.026843249999998875,0.02684012399998892,3.1260000099564422e-06,0.05934129199999916,0.0007176659999998947,0.0009955000000019254,0.007277874999999767,0.00014537500000244563,0.00021133299999576138,0.017492374999989124,,,,,,,,,,,,,,,,,,,,
5,400,13,Non-random,0.06084791699998959,0.0025735830000002125,0.03035758400000077,,,,,,,,,0.06084791699998959,0.060845500999988644,2.4160000009487703e-06,0.09377908399999058,,,,,,,0.04622650000000306,0.01456841699999245,5.0583999993136786e-05,,,,,,,,,,,,,,,,,
5,400,13,CountSketch,0.016381166999991592,0.0025735830000002125,0.02886833399999489,,,,,,,,,0.016381166999991592,0.01676937800002065,0.0,0.04782308399998669,,,,,,,,,,5.074999999976626e-05,0.0004107090000076141,0.0004107090000076141,0.0005303749999967522,0.0004825420000003078,0.0001318749999938973,0.000156375000003095,0.0002722500000089667,8.209000000647393e-06,0.01431558400000199,,,,,,,
5,400,13,SIGN Bidirectional,0.018496499999997695,0.0025735830000002125,0.029877791000004095,,,,,,,,,0.018496499999997695,0.01848849999997526,8.000000022434506e-06,0.050947874000002,,,,,,,,,,,,,,,,,,,,6.900000001053286e-05,0.002473666999989632,0.0006782499999928859,0.000287708000001885,0.00027404200000091805,1.5624999988972377e-05,0.014690207999990434
5,400,14,Random Projection,0.018399790999993115,0.0025602079999913485,0.028953957999988233,6.550000000515865e-05,0.0006980830000031801,0.0004891250000014224,0.00024891700000750916,0.00020983299999954852,0.0003402090000008684,1.7624999998133717e-05,0.0163234170000095,0.018399790999993115,0.01839270900002532,7.081999967795127e-06,0.0499139569999727,,,,,,,,,,,,,,,,,,,,,,,,,,
5,400,14,Random Sampling,0.03089487500000132,0.0025602079999913485,0.03055720800000472,,,,,,,,,0.03089487500000132,0.030891124000007153,3.750999994167614e-06,0.06401229099999739,0.0007177920000032145,0.0010005409999962467,0.01122820800000568,0.00013749999999390639,0.0002070830000064916,0.017600000000001614,,,,,,,,,,,,,,,,,,,,
5,400,14,Non-random,0.06860129199999676,0.0025602079999913485,0.030897749999994062,,,,,,,,,0.06860129199999676,0.0685972079999857,4.084000011062017e-06,0.10205924999998217,,,,,,,0.05321637499999099,0.015330957999992734,4.987500000197542e-05,,,,,,,,,,,,,,,,,
5,400,14,CountSketch,0.018145624999988286,0.0025602079999913485,0.029755667000003427,,,,,,,,,0.018145624999988286,0.01852453899999773,0.0,0.05046149999998306,,,,,,,,,,5.2499999995347935e-05,0.0004011660000031725,0.0004011660000031725,0.0005579170000089562,0.0004802079999990383,0.00016858300000421877,0.0001868749999971442,0.00025270799999077553,8.332999996696344e-06,0.01601508299999921,,,,,,,
5,400,14,SIGN Bidirectional,0.02089379100000599,0.0025602079999913485,0.029858665999995537,,,,,,,,,0.02089379100000599,0.020887624999986087,6.16600001990264e-06,0.053312664999992876,,,,,,,,,,,,,,,,,,,,6.804199999521643e-05,0.0028922919999985197,0.0007552080000010619,0.00017183299999601331,0.00029025000000615364,1.9999999992137418e-05,0.016689999999996985
5,400,15,Random Projection,0.01802624999999125,0.002573666000003527,0.030769833000007907,6.537500000547425e-05,0.0006791250000048876,0.0004894589999935306,0.00015108399999519406,0.00017279200000075434,0.0002459170000008726,8.29200000396213e-06,0.01620904199999984,0.01802624999999125,0.018021086000004516,5.16399998673478e-06,0.051369749000002685,,,,,,,,,,,,,,,,,,,,,,,,,,
5,400,15,Random Sampling,0.026634500000000116,0.002573666000003527,0.030441749999994272,,,,,,,,,0.026634500000000116,0.026628626000004374,5.8739999957424516e-06,0.059649915999997916,0.00101745900001049,0.0013128749999964384,0.00948987499999987,0.00017462499999965075,0.00020754199999828415,0.01442624999999964,,,,,,,,,,,,,,,,,,,,
5,400,15,Non-random,0.0628352920000026,0.002573666000003527,0.03157204199999342,,,,,,,,,0.0628352920000026,0.06283120800001996,4.083999982640307e-06,0.09698099999999954,,,,,,,0.04673225000000514,0.01601829200001248,8.066600000233848e-05,,,,,,,,,,,,,,,,,
5,400,15,CountSketch,0.01986687499999107,0.002573666000003527,0.030467624999999998,,,,,,,,,0.01986687499999107,0.02029641499999002,0.0,0.052908165999994594,,,,,,,,,,6.158399999378616e-05,0.0004561249999994743,0.0004561249999994743,0.0006106669999894621,0.0004975000000086993,0.0001654579999978978,0.00017454099999270056,0.00026191599999947357,8.708000009960415e-06,0.01760379099999909,,,,,,,
5,400,15,SIGN Bidirectional,0.02109591699999669,0.002573666000003527,0.029882791999995106,,,,,,,,,0.02109591699999669,0.021087167999993994,8.749000002694629e-06,0.05355237499999532,,,,,,,,,,,,,,,,,,,,7.329199999617231e-05,0.0026001250000007303,0.0007003340000011349,0.0001618750000034197,0.00028320899998846016,2.4541000001931934e-05,0.017243792000002145
5,400,16,Random Projection,0.021298874999999384,0.0026238750000118216,0.02994812499999,6.550000000515865e-05,0.0007710000000002992,0.0004923330000110582,0.00022708299999862902,0.0002061670000017557,0.0003059999999948104,1.6875000000027285e-05,0.019207459000000426,0.021298874999999384,0.021292417000012165,6.457999987219409e-06,0.053870875000001206,,,,,,,,,,,,,,,,,,,,,,,,,,
5,400,16,Random Sampling,0.02692158300000358,0.0026238750000118216,0.030020207999996273,,,,,,,,,0.02692158300000358,0.026917832999998836,3.750000004743015e-06,0.059565666000011674,0.0007207080000029009,0.001001583999993727,0.008073416999991423,0.00015500000000656655,0.00020766600000854396,0.016759457999995675,,,,,,,,,,,,,,,,,,,,
5,400,16,Non-random,0.07178999999999292,0.0026238750000118216,0.03221237500000029,,,,,,,,,0.07178999999999292,0.07178674999998691,3.2500000060053935e-06,0.10662625000000503,,,,,,,0.05480445799999245,0.016931709000004957,5.058299998950133e-05,,,,,,,,,,,,,,,,,
5,400,16,CountSketch,0.02128141600000788,0.0026238750000118216,0.029910333000003675,,,,,,,,,0.02128141600000788,0.021702999000012824,0.0,0.05381562400002338,,,,,,,,,,6.08750000026248e-05,0.00045008300000404233,0.00045008300000404233,0.000642541000004826,0.0005039999999922884,0.0001980830000007927,0.00021449999999845204,0.0002783750000077134,1.8208999989610675e-05,0.01888625000000843,,,,,,,
5,400,16,SIGN Bidirectional,0.021735458999998514,0.0026238750000118216,0.029674499999998716,,,,,,,,,0.021735458999998514,0.021729958000022975,5.500999975538434e-06,0.05403383400000905,,,,,,,,,,,,,,,,,,,,7.07920000024842e-05,0.0024453340000007984,0.000664624999998864,0.00018079100000534254,0.00025520800001288535,8.45799999638075e-06,0.01810475000000622
5,400,17,Random Projection,0.021850540999992063,0.00262720799999272,0.030182124999996063,6.720800000437066e-05,0.0007455000000078371,0.0004832919999984142,0.00021904199999767116,0.0001740410000081738,0.0003146250000014561,8.708000009960415e-06,0.01983187500000838,0.021850540999992063,0.021844291000036264,6.2499999557985575e-06,0.054659873999980846,,,,,,,,,,,,,,,,,,,,,,,,,,
5,400,17,Random Sampling,0.03075133299999777,0.00262720799999272,0.030899042000001486,,,,,,,,,0.03075133299999777,0.03074533299999871,5.999999999062311e-06,0.06427758299999198,0.0007429580000035685,0.0010134579999885318,0.010150292000005834,0.000175624999997126,0.00021762500000477303,0.018445374999998876,,,,,,,,,,,,,,,,,,,,
5,400,17,Non-random,0.0717216670000056,0.00262720799999272,0.03148608300000433,,,,,,,,,0.0717216670000056,0.0717173339999988,4.333000006795373e-06,0.10583495800000264,,,,,,,0.053736374999999725,0.017930417000002308,5.054199999676712e-05,,,,,,,,,,,,,,,,,
5,400,17,CountSketch,0.021877250000002846,0.00262720799999272,0.029453500000002464,,,,,,,,,0.021877250000002846,0.02229741799997953,0.0,0.05395795799999803,,,,,,,,,,6.129199999804769e-05,0.0004467499999947222,0.0004467499999947222,0.0006330829999967591,0.0004928329999955849,0.00020595899999875655,0.00019737499999905594,0.00025129200000151286,8.792000002699751e-06,0.01955329199999767,,,,,,,
5,400,17,SIGN Bidirectional,0.02526349999999411,0.00262720799999272,0.03259916700000076,,,,,,,,,0.02526349999999411,0.025257124999995995,6.374999998115527e-06,0.06048987499998759,,,,,,,,,,,,,,,,,,,,7.245800000532654e-05,0.002551042000007442,0.0007599589999927048,0.00022220799999672636,0.00032674999999926513,8.957999995118371e-06,0.02131574999999941
5,400,18,Random Projection,0.018548457999997936,0.002629540999990354,0.029841833999995515,6.541700000184392e-05,0.0007415000000037253,0.0004943329999917978,0.00013850000000559248,0.0001793340000091348,0.000240000000005125,8.749999992119228e-06,0.016676166999999964,0.018548457999997936,0.018544001000009303,4.45699998863347e-06,0.051019832999983805,,,,,,,,,,,,,,,,,,,,,,,,,,
5,400,18,Random Sampling,0.03205720799999767,0.002629540999990354,0.030177875000006793,,,,,,,,,0.03205720799999767,0.03205266699998788,4.541000009794516e-06,0.06486462399999482,0.0007274999999964393,0.0010138340000054313,0.012358249999991244,0.00017058299999916926,0.0002234170000008362,0.017559082999994757,,,,,,,,,,,,,,,,,,,,
5,400,18,Non-random,0.07066666699999757,0.002629540999990354,0.031786124999996446,,,,,,,,,0.07066666699999757,0.07066279200000736,3.8749999902165655e-06,0.10508233299998437,,,,,,,0.05134495900000502,0.01923908300000221,7.875000000012733e-05,,,,,,,,,,,,,,,,,
5,400,18,CountSketch,0.02047974999999269,0.002629540999990354,0.029284959000008826,,,,,,,,,0.02047974999999269,0.020901749000003633,0.0,0.05239424999999187,,,,,,,,,,5.833299999835617e-05,0.0004478750000060927,0.0004478750000060927,0.0005674999999882857,0.0004903330000018968,0.0001598329999978887,0.00018158299999981864,0.0002606660000026295,8.917000002384157e-06,0.018278834000000188,,,,,,,
5,400,18,SIGN Bidirectional,0.019881584000003727,0.002629540999990354,0.029582083000008197,,,,,,,,,0.019881584000003727,0.01987612599998556,5.458000018165876e-06,0.05209320800000228,,,,,,,,,,,,,,,,,,,,7.249999998748535e-05,0.0023847499999902766,0.0006588749999991705,0.0001494589999992968,0.00026791700000217133,8.417000003646535e-06,0.016334208000003514
5,400,19,Random Projection,0.017944999999997435,0.0026213750000039227,0.03078408300000035,6.637499998873864e-05,0.000604167000005873,0.00047812500000077307,0.00017554100000438666,0.00020100000000411455,0.0002520000000032496,8.791999988488897e-06,0.01615391700001112,0.017944999999997435,0.017939917000006744,5.082999990690951e-06,0.05135045800000171,,,,,,,,,,,,,,,,,,,,,,,,,,
5,400,19,Random Sampling,0.02944754199999977,0.0026213750000039227,0.032041165999999066,,,,,,,,,0.02944754199999977,0.029442789999990282,4.752000009489166e-06,0.06411008300000276,0.0007245830000073283,0.0010046669999894675,0.010156041000001892,0.00017779099999870596,0.00021462499999813645,0.017165082999994752,,,,,,,,,,,,,,,,,,,,
5,400,19,Non-random,0.07061808299999939,0.0026213750000039227,0.03105987500001106,,,,,,,,,0.07061808299999939,0.0706142089999986,3.874000000791966e-06,0.10429933300001437,,,,,,,0.05228941700001144,0.018276666999994973,4.812499999218289e-05,,,,,,,,,,,,,,,,,
5,400,19,CountSketch,0.021240375000004974,0.0026213750000039227,0.02981279200000131,,,,,,,,,0.021240375000004974,0.021642373999981146,0.0,0.053674542000010206,,,,,,,,,,6.329099998936272e-05,0.00042637500000353157,0.00042637500000353157,0.0006405409999956646,0.0004892089999941618,0.00016283299999031442,0.00016374999999868578,0.00024349999999628835,8.750000006330083e-06,0.019017750000003275,,,,,,,
5,400,19,SIGN Bidirectional,0.030322417000007817,0.0026213750000039227,0.03383337500000039,,,,,,,,,0.030322417000007817,0.030316041000006066,6.376000001750981e-06,0.06677716700001213,,,,,,,,,,,,,,,,,,,,7.283399999380435e-05,0.0025532500000053915,0.0007014170000019249,0.0001925409999898875,0.00025375000001304215,8.291000000326676e-06,0.02653395800000169
5,400,20,Random Projection,0.02263874999999871,0.002653250000008711,0.035185708000000204,6.341600000325798e-05,0.00079254199999923,0.0004932500000052187,0.00016675000000532236,0.00018875000000662112,0.00026020800000026156,8.500000006961272e-06,0.020660208999998986,0.02263874999999871,0.02263362500002586,5.124999972849764e-06,0.060477708000007624,,,,,,,,,,,,,,,,,,,,,,,,,,
5,400,20,Random Sampling,0.035223208000005,0.002653250000008711,0.029235709000005272,,,,,,,,,0.035223208000005,0.03521912399999394,4.084000011062017e-06,0.06711216700001899,0.0007305000000030759,0.0010204579999992802,0.012216707999996856,0.00016691700000137644,0.00020679099999654227,0.02087774999999681,,,,,,,,,,,,,,,,,,,,
5,400,20,Non-random,0.07176362500000266,0.002653250000008711,0.03038916700000982,,,,,,,,,0.07176362500000266,0.07175870800000439,4.916999998272331e-06,0.1048060420000212,,,,,,,0.05203962500000614,0.01963999999999544,7.908300000281088e-05,,,,,,,,,,,,,,,,,
5,400,20,CountSketch,0.020916959000004454,0.002653250000008711,0.029285291999997298,,,,,,,,,0.020916959000004454,0.02131408099995724,0.0,0.05285550100001046,,,,,,,,,,5.741599998998481e-05,0.000421332999991364,0.000421332999991364,0.0005836659999971516,0.00048754200000189485,0.00018862500000693672,0.0001729159999968033,0.0002741669999863916,8.499999992750418e-06,0.0186985830000026,,,,,,,
5,400,20,SIGN Bidirectional,0.02379637499998921,0.002653250000008711,0.029410082999987708,,,,,,,,,0.02379637499998921,0.023791708999993944,4.665999995268066e-06,0.05585970799998563,,,,,,,,,,,,,,,,,,,,6.783299998858183e-05,0.0024586669999990818,0.0006383340000013504,0.00015162500000087675,0.0002609170000056338,8.45799999638075e-06,0.020205875000002038
5,600,1,Random Projection,0.02213387499999442,0.005473624999993376,0.054556042000001526,9.79590000014241e-05,0.0010941670000050863,0.0007080419999994092,0.0002780829999977641,0.0002873330000028318,0.00024008300000843974,1.1624999999071406e-05,0.01941200000000265,0.02213387499999442,0.022129292000016676,4.582999977742475e-06,0.08216354199998932,,,,,,,,,,,,,,,,,,,,,,,,,,
5,600,1,Random Sampling,0.0526530000000065,0.005473624999993376,0.0735095420000107,,,,,,,,,0.0526530000000065,0.052645250000011856,7.749999994643986e-06,0.13163616700001057,0.00150708400001065,0.0023047079999969355,0.014600749999999607,0.0002975409999947942,0.0008829580000053738,0.033052209000004495,,,,,,,,,,,,,,,,,,,,
5,600,1,Non-random,0.16604979199999548,0.005473624999993376,0.05798116700000833,,,,,,,,,0.16604979199999548,0.16604658400000005,3.2079999954248706e-06,0.22950458399999718,,,,,,,0.14132441700000697,0.02461900000000128,0.00010316699999179946,,,,,,,,,,,,,,,,,
5,600,1,CountSketch,0.026360040999989565,0.005473624999993376,0.05454220800000087,,,,,,,,,0.026360040999989565,0.027036165000012602,0.0,0.08637587399998381,,,,,,,,,,6.31249999969441e-05,0.0007018750000042928,0.0007018750000042928,0.0009331669999994574,0.0007066659999992453,0.00039516700000774563,0.00030737500000554974,0.00027241600000138533,1.1583000002701738e-05,0.022942915999990987,,,,,,,
5,600,1,SIGN Bidirectional,0.025505207999998447,0.005473624999993376,0.05544479200000296,,,,,,,,,0.025505207999998447,0.025497541000007118,7.666999991329249e-06,0.08642362499999479,,,,,,,,,,,,,,,,,,,,0.00010312499999542979,0.0037148750000000064,0.0015010420000010072,0.00033037500000432374,0.00016466600000342169,1.9915999999398082e-05,0.01966354200000353
5,600,2,Random Projection,0.02429391699999428,0.005468499999992105,0.056454582999990066,9.716699999273715e-05,0.0010882920000057084,0.0007190409999964231,0.00030008299999906285,0.00031229200000382207,0.0002639169999980595,1.2749999996231054e-05,0.02149429199999986,0.02429391699999428,0.024287833999991904,6.083000002377048e-06,0.08621699999997645,,,,,,,,,,,,,,,,,,,,,,,,,,
5,600,2,Random Sampling,0.04791050000000041,0.005468499999992105,0.07304395799999952,,,,,,,,,0.04791050000000041,0.04790479000001824,5.709999982173031e-06,0.12642295799999204,0.001505708000010486,0.00228641600000401,0.013767083000004732,0.00027979200000061155,0.0005214159999979984,0.0295443750000004,,,,,,,,,,,,,,,,,,,,
5,600,2,Non-random,0.16931279100001007,0.005468499999992105,0.05793254099999956,,,,,,,,,0.16931279100001007,0.16930970800001433,3.0829999957404652e-06,0.23271383200000173,,,,,,,0.1419173330000092,0.02728299999999706,0.00010937500000807177,,,,,,,,,,,,,,,,,
5,600,2,CountSketch,0.02377312500000528,0.005468499999992105,0.057043166999989126,,,,,,,,,0.02377312500000528,0.02445025000005785,0.0,0.08628479199998651,,,,,,,,,,6.304200000784022e-05,0.0007031660000080819,0.0007031660000080819,0.00093912500000215,0.0007057920000050899,0.00030233400001122845,0.00030474999999796637,0.00024441600000102426,1.137500001391345e-05,0.020473084000002473,,,,,,,
5,600,2,SIGN Bidirectional,0.027263916000009658,0.005468499999992105,0.05784066600000415,,,,,,,,,0.027263916000009658,0.02725783299999307,6.083000016587903e-06,0.09057308200000591,,,,,,,,,,,,,,,,,,,,0.00010104199999716457,0.003815666999997802,0.0013061249999992697,0.0003654159999939566,0.0002884999999963611,1.1166999996703453e-05,0.021369916000011813
5,600,3,Random Projection,0.0250367909999909,0.005471124999999688,0.056641666999993845,9.65000000121563e-05,0.0012111660000044822,0.0007213750000119035,0.00027491599999507343,0.000297834000008379,0.0002536659999918811,1.1207999989437667e-05,0.02216395900001089,0.0250367909999909,0.025030624000024204,6.166999966694675e-06,0.08714958299998443,,,,,,,,,,,,,,,,,,,,,,,,,,
5,600,3,Random Sampling,0.07399333300000421,0.005471124999999688,0.0739061249999935,,,,,,,,,0.07399333300000421,0.07398854100001984,4.791999984377071e-06,0.1533705829999974,0.0015065000000049622,0.002298582999998189,0.017659875000006764,0.00025937500001305125,0.0005287080000044853,0.051735499999992385,,,,,,,,,,,,,,,,,,,,
5,600,3,Non-random,0.1635569999999973,0.005471124999999688,0.059800457999998,,,,,,,,,0.1635569999999973,0.16355466699999965,2.332999997634033e-06,0.22882858299999498,,,,,,,0.14162645899999404,0.021826833000005763,0.00010137499999984811,,,,,,,,,,,,,,,,,
5,600,3,CountSketch,0.022850709000010738,0.005471124999999688,0.05588658299998883,,,,,,,,,0.022850709000010738,0.023520502999986093,0.0,0.08420841699999926,,,,,,,,,,6.48329999961561e-05,0.0006964589999967075,0.0006964589999967075,0.0008993749999888223,0.0007025000000027148,0.000283209000002671,0.0003150000000005093,0.0002652090000054841,1.1709000006021597e-05,0.0195857499999903,,,,,,,
5,600,3,SIGN Bidirectional,0.02718583299999011,0.005471124999999688,0.05663720799999794,,,,,,,,,0.02718583299999011,0.027180916999995475,4.915999994636877e-06,0.08929416599998774,,,,,,,,,,,,,,,,,,,,0.00010350000000869386,0.0037101669999941578,0.0012259580000062442,0.0002639169999980595,0.00024108299999170413,1.0958000004279711e-05,0.021625333999992336
5,600,4,Random Projection,0.021743874999998525,0.005464582999991308,0.05546320800000615,9.687499999699867e-05,0.0010943750000080854,0.0007001660000014454,0.0002690000000029613,0.0002932500000127902,0.00025025000000766795,1.1624999999071406e-05,0.019024625000000128,0.021743874999998525,0.02174016600002915,3.7089999693762365e-06,0.08267166599999598,,,,,,,,,,,,,,,,,,,,,,,,,,
5,600,4,Random Sampling,0.05435350000000483,0.005464582999991308,0.07224858300000392,,,,,,,,,0.05435350000000483,0.054350000000013665,3.4999999911633495e-06,0.13206666600000005,0.0015228329999956713,0.002278584000009687,0.021251792000001046,0.0002491660000032425,0.0005214170000016338,0.028526208000002384,,,,,,,,,,,,,,,,,,,,
5,600,4,Non-random,0.1721732910000071,0.005464582999991308,0.05887350000000424,,,,,,,,,0.1721732910000071,0.17216991600001563,3.374999991478944e-06,0.23651137400000266,,,,,,,0.14109254100000612,0.030964458000013906,0.00011291699999560478,,,,,,,,,,,,,,,,,
5,600,4,CountSketch,0.024269209000010505,0.005464582999991308,0.057642874999999094,,,,,,,,,0.024269209000010505,0.024946288999998956,0.0,0.08737666700000091,,,,,,,,,,6.499999999221018e-05,0.0007027919999984533,0.0007027919999984533,0.0009164580000060596,0.0007082909999951426,0.0002775410000026568,0.00031387500000334967,0.00029404100000363087,1.1708000002386143e-05,0.020953790999996613,,,,,,,
5,600,4,SIGN Bidirectional,0.03329924999999889,0.005464582999991308,0.05797683400000153,,,,,,,,,0.03329924999999889,0.033290042000004405,9.207999994487182e-06,0.09674066699999173,,,,,,,,,,,,,,,,,,,,9.883300000979034e-05,0.003741916999999262,0.0011655410000059874,0.0004091249999902402,0.00039725000000601085,1.1916999994809885e-05,0.027465458999998305
5,600,5,Random Projection,0.02597262500000852,0.005612458000001652,0.05712341699999968,0.00010054199999842695,0.001231625000002623,0.0007460839999993141,0.00029316699999526463,0.0003229999999945221,0.00028254100000424387,1.1834000005706002e-05,0.022977540999988832,0.02597262500000852,0.025966333999988933,6.291000019587045e-06,0.08870850000000985,,,,,,,,,,,,,,,,,,,,,,,,,,
5,600,5,Random Sampling,0.05328749999999616,0.005612458000001652,0.07573525000000814,,,,,,,,,0.05328749999999616,0.053282248999991566,5.251000004591333e-06,0.13463520800000595,0.0015227500000065675,0.0023059999999901493,0.017784207999994806,0.00028858299999967585,0.0005280000000027485,0.03085270799999762,,,,,,,,,,,,,,,,,,,,
5,600,5,Non-random,0.16888162499999737,0.005612458000001652,0.060360333999994964,,,,,,,,,0.16888162499999737,0.1688782079999953,3.417000002059467e-06,0.234854416999994,,,,,,,0.14149412499999414,0.027281458000004477,0.00010262499999669217,,,,,,,,,,,,,,,,,
5,600,5,CountSketch,0.024409832999992886,0.005612458000001652,0.05661066700000106,,,,,,,,,0.024409832999992886,0.025093502000018475,0.0,0.0866329579999956,,,,,,,,,,6.849999999758438e-05,0.00071345900001063,0.00071345900001063,0.000946874999996794,0.0007114999999942029,0.0003706669999985479,0.00034979200000861965,0.000293749999997317,1.1374999999702595e-05,0.020914125000004447,,,,,,,
5,600,5,SIGN Bidirectional,0.027352000000007592,0.005612458000001652,0.05775124999999548,,,,,,,,,0.027352000000007592,0.027345416000017053,6.583999990539269e-06,0.09071570800000472,,,,,,,,,,,,,,,,,,,,0.00010283299999969131,0.003697375000001557,0.0011559160000018665,0.0002753330000047072,0.0002614999999934753,1.1167000010914307e-05,0.02184129200000484
5,600,6,Random Projection,0.02308908300000212,0.005470667000011531,0.05623741700000551,9.637499999826105e-05,0.00119962499999815,0.0007139589999951568,0.00028358400000172423,0.00032712499999831834,0.00028529200000093624,1.1790999991490025e-05,0.02016666700001224,0.02308908300000212,0.023084417999996276,4.665000005843467e-06,0.08479716700001916,,,,,,,,,,,,,,,,,,,,,,,,,,
5,600,6,Random Sampling,0.05107908400000838,0.005470667000011531,0.0728562910000079,,,,,,,,,0.05107908400000838,0.051073668000000794,5.416000007585353e-06,0.1294060420000278,0.0015082919999969135,0.002300375000004351,0.0172158750000051,0.0002900420000031545,0.0005288339999935943,0.02923024999999768,,,,,,,,,,,,,,,,,,,,
5,600,6,Non-random,0.16837887500000193,0.005470667000011531,0.0585517909999993,,,,,,,,,0.16837887500000193,0.1683739999999858,4.875000016113518e-06,0.23240133300001276,,,,,,,0.14121749999999622,0.026979416999992623,0.0001770829999969692,,,,,,,,,,,,,,,,,
5,600,6,CountSketch,0.025391416999994476,0.005470667000011531,0.055193082999991816,,,,,,,,,0.025391416999994476,0.02607624899998484,0.0,0.08605516699999782,,,,,,,,,,6.612500000358068e-05,0.0007109999999954653,0.0007109999999954653,0.0010126249999871106,0.0007074170000009872,0.0002724170000050208,0.0003098330000028682,0.00023708300000180316,1.1790999991490025e-05,0.02203695800000105,,,,,,,
5,600,6,SIGN Bidirectional,0.027430667000004405,0.005470667000011531,0.05689087500000767,,,,,,,,,0.027430667000004405,0.02742329199996618,7.375000038223334e-06,0.0897922090000236,,,,,,,,,,,,,,,,,,,,0.00010233299998674283,0.003847041999989642,0.0012995000000017853,0.00036370899999838,0.0002591249999994716,1.2374999997177838e-05,0.021539207999992982
5,600,7,Random Projection,0.023675499999995964,0.00548920800000019,0.05512537500000292,9.779100000173457e-05,0.0012891250000137688,0.0007245829999931175,0.0003065000000077589,0.000338041999995653,0.00028820800000062263,1.233300000080817e-05,0.020613249999996697,0.023675499999995964,0.02366983200001016,5.6679999858033625e-06,0.08429008299999907,,,,,,,,,,,,,,,,,,,,,,,,,,
5,600,7,Random Sampling,0.0472796250000016,0.00548920800000019,0.07333108399998878,,,,,,,,,0.0472796250000016,0.047274000999976806,5.62400002479535e-06,0.12609991699999057,0.00150795899999423,0.002291458000001967,0.013136041999999293,0.00027054199999554385,0.0005209999999920001,0.029546999999993773,,,,,,,,,,,,,,,,,,,,
5,600,7,Non-random,0.1698900420000058,0.00548920800000019,0.058343624999992016,,,,,,,,,0.1698900420000058,0.1698868749999889,3.167000016901511e-06,0.233722874999998,,,,,,,0.14070429199999523,0.02907933299999854,0.0001032499999951142,,,,,,,,,,,,,,,,,
5,600,7,CountSketch,0.02355166699999245,0.00548920800000019,0.05531091599999627,,,,,,,,,0.02355166699999245,0.024235376000007136,0.0,0.08435179099998891,,,,,,,,,,6.216700001004938e-05,0.0007102919999937285,0.0007102919999937285,0.0009105830000066817,0.0007029169999981377,0.00025370800000246163,0.00031275000000619,0.0002639169999980595,1.1125000000333785e-05,0.020297624999997765,,,,,,,
5,600,7,SIGN Bidirectional,0.0252974590000008,0.00548920800000019,0.05555870899999604,,,,,,,,,0.0252974590000008,0.025290083000015784,7.375999985015369e-06,0.08634537599999703,,,,,,,,,,,,,,,,,,,,0.00010033400000963866,0.0036868330000032756,0.00125383299999271,0.00027533400000834263,0.00025270799999077553,2.854100000604376e-05,0.019692500000004998
5,600,8,Random Projection,0.02606816700000536,0.005480875000003493,0.05631983400000706,9.658300000126019e-05,0.0011747920000004797,0.0010207920000055992,0.00031037499999797546,0.00036208300001305815,0.00027516599999444225,1.1333000003332927e-05,0.022810290999998983,0.02606816700000536,0.02606141500001513,6.751999990228796e-06,0.08786887600001592,,,,,,,,,,,,,,,,,,,,,,,,,,
5,600,8,Random Sampling,0.050291291999997156,0.005480875000003493,0.0733942079999963,,,,,,,,,0.050291291999997156,0.05028662600000189,4.665999995268066e-06,0.12916637499999695,0.0015091669999947044,0.0022862090000046464,0.01705554199999426,0.000302958000006015,0.0005291249999999081,0.028603625000002353,,,,,,,,,,,,,,,,,,,,
5,600,8,Non-random,0.17051345800000206,0.005480875000003493,0.059060459000008336,,,,,,,,,0.17051345800000206,0.17051020699999242,3.2510000096408476e-06,0.2350547920000139,,,,,,,0.14022854099999904,0.03017966599999511,0.00010199999999827014,,,,,,,,,,,,,,,,,
5,600,8,CountSketch,0.024240917000000195,0.005480875000003493,0.056960166000010304,,,,,,,,,0.024240917000000195,0.02491849800003365,0.0,0.08668195800001399,,,,,,,,,,6.304200000784022e-05,0.0007035830000035048,0.0007035830000035048,0.0008493329999907928,0.0007102920000079394,0.00029299999999921056,0.0002937080000009473,0.00025250000000198725,1.1166000007278853e-05,0.021038291000010645,,,,,,,
5,600,8,SIGN Bidirectional,0.025026791000001936,0.005480875000003493,0.05582775000000595,,,,,,,,,0.025026791000001936,0.02502141700001914,5.3739999827939755e-06,0.08633541600001138,,,,,,,,,,,,,,,,,,,,0.00010108399999353423,0.0037559160000029124,0.0012242910000139773,0.0003181250000068303,0.00023170900000479833,1.1749999998755811e-05,0.019378541999998333
5,600,9,Random Projection,0.026583916999996404,0.005482709000006025,0.05619920800000955,9.850000000710679e-05,0.0011353329999934658,0.00070566600000177,0.00031791700000383116,0.00033612500000401724,0.00030516699999338925,1.1624999999071406e-05,0.023666915999996263,0.026583916999996404,0.026577248999998915,6.66799999748946e-06,0.08826583400001198,,,,,,,,,,,,,,,,,,,,,,,,,,
5,600,9,Random Sampling,0.060045415999994134,0.005482709000006025,0.07200799999999674,,,,,,,,,0.060045415999994134,0.06004112499999792,4.29099999621485e-06,0.1375361249999969,0.0015071659999961184,0.002290291999997862,0.02258399999999483,0.0002863750000017262,0.0005231669999972155,0.032850125000010166,,,,,,,,,,,,,,,,,,,,
5,600,9,Non-random,0.1695226669999954,0.005482709000006025,0.05832962499999894,,,,,,,,,0.1695226669999954,0.16951945799999635,3.2089999990603246e-06,0.23333500100000037,,,,,,,0.141476499999996,0.027940833000002385,0.00010212499999795455,,,,,,,,,,,,,,,,,
5,600,9,CountSketch,0.02568499999999574,0.005482709000006025,0.05445587500000215,,,,,,,,,0.02568499999999574,0.026373248999988164,0.0,0.08562358400000392,,,,,,,,,,6.404100000168e-05,0.0007122500000065202,0.0007122500000065202,0.0008997079999915059,0.0006976249999866013,0.00028495799999461724,0.0002982919999965361,0.00023916700000370383,1.0958000004279711e-05,0.0224539999999962,,,,,,,
5,600,9,SIGN Bidirectional,0.029862124999993966,0.005482709000006025,0.0584586250000001,,,,,,,,,0.029862124999993966,0.02985733300000959,4.791999984377071e-06,0.09380345900000009,,,,,,,,,,,,,,,,,,,,0.0001027080000000069,0.0036732500000056234,0.001239125000012109,0.0002646249999997963,0.00024287499999786633,1.125000000001819e-05,0.02432349999999417
5,600,10,Random Projection,0.02317520800001205,0.005499292000010314,0.05419987499999479,9.629100000552171e-05,0.0010659999999944603,0.0007215839999901164,0.00026358300000595136,0.000287833999990994,0.0002695419999980686,1.3209000002234461e-05,0.02045258299999375,0.02317520800001205,0.023170625999981098,4.582000030950439e-06,0.08287437500001715,,,,,,,,,,,,,,,,,,,,,,,,,,
5,600,10,Random Sampling,0.052243708000005995,0.005499292000010314,0.07363783299999227,,,,,,,,,0.052243708000005995,0.05223928899999919,4.419000006805618e-06,0.13138083300000858,0.0015016659999957938,0.0022889159999976982,0.017761125000006928,0.00027920799999492374,0.000522540999995158,0.029885833000008688,,,,,,,,,,,,,,,,,,,,
5,600,10,Non-random,0.18164470800000743,0.005499292000010314,0.0589698750000025,,,,,,,,,0.18164470800000743,0.18164249999999527,2.2080000121604826e-06,0.24611387500002024,,,,,,,0.14131812499999796,0.04021354199998939,0.00011083300000791496,,,,,,,,,,,,,,,,,
5,600,10,CountSketch,0.025282625000002668,0.005499292000010314,0.05522987499999488,,,,,,,,,0.025282625000002668,0.02596028999998623,0.0,0.08601179200000786,,,,,,,,,,6.241599999157188e-05,0.0007051249999960874,0.0007051249999960874,0.0009118330000035257,0.0009938749999918173,0.00033437500000843556,0.0003298329999950056,0.00029245800000410327,1.2957999999230196e-05,0.021612292000000366,,,,,,,
5,600,10,SIGN Bidirectional,0.028554458000002114,0.005499292000010314,0.055041291000009096,,,,,,,,,0.028554458000002114,0.02854637700002627,8.08099997584577e-06,0.08909504100002152,,,,,,,,,,,,,,,,,,,,0.0001472090000049775,0.003749249999998483,0.0012357500000064192,0.00026362500000232103,0.0002504590000000917,1.1334000006968381e-05,0.022888750000007008
5,600,11,Random Projection,0.023165415999997663,0.0054712499999993724,0.055901290999997855,9.79590000014241e-05,0.001171791999993843,0.0010183330000046453,0.0002752910000083375,0.0003416670000007116,0.00028083300000503186,1.1374999999702595e-05,0.019960624999995957,0.023165415999997663,0.023157875000009653,7.540999988009389e-06,0.08453795699999489,,,,,,,,,,,,,,,,,,,,,,,,,,
5,600,11,Random Sampling,0.05306712499999833,0.0054712499999993724,0.07491295799999875,,,,,,,,,0.05306712499999833,0.05305954199999974,7.582999998589912e-06,0.13345133299999645,0.0015094160000046486,0.002323791999998548,0.017423291999989488,0.0003897919999928945,0.0007402920000032509,0.030672958000010908,,,,,,,,,,,,,,,,,,,,
5,600,11,Non-random,0.1685317089999927,0.0054712499999993724,0.06064933300000064,,,,,,,,,0.1685317089999927,0.16852562600000454,6.082999988166193e-06,0.2346522919999927,,,,,,,0.14006591700000115,0.02827191699999787,0.00018779200000551555,,,,,,,,,,,,,,,,,
5,600,11,CountSketch,0.025786249999995903,0.0054712499999993724,0.05916087499998923,,,,,,,,,0.025786249999995903,0.02706241499998896,0.0,0.09041837499998451,,,,,,,,,,0.00012641600000051767,0.0013251249999939319,0.0013251249999939319,0.0009842910000088523,0.0007159999999970523,0.00027720799999997325,0.0003114999999951351,0.00028483299999493283,1.2083000001439359e-05,0.021699834000003193,,,,,,,
5,600,11,SIGN Bidirectional,0.027048374999992575,0.0054712499999993724,0.05941329099999848,,,,,,,,,0.027048374999992575,0.027041040999975507,7.33400001706741e-06,0.09193291599999043,,,,,,,,,,,,,,,,,,,,0.00010399999999322063,0.003928374999986772,0.0012436250000007476,0.00028858299999967585,0.0002783329999971329,1.1083000003964116e-05,0.021187041999993994
5,600,12,Random Projection,0.022518833000006566,0.005530417000002785,0.05719162500000152,9.641699999463071e-05,0.0012017500000069958,0.0007052499999957718,0.0003130829999946627,0.0003107499999970287,0.00031537499999956253,1.3707999997336628e-05,0.01955741599999783,0.022518833000006566,0.022513748999983818,5.084000022748114e-06,0.08524087500001087,,,,,,,,,,,,,,,,,,,,,,,,,,
5,600,12,Random Sampling,0.047014082999993434,0.005530417000002785,0.07415529099999674,,,,,,,,,0.047014082999993434,0.04700795700000526,6.125999988171316e-06,0.12669979099999296,0.0015073329999921725,0.0022858330000019578,0.01327341600000409,0.0002948750000086875,0.0005350410000062311,0.029111458999992124,,,,,,,,,,,,,,,,,,,,
5,600,12,Non-random,0.16753491699999756,0.005530417000002785,0.05933199999999772,,,,,,,,,0.16753491699999756,0.16753045800000166,4.458999995904378e-06,0.23239733399999807,,,,,,,0.14176466600000026,0.02566333400000076,0.0001024580000006381,,,,,,,,,,,,,,,,,
5,600,12,CountSketch,0.02330358300000057,0.005530417000002785,0.05553687500000137,,,,,,,,,0.02330358300000057,0.02398775100000705,0.0,0.08437087500000473,,,,,,,,,,6.700000000137152e-05,0.0007108749999957809,0.0007108749999957809,0.000949375000004693,0.0007028750000017681,0.0003063340000011294,0.000299208000001272,0.00025787500000262753,1.1417000010283118e-05,0.019971916999992345,,,,,,,
5,600,12,SIGN Bidirectional,0.02462183299999765,0.005530417000002785,0.05515512499999886,,,,,,,,,0.02462183299999765,0.024615874999994958,5.958000002692643e-06,0.0853073749999993,,,,,,,,,,,,,,,,,,,,0.00010083399999416542,0.004041708000002586,0.0013035000000058972,0.0002858750000029886,0.00024616599999660593,1.1999999998124622e-05,0.01862579199999459
5,600,13,Random Projection,0.02482074999998929,0.005491624999990563,0.0558193330000023,9.933300000852796e-05,0.0012735829999996895,0.0007117090000008375,0.00030866699999876346,0.0003417079999934458,0.00029583399999921767,1.1749999998755811e-05,0.021771708000002832,0.02482074999998929,0.02481429200000207,6.457999987219409e-06,0.08613170799998215,,,,,,,,,,,,,,,,,,,,,,,,,,
5,600,13,Random Sampling,0.05321229099999414,0.005491624999990563,0.07254470799999524,,,,,,,,,0.05321229099999414,0.053207415999978025,4.875000016113518e-06,0.13124862399997994,0.0014968329999902608,0.002282874999991691,0.017472374999996987,0.00032579199999815955,0.0005344580000041788,0.031095082999996748,,,,,,,,,,,,,,,,,,,,
5,600,13,Non-random,0.1678932909999986,0.005491624999990563,0.058857541999998375,,,,,,,,,0.1678932909999986,0.16788962399998297,3.6670000156391325e-06,0.23224245799998755,,,,,,,0.14073404100000175,0.02704533299998957,0.00011024999999165175,,,,,,,,,,,,,,,,,
5,600,13,CountSketch,0.02508466700000156,0.005491624999990563,0.056408333999996785,,,,,,,,,0.02508466700000156,0.025763959999991926,0.0,0.08698462599998891,,,,,,,,,,6.529200000215951e-05,0.0007049580000000333,0.0007049580000000333,0.0009674589999946193,0.0007041249999986121,0.00032687499999894953,0.000310417000008556,0.000279958000007241,1.2708999989285985e-05,0.021687208999992436,,,,,,,
5,600,13,SIGN Bidirectional,0.025960084000004713,0.005491624999990563,0.05611495899999852,,,,,,,,,0.025960084000004713,0.02595395999999539,6.124000009322117e-06,0.0875666679999938,,,,,,,,,,,,,,,,,,,,0.0001013340000071139,0.0038766670000001113,0.001297666999988678,0.00029295799998863004,0.00024183400000765687,1.1417000010283118e-05,0.020132082999992917
5,600,14,Random Projection,0.021758415999997283,0.005482041999997023,0.0550919169999986,9.579200001041954e-05,0.001095749999990403,0.000714208000005101,0.0002743750000036016,0.000305874999995126,0.00024624999998934527,1.1459000006652786e-05,0.01900974999999505,0.021758415999997283,0.0217534589999957,4.957000001581946e-06,0.08233237499999291,,,,,,,,,,,,,,,,,,,,,,,,,,
5,600,14,Random Sampling,0.04509245799999917,0.005482041999997023,0.07337708300001111,,,,,,,,,0.04509245799999917,0.045086916000002475,5.541999996694358e-06,0.1239515830000073,0.0015015000000033751,0.0022902500000014925,0.013381166999991478,0.0002703749999994898,0.0005275409999967451,0.027116083000009894,,,,,,,,,,,,,,,,,,,,
5,600,14,Non-random,0.16985291700000005,0.005482041999997023,0.05945225000000676,,,,,,,,,0.16985291700000005,0.1698496260000013,3.2909999987396077e-06,0.23478720900000383,,,,,,,0.14223616699999297,0.02743729200000189,0.00017616700000644414,,,,,,,,,,,,,,,,,
5,600,14,CountSketch,0.023412665999998694,0.005482041999997023,0.056021999999998684,,,,,,,,,0.023412665999998694,0.02408979100000863,0.0,0.0849167079999944,,,,,,,,,,6.108300000562394e-05,0.0007038330000028736,0.0007038330000028736,0.0009691670000080421,0.0007097089999916761,0.0002875000000130967,0.00027508399999476296,0.00024616599999660593,1.1165999993067999e-05,0.020122250000000008,,,,,,,
5,600,14,SIGN Bidirectional,0.024559542000005763,0.005482041999997023,0.05509179199999892,,,,,,,,,0.024559542000005763,0.024553251000000387,6.2910000053761905e-06,0.0851333760000017,,,,,,,,,,,,,,,,,,,,0.00010137499999984811,0.003688792000005492,0.00131149999999991,0.00028879200000631045,0.0002657499999969559,1.1333999992757526e-05,0.018885707999999113
5,600,15,Random Projection,0.02545341700000847,0.005464333999995574,0.055923915999997575,9.200000000930686e-05,0.001143833000000427,0.0007026669999987689,0.0002783329999971329,0.0003125409999995554,0.00026358300000595136,1.1458000003017332e-05,0.022643791999996665,0.02545341700000847,0.025448207000010825,5.209999997646264e-06,0.08684166700000162,,,,,,,,,,,,,,,,,,,,,,,,,,
5,600,15,Random Sampling,0.0527327500000041,0.005464333999995574,0.07510500000000775,,,,,,,,,0.0527327500000041,0.052727791999998885,4.9580000052174e-06,0.13330208400000743,0.0015071249999891734,0.002314542000007691,0.017642792000003737,0.00032870799999784595,0.0005257079999978487,0.03040891700000259,,,,,,,,,,,,,,,,,,,,
5,600,15,Non-random,0.16879470799999297,0.005464333999995574,0.05810674999999321,,,,,,,,,0.16879470799999297,0.16879162499998301,3.08300000995132e-06,0.23236579199998175,,,,,,,0.14047224999998775,0.028210125000001085,0.0001092499999941765,,,,,,,,,,,,,,,,,
5,600,15,CountSketch,0.027814416999987657,0.005464333999995574,0.05606366699998944,,,,,,,,,0.027814416999987657,0.028485876999994275,0.0,0.08934241799997267,,,,,,,,,,6.287500001178614e-05,0.0006976669999971818,0.0006976669999971818,0.0009319170000026133,0.0006992499999967094,0.0002988339999916434,0.0002759580000031292,0.00024100000000260025,1.1125000000333785e-05,0.024569583999991096,,,,,,,
5,600,15,SIGN Bidirectional,0.028490791000010063,0.005464333999995574,0.05511566599999185,,,,,,,,,0.028490791000010063,0.028485791000022687,4.9999999873762135e-06,0.08907079099999748,,,,,,,,,,,,,,,,,,,,9.920800000884356e-05,0.003698666000005346,0.001194624999996563,0.00028095800000471627,0.00023375000000669388,1.1458999992441932e-05,0.022967125000008082
5,600,16,Random Projection,0.03415716599999996,0.005468915999998103,0.07327433300000052,9.775000000900036e-05,0.0017433749999895554,0.0010660420000050408,0.000448291000012091,0.00041112499999940155,0.0003834999999980937,1.1958000001754954e-05,0.029985750000008693,0.03415716599999996,0.03414779100002363,9.3749999763304e-06,0.11290041499999859,,,,,,,,,,,,,,,,,,,,,,,,,,
5,600,16,Random Sampling,0.05914237500000752,0.005468915999998103,0.07282845800000359,,,,,,,,,0.05914237500000752,0.05913741699995967,4.958000047849964e-06,0.13743974900000921,0.0015013749999894799,0.002304040999987933,0.020152624999994373,0.00028741699999557113,0.0005302499999970678,0.034361708999995244,,,,,,,,,,,,,,,,,,,,
5,600,16,Non-random,0.1676201669999955,0.005468915999998103,0.05841795799999261,,,,,,,,,0.1676201669999955,0.16761704199998917,3.125000006320988e-06,0.2315070409999862,,,,,,,0.14103566699999703,0.026471416999996222,0.00010995799999591327,,,,,,,,,,,,,,,,,
5,600,16,CountSketch,0.02492141700000161,0.005468915999998103,0.05656824999999799,,,,,,,,,0.02492141700000161,0.02561296100004995,0.0,0.0869585829999977,,,,,,,,,,6.241700000941819e-05,0.0007178750000065293,0.0007178750000065293,0.000948917000002325,0.0007067920000025651,0.0003231249999942065,0.00032533400001000246,0.0002699169999971218,1.1167000010914307e-05,0.021529542000010338,,,,,,,
5,600,16,SIGN Bidirectional,0.028207790999999816,0.005468915999998103,0.056076832999991666,,,,,,,,,0.028207790999999816,0.02819995800003028,7.832999969537013e-06,0.08975353999998958,,,,,,,,,,,,,,,,,,,,0.00010166700000979745,0.0037769580000031056,0.001709207999994078,0.00033466700000417404,0.00026800000000548607,1.98330000102942e-05,0.021989625000003343
5,600,17,Random Projection,0.0212660420000077,0.005471333000002687,0.056217500000002474,9.466699999904904e-05,0.0012307080000084625,0.000711875000007467,0.0002677080000097476,0.0003090419999978167,0.0002673749999928532,1.1166999996703453e-05,0.01836841700000491,0.0212660420000077,0.02126095900001701,5.082999990690951e-06,0.08295487500001286,,,,,,,,,,,,,,,,,,,,,,,,,,
5,600,17,Random Sampling,0.051237082999989525,0.005471333000002687,0.07323587499999462,,,,,,,,,0.051237082999989525,0.05123129000000404,5.792999985487768e-06,0.12994429099998683,0.0015011659999970561,0.00228645800000038,0.017450582999998687,0.00034012500000812906,0.0005289579999896432,0.029124000000010142,,,,,,,,,,,,,,,,,,,,
5,600,17,Non-random,0.16739425000000097,0.005471333000002687,0.058281209000000445,,,,,,,,,0.16739425000000097,0.1673911669999768,3.0830000241621747e-06,0.2311467920000041,,,,,,,0.14210791699998992,0.0251742079999957,0.00010904199999117736,,,,,,,,,,,,,,,,,
5,600,17,CountSketch,0.0248031659999981,0.005471333000002687,0.058414165999991496,,,,,,,,,0.0248031659999981,0.025481794000015157,0.0,0.08868866499999228,,,,,,,,,,6.35840000029475e-05,0.0007052920000063523,0.0007052920000063523,0.0008892919999965443,0.0007039170000098238,0.0003504589999892005,0.00031520800000350846,0.00034124999999107786,1.1667000009651929e-05,0.021395832999999698,,,,,,,
5,600,17,SIGN Bidirectional,0.02618816599999718,0.005471333000002687,0.05718991700000231,,,,,,,,,0.02618816599999718,0.026181042000018806,7.12399997837565e-06,0.08884941600000218,,,,,,,,,,,,,,,,,,,,0.0001003330000060032,0.0037130840000116905,0.0012483330000065962,0.00026404200001195477,0.00032974999999169086,2.895799998725579e-05,0.020496542000003615
5,600,18,Random Projection,0.02293712499999856,0.005601749999996741,0.05696449999999231,0.00010070900000869187,0.0011346670000023096,0.001025499999997237,0.0002756669999968153,0.0003224999999957845,0.00018570900000725032,2.037500000540149e-05,0.019864208000001327,0.02293712499999856,0.022929335000014817,7.789999983742746e-06,0.08550337499998761,,,,,,,,,,,,,,,,,,,,,,,,,,
5,600,18,Random Sampling,0.053371874999996294,0.005601749999996741,0.07675120800000457,,,,,,,,,0.053371874999996294,0.05336624899999265,5.626000003644549e-06,0.1357248329999976,0.0015050829999978532,0.0023170000000050095,0.018185332999991033,0.00026929099999506434,0.0005362499999961301,0.03055329200000756,,,,,,,,,,,,,,,,,,,,
5,600,18,Non-random,0.16541083300000992,0.005601749999996741,0.0601951249999928,,,,,,,,,0.16541083300000992,0.1654075000000006,3.3330000093201306e-06,0.23120770799999946,,,,,,,0.14026258299999483,0.025034208000008107,0.00011070899999765516,,,,,,,,,,,,,,,,,
5,600,18,CountSketch,0.022675833999997508,0.005601749999996741,0.05754966699998931,,,,,,,,,0.022675833999997508,0.023364540000031297,0.0,0.08582725099998356,,,,,,,,,,6.408299999804967e-05,0.0007180000000062137,0.0007180000000062137,0.0009095000000058917,0.0007048330000003489,0.0002700420000110171,0.00030279199999938555,0.0003527909999974099,2.8041000007306138e-05,0.01929645799999946,,,,,,,
5,600,18,SIGN Bidirectional,0.026560290999995573,0.005601749999996741,0.05929416699999024,,,,,,,,,0.026560290999995573,0.02655412499998988,6.166000005691785e-06,0.09145620799998255,,,,,,,,,,,,,,,,,,,,0.0001011250000004793,0.003681708000002004,0.0011712919999951055,0.00027054199999554385,0.00025499999999567535,1.2166999994178695e-05,0.021062291000006894
5,600,19,Random Projection,0.02447254100000862,0.005520416999999611,0.05690620900000454,9.929099999794744e-05,0.0011527500000028112,0.0007389999999958263,0.0003410829999950238,0.00034537500000908494,0.00031049999999765987,1.1833999991495148e-05,0.021467416999996658,0.02447254100000862,0.024467249999986507,5.2910000221118025e-06,0.08689916700001277,,,,,,,,,,,,,,,,,,,,,,,,,,
5,600,19,Random Sampling,0.04198683299999573,0.005520416999999611,0.07429462499999318,,,,,,,,,0.04198683299999573,0.041981708000008666,5.124999987060619e-06,0.12180187499998851,0.0015295000000037362,0.002338707999996359,0.013409374999994839,0.00028675000000077944,0.0005962500000009641,0.02382112500001199,,,,,,,,,,,,,,,,,,,,
5,600,19,Non-random,0.1978044170000004,0.005520416999999611,0.07559604099999717,,,,,,,,,0.1978044170000004,0.19779883400001097,5.582999989428572e-06,0.2789208749999972,,,,,,,0.14354200000001072,0.05407391699999664,0.00018291700000361288,,,,,,,,,,,,,,,,,
5,600,19,CountSketch,0.03851595800000496,0.005520416999999611,0.07295366700000727,,,,,,,,,0.03851595800000496,0.03920299899999691,0.0,0.11699004200001184,,,,,,,,,,7.279199999743469e-05,0.0007198750000014797,0.0007198750000014797,0.0010892909999995481,0.0009023329999990892,0.0005829170000026807,0.0005633749999987003,0.0003829999999993561,1.6000000002236447e-05,0.0341535409999949,,,,,,,
5,600,19,SIGN Bidirectional,0.036390584000002946,0.005520416999999611,0.06773220799999535,,,,,,,,,0.036390584000002946,0.03637921000000688,1.1373999996067141e-05,0.10964320899999791,,,,,,,,,,,,,,,,,,,,0.00015754200001083518,0.004784708000002524,0.0016866250000049376,0.00039912500000127693,0.00039070900000126585,2.8333999992469217e-05,0.02893216699999357
5,600,20,Random Projection,0.0353620420000027,0.006144540999997616,0.08575779100000602,0.00010454200000253877,0.0016210830000034093,0.000751041000000896,0.0002917500000023665,0.00035416600000814924,0.00034445900000434904,2.37919999932501e-05,0.031860082999997985,0.0353620420000027,0.035350916000012944,1.1125999989758384e-05,0.12726437400000634,,,,,,,,,,,,,,,,,,,,,,,,,,
5,600,20,Random Sampling,0.053351249999991524,0.006144540999997616,0.0769658330000027,,,,,,,,,0.053351249999991524,0.05334399999999562,7.249999995906364e-06,0.13646162399999184,0.0015225420000035683,0.0024626669999889828,0.014648625000006632,0.00038504100000125163,0.0005588749999958509,0.03376624999999933,,,,,,,,,,,,,,,,,,,,
5,600,20,Non-random,0.18184829200001218,0.006144540999997616,0.06262770800000794,,,,,,,,,0.18184829200001218,0.18184420900000475,4.083000007426563e-06,0.25062054100001774,,,,,,,0.15947666700000696,0.02225741700000583,0.00011012499999196734,,,,,,,,,,,,,,,,,
5,600,20,CountSketch,0.03034700000000612,0.006144540999997616,0.058066583000012884,,,,,,,,,0.03034700000000612,0.031039915999969026,0.0,0.09455812400001662,,,,,,,,,,9.337500000583532e-05,0.0007249579999921707,0.0007249579999921707,0.0014007079999913685,0.0007563749999945912,0.0003919589999981099,0.00031224999999324154,0.00028595800000630334,1.4082999996389844e-05,0.026335291999998844,,,,,,,
5,600,20,SIGN Bidirectional,0.031530041000010556,0.006144540999997616,0.05838279200000329,,,,,,,,,0.031530041000010556,0.031518082000005165,1.1959000005390408e-05,0.09605737400001146,,,,,,,,,,,,,,,,,,,,0.00014525000000276123,0.0040921670000102495,0.001426957999996148,0.0004889579999911575,0.00030933300000413055,2.1083000007138253e-05,0.02503433299999358
5,800,1,Random Projection,0.03263816699998756,0.010065208000000325,0.09536054199999455,0.00013024999999800002,0.0019055830000098695,0.0011337919999903079,0.00050154199999497,0.0005647499999952288,0.00035158299999693554,1.4458999999078515e-05,0.02802574999999763,0.03263816699998756,0.03262770899998202,1.045800000554209e-05,0.13806391699998244,,,,,,,,,,,,,,,,,,,,,,,,,,
5,800,1,Random Sampling,0.0646454580000011,0.010065208000000325,0.119623959000009,,,,,,,,,0.0646454580000011,0.0646386240000254,6.833999975697225e-06,0.19433462500001042,0.0026027500000083137,0.004288666999997304,0.024879041000005486,0.0003980000000041173,0.0011548330000010765,0.031315333000009105,,,,,,,,,,,,,,,,,,,,
5,800,1,Non-random,0.2635672910000011,0.010065208000000325,0.09685658300000455,,,,,,,,,0.2635672910000011,0.2635632910000112,3.999999989900971e-06,0.37048908200000596,,,,,,,0.23372874999999738,0.02965395800001147,0.0001805830000023434,,,,,,,,,,,,,,,,,
5,800,1,CountSketch,0.029513124999994034,0.010065208000000325,0.09360275000000229,,,,,,,,,0.029513124999994034,0.03067249999998012,0.0,0.13318108299999665,,,,,,,,,,6.879199999332286e-05,0.0011903329999967127,0.0011903329999967127,0.0015672090000009575,0.001114749999999276,0.00045870799999647716,0.000476875000003929,0.0003134170000009817,2.662500000383261e-05,0.024265457999987916,,,,,,,
5,800,1,SIGN Bidirectional,0.03552829200000929,0.010065208000000325,0.09223666599999092,,,,,,,,,0.03552829200000929,0.03551866599998732,9.62600002196723e-06,0.13783016600000053,,,,,,,,,,,,,,,,,,,,0.00018816700000456876,0.006015542000000096,0.002282207999996899,0.0005153750000062018,0.0002714999999966494,1.5457999992918303e-05,0.026230415999989987
5,800,2,Random Projection,0.02607441699998958,0.009802957999994533,0.09321649999999693,0.00012900000000115597,0.0016924170000010008,0.0010646249999979318,0.00039987499999938336,0.0005297910000052752,0.0002950000000083719,1.4416999988497992e-05,0.02194433299999332,0.02607441699998958,0.02606945799999494,4.958999994641999e-06,0.12909387499998104,,,,,,,,,,,,,,,,,,,,,,,,,,
5,800,2,Random Sampling,0.05575425000000678,0.009802957999994533,0.11595854199998712,,,,,,,,,0.05575425000000678,0.0557451680000014,9.082000005378177e-06,0.18151574999998843,0.0025789999999972224,0.004275499999991439,0.017611291999998002,0.00040770900000097754,0.0017416250000081845,0.029130042000005574,,,,,,,,,,,,,,,,,,,,
5,800,2,Non-random,0.24901445900002273,0.009802957999994533,0.09894429199999877,,,,,,,,,0.24901445900002273,0.24901095899997472,3.5000000480067683e-06,0.357761709000016,,,,,,,0.22617999999999938,0.022651833999987048,0.00017912499998828935,,,,,,,,,,,,,,,,,
5,800,2,CountSketch,0.027432875000016566,0.009802957999994533,0.09045225000002688,,,,,,,,,0.027432875000016566,0.02859054000006722,0.0,0.12768808300003798,,,,,,,,,,7.133299999395604e-05,0.0011872910000079173,0.0011872910000079173,0.0017857500000104665,0.0010759170000085305,0.0004909169999791629,0.0004773330000205078,0.0003387920000079703,3.241600001047118e-05,0.021943500000020322,,,,,,,
5,800,2,SIGN Bidirectional,0.03143274999999335,0.009802957999994533,0.09144891599999028,,,,,,,,,0.03143274999999335,0.03142304200000012,9.707999993224803e-06,0.13268462399997816,,,,,,,,,,,,,,,,,,,,0.0001950000000192631,0.005899374999984275,0.002758707999987564,0.0004624169999942751,0.000241208999995024,1.4250000020865627e-05,0.021852082999998856
5,800,3,Random Projection,0.02549487499999259,0.009831708999996636,0.08909879100002627,0.00012675000002104753,0.0019249999999999545,0.001115624999982856,0.0004960409999910098,0.0005147919999899386,0.0002750419999983933,1.48750000050768e-05,0.02102075000001946,0.02549487499999259,0.025488875000007738,5.999999984851456e-06,0.12442537500001549,,,,,,,,,,,,,,,,,,,,,,,,,,
5,800,3,Random Sampling,0.0587135000000103,0.009831708999996636,0.11428733300002136,,,,,,,,,0.0587135000000103,0.058707873999992444,5.626000017855404e-06,0.1828325420000283,0.0025875830000074984,0.004249874999999292,0.019108166999984633,0.0004189579999831494,0.0011333330000127262,0.031209958000005145,,,,,,,,,,,,,,,,,,,,
5,800,3,Non-random,0.2500837919999981,0.009831708999996636,0.11599791599999776,,,,,,,,,0.2500837919999981,0.2500779590000093,5.832999988797383e-06,0.3759134169999925,,,,,,,0.2238178340000161,0.025936124999986987,0.0003240000000062082,,,,,,,,,,,,,,,,,
5,800,3,CountSketch,0.032744167000004154,0.009831708999996636,0.1049275830000056,,,,,,,,,0.032744167000004154,0.03389154200007738,0.0,0.1475034590000064,,,,,,,,,,6.654199998479271e-05,0.0011771250000265354,0.0011771250000265354,0.0016227910000168322,0.0010477090000051703,0.0007023329999924499,0.0006690840000089793,0.0003791660000160846,2.7209000023731278e-05,0.027022457999976268,,,,,,,
5,800,3,SIGN Bidirectional,0.03516324999998233,0.009831708999996636,0.11022829199998796,,,,,,,,,0.03516324999998233,0.03515725100001532,5.9989999670051475e-06,0.15522325099996692,,,,,,,,,,,,,,,,,,,,0.00013049999998315798,0.006717624999993177,0.0024329160000036154,0.0006745839999950931,0.00023412500001995795,1.404200000365563e-05,0.024953459000016665
5,800,4,Random Projection,0.03413083300000608,0.010125375000001213,0.11277074999998149,0.0001284999999882075,0.003927708999981405,0.0015472499999873435,0.00081429200000116,0.0008195420000163267,0.000434874999996282,2.8958000001466644e-05,0.026417915999985553,0.03413083300000608,0.034119041999957744,1.1791000048333444e-05,0.15702695799998878,,,,,,,,,,,,,,,,,,,,,,,,,,
5,800,4,Random Sampling,0.06526654199998916,0.010125375000001213,0.13227574999999092,,,,,,,,,0.06526654199998916,0.06526070900002878,5.832999960375673e-06,0.2076676669999813,0.002576709000010169,0.0042661250000151085,0.023161166999983607,0.0005352910000055999,0.001152791999999181,0.03356862500001512,,,,,,,,,,,,,,,,,,,,
5,800,4,Non-random,0.2499985000000038,0.010125375000001213,0.11131800000001135,,,,,,,,,0.2499985000000038,0.24999483299998815,3.6670000156391325e-06,0.37144187500001635,,,,,,,0.22476999999997815,0.025045874999989337,0.00017895800002065698,,,,,,,,,,,,,,,,,
5,800,4,CountSketch,0.03327937500000644,0.010125375000001213,0.10866070899999158,,,,,,,,,0.03327937500000644,0.03443987399998605,0.0,0.15206545899999924,,,,,,,,,,6.83329999731086e-05,0.0011920000000031905,0.0011920000000031905,0.002440790999997944,0.0015218750000087766,0.0007682080000108726,0.0006008329999929174,0.0003830420000099366,2.6999999988674972e-05,0.026245791999997437,,,,,,,
5,800,4,SIGN Bidirectional,0.03508233399998062,0.010125375000001213,0.11472604099998307,,,,,,,,,0.03508233399998062,0.035073166999978866,9.167000001752967e-06,0.1599337499999649,,,,,,,,,,,,,,,,,,,,0.00013070900001821428,0.006926124999978356,0.003400957999986076,0.0008532079999952202,0.00036129200000800665,2.612500000509499e-05,0.023374749999987898
5,800,5,Random Projection,0.04271850000000654,0.009831458000007842,0.09318637499998772,0.0001247079999870948,0.003270167000010815,0.001658125000005839,0.0006786670000167305,0.0004493750000165164,0.0003020830000082242,1.4125000006970367e-05,0.03621125000000802,0.04271850000000654,0.04270850000006021,9.999999946330718e-06,0.1457363330000021,,,,,,,,,,,,,,,,,,,,,,,,,,
5,800,5,Random Sampling,0.07992004199999769,0.009831458000007842,0.11932587499998704,,,,,,,,,0.07992004199999769,0.07991391699999895,6.124999998746716e-06,0.20907737499999257,0.0026508750000004966,0.0042824170000130835,0.033645040999999765,0.0004858750000096279,0.0011589169999979276,0.037690791999978046,,,,,,,,,,,,,,,,,,,,
5,800,5,Non-random,0.2529669580000018,0.009831458000007842,0.09901462499999525,,,,,,,,,0.2529669580000018,0.2529633749999789,3.583000022899796e-06,0.3618130410000049,,,,,,,0.22608549999998218,0.02665999999999258,0.00021787500000414184,,,,,,,,,,,,,,,,,
5,800,5,CountSketch,0.03370829200000003,0.009831458000007842,0.09485625000002074,,,,,,,,,0.03370829200000003,0.034876831999980595,0.0,0.1383960000000286,,,,,,,,,,7.062500000643013e-05,0.001195249999994985,0.001195249999994985,0.0014022920000229533,0.001072582999995575,0.000453875000005155,0.0004918329999838988,0.000244915999985551,1.4375000006339178e-05,0.028735832999984723,,,,,,,
5,800,5,SIGN Bidirectional,0.04090933300000188,0.009831458000007842,0.09036066600000936,,,,,,,,,0.04090933300000188,0.040898083999991286,1.124900001059359e-05,0.14110145700001908,,,,,,,,,,,,,,,,,,,,0.00019483300002320902,0.006046875000009777,0.002761999999989939,0.00043704199998728654,0.00025487499999599095,1.4416999988497992e-05,0.031188041999996585
5,800,6,Random Projection,0.02692049999998858,0.009826125000017782,0.08922025000001099,0.0001271669999880487,0.0018615420000003269,0.001102499999973361,0.0004355419999910737,0.000497832999997172,0.00031983299999183146,3.2000000004472895e-05,0.022536665999979277,0.02692049999998858,0.026913082999925564,7.4170000630147115e-06,0.12596687500001735,,,,,,,,,,,,,,,,,,,,,,,,,,
5,800,6,Random Sampling,0.0544687080000017,0.009826125000017782,0.11468516700000464,,,,,,,,,0.0544687080000017,0.054461124999960475,7.583000041222476e-06,0.17898000000002412,0.0025847500000111268,0.004250624999997399,0.01826749999997901,0.0003787079999995058,0.0016369169999848054,0.02734262499998863,,,,,,,,,,,,,,,,,,,,
5,800,6,Non-random,0.2572020409999993,0.009826125000017782,0.09745183300000804,,,,,,,,,0.2572020409999993,0.25719741599996837,4.625000030955562e-06,0.36447999900002515,,,,,,,0.22757191599998805,0.029386041999998724,0.000239457999981596,,,,,,,,,,,,,,,,,
5,800,6,CountSketch,0.02656433399999969,0.009826125000017782,0.08898099999998976,,,,,,,,,0.02656433399999969,0.027737041000023055,0.0,0.12537145900000723,,,,,,,,,,7.049999999253487e-05,0.00120091600001615,0.00120091600001615,0.0015018750000024284,0.0011037090000058924,0.0004649169999879632,0.0005139170000063586,0.00027241600000138533,1.4666999987866802e-05,0.021393208000006325,,,,,,,
5,800,6,SIGN Bidirectional,0.030614332999988392,0.009826125000017782,0.08948499999999626,,,,,,,,,0.030614332999988392,0.03060820900000749,6.1239999809004075e-06,0.12992545800000244,,,,,,,,,,,,,,,,,,,,0.00013225000000716136,0.005650583000004872,0.0021106250000002547,0.0004991250000045966,0.0002417089999937616,1.4333999985183254e-05,0.021959583000011662
5,800,7,Random Projection,0.030588749999992615,0.009808417000016334,0.08996183400000746,0.0001271669999880487,0.0017136250000078235,0.001086415999992596,0.0004700410000282318,0.000576208000012457,0.0002904170000022077,1.4166999989129181e-05,0.02630516700000385,0.030588749999992615,0.030583208000024342,5.541999968272648e-06,0.1303590010000164,,,,,,,,,,,,,,,,,,,,,,,,,,
5,800,7,Random Sampling,0.07258629199998268,0.009808417000016334,0.11283220800001459,,,,,,,,,0.07258629199998268,0.0725816250000264,4.666999956270956e-06,0.1952269170000136,0.0025829160000228057,0.004268083999988903,0.0285130830000071,0.00042987500000890577,0.0011340000000075179,0.035653666999991174,,,,,,,,,,,,,,,,,,,,
5,800,7,Non-random,0.2620264169999871,0.009808417000016334,0.09411295800001085,,,,,,,,,0.2620264169999871,0.2620226250000144,3.7919999726909737e-06,0.36594779200001426,,,,,,,0.2315028330000075,0.03032699999999977,0.00019279200000710262,,,,,,,,,,,,,,,,,
5,800,7,CountSketch,0.03609445800000799,0.009808417000016334,0.09008012500001428,,,,,,,,,0.03609445800000799,0.03726745899996331,0.0,0.1359830000000386,,,,,,,,,,7.583400000044094e-05,0.001205124999984264,0.001205124999984264,0.001350999999999658,0.001063667000011037,0.0004477909999991425,0.0005713330000105543,0.0003154590000065127,3.27089999814234e-05,0.030999415999986013,,,,,,,
5,800,7,SIGN Bidirectional,0.04173291700001869,0.009808417000016334,0.09149445799999967,,,,,,,,,0.04173291700001869,0.04172658200002388,6.334999994805912e-06,0.1430357920000347,,,,,,,,,,,,,,,,,,,,0.00012887500000147156,0.005633958000004213,0.002061375000010912,0.0004306250000070122,0.0002732499999922311,1.4208000010285105e-05,0.033184290999997756
5,800,8,Random Projection,0.02791100000001734,0.009761374999982309,0.08808433400000126,0.00012612500000841464,0.0018179170000109934,0.0010693330000037804,0.0005134590000182016,0.0005276249999894844,0.000308375000003025,2.5125000007619747e-05,0.0235155420000126,0.02791100000001734,0.02790350100005412,7.4989999632180115e-06,0.1257567090000009,,,,,,,,,,,,,,,,,,,,,,,,,,
5,800,8,Random Sampling,0.06075854200000208,0.009761374999982309,0.11640516600002115,,,,,,,,,0.06075854200000208,0.060752417000003334,6.124999998746716e-06,0.18692508300000554,0.0025884579999910784,0.004212292000005391,0.02213279200000784,0.00038650000001894114,0.001123124999992342,0.030309249999987742,,,,,,,,,,,,,,,,,,,,
5,800,8,Non-random,0.2462346249999996,0.009761374999982309,0.09531683299999827,,,,,,,,,0.2462346249999996,0.246231167000019,3.4579999805828265e-06,0.3513128329999802,,,,,,,0.22196900000000142,0.024069125000011127,0.00019304200000647143,,,,,,,,,,,,,,,,,
5,800,8,CountSketch,0.028561666999991075,0.009761374999982309,0.09056849999998917,,,,,,,,,0.028561666999991075,0.029713710000009996,0.0,0.12889154199996256,,,,,,,,,,7.000000002221896e-05,0.0011788340000009612,0.0011788340000009612,0.0013231249999989814,0.001064374999998563,0.0004581669999765836,0.0005000829999914913,0.0002671670000040649,1.3625000008232746e-05,0.023659500000007938,,,,,,,
5,800,8,SIGN Bidirectional,0.03046062500001767,0.009761374999982309,0.09047883299999171,,,,,,,,,0.03046062500001767,0.03045429300001956,6.331999998110405e-06,0.1307008329999917,,,,,,,,,,,,,,,,,,,,0.00013016700000889614,0.00646737499999972,0.002149416999998266,0.0004436670000131926,0.0002507499999921947,1.474999999118154e-05,0.02099816700001611
5,800,9,Random Projection,0.023572457999989638,0.010398332999983495,0.09064962499999751,0.00012474999999767533,0.0015820419999954538,0.0010828329999981179,0.0004432089999966138,0.00047737500000266664,0.0003232919999902606,1.4625000005707989e-05,0.019516834000000927,0.023572457999989638,0.023564959999987423,7.498000002215122e-06,0.12462041599997065,,,,,,,,,,,,,,,,,,,,,,,,,,
5,800,9,Random Sampling,0.0521053330000143,0.010398332999983495,0.11657099999999332,,,,,,,,,0.0521053330000143,0.05209729199998492,8.041000029379575e-06,0.1790746659999911,0.0025808750000066993,0.004261874999997417,0.012444334000008439,0.000615749999980153,0.00184774999999604,0.03034670799999617,,,,,,,,,,,,,,,,,,,,
5,800,9,Non-random,0.25269541599999457,0.010398332999983495,0.11988004200000546,,,,,,,,,0.25269541599999457,0.25269179200000735,3.6239999872123008e-06,0.3829737909999835,,,,,,,0.228130292000003,0.02438175000000342,0.00017975000000092223,,,,,,,,,,,,,,,,,
5,800,9,CountSketch,0.030578124999976808,0.010398332999983495,0.1173155830000212,,,,,,,,,0.030578124999976808,0.03186316800011468,0.0,0.1582920409999815,,,,,,,,,,0.0001134169999943424,0.0013355420000209506,0.0013355420000209506,0.002630250000009937,0.0010778330000107417,0.0007166670000060549,0.0005067080000173974,0.0003851250000082018,2.783400000794245e-05,0.023734250000018164,,,,,,,
5,800,9,SIGN Bidirectional,0.03838587500001722,0.010398332999983495,0.11448833399998648,,,,,,,,,0.03838587500001722,0.038371208000029355,1.4666999987866802e-05,0.1632725419999872,,,,,,,,,,,,,,,,,,,,0.0001354999999989559,0.007802959000002829,0.003179332999991402,0.0006775410000159354,0.0003997089999927539,6.570800002236865e-05,0.02611045800000511
5,800,10,Random Projection,0.03236170800002469,0.009892374999992626,0.11269275000000789,0.0001307499999825268,0.0023730419999878904,0.001065542000020514,0.0007402909999996155,0.0009052910000093561,0.00040887500000508226,2.9667000006838862e-05,0.02669787500002485,0.03236170800002469,0.032351333000036675,1.0374999988016498e-05,0.1549468330000252,,,,,,,,,,,,,,,,,,,,,,,,,,
5,800,10,Random Sampling,0.0638123749999977,0.009892374999992626,0.13228179200001478,,,,,,,,,0.0638123749999977,0.06380404099999737,8.334000000331798e-06,0.2059865420000051,0.0025765409999962685,0.004370166999990488,0.024252999999987424,0.00047870800000282543,0.0017278750000002674,0.030397750000020096,,,,,,,,,,,,,,,,,,,,
5,800,10,Non-random,0.2504206659999966,0.009892374999992626,0.11185879199999249,,,,,,,,,0.2504206659999966,0.2504173319999836,3.3340000129555847e-06,0.3721718329999817,,,,,,,0.22592970799999534,0.024295332999997754,0.00019229099999051869,,,,,,,,,,,,,,,,,
5,800,10,CountSketch,0.031676750000002585,0.009892374999992626,0.10665491699998597,,,,,,,,,0.031676750000002585,0.03282149999998296,0.0,0.14822404199998118,,,,,,,,,,6.808299997373979e-05,0.0011767499999848496,0.0011767499999848496,0.00241137500000832,0.0013382090000106928,0.0005872920000058457,0.0007475410000097327,0.00038762500000188993,2.7125000002570232e-05,0.02490075000000047,,,,,,,
5,800,10,SIGN Bidirectional,0.035031542000012905,0.009892374999992626,0.1102731250000204,,,,,,,,,0.035031542000012905,0.03502512299999694,6.419000015966958e-06,0.15519704200002593,,,,,,,,,,,,,,,,,,,,0.0001323329999820544,0.0058982079999907455,0.0026337909999938347,0.0006863330000044243,0.0002585420000116301,1.474999999118154e-05,0.025401166000023068
5,800,11,Random Projection,0.029071625000000267,0.009809541999999283,0.10714220900001692,0.00012495900000430993,0.0022929170000054455,0.0014979579999874204,0.0007139580000057322,0.0007667920000073991,0.00040929200000050514,2.733400000920483e-05,0.02322929200002477,0.029071625000000267,0.029062502000044788,9.122999955479827e-06,0.14602337600001647,,,,,,,,,,,,,,,,,,,,,,,,,,
5,800,11,Random Sampling,0.06252079200001504,0.009809541999999283,0.13407595800001104,,,,,,,,,0.06252079200001504,0.06251399999996465,6.79200005038183e-06,0.20640629200002536,0.0025806669999894893,0.0042922500000202035,0.0241634169999827,0.0006171249999908923,0.0014989579999848957,0.02936158299999647,,,,,,,,,,,,,,,,,,,,
5,800,11,Non-random,0.2507371669999827,0.009809541999999283,0.1168642499999919,,,,,,,,,0.2507371669999827,0.250734126000026,3.040999956738233e-06,0.3774109589999739,,,,,,,0.22888241700002254,0.021671333999989884,0.0001803750000135551,,,,,,,,,,,,,,,,,
5,800,11,CountSketch,0.028286125000022366,0.009809541999999283,0.10998125000000414,,,,,,,,,0.028286125000022366,0.029447540999996136,0.0,0.1480769170000258,,,,,,,,,,6.991600000105791e-05,0.001193709000006038,0.001193709000006038,0.0020645839999815507,0.0014922499999840966,0.0005369579999978669,0.0007818750000012642,0.00040054100000475046,2.808300001788666e-05,0.021685915999995586,,,,,,,
5,800,11,SIGN Bidirectional,0.03809091700000522,0.009809541999999283,0.1115994580000006,,,,,,,,,0.03809091700000522,0.03808129200001531,9.624999989910066e-06,0.1594999170000051,,,,,,,,,,,,,,,,,,,,0.00012791699998615513,0.008031875000000355,0.0031627920000119047,0.0006642920000103913,0.0003264999999998963,2.466600000161634e-05,0.02574325000000499
5,800,12,Random Projection,0.03704550000000495,0.009801750000008269,0.11672137499999735,0.00012674999999262582,0.0024765829999751077,0.0012073749999785832,0.0006569999999896936,0.0006460840000102053,0.0003834999999980937,2.6708999996571947e-05,0.031510499999996,0.03704550000000495,0.03703450099993688,1.0999000068068199e-05,0.16356862500001057,,,,,,,,,,,,,,,,,,,,,,,,,,
5,800,12,Random Sampling,0.0694372499999929,0.009801750000008269,0.14079641699999002,,,,,,,,,0.0694372499999929,0.06943225100005179,4.998999941108195e-06,0.22003541699999118,0.0025837500000136515,0.004223542000005409,0.027115667000003896,0.0005211250000058953,0.0011464170000010654,0.033841750000021875,,,,,,,,,,,,,,,,,,,,
5,800,12,Non-random,0.24887408399999345,0.009801750000008269,0.1216289159999917,,,,,,,,,0.24887408399999345,0.2488707499999805,3.3340000129555847e-06,0.3803047499999934,,,,,,,0.22084329199998365,0.027848874999989448,0.0001785830000073929,,,,,,,,,,,,,,,,,
5,800,12,CountSketch,0.0326735410000083,0.009801750000008269,0.09087745799999425,,,,,,,,,0.0326735410000083,0.03384316899999362,0.0,0.13335274900001082,,,,,,,,,,7.770800002049327e-05,0.0012057090000041626,0.0012057090000041626,0.0018971670000098584,0.0013624169999957303,0.0005974160000050688,0.0007159589999901073,0.0003983339999820146,2.674999998930616e-05,0.02635599999999272,,,,,,,
5,800,12,SIGN Bidirectional,0.031494207999998025,0.009801750000008269,0.09245170799999869,,,,,,,,,0.031494207999998025,0.031487039999973376,7.168000024648791e-06,0.13374766600000498,,,,,,,,,,,,,,,,,,,,0.0001323749999926349,0.006175083000016457,0.0021719579999910366,0.00045145799998635994,0.00026837499999032843,1.500000001897206e-05,0.022272790999977587
5,800,13,Random Projection,0.02515779200001589,0.009775667000013755,0.0918094159999896,0.00012795799997888935,0.0018742499999859774,0.0010650830000145106,0.000513041999994357,0.0005850419999831047,0.00030987499999923784,2.612500000509499e-05,0.02064879100001349,0.02515779200001589,0.02515016599997466,7.6260000412275986e-06,0.12674287500001924,,,,,,,,,,,,,,,,,,,,,,,,,,
5,800,13,Random Sampling,0.05464733299999125,0.009775667000013755,0.11897550000000479,,,,,,,,,0.05464733299999125,0.05464149900004145,5.833999949800273e-06,0.1833985000000098,0.0025971249999940937,0.004250249999984135,0.017703125000025466,0.0003862080000089918,0.0011075830000208953,0.028597208000007868,,,,,,,,,,,,,,,,,,,,
5,800,13,Non-random,0.25748616699999616,0.009775667000013755,0.09800237499999298,,,,,,,,,0.25748616699999616,0.25748137499996915,4.792000027009635e-06,0.3652642090000029,,,,,,,0.2277683330000002,0.02953199999998901,0.0001810419999799251,,,,,,,,,,,,,,,,,
5,800,13,CountSketch,0.02953562499999407,0.009775667000013755,0.09903583300001628,,,,,,,,,0.02953562499999407,0.03073325199997612,0.0,0.1383471250000241,,,,,,,,,,7.50829999844882e-05,0.0012285839999890413,0.0012285839999890413,0.0014127500000142845,0.0011266250000119271,0.0004499590000079934,0.0005139579999990929,0.00027541699998323566,1.404200000365563e-05,0.02440824999999336,,,,,,,
5,800,13,SIGN Bidirectional,0.03415808299999412,0.009775667000013755,0.09330979200001366,,,,,,,,,0.03415808299999412,0.0341502480000031,7.834999991018776e-06,0.13724354200002153,,,,,,,,,,,,,,,,,,,,0.00013333299997952963,0.0067672910000169395,0.0022551669999870683,0.0005574160000207939,0.0002955829999962134,1.4415999999073392e-05,0.024127042000003485
5,800,14,Random Projection,0.030505624999989323,0.009843915999994124,0.09262033400000291,0.00013025000001221088,0.0021279999999990196,0.00137954099997728,0.00046883400000297115,0.0004984999999919637,0.00027495899999507856,1.4792000001762062e-05,0.02560112500000855,0.030505624999989323,0.030496000999988837,9.624000000485466e-06,0.13296987499998636,,,,,,,,,,,,,,,,,,,,,,,,,,
5,800,14,Random Sampling,0.057300207999986696,0.009843915999994124,0.11664625000000228,,,,,,,,,0.057300207999986696,0.05729404300001306,6.164999973634622e-06,0.1837903739999831,0.0026414589999887994,0.004310000000003811,0.018009417000001804,0.0004123340000035114,0.0011373330000026272,0.03078350000001251,,,,,,,,,,,,,,,,,,,,
5,800,14,Non-random,0.2535817919999772,0.009843915999994124,0.11622004200000902,,,,,,,,,0.2535817919999772,0.25357808300003626,3.708999940954527e-06,0.37964574999998035,,,,,,,0.22914345899999944,0.02425641600001427,0.00017820800002255055,,,,,,,,,,,,,,,,,
5,800,14,CountSketch,0.03268066700002237,0.009843915999994124,0.11441179199999851,,,,,,,,,0.03268066700002237,0.033835584999962975,0.0,0.156936375000015,,,,,,,,,,6.991699999048251e-05,0.0011873340000079224,0.0011873340000079224,0.0021354589999873497,0.0013079999999945358,0.0007972500000050786,0.0006088750000117216,0.00036445799997864015,1.608299999134033e-05,0.026160874999987982,,,,,,,
5,800,14,SIGN Bidirectional,0.03809774999999149,0.009843915999994124,0.10883079199999202,,,,,,,,,0.03809774999999149,0.03807529200005888,2.2457999932612438e-05,0.15677245799997763,,,,,,,,,,,,,,,,,,,,0.00013049999998315798,0.006468459000018356,0.0025488339999810705,0.0008114170000226295,0.0003747080000096048,1.716600002055202e-05,0.02772420800002351
5,800,15,Random Projection,0.030808958000022812,0.00979841700001316,0.11306304199999317,0.0001282919999994192,0.0024607920000221384,0.0011815000000012787,0.0007329169999934493,0.000782999999984213,0.00024320900001839618,1.4334000013604964e-05,0.0252538750000042,0.030808958000022812,0.0307979190000367,1.1038999986112685e-05,0.15367041700002915,,,,,,,,,,,,,,,,,,,,,,,,,,
5,800,15,Random Sampling,0.060891124999983504,0.00979841700001316,0.1288137909999989,,,,,,,,,0.060891124999983504,0.060886709000016026,4.415999967477546e-06,0.19950333299999556,0.0026274999999884585,0.004276791999984653,0.02289345900001649,0.0006186250000155269,0.0011632080000083533,0.029307125000002543,,,,,,,,,,,,,,,,,,,,
5,800,15,Non-random,0.2538868330000241,0.00979841700001316,0.09454316599999402,,,,,,,,,0.2538868330000241,0.25388312500001575,3.7080000083733466e-06,0.3582284160000313,,,,,,,0.22804620900001282,0.02565754100001527,0.00017937499998765816,,,,,,,,,,,,,,,,,
5,800,15,CountSketch,0.026037750000000415,0.00979841700001316,0.09260012499998993,,,,,,,,,0.026037750000000415,0.027261084999963714,0.0,0.1284362920000035,,,,,,,,,,6.649999997421219e-05,0.001251584000016237,0.001251584000016237,0.0015061249999916981,0.001073040999983732,0.0004843339999922591,0.0005805419999944661,0.0002966659999970034,1.4125000006970367e-05,0.0207365839999909,,,,,,,
5,800,15,SIGN Bidirectional,0.031952500000016926,0.00979841700001316,0.08830966599998646,,,,,,,,,0.031952500000016926,0.031945375000020704,7.124999996221959e-06,0.13006058300001655,,,,,,,,,,,,,,,,,,,,0.00013062499999705324,0.00613604199998008,0.002079874999992626,0.0005073330000016085,0.000254959000017152,1.4041000014231031e-05,0.022822500000017953
5,800,16,Random Projection,0.030657416999986253,0.009774000000021488,0.09046604199997432,0.00012541700002088874,0.0018700409999894418,0.0015030420000243794,0.00045349999999189095,0.0004669580000040696,0.00033216700001048594,1.3957999982494584e-05,0.02588537500000143,0.030657416999986253,0.030650458000025083,6.958999961170775e-06,0.13089745899998206,,,,,,,,,,,,,,,,,,,,,,,,,,
5,800,16,Random Sampling,0.06653754100000242,0.009774000000021488,0.11304804200000262,,,,,,,,,0.06653754100000242,0.06653228999999783,5.251000004591333e-06,0.18935958300002653,0.0025746659999867916,0.004271125000002485,0.02455570800000828,0.0004373330000078113,0.0011323749999974098,0.03356108299999505,,,,,,,,,,,,,,,,,,,,
5,800,16,Non-random,0.25949662499999704,0.009774000000021488,0.09629125000000727,,,,,,,,,0.25949662499999704,0.25949299900000256,3.625999994483209e-06,0.3655618750000258,,,,,,,0.22815195799998378,0.031149583000001257,0.00019145800001751923,,,,,,,,,,,,,,,,,
5,800,16,CountSketch,0.02944329199999629,0.009774000000021488,0.08943354100000533,,,,,,,,,0.02944329199999629,0.030610542999909285,0.0,0.1286508330000231,,,,,,,,,,6.96669999911137e-05,0.0011953749999804586,0.0011953749999804586,0.0013445840000088083,0.0013326249999749962,0.0004362919999891801,0.0004936659999827953,0.0002824590000045646,1.5082999993865087e-05,0.024245417000003044,,,,,,,
5,800,16,SIGN Bidirectional,0.039104041000001644,0.009774000000021488,0.09059479200001874,,,,,,,,,0.039104041000001644,0.03909295699997983,1.1084000021810425e-05,0.13947283300004187,,,,,,,,,,,,,,,,,,,,0.00013108400000305664,0.007004082999998218,0.0031612909999978456,0.0005347079999751259,0.0002892500000086784,1.6125000001920853e-05,0.027956415999994988
5,800,17,Random Projection,0.025671833000018296,0.009800167000008742,0.09222454100000732,0.0001280420000000504,0.0016705000000172276,0.0010870420000230752,0.00041762499998299063,0.0004881250000039472,0.0002716669999927035,1.3999999993075107e-05,0.02158975000000396,0.025671833000018296,0.02566675100001703,5.082000001266351e-06,0.12769654100003436,,,,,,,,,,,,,,,,,,,,,,,,,,
5,800,17,Random Sampling,0.05501100000000747,0.009800167000008742,0.11608779200000185,,,,,,,,,0.05501100000000747,0.055004792999994834,6.207000012636854e-06,0.18089895900001807,0.002600999999998521,0.0042040419999977985,0.01765612500000202,0.00036800000000880573,0.001118916999985231,0.029056709000002456,,,,,,,,,,,,,,,,,,,,
5,800,17,Non-random,0.25366487499999835,0.009800167000008742,0.1239824580000004,,,,,,,,,0.25366487499999835,0.253660917000019,3.957999979320448e-06,0.3874475000000075,,,,,,,0.22710737500000278,0.026355042000005824,0.00019850000001042645,,,,,,,,,,,,,,,,,
5,800,17,CountSketch,0.031447874999997794,0.009800167000008742,0.11626599999999598,,,,,,,,,0.031447874999997794,0.03334925099991892,0.0,0.15751404200000252,,,,,,,,,,0.00012187500001914486,0.0019511249999766278,0.0019511249999766278,0.0024852500000065447,0.0012524169999892365,0.0005760419999774058,0.0006602079999993293,0.00047979199999304,1.537500000381442e-05,0.02385604199997715,,,,,,,
5,800,17,SIGN Bidirectional,0.036631415999977435,0.009800167000008742,0.11979974999999854,,,,,,,,,0.036631415999977435,0.036621166999964316,1.0249000013118348e-05,0.16623133299998472,,,,,,,,,,,,,,,,,,,,0.00013295799999468727,0.006430125000008502,0.0031086660000028132,0.0006993330000000242,0.00043770899998207824,2.166699999861521e-05,0.025790708999977596
5,800,18,Random Projection,0.036100916999998844,0.010496999999986656,0.11620433400000252,0.0001298340000062126,0.0024387910000029933,0.0015503750000220862,0.0008320000000026084,0.0008801660000017364,0.0003877500000157852,2.7250000016465492e-05,0.02984324999999899,0.036100916999998844,0.036089416000066876,1.1500999931968181e-05,0.16280225099998802,,,,,,,,,,,,,,,,,,,,,,,,,,
5,800,18,Random Sampling,0.07515816699998368,0.010496999999986656,0.14113674999998693,,,,,,,,,0.07515816699998368,0.07515220799996314,5.9590000205389515e-06,0.22679191699995727,0.0025917909999861877,0.0042594999999892025,0.03256487500001981,0.0005977499999971769,0.0011756669999840597,0.0339626249999867,,,,,,,,,,,,,,,,,,,,
5,800,18,Non-random,0.2530937499999766,0.010496999999986656,0.09652987499998744,,,,,,,,,0.2530937499999766,0.2530904170000099,3.3329999666875665e-06,0.3601206249999507,,,,,,,0.22340466700001116,0.029506832999999233,0.00017891699999950106,,,,,,,,,,,,,,,,,
5,800,18,CountSketch,0.028081833000015877,0.010496999999986656,0.0917324170000029,,,,,,,,,0.028081833000015877,0.029302373000007265,0.0,0.13031125000000543,,,,,,,,,,7.104200000185301e-05,0.0012487079999914386,0.0012487079999914386,0.001437750000008009,0.0010699169999952574,0.00042379100000289327,0.0004890830000192636,0.00026362500000232103,1.4582999995127466e-05,0.023035165999999663,,,,,,,
5,800,18,SIGN Bidirectional,0.033077458000008164,0.010496999999986656,0.0939656249999814,,,,,,,,,0.033077458000008164,0.033070209000044315,7.248999963849201e-06,0.13754008299997622,,,,,,,,,,,,,,,,,,,,0.00013441699999816592,0.006160458000010749,0.002373292000015681,0.00045191700002078505,0.0002588749999858919,1.5042000001130873e-05,0.02367620800001191
5,800,19,Random Projection,0.024742625000016005,0.009829542000005631,0.0928953330000013,0.00012775000001852277,0.0019330840000009175,0.0011089170000104787,0.0004121249999968768,0.000566832999993494,0.00033870900000465554,2.866700000936362e-05,0.020217666999997164,0.024742625000016005,0.024733752000031473,8.872999984532726e-06,0.12746750000002294,,,,,,,,,,,,,,,,,,,,,,,,,,
5,800,19,Random Sampling,0.053644500000018525,0.009829542000005631,0.11778308299997775,,,,,,,,,0.053644500000018525,0.05363849999994841,6.0000000701165845e-06,0.1812571250000019,0.0025858749999940756,0.0042717919999972764,0.0190385420000041,0.0004191249999792035,0.0011324580000007245,0.02619070799997303,,,,,,,,,,,,,,,,,,,,
5,800,19,Non-random,0.24140487500000063,0.009829542000005631,0.09501995799999463,,,,,,,,,0.24140487500000063,0.24140150099998436,3.3740000162651995e-06,0.3462543750000009,,,,,,,0.22249162500000352,0.018718333999999004,0.00019154199998183685,,,,,,,,,,,,,,,,,
5,800,19,CountSketch,0.022508041000008916,0.009829542000005631,0.09029533399998968,,,,,,,,,0.022508041000008916,0.023666040999927418,0.0,0.12263291700000423,,,,,,,,,,7.020799998258553e-05,0.0011842499999943357,0.0011842499999943357,0.001413749999983338,0.0011058330000253136,0.0006444579999822508,0.0005811249999965185,0.00031254199998898,1.4457999981232206e-05,0.017155166999998528,,,,,,,
5,800,19,SIGN Bidirectional,0.028776124999978947,0.009829542000005631,0.08950108300001602,,,,,,,,,0.028776124999978947,0.028767748999996456,8.375999982490612e-06,0.1281067500000006,,,,,,,,,,,,,,,,,,,,0.00013245799999594965,0.005965290999995432,0.0027884170000049835,0.0005229580000047918,0.00028125000000045475,1.558299999260271e-05,0.019061792000002242
5,800,20,Random Projection,0.02400741700000708,0.009819292000003088,0.09072479100001374,0.00012816599999609934,0.0018080410000038682,0.0011190840000097069,0.0004139579999957732,0.000498833000023069,0.00026954199998385775,1.4415999999073392e-05,0.019750041999998302,0.02400741700000708,0.02400208200000975,5.3349999973306694e-06,0.12455150000002391,,,,,,,,,,,,,,,,,,,,,,,,,,
5,800,20,Random Sampling,0.05051366700001836,0.009819292000003088,0.11417233400001692,,,,,,,,,0.05051366700001836,0.05050716600001692,6.501000001435386e-06,0.17450529300003836,0.003136874999995598,0.004287750000003143,0.01303016599999296,0.0003997500000139098,0.0011098330000152146,0.028542791999996098,,,,,,,,,,,,,,,,,,,,
5,800,20,Non-random,0.2538168750000125,0.009819292000003088,0.11246262499997783,,,,,,,,,0.2538168750000125,0.2538116669999795,5.20800003300792e-06,0.3760987919999934,,,,,,,0.23045224999998482,0.023029417000003605,0.00032999999999105967,,,,,,,,,,,,,,,,,
5,800,20,CountSketch,0.03138429200001269,0.009819292000003088,0.1114218750000191,,,,,,,,,0.03138429200001269,0.0325239590000308,0.0,0.15262545900003488,,,,,,,,,,6.500000000642103e-05,0.001174125000005688,0.001174125000005688,0.002527291000006926,0.0014134580000018104,0.0007937920000244958,0.0007832919999941623,0.00045104200000878336,2.7499999987412593e-05,0.024114333999989412,,,,,,,
5,800,20,SIGN Bidirectional,0.03506133299998737,0.009819292000003088,0.11140595899999539,,,,,,,,,0.03506133299998737,0.0350505420000502,1.0790999937171364e-05,0.15628658399998585,,,,,,,,,,,,,,,,,,,,0.00013133300001300086,0.007132542000022113,0.0033722500000124,0.0008179579999989528,0.0003782919999935075,3.000000000952241e-05,0.023188167000000703
5,1000,1,Random Projection,0.03200933300001907,0.014886040999982697,0.17666008300000158,0.0001587499999970987,0.0037858750000054897,0.0014661669999895821,0.0008601250000026539,0.0011104579999994257,0.00026479100000642575,1.7042000024503068e-05,0.024340875000007145,0.03200933300001907,0.032004083000032324,5.249999986745024e-06,0.22355545700000334,,,,,,,,,,,,,,,,,,,,,,,,,,
5,1000,1,Random Sampling,0.06133029200000806,0.014886040999982697,0.20425029199998335,,,,,,,,,0.06133029200000806,0.0613223730000243,7.918999983758113e-06,0.2804666249999741,0.004031666000003042,0.006546832999987373,0.018869750000021668,0.0006473749999997835,0.0016769160000080774,0.029549833000004355,,,,,,,,,,,,,,,,,,,,
5,1000,1,Non-random,0.31233316699999136,0.014886040999982697,0.18691400000000158,,,,,,,,,0.31233316699999136,0.3123292500000048,3.916999986586234e-06,0.5141332079999756,,,,,,,0.287616541999995,0.02439075000000912,0.0003219580000006772,,,,,,,,,,,,,,,,,
5,1000,1,CountSketch,0.035080625000006194,0.014886040999982697,0.17616987499999937,,,,,,,,,0.035080625000006194,0.03689141700004939,0.0,0.22613654099998826,,,,,,,,,,0.00011733300001992575,0.0018652920000192807,0.0018652920000192807,0.003171624999993128,0.00231649999997785,0.0010822499999960655,0.0011130420000142749,0.000425625000019636,3.745799998000621e-05,0.02489700000000994,,,,,,,
5,1000,1,SIGN Bidirectional,0.04402391600001465,0.014886040999982697,0.1709998750000068,,,,,,,,,0.04402391600001465,0.04401083300001574,1.3082999998914602e-05,0.22990983200000414,,,,,,,,,,,,,,,,,,,,0.00016045800001052157,0.011086082999980817,0.004732250000017757,0.0013728749999870615,0.0005057500000020809,3.9667000010013e-05,0.026113750000007485
5,1000,2,Random Projection,0.03197258400001601,0.017688999999990074,0.19836608399998568,0.00015700000000151704,0.003267166000000543,0.002032709000019395,0.0006369589999906111,0.0007027499999878728,0.0004080829999963953,3.3459000007951545e-05,0.0247238750000065,0.03197258400001601,0.03196200100001079,1.0583000005226495e-05,0.24802766799999176,,,,,,,,,,,,,,,,,,,,,,,,,,
5,1000,2,Random Sampling,0.059682584000000816,0.017688999999990074,0.1654416249999997,,,,,,,,,0.059682584000000816,0.05967379300003017,8.790999970642588e-06,0.2428132089999906,0.003990917000010086,0.006467624999999089,0.018239792000002808,0.0006999170000199229,0.0017235419999792612,0.028552000000019007,,,,,,,,,,,,,,,,,,,,
5,1000,2,Non-random,0.3191965000000039,0.017688999999990074,0.17122437499998,,,,,,,,,0.3191965000000039,0.3191923320000001,4.168000003801353e-06,0.508109874999974,,,,,,,0.291351958000007,0.027533666000010726,0.00030670799998233633,,,,,,,,,,,,,,,,,
5,1000,2,CountSketch,0.032252250000027516,0.017688999999990074,0.1623740830000031,,,,,,,,,0.032252250000027516,0.03381012400001282,0.0,0.2123153330000207,,,,,,,,,,6.895900000358779e-05,0.001591458000007151,0.001591458000007151,0.002908208000008017,0.0019875829999875805,0.000830457999995815,0.0007207920000098511,0.00037237500001197077,3.116599998520542e-05,0.02370766699999649,,,,,,,
5,1000,2,SIGN Bidirectional,0.03978608399998507,0.017688999999990074,0.17076241699999173,,,,,,,,,0.03978608399998507,0.039776542999959474,9.541000025592439e-06,0.22823750099996687,,,,,,,,,,,,,,,,,,,,0.00015629199998556942,0.009978291999999556,0.0045592919999819514,0.0010118330000068454,0.0003667919999941205,2.974999998173189e-05,0.0236742920000097
5,1000,3,Random Projection,0.03227662500000861,0.015499459000011484,0.16711779099998125,0.00015562500001919943,0.0036985410000056618,0.0015329589999737436,0.0011322500000119362,0.001033874999990303,0.00032162499999799365,1.7082999988815573e-05,0.0243786249999971,0.03227662500000861,0.032270582999984754,6.042000023853689e-06,0.21489387500000134,,,,,,,,,,,,,,,,,,,,,,,,,,
5,1000,3,Random Sampling,0.07156125000000202,0.015499459000011484,0.1998634999999922,,,,,,,,,0.07156125000000202,0.07155262599997059,8.624000031431933e-06,0.2869242090000057,0.003977332999994587,0.006548250000008693,0.029015041999997493,0.0007262919999959649,0.002038333999990982,0.029247374999982867,,,,,,,,,,,,,,,,,,,,
5,1000,3,Non-random,0.3169188330000168,0.015499459000011484,0.18167229099998394,,,,,,,,,0.3169188330000168,0.3169143329999713,4.500000045482011e-06,0.5140905830000122,,,,,,,0.2921512499999892,0.024274790999982088,0.0004882920000000013,,,,,,,,,,,,,,,,,
5,1000,3,CountSketch,0.03380995800000619,0.015499459000011484,0.1694569999999942,,,,,,,,,0.03380995800000619,0.03538312499998142,0.0,0.21876641700001187,,,,,,,,,,8.433300001797761e-05,0.0016066659999864896,0.0016066659999864896,0.0030245840000020507,0.0016011669999898004,0.0009922080000137612,0.0012593339999966702,0.00037304200000676246,3.2124999989946446e-05,0.02480299999999147,,,,,,,
5,1000,3,SIGN Bidirectional,0.03996404200000825,0.015499459000011484,0.16609483400000613,,,,,,,,,0.03996404200000825,0.03995754099994997,6.501000058278805e-06,0.22155833500002586,,,,,,,,,,,,,,,,,,,,0.00015550000000530417,0.00997066599998675,0.003816833000001907,0.0008694169999898804,0.00026975000000106775,1.766699998029253e-05,0.02485770799998477
5,1000,4,Random Projection,0.039291542000000845,0.01568683299998952,0.1689450000000079,0.00016041700001778736,0.004556666000013365,0.0015372499999841693,0.0015495829999849775,0.001633249999997588,0.0004362079999964408,4.029199999422417e-05,0.02936445899999285,0.039291542000000845,0.0392781249999814,1.3417000019444458e-05,0.22392337499999826,,,,,,,,,,,,,,,,,,,,,,,,,,
5,1000,4,Random Sampling,0.08075237500000298,0.01568683299998952,0.20516650000001846,,,,,,,,,0.08075237500000298,0.08074216599996475,1.0209000038230442e-05,0.30160570800001096,0.0035183329999881607,0.006531290999987505,0.030445874999998068,0.0007932919999973365,0.0020015000000057626,0.03745187499998792,,,,,,,,,,,,,,,,,,,,
5,1000,4,Non-random,0.32564154099998177,0.01568683299998952,0.1448336660000109,,,,,,,,,0.32564154099998177,0.32563512500001934,6.415999962428032e-06,0.4861620399999822,,,,,,,0.2967283750000149,0.028405875000004244,0.0005008750000001783,,,,,,,,,,,,,,,,,
5,1000,4,CountSketch,0.032950166999995645,0.01568683299998952,0.138183583,,,,,,,,,0.032950166999995645,0.034550749999965547,0.0,0.18682058299998516,,,,,,,,,,7.675000000517684e-05,0.0016329579999876387,0.0016329579999876387,0.0020554170000082195,0.0014550410000140346,0.0006519579999917369,0.0007660839999914515,0.00030875000001628905,1.8333999975084225e-05,0.025952499999988277,,,,,,,
5,1000,4,SIGN Bidirectional,0.04234120799998209,0.01568683299998952,0.13793375000000196,,,,,,,,,0.04234120799998209,0.042330042999964235,1.1165000017854254e-05,0.19596179099997357,,,,,,,,,,,,,,,,,,,,0.0001623340000094231,0.007996124999976928,0.0032027919999961796,0.0009008749999850352,0.0002130839999949785,2.9707999999573076e-05,0.029825125000002117
5,1000,5,Random Projection,0.030765709000007746,0.014945166000018162,0.13736408399998368,0.00016375000001289663,0.002719541999994135,0.0015319999999974243,0.0006755830000031438,0.0008437500000013642,0.000362749999993639,1.766599999086793e-05,0.02444070799998599,0.030765709000007746,0.03075574899997946,9.960000028286231e-06,0.18307495900000958,,,,,,,,,,,,,,,,,,,,,,,,,,
5,1000,5,Random Sampling,0.06827208400000018,0.014945166000018162,0.16567820800000277,,,,,,,,,0.06827208400000018,0.0682645010000158,7.582999984379057e-06,0.2488954580000211,0.003988625000005186,0.006589416999986497,0.023284791999998333,0.0005577500000129021,0.0016428750000159198,0.03220104199999696,,,,,,,,,,,,,,,,,,,,
5,1000,5,Non-random,0.32264179199998466,0.014945166000018162,0.1415923750000161,,,,,,,,,0.32264179199998466,0.3226377499999842,4.042000000481494e-06,0.4791793330000189,,,,,,,0.2958737079999878,0.026463292000016736,0.0003007499999796437,,,,,,,,,,,,,,,,,
5,1000,5,CountSketch,0.031248290999997153,0.014945166000018162,0.13325595800000656,,,,,,,,,0.031248290999997153,0.03283287500005372,0.0,0.17944941500002187,,,,,,,,,,7.170800000722011e-05,0.0016155000000139808,0.0016155000000139808,0.0020500830000003134,0.001500208999999586,0.0006499579999967864,0.0007820829999900525,0.00027950000000487307,1.720900002055714e-05,0.02425112500000637,,,,,,,
5,1000,5,SIGN Bidirectional,0.03483412500000327,0.014945166000018162,0.132296666000002,,,,,,,,,0.03483412500000327,0.03482520799997246,8.917000030805866e-06,0.18207595700002344,,,,,,,,,,,,,,,,,,,,0.00023345799999674455,0.008105458000017052,0.0031481249999956162,0.0006511249999903157,0.000284374999978354,1.937499999371539e-05,0.022383292000000665
5,1000,6,Random Projection,0.027167084000012665,0.015468832999999904,0.13510566700000481,0.00016116599999804748,0.002761208000009674,0.0014331250000054752,0.0007701250000025084,0.0008559170000239646,0.0003521250000062537,3.1040999999731866e-05,0.020793458000014198,0.027167084000012665,0.027158165000059853,8.918999952811646e-06,0.17774158400001738,,,,,,,,,,,,,,,,,,,,,,,,,,
5,1000,6,Random Sampling,0.054488665999997465,0.015468832999999904,0.16503358299999604,,,,,,,,,0.054488665999997465,0.05448091600001703,7.749999980433131e-06,0.2349910819999934,0.003974708000015426,0.0065173750000155906,0.01595524999999043,0.0005340419999981805,0.0016645830000072692,0.025834957999990138,,,,,,,,,,,,,,,,,,,,
5,1000,6,Non-random,0.3398868749999906,0.015468832999999904,0.1729022920000034,,,,,,,,,0.3398868749999906,0.33988258299999075,4.2919999998503044e-06,0.5282579999999939,,,,,,,0.31479129199999534,0.024601582999991933,0.0004897080000034748,,,,,,,,,,,,,,,,,
5,1000,6,CountSketch,0.03211220800000092,0.015468832999999904,0.17189087500000255,,,,,,,,,0.03211220800000092,0.03371045999998046,0.0,0.21947191600000338,,,,,,,,,,7.212500000264299e-05,0.0016289170000050035,0.0016289170000050035,0.002961124999984577,0.0013208329999940815,0.0009912090000057105,0.0007062500000074579,0.0003649999999879583,3.7666999986640803e-05,0.023998417000001382,,,,,,,
5,1000,6,SIGN Bidirectional,0.04072216700001263,0.015468832999999904,0.16891600000002427,,,,,,,,,0.04072216700001263,0.04071295600002145,9.210999991182689e-06,0.2251070000000368,,,,,,,,,,,,,,,,,,,,0.00016133300002252327,0.010372707999977138,0.003915792000015017,0.0010262909999880776,0.0003600830000038968,3.0208000026732407e-05,0.024846540999988065
5,1000,7,Random Projection,0.030298000000016145,0.015467250000000377,0.17048279100001196,0.0001530420000221966,0.004793624999990698,0.002033000000011498,0.0011610420000067734,0.000921292000015228,0.00044812499999125066,3.1042000017578175e-05,0.02073766699999169,0.030298000000016145,0.03027883500004691,1.9164999969234486e-05,0.21624804100002848,,,,,,,,,,,,,,,,,,,,,,,,,,
5,1000,7,Random Sampling,0.05949875000001725,0.015467250000000377,0.20598774999999137,,,,,,,,,0.05949875000001725,0.05949041800002419,8.33199999306089e-06,0.280953750000009,0.0040025000000127875,0.006524917000007235,0.020258166999980176,0.0007433750000132022,0.0019210840000027929,0.026040375000007998,,,,,,,,,,,,,,,,,,,,
5,1000,7,Non-random,0.3326836660000083,0.015467250000000377,0.18175274999998692,,,,,,,,,0.3326836660000083,0.3326785409999786,5.125000029693183e-06,0.5299036659999956,,,,,,,0.3073429160000103,0.0248284589999912,0.0005071659999771327,,,,,,,,,,,,,,,,,
5,1000,7,CountSketch,0.038785458000006656,0.015467250000000377,0.17679766700001665,,,,,,,,,0.038785458000006656,0.040366876000035745,0.0,0.23105037500002368,,,,,,,,,,7.32500000140135e-05,0.0016220420000081504,0.0016220420000081504,0.0032536249999850497,0.0017504999999857773,0.0010917920000110826,0.006789417000021558,0.0004328750000013315,3.5499999995636244e-05,0.023695833000004995,,,,,,,
5,1000,7,SIGN Bidirectional,0.03686774999999898,0.015467250000000377,0.1788849579999976,,,,,,,,,0.03686774999999898,0.03685695799998712,1.0792000011861091e-05,0.23121995799999695,,,,,,,,,,,,,,,,,,,,0.00023145800000179406,0.009765708000003315,0.0037544590000209155,0.0010608329999968191,0.00039262499998926614,2.0124999991821824e-05,0.021631749999983185
5,1000,8,Random Projection,0.03314408299999627,0.015054542000001447,0.17684737500002257,0.00016020800001115276,0.003562582999990127,0.0013189999999951851,0.0008802079999838952,0.0008172919999935857,0.00025245799997719587,3.279200001315985e-05,0.02610537500001442,0.03314408299999627,0.03312991599997872,1.416700001755089e-05,0.22504600000002029,,,,,,,,,,,,,,,,,,,,,,,,,,
5,1000,8,Random Sampling,0.06277945799999429,0.015054542000001447,0.19595354200001225,,,,,,,,,0.06277945799999429,0.06277087500004086,8.58299995343259e-06,0.273787542000008,0.004013084000007439,0.006545166000023528,0.01748062499999037,0.0004678330000160713,0.0023648749999836127,0.03189929200001984,,,,,,,,,,,,,,,,,,,,
5,1000,8,Non-random,0.3334030420000147,0.015054542000001447,0.18118754099998569,,,,,,,,,0.3334030420000147,0.3333983330000194,4.708999995273189e-06,0.5296451250000018,,,,,,,0.3068449579999992,0.0260632500000213,0.0004901249999988977,,,,,,,,,,,,,,,,,
5,1000,8,CountSketch,0.03650458399999934,0.015054542000001447,0.1672269999999969,,,,,,,,,0.03650458399999934,0.03882608499998241,0.0,0.2187861259999977,,,,,,,,,,0.00012037499999451029,0.002374709000008579,0.002374709000008579,0.0030305420000047434,0.0018085419999920305,0.0011704579999900488,0.001175958999994009,0.000394124999985479,3.2958000019789324e-05,0.026343707999984645,,,,,,,
5,1000,8,SIGN Bidirectional,0.03873708400001874,0.015054542000001447,0.1682905000000119,,,,,,,,,0.03873708400001874,0.03872816599997009,8.918000048652175e-06,0.22208212600003208,,,,,,,,,,,,,,,,,,,,0.0002313329999878988,0.009719541999999137,0.0035532499999817446,0.0008792080000148417,0.00027812499999413376,1.8124999996871338e-05,0.02404858299999546
5,1000,9,Random Projection,0.036269166000010955,0.014893457999988868,0.15920962500001679,0.00016445900001826885,0.0036496249999800057,0.0019885829999850557,0.0009287089999929776,0.0008138750000057371,0.0001411669999811238,1.766700000871424e-05,0.028554249999984904,0.036269166000010955,0.03625833499995679,1.0831000054167816e-05,0.2103722490000166,,,,,,,,,,,,,,,,,,,,,,,,,,
5,1000,9,Random Sampling,0.08058387500000208,0.014893457999988868,0.2040833329999998,,,,,,,,,0.08058387500000208,0.08057458399997586,9.291000026223628e-06,0.29956066599999076,0.0036449589999847376,0.006405083000004197,0.03039787500000557,0.0008637499999792908,0.0023971249999874544,0.03686579200001461,,,,,,,,,,,,,,,,,,,,
5,1000,9,Non-random,0.3116512919999934,0.014893457999988868,0.18096262500000648,,,,,,,,,0.3116512919999934,0.3116479990000016,3.292999991799661e-06,0.5075073749999888,,,,,,,0.28345608300000436,0.027913165999990497,0.00027875000000676664,,,,,,,,,,,,,,,,,
5,1000,9,CountSketch,0.03720774999999321,0.014893457999988868,0.16434270800002082,,,,,,,,,0.03720774999999321,0.038786999999956606,0.0,0.2164439160000029,,,,,,,,,,7.262500000138061e-05,0.001607832999980019,0.001607832999980019,0.0030025830000113274,0.001764750000006643,0.000865750000002663,0.0009511250000002747,0.00026070799998478833,1.683400000729307e-05,0.0286369589999822,,,,,,,
5,1000,9,SIGN Bidirectional,0.041802917000012485,0.014893457999988868,0.16402929099999142,,,,,,,,,0.041802917000012485,0.041793582999986256,9.33400002622875e-06,0.22072566599999277,,,,,,,,,,,,,,,,,,,,0.00015599999997562009,0.0106295829999965,0.004476000000011027,0.0010934999999960837,0.00034487499999613647,3.595900000163965e-05,0.02505766600000925
5,1000,10,Random Projection,0.0305706660000169,0.015278040999987752,0.17517433299997265,0.0001609580000092592,0.002949916999995139,0.0015687089999971704,0.0010266250000086075,0.0012257919999854039,0.0003850410000154625,3.354099999341997e-05,0.023211708999980374,0.0305706660000169,0.030562291999984836,8.374000032063122e-06,0.2210230399999773,,,,,,,,,,,,,,,,,,,,,,,,,,
5,1000,10,Random Sampling,0.0622615000000053,0.015278040999987752,0.20202575000001843,,,,,,,,,0.0622615000000053,0.062253666000003705,7.834000001594177e-06,0.2795652910000115,0.003963791000018091,0.006542542000005369,0.017471749999998565,0.0007603749999987031,0.0022508329999766374,0.03126437500000634,,,,,,,,,,,,,,,,,,,,
5,1000,10,Non-random,0.3360264579999921,0.015278040999987752,0.17747674999998253,,,,,,,,,0.3360264579999921,0.3360228749999976,3.5829999944780866e-06,0.5287812489999624,,,,,,,0.30844933299999866,0.027290249999992966,0.00028329200000598576,,,,,,,,,,,,,,,,,
5,1000,10,CountSketch,0.037345958000003066,0.015278040999987752,0.17772087499997724,,,,,,,,,0.037345958000003066,0.03901787499995635,0.0,0.23034487399996806,,,,,,,,,,9.237499997993837e-05,0.001716874999999618,0.001716874999999618,0.0031022089999908076,0.0016343339999878026,0.0011300410000103511,0.0012332910000054653,0.0003787500000100863,3.17919999872629e-05,0.027981332999985398,,,,,,,
5,1000,10,SIGN Bidirectional,0.03968783400000575,0.015278040999987752,0.1406220410000003,,,,,,,,,0.03968783400000575,0.039672833000025776,1.500099997997495e-05,0.1955879159999938,,,,,,,,,,,,,,,,,,,,0.0002677909999988515,0.00961158300000875,0.003927624999988666,0.0010642910000058237,0.00041679200000999117,3.083400000036818e-05,0.024353917000013325
5,1000,11,Random Projection,0.032132584000009956,0.015098791000013989,0.13476779200001943,0.0002516669999863552,0.003081959000013512,0.002041166999987354,0.0007481670000117902,0.0007602919999953883,0.00033991600000149447,1.741700000934543e-05,0.024879124999984015,0.032132584000009956,0.032119709999989254,1.2874000020701715e-05,0.18199916700004337,,,,,,,,,,,,,,,,,,,,,,,,,,
5,1000,11,Random Sampling,0.07261879200001431,0.015098791000013989,0.16563850000000002,,,,,,,,,0.07261879200001431,0.07261225000002014,6.5419999941696005e-06,0.2533560830000283,0.003973709000007375,0.006590000000016971,0.02408804099999884,0.0005274170000006961,0.0016670420000082231,0.035766040999988036,,,,,,,,,,,,,,,,,,,,
5,1000,11,Non-random,0.32149599999999623,0.015098791000013989,0.17475754200000893,,,,,,,,,0.32149599999999623,0.32149254200001565,3.4579999805828265e-06,0.5113523330000191,,,,,,,0.2920259170000179,0.02914687499998081,0.00031975000001693843,,,,,,,,,,,,,,,,,
5,1000,11,CountSketch,0.03680108300000029,0.015098791000013989,0.16292687499998237,,,,,,,,,0.03680108300000029,0.039134290000077954,0.0,0.21482674899999665,,,,,,,,,,0.00011654200000066339,0.002385916000008592,0.002385916000008592,0.002781083000002127,0.0018922920000079557,0.0009210000000052787,0.0009770830000093156,0.0003990830000191181,3.1875000018999344e-05,0.02724349999999731,,,,,,,
5,1000,11,SIGN Bidirectional,0.04217833399999904,0.015098791000013989,0.16785279200001924,,,,,,,,,0.04217833399999904,0.04216812400002823,1.0209999970811623e-05,0.22512991700003226,,,,,,,,,,,,,,,,,,,,0.00015795800001683347,0.009555500000004713,0.004255833000001985,0.000989750000002232,0.00037770800000203053,3.058299998315306e-05,0.02680079200001728
5,1000,12,Random Projection,0.032658249999997224,0.014901542000018253,0.16948087500000497,0.00015733300000420058,0.003402708999999504,0.0019972909999808053,0.0011031249999859938,0.0009525830000143287,0.00038133300000708914,3.145799999515475e-05,0.02462166699999102,0.032658249999997224,0.0326474989999781,1.0751000019126877e-05,0.21704066700002045,,,,,,,,,,,,,,,,,,,,,,,,,,
5,1000,12,Random Sampling,0.0607657920000122,0.014901542000018253,0.19997887499999933,,,,,,,,,0.0607657920000122,0.06075741600002971,8.375999982490612e-06,0.2756462090000298,0.0039794159999928524,0.006500875000000406,0.02054612500000985,0.0007052500000099826,0.002244917000012947,0.026780833000003668,,,,,,,,,,,,,,,,,,,,
5,1000,12,Non-random,0.3084620830000233,0.014901542000018253,0.16790000000000305,,,,,,,,,0.3084620830000233,0.308457208999954,4.8740000693214824e-06,0.4912636250000446,,,,,,,0.2859287499999823,0.022040249999975003,0.00048820899999668654,,,,,,,,,,,,,,,,,
5,1000,12,CountSketch,0.0324619160000168,0.014901542000018253,0.1645680000000027,,,,,,,,,0.0324619160000168,0.034058832000027905,0.0,0.21193145800003776,,,,,,,,,,7.020800001100724e-05,0.0016301250000196887,0.0016301250000196887,0.002942291000010755,0.002033457999999655,0.0010931669999934002,0.001136124999987942,0.0004265409999959502,1.7958000000817265e-05,0.023078833999989,,,,,,,
5,1000,12,SIGN Bidirectional,0.04183341699999232,0.014901542000018253,0.17739275000002408,,,,,,,,,0.04183341699999232,0.04182358299996736,9.834000024966372e-06,0.23412770900003466,,,,,,,,,,,,,,,,,,,,0.0001616659999967851,0.008862082999996801,0.004244166999995969,0.0010909160000096563,0.0003634169999884307,2.9249999982994268e-05,0.02707208399999672
5,1000,13,Random Projection,0.03932362500000863,0.014953625000003967,0.1687961659999928,0.0001603329999966263,0.003455333000005112,0.001478582999993705,0.000649084000002631,0.0006714170000066133,0.00019199999999841566,3.083399997194647e-05,0.03267716600001336,0.03932362500000863,0.03931474999998841,8.875000020225343e-06,0.2230734160000054,,,,,,,,,,,,,,,,,,,,,,,,,,
5,1000,13,Random Sampling,0.07143049999999107,0.014953625000003967,0.2115440000000035,,,,,,,,,0.07143049999999107,0.07142216599996232,8.334000028753508e-06,0.29792812499999854,0.003662875000003396,0.006509707999981629,0.02768104099999391,0.0004772499999887714,0.002375041999982841,0.03071625000001177,,,,,,,,,,,,,,,,,,,,
5,1000,13,Non-random,0.32053683300000557,0.014953625000003967,0.1802402499999971,,,,,,,,,0.32053683300000557,0.32053287499999783,3.958000007742157e-06,0.5157307080000066,,,,,,,0.29131420799998864,0.028918167000000494,0.0003005000000086966,,,,,,,,,,,,,,,,,
5,1000,13,CountSketch,0.03284091699998726,0.014953625000003967,0.13705508399999644,,,,,,,,,0.03284091699998726,0.03449591600002577,0.0,0.18484962599998767,,,,,,,,,,7.829099999412392e-05,0.0016930419999994228,0.0016930419999994228,0.002846874999988813,0.0017076670000051308,0.0009193749999951706,0.0009792080000181613,0.0001366250000103264,2.0375000019612344e-05,0.024421415999995588,,,,,,,
5,1000,13,SIGN Bidirectional,0.03936400000000617,0.014953625000003967,0.15184833300000378,,,,,,,,,0.03936400000000617,0.03935462699996606,9.373000040113766e-06,0.20616595800001392,,,,,,,,,,,,,,,,,,,,0.00016691700000137644,0.008953458000007686,0.0031092089999731343,0.0007563750000088021,0.0002705839999919135,1.7999999982976078e-05,0.02608008400000017
5,1000,14,Random Projection,0.02923812500000622,0.014930917000015143,0.13384533299998225,0.0001592079999852558,0.0025156660000220654,0.0014497919999882924,0.0006313330000011774,0.0007395409999730873,0.00027154099998938364,1.7624999998133717e-05,0.02344541700000491,0.02923812500000622,0.029230122999962305,8.002000043916269e-06,0.1780143750000036,,,,,,,,,,,,,,,,,,,,,,,,,,
5,1000,14,Random Sampling,0.06585504099999184,0.014930917000015143,0.1684726249999926,,,,,,,,,0.06585504099999184,0.06584816699995599,6.8740000358502584e-06,0.2492585829999996,0.003960332999980665,0.006544791999999688,0.02232770800000594,0.0005549169999881087,0.0017013749999819083,0.03075904199999968,,,,,,,,,,,,,,,,,,,,
5,1000,14,Non-random,0.31469016700000907,0.014930917000015143,0.14085533299999042,,,,,,,,,0.31469016700000907,0.314686542000004,3.6250000050586095e-06,0.47047641700001464,,,,,,,0.2910326669999961,0.023353167000010444,0.0003007079999974849,,,,,,,,,,,,,,,,,
5,1000,14,CountSketch,0.02977779200000441,0.014930917000015143,0.13302733399999056,,,,,,,,,0.02977779200000441,0.031362082000043756,0.0,0.1777360430000101,,,,,,,,,,7.008300002553369e-05,0.0016152090000218777,0.0016152090000218777,0.0021238749999952233,0.0015173749999917163,0.000758332999993172,0.0007954160000167576,0.0003727079999862326,1.7958000000817265e-05,0.022475915999990548,,,,,,,
5,1000,14,SIGN Bidirectional,0.03515849999999432,0.014930917000015143,0.13343141600000763,,,,,,,,,0.03515849999999432,0.035148417000044674,1.0082999949645455e-05,0.1835208330000171,,,,,,,,,,,,,,,,,,,,0.00016079200000262972,0.008177415999995219,0.0033796670000185713,0.0006572080000069036,0.0002782090000152948,1.7708000001448454e-05,0.022477417000004607
5,1000,15,Random Projection,0.028093709000017952,0.014998999999988882,0.13408379200001264,0.00015641699999946468,0.0024984170000266204,0.001468250000016269,0.0006396670000015092,0.0007807080000077349,0.00028125000000045475,1.7999999982976078e-05,0.022244292000010546,0.028093709000017952,0.028087001000045575,6.707999972377365e-06,0.17717650100001947,,,,,,,,,,,,,,,,,,,,,,,,,,
5,1000,15,Random Sampling,0.06482491599999207,0.014998999999988882,0.1638515420000033,,,,,,,,,0.06482491599999207,0.06481812600009107,6.789999901002375e-06,0.24367545799998425,0.003963917000021411,0.006539000000003625,0.021670875000012302,0.0004979170000183331,0.0016715000000147029,0.030474917000020696,,,,,,,,,,,,,,,,,,,,
5,1000,15,Non-random,0.320720209000001,0.014998999999988882,0.17146216599999775,,,,,,,,,0.320720209000001,0.3207152920000169,4.9169999840614764e-06,0.5071813749999876,,,,,,,0.2946649579999985,0.02556129200002033,0.0004890419999981077,,,,,,,,,,,,,,,,,
5,1000,15,CountSketch,0.034693916999998464,0.014998999999988882,0.1668151249999994,,,,,,,,,0.034693916999998464,0.03626391700007048,0.0,0.21650804199998674,,,,,,,,,,6.970800001226962e-05,0.0016036250000013297,0.0016036250000013297,0.0027549170000042977,0.001968208000022287,0.0007787920000055237,0.0009212909999973817,0.0003690420000168615,3.191700000115816e-05,0.02616279200000804,,,,,,,
5,1000,15,SIGN Bidirectional,0.04322895799998605,0.014998999999988882,0.13544341700000473,,,,,,,,,0.04322895799998605,0.04322083399998178,8.124000004272602e-06,0.19367137499997966,,,,,,,,,,,,,,,,,,,,0.0002308749999997417,0.010140707999994447,0.004323708000015358,0.0009278339999809759,0.00025845899997989363,1.7000000013922545e-05,0.02732224999999744
5,1000,16,Random Projection,0.028480416000007835,0.014871666999994204,0.13276087500000244,0.0001600840000151038,0.0026363329999981033,0.0014635410000209959,0.0006627919999857568,0.0008786669999949481,0.00029658299999368865,3.2125000018368155e-05,0.022342624999993177,0.028480416000007835,0.02847275000002014,7.665999987693795e-06,0.17611295800000448,,,,,,,,,,,,,,,,,,,,,,,,,,
5,1000,16,Random Sampling,0.06534429100000239,0.014871666999994204,0.16493304200000125,,,,,,,,,0.06534429100000239,0.06533783400004722,6.456999955162246e-06,0.24514899999999784,0.003968667000009418,0.006645125000005692,0.023443500000013273,0.0005806660000189368,0.0017432089999829259,0.028956667000016978,,,,,,,,,,,,,,,,,,,,
5,1000,16,Non-random,0.3310117920000266,0.014871666999994204,0.17860208300001545,,,,,,,,,0.3310117920000266,0.3310050409999974,6.7510000292259065e-06,0.5244855420000363,,,,,,,0.30291233299999476,0.027480625000009695,0.0006120829999929356,,,,,,,,,,,,,,,,,
5,1000,16,CountSketch,0.03928099999998835,0.014871666999994204,0.17416195800001333,,,,,,,,,0.03928099999998835,0.04096583199998349,0.0,0.22831462499999589,,,,,,,,,,7.400000001211993e-05,0.001719791999988729,0.001719791999988729,0.002882166999995661,0.0016017499999918527,0.0010848329999930684,0.0010641659999919284,0.0003920409999977892,3.183300000841882e-05,0.030395458000015196,,,,,,,
5,1000,16,SIGN Bidirectional,0.04354879200002415,0.014871666999994204,0.1373515000000225,,,,,,,,,0.04354879200002415,0.04353808399991976,1.0708000104386883e-05,0.19577195900004085,,,,,,,,,,,,,,,,,,,,0.00016112499997689156,0.00912479099997654,0.004247167000016816,0.0011437089999901673,0.00043162499997606574,3.379199998221338e-05,0.02839587500000107
5,1000,17,Random Projection,0.0338595830000088,0.015032375000004095,0.1390442080000014,0.00015866599997593767,0.002443207999988317,0.0018720420000022386,0.0013081669999905898,0.000899457999992137,0.0004508340000199951,4.133299998443363e-05,0.026674207999974442,0.0338595830000088,0.03384791599992809,1.1667000080706202e-05,0.18793616600001428,,,,,,,,,,,,,,,,,,,,,,,,,,
5,1000,17,Random Sampling,0.06850233299999786,0.015032375000004095,0.16548816600001715,,,,,,,,,0.06850233299999786,0.06849604100003148,6.2919999663790804e-06,0.2490228740000191,0.003965208000010989,0.006598125000010668,0.022047958999991124,0.0005611660000113261,0.001659583000019893,0.03366399999998748,,,,,,,,,,,,,,,,,,,,
5,1000,17,Non-random,0.33915691699999684,0.015032375000004095,0.14241179100000068,,,,,,,,,0.33915691699999684,0.33915325099999905,3.6659999977928237e-06,0.4966010830000016,,,,,,,0.3122026669999798,0.026650708999994777,0.0002998750000244854,,,,,,,,,,,,,,,,,
5,1000,17,CountSketch,0.0337027090000106,0.015032375000004095,0.13278112500000816,,,,,,,,,0.0337027090000106,0.035300125999981447,0.0,0.18151620900002285,,,,,,,,,,7.650000000580803e-05,0.0016324999999994816,0.0016324999999994816,0.002310915999998997,0.001771249999990232,0.0007413339999970958,0.0007606249999980719,0.00036695900001859627,1.9041999991031844e-05,0.02598849999998265,,,,,,,
5,1000,17,SIGN Bidirectional,0.03485516699998925,0.015032375000004095,0.1309152919999974,,,,,,,,,0.03485516699998925,0.03484720899999161,7.957999997643128e-06,0.18080283399999075,,,,,,,,,,,,,,,,,,,,0.00016170800000736563,0.008310249999993857,0.0030794580000019778,0.0007757089999813616,0.00027137499998275416,1.754200002324069e-05,0.02223116700000105
5,1000,18,Random Projection,0.026226207999997087,0.01496791699997857,0.14903950000001487,0.00015929199997799515,0.0026035830000239457,0.0014820000000099753,0.0006180839999956333,0.0007175830000107908,0.0002723329999980706,1.69159999927615e-05,0.02035016600001427,0.026226207999997087,0.02621995700002344,6.250999973644866e-06,0.19023362499999052,,,,,,,,,,,,,,,,,,,,,,,,,,
5,1000,18,Random Sampling,0.06613841700001899,0.01496791699997857,0.1652034159999971,,,,,,,,,0.06613841700001899,0.06613191599996071,6.501000058278805e-06,0.24630974999999466,0.003960124999991876,0.006545707999976003,0.02259208300000637,0.0005263329999820598,0.0016517500000077234,0.03085591699999668,,,,,,,,,,,,,,,,,,,,
5,1000,18,Non-random,0.3192173749999938,0.01496791699997857,0.17905387499999392,,,,,,,,,0.3192173749999938,0.31921395700001653,3.4179999772732117e-06,0.5132391669999663,,,,,,,0.29419870800001036,0.0247152910000068,0.00029995799999937844,,,,,,,,,,,,,,,,,
5,1000,18,CountSketch,0.03209008400000357,0.01496791699997857,0.168432958000011,,,,,,,,,0.03209008400000357,0.033669833999994125,0.0,0.21549095899999315,,,,,,,,,,7.141699998669537e-05,0.0016063340000016524,0.0016063340000016524,0.0027255830000001424,0.0015224999999929878,0.0008263750000025993,0.0009294159999910789,0.00017074999999522333,1.6875000000027285e-05,0.024194250000022066,,,,,,,
5,1000,18,SIGN Bidirectional,0.041699583999985634,0.01496791699997857,0.16472287499999538,,,,,,,,,0.041699583999985634,0.041687835000004725,1.1748999980909502e-05,0.2213903759999596,,,,,,,,,,,,,,,,,,,,0.0002308340000070075,0.009995583000005581,0.004045042000001331,0.00102254199998697,0.0003708340000230237,2.9082999986940195e-05,0.02599391699999387
5,1000,19,Random Projection,0.034829250000001366,0.014844791999991003,0.1332796670000107,0.00015474999997877603,0.0036204160000181673,0.0018722079999804464,0.0010293750000016644,0.0010716250000086802,0.0004031669999733367,2.0582999979978922e-05,0.026641041999994286,0.034829250000001366,0.034813165999935336,1.6084000066030057e-05,0.18295370900000307,,,,,,,,,,,,,,,,,,,,,,,,,,
5,1000,19,Random Sampling,0.06948345799997924,0.014844791999991003,0.1646300000000167,,,,,,,,,0.06948345799997924,0.06947679099997117,6.667000008064861e-06,0.24895824999998695,0.003965999999991254,0.006538916000010886,0.02254558299998166,0.0005690829999878133,0.001680208999999877,0.03417699999999968,,,,,,,,,,,,,,,,,,,,
5,1000,19,Non-random,0.3288924160000022,0.014844791999991003,0.1816846250000026,,,,,,,,,0.3288924160000022,0.3288871670000333,5.2489999688987155e-06,0.5254218329999958,,,,,,,0.3016927080000187,0.02667145899999923,0.0005230000000153723,,,,,,,,,,,,,,,,,
5,1000,19,CountSketch,0.033646042000015086,0.014844791999991003,0.13760999999999513,,,,,,,,,0.033646042000015086,0.03523820700002034,0.0,0.18610083400000121,,,,,,,,,,7.429199999364755e-05,0.001623208000012255,0.001623208000012255,0.003046333000014556,0.0018215830000087863,0.0008068749999949887,0.0009673329999770885,0.00020704199999954653,1.8917000005558293e-05,0.025049416000001656,,,,,,,
5,1000,19,SIGN Bidirectional,0.03821962500001064,0.014844791999991003,0.13771520899999246,,,,,,,,,0.03821962500001064,0.03820962499995062,1.0000000060017555e-05,0.1907796259999941,,,,,,,,,,,,,,,,,,,,0.0001614579999795751,0.00863204099999848,0.003566957999993292,0.0007725000000107229,0.00028283399998940695,1.754199999481898e-05,0.024776291999984323
5,1000,20,Random Projection,0.02867899999998258,0.014961333000002242,0.1367180000000019,0.00017775000000597174,0.002715542000004234,0.0016529170000012527,0.0006063330000074529,0.0008841659999916374,0.0003573749999929987,3.279099999531354e-05,0.022239583000015273,0.02867899999998258,0.028666457000014134,1.2542999968445656e-05,0.18035833299998671,,,,,,,,,,,,,,,,,,,,,,,,,,
5,1000,20,Random Sampling,0.06793470799999568,0.014961333000002242,0.16790408300002468,,,,,,,,,0.06793470799999568,0.06792629200000988,8.415999985800227e-06,0.2508001240000226,0.0039938329999813504,0.006539082999978518,0.02359383400002457,0.0008075000000076216,0.0017485840000119879,0.03124345800000583,,,,,,,,,,,,,,,,,,,,
5,1000,20,Non-random,0.32224345800000265,0.014961333000002242,0.16910541699999726,,,,,,,,,0.32224345800000265,0.3222402090000003,3.2490000023699395e-06,0.5063102080000021,,,,,,,0.29551483400001644,0.0264456249999796,0.0002797500000042419,,,,,,,,,,,,,,,,,
5,1000,20,CountSketch,0.03622629199998073,0.014961333000002242,0.16579416700000138,,,,,,,,,0.03622629199998073,0.03853179199998635,0.0,0.21698179199998435,,,,,,,,,,0.00011454200000571291,0.0023609999999791853,0.0023609999999791853,0.002618334000004552,0.0019253750000132186,0.0007818750000012642,0.0010620829999936632,0.0003879999999867323,3.2250000003841706e-05,0.026887333000018998,,,,,,,
5,1000,20,SIGN Bidirectional,0.040715167000001884,0.014961333000002242,0.13199395800000957,,,,,,,,,0.040715167000001884,0.04070533299997692,9.834000024966372e-06,0.1876704580000137,,,,,,,,,,,,,,,,,,,,0.00016450000001100307,0.010425416000003906,0.003866040999980669,0.0008879170000000158,0.00038312499998482963,3.699999999184911e-05,0.024941334000004645
5,1200,1,Random Projection,0.02908391699997992,0.021391249999993533,0.18990983300000153,0.00018537500000093132,0.0034457090000046264,0.0022313329999974485,0.0009362920000057784,0.0010555839999994987,0.0003485409999939293,2.1083999996562852e-05,0.020849583000000393,0.02908391699997992,0.02907350099999917,1.0415999980750712e-05,0.24038499999997498,,,,,,,,,,,,,,,,,,,,,,,,,,
5,1200,1,Random Sampling,0.06351308300000369,0.021391249999993533,0.22458366699999033,,,,,,,,,0.06351308300000369,0.06350625000004584,6.832999957850916e-06,0.30948799999998755,0.00564754199999129,0.009542707999997901,0.018323875000021417,0.0006695830000182923,0.0024578750000046057,0.026864667000012332,,,,,,,,,,,,,,,,,,,,
5,1200,1,Non-random,0.42239766599999484,0.021391249999993533,0.24204616700001225,,,,,,,,,0.42239766599999484,0.4223945429999958,3.12299999905008e-06,0.6858350830000006,,,,,,,0.3966515000000186,0.02531333399997493,0.0004297090000022763,,,,,,,,,,,,,,,,,
5,1200,1,CountSketch,0.03426045899999508,0.021391249999993533,0.23502270800000247,,,,,,,,,0.03426045899999508,0.03668150100003231,0.0,0.2906744169999911,,,,,,,,,,7.691700000123092e-05,0.002455292000007603,0.002455292000007603,0.0031054160000110187,0.0016467499999919255,0.0008756249999919419,0.0010545000000092841,0.00019025000000283399,3.595900000163965e-05,0.024785500000007232,,,,,,,
5,1200,1,SIGN Bidirectional,0.04173262500000874,0.021391249999993533,0.24469020800000862,,,,,,,,,0.04173262500000874,0.0417215009999552,1.112400005354175e-05,0.3078140830000109,,,,,,,,,,,,,,,,,,,,0.0002218749999940428,0.010153791999982786,0.004400707999991482,0.0008556250000140153,0.00012687499997809937,2.058399999782523e-05,0.025942041999996945
5,1200,2,Random Projection,0.03647845800000482,0.021619166000022005,0.18880766699999185,0.0001905000000022028,0.005170542000001888,0.001745499999998401,0.0010954169999877195,0.0009207919999880687,0.00019441599999936443,3.6582999996426224e-05,0.027115374999993946,0.03647845800000482,0.03646912499996802,9.333000036804151e-06,0.24690529100001868,,,,,,,,,,,,,,,,,,,,,,,,,,
5,1200,2,Random Sampling,0.07687874999999167,0.021619166000022005,0.2273863750000089,,,,,,,,,0.07687874999999167,0.07686983299998928,8.917000002384157e-06,0.3258842910000226,0.005697916999992003,0.009537915999999313,0.024748166999984278,0.0006633330000056503,0.0026594580000107726,0.03356304199999727,,,,,,,,,,,,,,,,,,,,
5,1200,2,Non-random,0.4549500420000072,0.021619166000022005,0.20763937500001362,,,,,,,,,0.4549500420000072,0.45494629099999884,3.751000008378469e-06,0.6842085830000428,,,,,,,0.42413958299999877,0.03040545799998995,0.0004012500000101227,,,,,,,,,,,,,,,,,
5,1200,2,CountSketch,0.03493191699999443,0.021619166000022005,0.19607437499999492,,,,,,,,,0.03493191699999443,0.037419875000097136,0.0,0.25262545800001135,,,,,,,,,,8.045800001355019e-05,0.0025214580000181286,0.0025214580000181286,0.0028922080000199912,0.0017727499999864449,0.0008401249999963056,0.0008756250000203636,0.0001242090000062035,2.0500000005085894e-05,0.025771084000012934,,,,,,,
5,1200,2,SIGN Bidirectional,0.04086387500001365,0.021619166000022005,0.19319887500000732,,,,,,,,,0.04086387500001365,0.04085374999993974,1.0125000073912815e-05,0.255681916000043,,,,,,,,,,,,,,,,,,,,0.0002746250000029704,0.009290124999978389,0.004188458000015771,0.0008223749999842767,0.00011758399998029745,1.9624999993084202e-05,0.02614095799998495
5,1200,3,Random Projection,0.03335508300000356,0.021406041999995296,0.18820704200001614,0.00019091600000820108,0.003480624999980364,0.0014945409999995718,0.0008154589999946893,0.0009296249999977135,0.00024300000001176159,2.3041999980932815e-05,0.026170042000018157,0.03335508300000356,0.03334724999999139,7.833000012169578e-06,0.242968167000015,,,,,,,,,,,,,,,,,,,,,,,,,,
5,1200,3,Random Sampling,0.07340066599999773,0.021406041999995296,0.22189245900000287,,,,,,,,,0.07340066599999773,0.0733927919999644,7.874000033325501e-06,0.3166991669999959,0.005648084000000608,0.009435624999980519,0.023888916999993626,0.000732040999992023,0.0024670420000063586,0.031221082999991268,,,,,,,,,,,,,,,,,,,,
5,1200,3,Non-random,0.4320695419999936,0.021406041999995296,0.1997342500000059,,,,,,,,,0.4320695419999936,0.43206587500000637,3.666999987217423e-06,0.6532098339999948,,,,,,,0.40431166700000176,0.02735383300000649,0.000400374999998121,,,,,,,,,,,,,,,,,
5,1200,3,CountSketch,0.03340349999999148,0.021406041999995296,0.1881557080000107,,,,,,,,,0.03340349999999148,0.03587262400000668,0.0,0.24296524999999747,,,,,,,,,,7.825000000138971e-05,0.0025040419999982078,0.0025040419999982078,0.0027345830000058413,0.00186162499997522,0.0008273750000000746,0.0010356660000070406,0.0001939160000006268,3.6500000021533197e-05,0.02409662499999854,,,,,,,
5,1200,3,SIGN Bidirectional,0.03966374999998834,0.021406041999995296,0.18693375000000856,,,,,,,,,0.03966374999998834,0.03965516599996022,8.584000028122318e-06,0.2480035419999922,,,,,,,,,,,,,,,,,,,,0.00019104199998309923,0.009972624999988966,0.004175624999987804,0.0008088330000077804,0.00019100000000094042,2.1833000005244685e-05,0.024294207999986384
5,1200,4,Random Projection,0.027808125000007067,0.021266375000010385,0.19039774999998826,0.0001880000000085147,0.0033368750000022374,0.001830416999979434,0.0008390420000239374,0.0009045420000006743,0.00012474999999767533,1.9625000021505912e-05,0.02055733299999929,0.027808125000007067,0.027800584000033268,7.5409999737985345e-06,0.23947225000000572,,,,,,,,,,,,,,,,,,,,,,,,,,
5,1200,4,Random Sampling,0.06219029100000739,0.021266375000010385,0.2254757500000153,,,,,,,,,0.06219029100000739,0.06218171000003281,8.580999974583392e-06,0.30893241600003307,0.005646541999993815,0.009492875000006507,0.016667000000012422,0.0008001669999941896,0.0028115420000176528,0.026763584000008223,,,,,,,,,,,,,,,,,,,,
5,1200,4,Non-random,0.43187470799998096,0.021266375000010385,0.2036493329999871,,,,,,,,,0.43187470799998096,0.4318711670000255,3.5409999554758542e-06,0.6567904159999784,,,,,,,0.40436500000001274,0.027075749999994514,0.0004304170000182239,,,,,,,,,,,,,,,,,
5,1200,4,CountSketch,0.03335891600002583,0.021266375000010385,0.19714108300001953,,,,,,,,,0.03335891600002583,0.03594199999994885,0.0,0.25176637400005575,,,,,,,,,,8.058400001687005e-05,0.002619915999986233,0.002619915999986233,0.002855749999980617,0.001791667000020425,0.0010312919999933001,0.0009767079999960515,0.00025716700000089077,4.683399998839377e-05,0.023662165999979834,,,,,,,
5,1200,4,SIGN Bidirectional,0.03790354099999149,0.021266375000010385,0.2140313329999799,,,,,,,,,0.03790354099999149,0.03789304000002858,1.0500999962914648e-05,0.27320124899998177,,,,,,,,,,,,,,,,,,,,0.0002710410000190677,0.009801583000012215,0.004689041000006,0.0008473750000064229,0.00011937499999703505,2.091700000050878e-05,0.022143707999987328
5,1200,5,Random Projection,0.03362658300000021,0.021531667000004973,0.19888195799998698,0.00018975000000409636,0.004028250000004618,0.0020506660000023658,0.000826875000001337,0.0009277499999882366,0.0002074159999949643,3.729100001237384e-05,0.025348000000008142,0.03362658300000021,0.033615998000016134,1.0584999984075694e-05,0.25404020799999216,,,,,,,,,,,,,,,,,,,,,,,,,,
5,1200,5,Random Sampling,0.0735895830000004,0.021531667000004973,0.22364445799999544,,,,,,,,,0.0735895830000004,0.07357941799998002,1.0165000020379011e-05,0.3187657080000008,0.006114583999988099,0.009523749999999609,0.023263709000019617,0.0007829169999808983,0.002460917000007612,0.03143354099998419,,,,,,,,,,,,,,,,,,,,
5,1200,5,Non-random,0.43720479200001705,0.021531667000004973,0.24288270899998565,,,,,,,,,0.43720479200001705,0.43720091599996636,3.876000050695438e-06,0.7016191680000077,,,,,,,0.4110282499999869,0.025742874999991727,0.0004297909999877447,,,,,,,,,,,,,,,,,
5,1200,5,CountSketch,0.03743904099999895,0.021531667000004973,0.18979545900000971,,,,,,,,,0.03743904099999895,0.03988645800004065,0.0,0.24876616700001364,,,,,,,,,,8.345800000597592e-05,0.002482958000001645,0.002482958000001645,0.0036108750000209966,0.00211787499998195,0.0011421659999939493,0.0009626249999996617,0.0001415420000228096,2.070900001172049e-05,0.026841292000000294,,,,,,,
5,1200,5,SIGN Bidirectional,0.040358666999992465,0.021531667000004973,0.1858805420000067,,,,,,,,,0.040358666999992465,0.04035012599996435,8.541000028117196e-06,0.24777087600000414,,,,,,,,,,,,,,,,,,,,0.00019204199998057447,0.010683499999998958,0.0047139589999858345,0.0008363750000057735,0.00013354200001458594,1.958299998250368e-05,0.02377112499999612
5,1200,6,Random Projection,0.026341333000004852,0.021441582999983666,0.1884019999999964,0.0001916669999957321,0.00348691599998574,0.001768749999996544,0.0008618749999982356,0.0009051250000027267,0.00019008400002462622,3.6000000022795575e-05,0.01888995900000623,0.026341333000004852,0.02633037600003263,1.0956999972222548e-05,0.23618491599998492,,,,,,,,,,,,,,,,,,,,,,,,,,
5,1200,6,Random Sampling,0.0633523749999938,0.021441582999983666,0.22047745800000484,,,,,,,,,0.0633523749999938,0.06334566499998573,6.710000008069983e-06,0.3052714159999823,0.005636207999998533,0.009423166000004812,0.01819887499999595,0.0006733749999909833,0.0024516249999919637,0.026962416000003486,,,,,,,,,,,,,,,,,,,,
5,1200,6,Non-random,0.4441344580000077,0.021441582999983666,0.25172737500000153,,,,,,,,,0.4441344580000077,0.44413070799998877,3.7500000189538696e-06,0.7173034159999929,,,,,,,0.41956575000000385,0.02413445799999181,0.00043049999999311694,,,,,,,,,,,,,,,,,
5,1200,6,CountSketch,0.03374920799998904,0.021441582999983666,0.2352308330000028,,,,,,,,,0.03374920799998904,0.03624062299996922,0.0,0.2904216239999755,,,,,,,,,,7.808399999476023e-05,0.0025282080000010865,0.0025282080000010865,0.003035541000002695,0.0019680830000083915,0.0010624169999857713,0.001104333000000679,0.00025266599999440587,3.6957999981268586e-05,0.023646124999999074,,,,,,,
5,1200,6,SIGN Bidirectional,0.037860457999983055,0.021441582999983666,0.23245758400000227,,,,,,,,,0.037860457999983055,0.037851083000020935,9.374999962119546e-06,0.291759624999969,,,,,,,,,,,,,,,,,,,,0.00018879200001720164,0.009607541000008268,0.004270417000014959,0.0011420419999979003,0.00018370799998024268,1.9750000006979462e-05,0.022438832999995384
5,1200,7,Random Projection,0.038673625000001266,0.021450041999997893,0.19204400000000987,0.00019291600000315157,0.003808625000004895,0.001458584000005203,0.0008777090000080534,0.0013472499999807042,0.00014058300001806856,1.970799999639894e-05,0.030820875000017622,0.038673625000001266,0.0386662500000341,7.37499996716906e-06,0.25216766700000903,,,,,,,,,,,,,,,,,,,,,,,,,,
5,1200,7,Random Sampling,0.07810429200000613,0.021450041999997893,0.22886041699999282,,,,,,,,,0.07810429200000613,0.07809545699998921,8.835000016915728e-06,0.32841475099999684,0.005646165999991126,0.009447249999993801,0.025682208000006312,0.0008863749999932224,0.0025206660000094416,0.033912791999995306,,,,,,,,,,,,,,,,,,,,
5,1200,7,Non-random,0.4455593750000162,0.021450041999997893,0.19913429199999655,,,,,,,,,0.4455593750000162,0.44555562499999724,3.7500000189538696e-06,0.6661437090000106,,,,,,,0.4153584999999964,0.029797790999992912,0.0003993340000079115,,,,,,,,,,,,,,,,,
5,1200,7,CountSketch,0.03204704199998787,0.021450041999997893,0.18839683300001298,,,,,,,,,0.03204704199998787,0.034500751000024366,0.0,0.24189391699999874,,,,,,,,,,7.850000000075852e-05,0.0024945000000116124,0.0024945000000116124,0.003016707999989876,0.0014345830000195292,0.0008210830000052738,0.0009042089999979908,0.00019558400001074006,3.6958999999114894e-05,0.023024124999977857,,,,,,,
5,1200,7,SIGN Bidirectional,0.03811966600000005,0.021450041999997893,0.1863959169999987,,,,,,,,,0.03811966600000005,0.038112123999979985,7.542000020066553e-06,0.24596562499999663,,,,,,,,,,,,,,,,,,,,0.00018912499999146348,0.01036416600001644,0.004160499999983358,0.0008182500000089021,0.00011283300000286545,1.9791999989138276e-05,0.02244745799998782
5,1200,8,Random Projection,0.03775162499999851,0.02136762500001055,0.1904417909999836,0.0001880000000085147,0.0035116249999873617,0.001672459000019444,0.0009495420000007471,0.0010633329999905072,0.00027020800001764655,2.3667000021987405e-05,0.03006279200002382,0.03775162499999851,0.03774162600007003,9.998999928484409e-06,0.24956104099999266,,,,,,,,,,,,,,,,,,,,,,,,,,
5,1200,8,Random Sampling,0.07657437500000697,0.02136762500001055,0.22289774999998713,,,,,,,,,0.07657437500000697,0.076567581000063,6.7939999439659005e-06,0.32083975000000464,0.0056347500000129,0.009421791000022495,0.02502516600000604,0.0006562500000200089,0.0024740830000098413,0.03335554099999172,,,,,,,,,,,,,,,,,,,,
5,1200,8,Non-random,0.4252368329999854,0.02136762500001055,0.19821641600000817,,,,,,,,,0.4252368329999854,0.42523325099998033,3.5820000050534873e-06,0.6448208740000041,,,,,,,0.3947329169999989,0.030069749999995565,0.0004305839999858563,,,,,,,,,,,,,,,,,
5,1200,8,CountSketch,0.03440791600002058,0.02136762500001055,0.18657524999997577,,,,,,,,,0.03440791600002058,0.03688608300001306,0.0,0.2423507910000069,,,,,,,,,,7.775000000265209e-05,0.0025095419999843216,0.0025095419999843216,0.0027172919999998157,0.001486291000020401,0.0007974160000117081,0.0009513749999996435,0.00017558299998654547,2.0292000016297607e-05,0.025641000000007352,,,,,,,
5,1200,8,SIGN Bidirectional,0.04034033299998896,0.02136762500001055,0.18722708300001045,,,,,,,,,0.04034033299998896,0.040332583000008526,7.749999980433131e-06,0.24893504100000996,,,,,,,,,,,,,,,,,,,,0.00019158399999241738,0.010745249999985163,0.004283208000003924,0.000808250000005728,0.0001163340000118751,2.079099999718892e-05,0.02416716600001223
5,1200,9,Random Projection,0.03041954100001476,0.021350417000007837,0.1956058330000019,0.00018866600001388178,0.003428250000013122,0.0019514170000149988,0.0008952089999922919,0.0011694579999925736,0.0003216670000085742,4.041699997969772e-05,0.022412583000004815,0.03041954100001476,0.030407667000019956,1.1873999994804763e-05,0.2473757910000245,,,,,,,,,,,,,,,,,,,,,,,,,,
5,1200,9,Random Sampling,0.06568620799998826,0.021350417000007837,0.2247234579999997,,,,,,,,,0.06568620799998826,0.0656782929999622,7.915000026059715e-06,0.3117600829999958,0.006086290999974153,0.009480459000002384,0.017528916999992816,0.0007085420000123577,0.0025060419999931582,0.029368041999987327,,,,,,,,,,,,,,,,,,,,
5,1200,9,Non-random,0.44135454199999913,0.021350417000007837,0.20700216699998464,,,,,,,,,0.44135454199999913,0.4413502510000171,4.290999982003996e-06,0.6697071259999916,,,,,,,0.41666220900000894,0.024257833999996592,0.0004302080000115893,,,,,,,,,,,,,,,,,
5,1200,9,CountSketch,0.03180424999999332,0.021350417000007837,0.1944787499999734,,,,,,,,,0.03180424999999332,0.034424625000013975,0.0,0.24763341699997454,,,,,,,,,,7.816600000865037e-05,0.00265120800000318,0.00265120800000318,0.003149624999991829,0.0015647089999788477,0.0008355840000149328,0.0009923750000098153,0.0002060829999948055,2.0667000001139968e-05,0.022275000000007594,,,,,,,
5,1200,9,SIGN Bidirectional,0.038151707999986684,0.021350417000007837,0.1945522080000046,,,,,,,,,0.038151707999986684,0.03814045800001509,1.124999997159648e-05,0.25405433299999913,,,,,,,,,,,,,,,,,,,,0.00019058300000551753,0.009861458000017365,0.004244499999998652,0.0009837499999889587,0.0002064999999902284,3.533400001742848e-05,0.022618332999996937
5,1200,10,Random Projection,0.032387625000012576,0.021654583000014327,0.1918087079999964,0.00019529200000079072,0.0035359169999935602,0.0018405829999892376,0.0008198749999905885,0.0011637919999998303,0.00023275000000921864,3.6957999981268586e-05,0.02455170800001838,0.032387625000012576,0.032376874999982874,1.0750000029702278e-05,0.2458509160000233,,,,,,,,,,,,,,,,,,,,,,,,,,
5,1200,10,Random Sampling,0.07718850000000543,0.021654583000014327,0.22520529199999828,,,,,,,,,0.07718850000000543,0.07718179199997621,6.708000029220784e-06,0.32404837500001804,0.005634624999999005,0.009435749999994414,0.025447874999997566,0.0007544999999993252,0.0024528339999960735,0.03345620799998983,,,,,,,,,,,,,,,,,,,,
5,1200,10,Non-random,0.4250084169999866,0.021654583000014327,0.19847387499999058,,,,,,,,,0.4250084169999866,0.425003582999949,4.834000037590158e-06,0.6451368749999915,,,,,,,0.3937643329999787,0.03050612499998806,0.0007331249999822376,,,,,,,,,,,,,,,,,
5,1200,10,CountSketch,0.03351329099999134,0.021654583000014327,0.19735995800002115,,,,,,,,,0.03351329099999134,0.035959044000009044,0.0,0.2525278320000268,,,,,,,,,,7.82090000086555e-05,0.0024806670000145914,0.0024806670000145914,0.0028742909999834865,0.001607500000005757,0.0009001669999975093,0.0009058750000008331,0.00018091699999445154,3.579200000558558e-05,0.024414958999983583,,,,,,,
5,1200,10,SIGN Bidirectional,0.039428541999996014,0.021654583000014327,0.18778104099999382,,,,,,,,,0.039428541999996014,0.039419125000023314,9.416999972700069e-06,0.24886416600000416,,,,,,,,,,,,,,,,,,,,0.00019237500001167973,0.009845458000000917,0.004498791999992591,0.0009137080000130027,0.00012862500000210275,2.0375000019612344e-05,0.02381979199998341
5,1200,11,Random Projection,0.033754458000004206,0.021992208000000346,0.19098325000001637,0.00019100000000094042,0.003831791999999723,0.0019466669999985697,0.0008467920000043705,0.0010069589999943673,0.0001711250000084874,1.9874999992453013e-05,0.025731457999995655,0.033754458000004206,0.033745667999994566,8.790000009639698e-06,0.24672991600002092,,,,,,,,,,,,,,,,,,,,,,,,,,
5,1200,11,Random Sampling,0.07497133300000769,0.021992208000000346,0.2352574999999888,,,,,,,,,0.07497133300000769,0.07496379200003389,7.5409999737985345e-06,0.33222104099999683,0.005641582999999173,0.009473291000006157,0.025983959000001278,0.0006665420000047106,0.0024518750000197542,0.03074654200000282,,,,,,,,,,,,,,,,,,,,
5,1200,11,Non-random,0.42231795899999724,0.021992208000000346,0.2374376669999947,,,,,,,,,0.42231795899999724,0.42231470900000545,3.249999991794539e-06,0.6817478339999923,,,,,,,0.39298270899999466,0.02893354200000431,0.00039845800000648524,,,,,,,,,,,,,,,,,
5,1200,11,CountSketch,0.03744204099999138,0.021992208000000346,0.23564320799999905,,,,,,,,,0.03744204099999138,0.039960250000007136,0.0,0.2950774569999908,,,,,,,,,,7.695900001181144e-05,0.0025505419999944934,0.0025505419999944934,0.0028217499999811935,0.0014267910000000938,0.0009170000000153777,0.0009660000000053515,0.00017666600001575716,3.616699999042794e-05,0.028437832999998136,,,,,,,
5,1200,11,SIGN Bidirectional,0.043679415999974935,0.021992208000000346,0.1988717920000056,,,,,,,,,0.043679415999974935,0.043667292000009184,1.2123999965751864e-05,0.2645434159999809,,,,,,,,,,,,,,,,,,,,0.00019520800000805139,0.010958500000015192,0.0050654999999721895,0.0009732500000154687,0.00018491700001277422,3.408299997431641e-05,0.02625583400001119
5,1200,12,Random Projection,0.03160604200002126,0.021532458999985238,0.19869333399998368,0.00020187499998769454,0.003805540999991308,0.0020412080000085098,0.0009275419999994483,0.0012442500000133805,0.00027041599997801313,3.758299999390147e-05,0.02306487499998866,0.03160604200002126,0.031593289999960916,1.2752000060345381e-05,0.2518318349999902,,,,,,,,,,,,,,,,,,,,,,,,,,
5,1200,12,Random Sampling,0.06554920899998251,0.021532458999985238,0.22653887500001701,,,,,,,,,0.06554920899998251,0.06553616799999418,1.3040999988334079e-05,0.31362054299998476,0.006148249999995414,0.009717999999992344,0.01777970899999559,0.0007442920000073627,0.003337541999997029,0.027808375000006436,,,,,,,,,,,,,,,,,,,,
5,1200,12,Non-random,0.4390307080000184,0.021532458999985238,0.24674545900001021,,,,,,,,,0.4390307080000184,0.43902387500003215,6.832999986272625e-06,0.7073086260000139,,,,,,,0.41261591600002134,0.025631750000002285,0.0007762090000085209,,,,,,,,,,,,,,,,,
5,1200,12,CountSketch,0.03278012500001637,0.021532458999985238,0.1952468329999988,,,,,,,,,0.03278012500001637,0.03523524899998165,0.0,0.2495594170000004,,,,,,,,,,7.945800001607495e-05,0.0024874169999975493,0.0024874169999975493,0.0031527079999875696,0.001837332999997443,0.0008229169999935948,0.0009239579999871239,0.0001292080000041551,2.0750000004454705e-05,0.023294082999996135,,,,,,,
5,1200,12,SIGN Bidirectional,0.03786641599998575,0.021532458999985238,0.19088304100000641,,,,,,,,,0.03786641599998575,0.03785679300003153,9.622999954217448e-06,0.2502819159999774,,,,,,,,,,,,,,,,,,,,0.00019541700001468598,0.010157208999999057,0.004645124999996142,0.000829292000020132,0.00014779200000702986,2.0124999991821824e-05,0.02186183300000266
5,1200,13,Random Projection,0.028840459000008423,0.021358499999990954,0.18954366599999162,0.00018862499999272586,0.003484374999999318,0.0019200000000125783,0.0009077909999746225,0.0009308749999945576,0.0001314170000057402,1.9667000003664725e-05,0.02125049999997941,0.028840459000008423,0.028833249999962618,7.209000045804714e-06,0.239742624999991,,,,,,,,,,,,,,,,,,,,,,,,,,
5,1200,13,Random Sampling,0.06350087499998835,0.021358499999990954,0.22125333299999284,,,,,,,,,0.06350087499998835,0.06349366599997097,7.209000017383005e-06,0.30611270799997214,0.005650500000001557,0.009426665999995976,0.017164416999975174,0.0006873749999840584,0.0024894580000136557,0.02807525000000055,,,,,,,,,,,,,,,,,,,,
5,1200,13,Non-random,0.4198455410000008,0.021358499999990954,0.23651912500000094,,,,,,,,,0.4198455410000008,0.4198417910000387,3.7499999621104507e-06,0.6777231659999927,,,,,,,0.39315412499999525,0.026259708000026194,0.00042795800001727,,,,,,,,,,,,,,,,,
5,1200,13,CountSketch,0.03440479199997526,0.021358499999990954,0.22325945800000113,,,,,,,,,0.03440479199997526,0.03686870900003214,0.0,0.27902274999996735,,,,,,,,,,7.770800002049327e-05,0.0024936669999817695,0.0024936669999817695,0.002797416000021258,0.0014350840000076914,0.0010106249999921602,0.0009295840000049793,0.00012116600001377265,2.0000000006348273e-05,0.0254897920000019,,,,,,,
5,1200,13,SIGN Bidirectional,0.04161820800001692,0.021358499999990954,0.22405633299999295,,,,,,,,,0.04161820800001692,0.041610292000001436,7.916000015484315e-06,0.2870330410000008,,,,,,,,,,,,,,,,,,,,0.00018999999997504347,0.010291792000003852,0.00560204199999248,0.0008225420000087524,0.00015325000001098488,2.0833000007769442e-05,0.024529833000002554
5,1200,14,Random Projection,0.03448129200000949,0.021371791999996503,0.18822724999998286,0.0001871659999892472,0.0035010840000211374,0.001706000000012864,0.0008557079999889083,0.0009107089999815798,0.00012795899999673566,1.9917000003033536e-05,0.027166708000009976,0.03448129200000949,0.03447525100000348,6.04100000600738e-06,0.24408033399998885,,,,,,,,,,,,,,,,,,,,,,,,,,
5,1200,14,Random Sampling,0.07688612499998726,0.021371791999996503,0.2390606660000003,,,,,,,,,0.07688612499998726,0.07687787500003651,8.249999950749043e-06,0.3373185829999841,0.005669624999995904,0.009470125000007101,0.025347500000009404,0.0007472080000070491,0.0024246250000032887,0.033218792000013764,,,,,,,,,,,,,,,,,,,,
5,1200,14,Non-random,0.44953250000000367,0.021371791999996503,0.20549374999998804,,,,,,,,,0.44953250000000367,0.4495290000000125,3.4999999911633495e-06,0.6763980419999882,,,,,,,0.4196509580000054,0.02947716700001024,0.0004008749999968586,,,,,,,,,,,,,,,,,
5,1200,14,CountSketch,0.03534841699999447,0.021371791999996503,0.18802466699997922,,,,,,,,,0.03534841699999447,0.03780258299991601,0.0,0.2447448759999702,,,,,,,,,,7.820799999080918e-05,0.00249358299998903,0.00249358299998903,0.0027646669999796813,0.0016525419999879887,0.000923332999974491,0.0009527499999819611,0.000265791000003901,4.104200002075231e-05,0.026137083999998367,,,,,,,
5,1200,14,SIGN Bidirectional,0.03998004099997843,0.021371791999996503,0.1853567910000038,,,,,,,,,0.03998004099997843,0.03996845699995788,1.1584000020548046e-05,0.24670862399997873,,,,,,,,,,,,,,,,,,,,0.00019437500000663022,0.011540790999987394,0.004419999999981883,0.0008922909999853346,0.00017320899999617723,3.412500001331864e-05,0.022713665999987143
5,1200,15,Random Projection,0.03071149999999534,0.021489874999986114,0.19034141599999543,0.00018929099999809296,0.0035100000000056752,0.0016052919999935966,0.0008649170000012418,0.0011789589999864347,0.0002451249999921856,3.604200000495439e-05,0.023072124999998778,0.03071149999999534,0.03070175099998096,9.749000014380726e-06,0.2425427909999769,,,,,,,,,,,,,,,,,,,,,,,,,,
5,1200,15,Random Sampling,0.06447804100000099,0.021489874999986114,0.2211842499999932,,,,,,,,,0.06447804100000099,0.06446729100002813,1.0749999972858859e-05,0.3071521659999803,0.005639041000023326,0.009458708000011029,0.016945457999980817,0.0007011669999883452,0.0030391250000150194,0.02868379200000959,,,,,,,,,,,,,,,,,,,,
5,1200,15,Non-random,0.4259956660000057,0.021489874999986114,0.2429297920000124,,,,,,,,,0.4259956660000057,0.4259921659999861,3.500000019585059e-06,0.6904153330000042,,,,,,,0.3998629999999821,0.025729582999986178,0.00039958300001785574,,,,,,,,,,,,,,,,,
5,1200,15,CountSketch,0.034435375000015256,0.021489874999986114,0.23296358400000372,,,,,,,,,0.034435375000015256,0.03687704199995778,0.0,0.2888888340000051,,,,,,,,,,7.66669999734404e-05,0.0024752500000033706,0.0024752500000033706,0.002872625000009066,0.0014486670000053437,0.0007837499999823194,0.0008834170000113772,0.00019229199997994328,3.595799998379334e-05,0.025633166000005758,,,,,,,
5,1200,15,SIGN Bidirectional,0.0443847079999955,0.021489874999986114,0.19396116600000823,,,,,,,,,0.0443847079999955,0.04437616600000638,8.541999989120086e-06,0.25983574899998985,,,,,,,,,,,,,,,,,,,,0.0001897920000146769,0.011477874999997084,0.004560708000013847,0.0008792499999970005,0.0001386250000052769,2.1457999991980614e-05,0.027108457999986513
5,1200,16,Random Projection,0.030054167000002963,0.021380542000002833,0.19166941699998574,0.00019466599999873324,0.00362508300000286,0.0019800839999959408,0.0008515000000102191,0.0009655419999887727,0.00018483299999161318,3.533400001742848e-05,0.022208209000012857,0.030054167000002963,0.030045251000018425,8.915999984537848e-06,0.24310412599999154,,,,,,,,,,,,,,,,,,,,,,,,,,
5,1200,16,Random Sampling,0.07355958299999088,0.021380542000002833,0.2325602500000059,,,,,,,,,0.07355958299999088,0.07355295800002182,6.624999969062628e-06,0.3275003749999996,0.005639833000003591,0.00950083300000415,0.02398500000001036,0.0006878330000006372,0.0024532090000093376,0.03128624999999374,,,,,,,,,,,,,,,,,,,,
5,1200,16,Non-random,0.47091045799999165,0.021380542000002833,0.2075986250000028,,,,,,,,,0.47091045799999165,0.47090579099997854,4.667000013114375e-06,0.6998896249999973,,,,,,,0.4413557079999748,0.029112874999981386,0.00043720800002233773,,,,,,,,,,,,,,,,,
5,1200,16,CountSketch,0.03584162499998911,0.021380542000002833,0.19984633300001065,,,,,,,,,0.03584162499998911,0.03836466699999619,0.0,0.2570685000000026,,,,,,,,,,8.11669999905007e-05,0.002562958999988041,0.002562958999988041,0.0029112080000004426,0.0021324580000054993,0.0010232919999850765,0.001390083000018194,0.0002432910000038646,3.712500000574437e-05,0.025420125000010785,,,,,,,
5,1200,16,SIGN Bidirectional,0.037768416999995225,0.021380542000002833,0.20233595799999193,,,,,,,,,0.037768416999995225,0.037759582999996155,8.83399999906942e-06,0.26148491699999,,,,,,,,,,,,,,,,,,,,0.00019429200000331548,0.008655457999992677,0.004815500000006523,0.0008319579999920279,0.00014537500001665649,2.1750000001929948e-05,0.023095249999983025
5,1200,17,Random Projection,0.032295500000003585,0.0216035409999904,0.19766599999999812,0.0001934160000018892,0.0036034169999936694,0.0017018329999984871,0.0008949159999929179,0.0010818330000006426,0.00031150000000934597,2.045900001235168e-05,0.024478125000001683,0.032295500000003585,0.032285499000010986,1.0000999992598736e-05,0.2515650409999921,,,,,,,,,,,,,,,,,,,,,,,,,,
5,1200,17,Random Sampling,0.06543733299997712,0.0216035409999904,0.233753667000002,,,,,,,,,0.06543733299997712,0.06542879199997742,8.540999999695487e-06,0.3207945409999695,0.005681999999978871,0.00944412499998748,0.016832624999977952,0.0006072500000016134,0.002456500000022288,0.030406292000009216,,,,,,,,,,,,,,,,,,,,
5,1200,17,Non-random,0.42745637500001976,0.0216035409999904,0.23133854100001372,,,,,,,,,0.42745637500001976,0.4274526670000398,3.7079999799516372e-06,0.6803984570000239,,,,,,,0.3994340000000136,0.027589875000018083,0.0004287920000081158,,,,,,,,,,,,,,,,,
5,1200,17,CountSketch,0.0374259170000073,0.0216035409999904,0.23787166699997897,,,,,,,,,0.0374259170000073,0.04050370900000644,0.0,0.2969011249999767,,,,,,,,,,0.00011933299998645452,0.0031279170000004797,0.0031279170000004797,0.0027855829999907655,0.00152537499999994,0.0008308750000196596,0.0010364999999978863,0.00022425000000225737,3.679200000306082e-05,0.027689167000005455,,,,,,,
5,1200,17,SIGN Bidirectional,0.038101665999988654,0.0216035409999904,0.22352504200000567,,,,,,,,,0.038101665999988654,0.03809300000003191,8.665999956747328e-06,0.2832302489999847,,,,,,,,,,,,,,,,,,,,0.00019033300000614872,0.00986791700000822,0.004146458000008124,0.0009579590000043936,0.00012283300000603958,1.9584000000349988e-05,0.02278791599999863
5,1200,18,Random Projection,0.038985291999978244,0.02139066699999148,0.2338466250000124,0.00018437500000345608,0.004633624999996755,0.0019402079999792932,0.0012518329999977595,0.0013680839999778982,0.00016808399999490575,2.1333000006507064e-05,0.029408999999986918,0.038985291999978244,0.03897654199994349,8.750000034751793e-06,0.29422258399998213,,,,,,,,,,,,,,,,,,,,,,,,,,
5,1200,18,Random Sampling,0.08124275000000125,0.02139066699999148,0.25816558299999315,,,,,,,,,0.08124275000000125,0.08123504200000298,7.707999998274317e-06,0.3607989999999859,0.005700500000017428,0.009375333999997792,0.026882041999982675,0.00100208300000304,0.0024265829999876587,0.03584850000001438,,,,,,,,,,,,,,,,,,,,
5,1200,18,Non-random,0.42545691700001953,0.02139066699999148,0.24282812500001683,,,,,,,,,0.42545691700001953,0.4254530000000045,3.917000015007943e-06,0.6896757090000278,,,,,,,0.39918754199999285,0.0258659170000044,0.0003995410000072752,,,,,,,,,,,,,,,,,
5,1200,18,CountSketch,0.03516366700000617,0.02139066699999148,0.24601025000001187,,,,,,,,,0.03516366700000617,0.03761475099997824,0.0,0.3025645840000095,,,,,,,,,,7.80000000020209e-05,0.0024812919999988026,0.0024812919999988026,0.00314737499999751,0.0015358750000018517,0.0009410839999759446,0.0011954999999943539,0.00018749999998135536,2.070800002229589e-05,0.025546125000005304,,,,,,,
5,1200,18,SIGN Bidirectional,0.04598029199999587,0.02139066699999148,0.19751558400000135,,,,,,,,,0.04598029199999587,0.04597112500007938,9.166999916487839e-06,0.2648865429999887,,,,,,,,,,,,,,,,,,,,0.00019104200001152094,0.010091458000005105,0.005811875000006239,0.0008148329999926318,0.00013104200002089783,2.0875000018349965e-05,0.028910000000024638
5,1200,19,Random Projection,0.03299104199999192,0.022106124999993426,0.19642716600000654,0.00019249999999715328,0.0036005000000045584,0.00152733299998431,0.0008078339999997297,0.0010657079999987218,0.00020183300000553572,2.0250000005717084e-05,0.025567082999998547,0.03299104199999192,0.03298304099999427,8.00099999764825e-06,0.2515243329999919,,,,,,,,,,,,,,,,,,,,,,,,,,
5,1200,19,Random Sampling,0.07375895800001331,0.022106124999993426,0.228554416999998,,,,,,,,,0.07375895800001331,0.07375108300001898,7.874999994328391e-06,0.32441950000000475,0.005663499999997157,0.009479166000005534,0.024065875000019332,0.0006537499999978991,0.002463957999992772,0.031424834000006285,,,,,,,,,,,,,,,,,,,,
5,1200,19,Non-random,0.4516188750000083,0.022106124999993426,0.2079033329999902,,,,,,,,,0.4516188750000083,0.45161504200001445,3.832999993846897e-06,0.6816283329999919,,,,,,,0.42322187499999586,0.027992250000011154,0.00040091700000743913,,,,,,,,,,,,,,,,,
5,1200,19,CountSketch,0.033870833000008815,0.022106124999993426,0.19763712499999997,,,,,,,,,0.033870833000008815,0.03624279100003491,0.0,0.2536140830000022,,,,,,,,,,8.016699999302546e-05,0.0024084579999907874,0.0024084579999907874,0.0027964580000059414,0.001506958000021541,0.0008598750000032851,0.000930750000009084,0.00020008399999937865,3.795800000716554e-05,0.025013625000013917,,,,,,,
5,1200,19,SIGN Bidirectional,0.044543083000007755,0.022106124999993426,0.19106399999998303,,,,,,,,,0.044543083000007755,0.044532998999955,1.0084000052756892e-05,0.2577132079999842,,,,,,,,,,,,,,,,,,,,0.00019212500001231092,0.010118374999990465,0.004596957999979168,0.0009360829999991438,0.00020279199998185504,1.9624999993084202e-05,0.02846704099999897
5,1200,20,Random Projection,0.03146474999999782,0.021380583999984992,0.1915894579999815,0.00018975000000409636,0.003447749999992311,0.0018269169999882706,0.000874917000004416,0.0010510840000108601,0.0001938750000078926,3.633399998648201e-05,0.023833082999999533,0.03146474999999782,0.03145370999999386,1.1040000003958994e-05,0.24443479199996432,,,,,,,,,,,,,,,,,,,,,,,,,,
5,1200,20,Random Sampling,0.06484100000000126,0.021380583999984992,0.22302304199999412,,,,,,,,,0.06484100000000126,0.06483304100007103,7.958999930224309e-06,0.30924462599998037,0.005655750000016724,0.009431958000021723,0.01722104200001695,0.0006759580000164078,0.0024372080000034657,0.029411124999995764,,,,,,,,,,,,,,,,,,,,
5,1200,20,Non-random,0.43075166599999193,0.021380583999984992,0.23976104199999781,,,,,,,,,0.43075166599999193,0.4307481239999902,3.5420000017438724e-06,0.6918932919999747,,,,,,,0.4028262499999755,0.027523333000004868,0.00039854100000979997,,,,,,,,,,,,,,,,,
5,1200,20,CountSketch,0.035114958999997725,0.021380583999984992,0.19222337499999753,,,,,,,,,0.035114958999997725,0.037558123999957616,0.0,0.24871891799998025,,,,,,,,,,7.587499999317515e-05,0.0024752500000033706,0.0024752500000033706,0.003400583000001234,0.0015580409999813583,0.0008102080000185197,0.0011706669999966834,0.0001346249999869542,1.9874999992453013e-05,0.025437749999980497,,,,,,,
5,1200,20,SIGN Bidirectional,0.037095625000006294,0.021380583999984992,0.20198374999998236,,,,,,,,,0.037095625000006294,0.03708558299999254,1.004200001375466e-05,0.26045995899997365,,,,,,,,,,,,,,,,,,,,0.0001925420000077338,0.01013829200002192,0.004211292000007916,0.0008457079999857342,0.00012804099998220408,2.1250000003192326e-05,0.02154845799998384
6,200,1,Random Projection,0.014890874999991865,0.0010045410000145694,0.010264290999998593,3.195799999389237e-05,0.00018833299998277653,0.00027920800002334545,4.500000000007276e-05,5.604200001130266e-05,0.00012866700001268327,5.832999988797383e-06,0.014151208000015458,0.014890874999991865,0.014886249000028329,4.625999963536742e-06,0.026159707000005028,,,,,,,,,,,,,,,,,,,,,,,,,,
6,200,1,Random Sampling,0.02303324999999745,0.0010045410000145694,0.010107458000021552,,,,,,,,,0.02303324999999745,0.02302887599998371,4.374000013740442e-06,0.03414524900003357,0.0002312919999951646,0.0002615420000040558,0.009020416999987901,5.2915999987135365e-05,5.604200001130266e-05,0.013406666999998151,,,,,,,,,,,,,,,,,,,,
6,200,1,Non-random,0.02925358299998493,0.0010045410000145694,0.010903708000000734,,,,,,,,,0.02925358299998493,0.02925124900002629,2.333999958636923e-06,0.04116183200000023,,,,,,,0.01674254100001349,0.012486542000004874,2.2166000007928233e-05,,,,,,,,,,,,,,,,,
6,200,1,CountSketch,0.016283208999993803,0.0010045410000145694,0.010251667000005682,,,,,,,,,0.016283208999993803,0.016522499999950924,0.0,0.027539417000014055,,,,,,,,,,4.995800000529016e-05,0.0002622499999915817,0.0002622499999915817,0.00028487500000551336,0.00026249999999095053,9.35839999840482e-05,0.00011058299998012444,0.00023079199999642697,5.333000018481471e-06,0.014960374999986925,,,,,,,
6,200,1,SIGN Bidirectional,0.014626291000013225,0.0010045410000145694,0.010841833999990058,,,,,,,,,0.014626291000013225,0.014621416999943904,4.8740000693214824e-06,0.026472666000017853,,,,,,,,,,,,,,,,,,,,3.462499998363455e-05,0.0012191669999879196,0.0003539169999839942,7.487499999569991e-05,0.00020058300000869167,4.749999988007403e-06,0.012733499999995956
6,200,2,Random Projection,0.016220040999996854,0.0009011669999949845,0.010208250000005137,3.279199998473814e-05,0.0003340840000021217,0.00024295800000118106,6.683300000531744e-05,9.816700000442324e-05,0.00021312499998771273,4.833999980746739e-06,0.015223665999997138,0.016220040999996854,0.01621645899996338,3.5820000334751967e-06,0.027329457999996976,,,,,,,,,,,,,,,,,,,,,,,,,,
6,200,2,Random Sampling,0.022857999999985168,0.0009011669999949845,0.010162625000020853,,,,,,,,,0.022857999999985168,0.02285383200000979,4.167999975379644e-06,0.033921792000001005,0.00022775000002184242,0.0002624580000087917,0.007817957999975533,4.333300000780582e-05,4.924999998934254e-05,0.014453083000006473,,,,,,,,,,,,,,,,,,,,
6,200,2,Non-random,0.03025004099998796,0.0009011669999949845,0.012522665999995297,,,,,,,,,0.03025004099998796,0.030248459000006278,1.5819999816812924e-06,0.04367387399997824,,,,,,,0.016722791999995934,0.013512625000004164,1.3042000006180388e-05,,,,,,,,,,,,,,,,,
6,200,2,CountSketch,0.015291834000009885,0.0009011669999949845,0.01113900000001422,,,,,,,,,0.015291834000009885,0.015533332000018163,0.0,0.02733200100001909,,,,,,,,,,9.366599999793834e-05,0.00029637500000490036,0.00029637500000490036,0.00027404200000091805,0.00026137500000800173,0.00010949999997933446,9.937499999068677e-05,0.0002035830000011174,5.08300001911266e-06,0.013893958000011253,,,,,,,
6,200,2,SIGN Bidirectional,0.014743833000011364,0.0009011669999949845,0.012215917000020227,,,,,,,,,0.014743833000011364,0.014737751000012622,6.081999998741594e-06,0.027860917000026575,,,,,,,,,,,,,,,,,,,,5.32079999970847e-05,0.0013969580000150472,0.00033895900000402435,0.00010724999998501517,0.00022491699999704906,5.125000001271474e-06,0.01261133400001313
6,200,3,Random Projection,0.014535957999981974,0.0009071249999976772,0.010660374999986288,3.4416999994846265e-05,0.0004414170000188733,0.000262375000005477,8.337500000266118e-05,8.645799999840165e-05,0.0002423749999991287,6.374999998115527e-06,0.013374958000014203,0.014535957999981974,0.014531750000031707,4.207999950267549e-06,0.02610345799996594,,,,,,,,,,,,,,,,,,,,,,,,,,
6,200,3,Random Sampling,0.023744457999981705,0.0009071249999976772,0.01099633299998004,,,,,,,,,0.023744457999981705,0.023740956999972695,3.5010000090096582e-06,0.03564791599995942,0.0002506670000173017,0.0002636249999738993,0.00853433300000006,4.479099999343816e-05,5.2791000001661814e-05,0.014594749999986334,,,,,,,,,,,,,,,,,,,,
6,200,3,Non-random,0.03179016699999693,0.0009071249999976772,0.011155750000000353,,,,,,,,,0.03179016699999693,0.03178716600001508,3.0009999818503275e-06,0.04385304199999496,,,,,,,0.01718262500000378,0.014585957999997845,1.8583000013450146e-05,,,,,,,,,,,,,,,,,
6,200,3,CountSketch,0.018703375000001188,0.0009071249999976772,0.011299917000002324,,,,,,,,,0.018703375000001188,0.018957124000053227,0.0,0.03091041700000119,,,,,,,,,,6.058299999267547e-05,0.00028195800001640237,0.00028195800001640237,0.00032954100001347797,0.0004214169999841033,0.00010016699999937373,9.483299999146766e-05,0.00023125000001300577,9.375000018962965e-06,0.017146042000007355,,,,,,,
6,200,3,SIGN Bidirectional,0.01627079100001083,0.0009071249999976772,0.010629291999975976,,,,,,,,,0.01627079100001083,0.0162655010000492,5.28999996163293e-06,0.027807207999984485,,,,,,,,,,,,,,,,,,,,3.8541999998642495e-05,0.001303583000009212,0.0003631670000174836,7.750000000328328e-05,0.0002103749999946558,4.750000016429112e-06,0.014267584000009492
6,200,4,Random Projection,0.015655541000000994,0.0009194170000057511,0.011040500000007114,3.229199998600052e-05,0.00038449999999556894,0.0002518329999929847,6.570799999394694e-05,0.00010883400000238908,0.0002540419999945698,5.0419999979567365e-06,0.014548917000013262,0.015655541000000994,0.01565116799997668,4.373000024315843e-06,0.02761545800001386,,,,,,,,,,,,,,,,,,,,,,,,,,
6,200,4,Random Sampling,0.02582179200001633,0.0009194170000057511,0.010270708999996714,,,,,,,,,0.02582179200001633,0.025816002000027538,5.78999998879226e-06,0.037011918000018795,0.00039737500000569526,0.0002858340000102544,0.011464917000012065,4.949999998871135e-05,5.3917000002456916e-05,0.013564459000008355,,,,,,,,,,,,,,,,,,,,
6,200,4,Non-random,0.034152958999982275,0.0009194170000057511,0.010880332999988696,,,,,,,,,0.034152958999982275,0.03415041799999585,2.540999986422321e-06,0.04595270899997672,,,,,,,0.018222584000000097,0.01591349999998215,1.4334000013604964e-05,,,,,,,,,,,,,,,,,
6,200,4,CountSketch,0.014891750000003867,0.0009194170000057511,0.01065895799999339,,,,,,,,,0.014891750000003867,0.015136540999947101,0.0,0.02647012500000301,,,,,,,,,,5.229100000292419e-05,0.0002677920000166978,0.0002677920000166978,0.00030649999999354804,0.00025783299997783615,9.233399998720415e-05,0.00010008300000663439,0.0002128329999777634,5.082999990690951e-06,0.013573999999977104,,,,,,,
6,200,4,SIGN Bidirectional,0.015567292000014277,0.0009194170000057511,0.011535833000010598,,,,,,,,,0.015567292000014277,0.015562291999998479,5.000000015797923e-06,0.028022542000030626,,,,,,,,,,,,,,,,,,,,3.9375000000063665e-05,0.0014519590000077187,0.0003345830000114347,9.98749999894244e-05,0.00023758399998996538,6.208000002061453e-06,0.01339270799999781
6,200,5,Random Projection,0.014240458000017497,0.0010410829999898397,0.010858250000012504,3.3333000004631685e-05,0.0003769999999860829,0.0002513750000048276,8.870900001056725e-05,9.254200000441415e-05,0.00020874999998454769,5.707999974902123e-06,0.013178334000002678,0.014240458000017497,0.014235750999972652,4.7070000448456994e-06,0.02613979100001984,,,,,,,,,,,,,,,,,,,,,,,,,,
6,200,5,Random Sampling,0.030040917000007994,0.0010410829999898397,0.010479541999984576,,,,,,,,,0.030040917000007994,0.03003737499997783,3.542000030165582e-06,0.04156154199998241,0.000244833000010658,0.00026479199999585035,0.01244204200000354,5.149999998366184e-05,5.962500000578075e-05,0.016974582999978338,,,,,,,,,,,,,,,,,,,,
6,200,5,Non-random,0.03064625000001797,0.0010410829999898397,0.01087395799999058,,,,,,,,,0.03064625000001797,0.030643958000013072,2.292000004899819e-06,0.04256129099999839,,,,,,,0.017516666999995323,0.013112416000012672,1.48750000050768e-05,,,,,,,,,,,,,,,,,
6,200,5,CountSketch,0.016070541999994248,0.0010410829999898397,0.010269958000009183,,,,,,,,,0.016070541999994248,0.016312626999962276,0.0,0.02738158299999327,,,,,,,,,,5.120800000213421e-05,0.00026387500000168984,0.00026387500000168984,0.0002646669999819551,0.0002484999999978754,7.745899998212735e-05,7.683399999791618e-05,0.00022045899999056928,5.125000001271474e-06,0.014840625000005048,,,,,,,
6,200,5,SIGN Bidirectional,0.01808070799998518,0.0010410829999898397,0.010591333000007808,,,,,,,,,0.01808070799998518,0.01807599800000048,4.709999984697788e-06,0.029713123999982827,,,,,,,,,,,,,,,,,,,,3.504099998963284e-05,0.001591625000003205,0.0003938330000039514,0.0001296659999923122,0.0002502499999934571,5.041000008532137e-06,0.01567054200000939
6,200,6,Random Projection,0.014220750000021098,0.0009201250000216987,0.01086416699999404,3.474999999752981e-05,0.00034325000001445005,0.0002531670000109898,9.412500000394175e-05,9.795799999778865e-05,0.00021629200000461424,5.249999986745024e-06,0.013171917000022404,0.014220750000021098,0.014216709000038463,4.040999982635185e-06,0.026005042000036838,,,,,,,,,,,,,,,,,,,,,,,,,,
6,200,6,Random Sampling,0.024025458000011213,0.0009201250000216987,0.010798249999993459,,,,,,,,,0.024025458000011213,0.024022333999994316,3.124000016896389e-06,0.03574383300002637,0.00024679199998445256,0.00026341700001353274,0.008174499999995533,4.720900000165784e-05,5.325000000766522e-05,0.015237165999991475,,,,,,,,,,,,,,,,,,,,
6,200,6,Non-random,0.031050125000007256,0.0009201250000216987,0.010879084000009698,,,,,,,,,0.031050125000007256,0.031047624999985146,2.500000022109816e-06,0.04284933400003865,,,,,,,0.017200500000001284,0.01383262499999205,1.4499999991812729e-05,,,,,,,,,,,,,,,,,
6,200,6,CountSketch,0.015119333000001234,0.0009201250000216987,0.01108583300000987,,,,,,,,,0.015119333000001234,0.015354790000003504,0.0,0.027125291000032803,,,,,,,,,,5.033300001855423e-05,0.0002589999999997872,0.0002589999999997872,0.0002775419999920814,0.00025491700000657147,7.520799999838346e-05,9.67080000009446e-05,0.00023391599998490165,5.832999988797383e-06,0.013842333000013696,,,,,,,
6,200,6,SIGN Bidirectional,0.013952375000002348,0.0009201250000216987,0.010828707999991138,,,,,,,,,0.013952375000002348,0.013947164999990491,5.210000011857119e-06,0.025701208000015185,,,,,,,,,,,,,,,,,,,,3.724999999121792e-05,0.0012681250000241562,0.0003356660000122247,8.02499999963402e-05,0.00023745799998664552,5.665999992743309e-06,0.011982749999987163
6,200,7,Random Projection,0.01688987500000394,0.0008925829999952839,0.010946249999989277,3.220899998268578e-05,0.0003681659999870135,0.00024250000001302396,9.208299999841074e-05,9.720799999968222e-05,0.000213041999984398,4.875000001902663e-06,0.015836333000009972,0.01688987500000394,0.01688641599997709,3.4590000268508447e-06,0.0287287079999885,,,,,,,,,,,,,,,,,,,,,,,,,,
6,200,7,Random Sampling,0.02471516699998233,0.0008925829999952839,0.011014083000020491,,,,,,,,,0.02471516699998233,0.024711956999965423,3.2100000169066334e-06,0.036621832999998105,0.00024949999999535066,0.0002647499999852698,0.008238332999980003,5.4124999991245204e-05,5.2541000002293003e-05,0.015852708000011262,,,,,,,,,,,,,,,,,,,,
6,200,7,Non-random,0.03162095799999065,0.0008925829999952839,0.01103587500000458,,,,,,,,,0.03162095799999065,0.03161720800000012,3.74999999053216e-06,0.043549415999990515,,,,,,,0.016662084000017785,0.014931915999994771,2.320799998756229e-05,,,,,,,,,,,,,,,,,
6,200,7,CountSketch,0.016149208000001636,0.0008925829999952839,0.011372832999995808,,,,,,,,,0.016149208000001636,0.01639087600008793,0.0,0.028414623999992727,,,,,,,,,,4.866700001571189e-05,0.0002638340000089556,0.0002638340000089556,0.0002700410000215925,0.00025379100000577637,0.00010137500001405897,8.445899999287576e-05,0.00019583399998168716,4.833000019743849e-06,0.01490420800001857,,,,,,,
6,200,7,SIGN Bidirectional,0.01773154200000704,0.0008925829999952839,0.011552291000015202,,,,,,,,,0.01773154200000704,0.017722793999951136,8.748000055902594e-06,0.030176416000017525,,,,,,,,,,,,,,,,,,,,6.341699997847172e-05,0.0016152919999967708,0.0004871669999886308,0.00011308399999165886,0.00021075000000791988,5.0419999979567365e-06,0.015228041999989728
6,200,8,Random Projection,0.014980624999992642,0.0009937079999815523,0.010902749999985417,3.379199998221338e-05,0.00032995800000890085,0.00025645900001336486,9.724999998184103e-05,9.954200001516256e-05,0.00023545899998111963,5.874999999377906e-06,0.013916583999986187,0.014980624999992642,0.014974918999968168,5.706000024474633e-06,0.02687708299995961,,,,,,,,,,,,,,,,,,,,,,,,,,
6,200,8,Random Sampling,0.024123082999977896,0.0009937079999815523,0.010802208000001201,,,,,,,,,0.024123082999977896,0.024117332999992414,5.7499999854826456e-06,0.03591899899996065,0.0002459579999936068,0.0002648749999991651,0.010052000000001726,4.6042000008128525e-05,5.379099999913706e-05,0.01345466699999065,,,,,,,,,,,,,,,,,,,,
6,200,8,Non-random,0.030101999999999407,0.0009937079999815523,0.011485084000014467,,,,,,,,,0.030101999999999407,0.030098166000016136,3.833999983271497e-06,0.042580791999995427,,,,,,,0.0165630000000192,0.01350141599999688,3.375000000005457e-05,,,,,,,,,,,,,,,,,
6,200,8,CountSketch,0.015684542000002466,0.0009937079999815523,0.010619499999990012,,,,,,,,,0.015684542000002466,0.015946624000122256,0.0,0.02729774999997403,,,,,,,,,,6.070800000657073e-05,0.0002870420000249396,0.0002870420000249396,0.0003257920000123704,0.000262375000005477,9.579100000678409e-05,0.00011958400000366964,0.0002439579999986563,5.6660000211650186e-06,0.014258666000017683,,,,,,,
6,200,8,SIGN Bidirectional,0.016743582999993123,0.0009937079999815523,0.012112999999999374,,,,,,,,,0.016743582999993123,0.016735333000013952,8.249999979170752e-06,0.02985029099997405,,,,,,,,,,,,,,,,,,,,5.641699999614502e-05,0.0016755830000079186,0.0004171250000126747,8.691600001498045e-05,0.00026775000000611726,5.249999986745024e-06,0.014226291999989371
6,200,9,Random Projection,0.018138458000009905,0.000933875000015405,0.01114004100000443,3.1499999977313564e-05,0.0003699170000004415,0.0002521249999745123,6.924999999569081e-05,0.00010041699999874254,0.0002437090000171338,5.291999997325547e-06,0.017062083000013217,0.018138458000009905,0.018134292999974377,4.165000035527555e-06,0.03021237400002974,,,,,,,,,,,,,,,,,,,,,,,,,,
6,200,9,Random Sampling,0.029452082999995355,0.000933875000015405,0.010545208999985789,,,,,,,,,0.029452082999995355,0.029447416999971665,4.666000023689776e-06,0.04093116699999655,0.00025462499999662214,0.0002674170000034337,0.01186312499999076,5.116599999155369e-05,5.708399999093672e-05,0.01695399999999836,,,,,,,,,,,,,,,,,,,,
6,200,9,Non-random,0.030862166000019897,0.000933875000015405,0.011789457999981323,,,,,,,,,0.030862166000019897,0.030859582999994473,2.5830000254245533e-06,0.043585499000016625,,,,,,,0.017446874999990314,0.013399582999994664,1.3125000009495125e-05,,,,,,,,,,,,,,,,,
6,200,9,CountSketch,0.015166291999975101,0.000933875000015405,0.010590333000010332,,,,,,,,,0.015166291999975101,0.015478000000030079,0.0,0.02669050000000084,,,,,,,,,,8.916699999872435e-05,0.00035049999999614556,0.00035049999999614556,0.0002921669999977894,0.0002606660000026295,0.00010245800001484895,0.00010045900000932306,0.00020866700000965466,5.250000015166734e-06,0.013718165999989651,,,,,,,
6,200,9,SIGN Bidirectional,0.014611207999990938,0.000933875000015405,0.010509374999998045,,,,,,,,,0.014611207999990938,0.0146066270000631,4.580999927839002e-06,0.026054458000004388,,,,,,,,,,,,,,,,,,,,3.533400001742848e-05,0.0012274170000239337,0.0003349590000141234,9.387500000457294e-05,0.00021974999998519706,4.791999998587926e-06,0.012690500000019256
6,200,10,Random Projection,0.014262792000010904,0.0008931669999867609,0.010583542000006219,3.275000000257933e-05,0.0004006660000186457,0.0004419170000176109,9.312500000646651e-05,0.00010945899998660025,0.00023099999998521525,4.791999998587926e-06,0.012941707999999608,0.014262792000010904,0.014255417000015314,7.37499999559077e-06,0.025739501000003884,,,,,,,,,,,,,,,,,,,,,,,,,,
6,200,10,Random Sampling,0.023498999999986836,0.0008931669999867609,0.010875333999990744,,,,,,,,,0.023498999999986836,0.023493873999967718,5.126000019117782e-06,0.03526750099996434,0.00024695799999108203,0.0002648749999991651,0.009500665999979674,0.00011108299997886206,6.08750000026248e-05,0.01330941700001631,,,,,,,,,,,,,,,,,,,,
6,200,10,Non-random,0.029890459000000646,0.0008931669999867609,0.010992874999999458,,,,,,,,,0.029890459000000646,0.029888417000023537,2.041999977109299e-06,0.041776500999986865,,,,,,,0.01722716599999785,0.012648209000019506,1.3042000006180388e-05,,,,,,,,,,,,,,,,,
6,200,10,CountSketch,0.015251040999999077,0.0008931669999867609,0.010535292000014351,,,,,,,,,0.015251040999999077,0.01548637699994515,0.0,0.02667950000000019,,,,,,,,,,4.970799997749964e-05,0.0002588749999858919,0.0002588749999858919,0.0002479999999991378,0.00025600000000736145,7.866699999681259e-05,8.729199998924742e-05,0.0002186670000128288,5.584000007274881e-06,0.014024708999983204,,,,,,,
6,200,10,SIGN Bidirectional,0.015177084000015384,0.0008931669999867609,0.010516374999980371,,,,,,,,,0.015177084000015384,0.015172207000034632,4.876999980751862e-06,0.026586625999982516,,,,,,,,,,,,,,,,,,,,4.98329999913949e-05,0.0013824579999948128,0.00032020800000509553,8.625000000961336e-05,0.0002017920000128015,4.9580000052174e-06,0.013126708000015697
6,200,11,Random Projection,0.016828374999988682,0.0009059170000114136,0.010022332999994887,3.774999998995554e-05,0.00036416700001495883,0.00025595799999678093,7.05829999958496e-05,0.00011062499999070496,0.00021945899999309404,5.250000015166734e-06,0.01576062499998443,0.016828374999988682,0.01682441699998094,3.958000007742157e-06,0.027756624999994983,,,,,,,,,,,,,,,,,,,,,,,,,,
6,200,11,Random Sampling,0.025267500000012433,0.0009059170000114136,0.01056129199997713,,,,,,,,,0.025267500000012433,0.02526470899999822,2.791000014212841e-06,0.036734709000000976,0.00023308299998348048,0.0002610420000053182,0.009708917000011752,4.3957999992016994e-05,4.804200000307901e-05,0.014969667000002573,,,,,,,,,,,,,,,,,,,,
6,200,11,Non-random,0.029815583000015522,0.0009059170000114136,0.010807374999984631,,,,,,,,,0.029815583000015522,0.02981191599997146,3.667000044060842e-06,0.04152887500001157,,,,,,,0.01657574999998701,0.013221958000002587,1.4207999981863395e-05,,,,,,,,,,,,,,,,,
6,200,11,CountSketch,0.016695999999996047,0.0009059170000114136,0.010270833000021184,,,,,,,,,0.016695999999996047,0.01692796099993643,0.0,0.027872750000028645,,,,,,,,,,4.77920000037102e-05,0.00025333399997862216,0.00025333399997862216,0.00025466700000720266,0.00025258400000893744,0.00012245900001062182,9.341699998799413e-05,0.00023275000000921864,5.207999976164501e-06,0.015412415999975337,,,,,,,
6,200,11,SIGN Bidirectional,0.0166808749999916,0.0009059170000114136,0.010135708999996496,,,,,,,,,0.0166808749999916,0.016676543000016864,4.33199997473821e-06,0.02772250099999951,,,,,,,,,,,,,,,,,,,,3.412499998489693e-05,0.0012227920000213999,0.0003614590000040607,9.433299999273004e-05,0.0001995419999900605,5.1670000118519965e-06,0.014759125000011863
6,200,12,Random Projection,0.013514582999988534,0.00089900000000398,0.009800124999998161,3.2833999995318663e-05,0.0004224589999921591,0.00024337500002502566,0.00010604199999875163,8.433300001797761e-05,0.00025583299998288567,4.70799997742688e-06,0.012360958000016353,0.013514582999988534,0.013510542000005898,4.040999982635185e-06,0.024213707999990675,,,,,,,,,,,,,,,,,,,,,,,,,,
6,200,12,Random Sampling,0.02829204100001448,0.00089900000000398,0.010482875000008107,,,,,,,,,0.02829204100001448,0.02828800100004969,4.039999964788876e-06,0.039673916000026566,0.00024116700001286517,0.00026229200000216224,0.011839583000011089,4.7125000008918505e-05,5.325000000766522e-05,0.01584458400000699,,,,,,,,,,,,,,,,,,,,
6,200,12,Non-random,0.028883458999985123,0.00089900000000398,0.0106067079999832,,,,,,,,,0.028883458999985123,0.02888141499997232,2.0440000128019165e-06,0.040389166999972304,,,,,,,0.01641270799999006,0.01245491599999582,1.379099998644051e-05,,,,,,,,,,,,,,,,,
6,200,12,CountSketch,0.0142883329999961,0.00089900000000398,0.010037000000011176,,,,,,,,,0.0142883329999961,0.014522791999979745,0.0,0.025224333000011256,,,,,,,,,,4.9541999999291875e-05,0.00025733300000752024,0.00025733300000752024,0.00028104200001166646,0.00024945899997419474,7.954100001938968e-05,9.733299998515577e-05,0.00021020899998802633,5.125000001271474e-06,0.013035874999985708,,,,,,,
6,200,12,SIGN Bidirectional,0.014531958000020495,0.00089900000000398,0.01085991700000477,,,,,,,,,0.014531958000020495,0.014528291999965859,3.6660000546362426e-06,0.026290875000029246,,,,,,,,,,,,,,,,,,,,3.370799998947405e-05,0.0014551249999783522,0.0003321249999999054,8.22910000124466e-05,0.0002177919999724054,4.834000009168449e-06,0.012402417000004107
6,200,13,Random Projection,0.014516417000010051,0.0011107079999987945,0.010220583000005945,3.2833000005894064e-05,0.0003252919999852111,0.0002545000000111486,7.583299998259463e-05,0.0001113749999888114,0.00023908299999675364,5.208000004586211e-06,0.013468375000002197,0.014516417000010051,0.014512498999977197,3.918000032854252e-06,0.02584770800001479,,,,,,,,,,,,,,,,,,,,,,,,,,
6,200,13,Random Sampling,0.020449041999995643,0.0011107079999987945,0.010882915999985698,,,,,,,,,0.020449041999995643,0.020446165999999266,2.875999996376777e-06,0.032442665999980136,0.00022924999998963358,0.00026116600000136714,0.007953708999991704,4.3125000019017534e-05,4.7582999997075603e-05,0.011911333000000468,,,,,,,,,,,,,,,,,,,,
6,200,13,Non-random,0.03028420800001186,0.0011107079999987945,0.011082958000002918,,,,,,,,,0.03028420800001186,0.03028241800004139,1.7899999704695801e-06,0.04247787400001357,,,,,,,0.017054792000010366,0.013214459000010947,1.3167000020075648e-05,,,,,,,,,,,,,,,,,
6,200,13,CountSketch,0.018786375000019007,0.0011107079999987945,0.010134125000007543,,,,,,,,,0.018786375000019007,0.019081669000030388,0.0,0.030031208000025345,,,,,,,,,,8.425000001466287e-05,0.0003316250000011678,0.0003316250000011678,0.00026933399999506946,0.0002513750000048276,9.92089999840573e-05,0.0001061670000126469,0.0002110000000072887,5.375000000640284e-06,0.01739170900000886,,,,,,,
6,200,13,SIGN Bidirectional,0.015253791000020556,0.0011107079999987945,0.010499292000019977,,,,,,,,,0.015253791000020556,0.015249751000027345,4.039999993210586e-06,0.026863791000039328,,,,,,,,,,,,,,,,,,,,3.545900000290203e-05,0.001243415999994113,0.000340917000016816,9.212500000899126e-05,0.0001896250000186228,4.9169999840614764e-06,0.013343292000001838
6,200,14,Random Projection,0.014691583000001174,0.0009232080000174392,0.009917000000001508,3.350000000068576e-05,0.0003359579999937523,0.00024587500001871376,6.887500001084845e-05,0.00010162500001342778,0.0002599580000151036,1.683400000729307e-05,0.01362412500000687,0.014691583000001174,0.014686750000066695,4.832999934478721e-06,0.02553179100002012,,,,,,,,,,,,,,,,,,,,,,,,,,
6,200,14,Random Sampling,0.02720987499998273,0.0009232080000174392,0.010428250000018124,,,,,,,,,0.02720987499998273,0.02720708200001809,2.7929999646403303e-06,0.038561333000018294,0.00023004100000889594,0.0002612499999941065,0.011082665999992969,4.295800002296346e-05,5.070899999282119e-05,0.015539458000006334,,,,,,,,,,,,,,,,,,,,
6,200,14,Non-random,0.032807083000022885,0.0009232080000174392,0.010641042000003154,,,,,,,,,0.032807083000022885,0.032802583000005825,4.500000017060302e-06,0.04437133300004348,,,,,,,0.017914665999995805,0.014865167000010615,2.274999999940519e-05,,,,,,,,,,,,,,,,,
6,200,14,CountSketch,0.015009958000007373,0.0009232080000174392,0.010331957999994756,,,,,,,,,0.015009958000007373,0.015244999000032067,0.0,0.02626512400001957,,,,,,,,,,4.854100001239203e-05,0.00025687500001936314,0.00025687500001936314,0.0002894999999796255,0.00025174999998966996,9.095799998704024e-05,9.35839999840482e-05,0.00022187500002246452,5.874999999377906e-06,0.013729166000018722,,,,,,,
6,200,14,SIGN Bidirectional,0.014598374999991393,0.0009232080000174392,0.010848833000011382,,,,,,,,,0.014598374999991393,0.01459391600002391,4.458999967482669e-06,0.026370416000020214,,,,,,,,,,,,,,,,,,,,3.275000000257933e-05,0.001615165999993451,0.00033737500001507215,7.720799999333394e-05,0.00020216699999764387,4.750000016429112e-06,0.0123245000000054
6,200,15,Random Projection,0.014817625000006274,0.0010556670000028134,0.011400042000019539,3.316699999800221e-05,0.00036670899999080575,0.00025783300000625786,6.908299999963674e-05,9.529200002589278e-05,0.00020587500000601722,4.9999999873762135e-06,0.013780916000001753,0.014817625000006274,0.014813875000015742,3.74999999053216e-06,0.027273334000028626,,,,,,,,,,,,,,,,,,,,,,,,,,
6,200,15,Random Sampling,0.022269417000018166,0.0010556670000028134,0.010060083000013265,,,,,,,,,0.022269417000018166,0.02226666799995769,2.749000060475737e-06,0.033385167000034244,0.0002304169999831629,0.0002603749999821048,0.006498833999984299,4.2750000005753463e-05,5.033400000797883e-05,0.01518395799999439,,,,,,,,,,,,,,,,,,,,
6,200,15,Non-random,0.028892999999982294,0.0010556670000028134,0.010882417000004807,,,,,,,,,0.028892999999982294,0.028891416999982766,1.5829999995276012e-06,0.040831083999989914,,,,,,,0.016492959000004248,0.012385040999987496,1.3416999991022749e-05,,,,,,,,,,,,,,,,,
6,200,15,CountSketch,0.014073499999994965,0.0010556670000028134,0.010664624999975558,,,,,,,,,0.014073499999994965,0.014313583000074459,0.0,0.025793791999973337,,,,,,,,,,5.041700001129357e-05,0.00026233300002331816,0.00026233300002331816,0.00029699999998911153,0.0002534580000030928,0.00011079099999733444,0.00010441699998864351,0.0002723750000086511,5.084000008537259e-06,0.012695375000021158,,,,,,,
6,200,15,SIGN Bidirectional,0.015149250000007441,0.0010556670000028134,0.01053749999999809,,,,,,,,,0.015149250000007441,0.015145208999967963,4.041000039478604e-06,0.026742417000008345,,,,,,,,,,,,,,,,,,,,3.508300000021336e-05,0.0014328339999849504,0.00036758299998496113,9.4916999984207e-05,0.00020904199999449702,4.917000012483186e-06,0.01300083300000665
6,200,16,Random Projection,0.014618957999999793,0.0008875420000151735,0.010497624999999289,3.754200000116725e-05,0.00034754200001430036,0.00024470900001460905,8.845799999335213e-05,9.508300001925818e-05,0.00020487499998012026,4.958999994641999e-06,0.01359270800000445,0.014618957999999793,0.014615876000021899,3.0819999778941565e-06,0.026004125000014255,,,,,,,,,,,,,,,,,,,,,,,,,,
6,200,16,Random Sampling,0.021008082999998123,0.0008875420000151735,0.010239291000004869,,,,,,,,,0.021008082999998123,0.021005625000015016,2.457999983107584e-06,0.032134916000018166,0.00023012500000163527,0.00026204200000279343,0.008334208000007948,4.2542000016965176e-05,4.899999998997373e-05,0.0120877079999957,,,,,,,,,,,,,,,,,,,,
6,200,16,Non-random,0.03255095800000163,0.0008875420000151735,0.010760833999995612,,,,,,,,,0.03255095800000163,0.032547418000007156,3.5399999944729643e-06,0.044199334000012414,,,,,,,0.0169625420000159,0.015571791999974494,1.308400001676091e-05,,,,,,,,,,,,,,,,,
6,200,16,CountSketch,0.017653082999999015,0.0008875420000151735,0.010250041999995574,,,,,,,,,0.017653082999999015,0.017900252999965005,0.0,0.028790667000009762,,,,,,,,,,5.375000000640284e-05,0.0002707090000058088,0.0002707090000058088,0.0002635419999990063,0.00025145899999756693,7.633399999917856e-05,0.00010125000000016371,0.00021404199998187323,5.082999990690951e-06,0.016393374999978505,,,,,,,
6,200,16,SIGN Bidirectional,0.01664074999999343,0.0008875420000151735,0.01022416700001827,,,,,,,,,0.01664074999999343,0.01663616700000148,4.582999991953329e-06,0.027752459000026874,,,,,,,,,,,,,,,,,,,,3.4416000005421665e-05,0.001236792000014475,0.0003285420000054273,7.608300001038515e-05,0.00022249999997825398,4.833999980746739e-06,0.014733000000006768
6,200,17,Random Projection,0.016927917000003845,0.0009070830000155183,0.010371125000006032,3.166700000178935e-05,0.00036174999999616375,0.0002479999999991378,6.712499998684507e-05,8.441700001071695e-05,0.00021458300000176678,4.833999980746739e-06,0.015910749999989093,0.016927917000003845,0.01692312599996626,4.791000037585036e-06,0.028206125000025395,,,,,,,,,,,,,,,,,,,,,,,,,,
6,200,17,Random Sampling,0.023935999999991964,0.0009070830000155183,0.010634415999987823,,,,,,,,,0.023935999999991964,0.023932250999990856,3.749000001107561e-06,0.035477498999995305,0.0002378340000177559,0.0002617920000034246,0.00997383299997523,4.774999999312968e-05,5.674999999882857e-05,0.013354292000002488,,,,,,,,,,,,,,,,,,,,
6,200,17,Non-random,0.03166483299997935,0.0009070830000155183,0.011700582999992548,,,,,,,,,0.03166483299997935,0.031663123999976506,1.7090000028474606e-06,0.04427249899998742,,,,,,,0.017033540999989327,0.014615208000009261,1.4374999977917469e-05,,,,,,,,,,,,,,,,,
6,200,17,CountSketch,0.01605570899999975,0.0009070830000155183,0.010412625000014941,,,,,,,,,0.01605570899999975,0.01628496000012092,0.0,0.02737541700003021,,,,,,,,,,4.695800001286443e-05,0.0002520840000101998,0.0002520840000101998,0.00027150000002507113,0.00024700000000166256,7.84580000185997e-05,7.999999999697138e-05,0.00021141700000271157,5.292000025747257e-06,0.01484016700001689,,,,,,,
6,200,17,SIGN Bidirectional,0.018431125000006432,0.0009070830000155183,0.01067308300000036,,,,,,,,,0.018431125000006432,0.018426791999985426,4.333000021006228e-06,0.03001129100002231,,,,,,,,,,,,,,,,,,,,3.5042000007479146e-05,0.001242332999993323,0.0003436249999992924,0.00010008300000663439,0.00021899999998709063,5.08399998011555e-06,0.01648162500001149
6,200,18,Random Projection,0.014487209000009216,0.000910458999982211,0.010658125000020391,3.2957999991367615e-05,0.00033108299999184965,0.00024808300000245254,6.795900000611255e-05,0.00010770800000159397,0.00030850000001692024,1.2624999982335794e-05,0.013371374999991303,0.014487209000009216,0.014480290999983936,6.91800002527998e-06,0.026055793000011818,,,,,,,,,,,,,,,,,,,,,,,,,,
6,200,18,Random Sampling,0.019571041999995487,0.000910458999982211,0.010755499999987705,,,,,,,,,0.019571041999995487,0.019568208999999115,2.8329999963716546e-06,0.031237000999965403,0.00023229100000321523,0.0002622499999915817,0.0065558750000036525,4.39590000098633e-05,4.9791999998660685e-05,0.012424041999992141,,,,,,,,,,,,,,,,,,,,
6,200,18,Non-random,0.030393959000008408,0.000910458999982211,0.011032000000000153,,,,,,,,,0.030393959000008408,0.030391334000000825,2.625000007583367e-06,0.04233641799999077,,,,,,,0.017264875000023494,0.013113041999986308,1.3416999991022749e-05,,,,,,,,,,,,,,,,,
6,200,18,CountSketch,0.015238665999987688,0.000910458999982211,0.010725917000002028,,,,,,,,,0.015238665999987688,0.015468751000042857,0.0,0.026875041999971927,,,,,,,,,,4.562500001270564e-05,0.00025083300002393116,0.00025083300002393116,0.00029429200000663513,0.0002482919999806654,8.512499999824286e-05,9.274999999320244e-05,0.00020995900001707923,4.9999999873762135e-06,0.013986041999999088,,,,,,,
6,200,18,SIGN Bidirectional,0.016427208000010296,0.000910458999982211,0.010469666000005873,,,,,,,,,0.016427208000010296,0.016421456999978545,5.751000031750664e-06,0.02780733299999838,,,,,,,,,,,,,,,,,,,,3.545799998505572e-05,0.0015354580000064288,0.00043191599999659047,7.320800000343297e-05,0.000203583999990542,8.333000010907199e-06,0.014133499999985588
6,200,19,Random Projection,0.015849708000018836,0.0008900839999910204,0.010595500000022184,3.2250000003841706e-05,0.00034462499999676766,0.00024587500001871376,8.449999998560997e-05,0.00010333399998785353,0.00021391699999639968,5.458999993379621e-06,0.01481591699999285,0.015849708000018836,0.015845876999975417,3.831000043419408e-06,0.02733529200003204,,,,,,,,,,,,,,,,,,,,,,,,,,
6,200,19,Random Sampling,0.023384291999974494,0.0008900839999910204,0.01040166699999645,,,,,,,,,0.023384291999974494,0.023380500999991227,3.7909999832663743e-06,0.034676042999961965,0.0002369590000057542,0.00026362500000232103,0.009327791999993451,4.412499998807107e-05,5.204100000355538e-05,0.013455958999998074,,,,,,,,,,,,,,,,,,,,
6,200,19,Non-random,0.03129708299999834,0.0008900839999910204,0.011489541999992525,,,,,,,,,0.03129708299999834,0.0312934580000217,3.6249999766369e-06,0.043676708999981884,,,,,,,0.015567750000002434,0.015712457999995877,1.3250000023390385e-05,,,,,,,,,,,,,,,,,
6,200,19,CountSketch,0.01593575000001124,0.0008900839999910204,0.010571875000010778,,,,,,,,,0.01593575000001124,0.016161791000058656,0.0,0.027397709000013037,,,,,,,,,,4.6167000022023785e-05,0.0002470830000049773,0.0002470830000049773,0.00027199999999538704,0.0002572500000042055,9.495800000536292e-05,0.00011408400001755581,0.00022599999999783904,4.9580000052174e-06,0.01465220800000111,,,,,,,
6,200,19,SIGN Bidirectional,0.01704920800000309,0.0008900839999910204,0.010033125000006748,,,,,,,,,0.01704920800000309,0.017044165999976713,5.042000026378446e-06,0.02797241700000086,,,,,,,,,,,,,,,,,,,,3.799999998932435e-05,0.0012611250000134078,0.000350084000018569,0.00010512499997616942,0.0002218329999834623,4.915999994636877e-06,0.015063083000001143
6,200,20,Random Projection,0.017626792000015712,0.000895082999988972,0.010398042000019814,3.2500000003210516e-05,0.0003695420000155991,0.00024287499999786633,6.816700002332254e-05,0.0001075419999949645,0.00021925000001488115,5.000000015797923e-06,0.016578374999994594,0.017626792000015712,0.017623251000060236,3.5409999554758542e-06,0.028919917000024498,,,,,,,,,,,,,,,,,,,,,,,,,,
6,200,20,Random Sampling,0.02382825000000821,0.000895082999988972,0.011257374999985359,,,,,,,,,0.02382825000000821,0.023825502999983428,2.7470000247831194e-06,0.03598070799998254,0.00022858399998426648,0.00026183399998558343,0.00906420900000171,4.420900000923211e-05,4.974999998808016e-05,0.014176917000014555,,,,,,,,,,,,,,,,,,,,
6,200,20,Non-random,0.02998062500000742,0.000895082999988972,0.010589041999992332,,,,,,,,,0.02998062500000742,0.029978916999994,1.7080000134228612e-06,0.041464749999988726,,,,,,,0.01680545900001107,0.013159540999993169,1.391699998976037e-05,,,,,,,,,,,,,,,,,
6,200,20,CountSketch,0.016665541999998368,0.000895082999988972,0.010437000000024454,,,,,,,,,0.016665541999998368,0.016896918999947275,0.0,0.027997625000011794,,,,,,,,,,4.512499998554631e-05,0.00025220899999567337,0.00025220899999567337,0.00028891699997757314,0.00024358299998539223,7.649999997738632e-05,0.00010258400001816881,0.00021320799999102746,5.2090000224325195e-06,0.015417374999998401,,,,,,,
6,200,20,SIGN Bidirectional,0.016885250000001406,0.000895082999988972,0.010209790999994084,,,,,,,,,0.016885250000001406,0.016880249999928765,5.000000072641342e-06,0.027990123999984462,,,,,,,,,,,,,,,,,,,,3.5041999979057437e-05,0.001244290999977693,0.0003699579999931757,7.95839999909731e-05,0.00019879200002037578,4.582999991953329e-06,0.014947999999975536
6,400,1,Random Projection,0.02266337500000759,0.0025789169999939077,0.029512582999984716,5.962499997735904e-05,0.0007431250000138334,0.0004489169999999376,0.0001584590000049957,0.00017412500000091313,0.00022200000000793807,2.2208000018508756e-05,0.020829291000012518,0.02266337500000759,0.022657750000036003,5.6249999715873855e-06,0.054754874999986214,,,,,,,,,,,,,,,,,,,,,,,,,,
6,400,1,Random Sampling,0.0577539159999958,0.0025789169999939077,0.028920792000008078,,,,,,,,,0.0577539159999958,0.05774954200001048,4.373999985318733e-06,0.08925362499999778,0.0007410000000049877,0.001010457999996106,0.022818250000000262,0.00013154200001963545,0.0002123749999896063,0.03283591699999988,,,,,,,,,,,,,,,,,,,,
6,400,1,Non-random,0.08280279100000598,0.0025789169999939077,0.030711291000017127,,,,,,,,,0.08280279100000598,0.08279874900003392,4.041999972059784e-06,0.11609299900001702,,,,,,,0.05473545800001034,0.02801725000000488,4.6041000018703926e-05,,,,,,,,,,,,,,,,,
6,400,1,CountSketch,0.027671083000001317,0.0025789169999939077,0.030672874999993383,,,,,,,,,0.027671083000001317,0.02805091500005119,0.0,0.06092287499998861,,,,,,,,,,5.3791999988561656e-05,0.0004063330000008136,0.0004063330000008136,0.0005843750000167347,0.0006991660000039701,0.00017329199999949196,0.00018062500001292392,0.00022866599999815662,1.2792000006811577e-05,0.025305541000022913,,,,,,,
6,400,1,SIGN Bidirectional,0.023895874999993794,0.0025789169999939077,0.030149041000015586,,,,,,,,,0.023895874999993794,0.02389053999996804,5.335000025752379e-06,0.05662383300000329,,,,,,,,,,,,,,,,,,,,6.454100000041763e-05,0.002370499999983622,0.0007172910000008414,0.00013179199999058255,0.00020770800000491363,7.165999988956173e-06,0.020391541999998708
6,400,2,Random Projection,0.026547625000006292,0.0026119999999991705,0.028606916000001092,6.0917000013205325e-05,0.0006737920000148279,0.00045533300001920907,0.00014712499998381645,0.00019966700000395576,0.0003043330000025435,1.5208999997184947e-05,0.02468445800002428,0.026547625000006292,0.02654083400005902,6.790999947270393e-06,0.057766541000006555,,,,,,,,,,,,,,,,,,,,,,,,,,
6,400,2,Random Sampling,0.043224084000001994,0.0026119999999991705,0.029499458000003642,,,,,,,,,0.043224084000001994,0.04321895900000072,5.125000001271474e-06,0.07533554200000481,0.000726667000009229,0.0010046250000073087,0.015307333999999173,0.00016191700001400022,0.0003474159999825588,0.025670999999988453,,,,,,,,,,,,,,,,,,,,
6,400,2,Non-random,0.07970937499999309,0.0026119999999991705,0.031742790999999215,,,,,,,,,0.07970937499999309,0.0797050420000005,4.332999992584519e-06,0.11406416599999147,,,,,,,0.05465129099999899,0.02500308400001927,5.066699998224067e-05,,,,,,,,,,,,,,,,,
6,400,2,CountSketch,0.029731249999997544,0.0026119999999991705,0.03541970800000627,,,,,,,,,0.029731249999997544,0.030137041000074305,0.0,0.06776295800000298,,,,,,,,,,6.270899999094581e-05,0.00043225000001712033,0.00043225000001712033,0.0005491250000204673,0.00046233300000153577,0.00016808399999490575,0.00017979100002207815,0.0002536660000203028,7.583000012800767e-06,0.027589249999977028,,,,,,,
6,400,2,SIGN Bidirectional,0.03142533400000502,0.0026119999999991705,0.032711583000008204,,,,,,,,,0.03142533400000502,0.03141616700006011,9.166999944909549e-06,0.0667489170000124,,,,,,,,,,,,,,,,,,,,9.708400000363326e-05,0.002473916000013787,0.0007226250000087475,0.00015116700001271965,0.00022833400001331938,7.166000017377883e-06,0.02773587499999053
6,400,3,Random Projection,0.02554829199999631,0.002639874999999847,0.02973454199999992,6.162500000073123e-05,0.0006515000000035798,0.0004554580000046826,0.00014062500000022737,0.00017591599998922902,0.00023300000000858745,7.124999996221959e-06,0.02381812499999114,0.02554829199999631,0.0255433739999944,4.918000001907785e-06,0.057922708999996075,,,,,,,,,,,,,,,,,,,,,,,,,,
6,400,3,Random Sampling,0.04979487500000346,0.002639874999999847,0.029600125000001754,,,,,,,,,0.04979487500000346,0.049790414000028704,4.460999974753577e-06,0.08203487500000506,0.0007249160000242227,0.001000833000006196,0.015692290999993475,0.00017758300000991767,0.0002654159999906369,0.031929375000004256,,,,,,,,,,,,,,,,,,,,
6,400,3,Non-random,0.07931120800000713,0.002639874999999847,0.0305549580000104,,,,,,,,,0.07931120800000713,0.07930704099999275,4.167000014376754e-06,0.11250604100001738,,,,,,,0.055350457999992386,0.023906624999995074,4.995800000529016e-05,,,,,,,,,,,,,,,,,
6,400,3,CountSketch,0.024225375000014537,0.002639874999999847,0.03044458400000849,,,,,,,,,0.024225375000014537,0.024616667000003645,0.0,0.057309834000022875,,,,,,,,,,5.841600000167091e-05,0.0004161669999973583,0.0004161669999973583,0.0006175420000147369,0.0004475830000103542,0.00017145900000059555,0.00018433299999287556,0.00027308400001402333,7.082999985641436e-06,0.02202483299998903,,,,,,,
6,400,3,SIGN Bidirectional,0.022735667000006288,0.002639874999999847,0.029968292000006613,,,,,,,,,0.022735667000006288,0.0227307490000328,4.917999973486076e-06,0.05534383400001275,,,,,,,,,,,,,,,,,,,,6.387500002347224e-05,0.0022817079999981615,0.0006323750000092332,0.00016108300002315445,0.00020895800000175768,6.9159999895873625e-06,0.019375833999987435
6,400,4,Random Projection,0.034159375000001546,0.0025851659999887033,0.031041666999982453,5.979200000183482e-05,0.0006608750000225427,0.0004506660000060947,0.00016395800000168492,0.00019404099998610036,0.00021916700001156642,7.124999996221959e-06,0.032399333999990176,0.034159375000001546,0.03415495800001622,4.416999985323855e-06,0.0677862079999727,,,,,,,,,,,,,,,,,,,,,,,,,,
6,400,4,Random Sampling,0.05317449999998303,0.0025851659999887033,0.030731083000006265,,,,,,,,,0.05317449999998303,0.05316820899997765,6.2910000053761905e-06,0.086490748999978,0.0007447079999849393,0.0010187919999964379,0.024631416999994826,0.00016079200000262972,0.00021841699998503827,0.02639408300001378,,,,,,,,,,,,,,,,,,,,
6,400,4,Non-random,0.07837245799998982,0.0025851659999887033,0.030982542000003832,,,,,,,,,0.07837245799998982,0.07836812599998666,4.332000003159919e-06,0.11194016599998236,,,,,,,0.05378175000001306,0.024536166999979514,5.020899999408357e-05,,,,,,,,,,,,,,,,,
6,400,4,CountSketch,0.02807133400000339,0.0025851659999887033,0.0306425420000096,,,,,,,,,0.02807133400000339,0.028471750000022666,0.0,0.06129904200000169,,,,,,,,,,5.949999999188549e-05,0.0004263750000177424,0.0004263750000177424,0.0005499170000007325,0.0004630410000174834,0.0001763329999846519,0.0001596250000091004,0.0002295000000174241,8.416999975224826e-06,0.02597266699999068,,,,,,,
6,400,4,SIGN Bidirectional,0.031341999999995096,0.0025851659999887033,0.03030279199998631,,,,,,,,,0.031341999999995096,0.03133570700001087,6.292999984225389e-06,0.06422995799997011,,,,,,,,,,,,,,,,,,,,6.60420000144768e-05,0.002762625000002572,0.0006704999999840311,0.00015133299999092742,0.00020979100000317885,7.291000002851433e-06,0.027468125000012833
6,400,5,Random Projection,0.02951845900000194,0.002626832999993667,0.030754500000000462,6.062500000325599e-05,0.000689042000004747,0.0004553750000013679,0.00015008300002250508,0.00016566699997611067,0.0002155419999780861,7.207999999536696e-06,0.027770083000007162,0.02951845900000194,0.02951362499999277,4.834000009168449e-06,0.06289979199999607,,,,,,,,,,,,,,,,,,,,,,,,,,
6,400,5,Random Sampling,0.043768583999991506,0.002626832999993667,0.030574374999986276,,,,,,,,,0.043768583999991506,0.043764541999991025,4.042000000481494e-06,0.07696979199997145,0.0007259589999932814,0.001019249999984595,0.018957333000003018,0.00015337500002488014,0.0002157499999952961,0.022692874999989954,,,,,,,,,,,,,,,,,,,,
6,400,5,Non-random,0.07972379200001001,0.002626832999993667,0.03260862499999462,,,,,,,,,0.07972379200001001,0.07971908299998631,4.709000023694898e-06,0.11495924999999829,,,,,,,0.05493737499998019,0.02473150000000146,5.020800000465897e-05,,,,,,,,,,,,,,,,,
6,400,5,CountSketch,0.028955207999985078,0.002626832999993667,0.030352792000002182,,,,,,,,,0.028955207999985078,0.029378041000001076,0.0,0.06193483299998093,,,,,,,,,,6.250000001273293e-05,0.0004536250000057862,0.0004536250000057862,0.0005917500000123255,0.0006568749999757983,0.0001975000000129512,0.00021883399998046116,0.0002425830000163387,7.082999985641436e-06,0.026493665999993254,,,,,,,
6,400,5,SIGN Bidirectional,0.024147625000011885,0.002626832999993667,0.031035666000008177,,,,,,,,,0.024147625000011885,0.024140668000001142,6.957000010743286e-06,0.05781012400001373,,,,,,,,,,,,,,,,,,,,6.69590000086373e-05,0.00236358300000461,0.0006345840000108183,0.0001650000000097407,0.00021812500000351065,7.082999985641436e-06,0.020685333999978184
6,400,6,Random Projection,0.025769874999980402,0.002654834000026085,0.0381267919999857,6.229199999552293e-05,0.0008052499999848806,0.0006885420000060094,0.00014345800002502074,0.00017399999998701787,0.000244624999993448,1.3125000009495125e-05,0.023631957999981523,0.025769874999980402,0.025763249999982918,6.624999997484338e-06,0.06655150099999219,,,,,,,,,,,,,,,,,,,,,,,,,,
6,400,6,Random Sampling,0.04824533299998279,0.002654834000026085,0.030627958000025046,,,,,,,,,0.04824533299998279,0.048238999999966836,6.3330000159567135e-06,0.08152812500003392,0.0007964999999785505,0.0010503749999770662,0.024419416999990062,0.00018320899999935136,0.0002265829999998914,0.021562916000021914,,,,,,,,,,,,,,,,,,,,
6,400,6,Non-random,0.08127812500001141,0.002654834000026085,0.030871165999997174,,,,,,,,,0.08127812500001141,0.08127358399994478,4.541000066637935e-06,0.11480412500003467,,,,,,,0.056015041999984305,0.025210749999985183,4.779199997528849e-05,,,,,,,,,,,,,,,,,
6,400,6,CountSketch,0.02421891599999526,0.002654834000026085,0.029562166999994588,,,,,,,,,0.02421891599999526,0.02461995699999875,0.0,0.056435917000015934,,,,,,,,,,6.049999998936073e-05,0.00043166700001506797,0.00043166700001506797,0.0007449590000021544,0.0006772499999954107,0.00023366599998553284,0.00021070799999733936,0.00018008300000360578,1.4415999999073392e-05,0.021635040999996136,,,,,,,
6,400,6,SIGN Bidirectional,0.023310208000026478,0.002654834000026085,0.02978341700000442,,,,,,,,,0.023310208000026478,0.0233039170000211,6.2910000053761905e-06,0.05574845900005698,,,,,,,,,,,,,,,,,,,,6.441700000436867e-05,0.002314583000014636,0.0007197500000017953,0.00016304199999694902,0.0002144169999951373,7.833000012169578e-06,0.019819874999996046
6,400,7,Random Projection,0.02160733400000936,0.002630250000009937,0.028789916999983234,6.062500000325599e-05,0.000635541999997713,0.0004619580000166934,0.00016291600002205087,0.00016666700000200763,0.00021354200001155732,7.1669999783807725e-06,0.01989395799998306,0.02160733400000936,0.021602375000014717,4.958999994641999e-06,0.05302750100000253,,,,,,,,,,,,,,,,,,,,,,,,,,
6,400,7,Random Sampling,0.04592804199998568,0.002630250000009937,0.030105957999978727,,,,,,,,,0.04592804199998568,0.04592408600001363,3.95599997204954e-06,0.07866424999997434,0.0007267919999947026,0.0009964589999924556,0.01944629199999781,0.000131667000005109,0.00021320900000887377,0.02440966700001468,,,,,,,,,,,,,,,,,,,,
6,400,7,Non-random,0.08369791699999496,0.002630250000009937,0.0307254169999851,,,,,,,,,0.08369791699999496,0.08369483199999195,3.0850000030113733e-06,0.11705358399999,,,,,,,0.055808083000016495,0.027835957999997163,5.079099997828962e-05,,,,,,,,,,,,,,,,,
6,400,7,CountSketch,0.02228695799999514,0.002630250000009937,0.029260084000014785,,,,,,,,,0.02228695799999514,0.02268020800002546,0.0,0.05417729200001986,,,,,,,,,,5.6792000009409094e-05,0.00041904200000431047,0.00041904200000431047,0.000505333000006658,0.00045195800001351927,0.00013983299999154042,0.00018437500000345608,0.00021624999999403371,7.041999992907222e-06,0.020280541000005314,,,,,,,
6,400,7,SIGN Bidirectional,0.02635175000000345,0.002630250000009937,0.029366084000002957,,,,,,,,,0.02635175000000345,0.02634566600005428,6.083999949169083e-06,0.05834808400001634,,,,,,,,,,,,,,,,,,,,6.662500001652916e-05,0.002361540999999079,0.0006688340000096105,0.00013883299999406518,0.0002227500000060445,7.000000010748408e-06,0.022880083000018203
6,400,8,Random Projection,0.023305167000017946,0.0026135409999881176,0.0290095000000008,6.012500000451837e-05,0.0006537499999978991,0.0004514160000042011,0.0001582499999983611,0.00019404200000394667,0.0002245420000122067,7.49999998106432e-06,0.021550625000003265,0.023305167000017946,0.023300250000005462,4.917000012483186e-06,0.05492820800000686,,,,,,,,,,,,,,,,,,,,,,,,,,
6,400,8,Random Sampling,0.04077150000000529,0.0026135409999881176,0.029138208000006216,,,,,,,,,0.04077150000000529,0.04076737499994465,4.12500006063965e-06,0.07252324899999962,0.0007281249999948614,0.0010023330000024089,0.017899249999999256,0.00015687499998762178,0.00021679199997493015,0.020763999999985572,,,,,,,,,,,,,,,,,,,,
6,400,8,Non-random,0.07867483399999742,0.0026135409999881176,0.030327417000023615,,,,,,,,,0.07867483399999742,0.07867099899996788,3.835000029539515e-06,0.11161579200000915,,,,,,,0.05359545800001797,0.025029124999974783,4.641599997512458e-05,,,,,,,,,,,,,,,,,
6,400,8,CountSketch,0.02881808399999386,0.0026135409999881176,0.030625207999975146,,,,,,,,,0.02881808399999386,0.0292148339999585,0.0,0.06205683299995712,,,,,,,,,,5.979099998398851e-05,0.00042512499999247666,0.00042512499999247666,0.0005404999999996107,0.0006402090000108274,0.00016199999998889325,0.00018574999998577368,0.00022762500000794716,1.2459000004128029e-05,0.02653624999999238,,,,,,,
6,400,8,SIGN Bidirectional,0.02548591699999747,0.0026135409999881176,0.029624792000021216,,,,,,,,,0.02548591699999747,0.02548074999998562,5.1670000118519965e-06,0.057724250000006805,,,,,,,,,,,,,,,,,,,,6.65000000026339e-05,0.002269708000000037,0.0006525419999832138,0.00017062500000974978,0.00022687500000984073,7.082999985641436e-06,0.022087416999994502
6,400,9,Random Projection,0.022825875000023643,0.002610583999995697,0.028950082999983806,6.195800000341478e-05,0.0007009589999995569,0.00045008399999346693,0.00012545800001362295,0.00016199999998889325,0.0002460000000041873,7.124999996221959e-06,0.021068417000009276,0.022825875000023643,0.02282200100000864,3.874000015002821e-06,0.054386542000003146,,,,,,,,,,,,,,,,,,,,,,,,,,
6,400,9,Random Sampling,0.044978415999992194,0.002610583999995697,0.029122208999979193,,,,,,,,,0.044978415999992194,0.04497408299999961,4.332999992584519e-06,0.07671120899996708,0.000720250000000533,0.0010029580000150418,0.02090124999998011,0.00016287500000089494,0.0002576669999996284,0.021929083000003402,,,,,,,,,,,,,,,,,,,,
6,400,9,Non-random,0.07706220800000096,0.002610583999995697,0.03092112499999189,,,,,,,,,0.07706220800000096,0.07705875000002038,3.4579999805828265e-06,0.11059391699998855,,,,,,,0.0548605410000107,0.022120583999992505,7.762500001717854e-05,,,,,,,,,,,,,,,,,
6,400,9,CountSketch,0.025336291999991545,0.002610583999995697,0.03097004200000697,,,,,,,,,0.025336291999991545,0.025731959000069082,0.0,0.05891691799999421,,,,,,,,,,5.7166000004826856e-05,0.00042241700001000027,0.00042241700001000027,0.000559417000005169,0.0006684580000069218,0.0001736250000021755,0.0001846670000134054,0.00024633300000687086,1.3042000006180388e-05,0.022984417000003532,,,,,,,
6,400,9,SIGN Bidirectional,0.026852166999987048,0.002610583999995697,0.0317351249999831,,,,,,,,,0.026852166999987048,0.026846209000012777,5.957999974270933e-06,0.061197875999965845,,,,,,,,,,,,,,,,,,,,6.575000000452746e-05,0.0023025419999953556,0.000613624999999729,0.00015475000000719774,0.00021820899999624999,7.0830000140631455e-06,0.023484249999995654
6,400,10,Random Projection,0.03209325000000263,0.0026760410000008505,0.030067750000000615,5.991700001573008e-05,0.0008768749999887859,0.0004647079999813286,0.00014354200001776007,0.00018299999999271677,0.00021970800000303825,7.000000010748408e-06,0.030133291999987932,0.03209325000000263,0.03208804199999804,5.208000004586211e-06,0.06483704100000409,,,,,,,,,,,,,,,,,,,,,,,,,,
6,400,10,Random Sampling,0.03844783399998164,0.0026760410000008505,0.02941229099999987,,,,,,,,,0.03844783399998164,0.03844254100005173,5.292999929906728e-06,0.07053616599998236,0.0007310420000123941,0.0010222910000265983,0.012324875000018665,0.00019650000001547596,0.00021412499998518797,0.023953707999993412,,,,,,,,,,,,,,,,,,,,
6,400,10,Non-random,0.08230691599999318,0.0026760410000008505,0.03269233400001781,,,,,,,,,0.08230691599999318,0.08230366600000139,3.249999991794539e-06,0.11767529100001184,,,,,,,0.05775212499997906,0.02450079100000835,5.0750000013977115e-05,,,,,,,,,,,,,,,,,
6,400,10,CountSketch,0.029290792000011834,0.0026760410000008505,0.029974957999996832,,,,,,,,,0.029290792000011834,0.029696623999967642,0.0,0.061941791000009516,,,,,,,,,,6.304199999362936e-05,0.00043258299999138217,0.00043258299999138217,0.0005194999999957872,0.00045212500000957334,0.00014616599997907542,0.0001891659999841977,0.00022962500000289765,8.625000020856533e-06,0.02722320899999886,,,,,,,
6,400,10,SIGN Bidirectional,0.025076709000018127,0.0026760410000008505,0.02993766700001288,,,,,,,,,0.025076709000018127,0.025069664999961105,7.044000057021549e-06,0.05769041700003186,,,,,,,,,,,,,,,,,,,,6.683300000531744e-05,0.0028815409999936037,0.0008435000000019954,0.0001711250000084874,0.00022495799998978327,1.2541999979021057e-05,0.020869165999982897
6,400,11,Random Projection,0.024640499999975418,0.0032998750000103882,0.030026249999991705,6.370799999899646e-05,0.0007381669999801943,0.0006908750000036434,0.00021999999998456587,0.00022987500000226646,0.00023754099998996026,7.749999980433131e-06,0.022445167000000765,0.024640499999975418,0.024633082999940825,7.417000034593002e-06,0.05796662499997751,,,,,,,,,,,,,,,,,,,,,,,,,,
6,400,11,Random Sampling,0.04380300000002535,0.0032998750000103882,0.049830083000017567,,,,,,,,,0.04380300000002535,0.04379770899998903,5.291000036322657e-06,0.0969329580000533,0.000729707999994389,0.001003042000007781,0.020278499999989208,0.00015408400000183065,0.0002197919999957776,0.02141258300000004,,,,,,,,,,,,,,,,,,,,
6,400,11,Non-random,0.0788945000000183,0.0032998750000103882,0.03099712499999896,,,,,,,,,0.0788945000000183,0.07889054200001056,3.958000007742157e-06,0.11319150000002765,,,,,,,0.05708962500000325,0.021754417000011017,4.6499999996285624e-05,,,,,,,,,,,,,,,,,
6,400,11,CountSketch,0.02231495799998129,0.0032998750000103882,0.02967554200000677,,,,,,,,,0.02231495799998129,0.022716124000027094,0.0,0.05529037499999845,,,,,,,,,,6.2667000008787e-05,0.00042716599998016136,0.00042716599998016136,0.0005678340000088156,0.00045758300001352836,0.0002028750000135915,0.0002150830000005044,0.00022375000000351974,7.916000015484315e-06,0.02012408400000254,,,,,,,
6,400,11,SIGN Bidirectional,0.02874520899999311,0.0032998750000103882,0.03202412499999241,,,,,,,,,0.02874520899999311,0.028737625000019307,7.583999973803657e-06,0.06406920899999591,,,,,,,,,,,,,,,,,,,,6.595900001116206e-05,0.0022804999999834763,0.0008195830000090609,0.00018212500000913678,0.00018483299999161318,1.3625000008232746e-05,0.025191000000006625
6,400,12,Random Projection,0.023884416999976565,0.0026404580000018996,0.030886791999989782,6.129199999804769e-05,0.0006943749999948068,0.0004621250000127475,0.0001357079999877442,0.00017895799999223527,0.0002482909999912408,7.207999999536696e-06,0.022091082999992295,0.023884416999976565,0.023879039999968654,5.377000007911192e-06,0.05741166699996825,,,,,,,,,,,,,,,,,,,,,,,,,,
6,400,12,Random Sampling,0.04240083299998787,0.0026404580000018996,0.03102004199999442,,,,,,,,,0.04240083299998787,0.04239349899998501,7.3340000028565555e-06,0.07606133299998419,0.0007336669999915557,0.001016332999995484,0.016142290999994202,0.0002121250000186592,0.0003138749999891388,0.023975207999995973,,,,,,,,,,,,,,,,,,,,
6,400,12,Non-random,0.07904204199999754,0.0026404580000018996,0.03170216699999173,,,,,,,,,0.07904204199999754,0.07903879200003416,3.2499999633728294e-06,0.11338466699999117,,,,,,,0.05512987500000577,0.023829042000016898,7.987500001149783e-05,,,,,,,,,,,,,,,,,
6,400,12,CountSketch,0.023541416999989906,0.0026404580000018996,0.03231708300000946,,,,,,,,,0.023541416999989906,0.0239311280000436,0.0,0.05849895800000127,,,,,,,,,,5.262499999503234e-05,0.00041491700000051424,0.00041491700000051424,0.0006062920000147187,0.0004525420000049962,0.0001686250000147993,0.00019083399999431094,0.00022845899999879293,6.917000007433671e-06,0.021395000000012487,,,,,,,
6,400,12,SIGN Bidirectional,0.02448737500000675,0.0026404580000018996,0.030105208999998467,,,,,,,,,0.02448737500000675,0.024482084999959852,5.290000046898058e-06,0.05723304200000712,,,,,,,,,,,,,,,,,,,,6.408400000168513e-05,0.0022746249999840984,0.0006795829999930447,0.0001718339999854379,0.0002447920000179238,7.874999994328391e-06,0.021039291999983334
6,400,13,Random Projection,0.026316333000011127,0.002639958000003162,0.029740250000003243,6.250000001273293e-05,0.0007626670000036029,0.0004667089999941254,0.00018904099999872415,0.00016308299998968323,0.00022079200002167454,7.084000003487745e-06,0.024438916999997673,0.026316333000011127,0.026310793000021704,5.53999998942345e-06,0.05869654100001753,,,,,,,,,,,,,,,,,,,,,,,,,,
6,400,13,Random Sampling,0.04290554100001032,0.002639958000003162,0.030514750000008917,,,,,,,,,0.04290554100001032,0.042901290999992625,4.250000017691491e-06,0.0760602490000224,0.0007305000000030759,0.0009986249999940355,0.01790633300001332,0.00014974999999139982,0.00021562500000982254,0.022900457999980972,,,,,,,,,,,,,,,,,,,,
6,400,13,Non-random,0.0759469169999818,0.002639958000003162,0.031638624999999365,,,,,,,,,0.0759469169999818,0.07594395899999995,2.957999981845205e-06,0.11022549999998432,,,,,,,0.05570645899999249,0.020188249999989694,4.925000001776425e-05,,,,,,,,,,,,,,,,,
6,400,13,CountSketch,0.024474584000017785,0.002639958000003162,0.02919749999998089,,,,,,,,,0.024474584000017785,0.024860958000004985,0.0,0.05631204200000184,,,,,,,,,,5.641699999614502e-05,0.0004157500000019354,0.0004157500000019354,0.0005817919999913101,0.0006772499999954107,0.00017770800002381293,0.00017374999998764906,0.00024250000001302396,7.0410000034826226e-06,0.02211299999999028,,,,,,,
6,400,13,SIGN Bidirectional,0.02330591699998763,0.002639958000003162,0.029881875000000946,,,,,,,,,0.02330591699998763,0.023301166999999623,4.749999988007403e-06,0.05582774999999174,,,,,,,,,,,,,,,,,,,,6.37920000201575e-05,0.002375083000003997,0.0007159589999901073,0.00013816699998869808,0.00022120799999925111,7.874999994328391e-06,0.019779083000003084
6,400,14,Random Projection,0.0203409160000092,0.0025847919999932856,0.029085374999993974,5.962500000578075e-05,0.0006681659999969725,0.00044991600000798826,0.00014862500000845102,0.00017845799999349765,0.0002423749999991287,7.665999987693795e-06,0.018581500000010465,0.0203409160000092,0.020336331000009977,4.584999999224237e-06,0.05201108299999646,,,,,,,,,,,,,,,,,,,,,,,,,,
6,400,14,Random Sampling,0.046369916000003286,0.0025847919999932856,0.030281125000016118,,,,,,,,,0.046369916000003286,0.04636670799996523,3.2080000380574347e-06,0.07923583300001269,0.0007213749999834818,0.0009983749999946667,0.01758237499998927,0.0001438749999920219,0.00020804199999702178,0.026712666000008767,,,,,,,,,,,,,,,,,,,,
6,400,14,Non-random,0.07900762500000269,0.0025847919999932856,0.031808749999981956,,,,,,,,,0.07900762500000269,0.07900504199997727,2.5830000254245533e-06,0.11340116699997793,,,,,,,0.05665899999999624,0.022299041999986002,4.6999999995023245e-05,,,,,,,,,,,,,,,,,
6,400,14,CountSketch,0.025968708999982937,0.0025847919999932856,0.03061258299999281,,,,,,,,,0.025968708999982937,0.026386665000046605,0.0,0.05916608399996903,,,,,,,,,,5.5207999992035184e-05,0.0004418330000248716,0.0004418330000248716,0.00048108300001104,0.00045195800001351927,0.00013858299999469637,0.0001584999999977299,0.00023270899998806271,7.583000012800767e-06,0.023977374999986978,,,,,,,
6,400,14,SIGN Bidirectional,0.02565279200001669,0.0025847919999932856,0.03155250000000365,,,,,,,,,0.02565279200001669,0.025647916999986364,4.875000030324372e-06,0.05979008400001362,,,,,,,,,,,,,,,,,,,,6.383299998447001e-05,0.00236250000000382,0.0006725000000074033,0.00017729199998939293,0.0002610420000053182,6.874999996853148e-06,0.022103874999999107
6,400,15,Random Projection,0.023530040999986568,0.0026021250000098917,0.0326376659999994,6.183299998951952e-05,0.0007634579999944435,0.0004549589999953696,0.00015229199999566845,0.00017341700001338722,0.00020954200002165635,6.9580000001678854e-06,0.021702874999988353,0.023530040999986568,0.023525333999998566,4.706999988002281e-06,0.05876983199999586,,,,,,,,,,,,,,,,,,,,,,,,,,
6,400,15,Random Sampling,0.03827179199998909,0.0026021250000098917,0.03184849999999528,,,,,,,,,0.03827179199998909,0.03826520999996319,6.582000025900925e-06,0.07272241699999427,0.0007319999999992888,0.0010040419999768346,0.014143334000010555,0.00021604200000524543,0.00023074999998584644,0.02193904199998542,,,,,,,,,,,,,,,,,,,,
6,400,15,Non-random,0.08823783299999377,0.0026021250000098917,0.032758833000002596,,,,,,,,,0.08823783299999377,0.08823412500004224,3.7079999515299278e-06,0.12359879100000626,,,,,,,0.06156791700001918,0.026615958000007822,5.025000001523949e-05,,,,,,,,,,,,,,,,,
6,400,15,CountSketch,0.02601158299998474,0.0026021250000098917,0.03137074999997935,,,,,,,,,0.02601158299998474,0.02641262499994923,0.0,0.059984457999973984,,,,,,,,,,6.083299999204428e-05,0.00042845799998758594,0.00042845799998758594,0.0005158750000191503,0.00045804199999111006,0.00016545899998732239,0.00016629199998874356,0.00022916699998631884,7.124999996221959e-06,0.023952916000013147,,,,,,,
6,400,15,SIGN Bidirectional,0.027666000000010627,0.0026021250000098917,0.03221016699998813,,,,,,,,,0.027666000000010627,0.027658000000030825,7.999999979801942e-06,0.06247829200000865,,,,,,,,,,,,,,,,,,,,6.866700002206017e-05,0.0024704580000047827,0.0009499169999855894,0.00023566600000890503,0.0002772920000211343,1.4125000006970367e-05,0.023641874999981383
6,400,16,Random Projection,0.026242208000013534,0.002639458999993849,0.03089850000000638,7.762499998875683e-05,0.0009959580000042934,0.0005042500000058681,0.0001381670000171198,0.00018474999998829844,0.00027945799999429255,7.209000017383005e-06,0.024049000000019305,0.026242208000013534,0.026236417000035317,5.79099997821686e-06,0.05978016700001376,,,,,,,,,,,,,,,,,,,,,,,,,,
6,400,16,Random Sampling,0.048052665999989586,0.002639458999993849,0.03154816700001106,,,,,,,,,0.048052665999989586,0.04804575000005684,6.915999932743944e-06,0.0822402919999945,0.000747041000010995,0.001224209000014298,0.01857279100002529,0.00015416700000514538,0.0003453340000021399,0.027002207999998973,,,,,,,,,,,,,,,,,,,,
6,400,16,Non-random,0.0850626659999989,0.002639458999993849,0.03374637499999267,,,,,,,,,0.0850626659999989,0.08505904200001169,3.6239999872123008e-06,0.12144849999998542,,,,,,,0.05943037500000514,0.025580375000004096,4.829200000244782e-05,,,,,,,,,,,,,,,,,
6,400,16,CountSketch,0.02714000000000283,0.002639458999993849,0.03344779200000403,,,,,,,,,0.02714000000000283,0.027576207000009845,0.0,0.0632272510000007,,,,,,,,,,6.416599998715355e-05,0.00046766700000944184,0.00046766700000944184,0.0006339159999981803,0.00047470800001292446,0.00015300000001161607,0.0001938750000078926,0.0003141249999885076,7.49999998106432e-06,0.024799583000003622,,,,,,,
6,400,16,SIGN Bidirectional,0.02566008299999112,0.002639458999993849,0.03189554200000089,,,,,,,,,0.02566008299999112,0.025652751000052376,7.3319999387422286e-06,0.060195083999985854,,,,,,,,,,,,,,,,,,,,6.783300000279269e-05,0.002529957999996668,0.0007683750000069267,0.000168209000008801,0.00023637500001427725,7.4590000167518156e-06,0.02187454200000616
6,400,17,Random Projection,0.03266274999998586,0.002680249999997386,0.031378999999986945,6.279199999426055e-05,0.000723542000002908,0.00047516600000108156,0.00017141699999001503,0.000170666000002484,0.00024249999998460225,7.332999985010247e-06,0.030803041999973857,0.03266274999998586,0.03265645799993422,6.292000051644209e-06,0.0667219999999702,,,,,,,,,,,,,,,,,,,,,,,,,,
6,400,17,Random Sampling,0.04086495800001444,0.002680249999997386,0.03240925000000061,,,,,,,,,0.04086495800001444,0.04085987399997748,5.084000036958969e-06,0.07595445800001244,0.0007487499999854208,0.0010327079999967737,0.01581570799999099,0.00018516700001214303,0.0002588330000037331,0.02281870799998842,,,,,,,,,,,,,,,,,,,,
6,400,17,Non-random,0.08923924999999144,0.002680249999997386,0.03244566600000098,,,,,,,,,0.08923924999999144,0.08923487399999885,4.375999992589641e-06,0.12436516599998981,,,,,,,0.0626159159999986,0.026571082999993223,4.787500000702494e-05,,,,,,,,,,,,,,,,,
6,400,17,CountSketch,0.025671208000005663,0.002680249999997386,0.03087404199999355,,,,,,,,,0.025671208000005663,0.026096792000060987,0.0,0.0592254999999966,,,,,,,,,,6.487500002094748e-05,0.00045554100000799735,0.00045554100000799735,0.0006661669999914466,0.0006401249999896663,0.0001929590000031567,0.0001864590000195676,0.0002453330000093956,8.500000006961272e-06,0.02318129200000385,,,,,,,
6,400,17,SIGN Bidirectional,0.03710554099998831,0.002680249999997386,0.031828665999995565,,,,,,,,,0.03710554099998831,0.03709912400000803,6.4169999802743405e-06,0.07161445699998126,,,,,,,,,,,,,,,,,,,,6.691599998021047e-05,0.0024209169999949154,0.0006438750000086202,0.00017254100001196093,0.00022312500001930857,8.874999991803634e-06,0.03356287500000121
6,400,18,Random Projection,0.025582583000016257,0.00266225000001441,0.03133854200001451,6.074999998872954e-05,0.0008258329999932812,0.00046699999998622843,0.00021229199998629156,0.00022887500000479122,0.00029408300000000054,7.834000001594177e-06,0.02348154099999533,0.025582583000016257,0.02557820799995625,4.37500006000846e-06,0.05958337500004518,,,,,,,,,,,,,,,,,,,,,,,,,,
6,400,18,Random Sampling,0.04563833400001727,0.00266225000001441,0.030534792000025845,,,,,,,,,0.04563833400001727,0.04563412599995331,4.208000063954387e-06,0.07883537600005752,0.0007300419999864971,0.0009995420000166177,0.01877033299999198,0.00015637499998888416,0.00021129199998881631,0.024766541999980518,,,,,,,,,,,,,,,,,,,,
6,400,18,Non-random,0.07680912499998271,0.00266225000001441,0.03134695800000031,,,,,,,,,0.07680912499998271,0.07680633199998965,2.7929999930620397e-06,0.11081833299999744,,,,,,,0.054665540999991435,0.02209345800000051,4.733299999770679e-05,,,,,,,,,,,,,,,,,
6,400,18,CountSketch,0.028950917000003074,0.00266225000001441,0.029309499999982336,,,,,,,,,0.028950917000003074,0.029641499999996768,0.0,0.06092266699999982,,,,,,,,,,0.00010708299998896109,0.0007429999999999382,0.0007429999999999382,0.0005981669999925998,0.00046004199998606055,0.0001503750000040327,0.00019437500000663022,0.0003489999999999327,1.6791999996712548e-05,0.026279666000021962,,,,,,,
6,400,18,SIGN Bidirectional,0.023551042000008238,0.00266225000001441,0.030592709000018203,,,,,,,,,0.023551042000008238,0.0235463749999667,4.667000041536085e-06,0.05680600100004085,,,,,,,,,,,,,,,,,,,,6.337499999631291e-05,0.0022677919999978258,0.0006287079999935941,0.00016024999999331158,0.0002085410000063348,7.791999991013654e-06,0.02020991699998831
6,400,19,Random Projection,0.023385084000011602,0.0026326670000003105,0.030937958000009758,6.000000001904482e-05,0.0007735829999830912,0.0004572500000108448,0.0001639170000089507,0.00019979100000000471,0.00022741700001915888,7.667000005540103e-06,0.0214896660000079,0.023385084000011602,0.023379291000054536,5.792999957066058e-06,0.05695570900002167,,,,,,,,,,,,,,,,,,,,,,,,,,
6,400,19,Random Sampling,0.04176637500000879,0.0026326670000003105,0.035669541999993726,,,,,,,,,0.04176637500000879,0.041761082999954624,5.292000054168966e-06,0.08006858400000283,0.0007217499999967458,0.001005915999996887,0.01556733299997859,0.00017170899999996436,0.00021362499998645035,0.024080749999995987,,,,,,,,,,,,,,,,,,,,
6,400,19,Non-random,0.08277529099999015,0.0026326670000003105,0.03147308399999815,,,,,,,,,0.08277529099999015,0.08277016499999945,5.125999990696073e-06,0.11688104199998861,,,,,,,0.0589115409999863,0.0237764580000146,8.216599999855134e-05,,,,,,,,,,,,,,,,,
6,400,19,CountSketch,0.03159074999999234,0.0026326670000003105,0.03127879199999484,,,,,,,,,0.03159074999999234,0.03199291800001447,0.0,0.06550220899998749,,,,,,,,,,6.045800000720192e-05,0.0004282089999776417,0.0004282089999776417,0.000615083000013783,0.00046224999999822103,0.00015933299999915107,0.00017820900001197515,0.0002558330000113074,7.250000010117219e-06,0.02939808400000743,,,,,,,
6,400,19,SIGN Bidirectional,0.029734915999995337,0.0026326670000003105,0.029273208000006434,,,,,,,,,0.029734915999995337,0.02972933399996691,5.582000028425682e-06,0.06164079100000208,,,,,,,,,,,,,,,,,,,,6.558299998005168e-05,0.0023289579999925536,0.0006695840000077169,0.00018791700000519995,0.00022808399998552886,7.291000002851433e-06,0.02624191699999301
6,400,20,Random Projection,0.029323875000017097,0.0026432079999949565,0.029886915999981056,6.133300001920361e-05,0.0006745839999950931,0.0004486249999899883,0.00023233299998537404,0.00018224999999461033,0.0002842909999856147,1.308400001676091e-05,0.027420458000023018,0.029323875000017097,0.029316958000009663,6.917000007433671e-06,0.06185399899999311,,,,,,,,,,,,,,,,,,,,,,,,,,
6,400,20,Random Sampling,0.04470200000000091,0.0026432079999949565,0.030232291000004352,,,,,,,,,0.04470200000000091,0.04469716799997059,4.83200003031925e-06,0.07757749900000022,0.0007248339999819109,0.0009987079999973503,0.019743083999998134,0.0001634580000029473,0.00021383399999308494,0.02285324999999716,,,,,,,,,,,,,,,,,,,,
6,400,20,Non-random,0.08025449999999523,0.0026432079999949565,0.03127579200000241,,,,,,,,,0.08025449999999523,0.08025054300000534,3.9569999898958486e-06,0.1141734999999926,,,,,,,0.0552090840000119,0.02496012499997846,8.133400001497648e-05,,,,,,,,,,,,,,,,,
6,400,20,CountSketch,0.024149875000006205,0.0026432079999949565,0.0319306250000011,,,,,,,,,0.024149875000006205,0.024525750000066182,0.0,0.05872370800000226,,,,,,,,,,4.879100001176084e-05,0.0003990000000158034,0.0003990000000158034,0.0005228330000193182,0.0004520839999884174,0.00016650000000595355,0.00023141700000905985,0.00022108400000320216,7.124999996221959e-06,0.02207791600000064,,,,,,,
6,400,20,SIGN Bidirectional,0.032061874999982365,0.0026432079999949565,0.029652834000017947,,,,,,,,,0.032061874999982365,0.03205187600002546,9.998999956906118e-06,0.06435791699999527,,,,,,,,,,,,,,,,,,,,9.862499999258034e-05,0.002751583000019764,0.0008235839999883865,0.0001564580000206206,0.00023429199998759032,1.3375000008863935e-05,0.027973959000007653
6,600,1,Random Projection,0.03947675000000572,0.005493207999990091,0.05695916600001283,8.941600000866856e-05,0.0010847920000003342,0.0006637079999904927,0.00024074999998902058,0.0002721249999808606,0.00021920800000430063,9.333000008382442e-06,0.036893583000022545,0.03947675000000572,0.039472915000004605,3.835000001117805e-06,0.10192912400000864,,,,,,,,,,,,,,,,,,,,,,,,,,
6,600,1,Random Sampling,0.06934587500001044,0.005493207999990091,0.08990154200000688,,,,,,,,,0.06934587500001044,0.06934195899998485,3.916000025583344e-06,0.1647406250000074,0.0015068749999898046,0.002293291999990288,0.025955874999993966,0.00027062500001306944,0.0005932089999873824,0.03872208300001034,,,,,,,,,,,,,,,,,,,,
6,600,1,Non-random,0.1713938750000068,0.005493207999990091,0.05816337499999236,,,,,,,,,0.1713938750000068,0.17139091599995027,2.959000056534933e-06,0.23505045799998925,,,,,,,0.14166387499997768,0.029619040999989465,0.0001079999999831216,,,,,,,,,,,,,,,,,
6,600,1,CountSketch,0.03223570800000175,0.005493207999990091,0.054551707999991095,,,,,,,,,0.03223570800000175,0.03290887700006806,0.0,0.09228062399998294,,,,,,,,,,6.320800000025883e-05,0.000701334000012821,0.000701334000012821,0.000845666999993,0.0009190000000103282,0.00026591700000722085,0.0002974170000129561,0.00023908300002517535,1.683400000729307e-05,0.028859082999986185,,,,,,,
6,600,1,SIGN Bidirectional,0.04173995899998317,0.005493207999990091,0.055447582999988754,,,,,,,,,0.04173995899998317,0.0417327899999691,7.16900001407339e-06,0.10268074999996202,,,,,,,,,,,,,,,,,,,,9.37909999834119e-05,0.003480375000009417,0.0013455840000062835,0.00033854100001917686,0.0002369579999879079,1.0374999988016498e-05,0.036227165999974886
6,600,2,Random Projection,0.03079600000000937,0.005509541999998646,0.05645900000001802,8.933300000535382e-05,0.001125290999993922,0.0009267499999907614,0.00031374999997524355,0.00032025000001567605,0.00025483300001383213,9.000000005698894e-06,0.0277495839999915,0.03079600000000937,0.03078879099999199,7.209000017383005e-06,0.09276454200002604,,,,,,,,,,,,,,,,,,,,,,,,,,
6,600,2,Random Sampling,0.06714654199998904,0.005509541999998646,0.0737850830000184,,,,,,,,,0.06714654199998904,0.0671421670000143,4.374999974743332e-06,0.1464411670000061,0.00150362499999801,0.002290375000001177,0.02281849999999963,0.000295792000002848,0.0005309580000130154,0.039702916999999616,,,,,,,,,,,,,,,,,,,,
6,600,2,Non-random,0.1752160410000272,0.005509541999998646,0.060225500000001375,,,,,,,,,0.1752160410000272,0.17521262400001092,3.417000016270322e-06,0.2409510830000272,,,,,,,0.143936999999994,0.031166458000001285,0.00010916600001564802,,,,,,,,,,,,,,,,,
6,600,2,CountSketch,0.03269645800000376,0.005509541999998646,0.056220582999998214,,,,,,,,,0.03269645800000376,0.03336866399996552,0.0,0.09442658300000062,,,,,,,,,,6.395799999836527e-05,0.0007033329999899252,0.0007033329999899252,0.0008699999999919328,0.0006517079999923681,0.000266750000008642,0.00033220800000322015,0.0002869580000037786,1.8791000002238434e-05,0.029471624999985124,,,,,,,
6,600,2,SIGN Bidirectional,0.0357122499999889,0.005509541999998646,0.05542108399998824,,,,,,,,,0.0357122499999889,0.03570483100000388,7.418999985020491e-06,0.09664287599997579,,,,,,,,,,,,,,,,,,,,9.404100001120241e-05,0.003542916000014884,0.001396125000013626,0.00025691700000152196,0.0003397909999875992,3.0665999986467796e-05,0.030044374999988577
6,600,3,Random Projection,0.03349304200000347,0.005508500000019012,0.057397667000003594,9.012500001404078e-05,0.001131834000005938,0.0006626250000181244,0.0003234999999790489,0.0003938340000217977,0.0002603750000105265,9.290999997801919e-06,0.030615667000006397,0.03349304200000347,0.033487251000053675,5.79099994979515e-06,0.09639920900002608,,,,,,,,,,,,,,,,,,,,,,,,,,
6,600,3,Random Sampling,0.07428625000000011,0.005508500000019012,0.07482824999999593,,,,,,,,,0.07428625000000011,0.07428104300001337,5.206999986739902e-06,0.15462300000001505,0.00150254199999722,0.002291249999984757,0.02978033400000868,0.0002995840000039607,0.0005372500000078162,0.039870083000010936,,,,,,,,,,,,,,,,,,,,
6,600,3,Non-random,0.17715166699997553,0.005508500000019012,0.058807207999990396,,,,,,,,,0.17715166699997553,0.17714904100000695,2.6259999685862567e-06,0.24146737499998494,,,,,,,0.1425329159999933,0.03451545800001554,0.00010066699999811135,,,,,,,,,,,,,,,,,
6,600,3,CountSketch,0.04315891700002794,0.005508500000019012,0.05594670800002177,,,,,,,,,0.04315891700002794,0.04384258199991109,0.0,0.10461412500006873,,,,,,,,,,6.508399999916037e-05,0.0007104579999861471,0.0007104579999861471,0.0008358329999964553,0.0006515829999784728,0.0002434999999820775,0.00026408399997990273,0.00023458300000811505,9.332999979960732e-06,0.04011766600001465,,,,,,,
6,600,3,SIGN Bidirectional,0.04219062500001769,0.005508500000019012,0.05904012499999567,,,,,,,,,0.04219062500001769,0.042184664999979304,5.96000003838526e-06,0.10673925000003237,,,,,,,,,,,,,,,,,,,,9.637499999826105e-05,0.0036014160000092943,0.0011560000000088166,0.0002995829999861144,0.0002430410000044958,9.582999979329543e-06,0.03677866699999299
6,600,4,Random Projection,0.041481082999979435,0.005542250000019067,0.05891495800000257,9.141700002146536e-05,0.0013532080000118185,0.0006868750000137425,0.0003160830000012993,0.000374458000010236,0.0003435829999887119,1.1749999998755811e-05,0.03829520799999386,0.041481082999979435,0.04147258200003989,8.500999939542453e-06,0.10593829100000107,,,,,,,,,,,,,,,,,,,,,,,,,,
6,600,4,Random Sampling,0.07737062500001457,0.005542250000019067,0.07952379100001394,,,,,,,,,0.07737062500001457,0.0773652510000602,5.373999954372266e-06,0.16243666600004758,0.0015144169999814494,0.002290583000018387,0.02790875000002302,0.0003070829999956004,0.000544709000024568,0.044799709000017174,,,,,,,,,,,,,,,,,,,,
6,600,4,Non-random,0.18285670899999218,0.005542250000019067,0.06296087499998748,,,,,,,,,0.18285670899999218,0.1828531259999977,3.5829999944780866e-06,0.2513598339999987,,,,,,,0.14700179199999752,0.035741583999993054,0.00010975000000712498,,,,,,,,,,,,,,,,,
6,600,4,CountSketch,0.040495124999978316,0.005542250000019067,0.061627082999990535,,,,,,,,,0.040495124999978316,0.041193915999997444,0.0,0.10766445799998792,,,,,,,,,,7.295800000406416e-05,0.0007282499999803349,0.0007282499999803349,0.0010956249999765078,0.0006765410000184602,0.0002971670000135873,0.00036629100000595827,0.00029437500000994987,9.500000004436515e-06,0.03692495900000381,,,,,,,
6,600,4,SIGN Bidirectional,0.04105937500000323,0.005542250000019067,0.059616583000007495,,,,,,,,,0.04105937500000323,0.0410506259999579,8.749000045327193e-06,0.10621820800002979,,,,,,,,,,,,,,,,,,,,9.549999998625935e-05,0.0039021670000067843,0.0014022919999945316,0.00033404099997369485,0.00024229199999581397,9.291999987226518e-06,0.03506504200001359
6,600,5,Random Projection,0.03476033300000836,0.006188833000010163,0.059224541999981284,9.33329999952548e-05,0.001132917000006728,0.0006752089999793043,0.0003039160000071206,0.0003980830000216429,0.00033462500002201523,1.1833999991495148e-05,0.03180208300000231,0.03476033300000836,0.03475200000002587,8.33299998248549e-06,0.1001737079999998,,,,,,,,,,,,,,,,,,,,,,,,,,
6,600,5,Random Sampling,0.08862745799999061,0.006188833000010163,0.0734167920000175,,,,,,,,,0.08862745799999061,0.08862133300002029,6.124999970325007e-06,0.16823308300001827,0.0015114169999890237,0.0023001659999977164,0.03748916700001814,0.00027583300001765565,0.0005331669999861788,0.04651158300001157,,,,,,,,,,,,,,,,,,,,
6,600,5,Non-random,0.17750870800000484,0.006188833000010163,0.059189707999991015,,,,,,,,,0.17750870800000484,0.1775041250000129,4.582999991953329e-06,0.24288724900000602,,,,,,,0.147491916000007,0.029910833999991837,0.00010137500001405897,,,,,,,,,,,,,,,,,
6,600,5,CountSketch,0.040603207999993174,0.006188833000010163,0.06122004100001277,,,,,,,,,0.040603207999993174,0.04128412699995465,0.0,0.10801208200001611,,,,,,,,,,6.583400002568851e-05,0.0007102919999795176,0.0007102919999795176,0.0008767919999854712,0.0006546250000099008,0.0002779589999875043,0.00029887499999858846,0.00030404200001044046,2.5790999984565133e-05,0.03735962499999346,,,,,,,
6,600,5,SIGN Bidirectional,0.04335270799998625,0.006188833000010163,0.06307825000001799,,,,,,,,,0.04335270799998625,0.043346374000066135,6.3339999201161845e-06,0.1126197910000144,,,,,,,,,,,,,,,,,,,,9.500000001594344e-05,0.003678791999988107,0.0013325410000106785,0.0002547079999999369,0.00022604100001899496,9.042000016279417e-06,0.037750250000016194
6,600,6,Random Projection,0.03523045899999033,0.005573041999980433,0.05696579199999974,9.004200001072604e-05,0.0012099159999934272,0.0006785420000028353,0.000331375000001799,0.00033379199999217235,0.00031487499998661406,9.541999986595329e-06,0.03225483300002452,0.03523045899999033,0.03522291699999869,7.541999991644843e-06,0.0977692929999705,,,,,,,,,,,,,,,,,,,,,,,,,,
6,600,6,Random Sampling,0.08133183300000724,0.005573041999980433,0.0730954580000116,,,,,,,,,0.08133183300000724,0.08132645799997817,5.375000029061994e-06,0.16000033299999927,0.0015113329999962843,0.0022932079999975485,0.027492249999994556,0.00027162499998212297,0.0005276670000000649,0.0492303750000076,,,,,,,,,,,,,,,,,,,,
6,600,6,Non-random,0.17310712500000136,0.005573041999980433,0.060610832999998365,,,,,,,,,0.17310712500000136,0.17310312499998304,4.00000001832268e-06,0.23929099999998016,,,,,,,0.14450337499999932,0.028489624999991747,0.00011012499999196734,,,,,,,,,,,,,,,,,
6,600,6,CountSketch,0.03837795800001231,0.005573041999980433,0.05678041600000938,,,,,,,,,0.03837795800001231,0.039062749999942525,0.0,0.10073141600000213,,,,,,,,,,6.74169999967944e-05,0.0007114580000120441,0.0007114580000120441,0.0009902500000009695,0.0006582499999865377,0.00029791699998327204,0.0003478749999885622,0.0002660829999854286,9.541999986595329e-06,0.03500249999999028,,,,,,,
6,600,6,SIGN Bidirectional,0.03585991600002103,0.005573041999980433,0.05688158300000623,,,,,,,,,0.03585991600002103,0.03585441700005276,5.498999968267526e-06,0.0983145410000077,,,,,,,,,,,,,,,,,,,,9.341700001641584e-05,0.003425333000024011,0.0012734999999963748,0.0002500420000046688,0.00023270799999863812,9.20900001233349e-06,0.03057020800000032
6,600,7,Random Projection,0.04066166699999485,0.005537416999999323,0.06248649999997724,9.083300000156669e-05,0.0012227499999823976,0.0006630000000029668,0.00027337499997770465,0.0002701249999859101,0.0002459170000008726,9.79199998596414e-06,0.03788066699999604,0.04066166699999485,0.04065645899993342,5.2080000614296296e-06,0.10868558399997141,,,,,,,,,,,,,,,,,,,,,,,,,,
6,600,7,Random Sampling,0.0721875000000125,0.005537416999999323,0.07319724999999266,,,,,,,,,0.0721875000000125,0.07218166599994902,5.83400006348711e-06,0.1509221670000045,0.0015107080000120732,0.0023062079999931484,0.02751833299998907,0.000296666999986428,0.0006195419999812657,0.03993020799998703,,,,,,,,,,,,,,,,,,,,
6,600,7,Non-random,0.18387524999999982,0.005537416999999323,0.061281667000002926,,,,,,,,,0.18387524999999982,0.18386870800003408,6.541999965747891e-06,0.2506943340000021,,,,,,,0.14705508299999792,0.03662829200001738,0.0001853330000187725,,,,,,,,,,,,,,,,,
6,600,7,CountSketch,0.0399802909999778,0.005537416999999323,0.06006679099999701,,,,,,,,,0.0399802909999778,0.04115004000001932,0.0,0.10558449899997413,,,,,,,,,,0.00010829199999307093,0.0012169580000147562,0.0012169580000147562,0.0010727500000200507,0.0006749160000083521,0.00027158299999996416,0.0003607499999986885,0.00027333299999554583,9.79199998596414e-06,0.03594470799998817,,,,,,,
6,600,7,SIGN Bidirectional,0.03211608300000535,0.005537416999999323,0.056926125000018146,,,,,,,,,0.03211608300000535,0.03210912299999791,6.9600000074387935e-06,0.09457962500002282,,,,,,,,,,,,,,,,,,,,9.53750000007858e-05,0.0034434159999818803,0.0012580420000176673,0.00029541600000015933,0.00023016599999436949,9.457999993855992e-06,0.02677725000000919
6,600,8,Random Projection,0.03763487500000906,0.00550900000001775,0.05555158399999982,9.020799998893381e-05,0.001243917000010697,0.0009516249999990123,0.00027745799999934206,0.00031416599998124184,0.0002690000000029613,9.750000003805326e-06,0.03447187500000837,0.03763487500000906,0.03762799899999436,6.876000014699457e-06,0.09869545900002663,,,,,,,,,,,,,,,,,,,,,,,,,,
6,600,8,Random Sampling,0.08596604199999547,0.00550900000001775,0.07245699999998578,,,,,,,,,0.08596604199999547,0.08596091599997635,5.126000019117782e-06,0.163932041999999,0.0015294579999931557,0.002273166999998466,0.03926358299997901,0.0002579169999989972,0.0005307909999885396,0.042106000000018184,,,,,,,,,,,,,,,,,,,,
6,600,8,Non-random,0.18112729199998512,0.00550900000001775,0.06094662499998549,,,,,,,,,0.18112729199998512,0.181123456999984,3.835000001117805e-06,0.24758291699998836,,,,,,,0.14479970799999364,0.03621454099999255,0.00010920799999780684,,,,,,,,,,,,,,,,,
6,600,8,CountSketch,0.04009379200002172,0.00550900000001775,0.059580291999992596,,,,,,,,,0.04009379200002172,0.04077929299998573,0.0,0.10518308400003207,,,,,,,,,,6.637499998873864e-05,0.0007121670000174163,0.0007121670000174163,0.0008690829999977723,0.0006572080000069036,0.000252708999994411,0.0002886249999960455,0.00021658399998614186,9.624999989910066e-06,0.03699474999999097,,,,,,,
6,600,8,SIGN Bidirectional,0.03727049999997689,0.00550900000001775,0.0568459579999967,,,,,,,,,0.03727049999997689,0.037263748999947666,6.7510000292259065e-06,0.09962545799999134,,,,,,,,,,,,,,,,,,,,9.483299999146766e-05,0.003877832999990005,0.0015672499999936917,0.00036195799998495204,0.00043687499999123247,1.100000000064938e-05,0.030913999999995667
6,600,9,Random Projection,0.028441165999993245,0.005494333000001461,0.05898754200001122,8.86249999894062e-05,0.0010947090000001936,0.0006682920000002923,0.000259540999991259,0.00029591699998832155,0.00025016700001856407,9.08399999843823e-06,0.02576924999999619,0.028441165999993245,0.028435584999982666,5.581000010579373e-06,0.09292304100000592,,,,,,,,,,,,,,,,,,,,,,,,,,
6,600,9,Random Sampling,0.07357320799999911,0.005494333000001461,0.0726822919999961,,,,,,,,,0.07357320799999911,0.07356816699996216,5.0410000369538466e-06,0.15174983299999667,0.0015303749999873162,0.00230383400000278,0.026150041999983387,0.0002660829999854286,0.0005303330000003825,0.042787500000002865,,,,,,,,,,,,,,,,,,,,
6,600,9,Non-random,0.17645791699999336,0.005494333000001461,0.06090695899999332,,,,,,,,,0.17645791699999336,0.17645379200001798,4.1249999753745215e-06,0.24285920899998814,,,,,,,0.1448880830000121,0.03145570899999939,0.00011000000000649379,,,,,,,,,,,,,,,,,
6,600,9,CountSketch,0.05258616599999755,0.005494333000001461,0.05888858299999811,,,,,,,,,0.05258616599999755,0.053266083000039544,0.0,0.11696908199999712,,,,,,,,,,6.812499998432031e-05,0.0007076250000181972,0.0007076250000181972,0.0008840830000167443,0.0006613749999928586,0.0002746250000029704,0.0003145000000017717,0.0002646249999997963,9.541999986595329e-06,0.04937395800001809,,,,,,,
6,600,9,SIGN Bidirectional,0.04063954100001865,0.005494333000001461,0.05916987500000914,,,,,,,,,0.04063954100001865,0.04063258299999006,6.958000028589595e-06,0.10530374900002926,,,,,,,,,,,,,,,,,,,,9.404200000062701e-05,0.004015457999997807,0.0011995410000054108,0.00031383300000698,0.00022195799999735755,9.583999997175852e-06,0.034778166999984705
6,600,10,Random Projection,0.03380795799998282,0.0055767919999993865,0.05644420799998784,9.083300000156669e-05,0.0010973329999899306,0.0006625840000253902,0.0002732080000100723,0.00034275000001571243,0.0002829160000032971,9.91599998201309e-06,0.0310423749999984,0.03380795799998282,0.033801915000026383,6.042999956434869e-06,0.09582895799997004,,,,,,,,,,,,,,,,,,,,,,,,,,
6,600,10,Random Sampling,0.06717329200000677,0.0055767919999993865,0.07426008300001286,,,,,,,,,0.06717329200000677,0.06716791700003455,5.374999972218575e-06,0.147010167000019,0.001512625000003709,0.0022802080000019487,0.023596209000004364,0.00025625000000673026,0.0005364579999991292,0.03898616700001867,,,,,,,,,,,,,,,,,,,,
6,600,10,Non-random,0.17672337499999458,0.0055767919999993865,0.061094458000013674,,,,,,,,,0.17672337499999458,0.17671708299999977,6.29199999480079e-06,0.24339462500000764,,,,,,,0.1436862500000018,0.032831749999985504,0.0001990830000124788,,,,,,,,,,,,,,,,,
6,600,10,CountSketch,0.034212583999988055,0.0055767919999993865,0.05702108299999509,,,,,,,,,0.034212583999988055,0.03493570800003454,0.0,0.09681045899998253,,,,,,,,,,6.983300002616488e-05,0.0007505000000094242,0.0007505000000094242,0.0008952080000028673,0.0006561669999882724,0.00028370900000140864,0.00031362499998977,0.0002482080000163478,9.582999979329543e-06,0.03095837500001153,,,,,,,
6,600,10,SIGN Bidirectional,0.04000670900001069,0.0055767919999993865,0.05701462499999366,,,,,,,,,0.04000670900001069,0.03999825199997531,8.45700003537786e-06,0.10259812600000373,,,,,,,,,,,,,,,,,,,,9.520900002257804e-05,0.0035653749999937645,0.0016167089999896689,0.0002867500000149903,0.00025804199998447075,9.79199998596414e-06,0.03416637499998387
6,600,11,Random Projection,0.04221924999998805,0.005580041999991181,0.055880916000006664,9.058400002004419e-05,0.0010789579999936905,0.0006670410000140237,0.0002719169999920723,0.0002859170000135691,0.00024154099997986123,1.2166000004754096e-05,0.039565250000009655,0.04221924999998805,0.04221337400002767,5.8759999603807955e-06,0.1036802079999859,,,,,,,,,,,,,,,,,,,,,,,,,,
6,600,11,Random Sampling,0.0819988330000001,0.005580041999991181,0.07192949999998177,,,,,,,,,0.0819988330000001,0.08199324999998225,5.5830000178502814e-06,0.15950837499997306,0.0015133329999912348,0.0022843749999879037,0.03035391699998513,0.00027045900000643996,0.0005347080000035476,0.047036458000008,,,,,,,,,,,,,,,,,,,,
6,600,11,Non-random,0.17496795899998574,0.005580041999991181,0.05819908400002305,,,,,,,,,0.17496795899998574,0.1749651260000462,2.8329999395282357e-06,0.23874708499999997,,,,,,,0.143428125000014,0.03143545900002209,0.00010154200001011304,,,,,,,,,,,,,,,,,
6,600,11,CountSketch,0.032038375000013275,0.005580041999991181,0.055313333000015064,,,,,,,,,0.032038375000013275,0.032713915999977417,0.0,0.09293175000001952,,,,,,,,,,6.562500001905391e-05,0.0007023749999746087,0.0007023749999746087,0.0008540830000072219,0.0006571250000035889,0.0002356249999877491,0.00029541600000015933,0.00022383300000683448,9.459000011702301e-06,0.02896799999999189,,,,,,,
6,600,11,SIGN Bidirectional,0.043099957999999106,0.005580041999991181,0.05422774999999547,,,,,,,,,0.043099957999999106,0.04309399999999641,5.958000002692643e-06,0.10290774999998575,,,,,,,,,,,,,,,,,,,,9.324999999194006e-05,0.0034240840000165917,0.0012035000000025775,0.00023520799999232622,0.00023145800000179406,9.500000004436515e-06,0.03789699999998675
6,600,12,Random Projection,0.03297891700000832,0.005527291999982253,0.05491245900000763,9.000000000014552e-05,0.00109783300001709,0.0006579589999944346,0.00034683300000892814,0.00033104199999911543,0.00024412499999471038,9.999999974752427e-06,0.030194416999989926,0.03297891700000832,0.0329722089999791,6.708000029220784e-06,0.0934186679999982,,,,,,,,,,,,,,,,,,,,,,,,,,
6,600,12,Random Sampling,0.08288945800001102,0.005527291999982253,0.07202441599997655,,,,,,,,,0.08288945800001102,0.08288450100002365,4.956999987371091e-06,0.16044116599996983,0.0015129999999885513,0.002286792000006699,0.038280125,0.0002973340000096414,0.0005299590000049648,0.03997729100001379,,,,,,,,,,,,,,,,,,,,
6,600,12,Non-random,0.18242687500000443,0.005527291999982253,0.0585745839999845,,,,,,,,,0.18242687500000443,0.18242412500001137,2.7499999930569174e-06,0.24652875099997118,,,,,,,0.14224241700000562,0.04007270799999674,0.00010900000000901855,,,,,,,,,,,,,,,,,
6,600,12,CountSketch,0.03719841699998483,0.005527291999982253,0.0547673750000115,,,,,,,,,0.03719841699998483,0.03787120799992749,0.0,0.09749308399997858,,,,,,,,,,6.541699997342221e-05,0.0007036249999998745,0.0007036249999998745,0.0009352079999871421,0.000642833999989989,0.00025099999999156353,0.00026166600000010476,0.0003057909999881758,1.0250000002542947e-05,0.0339917919999948,,,,,,,
6,600,12,SIGN Bidirectional,0.034099749999995765,0.005527291999982253,0.054876667000002044,,,,,,,,,0.034099749999995765,0.034091832999990856,7.917000004908914e-06,0.09450370899998006,,,,,,,,,,,,,,,,,,,,9.470800000599411e-05,0.0034287909999761723,0.0017396670000096037,0.0002942499999960546,0.00026116699999079174,9.207999994487182e-06,0.028264042000017753
6,600,13,Random Projection,0.037856083999997736,0.005487875000000031,0.05650204099998746,8.833399999730318e-05,0.0012051250000126856,0.0009323749999907704,0.0002455420000160302,0.00034324999998602834,0.0002692500000023301,1.683300001786847e-05,0.03474816599998576,0.037856083999997736,0.037848875000008775,7.2089999889612955e-06,0.09984599999998522,,,,,,,,,,,,,,,,,,,,,,,,,,
6,600,13,Random Sampling,0.073894542000005,0.005487875000000031,0.07254124999997202,,,,,,,,,0.073894542000005,0.07388983499998858,4.70700001642399e-06,0.15192366699997706,0.0015171249999923475,0.0022912090000204444,0.030087666999975227,0.0002710420000084923,0.0005298749999838037,0.039192917000008265,,,,,,,,,,,,,,,,,,,,
6,600,13,Non-random,0.179421375000004,0.005487875000000031,0.05789866700001767,,,,,,,,,0.179421375000004,0.17941670900000872,4.665999995268066e-06,0.2428079170000217,,,,,,,0.14296158400000536,0.03635391699998536,0.0001012080000180049,,,,,,,,,,,,,,,,,
6,600,13,CountSketch,0.0409074579999924,0.005487875000000031,0.05513562499999125,,,,,,,,,0.0409074579999924,0.04158020500000248,0.0,0.10153095799998368,,,,,,,,,,6.458300001099815e-05,0.0006980410000210213,0.0006980410000210213,0.0008420000000057826,0.0006511659999830499,0.00022666600000320614,0.0002999169999782225,0.0002412499999877582,9.66600001106599e-06,0.03784887499998035,,,,,,,
6,600,13,SIGN Bidirectional,0.03922187500000973,0.005487875000000031,0.05602970800001117,,,,,,,,,0.03922187500000973,0.03921366600005172,8.208999958014829e-06,0.10073945800002093,,,,,,,,,,,,,,,,,,,,9.300000002099296e-05,0.003525042000006806,0.0015769169999941823,0.0003280829999994239,0.00018766600001640654,1.716700000997662e-05,0.03348579100000393
6,600,14,Random Projection,0.030376708000005692,0.005493583999992779,0.05509754199999861,8.941699999809316e-05,0.0011660830000153055,0.0006591659999912736,0.0002531659999931435,0.00032008299999120027,0.00023774999999659485,9.083000009013631e-06,0.027636541000020998,0.030376708000005692,0.030371289000015622,5.418999990070006e-06,0.09096783399999708,,,,,,,,,,,,,,,,,,,,,,,,,,
6,600,14,Random Sampling,0.07924308400001223,0.005493583999992779,0.07201791599999297,,,,,,,,,0.07924308400001223,0.07923933299997543,3.7510000368001783e-06,0.15675458399999798,0.0014953339999976833,0.0022757920000060494,0.031072082999997974,0.00027000000000043656,0.0005268329999807975,0.04359929099999249,,,,,,,,,,,,,,,,,,,,
6,600,14,Non-random,0.17491741599999955,0.005493583999992779,0.05889341599998943,,,,,,,,,0.17491741599999955,0.17491404099999386,3.375000005689799e-06,0.23930441599998176,,,,,,,0.14314441700000202,0.03166804099998899,0.00010158300000284726,,,,,,,,,,,,,,,,,
6,600,14,CountSketch,0.03154295799998863,0.005493583999992779,0.054090666999996984,,,,,,,,,0.03154295799998863,0.03221749700003329,0.0,0.09112720899997839,,,,,,,,,,6.42500000083146e-05,0.0007030830000189781,0.0007030830000189781,0.0009540830000105416,0.0009314579999966099,0.00028579099998182755,0.00035766700000294804,0.00024704099999439677,1.0833000004595306e-05,0.0279602079999961,,,,,,,
6,600,14,SIGN Bidirectional,0.03635191700001883,0.005493583999992779,0.054607124999989765,,,,,,,,,0.03635191700001883,0.036346374999993714,5.542000025116067e-06,0.09645262600000137,,,,,,,,,,,,,,,,,,,,9.449999998878411e-05,0.003469499999994241,0.0012465419999898586,0.0002650830000163751,0.00020595800000933195,9.041999987857707e-06,0.031055750000007265
6,600,15,Random Projection,0.029469917000000123,0.006083499999988362,0.05514549999998053,9.016599997835328e-05,0.0011698749999879965,0.000655041000015899,0.0003255420000130016,0.0003605410000204756,0.00023983400001270638,9.792000014385849e-06,0.02661441600000103,0.029469917000000123,0.029465207000043847,4.709999956276079e-06,0.09069891699996901,,,,,,,,,,,,,,,,,,,,,,,,,,
6,600,15,Random Sampling,0.08628487500001825,0.006083499999988362,0.07190374999998994,,,,,,,,,0.08628487500001825,0.08627729200000545,7.583000012800767e-06,0.16427212499999655,0.002053708000005372,0.0022816670000054273,0.03643891699999813,0.00027383299999428345,0.0008516249999956926,0.04437754200000654,,,,,,,,,,,,,,,,,,,,
6,600,15,Non-random,0.17904475000000275,0.006083499999988362,0.06176633399999787,,,,,,,,,0.17904475000000275,0.17904179199999248,2.9580000102669146e-06,0.24689458399998898,,,,,,,0.14581158300001107,0.03311987499998281,0.00011033399999860194,,,,,,,,,,,,,,,,,
6,600,15,CountSketch,0.037359041999991405,0.006083499999988362,0.05971787500001824,,,,,,,,,0.037359041999991405,0.0380425000000173,0.0,0.103160416999998,,,,,,,,,,7.766699999933735e-05,0.0007135829999924681,0.0007135829999924681,0.0009098330000085753,0.000922000000002754,0.00028262500001119406,0.00026908399999570065,0.00025483400000325673,9.624999989910066e-06,0.033889666000021634,,,,,,,
6,600,15,SIGN Bidirectional,0.0351441250000164,0.006083499999988362,0.05785704199999486,,,,,,,,,0.0351441250000164,0.035134833000029175,9.291999987226518e-06,0.09908466699999963,,,,,,,,,,,,,,,,,,,,0.00013566699999500997,0.0034865000000081636,0.0012731250000115324,0.0002654159999906369,0.00022941700001410936,1.0457999991331235e-05,0.029734250000018392
6,600,16,Random Projection,0.031302083000014136,0.005519625000005135,0.059040250000009564,9.104099999035498e-05,0.0010169580000081169,0.0006664170000192371,0.0002403330000220194,0.0002745410000102311,0.00024791699999582306,9.250000005067704e-06,0.02874987499998838,0.031302083000014136,0.03129633200003923,5.750999974907245e-06,0.09586195800002884,,,,,,,,,,,,,,,,,,,,,,,,,,
6,600,16,Random Sampling,0.08419937500002561,0.005519625000005135,0.07645575000000804,,,,,,,,,0.08419937500002561,0.0841929579999885,6.417000037117759e-06,0.16617475000003878,0.0015418330000045444,0.0025344999999958873,0.03400733399999467,0.0002646659999925305,0.0005392500000027667,0.045305374999998094,,,,,,,,,,,,,,,,,,,,
6,600,16,Non-random,0.18118595800001458,0.005519625000005135,0.06441458399999078,,,,,,,,,0.18118595800001458,0.18118245900001284,3.49900000173875e-06,0.2511201670000105,,,,,,,0.147489792000016,0.033583249999992404,0.00010941700000444143,,,,,,,,,,,,,,,,,
6,600,16,CountSketch,0.041712665999995124,0.005519625000005135,0.09061729100000093,,,,,,,,,0.041712665999995124,0.04291737499997339,0.0,0.1378495820000012,,,,,,,,,,0.00010737499999891043,0.0012523750000070777,0.0012523750000070777,0.0008430839999959971,0.0009234590000062326,0.0003070409999850199,0.0002960420000022168,0.00025620799999614974,9.624999989910066e-06,0.0376697909999848,,,,,,,
6,600,16,SIGN Bidirectional,0.04320708399998807,0.005519625000005135,0.05886687500000676,,,,,,,,,0.04320708399998807,0.0431950820000111,1.200199997697382e-05,0.10759358399999996,,,,,,,,,,,,,,,,,,,,0.0001005420000126378,0.004344750000001341,0.001760999999987689,0.00043079099998521997,0.00033670799999185874,3.137500002026172e-05,0.03618991600001209
6,600,17,Random Projection,0.03540979100000641,0.006134124999988444,0.05879816600000254,9.212500000899126e-05,0.001328874999984464,0.000941000000011627,0.00030512500001123044,0.0003368749999879128,0.0003282920000060585,1.4125000006970367e-05,0.03205575000001204,0.03540979100000641,0.035402167000029294,7.623999977113272e-06,0.10034208199999739,,,,,,,,,,,,,,,,,,,,,,,,,,
6,600,17,Random Sampling,0.09959091700000045,0.006134124999988444,0.07549741700000823,,,,,,,,,0.09959091700000045,0.09958250000002522,8.416999975224826e-06,0.18122245899999712,0.0015419170000257054,0.002339749999975993,0.048328708000013876,0.00026908399999570065,0.0005450410000094053,0.04655800000000454,,,,,,,,,,,,,,,,,,,,
6,600,17,Non-random,0.19582045799998582,0.006134124999988444,0.0604669999999885,,,,,,,,,0.19582045799998582,0.1958162910000283,4.166999957533335e-06,0.26242158299996277,,,,,,,0.14638341700000979,0.049323208000004115,0.00010966600001438565,,,,,,,,,,,,,,,,,
6,600,17,CountSketch,0.030865624999989905,0.006134124999988444,0.06247045899999648,,,,,,,,,0.030865624999989905,0.031547502999984545,0.0,0.09947020899997483,,,,,,,,,,6.620899998210916e-05,0.0007082920000129889,0.0007082920000129889,0.0007895420000068043,0.0006571670000141694,0.0002518339999824093,0.0002777079999987109,0.00021770899999751236,9.374999990541255e-06,0.02786137499998631,,,,,,,
6,600,17,SIGN Bidirectional,0.033020707999980914,0.006134124999988444,0.054550583000008146,,,,,,,,,0.033020707999980914,0.033013831999994636,6.875999986277748e-06,0.0937054159999775,,,,,,,,,,,,,,,,,,,,9.299999999257125e-05,0.0036418749999995725,0.001328208000018094,0.0002712079999867001,0.0002218749999940428,9.500000004436515e-06,0.02744816599999922
6,600,18,Random Projection,0.035904458000004524,0.005523834000001671,0.057686208999996325,8.891699999935554e-05,0.0011022919999845726,0.0006592919999945934,0.0003074999999910233,0.00031166600001597544,0.00021745800000871895,9.959000010439922e-06,0.03320133299999384,0.035904458000004524,0.03589841699999852,6.04100000600738e-06,0.09911450100000252,,,,,,,,,,,,,,,,,,,,,,,,,,
6,600,18,Random Sampling,0.07979525000001786,0.005523834000001671,0.07381441600000471,,,,,,,,,0.07979525000001786,0.0797900850000417,5.164999976159379e-06,0.15913350000002424,0.001509209000005285,0.0022839169999997466,0.031608209000012266,0.00031283300000950476,0.0005302920000076483,0.04354562500000725,,,,,,,,,,,,,,,,,,,,
6,600,18,Non-random,0.19146766700001194,0.005523834000001671,0.07099887499998658,,,,,,,,,0.19146766700001194,0.19146349900000814,4.168000003801353e-06,0.2679903760000002,,,,,,,0.14874554100001092,0.04261666700000433,0.00010129099999289792,,,,,,,,,,,,,,,,,
6,600,18,CountSketch,0.039076249999993706,0.005523834000001671,0.08593729199998279,,,,,,,,,0.039076249999993706,0.039937833000010414,0.0,0.13053737599997817,,,,,,,,,,7.445800000027702e-05,0.0008967919999918195,0.0008967919999918195,0.0016583750000052078,0.00067862500000615,0.0003916659999845251,0.0004669170000113354,0.00047287500001402805,1.0250000002542947e-05,0.03439108300000271,,,,,,,
6,600,18,SIGN Bidirectional,0.04888279200000056,0.005523834000001671,0.06714758300000767,,,,,,,,,0.04888279200000056,0.048871832999964226,1.0959000036336874e-05,0.1215542090000099,,,,,,,,,,,,,,,,,,,,9.85419999892656e-05,0.005942124999990028,0.0019410000000164018,0.00040958299999260817,0.00030608299999812516,1.0207999991962424e-05,0.040164291999985835
6,600,19,Random Projection,0.03692799999998897,0.006402749999978141,0.062319833000003655,9.970799999337032e-05,0.0013114580000035403,0.0007271659999901203,0.00033470799999690826,0.0005013749999989159,0.0003007919999902242,1.6375000001289663e-05,0.033628083000024844,0.03692799999998897,0.03691966499999921,8.334999989756398e-06,0.10565058299997077,,,,,,,,,,,,,,,,,,,,,,,,,,
6,600,19,Random Sampling,0.09037454199997796,0.006402749999978141,0.0912132500000098,,,,,,,,,0.09037454199997796,0.09036533299999405,9.208999983911781e-06,0.1879905419999659,0.0015532079999900361,0.005425292000012405,0.03675616700002138,0.0005220409999822095,0.0009094159999847307,0.04519920900000329,,,,,,,,,,,,,,,,,,,,
6,600,19,Non-random,0.22872524999999655,0.006402749999978141,0.06568608300000278,,,,,,,,,0.22872524999999655,0.2287217509999948,3.49900000173875e-06,0.3008140829999775,,,,,,,0.1885126249999871,0.040107833999996956,0.00010129200001074423,,,,,,,,,,,,,,,,,
6,600,19,CountSketch,0.04179399999998168,0.006402749999978141,0.056687417000006235,,,,,,,,,0.04179399999998168,0.04254991800002017,0.0,0.10488416699996606,,,,,,,,,,7.362499999885586e-05,0.0007915420000017548,0.0007915420000017548,0.0009564169999976002,0.0007002090000014505,0.0003465419999884034,0.0007375000000138243,0.00029791599999384744,1.875000000950422e-05,0.037835875000013175,,,,,,,
6,600,19,SIGN Bidirectional,0.03731733300000428,0.006402749999978141,0.05741929199999163,,,,,,,,,0.03731733300000428,0.03730791600000316,9.417000001121778e-06,0.10113937499997405,,,,,,,,,,,,,,,,,,,,9.791600001562983e-05,0.0041029579999758425,0.0016364169999860678,0.00035295800000767485,0.0003073330000233909,2.6084000012360775e-05,0.030784249999982194
6,600,20,Random Projection,0.04056566700000985,0.00567691699998818,0.05852995799997984,8.829099999729806e-05,0.0010868749999985994,0.0006893749999790089,0.000292875000013737,0.0004942910000238498,0.00027720799999997325,9.166000012328368e-06,0.0376209589999803,0.04056566700000985,0.0405590400000051,6.627000004755246e-06,0.10477254199997788,,,,,,,,,,,,,,,,,,,,,,,,,,
6,600,20,Random Sampling,0.0792451670000105,0.00567691699998818,0.0863046249999968,,,,,,,,,0.0792451670000105,0.07923979099996359,5.3760000469083025e-06,0.17122670899999548,0.0015242499999885695,0.0022847079999905873,0.027985999999998512,0.00027695800000060444,0.0005407499999989795,0.046627124999986336,,,,,,,,,,,,,,,,,,,,
6,600,20,Non-random,0.19155145799999218,0.00567691699998818,0.058956541000014795,,,,,,,,,0.19155145799999218,0.19154620800000544,5.249999986745024e-06,0.25618491599999516,,,,,,,0.1564027919999944,0.035033666000003905,0.00010975000000712498,,,,,,,,,,,,,,,,,
6,600,20,CountSketch,0.0382254170000067,0.00567691699998818,0.0594251250000184,,,,,,,,,0.0382254170000067,0.03891895599994655,0.0,0.10332745900001328,,,,,,,,,,6.704099999410573e-05,0.0007208330000025853,0.0007208330000025853,0.0009440830000073674,0.0006777909999868825,0.0002434999999820775,0.0002984589999925902,0.00023533300000622148,9.249999976645995e-06,0.035001832999995486,,,,,,,
6,600,20,SIGN Bidirectional,0.0369116250000161,0.00567691699998818,0.06204808300000764,,,,,,,,,0.0369116250000161,0.036902625999942984,8.999000073117713e-06,0.10463662500001192,,,,,,,,,,,,,,,,,,,,9.437500000331056e-05,0.004056999999988875,0.0012070419999758997,0.00047449999999571446,0.0002617920000034246,1.658399997950255e-05,0.030791332999996257
6,800,1,Random Projection,0.03989895899999851,0.010453041000005214,0.09656649999999445,0.00012191600001187908,0.0022085000000231503,0.0010240839999937634,0.0003947499999981119,0.0004474590000143053,0.0002888330000132555,1.1999999998124622e-05,0.03539270799998917,0.03989895899999851,0.03989025000004176,8.70899995675245e-06,0.14691849999999818,,,,,,,,,,,,,,,,,,,,,,,,,,
6,800,1,Random Sampling,0.09575925000001462,0.010453041000005214,0.12135466699999142,,,,,,,,,0.09575925000001462,0.09575249800002439,6.751999990228796e-06,0.22756695800001125,0.0026331660000096235,0.0049615000000073906,0.032327333000012004,0.000351458000011462,0.0011419579999767393,0.05433708300000717,,,,,,,,,,,,,,,,,,,,
6,800,1,Non-random,0.2766387499999894,0.010453041000005214,0.13102029099999868,,,,,,,,,0.2766387499999894,0.27663425000000075,4.499999988638592e-06,0.4181120819999933,,,,,,,0.22766966599999705,0.048772084000006544,0.00019249999999715328,,,,,,,,,,,,,,,,,
6,800,1,CountSketch,0.05022112499997888,0.010453041000005214,0.10483062500000528,,,,,,,,,0.05022112499997888,0.05146225000007121,0.0,0.16550479099998938,,,,,,,,,,7.908300000281088e-05,0.0012745000000222717,0.0012745000000222717,0.001757625000010421,0.000956957999989072,0.000536625000023605,0.0005542920000038976,0.00026345899999569156,1.2166000004754096e-05,0.04475304199999641,,,,,,,
6,800,1,SIGN Bidirectional,0.0559859999999901,0.010453041000005214,0.09865920900000447,,,,,,,,,0.0559859999999901,0.05597845799997003,7.542000020066553e-06,0.16509824999999978,,,,,,,,,,,,,,,,,,,,0.0001231249999875672,0.005215875000004644,0.0021831659999804742,0.0005088329999978214,0.0002392090000000735,1.2749999996231054e-05,0.04769550000000322
6,800,2,Random Projection,0.04761291700000925,0.009821999999985565,0.0983660420000092,0.00012033300001235148,0.0019516250000037871,0.0009475420000057966,0.0004026670000030208,0.0005320829999959642,0.0002872500000137279,1.2792000006811577e-05,0.043351125000015145,0.04761291700000925,0.047605417000056605,7.499999952642611e-06,0.155800959000004,,,,,,,,,,,,,,,,,,,,,,,,,,
6,800,2,Random Sampling,0.10128283299999907,0.009821999999985565,0.12350966699997912,,,,,,,,,0.10128283299999907,0.10127679200002149,6.04099997758567e-06,0.23461449999996375,0.0026457920000098056,0.005134667000021409,0.03768758300000741,0.0004562910000061038,0.0011332499999809897,0.05421920899999577,,,,,,,,,,,,,,,,,,,,
6,800,2,Non-random,0.27127374999997755,0.009821999999985565,0.1122342500000002,,,,,,,,,0.27127374999997755,0.271269124999975,4.625000002533852e-06,0.3933299999999633,,,,,,,0.22537654100000282,0.04566245899999899,0.00023012499997321356,,,,,,,,,,,,,,,,,
6,800,2,CountSketch,0.042725875000002134,0.009821999999985565,0.09502908300001423,,,,,,,,,0.042725875000002134,0.043918333000050325,0.0,0.14757695800000192,,,,,,,,,,7.8457999990178e-05,0.0012257920000138256,0.0012257920000138256,0.0013925830000118822,0.001050999999989699,0.00047991600001751067,0.0005190420000076301,0.00022266599998488346,1.1875000012651071e-05,0.03771120900000824,,,,,,,
6,800,2,SIGN Bidirectional,0.047466958000001114,0.009821999999985565,0.09750516700000844,,,,,,,,,0.047466958000001114,0.04745695699998009,1.0001000021020445e-05,0.15479412499999512,,,,,,,,,,,,,,,,,,,,0.0001233330000047772,0.005478915999987066,0.0029209999999864067,0.000493624999990061,0.0002527080000049864,2.0542000015666417e-05,0.03816683299999113
6,800,3,Random Projection,0.0515058750000037,0.010584667000017589,0.09320179200000211,0.0001208340000005137,0.002642542000018011,0.0009716250000053606,0.00048033400000235815,0.0005312090000018088,0.00028216699999461525,1.2208000015334619e-05,0.04645687500001827,0.0515058750000037,0.051497794000056274,8.080999947424061e-06,0.1552923340000234,,,,,,,,,,,,,,,,,,,,,,,,,,
6,800,3,Random Sampling,0.08244254199999546,0.010584667000017589,0.13052916700002015,,,,,,,,,0.08244254199999546,0.08243254099994601,1.0001000049442155e-05,0.2235563760000332,0.0026639159999888307,0.005039416999977675,0.030438791999984005,0.0005922500000110631,0.0020423329999914586,0.04165583299999298,,,,,,,,,,,,,,,,,,,,
6,800,3,Non-random,0.26831770799998367,0.010584667000017589,0.10409012499999903,,,,,,,,,0.26831770799998367,0.26831379299997593,3.915000007737035e-06,0.3829925000000003,,,,,,,0.22589654199998677,0.042238708999974506,0.0001785420000146587,,,,,,,,,,,,,,,,,
6,800,3,CountSketch,0.03972274999998149,0.010584667000017589,0.10053899999999771,,,,,,,,,0.03972274999998149,0.04088999999999032,0.0,0.1508464169999968,,,,,,,,,,6.824999999821557e-05,0.0011956250000082491,0.0011956250000082491,0.0014994160000014745,0.0009130839999897944,0.0004344589999902837,0.0006070830000055594,0.0002585829999759426,1.1749999998755811e-05,0.0347061250000138,,,,,,,
6,800,3,SIGN Bidirectional,0.0422774170000082,0.010584667000017589,0.10176204199999006,,,,,,,,,0.0422774170000082,0.0422695400000066,7.877000001599299e-06,0.15462412600001585,,,,,,,,,,,,,,,,,,,,0.00012025000000903674,0.005181458000009798,0.0022454159999938383,0.0004438750000019809,0.00022416599998109632,2.929199999357479e-05,0.034025083000017275
6,800,4,Random Projection,0.04434508399998549,0.009859374999990678,0.09872541699999715,0.00011795799997571521,0.0019197499999847878,0.0009542919999887545,0.00045345800000973213,0.000645208000008779,0.0002763749999985521,1.137500001391345e-05,0.0399610419999874,0.04434508399998549,0.044339457999967635,5.626000017855404e-06,0.15292987599997332,,,,,,,,,,,,,,,,,,,,,,,,,,
6,800,4,Random Sampling,0.11224662500001159,0.009859374999990678,0.149971249999993,,,,,,,,,0.11224662500001159,0.11224070899993421,5.916000077377248e-06,0.2720772499999953,0.002575832999980321,0.004237416999984589,0.057841457999984414,0.00042595799999389783,0.0011424589999933232,0.04601758399999767,,,,,,,,,,,,,,,,,,,,
6,800,4,Non-random,0.2494778340000039,0.009859374999990678,0.10309533299999885,,,,,,,,,0.2494778340000039,0.24947433299996646,3.5010000374313677e-06,0.3624325419999934,,,,,,,0.213411624999992,0.03588437499999486,0.0001783329999796024,,,,,,,,,,,,,,,,,
6,800,4,CountSketch,0.05212387500000659,0.009859374999990678,0.10168008299999087,,,,,,,,,0.05212387500000659,0.05327787399994577,0.0,0.16366333299998814,,,,,,,,,,6.979200000500896e-05,0.0011819159999788553,0.0011819159999788553,0.0014881249999803003,0.0009192079999991165,0.0004409999999950287,0.0004627910000181146,0.0002671670000040649,1.1542000009967524e-05,0.047254416999976456,,,,,,,
6,800,4,SIGN Bidirectional,0.047831541999983074,0.009859374999990678,0.10016425000000595,,,,,,,,,0.047831541999983074,0.04782237499998132,9.167000001752967e-06,0.1578551669999797,,,,,,,,,,,,,,,,,,,,0.00017570800000044073,0.005309041999993269,0.0021689589999880354,0.0005139579999990929,0.0002559170000040467,1.1416000006647664e-05,0.03938737499998979
6,800,5,Random Projection,0.04142495800002166,0.009886125000008406,0.10178770799998915,0.00011954199999308912,0.002019707999977527,0.0011433749999980591,0.0007577500000195414,0.0005202920000044742,0.00032337500002199704,1.2791999978389867e-05,0.036519042000008994,0.04142495800002166,0.04141587600000207,9.082000019589032e-06,0.15309879100001922,,,,,,,,,,,,,,,,,,,,,,,,,,
6,800,5,Random Sampling,0.11278149999998277,0.009886125000008406,0.12545604100000673,,,,,,,,,0.11278149999998277,0.11277466600000707,6.833999975697225e-06,0.2481236659999979,0.002595624999997881,0.004334249999999429,0.05139295800000809,0.0003878329999906782,0.0011405000000195287,0.052923499999991463,,,,,,,,,,,,,,,,,,,,
6,800,5,Non-random,0.28689750000000913,0.009886125000008406,0.13653575000000728,,,,,,,,,0.28689750000000913,0.2868918750000091,5.625000000009095e-06,0.4333193750000248,,,,,,,0.2262035830000002,0.06035395900002527,0.0003343329999836442,,,,,,,,,,,,,,,,,
6,800,5,CountSketch,0.03872824999999125,0.009886125000008406,0.108404041,,,,,,,,,0.03872824999999125,0.03989091799996913,0.0,0.15701841599999966,,,,,,,,,,7.93749999843385e-05,0.0011957920000043032,0.0011957920000043032,0.001408291999979383,0.0012125000000082764,0.0003970420000030117,0.0004957499999989068,0.00026245799998037,1.2916999992285128e-05,0.033631000000013955,,,,,,,
6,800,5,SIGN Bidirectional,0.05380233400001089,0.009886125000008406,0.09927537499999062,,,,,,,,,0.05380233400001089,0.053788791000016545,1.3542999994342608e-05,0.1629638340000099,,,,,,,,,,,,,,,,,,,,0.0001235410000219872,0.007210374999999658,0.003211417000017036,0.0011137090000090666,0.0003589159999819458,2.104199998598233e-05,0.04174979100000087
6,800,6,Random Projection,0.05314241700000366,0.009915166000013187,0.11519575000002646,0.00012183299998014263,0.001697707999994691,0.0009422919999906298,0.000405833000002076,0.0004607909999947424,0.0002412500000161799,1.1999999998124622e-05,0.04925420800000779,0.05314241700000366,0.05313591499998438,6.502000019281695e-06,0.1782533330000433,,,,,,,,,,,,,,,,,,,,,,,,,,
6,800,6,Random Sampling,0.12176537500002382,0.009915166000013187,0.1485571249999964,,,,,,,,,0.12176537500002382,0.12175350000001117,1.1875000012651071e-05,0.2802376660000334,0.0026376669999876867,0.006273875000005091,0.04924958300000526,0.0008705420000012509,0.001292417000001933,0.06142941600000995,,,,,,,,,,,,,,,,,,,,
6,800,6,Non-random,0.26799104200000556,0.009915166000013187,0.09758474999998157,,,,,,,,,0.26799104200000556,0.26798674899998787,4.293000017696613e-06,0.3754909580000003,,,,,,,0.22374391599998944,0.04406324999999356,0.00017958300000486815,,,,,,,,,,,,,,,,,
6,800,6,CountSketch,0.041356833999998344,0.009915166000013187,0.09137783299999569,,,,,,,,,0.041356833999998344,0.042512582000085786,0.0,0.14264983300000722,,,,,,,,,,7.199999998874773e-05,0.0011850000000208638,0.0011850000000208638,0.0012964579999845682,0.0009100420000152099,0.0004053330000033384,0.00043212500000322507,0.0002443750000225009,1.1666000006016475e-05,0.03677058300002045,,,,,,,
6,800,6,SIGN Bidirectional,0.045389208000017334,0.009915166000013187,0.08955966700000317,,,,,,,,,0.045389208000017334,0.045381706000029,7.501999988335228e-06,0.1448640410000337,,,,,,,,,,,,,,,,,,,,0.00017049999999585452,0.005076041000023679,0.002819958000003453,0.0004184580000128335,0.00024808300000245254,1.1333000003332927e-05,0.03663733299998739
6,800,7,Random Projection,0.03880733299999406,0.00945208400000297,0.09995016700000292,0.00011687499997492523,0.001821624999990945,0.0009320000000059281,0.0003632080000102178,0.0004802079999990383,0.00025641600001335974,1.1457999988806478e-05,0.03481891699999551,0.03880733299999406,0.03880070699997873,6.626000015330646e-06,0.14820958399999995,,,,,,,,,,,,,,,,,,,,,,,,,,
6,800,7,Random Sampling,0.09955937500001255,0.00945208400000297,0.1148461250000139,,,,,,,,,0.09955937500001255,0.09955345899999202,5.916000020533829e-06,0.22385758400002942,0.002626958000007562,0.004245459000003393,0.03539545799998223,0.0003839169999935166,0.0011246669999991354,0.05577700000000618,,,,,,,,,,,,,,,,,,,,
6,800,7,Non-random,0.28409987500000966,0.00945208400000297,0.10532883300001572,,,,,,,,,0.28409987500000966,0.28409629100002576,3.583999983902686e-06,0.39888079200002835,,,,,,,0.23221599999999398,0.05168833300001552,0.00019195800001625685,,,,,,,,,,,,,,,,,
6,800,7,CountSketch,0.03540283300000624,0.00945208400000297,0.0973251659999903,,,,,,,,,0.03540283300000624,0.036556001999997534,0.0,0.1421800829999995,,,,,,,,,,7.14580000078513e-05,0.001182209000006651,0.001182209000006651,0.001520791999979565,0.000914875000006532,0.0005319589999999152,0.0004720839999947657,0.0003217500000118889,1.1957999987544099e-05,0.03034670799999617,,,,,,,
6,800,7,SIGN Bidirectional,0.05774795900001095,0.00945208400000297,0.09868183300000055,,,,,,,,,0.05774795900001095,0.05774133500000289,6.624000008059738e-06,0.16588187600001447,,,,,,,,,,,,,,,,,,,,0.0001212919999886708,0.005383750000021337,0.0023583339999788677,0.00047987499999635475,0.0002657919999933256,1.1959000005390408e-05,0.049120333000018945
6,800,8,Random Projection,0.035544166000022415,0.01040837499999725,0.09943624999999656,0.00011874999998440217,0.0019415419999972983,0.0009304160000169759,0.000416250000000673,0.0004904159999910007,0.0003019160000121701,2.3375000012038072e-05,0.0313136250000241,0.035544166000022415,0.03553629000003866,7.87599998375299e-06,0.14538879100001623,,,,,,,,,,,,,,,,,,,,,,,,,,
6,800,8,Random Sampling,0.11088233300000638,0.01040837499999725,0.14926245799998128,,,,,,,,,0.11088233300000638,0.1108735830000569,8.749999949486664e-06,0.2705531659999849,0.0025863330000106544,0.004273917000006122,0.0459051670000008,0.0005582500000116397,0.0012174580000134938,0.056332458000014185,,,,,,,,,,,,,,,,,,,,
6,800,8,Non-random,0.3070274589999826,0.01040837499999725,0.11804533399998718,,,,,,,,,0.3070274589999826,0.3070229160000224,4.542999960222005e-06,0.43548116799996706,,,,,,,0.2388781250000136,0.06796245800001088,0.00018233299999792507,,,,,,,,,,,,,,,,,
6,800,8,CountSketch,0.04102012500001706,0.01040837499999725,0.10458329200000094,,,,,,,,,0.04102012500001706,0.042211375000022144,0.0,0.15601179200001525,,,,,,,,,,7.808300000533563e-05,0.0012251670000011927,0.0012251670000011927,0.0016387919999942824,0.0009828329999947982,0.0005278749999888532,0.0005549170000165304,0.0002742080000075475,2.1000000003823516e-05,0.03568333300000859,,,,,,,
6,800,8,SIGN Bidirectional,0.059506499999997686,0.01040837499999725,0.11194866599998932,,,,,,,,,0.059506499999997686,0.05949245799999403,1.404200000365563e-05,0.18186354099998425,,,,,,,,,,,,,,,,,,,,0.00012549999999578176,0.008657999999996946,0.002923791999990044,0.0009569999999996526,0.00048258300000725285,1.3625000008232746e-05,0.04633195799999612
6,800,9,Random Projection,0.04185516699999425,0.010711874999998372,0.10853220900000338,0.00012362500001472654,0.002020792000024585,0.0010106250000205819,0.0005873750000091604,0.0006790829999943071,0.0002998329999854832,1.3625000008232746e-05,0.037110374999997475,0.04185516699999425,0.04184533300005455,9.833999939701243e-06,0.161099250999996,,,,,,,,,,,,,,,,,,,,,,,,,,
6,800,9,Random Sampling,0.09733049999999821,0.010711874999998372,0.15382220800000823,,,,,,,,,0.09733049999999821,0.0973239170000113,6.582999986903815e-06,0.2618645830000048,0.0026169170000116537,0.004288083000005827,0.03528045799998836,0.00046816700000817946,0.001136500000001206,0.05353379199999608,,,,,,,,,,,,,,,,,,,,
6,800,9,Non-random,0.27275408299999526,0.010711874999998372,0.11995695900000669,,,,,,,,,0.27275408299999526,0.27275000000000205,4.082999993215708e-06,0.4034229170000003,,,,,,,0.22748137499999643,0.04508958400001006,0.00017904099999555,,,,,,,,,,,,,,,,,
6,800,9,CountSketch,0.06101504200000818,0.010711874999998372,0.11848050000000399,,,,,,,,,0.06101504200000818,0.062246083000019325,0.0,0.19020741700001054,,,,,,,,,,8.00420000075519e-05,0.001263958999999204,0.001263958999999204,0.0016484159999947678,0.0009840410000094835,0.0006801659999950971,0.0007454580000114674,0.0002880840000045737,1.3082999998914602e-05,0.05527887499999906,,,,,,,
6,800,9,SIGN Bidirectional,0.05159079199998473,0.010711874999998372,0.11920374999999694,,,,,,,,,0.05159079199998473,0.051580957999959764,9.834000024966372e-06,0.18150641699998005,,,,,,,,,,,,,,,,,,,,0.0001230830000054084,0.005525583999997252,0.00256845799998473,0.0007726249999961965,0.0003534999999885713,1.233300000080817e-05,0.0422253749999868
6,800,10,Random Projection,0.06034558400000378,0.009992292000021052,0.1098987080000029,0.00012049999997998384,0.001922207999996317,0.0012383749999855809,0.0006426250000117761,0.000637499999982083,0.0003280829999994239,1.3749999993706297e-05,0.05543383299999505,0.06034558400000378,0.06033687399994392,8.710000059863887e-06,0.18023658400002773,,,,,,,,,,,,,,,,,,,,,,,,,,
6,800,10,Random Sampling,0.0939985000000263,0.009992292000021052,0.1388272499999914,,,,,,,,,0.0939985000000263,0.09398995799998033,8.542000045963505e-06,0.24281804200003876,0.002607208999990007,0.004292708000008361,0.04034408299997949,0.00043120800000906456,0.0011570000000062919,0.04515774999998712,,,,,,,,,,,,,,,,,,,,
6,800,10,Non-random,0.2719011249999994,0.009992292000021052,0.11019545799999264,,,,,,,,,0.2719011249999994,0.2718965830000002,4.541999999219115e-06,0.3920888750000131,,,,,,,0.23327879200002144,0.03843854099997657,0.0001792500000021846,,,,,,,,,,,,,,,,,
6,800,10,CountSketch,0.05342395800002464,0.009992292000021052,0.10288666700000704,,,,,,,,,0.05342395800002464,0.05463166600000591,0.0,0.16630291700005273,,,,,,,,,,8.016600000360086e-05,0.0012415829999952166,0.0012415829999952166,0.0014790410000102838,0.0009348330000022997,0.0006425839999906202,0.0005866669999932128,0.0003164999999967222,1.2375000011388693e-05,0.048096334000007346,,,,,,,
6,800,10,SIGN Bidirectional,0.049905208000012635,0.009992292000021052,0.10098883399999181,,,,,,,,,0.049905208000012635,0.049897501000003786,7.707000008849718e-06,0.1608863340000255,,,,,,,,,,,,,,,,,,,,0.00012345799999025076,0.005242792000018426,0.0021194999999920583,0.0005278330000066944,0.00024829200000908713,1.1833999991495148e-05,0.041623791999995774
6,800,11,Random Projection,0.0481966659999955,0.009900917000010168,0.09999341600001799,0.00011854200002403559,0.0021950409999931253,0.0009202499999787506,0.00042437499999437023,0.0004838750000146774,0.00026908300000627605,1.1416999996072263e-05,0.04376808399999277,0.0481966659999955,0.048190667000000076,5.998999995426857e-06,0.15809099900002366,,,,,,,,,,,,,,,,,,,,,,,,,,
6,800,11,Random Sampling,0.09185641600001304,0.009900917000010168,0.1284916669999916,,,,,,,,,0.09185641600001304,0.09184949800001618,6.917999996858271e-06,0.2302490000000148,0.0026122909999912736,0.004253709000010986,0.03777333300001828,0.0003981659999965359,0.001121291000004021,0.045690707999995084,,,,,,,,,,,,,,,,,,,,
6,800,11,Non-random,0.2698657500000081,0.009900917000010168,0.09804029099998957,,,,,,,,,0.2698657500000081,0.2698621259999925,3.62400001563401e-06,0.37780695800000785,,,,,,,0.22838887500000737,0.04128120900000454,0.00019204199998057447,,,,,,,,,,,,,,,,,
6,800,11,CountSketch,0.03732124999999087,0.009900917000010168,0.09314833299998782,,,,,,,,,0.03732124999999087,0.038482667000010906,0.0,0.14037049999998885,,,,,,,,,,7.070800000974486e-05,0.0011911670000017693,0.0011911670000017693,0.0014037920000191662,0.0008968329999845537,0.00040320799999449264,0.00045779199999174125,0.00033675000000243926,2.97500000101536e-05,0.032501499999995076,,,,,,,
6,800,11,SIGN Bidirectional,0.04101358300002289,0.009900917000010168,0.09525587499999233,,,,,,,,,0.04101358300002289,0.04100662499996588,6.958000057011304e-06,0.1461703750000254,,,,,,,,,,,,,,,,,,,,0.00012108300001045791,0.004917958999982375,0.002008999999986827,0.0004788330000167207,0.0002844999999922493,1.2083999990863958e-05,0.033183165999986386
6,800,12,Random Projection,0.046167125000010856,0.010041833999991923,0.10317179200001192,0.00011595899999861103,0.0019237089999819545,0.0009430419999887363,0.0005044170000019221,0.0005236660000207394,0.0002544999999827269,1.137500001391345e-05,0.04188245800000345,0.046167125000010856,0.04615912599999206,7.999000018799052e-06,0.1593807510000147,,,,,,,,,,,,,,,,,,,,,,,,,,
6,800,12,Random Sampling,0.09808058299998379,0.010041833999991923,0.12987400000000093,,,,,,,,,0.09808058299998379,0.09807091800001899,9.664999964797971e-06,0.23799641699997665,0.0029555000000129894,0.005547792000015761,0.035864375000016935,0.0003767499999867141,0.0011510420000035992,0.05217545899998299,,,,,,,,,,,,,,,,,,,,
6,800,12,Non-random,0.269493333000014,0.010041833999991923,0.10036795799999254,,,,,,,,,0.269493333000014,0.26948858299999756,4.750000016429112e-06,0.37990312499999845,,,,,,,0.22271137499998872,0.046549375000012105,0.00022783299999673545,,,,,,,,,,,,,,,,,
6,800,12,CountSketch,0.0463377079999816,0.010041833999991923,0.14821658399998228,,,,,,,,,0.0463377079999816,0.047579998999935924,0.0,0.2045961259999558,,,,,,,,,,7.44159999896965e-05,0.0012799999999799638,0.0012799999999799638,0.0015553329999988819,0.001303166000013789,0.000495666999995592,0.0005342090000226563,0.00032070799997541144,2.441600000224753e-05,0.04071208399997772,,,,,,,
6,800,12,SIGN Bidirectional,0.05901841700000432,0.010041833999991923,0.10169595800002185,,,,,,,,,0.05901841700000432,0.05899195899999654,2.6458000007778537e-05,0.1707562090000181,,,,,,,,,,,,,,,,,,,,0.0001260409999872536,0.0054685000000063155,0.0024936249999996107,0.0006139170000096783,0.0003575420000174745,1.283399998897039e-05,0.04991949999998724
6,800,13,Random Projection,0.04392991599999618,0.010093165999990106,0.09270991700000764,0.00012116700000319724,0.0020315419999974438,0.000978625000016109,0.0005328330000224923,0.0006059999999763477,0.00034262500000181717,3.0291000001625434e-05,0.03927787499998203,0.04392991599999618,0.043920958000001065,8.957999995118371e-06,0.14673299899999392,,,,,,,,,,,,,,,,,,,,,,,,,,
6,800,13,Random Sampling,0.10407266699999695,0.010093165999990106,0.12313204099999098,,,,,,,,,0.10407266699999695,0.10406566599999678,7.001000000173008e-06,0.23729787399997804,0.0026017500000250493,0.004239458000000695,0.045136583999976665,0.0003855829999963589,0.0011647500000151467,0.050537540999982866,,,,,,,,,,,,,,,,,,,,
6,800,13,Non-random,0.269788291999987,0.010093165999990106,0.09572462500000256,,,,,,,,,0.269788291999987,0.26978412500002946,4.166999957533335e-06,0.37560608299997966,,,,,,,0.22188241700001754,0.04770354100000418,0.0001981670000077429,,,,,,,,,,,,,,,,,
6,800,13,CountSketch,0.035895500000009406,0.010093165999990106,0.093324999999993,,,,,,,,,0.035895500000009406,0.03705095699999106,0.0,0.1393136659999925,,,,,,,,,,7.170800000722011e-05,0.0011837079999850175,0.0011837079999850175,0.0013257500000065647,0.0009385420000000977,0.0004241249999950014,0.00048687500000710315,0.00023658300000306554,1.1499999999387e-05,0.031188458000002584,,,,,,,
6,800,13,SIGN Bidirectional,0.042737791999996944,0.010093165999990106,0.22316799999998693,,,,,,,,,0.042737791999996944,0.04272904300003688,8.748999960062065e-06,0.275998957999974,,,,,,,,,,,,,,,,,,,,0.0001197089999891432,0.005542542000000594,0.002200208999994402,0.0004670830000179649,0.0003070829999956004,3.487500001142507e-05,0.03405754200002775
6,800,14,Random Projection,0.06481891699999665,0.012695333000010578,0.09969300000000203,0.00018245799998339862,0.0027646249999975225,0.0010566670000002887,0.0004785840000067765,0.000889624999985017,0.0003147500000011405,3.379200001063509e-05,0.0590864579999959,0.06481891699999665,0.06480695899998068,1.1958000015965808e-05,0.17720725000000925,,,,,,,,,,,,,,,,,,,,,,,,,,
6,800,14,Random Sampling,0.10124366700000564,0.012695333000010578,0.11772841699999503,,,,,,,,,0.10124366700000564,0.101235292000041,8.374999964644303e-06,0.23166741700001126,0.0026357090000033168,0.0044479160000037155,0.0423751670000172,0.0005748750000122982,0.001144874999994272,0.0500567500000102,,,,,,,,,,,,,,,,,,,,
6,800,14,Non-random,0.26008154199999467,0.012695333000010578,0.09579074999999193,,,,,,,,,0.26008154199999467,0.2600779169999896,3.6250000050586095e-06,0.3685676249999972,,,,,,,0.2219015000000013,0.0379967499999907,0.0001796669999976075,,,,,,,,,,,,,,,,,
6,800,14,CountSketch,0.04408837500000118,0.012695333000010578,0.09178316599999903,,,,,,,,,0.04408837500000118,0.04523858299995709,0.0,0.14856687400001078,,,,,,,,,,7.137500000453656e-05,0.0011776669999790101,0.0011776669999790101,0.001335124999997106,0.0009265410000125485,0.0003794589999870368,0.0005139589999885175,0.0002624580000087917,1.2666000003491718e-05,0.03938166599999704,,,,,,,
6,800,14,SIGN Bidirectional,0.05012258299998962,0.012695333000010578,0.09024270899999465,,,,,,,,,0.05012258299998962,0.050115791000081344,6.791999908273283e-06,0.15306062499999484,,,,,,,,,,,,,,,,,,,,0.00012429100002009363,0.004980417000012949,0.0020736660000011398,0.00043212500000322507,0.00022825000002058005,1.1084000021810425e-05,0.04226595800000155
6,800,15,Random Projection,0.044587249999977985,0.009793000000001939,0.09103333300001282,0.00012041600001566621,0.0015885830000001988,0.0009372909999854073,0.00040479199998344484,0.00045354200000247147,0.0002509159999988242,1.1499999999387e-05,0.04081474999998136,0.044587249999977985,0.04458178999996676,5.4600000112259295e-06,0.14541358299999274,,,,,,,,,,,,,,,,,,,,,,,,,,
6,800,15,Random Sampling,0.10328445799999031,0.009793000000001939,0.11967654200000766,,,,,,,,,0.10328445799999031,0.10327704199997356,7.416000016746693e-06,0.2327539999999999,0.0025890409999931308,0.004277749999999969,0.04102816700000744,0.00040504199998281365,0.001136957999989363,0.05384008400000084,,,,,,,,,,,,,,,,,,,,
6,800,15,Non-random,0.26413779200001386,0.009793000000001939,0.09720291699997574,,,,,,,,,0.26413779200001386,0.2641344170000366,3.3749999772680894e-06,0.37113370899999154,,,,,,,0.21726833400001055,0.046674542000005204,0.00019154100002083396,,,,,,,,,,,,,,,,,
6,800,15,CountSketch,0.034276166000012154,0.009793000000001939,0.09566437500001257,,,,,,,,,0.034276166000012154,0.03542645900003549,0.0,0.13973354100002666,,,,,,,,,,6.916699999237608e-05,0.001182083000003331,0.001182083000003331,0.0013527499999952397,0.0009134999999957927,0.0003917920000162667,0.0004877089999979489,0.00031637500001124863,1.137500001391345e-05,0.029519625000006045,,,,,,,
6,800,15,SIGN Bidirectional,0.04616987500000391,0.009793000000001939,0.09798483399998759,,,,,,,,,0.04616987500000391,0.046161916000016845,7.958999987067727e-06,0.15394770899999344,,,,,,,,,,,,,,,,,,,,0.0001235410000219872,0.00497141700000725,0.0020651250000014443,0.000505042000014555,0.0002378749999820684,1.1707999988175288e-05,0.038247208000001365
6,800,16,Random Projection,0.044687541999991254,0.010067708999997649,0.0940252500000156,0.00012404100002072482,0.0022364170000059858,0.0009580410000182837,0.0005258750000223245,0.0006488750000244181,0.0002517910000108259,1.1666000006016475e-05,0.03992337500000076,0.044687541999991254,0.04468008100010934,7.4609998819141765e-06,0.1487805010000045,,,,,,,,,,,,,,,,,,,,,,,,,,
6,800,16,Random Sampling,0.1022282920000066,0.010067708999997649,0.1179185420000124,,,,,,,,,0.1022282920000066,0.10221645800001511,1.1833999991495148e-05,0.23021454300001665,0.0026133329999993293,0.004271125000002485,0.05048091599999793,0.00042829200000937817,0.0013082499999939046,0.04311454200001208,,,,,,,,,,,,,,,,,,,,
6,800,16,Non-random,0.2675905829999863,0.010067708999997649,0.09774779099998909,,,,,,,,,0.2675905829999863,0.26758637400001817,4.208999968113858e-06,0.375406082999973,,,,,,,0.2298132920000171,0.03756104100000357,0.00021204099999749815,,,,,,,,,,,,,,,,,
6,800,16,CountSketch,0.04029595800000152,0.010067708999997649,0.09088095800001383,,,,,,,,,0.04029595800000152,0.041479163999923685,0.0,0.141244625000013,,,,,,,,,,7.095799998069197e-05,0.0012089579999781108,0.0012089579999781108,0.0014281659999824114,0.0009322500000052969,0.000408749999991187,0.00039933300001848693,0.0002362910000215379,1.1874999984229362e-05,0.03557362499998362,,,,,,,
6,800,16,SIGN Bidirectional,0.04219754200002512,0.010067708999997649,0.09016295899999704,,,,,,,,,0.04219754200002512,0.04218866599995863,8.876000066493361e-06,0.14242821000001982,,,,,,,,,,,,,,,,,,,,0.00017416699998307195,0.005550458000016079,0.0021047500000008768,0.0003872909999813601,0.0002700829999753296,1.2542000007442766e-05,0.03368937499999447
6,800,17,Random Projection,0.04801145900000847,0.009846457999998393,0.08978120800000511,0.00011804199999687626,0.0018680000000017571,0.0009180420000234335,0.0003805409999984022,0.0004590839999991658,0.00023620799998980146,1.1999999998124622e-05,0.04401383399999759,0.04801145900000847,0.04800575100000515,5.708000003323832e-06,0.14763912500001197,,,,,,,,,,,,,,,,,,,,,,,,,,
6,800,17,Random Sampling,0.09136433300000135,0.009846457999998393,0.11507687499999975,,,,,,,,,0.09136433300000135,0.09135800000004224,6.332999959113295e-06,0.2162876659999995,0.0026279580000050373,0.005768917000011697,0.03579737500001556,0.00041579200001251593,0.0011311250000005657,0.04561683299999686,,,,,,,,,,,,,,,,,,,,
6,800,17,Non-random,0.2582385830000078,0.009846457999998393,0.09478324999997767,,,,,,,,,0.2582385830000078,0.2582352910000054,3.2920000023750617e-06,0.36286829099998386,,,,,,,0.22433504099998913,0.033720000000016626,0.00018024999999965985,,,,,,,,,,,,,,,,,
6,800,17,CountSketch,0.04122120799999607,0.009846457999998393,0.09126249999999914,,,,,,,,,0.04122120799999607,0.04237425099998404,0.0,0.1423301659999936,,,,,,,,,,6.995900000106303e-05,0.0011851250000063374,0.0011851250000063374,0.0014705419999927472,0.0012155830000040169,0.00043366599999217215,0.0004897919999962141,0.0002897499999789943,1.1959000005390408e-05,0.03602275000000077,,,,,,,
6,800,17,SIGN Bidirectional,0.03812995899997418,0.009846457999998393,0.08931404199998383,,,,,,,,,0.03812995899997418,0.03812287599998854,7.082999985641436e-06,0.1372904589999564,,,,,,,,,,,,,,,,,,,,0.00012137499999198553,0.005055459000004703,0.002098666999984289,0.00040033400000538677,0.000224750000000995,1.2083000001439359e-05,0.03021020799999974
6,800,18,Random Projection,0.03719295800001987,0.010584458000010954,0.0910552500000108,0.00011908300001550742,0.0017847499999845695,0.0009350830000016686,0.0005458339999790951,0.0005651250000084929,0.00029954200002180187,1.1542000009967524e-05,0.032925416000011865,0.03719295800001987,0.03718637500003297,6.582999986903815e-06,0.13883266600004163,,,,,,,,,,,,,,,,,,,,,,,,,,
6,800,18,Random Sampling,0.09373658300000898,0.010584458000010954,0.1150700830000062,,,,,,,,,0.09373658300000898,0.0937317069999608,4.876000048170681e-06,0.21939112400002614,0.0025824999999883858,0.004254165999981296,0.04035108299999024,0.0004569580000008955,0.0011317919999953574,0.04495520800000463,,,,,,,,,,,,,,,,,,,,
6,800,18,Non-random,0.26231108299998596,0.010584458000010954,0.09490483299998687,,,,,,,,,0.26231108299998596,0.26230758300005164,3.4999999343199306e-06,0.3678003739999838,,,,,,,0.22444829100001584,0.037681000000020504,0.0001782920000152899,,,,,,,,,,,,,,,,,
6,800,18,CountSketch,0.04050520900000265,0.010584458000010954,0.09095083299999374,,,,,,,,,0.04050520900000265,0.041656540999952085,0.0,0.14204050000000734,,,,,,,,,,6.691699999805678e-05,0.0011790829999824837,0.0011790829999824837,0.0014138329999866528,0.0009019169999930909,0.00045033300000341114,0.0004795419999936712,0.00023816699999201774,1.2666000003491718e-05,0.035735000000016726,,,,,,,
6,800,18,SIGN Bidirectional,0.049641291000000365,0.010584458000010954,0.10531783300001507,,,,,,,,,0.049641291000000365,0.04963416699999357,7.12400000679736e-06,0.1655435820000264,,,,,,,,,,,,,,,,,,,,0.00012270900000999063,0.005029667000002291,0.002118499999994583,0.0004684580000002825,0.00023620799998980146,1.2499999996862243e-05,0.041646124999999756
6,800,19,Random Projection,0.04072770799999148,0.009841458000011016,0.0896945419999895,0.00011604200000192577,0.0015795829999945,0.001259959000009303,0.00043416599999090977,0.00047487500000897853,0.00025912499998526073,1.233300000080817e-05,0.03658433300000752,0.04072770799999148,0.040720415999999204,7.2919999922760326e-06,0.140263707999992,,,,,,,,,,,,,,,,,,,,,,,,,,
6,800,19,Random Sampling,0.09074041700000635,0.009841458000011016,0.11697037499999396,,,,,,,,,0.09074041700000635,0.09073291600000744,7.500999998910629e-06,0.21755225000001133,0.0025845419999939168,0.004257749999993621,0.030752000000006774,0.0003859999999917818,0.0016340829999990092,0.05111854100002233,,,,,,,,,,,,,,,,,,,,
6,800,19,Non-random,0.2646431250000205,0.009841458000011016,0.09439679199999773,,,,,,,,,0.2646431250000205,0.2646394999999586,3.6250000619020284e-06,0.36888137500002927,,,,,,,0.22286733299998218,0.04159400000000346,0.00017816699997297292,,,,,,,,,,,,,,,,,
6,800,19,CountSketch,0.03740070899999637,0.009841458000011016,0.09322391699998889,,,,,,,,,0.03740070899999637,0.038558623000000125,0.0,0.14046608399999627,,,,,,,,,,7.566599998654056e-05,0.0011842499999943357,0.0011842499999943357,0.0013729159999797957,0.0009329170000000886,0.00041970800000967756,0.0004286250000120617,0.00022662500001047192,1.1333000003332927e-05,0.032722333000009485,,,,,,,
6,800,19,SIGN Bidirectional,0.04626933400001576,0.009841458000011016,0.09354937499998073,,,,,,,,,0.04626933400001576,0.046260166999957164,9.167000058596386e-06,0.1496601670000075,,,,,,,,,,,,,,,,,,,,0.00012112499999261672,0.006562290999994502,0.002385416999999279,0.0004945000000020627,0.00024949999999535066,1.1583999992126337e-05,0.036435749999981226
6,800,20,Random Projection,0.040904167000007874,0.009932915999996794,0.09183412499999122,0.00011891599999103164,0.0018440409999982421,0.0012489169999980732,0.0003967910000142183,0.0005293330000029073,0.0003014169999744354,1.3208000012809862e-05,0.036443666999986135,0.040904167000007874,0.04089628999997785,7.877000030021009e-06,0.14267120799999589,,,,,,,,,,,,,,,,,,,,,,,,,,
6,800,20,Random Sampling,0.08603887499998564,0.009932915999996794,0.11504525000000854,,,,,,,,,0.08603887499998564,0.08603087500003426,7.999999951380232e-06,0.21101704099999097,0.0030301250000093205,0.004321042000015041,0.030719833000006247,0.0004918330000123206,0.0011775419999935366,0.04629049999999779,,,,,,,,,,,,,,,,,,,,
6,800,20,Non-random,0.2701017499999807,0.009932915999996794,0.0997985839999842,,,,,,,,,0.2701017499999807,0.27009837599999287,3.37399998784349e-06,0.3798332499999617,,,,,,,0.23179733400002078,0.0381230829999879,0.00017795899998418463,,,,,,,,,,,,,,,,,
6,800,20,CountSketch,0.033921958000007635,0.009932915999996794,0.09152916699997604,,,,,,,,,0.033921958000007635,0.03519625000006954,0.0,0.13538404099998047,,,,,,,,,,6.754100002126506e-05,0.0013025420000190024,0.0013025420000190024,0.0015139580000038677,0.0009261249999781285,0.00040275000000633554,0.0005512080000187325,0.00022266700000272976,1.1542000009967524e-05,0.02889537499999051,,,,,,,
6,800,20,SIGN Bidirectional,0.04284549999999854,0.009932915999996794,0.08872104100001366,,,,,,,,,0.04284549999999854,0.04283587699998748,9.623000011060867e-06,0.141499457000009,,,,,,,,,,,,,,,,,,,,0.00017533400000502297,0.005245374999987007,0.002654292000016767,0.0005400839999936125,0.0002507499999921947,1.1959000005390408e-05,0.03395808299998748
6,1000,1,Random Projection,0.04161062500000412,0.01543291699999827,0.13271104199998263,0.00014620800001807766,0.002324499999986074,0.001316209000009394,0.0006349999999883948,0.000700750000021344,0.0002502499999934571,1.4792000001762062e-05,0.03621604200000661,0.04161062500000412,0.04160375100002511,6.8739999790068396e-06,0.18975458399998502,,,,,,,,,,,,,,,,,,,,,,,,,,
6,1000,1,Random Sampling,0.09128816599999823,0.01543291699999827,0.1695267090000243,,,,,,,,,0.09128816599999823,0.09128191499999616,6.251000002066576e-06,0.2762477920000208,0.004294332999990047,0.006537167000004729,0.037508083000005854,0.0005840409999962048,0.0016813329999934012,0.040676958000005925,,,,,,,,,,,,,,,,,,,,
6,1000,1,Non-random,0.3364552500000002,0.01543291699999827,0.1428244589999963,,,,,,,,,0.3364552500000002,0.3364513330000136,3.916999986586234e-06,0.49471262599999477,,,,,,,0.29704704200000265,0.03910566600001175,0.00029862499999921965,,,,,,,,,,,,,,,,,
6,1000,1,CountSketch,0.05268633400001477,0.01543291699999827,0.13710112499998672,,,,,,,,,0.05268633400001477,0.054273583999986386,0.0,0.20522037599999976,,,,,,,,,,7.850000000075852e-05,0.001617084000002933,0.001617084000002933,0.0020318750000001273,0.0013742499999978008,0.0006328749999795491,0.0007093750000137788,0.00023670799998853909,1.3916000000335771e-05,0.04596191699999963,,,,,,,
6,1000,1,SIGN Bidirectional,0.043779958000015995,0.01543291699999827,0.13289020900000992,,,,,,,,,0.043779958000015995,0.043771334000012985,8.624000003010224e-06,0.19210308400002418,,,,,,,,,,,,,,,,,,,,0.00015020800000797863,0.007159291999982997,0.002986375000006092,0.0006662090000020271,0.0002504999999928259,1.5875000002552042e-05,0.03254287500001851
6,1000,2,Random Projection,0.04521650000000932,0.015974583000001985,0.13352841700000795,0.0001517089999936161,0.002364083999992772,0.0013022920000196336,0.0005776670000159356,0.0007229169999902751,0.00027900000000613545,2.6082999994514466e-05,0.039784333999989485,0.04521650000000932,0.04520808600000237,8.414000006951028e-06,0.19471950000001925,,,,,,,,,,,,,,,,,,,,,,,,,,
6,1000,2,Random Sampling,0.11771145899999169,0.015974583000001985,0.1628902079999932,,,,,,,,,0.11771145899999169,0.11770458600003053,6.872999961160531e-06,0.2965762499999869,0.003968334000006735,0.006559458999987555,0.04427520900000559,0.0005398750000153996,0.0016506670000069334,0.06071104200000832,,,,,,,,,,,,,,,,,,,,
6,1000,2,Non-random,0.33416233299999476,0.015974583000001985,0.14247154200000978,,,,,,,,,0.33416233299999476,0.3341587500000003,3.5829999944780866e-06,0.4926084580000065,,,,,,,0.2921336250000195,0.041727499999979045,0.0002976250000017444,,,,,,,,,,,,,,,,,
6,1000,2,CountSketch,0.04619266599999605,0.015974583000001985,0.13333154200000763,,,,,,,,,0.04619266599999605,0.047770706999926915,0.0,0.19549879100000567,,,,,,,,,,7.524999998054227e-05,0.0016120829999977104,0.0016120829999977104,0.0019289169999865408,0.0015544160000047214,0.0006116249999763568,0.0006933749999973315,0.000296082999994951,2.6582999993252088e-05,0.0393602919999978,,,,,,,
6,1000,2,SIGN Bidirectional,0.0492886669999848,0.015974583000001985,0.1336693339999897,,,,,,,,,0.0492886669999848,0.04927962499999694,9.041999987857707e-06,0.1989325839999765,,,,,,,,,,,,,,,,,,,,0.00014958299999534574,0.007118499999990036,0.002982084000024088,0.0007345829999962916,0.0002883749999966767,1.6375000001289663e-05,0.03799012499999321
6,1000,3,Random Projection,0.03821287499999926,0.01742583300000433,0.13110304200000655,0.00014462500001855005,0.002245541999997158,0.001362666999995099,0.000572792000014033,0.0007347910000135016,0.0002565420000166796,1.666599999339269e-05,0.03287120900000673,0.03821287499999926,0.03820483400005514,8.040999944114446e-06,0.18674175000001014,,,,,,,,,,,,,,,,,,,,,,,,,,
6,1000,3,Random Sampling,0.10216024999999718,0.01742583300000433,0.16782079200001476,,,,,,,,,0.10216024999999718,0.10215374899996732,6.501000029857096e-06,0.28740687500001627,0.003968167000010681,0.006522207999978491,0.035683624999990116,0.0005311660000018037,0.0016612080000015794,0.05378737499998465,,,,,,,,,,,,,,,,,,,,
6,1000,3,Non-random,0.342066917000011,0.01742583300000433,0.1451393749999852,,,,,,,,,0.342066917000011,0.3420629169999927,4.00000001832268e-06,0.5046321250000005,,,,,,,0.30320570800000723,0.0385582090000014,0.000298999999984062,,,,,,,,,,,,,,,,,
6,1000,3,CountSketch,0.043015249999996286,0.01742583300000433,0.13923020900000438,,,,,,,,,0.043015249999996286,0.04465145600002529,0.0,0.199671292000005,,,,,,,,,,8.270799997944778e-05,0.0016762080000205515,0.0016762080000205515,0.002019665999995368,0.001619000000005144,0.0006559170000173253,0.0007441669999934675,0.0003367909999951735,1.525000001834087e-05,0.03582554099997992,,,,,,,
6,1000,3,SIGN Bidirectional,0.050311458000010134,0.01742583300000433,0.13691137500001105,,,,,,,,,0.050311458000010134,0.0503031270000065,8.33100000363629e-06,0.20464866600002551,,,,,,,,,,,,,,,,,,,,0.00015120800000545387,0.008179124999998066,0.003686417000011488,0.0006408339999950385,0.0002468749999877673,1.4834000012342585e-05,0.03738383399999634
6,1000,4,Random Projection,0.04773920799999587,0.015048457999995435,0.13426637500000993,0.00014762499998255407,0.0026442500000030122,0.0013742499999978008,0.0006529999999997926,0.0007000420000053964,0.00023349999997890336,1.3583999987076822e-05,0.041967208999977856,0.04773920799999587,0.04773345999993239,5.748000063476866e-06,0.19705404100000123,,,,,,,,,,,,,,,,,,,,,,,,,,
6,1000,4,Random Sampling,0.10776308399999834,0.015048457999995435,0.16725066699999047,,,,,,,,,0.10776308399999834,0.1077551260000007,7.957999997643128e-06,0.29006220899998425,0.0039953750000165655,0.006536041999993358,0.05101733300000433,0.0005167919999848891,0.0016646670000000086,0.04402491700000155,,,,,,,,,,,,,,,,,,,,
6,1000,4,Non-random,0.3344510000000014,0.015048457999995435,0.14735912500003678,,,,,,,,,0.3344510000000014,0.33444749999992496,3.5000000764284778e-06,0.4968585830000336,,,,,,,0.29137995799996474,0.04278512499996623,0.00028241699999398406,,,,,,,,,,,,,,,,,
6,1000,4,CountSketch,0.04025229199999103,0.015048457999995435,0.1342331249999802,,,,,,,,,0.04025229199999103,0.041915709000193146,0.0,0.18953387499996666,,,,,,,,,,7.17089999966447e-05,0.001698167000029116,0.001698167000029116,0.002075500000046304,0.0012989159999960975,0.0005768330000250899,0.0007567500000504879,0.00029654200000095443,2.6083000022936176e-05,0.0334170419999964,,,,,,,
6,1000,4,SIGN Bidirectional,0.050749791999976424,0.015048457999995435,0.13395383300002095,,,,,,,,,0.050749791999976424,0.05074279200005094,6.99999992548328e-06,0.1997520829999928,,,,,,,,,,,,,,,,,,,,0.00015158299999029623,0.007337417000030655,0.0030749169999921833,0.0006712500000389809,0.0002507079999531925,1.4542000030814961e-05,0.03924237500001482
6,1000,5,Random Projection,0.047767875000033655,0.014974832999996579,0.13173283300000094,0.00014849999996613406,0.002576915999952689,0.0013186670000209233,0.0007299590000116041,0.0007101670000224658,0.0003143330000057176,1.35409999870717e-05,0.041948749999960455,0.047767875000033655,0.04776083299992706,7.04200010659406e-06,0.19447554100003117,,,,,,,,,,,,,,,,,,,,,,,,,,
6,1000,5,Random Sampling,0.10939570900001172,0.014974832999996579,0.16246266600001036,,,,,,,,,0.10939570900001172,0.10938795900011655,7.749999895168003e-06,0.28683320800001866,0.003966125000033571,0.0065514170000255945,0.04374825000002147,0.0004910419999646365,0.0016548750000424661,0.05297625000002881,,,,,,,,,,,,,,,,,,,,
6,1000,5,Non-random,0.3423072499999762,0.014974832999996579,0.16016737500001454,,,,,,,,,0.3423072499999762,0.34230383400006303,3.4159999131588847e-06,0.5174494579999873,,,,,,,0.295510959000012,0.046515750000025946,0.0002771250000250802,,,,,,,,,,,,,,,,,
6,1000,5,CountSketch,0.042022750000001,0.014974832999996579,0.1332616669999993,,,,,,,,,0.042022750000001,0.04361949999992021,0.0,0.19025924999999688,,,,,,,,,,7.633299998133225e-05,0.0016267499999571555,0.0016267499999571555,0.0017950419999692713,0.0013547920000291924,0.0005378330000098686,0.0006655409999893891,0.00023550000003069727,1.391699998976037e-05,0.035687042000006386,,,,,,,
6,1000,5,SIGN Bidirectional,0.04967158299996299,0.014974832999996579,0.13348212500000045,,,,,,,,,0.04967158299996299,0.04966100099989035,1.0582000072645315e-05,0.19812854099996002,,,,,,,,,,,,,,,,,,,,0.00021220799999355222,0.00724441699998124,0.003072499999973388,0.0008136669999885271,0.0002461670000002414,1.379200000428682e-05,0.03805824999994911
6,1000,6,Random Projection,0.04023320800001784,0.015531208000027164,0.15134645800003454,0.00014779200000702986,0.002453624999986914,0.0013439580000067508,0.0006099999999946704,0.0007058749999941938,0.0002491249999820866,1.4542000030814961e-05,0.03470249999998032,0.04023320800001784,0.04022741699998278,5.791000035060279e-06,0.20711087400007955,,,,,,,,,,,,,,,,,,,,,,,,,,
6,1000,6,Random Sampling,0.09184683299997687,0.015531208000027164,0.16742945799995823,,,,,,,,,0.09184683299997687,0.09183904100001428,7.791999962591944e-06,0.27480749899996226,0.003963208000016039,0.00652695799999492,0.036343041999998604,0.0005025830000136011,0.0016688750000071195,0.04283437499998399,,,,,,,,,,,,,,,,,,,,
6,1000,6,Non-random,0.3610229170000139,0.015531208000027164,0.14616000000000895,,,,,,,,,0.3610229170000139,0.36101808300003313,4.833999980746739e-06,0.52271412500005,,,,,,,0.31711987500000305,0.04347179100000176,0.00042641700002832295,,,,,,,,,,,,,,,,,
6,1000,6,CountSketch,0.04505279199997858,0.015531208000027164,0.13982858299999634,,,,,,,,,0.04505279199997858,0.046651956999880895,0.0,0.2004125830000021,,,,,,,,,,7.749999997486157e-05,0.0016317079999907946,0.0016317079999907946,0.002039707999983875,0.0013465419999647565,0.0006612500000073851,0.0007622910000009142,0.00027062499998464773,1.3249999994968675e-05,0.038217374999987896,,,,,,,
6,1000,6,SIGN Bidirectional,0.057158082999990256,0.015531208000027164,0.13727904099999932,,,,,,,,,0.057158082999990256,0.05714958299995487,8.500000035382982e-06,0.20996833200001674,,,,,,,,,,,,,,,,,,,,0.0001508749999743486,0.0074167499999475694,0.003088750000017626,0.0008475000000203181,0.0003156660000058764,1.5749999988656782e-05,0.04531429200000048
6,1000,7,Random Projection,0.04964241699997274,0.014992042000017136,0.13238958300001968,0.0001467920000095546,0.002676500000006854,0.0013107080000054339,0.0006470000000149412,0.000738082999987455,0.0002743750000036016,2.587500000572618e-05,0.043814291999979105,0.04964241699997274,0.04963362500001267,8.791999960067187e-06,0.19702404200000956,,,,,,,,,,,,,,,,,,,,,,,,,,
6,1000,7,Random Sampling,0.10832458299995551,0.014992042000017136,0.16693950000001223,,,,,,,,,0.10832458299995551,0.10831645799999023,8.124999965275492e-06,0.2902561249999849,0.0039855420000094455,0.006564624999953139,0.04249541600000839,0.0005074580000155038,0.0016771670000252925,0.05308624999997846,,,,,,,,,,,,,,,,,,,,
6,1000,7,Non-random,0.33942487500002017,0.014992042000017136,0.14051912499996888,,,,,,,,,0.33942487500002017,0.3394212079999761,3.667000044060842e-06,0.4949360420000062,,,,,,,0.29782366699998875,0.0412985410000033,0.000298999999984062,,,,,,,,,,,,,,,,,
6,1000,7,CountSketch,0.040215124999974705,0.014992042000017136,0.13176508300000478,,,,,,,,,0.040215124999974705,0.04179262299999209,0.0,0.18697224999999662,,,,,,,,,,7.187500000327418e-05,0.0016104160000054435,0.0016104160000054435,0.0022185000000263244,0.0013285829999745147,0.0007719999999835636,0.0007172910000008414,0.00034529199996313764,1.6500000015184924e-05,0.03310175000001436,,,,,,,
6,1000,7,SIGN Bidirectional,0.041182791999972324,0.014992042000017136,0.13281033399999842,,,,,,,,,0.041182791999972324,0.041174832000081096,7.959999891227199e-06,0.18898516799998788,,,,,,,,,,,,,,,,,,,,0.0001501660000258198,0.007497290999992856,0.0030702080000537535,0.0007149169999820515,0.00023058400000763868,1.558299999260271e-05,0.029496083000026374
6,1000,8,Random Projection,0.03831724999997732,0.01498762500000339,0.1337551249999933,0.0001481659999740259,0.0025634589999867785,0.0013028330000111055,0.0005966250000142281,0.000715041999967525,0.00025825000000168075,1.366600002938867e-05,0.032712666000008994,0.03831724999997732,0.03831070699999373,6.5429999835942e-06,0.18705999999997402,,,,,,,,,,,,,,,,,,,,,,,,,,
6,1000,8,Random Sampling,0.10377212500003452,0.01498762500000339,0.16492400000004181,,,,,,,,,0.10377212500003452,0.10376291699992635,9.20800010817402e-06,0.2836837500000797,0.003967249999959677,0.006467291999967983,0.043977250000011736,0.0009865419999641745,0.0025732080000011592,0.04579137500002162,,,,,,,,,,,,,,,,,,,,
6,1000,8,Non-random,0.3332390419999456,0.01498762500000339,0.1415206249999983,,,,,,,,,0.3332390419999456,0.3332355849999544,3.456999991158227e-06,0.48974729199994727,,,,,,,0.291846583999984,0.041090666999991754,0.0002983339999786949,,,,,,,,,,,,,,,,,
6,1000,8,CountSketch,0.05044537499998114,0.01498762500000339,0.13456495799999857,,,,,,,,,0.05044537499998114,0.05202700100005586,0.0,0.1999979579999831,,,,,,,,,,7.533400003012503e-05,0.0016131250000057662,0.0016131250000057662,0.002010125000026619,0.001696207999998478,0.000585166999997,0.000800749999996242,0.0002491660000032425,1.3834000014867343e-05,0.043370166999977755,,,,,,,
6,1000,8,SIGN Bidirectional,0.050206417000026704,0.01498762500000339,0.13456166600002462,,,,,,,,,0.050206417000026704,0.050198125999997956,8.291000028748385e-06,0.1997557080000547,,,,,,,,,,,,,,,,,,,,0.0001501250000046639,0.007330374999980904,0.0030520420000357262,0.0006974170000262347,0.00024220899996407752,1.3874999979179847e-05,0.03871208300000717
6,1000,9,Random Projection,0.03638383300000214,0.015021833999981027,0.13118187500003842,0.0001467499999989741,0.00241137500000832,0.0014271669999743608,0.0005515839999929995,0.0007438330000013593,0.00026029200000721175,1.4374999977917469e-05,0.03082116699999915,0.03638383300000214,0.03637654299996029,7.290000041848543e-06,0.18258754200002159,,,,,,,,,,,,,,,,,,,,,,,,,,
6,1000,9,Random Sampling,0.11313312500004713,0.015021833999981027,0.1664511659999448,,,,,,,,,0.11313312500004713,0.11312641600000006,6.709000047067093e-06,0.29460612499997296,0.003979125000000749,0.006538958000021466,0.043490291000011894,0.000554458000010527,0.0016574590000004719,0.056906124999954955,,,,,,,,,,,,,,,,,,,,
6,1000,9,Non-random,0.3527701250000064,0.015021833999981027,0.14628324999995357,,,,,,,,,0.3527701250000064,0.3527662079999345,3.917000071851362e-06,0.514075208999941,,,,,,,0.30665249999998423,0.045815707999963706,0.00029799999998658677,,,,,,,,,,,,,,,,,
6,1000,9,CountSketch,0.04391395900000816,0.015021833999981027,0.1386565420000352,,,,,,,,,0.04391395900000816,0.04551100100007943,0.0,0.19759233500002438,,,,,,,,,,7.770800004891498e-05,0.0016296250000209511,0.0016296250000209511,0.00190908400003309,0.0016585419999728401,0.0006270000000085929,0.0007931249999728607,0.00031616699999403863,1.4374999977917469e-05,0.036855750000029275,,,,,,,
6,1000,9,SIGN Bidirectional,0.058563332999995055,0.015021833999981027,0.151683667000043,,,,,,,,,0.058563332999995055,0.05855541699992273,7.916000072327734e-06,0.22526883400001907,,,,,,,,,,,,,,,,,,,,0.00015008399998350797,0.007165249999957268,0.0032647909999923286,0.0007628749999639695,0.0002917090000096323,1.6000000016447302e-05,0.04690470799999957
6,1000,10,Random Projection,0.04882450000002336,0.015136916000017209,0.13481962499997735,0.0001485839999872951,0.0026392920000262166,0.001351416000034078,0.0007644169999707628,0.0007642500000315522,0.0002865419999693586,1.487499997665509e-05,0.04284749999999349,0.04882450000002336,0.048816875999989406,7.6240000339566905e-06,0.19878104100001792,,,,,,,,,,,,,,,,,,,,,,,,,,
6,1000,10,Random Sampling,0.09713966599997548,0.015136916000017209,0.16532616699998925,,,,,,,,,0.09713966599997548,0.09713183399992431,7.832000051166688e-06,0.27760274899998194,0.003970792000018264,0.006581332999985534,0.03604358299998012,0.0005506250000166801,0.0016821669999558253,0.04830333399996789,,,,,,,,,,,,,,,,,,,,
6,1000,10,Non-random,0.3476598750000335,0.015136916000017209,0.1419852920000153,,,,,,,,,0.3476598750000335,0.34765579200001184,4.083000021637417e-06,0.504782083000066,,,,,,,0.3067086670000094,0.04066837499999565,0.00027875000000676664,,,,,,,,,,,,,,,,,
6,1000,10,CountSketch,0.04422504100000424,0.015136916000017209,0.13270991600001025,,,,,,,,,0.04422504100000424,0.045822042999986934,0.0,0.1920718730000317,,,,,,,,,,7.533399997328161e-05,0.0016304579999655289,0.0016304579999655289,0.0019670419999897604,0.0013897079999765083,0.0006015420000267113,0.0007980420000421873,0.00028300000002445813,3.470900003321731e-05,0.03741174999998975,,,,,,,
6,1000,10,SIGN Bidirectional,0.043717540999978155,0.015136916000017209,0.1347585830000071,,,,,,,,,0.043717540999978155,0.04370666500011566,1.087599986249188e-05,0.19361304000000246,,,,,,,,,,,,,,,,,,,,0.0001490000000217151,0.007561208000026909,0.003558375000011438,0.0008338330000015048,0.0002883750000250984,2.4041000017405167e-05,0.03129183300001159
6,1000,11,Random Projection,0.04384716599997773,0.015293791999965833,0.13424887499996885,0.0001465420000386075,0.0024083339999947384,0.00128575000002229,0.0005148330000110946,0.000645666999957939,0.0002542919999655169,1.416700001755089e-05,0.03857112499997584,0.04384716599997773,0.043840709999983574,6.455999994159356e-06,0.19338983299991241,,,,,,,,,,,,,,,,,,,,,,,,,,
6,1000,11,Random Sampling,0.10650062500002377,0.015293791999965833,0.16262854100000368,,,,,,,,,0.10650062500002377,0.10649304399993298,7.581000090794987e-06,0.2844229579999933,0.003981958999986546,0.0065890839999838136,0.04384658399999353,0.0006037919999926089,0.0016731669999785481,0.049798457999997936,,,,,,,,,,,,,,,,,,,,
6,1000,11,Non-random,0.3418085000000133,0.015293791999965833,0.140199583000026,,,,,,,,,0.3418085000000133,0.3418049170000472,3.582999966056377e-06,0.4973018750000051,,,,,,,0.30045191700003215,0.041075332999980674,0.00027766700003439837,,,,,,,,,,,,,,,,,
6,1000,11,CountSketch,0.040695374999984324,0.015293791999965833,0.1346455409999976,,,,,,,,,0.040695374999984324,0.04227508300016325,0.0,0.19063470799994775,,,,,,,,,,7.666700003028382e-05,0.0016158750000272448,0.0016158750000272448,0.002148040999998102,0.0013625419999812038,0.0005554170000436898,0.0006260420000216982,0.00028279100001782354,2.6208000008409726e-05,0.03396562500000755,,,,,,,
6,1000,11,SIGN Bidirectional,0.04673624999998083,0.015293791999965833,0.13240995900002872,,,,,,,,,0.04673624999998083,0.046725623999975596,1.0626000005231617e-05,0.19444000099997538,,,,,,,,,,,,,,,,,,,,0.00014912500000718865,0.0070829580000122405,0.0031781669999872975,0.0008166659999915282,0.00021549999996750557,2.4499999994986865e-05,0.03525870800001485
6,1000,12,Random Projection,0.046809624999980315,0.015018542000007074,0.1324693330000173,0.000152624999998352,0.0026301670000066224,0.001302792000046793,0.0006455419999724654,0.0007167090000166354,0.00025758399999631365,1.4041999975233921e-05,0.041083290999949895,0.046809624999980315,0.04680275199996231,6.87300001800395e-06,0.19429750000000467,,,,,,,,,,,,,,,,,,,,,,,,,,
6,1000,12,Random Sampling,0.09414350000002969,0.015018542000007074,0.16676999999998543,,,,,,,,,0.09414350000002969,0.09413708299985046,6.4170001792263065e-06,0.2759320420000222,0.003971416999945632,0.007076791999963916,0.03667641599997751,0.0005584159999898475,0.0016383329999598573,0.0442157090000137,,,,,,,,,,,,,,,,,,,,
6,1000,12,Non-random,0.34730345799999895,0.015018542000007074,0.14606970800002728,,,,,,,,,0.34730345799999895,0.3472995420000302,3.915999968739925e-06,0.5083917080000333,,,,,,,0.3101286250000044,0.03684720900002958,0.0003237079999962589,,,,,,,,,,,,,,,,,
6,1000,12,CountSketch,0.04205916600000137,0.015018542000007074,0.13711216699999795,,,,,,,,,0.04205916600000137,0.04374078999990161,0.0,0.1941898750000064,,,,,,,,,,9.229199997662363e-05,0.0017172909999771946,0.0017172909999771946,0.002267791000008401,0.001294166999969093,0.0005736250000154541,0.0007377079999741909,0.0002784170000040831,1.3582999997652223e-05,0.03504862500000172,,,,,,,
6,1000,12,SIGN Bidirectional,0.05141125000000102,0.015018542000007074,0.139316000000008,,,,,,,,,0.05141125000000102,0.05140233399998806,8.916000012959557e-06,0.20574579200001608,,,,,,,,,,,,,,,,,,,,0.0001487920000045051,0.007959666999965975,0.003099041999973906,0.0006322500000237596,0.00028212500001245644,1.4625000005707989e-05,0.03926583300000175
6,1000,13,Random Projection,0.043904082999972616,0.01498208399999612,0.13445954200000187,0.00014962500000592627,0.0026358329999993657,0.0012890829999605558,0.0005997080000383903,0.0008703749999767751,0.00031258299998171424,2.7875000000676664e-05,0.03800975000001472,0.043904082999972616,0.04389483199997812,9.250999994492304e-06,0.1933457089999706,,,,,,,,,,,,,,,,,,,,,,,,,,
6,1000,13,Random Sampling,0.1147347909999894,0.01498208399999612,0.16783716700001605,,,,,,,,,0.1147347909999894,0.11472337499998275,1.1416000006647664e-05,0.2975540420000016,0.004159791999995832,0.0064806249999946886,0.039320000000031996,0.0009084590000156822,0.0020569159999581643,0.06179758299998639,,,,,,,,,,,,,,,,,,,,
6,1000,13,Non-random,0.3395872499999655,0.01498208399999612,0.14286858399998437,,,,,,,,,0.3395872499999655,0.33958383399993863,3.4160000268457225e-06,0.49743791799994597,,,,,,,0.2955547919999617,0.0437512500000139,0.0002777919999630285,,,,,,,,,,,,,,,,,
6,1000,13,CountSketch,0.03549737499997718,0.01498208399999612,0.13477187500001264,,,,,,,,,0.03549737499997718,0.03762537699992663,0.0,0.18525133399998595,,,,,,,,,,0.00011687500000334694,0.0021754169999894657,0.0021754169999894657,0.0019132919999833575,0.001392041999963567,0.0007167919999915284,0.0006888749999802712,0.0002971249999745851,1.4542000030814961e-05,0.028135000000020227,,,,,,,
6,1000,13,SIGN Bidirectional,0.04556000000002314,0.01498208399999612,0.1344234169999936,,,,,,,,,0.04556000000002314,0.045550375000004806,9.625000018331775e-06,0.19496550100001286,,,,,,,,,,,,,,,,,,,,0.00014862500000845102,0.007422625000003791,0.0030136249999941356,0.0007669170000212944,0.00027041699996743773,2.3915999975088198e-05,0.03390425000003461
6,1000,14,Random Projection,0.042186000000015156,0.015028459000006933,0.1364373330000035,0.00014754099998981474,0.002626749999990352,0.0013522500000249238,0.0006516669999996338,0.000713125000004311,0.0002601670000217382,1.379100001486222e-05,0.03641324999995277,0.042186000000015156,0.042178540999998404,7.4590000167518156e-06,0.19365179200002558,,,,,,,,,,,,,,,,,,,,,,,,,,
6,1000,14,Random Sampling,0.11974987500002499,0.015028459000006933,0.16525637499995582,,,,,,,,,0.11974987500002499,0.1197421640000016,7.711000023391534e-06,0.30003470899998774,0.005568832999983897,0.0065849580000190144,0.0438555409999708,0.0005805829999872003,0.0016715830000180176,0.061480666000022666,,,,,,,,,,,,,,,,,,,,
6,1000,14,Non-random,0.33545058400000016,0.015028459000006933,0.1422083749999956,,,,,,,,,0.33545058400000016,0.3354459169999018,4.6670000983795035e-06,0.4926874180000027,,,,,,,0.28776649999997517,0.04719091699996625,0.0004884999999603679,,,,,,,,,,,,,,,,,
6,1000,14,CountSketch,0.041103042000031564,0.015028459000006933,0.1360957919999919,,,,,,,,,0.041103042000031564,0.04267241700011937,0.0,0.19222729300003039,,,,,,,,,,7.379200002333164e-05,0.0016029170000138038,0.0016029170000138038,0.001948916999992889,0.0013167920000114464,0.0005857920000380545,0.00070037500000808,0.00029816599999321625,2.5665999999091582e-05,0.03451708300002565,,,,,,,
6,1000,14,SIGN Bidirectional,0.049342333999959465,0.015028459000006933,0.13831879200000685,,,,,,,,,0.049342333999959465,0.049332874000072025,9.459999887440063e-06,0.20268958499997325,,,,,,,,,,,,,,,,,,,,0.0001487910000150805,0.007017292000000452,0.0032504170000038357,0.0007649579999906564,0.00023304199999074626,1.5208000036182057e-05,0.03790316600003507
6,1000,15,Random Projection,0.033261499999980515,0.015127500000005512,0.14519266599995717,0.00014729199995144882,0.002369041000008565,0.0013231659999632939,0.0005919170000083795,0.0007939580000311253,0.00024095800000623058,1.3958000010916294e-05,0.027774292000003697,0.033261499999980515,0.03325458199998366,6.917999996858271e-06,0.1935816659999432,,,,,,,,,,,,,,,,,,,,,,,,,,
6,1000,15,Random Sampling,0.11204637499997716,0.015127500000005512,0.16496962499996926,,,,,,,,,0.11204637499997716,0.11203770800005941,8.666999917750218e-06,0.2921434999999519,0.003981834000001072,0.00659495800005061,0.051569625000013275,0.0004998329999921225,0.001832165999985591,0.04755929200001674,,,,,,,,,,,,,,,,,,,,
6,1000,15,Non-random,0.36580650000001924,0.015127500000005512,0.1482362499999681,,,,,,,,,0.36580650000001924,0.3658024160000082,4.084000011062017e-06,0.5291702499999928,,,,,,,0.32077458300000217,0.044729625000002216,0.00029820800000379677,,,,,,,,,,,,,,,,,
6,1000,15,CountSketch,0.039578708000021834,0.015127500000005512,0.13780287499997712,,,,,,,,,0.039578708000021834,0.041166793000002144,0.0,0.19250908300000447,,,,,,,,,,7.441700000754281e-05,0.00161687500002472,0.00161687500002472,0.0019859579999774724,0.0012985839999828386,0.0005555420000291633,0.000781999999958316,0.000299125000026379,1.5666999956920336e-05,0.03292175000001407,,,,,,,
6,1000,15,SIGN Bidirectional,0.050235041999997065,0.015127500000005512,0.13565375000001723,,,,,,,,,0.050235041999997065,0.05022408500002484,1.0956999972222548e-05,0.2010162920000198,,,,,,,,,,,,,,,,,,,,0.00015033400001129849,0.00870775000004187,0.003694415999973444,0.0007347920000029262,0.0002950840000153221,1.5834000009817828e-05,0.036625874999970165
6,1000,16,Random Projection,0.03667583300000388,0.015128375000017513,0.13929962499997828,0.00014862500000845102,0.0025772090000373282,0.0013611669999704645,0.0006978330000038113,0.0008375830000204587,0.00036987499998986095,2.987500005247057e-05,0.030642499999999018,0.03667583300000388,0.03666466700008186,1.1165999922013725e-05,0.19110383299999967,,,,,,,,,,,,,,,,,,,,,,,,,,
6,1000,16,Random Sampling,0.10232333299995844,0.015128375000017513,0.16442987499999617,,,,,,,,,0.10232333299995844,0.10231674899995369,6.5840000047501235e-06,0.2818815829999721,0.003965708000009727,0.00654050000002826,0.043666291999954865,0.0005160409999689364,0.001654374999986885,0.045973833000005015,,,,,,,,,,,,,,,,,,,,
6,1000,16,Non-random,0.35232358299998623,0.015128375000017513,0.1410212080000406,,,,,,,,,0.35232358299998623,0.3523201249999488,3.4580000374262454e-06,0.5084731660000443,,,,,,,0.3142710000000193,0.03774479099996597,0.0003043339999635464,,,,,,,,,,,,,,,,,
6,1000,16,CountSketch,0.045259332999989965,0.015128375000017513,0.1347465410000268,,,,,,,,,0.045259332999989965,0.04683633399992004,0.0,0.1951342490000343,,,,,,,,,,7.108400001243353e-05,0.0016073749999918618,0.0016073749999918618,0.0020084579999775087,0.0016587499999900501,0.0005637079999587513,0.0006565420000015365,0.00026554199996553507,1.4500000020234438e-05,0.03838300000001027,,,,,,,
6,1000,16,SIGN Bidirectional,0.050986500000021806,0.015128375000017513,0.13533050000000912,,,,,,,,,0.050986500000021806,0.05096999899996035,1.6501000061452942e-05,0.20144537500004844,,,,,,,,,,,,,,,,,,,,0.00014995899999803441,0.007483750000005784,0.0040525829999751295,0.0006893329999684283,0.0002702909999925396,2.420800001345924e-05,0.03829987500000698
6,1000,17,Random Projection,0.03900329199996122,0.01484800000002906,0.1330971660000273,0.00014741600000434119,0.0023392080000235183,0.0016627090000156386,0.0006087920000368285,0.0008326669999974001,0.000269875000014963,1.4000000021496817e-05,0.033120125000039025,0.03900329199996122,0.03899479200015321,8.499999808009306e-06,0.18694845800001758,,,,,,,,,,,,,,,,,,,,,,,,,,
6,1000,17,Random Sampling,0.10435004199996456,0.01484800000002906,0.1615110000000186,,,,,,,,,0.10435004199996456,0.10434287500004302,7.166999921537354e-06,0.28070904200001223,0.003963916000031986,0.006683583999972598,0.045373208000000886,0.0005079169999930855,0.0017096250000463442,0.04610462499999812,,,,,,,,,,,,,,,,,,,,
6,1000,17,Non-random,0.32851079099998515,0.01484800000002906,0.14052895800000442,,,,,,,,,0.32851079099998515,0.3285055410000268,5.249999958323315e-06,0.48388774900001863,,,,,,,0.2933417500000246,0.0346639580000101,0.0004998329999921225,,,,,,,,,,,,,,,,,
6,1000,17,CountSketch,0.05075045900002806,0.01484800000002906,0.13171062499998243,,,,,,,,,0.05075045900002806,0.052331541999933506,0.0,0.19730908400003955,,,,,,,,,,7.420800000090821e-05,0.0016112089999751333,0.0016112089999751333,0.0020046669999942424,0.0012950000000273576,0.0005896659999962139,0.0007061249999651409,0.000261292000004687,1.3707999983125774e-05,0.044164458000011564,,,,,,,
6,1000,17,SIGN Bidirectional,0.055529500000034204,0.01484800000002906,0.13728641699998434,,,,,,,,,0.055529500000034204,0.055521707999957925,7.792000076278782e-06,0.2076639170000476,,,,,,,,,,,,,,,,,,,,0.0001505839999822456,0.007514667000009467,0.0030998749999753272,0.0006641250000143373,0.0002562910000278862,1.4790999955494044e-05,0.04382137499999317
6,1000,18,Random Projection,0.040807041999983085,0.01528912499998114,0.1338909169999738,0.00014633400002139751,0.0026482079999823327,0.0013535829999682392,0.0005615829999783273,0.0006385000000364016,0.00025262499997324994,1.366599997254525e-05,0.03518666600001552,0.040807041999983085,0.040801164999948014,5.877000035070523e-06,0.18998708399993802,,,,,,,,,,,,,,,,,,,,,,,,,,
6,1000,18,Random Sampling,0.09259100000002718,0.01528912499998114,0.164354875000015,,,,,,,,,0.09259100000002718,0.09258458399995106,6.4160000761148694e-06,0.2722350000000233,0.003863792000004196,0.006498000000021875,0.028789582999991126,0.0005088749999799802,0.0016475420000006125,0.051276791999953275,,,,,,,,,,,,,,,,,,,,
6,1000,18,Non-random,0.3530677079999691,0.01528912499998114,0.1462922079999771,,,,,,,,,0.3530677079999691,0.3530638329999647,3.87500000442742e-06,0.5146490409999274,,,,,,,0.31087554099997305,0.041911208999977134,0.0002770830000144997,,,,,,,,,,,,,,,,,
6,1000,18,CountSketch,0.04195900000001984,0.01528912499998114,0.1416654999999878,,,,,,,,,0.04195900000001984,0.043623626999931275,0.0,0.19891362499998877,,,,,,,,,,7.808300000533563e-05,0.0016984170000000631,0.0016984170000000631,0.001963958999965598,0.0013447919999975966,0.0005740839999930358,0.0007726659999889307,0.0003338750000239088,3.462499995521284e-05,0.03512470900000153,,,,,,,
6,1000,18,SIGN Bidirectional,0.04676537500000677,0.01528912499998114,0.13864358299997548,,,,,,,,,0.04676537500000677,0.046756582999933016,8.792000073754025e-06,0.2006980829999634,,,,,,,,,,,,,,,,,,,,0.0001512919999981932,0.00825524999999061,0.003694666999990659,0.0007221249999815882,0.0002810830000044007,1.5749999988656782e-05,0.03363641599997891
6,1000,19,Random Projection,0.06839445800000021,0.015184874999988551,0.13786954099998638,0.00015433299995493144,0.0024560829999700218,0.0013124999999831743,0.0006173329999796806,0.0009676250000438813,0.0003091250000011314,1.4333000024180365e-05,0.06255620799998951,0.06839445800000021,0.06838753999994651,6.9180000537016895e-06,0.22144887399997515,,,,,,,,,,,,,,,,,,,,,,,,,,
6,1000,19,Random Sampling,0.10232104200002823,0.015184874999988551,0.16453095800000028,,,,,,,,,0.10232104200002823,0.10231437399994547,6.668000082754588e-06,0.28203687500001706,0.0039836659999537005,0.006572082999980466,0.03687066700001651,0.00043820799999139126,0.0016767079999908674,0.05277304200001254,,,,,,,,,,,,,,,,,,,,
6,1000,19,Non-random,0.3313475409999569,0.015184874999988551,0.14491720800003804,,,,,,,,,0.3313475409999569,0.331344042000012,3.4989999448953313e-06,0.4914496239999835,,,,,,,0.29515008300001,0.0359173340000325,0.0002766249999694992,,,,,,,,,,,,,,,,,
6,1000,19,CountSketch,0.04494620799999893,0.015184874999988551,0.1332164579999926,,,,,,,,,0.04494620799999893,0.04652837800006182,0.0,0.19334754099998008,,,,,,,,,,7.441700000754281e-05,0.0016110839999896598,0.0016110839999896598,0.0019549579999988964,0.001280250000036176,0.0006407920000128797,0.0006245420000254853,0.00025104200000214405,1.4458999999078515e-05,0.0384657500000003,,,,,,,
6,1000,19,SIGN Bidirectional,0.05405479199998808,0.015184874999988551,0.13346637499995495,,,,,,,,,0.05405479199998808,0.0540467499999977,8.041999990382465e-06,0.20270604199993159,,,,,,,,,,,,,,,,,,,,0.00014983399995571745,0.007072583000024224,0.0030477079999968737,0.0005672080000067581,0.00024695899998050663,1.3582999997652223e-05,0.04294887500003597
6,1000,20,Random Projection,0.041034916000000976,0.015004417000000103,0.1366381249999904,0.0001461249999579195,0.002275957999984257,0.0013270830000351452,0.0006952499999783868,0.0007151249999992615,0.0002872919999958867,1.4165999971282872e-05,0.03556716600002119,0.041034916000000976,0.04102816499994333,6.751000057647616e-06,0.19267745799999147,,,,,,,,,,,,,,,,,,,,,,,,,,
6,1000,20,Random Sampling,0.10840237499996874,0.015004417000000103,0.16525529199998346,,,,,,,,,0.10840237499996874,0.10839604300002748,6.331999941266986e-06,0.2886620839999523,0.003958042000022033,0.0065365840000026765,0.05044183399996882,0.000514291999991201,0.0016749580000237074,0.045270333000019036,,,,,,,,,,,,,,,,,,,,
6,1000,20,Non-random,0.33965045799999416,0.015004417000000103,0.14071062499999698,,,,,,,,,0.33965045799999416,0.33964720799997394,3.2500000202162482e-06,0.49536549999999124,,,,,,,0.29669220799996765,0.04267824999999448,0.00027675000001181616,,,,,,,,,,,,,,,,,
6,1000,20,CountSketch,0.04214304199996377,0.015004417000000103,0.13486112499998626,,,,,,,,,0.04214304199996377,0.04373975199996494,0.0,0.19200858399995013,,,,,,,,,,7.579200001828212e-05,0.0016252089999966302,0.0016252089999966302,0.001917375000004995,0.0012958330000287788,0.0006462089999672571,0.0007041249999701904,0.00023891699999012417,1.3874999979179847e-05,0.03559720800001287,,,,,,,
6,1000,20,SIGN Bidirectional,0.04763312499994754,0.015004417000000103,0.1322652090000247,,,,,,,,,0.04763312499994754,0.047621624000043994,1.1500999903546472e-05,0.19490275099997234,,,,,,,,,,,,,,,,,,,,0.00021345800001881798,0.00754916700003605,0.0032645000000002256,0.0006706249999979264,0.00029954100000395556,3.2958000019789324e-05,0.03559137499996723
6,1200,1,Random Projection,0.04640141600003744,0.023096375000022817,0.1865693329999658,0.00017600000001039007,0.00354912500000637,0.0017123750000109794,0.000796541999989131,0.001089332999981707,0.0002505000000496693,1.5749999988656782e-05,0.03880437499998379,0.04640141600003744,0.046394000000020696,7.416000016746693e-06,0.25606712400002607,,,,,,,,,,,,,,,,,,,,,,,,,,
6,1200,1,Random Sampling,0.12686550000000807,0.023096375000022817,0.21780895800003464,,,,,,,,,0.12686550000000807,0.12685762399996747,7.87600004059641e-06,0.3677708330000655,0.007956667000030393,0.009482790999982171,0.04732533300000341,0.000681915999962257,0.0024793329999965863,0.058931583999992654,,,,,,,,,,,,,,,,,,,,
6,1200,1,Non-random,0.47681166699999267,0.023096375000022817,0.21088316600003054,,,,,,,,,0.47681166699999267,0.4768081249999909,3.5420000017438724e-06,0.710791208000046,,,,,,,0.43248633399997516,0.04391970800003264,0.00040208299998312214,,,,,,,,,,,,,,,,,
6,1200,1,CountSketch,0.058448749999968186,0.023096375000022817,0.19204833300000246,,,,,,,,,0.058448749999968186,0.06104695900000934,0.0,0.27359345799999346,,,,,,,,,,8.004200003597362e-05,0.0026303750000238324,0.0026303750000238324,0.002925040999969042,0.0014295830000037313,0.0007785829999988891,0.0009375839999847813,0.00013283399999863832,1.6541999968922028e-05,0.049486000000001695,,,,,,,
6,1200,1,SIGN Bidirectional,0.05708333300003687,0.023096375000022817,0.186059666999995,,,,,,,,,0.05708333300003687,0.057071416999974645,1.1916000062228704e-05,0.2662393750000547,,,,,,,,,,,,,,,,,,,,0.00017708300003960176,0.00890870799997856,0.0047389160000079755,0.0010259169999926598,0.0001625419999982114,1.8458999988979485e-05,0.042039791999968656
6,1200,2,Random Projection,0.04721562500003529,0.021532332999981918,0.18885962499996367,0.00017683300001181124,0.003323791000013898,0.0013619169999969927,0.0007627500000353393,0.0008654580000211354,0.0001217500000052496,1.64580000046044e-05,0.04058033299997987,0.04721562500003529,0.047209290000068904,6.334999966384203e-06,0.2576075829999809,,,,,,,,,,,,,,,,,,,,,,,,,,
6,1200,2,Random Sampling,0.1245355840000002,0.021532332999981918,0.21798154200001818,,,,,,,,,0.1245355840000002,0.12452662599986297,8.958000137226918e-06,0.3640494590000003,0.005646916999978657,0.009495708999963881,0.04096379199995681,0.0006891250000080618,0.003914040999973167,0.0638170419999824,,,,,,,,,,,,,,,,,,,,
6,1200,2,Non-random,0.45757895899998857,0.021532332999981918,0.20063237499999786,,,,,,,,,0.45757895899998857,0.45757541699998683,3.5420000017438724e-06,0.6797436669999684,,,,,,,0.41234900000000607,0.04479737499997327,0.0004290420000074846,,,,,,,,,,,,,,,,,
6,1200,2,CountSketch,0.04960804199998847,0.021532332999981918,0.19897929199998998,,,,,,,,,0.04960804199998847,0.052093832999901224,0.0,0.2701196669999604,,,,,,,,,,8.112500000834189e-05,0.0025215419999540245,0.0025215419999540245,0.0026089579999961643,0.0013363329999833695,0.000781916999983423,0.0010737079999785237,0.00021075000000791988,3.0458000026101217e-05,0.04092750000000933,,,,,,,
6,1200,2,SIGN Bidirectional,0.04919008299998495,0.021532332999981918,0.18958524999999327,,,,,,,,,0.04919008299998495,0.04918083299992304,9.250000061911123e-06,0.26030766599996014,,,,,,,,,,,,,,,,,,,,0.00017908299997770882,0.008504667000011068,0.004381832999968083,0.0009071659999904114,0.00011816699998234981,1.6417000040291896e-05,0.03507349999995313
6,1200,3,Random Projection,0.046789500000045336,0.021519208000029266,0.18876650000004247,0.00017462499999965075,0.0035399169999550395,0.0013367920000177946,0.0007622499999797583,0.0008566249999830688,0.00011154200001328718,1.620799997681388e-05,0.03998441699997102,0.046789500000045336,0.04678237599989643,7.124000148905907e-06,0.2570752080001171,,,,,,,,,,,,,,,,,,,,,,,,,,
6,1200,3,Random Sampling,0.11051008299995146,0.021519208000029266,0.22369779199999584,,,,,,,,,0.11051008299995146,0.11050212499998224,7.957999969221419e-06,0.3557270829999766,0.006102166999994552,0.009437250000019048,0.04764087500001324,0.000750915999958579,0.0024706670000114173,0.04410024999998541,,,,,,,,,,,,,,,,,,,,
6,1200,3,Non-random,0.4697675419999996,0.021519208000029266,0.2063125000000241,,,,,,,,,0.4697675419999996,0.46976279200004,4.7499999595856934e-06,0.697599250000053,,,,,,,0.4198037920000388,0.04943554200002609,0.0005234579999751077,,,,,,,,,,,,,,,,,
6,1200,3,CountSketch,0.05026733300002206,0.021519208000029266,0.1950949999999807,,,,,,,,,0.05026733300002206,0.05287187500010759,0.0,0.26688154100003203,,,,,,,,,,0.00012320799999088194,0.0026604170000155136,0.0026604170000155136,0.00268366599999581,0.0014908340000374665,0.0010567500000320251,0.001052000000015596,0.00023879100001522602,3.341699999737102e-05,0.04087237499999219,,,,,,,
6,1200,3,SIGN Bidirectional,0.045676667000009274,0.021519208000029266,0.19394537499999842,,,,,,,,,0.045676667000009274,0.04566483299998936,1.1834000019916857e-05,0.26114125000003696,,,,,,,,,,,,,,,,,,,,0.00017662499999460124,0.00929324999998471,0.004367166999998062,0.0009352080000439855,0.00015879099998983293,2.795899996499429e-05,0.030705833000013172
6,1200,4,Random Projection,0.04531354200003079,0.021723083000040333,0.19395066700002417,0.000182166000001871,0.003391667000016696,0.0014316250000092623,0.0007708329999900343,0.0008389170000100421,0.00011616699998739932,1.6000000016447302e-05,0.03855900000002066,0.04531354200003079,0.04530637500005241,7.1669999783807725e-06,0.2609872920000953,,,,,,,,,,,,,,,,,,,,,,,,,,
6,1200,4,Random Sampling,0.12160158300002877,0.021723083000040333,0.22730254199996125,,,,,,,,,0.12160158300002877,0.12159349999996039,8.083000068381807e-06,0.37062720800003035,0.005644083999982286,0.009678040999972382,0.046192542000028425,0.0006667499999934989,0.002488374999984444,0.05692370799999935,,,,,,,,,,,,,,,,,,,,
6,1200,4,Non-random,0.4935376250000445,0.021723083000040333,0.20199716600001238,,,,,,,,,0.4935376250000445,0.49353412500005334,3.4999999911633495e-06,0.7172578740000972,,,,,,,0.452240583000048,0.04086145899998428,0.00043208300002106625,,,,,,,,,,,,,,,,,
6,1200,4,CountSketch,0.05229004100004886,0.021723083000040333,0.18873866599994926,,,,,,,,,0.05229004100004886,0.05536187199993492,0.0,0.26275179000003845,,,,,,,,,,0.0001224579999643538,0.0031231659999662043,0.0031231659999662043,0.0026003750000427317,0.0013769579999802772,0.0009569169999963378,0.0008870409999985895,0.00017500000001291482,3.012500002341767e-05,0.04296666599998389,,,,,,,
6,1200,4,SIGN Bidirectional,0.05226258400000461,0.021723083000040333,0.18988279100000227,,,,,,,,,0.05226258400000461,0.052252583000097275,1.0000999907333608e-05,0.2638684580000472,,,,,,,,,,,,,,,,,,,,0.00025529200001983554,0.00967150000002448,0.004280042000004869,0.0007493749999980537,0.0001190410000049269,1.6625000000658474e-05,0.03716070800004445
6,1200,5,Random Projection,0.045666333000042414,0.021564209000018764,0.18774550000000545,0.00017733299995370544,0.0033471250000047803,0.0015140410000071824,0.0007570419999751721,0.0011865839999813943,0.00020408300002827673,1.633299996228743e-05,0.03845379199998433,0.045666333000042414,0.04565633299989713,1.0000000145282684e-05,0.2549760420000666,,,,,,,,,,,,,,,,,,,,,,,,,,
6,1200,5,Random Sampling,0.11901766599999064,0.021564209000018764,0.21929216699999188,,,,,,,,,0.11901766599999064,0.11900987499996063,7.791000030010764e-06,0.3598740420000013,0.005653374999951666,0.009436583000024257,0.04732987500000263,0.0006463329999633061,0.0024808750000033797,0.05346283400001539,,,,,,,,,,,,,,,,,,,,
6,1200,5,Non-random,0.45716579200001206,0.021564209000018764,0.19757299999997713,,,,,,,,,0.45716579200001206,0.4571600839999519,5.708000060167251e-06,0.676303001000008,,,,,,,0.41177912499995273,0.044645583999965766,0.0007353750000334003,,,,,,,,,,,,,,,,,
6,1200,5,CountSketch,0.045951584000022194,0.021564209000018764,0.20464983300001904,,,,,,,,,0.045951584000022194,0.048400583000102415,0.0,0.27216562600006,,,,,,,,,,7.750000003170499e-05,0.0024809999999888532,0.0024809999999888532,0.002662208999993254,0.0016322080000463757,0.0007621670000048653,0.0008584999999925458,0.000119290999975874,1.608300004818375e-05,0.037310625000031905,,,,,,,
6,1200,5,SIGN Bidirectional,0.048779416999991554,0.021564209000018764,0.1932517920000123,,,,,,,,,0.048779416999991554,0.04876974899997322,9.668000018336897e-06,0.2635954180000226,,,,,,,,,,,,,,,,,,,,0.00018029099999239406,0.009162833999994291,0.004306249999956435,0.0009030830000256174,0.00016125000001920853,1.7500000012660166e-05,0.03403854099997261
6,1200,6,Random Projection,0.05031349999995882,0.021554374999993797,0.19578745799998387,0.00018087500001229273,0.003283167000006415,0.0017816659999994044,0.0009456249999857391,0.0009245420000070226,0.00014979099995571232,1.5999999959603883e-05,0.043018833000019185,0.05031349999995882,0.050300498999945376,1.3001000013446173e-05,0.2676553329999365,,,,,,,,,,,,,,,,,,,,,,,,,,
6,1200,6,Random Sampling,0.11986066700001174,0.021554374999993797,0.22702874999998812,,,,,,,,,0.11986066700001174,0.1198518760000411,8.790999970642588e-06,0.36844379199999366,0.00565395799998214,0.009574541999995745,0.048617167000031714,0.0006869590000064818,0.0025912090000019816,0.05272804100002304,,,,,,,,,,,,,,,,,,,,
6,1200,6,Non-random,0.46669124999999667,0.021554374999993797,0.20291145800001686,,,,,,,,,0.46669124999999667,0.4666876240000306,3.6259999660614994e-06,0.6911570830000073,,,,,,,0.4236365410000076,0.042622542000003705,0.0004285410000193224,,,,,,,,,,,,,,,,,
6,1200,6,CountSketch,0.04847762499997543,0.021554374999993797,0.19332320799998115,,,,,,,,,0.04847762499997543,0.050947459000099116,0.0,0.2633552079999504,,,,,,,,,,8.504200002334983e-05,0.002505542000051264,0.002505542000051264,0.0026389999999878455,0.001411707999977807,0.0009377499999914107,0.0008821250000323744,0.00018358300002319083,2.9832999985046627e-05,0.03976733399997556,,,,,,,
6,1200,6,SIGN Bidirectional,0.051026000000035765,0.021554374999993797,0.18863679200001116,,,,,,,,,0.051026000000035765,0.05101716900003339,8.831000002373912e-06,0.2612171670000407,,,,,,,,,,,,,,,,,,,,0.00018137500001103035,0.009077875000002678,0.004298709000011058,0.0008398339999757809,0.00012108399999988251,1.64580000046044e-05,0.03648183400002836
6,1200,7,Random Projection,0.04870833299997912,0.021454542000014953,0.18820108400001345,0.00017287499997564737,0.003174749999971027,0.0015394999999784886,0.0007577499999911197,0.0009025420000057238,0.0002117089999842392,1.8333000014081335e-05,0.04192174999997178,0.04870833299997912,0.04869920899989211,9.124000087012973e-06,0.2583639590000075,,,,,,,,,,,,,,,,,,,,,,,,,,
6,1200,7,Random Sampling,0.1228733749999833,0.021454542000014953,0.21775387499997123,,,,,,,,,0.1228733749999833,0.1228649580000365,8.416999946803116e-06,0.3620817919999695,0.005646791999993184,0.009378125000012005,0.04133808399996042,0.0006552910000436896,0.0026582080000139285,0.06318845800001327,,,,,,,,,,,,,,,,,,,,
6,1200,7,Non-random,0.46184262500003115,0.021454542000014953,0.19888645800000404,,,,,,,,,0.46184262500003115,0.46183883399999104,3.791000040109793e-06,0.6821836250000501,,,,,,,0.4106215420000012,0.05078966700000365,0.00042762499998616477,,,,,,,,,,,,,,,,,
6,1200,7,CountSketch,0.044733584000027804,0.021454542000014953,0.1906124170000112,,,,,,,,,0.044733584000027804,0.04718933399999514,0.0,0.25680054300005395,,,,,,,,,,7.812500001591616e-05,0.0024912090000270837,0.0024912090000270837,0.0026885419999871374,0.001699916999996276,0.0009003330000041387,0.0008783749999565771,0.0001837909999835574,2.9457999971782556e-05,0.03574837500002559,,,,,,,
6,1200,7,SIGN Bidirectional,0.05303087500004722,0.021454542000014953,0.18314816599996675,,,,,,,,,0.05303087500004722,0.053019833000007566,1.1042000039651612e-05,0.2576335830000289,,,,,,,,,,,,,,,,,,,,0.0001776660000132324,0.010148874999970303,0.0043980830000123206,0.0008439580000185742,0.00018137500001103035,2.929199996515308e-05,0.03724058400001695
6,1200,8,Random Projection,0.04158079199999065,0.02148375000001579,0.19135999999997466,0.00017566700000770652,0.003222999999991316,0.001420375000009244,0.0008156250000297405,0.0009978329999853486,0.00011716599999544997,1.562500000318323e-05,0.03480904200000623,0.04158079199999065,0.04157433300002822,6.458999962433154e-06,0.2544245419999811,,,,,,,,,,,,,,,,,,,,,,,,,,
6,1200,8,Random Sampling,0.11287283299998307,0.02148375000001579,0.22829383300000927,,,,,,,,,0.11287283299998307,0.11286362499998859,9.207999994487182e-06,0.36265041600000814,0.005745999999987816,0.009526208000011138,0.04257283399999778,0.0007022500000175569,0.0025628329999562993,0.05175350000001799,,,,,,,,,,,,,,,,,,,,
6,1200,8,Non-random,0.4765105839999819,0.02148375000001579,0.206448249999994,,,,,,,,,0.4765105839999819,0.47650641600000654,4.167999975379644e-06,0.7044425839999917,,,,,,,0.4301777079999738,0.04590741700002354,0.00042129100000920516,,,,,,,,,,,,,,,,,
6,1200,8,CountSketch,0.047807958999953826,0.02148375000001579,0.20594325000001845,,,,,,,,,0.047807958999953826,0.05025291799995557,0.0,0.27523495899998807,,,,,,,,,,7.983400001876362e-05,0.002479791999974168,0.002479791999974168,0.0025374579999493108,0.0015652499999987413,0.0008227920000081212,0.0008672499999988759,0.00016429200002221478,2.9917000006207672e-05,0.039226541000005,,,,,,,
6,1200,8,SIGN Bidirectional,0.05600291700000071,0.02148375000001579,0.19125287500003196,,,,,,,,,0.05600291700000071,0.05599375200006307,9.16499993763864e-06,0.26873954200004846,,,,,,,,,,,,,,,,,,,,0.00017754200001718345,0.00881800000001931,0.004470584000046074,0.0008915419999766527,0.00015949999999520514,2.7499999987412593e-05,0.04144908400002123
6,1200,9,Random Projection,0.04607450000003155,0.021528832999990755,0.18753820800003496,0.00017829099999744358,0.003295832999981485,0.0014968750000434738,0.0008919590000004973,0.0012691669999753685,0.0002098749999959182,3.7540999983320944e-05,0.038684040999953595,0.04607450000003155,0.0460635819999311,1.091800010044608e-05,0.25514154100005726,,,,,,,,,,,,,,,,,,,,,,,,,,
6,1200,9,Random Sampling,0.11383270799996126,0.021528832999990755,0.22168183399998043,,,,,,,,,0.11383270799996126,0.11382599900002788,6.708999933380255e-06,0.35704337499993244,0.005646417000036763,0.009413499999993746,0.03909954099998458,0.0006612909999716976,0.002448084000036488,0.0565571660000046,,,,,,,,,,,,,,,,,,,,
6,1200,9,Non-random,0.4615354580000144,0.021528832999990755,0.19692629200000056,,,,,,,,,0.4615354580000144,0.46153183299992406,3.625000090323738e-06,0.6799905830000057,,,,,,,0.4140768749999779,0.04705358299997897,0.0004013749999671745,,,,,,,,,,,,,,,,,
6,1200,9,CountSketch,0.04924829200001568,0.021528832999990755,0.18753245899995363,,,,,,,,,0.04924829200001568,0.05169170899995379,0.0,0.25830958399996007,,,,,,,,,,7.437499999696229e-05,0.002477749999968637,0.002477749999968637,0.0026397500000143737,0.0016768330000331844,0.0008640419999892401,0.0008921250000071268,0.00020799999998644125,3.0917000003682915e-05,0.040350166999985504,,,,,,,
6,1200,9,SIGN Bidirectional,0.05777304200000799,0.021528832999990755,0.18702512499999102,,,,,,,,,0.05777304200000799,0.05776145800007271,1.1583999935282918e-05,0.26632699999998977,,,,,,,,,,,,,,,,,,,,0.00025445800002898977,0.009529582999959985,0.0045064579999802845,0.0007548750000410109,0.00021679200000335186,3.654200003211372e-05,0.04246275000002697
6,1200,10,Random Projection,0.04805679200001123,0.02152174999997669,0.19242208299999675,0.00017620800002760006,0.003393542000026173,0.0017489159999968251,0.0007670420000067679,0.0011799579999660637,0.0001936669999622609,2.9250000011415977e-05,0.04055916699996942,0.04805679200001123,0.04804774999996653,9.042000044701126e-06,0.26200062499998467,,,,,,,,,,,,,,,,,,,,,,,,,,
6,1200,10,Random Sampling,0.12268954099999974,0.02152174999997669,0.21625187500001175,,,,,,,,,0.12268954099999974,0.12268029300003036,9.247999969375087e-06,0.3604631659999882,0.005690208999965307,0.009532625000019834,0.039913667000007536,0.0007056250000232467,0.002526292000027297,0.06431187499998714,,,,,,,,,,,,,,,,,,,,
6,1200,10,Non-random,0.47799858300004416,0.02152174999997669,0.20543704099998195,,,,,,,,,0.47799858300004416,0.47799416800000927,4.415000034896366e-06,0.7049573740000028,,,,,,,0.429706834000001,0.047882125000001,0.00040520900000728943,,,,,,,,,,,,,,,,,
6,1200,10,CountSketch,0.04729620899996689,0.02152174999997669,0.19529587499999934,,,,,,,,,0.04729620899996689,0.050017249999939395,0.0,0.2641138339999429,,,,,,,,,,9.800000003679088e-05,0.002770416999965164,0.002770416999965164,0.002729041000009147,0.0014129159999924923,0.000756959000000279,0.0009360829999991438,0.00019579100001010374,3.0166999977154774e-05,0.038317458999983955,,,,,,,
6,1200,10,SIGN Bidirectional,0.05578625000003967,0.02152174999997669,0.19591608299998597,,,,,,,,,0.05578625000003967,0.055776958000024024,9.292000015648227e-06,0.27322408300000234,,,,,,,,,,,,,,,,,,,,0.0001787919999856058,0.009578958000020066,0.004377750000003289,0.0009325409999973999,0.0001276669999583646,1.6667000011238997e-05,0.04056458300004806
6,1200,11,Random Projection,0.04273287500001288,0.021414750000019467,0.19186187500002916,0.00017520900001954942,0.00330337499997313,0.0014045420000456943,0.0007587499999885949,0.0008832920000259037,0.00014766699996471289,1.583399995297441e-05,0.036035416999993686,0.04273287500001288,0.042724085999964245,8.789000048636808e-06,0.2560095000000615,,,,,,,,,,,,,,,,,,,,,,,,,,
6,1200,11,Random Sampling,0.10171587499996804,0.021414750000019467,0.22005912499997748,,,,,,,,,0.10171587499996804,0.1017087510000465,7.123999921532231e-06,0.343189749999965,0.005648959000041032,0.009473582999987684,0.04648320800004058,0.0006268340000019634,0.0024324169999658807,0.03704375000000937,,,,,,,,,,,,,,,,,,,,
6,1200,11,Non-random,0.45638454099997716,0.021414750000019467,0.19853804199999558,,,,,,,,,0.45638454099997716,0.45638033299997005,4.208000007110968e-06,0.6763373329999922,,,,,,,0.41804020799997943,0.037913000000003194,0.00042712499998742715,,,,,,,,,,,,,,,,,
6,1200,11,CountSketch,0.06061637499999506,0.021414750000019467,0.19093437499998345,,,,,,,,,0.06061637499999506,0.06307162699994251,0.0,0.272965499999998,,,,,,,,,,7.850000002918023e-05,0.002486792000013338,0.002486792000013338,0.0027716249999798492,0.0018311669999775404,0.0007752499999469364,0.0008532090000130665,0.00011283399999229005,1.6540999979497428e-05,0.05165891699999747,,,,,,,
6,1200,11,SIGN Bidirectional,0.04981237500004454,0.021414750000019467,0.20455241600001273,,,,,,,,,0.04981237500004454,0.049801832999833096,1.0542000211444247e-05,0.27577954100007673,,,,,,,,,,,,,,,,,,,,0.0001740829999903326,0.00935124999995196,0.004218915999956607,0.0007822919999966871,0.00020012499999211286,3.649999996468978e-05,0.035038666999980705
6,1200,12,Random Projection,0.04785204199998816,0.021512541999982204,0.18543399999998655,0.00017487499997059786,0.003458917000045858,0.0016875829999776215,0.0008047910000072989,0.0010919999999714491,0.00019654200002605648,2.9791999963890703e-05,0.040396874999999,0.04785204199998816,0.04784137499996177,1.0667000026387541e-05,0.2547985839999569,,,,,,,,,,,,,,,,,,,,,,,,,,
6,1200,12,Random Sampling,0.10231104199999663,0.021512541999982204,0.21947954099999833,,,,,,,,,0.10231104199999663,0.1023051670000541,5.874999942534487e-06,0.34330312499997717,0.005634374999999636,0.009438375000001997,0.03932633300001953,0.0006693749999726606,0.002434500000049411,0.04480220900001086,,,,,,,,,,,,,,,,,,,,
6,1200,12,Non-random,0.44816408299999466,0.021512541999982204,0.19964316699997653,,,,,,,,,0.44816408299999466,0.4481599160000087,4.166999985955044e-06,0.6693197919999534,,,,,,,0.40791004199996905,0.039851916000031906,0.0003979580000077476,,,,,,,,,,,,,,,,,
6,1200,12,CountSketch,0.05468420900001547,0.021512541999982204,0.19770879200001445,,,,,,,,,0.05468420900001547,0.05735128999992867,0.0,0.27390554300001213,,,,,,,,,,8.083299996997084e-05,0.0027070829999615853,0.0027070829999615853,0.002721749999977874,0.0017534170000317317,0.0008974579999971866,0.0009236669999950209,0.00025308300001825046,3.691599999910977e-05,0.04527000000001635,,,,,,,
6,1200,12,SIGN Bidirectional,0.06703779199995097,0.021512541999982204,0.1985163329999864,,,,,,,,,0.06703779199995097,0.06702604100007648,1.1750999874493573e-05,0.28706666699991956,,,,,,,,,,,,,,,,,,,,0.00017558399997597007,0.009356540999988283,0.004816458000050261,0.000999459000013303,0.00024425000003702735,2.9458000028625975e-05,0.051404290999983004
6,1200,13,Random Projection,0.046983833999945546,0.02161466699999437,0.19468012499999077,0.00017500000001291482,0.0037820829999759553,0.0016822499999875618,0.0008891250000147011,0.0010280419999730839,0.00025300000004335743,3.500000002532033e-05,0.039122666000025674,0.046983833999945546,0.04696716600005857,1.666799988697676e-05,0.2632786259999307,,,,,,,,,,,,,,,,,,,,,,,,,,
6,1200,13,Random Sampling,0.12861816699995643,0.02161466699999437,0.219111708000014,,,,,,,,,0.12861816699995643,0.1286066259999643,1.1540999992121215e-05,0.3693445419999648,0.005658167000035519,0.009584208999967814,0.05220825000003515,0.0008419999999773609,0.0026741249999986394,0.057639874999949825,,,,,,,,,,,,,,,,,,,,
6,1200,13,Non-random,0.4706028749999973,0.02161466699999437,0.20118704200001503,,,,,,,,,0.4706028749999973,0.47059891600002857,3.958999968745047e-06,0.6934045840000067,,,,,,,0.4284059999999954,0.04177470799999128,0.0004182080000418864,,,,,,,,,,,,,,,,,
6,1200,13,CountSketch,0.050695583999981864,0.02161466699999437,0.18670937500002083,,,,,,,,,0.050695583999981864,0.05313749900000175,0.0,0.25901962599999706,,,,,,,,,,8.000000002539309e-05,0.002472291000003679,0.002472291000003679,0.0025166670000089653,0.0015980829999762136,0.0007430419999536753,0.0008623749999969732,0.00011500000005071342,1.6249999987394403e-05,0.04226149999999507,,,,,,,
6,1200,13,SIGN Bidirectional,0.053413958000021466,0.02161466699999437,0.18419183299999986,,,,,,,,,0.053413958000021466,0.05340579199997819,8.166000043274835e-06,0.2592204580000157,,,,,,,,,,,,,,,,,,,,0.00017845799999349765,0.010064291999981378,0.004894667000030495,0.000882124999975531,0.0001395000000457003,1.6999999957079126e-05,0.03722974999999451
6,1200,14,Random Projection,0.04323487499999601,0.021427834000007806,0.19019716599996173,0.00017295899999680842,0.0032540830000016285,0.001377624999975069,0.000792166999985966,0.0008609169999544974,0.0001217500000052496,1.5791000009812706e-05,0.0366323750000106,0.04323487499999601,0.04322766699993963,7.208000056380115e-06,0.25485987499996554,,,,,,,,,,,,,,,,,,,,,,,,,,
6,1200,14,Random Sampling,0.11044025000001056,0.021427834000007806,0.21954037500000823,,,,,,,,,0.11044025000001056,0.1104317920000426,8.45799996795904e-06,0.3514084590000266,0.0059594169999854785,0.009485417000007601,0.039598000000012235,0.0007275410000033844,0.002486167000029127,0.05217525000000478,,,,,,,,,,,,,,,,,,,,
6,1200,14,Non-random,0.44829020799994623,0.021427834000007806,0.19971783300002244,,,,,,,,,0.44829020799994623,0.4482862080000132,3.999999933057552e-06,0.6694358749999765,,,,,,,0.40765987500003575,0.04019970799998873,0.0004266249999886895,,,,,,,,,,,,,,,,,
6,1200,14,CountSketch,0.04959845800004814,0.021427834000007806,0.1875052080000046,,,,,,,,,0.04959845800004814,0.052058539999961795,0.0,0.25853150000006053,,,,,,,,,,7.904199998165495e-05,0.00249520800002756,0.00249520800002756,0.0025702080000087335,0.0014054170000008526,0.000842665999982728,0.0008984999999483989,0.00016991600000437757,2.9957999970520177e-05,0.04107241700000941,,,,,,,
6,1200,14,SIGN Bidirectional,0.05495254200002364,0.021427834000007806,0.1997135419999836,,,,,,,,,0.05495254200002364,0.054943750000063574,8.791999960067187e-06,0.27609391800001504,,,,,,,,,,,,,,,,,,,,0.00017837500001860462,0.009471749999988788,0.004636875000016971,0.0007542079999893758,0.00010450000002037996,1.5709000024344277e-05,0.03978233300000511
6,1200,15,Random Projection,0.05395945800000845,0.021797832999993716,0.1926189580000255,0.00017424999998638668,0.003887208999969971,0.0014603330000113601,0.0008396669999797268,0.0009451250000438449,0.0001862499999560896,2.9707999999573076e-05,0.0464244169999688,0.05395945800000845,0.05394695899991575,1.2499000092702772e-05,0.26837624900002766,,,,,,,,,,,,,,,,,,,,,,,,,,
6,1200,15,Random Sampling,0.13237666599997056,0.021797832999993716,0.21870287499996266,,,,,,,,,0.13237666599997056,0.1323667089999958,9.956999974747305e-06,0.37287737399992693,0.005708583000000544,0.009512791999952697,0.05141016700002865,0.0008759169999734695,0.002553125000019918,0.06230612500002053,,,,,,,,,,,,,,,,,,,,
6,1200,15,Non-random,0.4686030409999944,0.021797832999993716,0.19919904199997518,,,,,,,,,0.4686030409999944,0.4685982510000599,4.789999934473599e-06,0.6895999159999633,,,,,,,0.42399412500003564,0.043882458999974006,0.0007216670000502745,,,,,,,,,,,,,,,,,
6,1200,15,CountSketch,0.04490550000002713,0.021797832999993716,0.19056433399998696,,,,,,,,,0.04490550000002713,0.04740124899984721,0.0,0.2572676670000078,,,,,,,,,,7.966599997644153e-05,0.002530249999949774,0.002530249999949774,0.002467082999999093,0.0014910829999621455,0.0007565000000226973,0.0008709589999966738,0.0001855419999969854,1.8208000028607785e-05,0.03647170799996502,,,,,,,
6,1200,15,SIGN Bidirectional,0.05596220800003948,0.021797832999993716,0.1838513339999963,,,,,,,,,0.05596220800003948,0.05595216699998673,1.004100005275177e-05,0.2616113750000295,,,,,,,,,,,,,,,,,,,,0.0001788329999499183,0.009030083000027389,0.00410629200001722,0.0008508330000154274,0.00016020900000057736,2.7957999975569692e-05,0.04159795900000063
6,1200,16,Random Projection,0.048032625000018925,0.021435999999994237,0.18836079200002587,0.00017462499999965075,0.0033837920000223676,0.0018051250000326036,0.0007983750000448708,0.0009062919999678343,0.00017750000000660293,5.879200000435958e-05,0.040717375000042466,0.048032625000018925,0.048021876000120756,1.0748999898169131e-05,0.25782941700003903,,,,,,,,,,,,,,,,,,,,,,,,,,
6,1200,16,Random Sampling,0.10919533399999182,0.021435999999994237,0.22317162499996357,,,,,,,,,0.10919533399999182,0.10918650000007801,8.833999913804291e-06,0.3538029589999496,0.0056435419999729675,0.009431875000018408,0.040059208999991824,0.0006766250000396212,0.0031000410000388,0.05027520800001639,,,,,,,,,,,,,,,,,,,,
6,1200,16,Non-random,0.45733358299997917,0.021435999999994237,0.1986064999999826,,,,,,,,,0.45733358299997917,0.4573298329999602,3.7500000189538696e-06,0.677376082999956,,,,,,,0.4177109579999865,0.03919008299999405,0.0004287919999796941,,,,,,,,,,,,,,,,,
6,1200,16,CountSketch,0.042956417000027614,0.021435999999994237,0.18708341699999664,,,,,,,,,0.042956417000027614,0.04538883500003976,0.0,0.2514758340000185,,,,,,,,,,8.366700001261052e-05,0.0024687920000019403,0.0024687920000019403,0.0026497919999997066,0.0015354589999674317,0.0008509580000009009,0.0009159159999967414,0.0001226250000172513,1.6167000012501376e-05,0.03427666700002874,,,,,,,
6,1200,16,SIGN Bidirectional,0.06111270799999602,0.021435999999994237,0.19264466699996774,,,,,,,,,0.06111270799999602,0.0611012909999431,1.1417000052915682e-05,0.275193374999958,,,,,,,,,,,,,,,,,,,,0.00017887499996049883,0.009334374999980355,0.0043683339999915916,0.0008425830000078349,0.0001787909999961812,2.9125000025942427e-05,0.0461692079999807
6,1200,17,Random Projection,0.04684879199999159,0.021609624999996413,0.1880969580000169,0.00017733300001054886,0.0033974159999843323,0.0014946670000313134,0.0009329580000212445,0.0008747080000262031,0.0003235419999896294,3.354200003968799e-05,0.0396032500000274,0.04684879199999159,0.04683741600013036,1.1375999861229502e-05,0.2565553750000049,,,,,,,,,,,,,,,,,,,,,,,,,,
6,1200,17,Random Sampling,0.09583412499995347,0.021609624999996413,0.22163237500001287,,,,,,,,,0.09583412499995347,0.0958251660000542,8.958999899277842e-06,0.33907612499996276,0.005648290999999972,0.009336958999995204,0.031486625000013646,0.0006330410000146003,0.0031082090000040807,0.04561204100002669,,,,,,,,,,,,,,,,,,,,
6,1200,17,Non-random,0.47519070800001373,0.021609624999996413,0.2050842919999809,,,,,,,,,0.47519070800001373,0.4751865410000278,4.166999985955044e-06,0.701884624999991,,,,,,,0.4290622500000154,0.04568837499999745,0.00043591600001491315,,,,,,,,,,,,,,,,,
6,1200,17,CountSketch,0.07333845900001279,0.021609624999996413,0.21301783299998078,,,,,,,,,0.07333845900001279,0.07585925099999713,0.0,0.30796591699999,,,,,,,,,,8.349999995971302e-05,0.0025568749999820284,0.0025568749999820284,0.0027187919999960286,0.0014956670000287886,0.0008538750000184336,0.0009748329999865746,0.00020725000001675653,1.6000000016447302e-05,0.06439558400001033,,,,,,,
6,1200,17,SIGN Bidirectional,0.05412070799997082,0.021609624999996413,0.19014208400000143,,,,,,,,,0.05412070799997082,0.05411358300000302,7.12499996780025e-06,0.26587241699996866,,,,,,,,,,,,,,,,,,,,0.00017912499998828935,0.009812749999980497,0.00459250000000111,0.000773750000007567,0.00011320900000555412,1.608299999134033e-05,0.03862616600002866
6,1200,18,Random Projection,0.05036220800002411,0.021550625000031687,0.20372504199997366,0.00017733300001054886,0.0034959170000092854,0.0015920829999913622,0.000838750000013988,0.0009854580000023816,0.0002193330000181959,3.070899998647292e-05,0.0430113339999707,0.05036220800002411,0.05035091700000294,1.1291000021174113e-05,0.27563787500002945,,,,,,,,,,,,,,,,,,,,,,,,,,
6,1200,18,Random Sampling,0.11754458399997247,0.021550625000031687,0.2212919579999948,,,,,,,,,0.11754458399997247,0.11753437399994482,1.0210000027655042e-05,0.36038716699999895,0.006170708000013292,0.009449374999974225,0.043442040999991605,0.0006687499999884494,0.0024354579999794623,0.055368041999997786,,,,,,,,,,,,,,,,,,,,
6,1200,18,Non-random,0.48613000000000284,0.021550625000031687,0.20752229200002148,,,,,,,,,0.48613000000000284,0.4861259579999455,4.042000057324913e-06,0.715202917000056,,,,,,,0.432497082999987,0.05322212499999068,0.0004067499999678148,,,,,,,,,,,,,,,,,
6,1200,18,CountSketch,0.049362416000008125,0.021550625000031687,0.22373058300001958,,,,,,,,,0.049362416000008125,0.05178204100008088,0.0,0.2946436240000594,,,,,,,,,,9.187500000962245e-05,0.002459708000003502,0.002459708000003502,0.002795916000025045,0.0014719170000034865,0.0007652080000184469,0.0011925000000019281,0.0002110419999894475,2.9792000020734122e-05,0.040304375000005166,,,,,,,
6,1200,18,SIGN Bidirectional,0.057976666999991266,0.021550625000031687,0.22859583299998576,,,,,,,,,0.057976666999991266,0.05796325100004651,1.341599994475473e-05,0.3081231250000087,,,,,,,,,,,,,,,,,,,,0.0001842499999611391,0.009389166999994814,0.004843167000046833,0.001122584000029292,0.00018941700000141282,1.8791000002238434e-05,0.04221587500001078
6,1200,19,Random Projection,0.07607962500003396,0.027543374999993375,0.413062291000017,0.00018391700001529898,0.0037397499999656247,0.0015855409999971926,0.0008832919999690603,0.001144167000006746,0.0001787500000318687,1.8291000003500812e-05,0.06833591700001307,0.07607962500003396,0.07606962500000236,1.0000000031595846e-05,0.5166852910000443,,,,,,,,,,,,,,,,,,,,,,,,,,
6,1200,19,Random Sampling,0.19994154199997638,0.027543374999993375,0.3115874159999521,,,,,,,,,0.19994154199997638,0.1999201269999844,2.1414999991975492e-05,0.5390723329999219,0.007976292000023477,0.0137817920000316,0.07307412499994825,0.0037490839999918535,0.004123375000006035,0.09721545899998318,,,,,,,,,,,,,,,,,,,,
6,1200,19,Non-random,0.6160604170000283,0.027543374999993375,0.2386956249999912,,,,,,,,,0.6160604170000283,0.6160500830000046,1.0334000023703993e-05,0.8822994170000129,,,,,,,0.5530791250000107,0.06236799999999221,0.0006029580000017631,,,,,,,,,,,,,,,,,
6,1200,19,CountSketch,0.05633729100003393,0.027543374999993375,0.19987612500000296,,,,,,,,,0.05633729100003393,0.0588204989999781,0.0,0.28375679100003026,,,,,,,,,,8.812499999066858e-05,0.0025272080000036112,0.0025272080000036112,0.0028974580000067363,0.0015873330000317765,0.0010857500000156506,0.0009907499999712854,0.00023791699999264893,2.4499999994986865e-05,0.046854249999967124,,,,,,,
6,1200,19,SIGN Bidirectional,0.05714920899998788,0.027543374999993375,0.21190291700003172,,,,,,,,,0.05714920899998788,0.05713895700006333,1.0251999924548727e-05,0.296595501000013,,,,,,,,,,,,,,,,,,,,0.00017933300000549934,0.009301583000024038,0.0042427500000030705,0.0010175410000101692,0.00016912500001353692,1.6249999987394403e-05,0.04221237500001962
6,1200,20,Random Projection,0.04783608299999287,0.02503212499999563,0.3534062499999777,0.00018583299998908842,0.003392125000004853,0.0016935410000087359,0.0010358750000136752,0.0011970829999654597,0.00023833400001649352,1.9458999986454728e-05,0.04006079199996293,0.04783608299999287,0.04782304199994769,1.3041000045177498e-05,0.4262744579999662,,,,,,,,,,,,,,,,,,,,,,,,,,
6,1200,20,Random Sampling,0.16286837500001639,0.02503212499999563,0.25278900000000704,,,,,,,,,0.16286837500001639,0.16285295799985988,1.541700015650349e-05,0.44068950000001905,0.008441082999979699,0.014307290999965971,0.054813166999963414,0.0008222499999988031,0.0024747499999762113,0.08199441699997578,,,,,,,,,,,,,,,,,,,,
6,1200,20,Non-random,0.5866633339999794,0.02503212499999563,0.2015380419999815,,,,,,,,,0.5866633339999794,0.5866593330000569,4.000999922482151e-06,0.8132335009999565,,,,,,,0.5446998329999815,0.04156108300003325,0.00039841700004217273,,,,,,,,,,,,,,,,,
6,1200,20,CountSketch,0.048975584000004346,0.02503212499999563,0.20806695800001762,,,,,,,,,0.048975584000004346,0.0514851660000204,0.0,0.2820746670000176,,,,,,,,,,8.554199996524403e-05,0.0025456250000388536,0.0025456250000388536,0.002672582999991846,0.0014216249999776664,0.00085570800001733,0.0009014999999976681,0.00017737500002112938,3.02499999520478e-05,0.04024933300001976,,,,,,,
6,1200,20,SIGN Bidirectional,0.062162333999992825,0.02503212499999563,0.2098796669999956,,,,,,,,,0.062162333999992825,0.06215212400007886,1.0209999913968204e-05,0.29707412599998406,,,,,,,,,,,,,,,,,,,,0.0001875420000487793,0.00911724999997432,0.004193083000018305,0.000740415999985089,0.00019374999999399733,1.658300004692137e-05,0.047703500000011445
