method,rep,r,ell,k,q,embedding_wall_sec,clustering_wall_sec,total_method_wall_sec,ARI_true,NMI_true,F1_macro_true,rp_draw_omega_sec,rp_power_iter_sec,rp_qr_sec,rp_build_core_sec,rp_small_eigh_sec,rp_lift_sec,eigen_decomposition_wall_sec,dataset,alpha,tau_label,tau_value,ds_bucket_build_sec,ds_draw_and_initial_multiply_sec,ds_power_iter_sec,ds_qr_sec,ds_build_core_sec,ds_small_eigh_sec,ds_lift_sec,ds_num_buckets,ds_min_bucket_dim,ds_max_bucket_dim,ds_bucket_summary
Gaussian RP,1,5,23,18,1,0.014450200003921054,2.531281299990951,2.545731499994872,0.12761574828991304,0.28078059331865046,0.330076524018991,0.0020625000033760443,0.004917599988402799,0.0051001999963773414,0.0015413000073749572,0.00014930000179447234,0.00034980000054929405,0.014120699997874908,lastfm-asia,0.0,0,0.0,,,,,,,,,,,
Degree-stratified RP,1,5,23,18,1,0.01764420000836253,0.42814209999050945,0.445786299998872,0.09851198752151201,0.24593596473389026,0.26698798332550766,,,,,,,0.017332600022200495,lastfm-asia,0.0,0,0.0,0.00042219999886583537,0.003896499998518266,0.006945200002519414,0.00414930000260938,0.0014845000114291906,0.00012680000509135425,0.00030810000316705555,8.0,2.0,4.0,"[1,2):n=1754,ell=2;[2,4):n=1979,ell=3;[4,8):n=1786,ell=3;[8,16):n=1265,ell=4;[16,32):n=576,ell=4;[32,64):n=212,ell=3;[64,128):n=46,ell=2;[128,256):n=6,ell=2"
Gaussian RP,2,5,23,18,1,0.01339739999093581,0.33791390000260435,0.35131129999354016,0.12026853236755593,0.26948830247485667,0.3279206784739986,0.0018703999958233908,0.004142800011322834,0.005130899997311644,0.0014586999895982444,0.00015419999544974416,0.00027210000553168356,0.01302909999503754,lastfm-asia,0.0,0,0.0,,,,,,,,,,,
Degree-stratified RP,2,5,23,18,1,0.015259300009347498,0.3518788999936078,0.3671382000029553,0.09875220877114871,0.25792867228899724,0.2663556861481997,,,,,,,0.015000900020822883,lastfm-asia,0.0,0,0.0,0.0005476000078488141,0.003236900010961108,0.005997700005536899,0.003455999991274439,0.0013790000084554777,0.00011760000779759139,0.0002660999889485538,8.0,2.0,4.0,"[1,2):n=1754,ell=2;[2,4):n=1979,ell=3;[4,8):n=1786,ell=3;[8,16):n=1265,ell=4;[16,32):n=576,ell=4;[32,64):n=212,ell=3;[64,128):n=46,ell=2;[128,256):n=6,ell=2"
Gaussian RP,3,5,23,18,1,0.011233900004299358,0.3884074999950826,0.399641399999382,0.12196360473606602,0.2871354942794847,0.3414620119965943,0.0017228000069735572,0.0035182999999960884,0.0039692999998806044,0.0012713000032817945,0.0001289000065298751,0.00029510000604204834,0.010905700022703968,lastfm-asia,0.0,0,0.0,,,,,,,,,,,
Degree-stratified RP,3,5,23,18,1,0.015553899997030385,0.3834592000057455,0.3990131000027759,0.08599915514332715,0.23975642907933953,0.27055702253698644,,,,,,,0.015315099997678772,lastfm-asia,0.0,0,0.0,0.0004734000103781,0.0037312999920686707,0.006071600000723265,0.0034845999907702208,0.0011400000075809658,0.00011759999324567616,0.00029660000291187316,8.0,2.0,4.0,"[1,2):n=1754,ell=2;[2,4):n=1979,ell=3;[4,8):n=1786,ell=3;[8,16):n=1265,ell=4;[16,32):n=576,ell=4;[32,64):n=212,ell=3;[64,128):n=46,ell=2;[128,256):n=6,ell=2"
Gaussian RP,4,5,23,18,1,0.009268199995858595,0.3638763999915682,0.3731445999874268,0.10624160478318818,0.24855436603143835,0.2608949343006811,0.0014701000036438927,0.0026511999894864857,0.0036351999879116192,0.001037699999869801,9.029998909682035e-05,0.00020750000840052962,0.009091999978409149,lastfm-asia,0.0,0,0.0,,,,,,,,,,,
Degree-stratified RP,4,5,23,18,1,0.016969599993899465,0.33540029999858234,0.3523698999924818,0.09874586429610059,0.2569770530922998,0.295059000926738,,,,,,,0.01658740000857506,lastfm-asia,0.0,0,0.0,0.0004896000027656555,0.00393219999386929,0.006670600007055327,0.003948199999285862,0.0011272999981883913,0.00012870000500697643,0.0002908000024035573,8.0,2.0,4.0,"[1,2):n=1754,ell=2;[2,4):n=1979,ell=3;[4,8):n=1786,ell=3;[8,16):n=1265,ell=4;[16,32):n=576,ell=4;[32,64):n=212,ell=3;[64,128):n=46,ell=2;[128,256):n=6,ell=2"
Gaussian RP,5,5,23,18,1,0.01201510000100825,0.3346734000078868,0.34668850000889506,0.11964497656233447,0.27219328073091553,0.3022501464334994,0.0017069000023184344,0.003909699997166172,0.004101500002434477,0.0012698000064119697,0.00013179999950807542,0.0004104999970877543,0.011530200004926883,lastfm-asia,0.0,0,0.0,,,,,,,,,,,
Degree-stratified RP,5,5,23,18,1,0.017864699999336153,0.3660184000036679,0.3838831000030041,0.11561645098555334,0.26940195365129677,0.28803319340113653,,,,,,,0.017625399996177293,lastfm-asia,0.0,0,0.0,0.0004850000113947317,0.0038883999950485304,0.007170800003223121,0.004246399999829009,0.0014099999971222132,0.00011639999866019934,0.00030839999089948833,8.0,2.0,4.0,"[1,2):n=1754,ell=2;[2,4):n=1979,ell=3;[4,8):n=1786,ell=3;[8,16):n=1265,ell=4;[16,32):n=576,ell=4;[32,64):n=212,ell=3;[64,128):n=46,ell=2;[128,256):n=6,ell=2"
Gaussian RP,6,5,23,18,1,0.013800599990645424,0.41863549999834504,0.43243609998899046,0.1028192352049339,0.24563318770377213,0.3159538355917515,0.0019408000080147758,0.00426329999754671,0.005315799993695691,0.001465900000766851,0.00011660000018309802,0.00039500001003034413,0.01349740001023747,lastfm-asia,0.0,0,0.0,,,,,,,,,,,
Degree-stratified RP,6,5,23,18,1,0.017049799993401393,0.34207210000022314,0.35912189999362454,0.08504273432437119,0.22854965178699316,0.22239631534735238,,,,,,,0.016730799979995936,lastfm-asia,0.0,0,0.0,0.00047339999582618475,0.003825799998594448,0.006669199996395037,0.004266799995093606,0.001078899993444793,0.00011039999662898481,0.0003063000040128827,8.0,2.0,4.0,"[1,2):n=1754,ell=2;[2,4):n=1979,ell=3;[4,8):n=1786,ell=3;[8,16):n=1265,ell=4;[16,32):n=576,ell=4;[32,64):n=212,ell=3;[64,128):n=46,ell=2;[128,256):n=6,ell=2"
Gaussian RP,7,5,23,18,1,0.014673999990918674,0.35394329999689944,0.3686172999878181,0.10650615691724451,0.25235346355746585,0.3000047245852952,0.0022256999945966527,0.004536200009169988,0.005602799996268004,0.0013325000036275014,0.00011399999493733048,0.000342100000125356,0.014153299998724833,lastfm-asia,0.0,0,0.0,,,,,,,,,,,
Degree-stratified RP,7,5,23,18,1,0.017745100005413406,0.33326080000551883,0.35100590001093224,0.11700335971379179,0.27179115380170327,0.2933578252725359,,,,,,,0.01746280000952538,lastfm-asia,0.0,0,0.0,0.0003615000023273751,0.003502199993818067,0.007371900006546639,0.004704100007074885,0.0010820000024978071,0.00012450000212993473,0.00031659999513067305,8.0,2.0,4.0,"[1,2):n=1754,ell=2;[2,4):n=1979,ell=3;[4,8):n=1786,ell=3;[8,16):n=1265,ell=4;[16,32):n=576,ell=4;[32,64):n=212,ell=3;[64,128):n=46,ell=2;[128,256):n=6,ell=2"
Gaussian RP,8,5,23,18,1,0.011136100001749583,0.31628009999985807,0.32741620000160765,0.12833739846081607,0.2844860723368617,0.3052156505794299,0.001677599997492507,0.003551700006937608,0.003884599995217286,0.0014160999999148771,0.00012070000229869038,0.00023750000400468707,0.010888200005865656,lastfm-asia,0.0,0,0.0,,,,,,,,,,,
Degree-stratified RP,8,5,23,18,1,0.016219199998886324,0.34786029999668244,0.36407949999556877,0.1314494920956438,0.2974734212306047,0.32904718001687705,,,,,,,0.0159795999788912,lastfm-asia,0.0,0,0.0,0.0003429000062169507,0.0036631999973906204,0.006294099992373958,0.0037681999965570867,0.0014854999899398535,0.0001188000023830682,0.0003068999940296635,8.0,2.0,4.0,"[1,2):n=1754,ell=2;[2,4):n=1979,ell=3;[4,8):n=1786,ell=3;[8,16):n=1265,ell=4;[16,32):n=576,ell=4;[32,64):n=212,ell=3;[64,128):n=46,ell=2;[128,256):n=6,ell=2"
Gaussian RP,9,5,23,18,1,0.01069719999213703,0.37409959999786224,0.38479679998999927,0.10818554802803665,0.267363013991356,0.33543119665417465,0.0017447999998694286,0.003419400003622286,0.003875700000207871,0.0010554000036790967,0.00012260000221431255,0.00023419999342877418,0.01045210000302177,lastfm-asia,0.0,0,0.0,,,,,,,,,,,
Degree-stratified RP,9,5,23,18,1,0.01791179999418091,0.3741957000020193,0.3921074999962002,0.08809457899380184,0.24286029158565098,0.28994757615779293,,,,,,,0.01753700002154801,lastfm-asia,0.0,0,0.0,0.0004499000060604885,0.00390849998802878,0.006812899999204092,0.004423800011863932,0.0014861000090604648,0.00012450000212993473,0.000331300005200319,8.0,2.0,4.0,"[1,2):n=1754,ell=2;[2,4):n=1979,ell=3;[4,8):n=1786,ell=3;[8,16):n=1265,ell=4;[16,32):n=576,ell=4;[32,64):n=212,ell=3;[64,128):n=46,ell=2;[128,256):n=6,ell=2"
Gaussian RP,10,5,23,18,1,0.010551600003964268,0.3675567000027513,0.3781083000067156,0.10781686815578599,0.25675477322395074,0.29200357319172165,0.0016883999924175441,0.0028439000016078353,0.003867899999022484,0.0014205999905243516,0.0001024999946821481,0.00023780000628903508,0.010161099984543398,lastfm-asia,0.0,0,0.0,,,,,,,,,,,
Degree-stratified RP,10,5,23,18,1,0.01665089999733027,0.3505963000061456,0.3672472000034759,0.08847167943920317,0.24093994817035386,0.26550808744234605,,,,,,,0.016296200003125705,lastfm-asia,0.0,0,0.0,0.0004910999996354803,0.0035823000071104616,0.0064578000019537285,0.0040206999983638525,0.0013247999886516482,8.959999831859022e-05,0.0003299000090919435,8.0,2.0,4.0,"[1,2):n=1754,ell=2;[2,4):n=1979,ell=3;[4,8):n=1786,ell=3;[8,16):n=1265,ell=4;[16,32):n=576,ell=4;[32,64):n=212,ell=3;[64,128):n=46,ell=2;[128,256):n=6,ell=2"
Gaussian RP,1,10,28,18,1,0.01369140000315383,0.30479559999366757,0.3184869999968214,0.14517092822782637,0.29969798195193514,0.32856113689668576,0.002042499996605329,0.004161000004387461,0.005033299996284768,0.0012274000036995858,0.00025630000163801014,0.0004665000014938414,0.013187000004108995,lastfm-asia,0.0,0,0.0,,,,,,,,,,,
Degree-stratified RP,1,10,28,18,1,0.019887300004484132,0.3182492999912938,0.33813659999577794,0.11971649529702669,0.27888183804007144,0.3134020691102468,,,,,,,0.019592399999964982,lastfm-asia,0.0,0,0.0,0.00047080000513233244,0.004130799992708489,0.0081555000069784,0.005009200001950376,0.001243499995325692,0.0002665999927558005,0.00031600000511389226,8.0,2.0,5.0,"[1,2):n=1754,ell=2;[2,4):n=1979,ell=3;[4,8):n=1786,ell=4;[8,16):n=1265,ell=5;[16,32):n=576,ell=5;[32,64):n=212,ell=4;[64,128):n=46,ell=3;[128,256):n=6,ell=2"
Gaussian RP,2,10,28,18,1,0.014600999988033436,0.3646930000104476,0.379293999998481,0.11595010903144445,0.2824668608278974,0.30743729023277916,0.0020881999953417107,0.004380500002298504,0.005419099994469434,0.0016401000029873103,0.0002542000001994893,0.00033039999834727496,0.014112499993643723,lastfm-asia,0.0,0,0.0,,,,,,,,,,,
Degree-stratified RP,2,10,28,18,1,0.026741099994978867,0.396360700004152,0.4231017999991309,0.13182615902562414,0.29416388749002603,0.3254857833469138,,,,,,,0.026267000037478283,lastfm-asia,0.0,0,0.0,0.0005699000030290335,0.005011300003388897,0.01078010001219809,0.007082399999490008,0.0021262000082060695,0.00030100000731181353,0.0003961000038543716,8.0,2.0,5.0,"[1,2):n=1754,ell=2;[2,4):n=1979,ell=3;[4,8):n=1786,ell=4;[8,16):n=1265,ell=5;[16,32):n=576,ell=5;[32,64):n=212,ell=4;[64,128):n=46,ell=3;[128,256):n=6,ell=2"
Gaussian RP,3,10,28,18,1,0.014026999997440726,0.28819649999786634,0.30222349999530707,0.10701186575245848,0.2683667179310283,0.3057289122665383,0.0022492999996757135,0.0039124000031733885,0.005427100011729635,0.0013866000081179664,0.00025099999038502574,0.00033340000663883984,0.01355980001972057,lastfm-asia,0.0,0,0.0,,,,,,,,,,,
Degree-stratified RP,3,10,28,18,1,0.026893700007349253,0.3977829999930691,0.42467670000041835,0.11150313595330287,0.2746216504507635,0.2737890435887978,,,,,,,0.026487899987841956,lastfm-asia,0.0,0,0.0,0.0005940999981248751,0.005179399988264777,0.012691399999312125,0.005702900001779199,0.001686499992501922,0.0002663000050233677,0.000367300002835691,8.0,2.0,5.0,"[1,2):n=1754,ell=2;[2,4):n=1979,ell=3;[4,8):n=1786,ell=4;[8,16):n=1265,ell=5;[16,32):n=576,ell=5;[32,64):n=212,ell=4;[64,128):n=46,ell=3;[128,256):n=6,ell=2"
Gaussian RP,4,10,28,18,1,0.015190499994787388,0.33792829999583773,0.3531187999906251,0.14331451491185881,0.30605262940796785,0.3310586965569433,0.002263299989863299,0.003938999987440184,0.006025900001986884,0.0017454000044381246,0.0002997000119648874,0.00035110001044813544,0.014624400006141514,lastfm-asia,0.0,0,0.0,,,,,,,,,,,
Degree-stratified RP,4,10,28,18,1,0.02054699999280274,0.34922830000869,0.3697753000014927,0.11521447695540422,0.2740675108525,0.3092734592298244,,,,,,,0.02015219999884721,lastfm-asia,0.0,0,0.0,0.0005072000058135018,0.004313600002205931,0.008215699999709614,0.005306200007908046,0.001227799992193468,0.0002497999957995489,0.0003318999952170998,8.0,2.0,5.0,"[1,2):n=1754,ell=2;[2,4):n=1979,ell=3;[4,8):n=1786,ell=4;[8,16):n=1265,ell=5;[16,32):n=576,ell=5;[32,64):n=212,ell=4;[64,128):n=46,ell=3;[128,256):n=6,ell=2"
Gaussian RP,5,10,28,18,1,0.01583519999985583,0.2982977999927243,0.31413299999258015,0.11981143069312053,0.28099717776701844,0.33151300232534164,0.0021071000082883984,0.004938900005072355,0.006036499995389022,0.0016848000086611137,0.00027099999715574086,0.0003637999907368794,0.01540210000530351,lastfm-asia,0.0,0,0.0,,,,,,,,,,,
Degree-stratified RP,5,10,28,18,1,0.020614799999748357,0.36176509999495465,0.382379899994703,0.11728350967933256,0.27523712155843777,0.3020847513209634,,,,,,,0.02011290000518784,lastfm-asia,0.0,0,0.0,0.00048010000318754464,0.004036600003018975,0.007753500001854263,0.005622800003038719,0.0016277999966405332,0.00028900000324938446,0.00030309999419841915,8.0,2.0,5.0,"[1,2):n=1754,ell=2;[2,4):n=1979,ell=3;[4,8):n=1786,ell=4;[8,16):n=1265,ell=5;[16,32):n=576,ell=5;[32,64):n=212,ell=4;[64,128):n=46,ell=3;[128,256):n=6,ell=2"
Gaussian RP,6,10,28,18,1,0.012612099992111325,0.303283500004909,0.3158955999970203,0.12932255985161167,0.2930219144402468,0.3302394070974126,0.0019738999981200323,0.003583400000934489,0.004733699999633245,0.0014881999959470704,0.000261799999861978,0.00026279999292455614,0.012303799987421371,lastfm-asia,0.0,0,0.0,,,,,,,,,,,
Degree-stratified RP,6,10,28,18,1,0.017810699995607138,0.3144233000057284,0.3322340000013355,0.12414461673019843,0.2776865341847481,0.28135329829453437,,,,,,,0.01754990001791157,lastfm-asia,0.0,0,0.0,0.0005044999998062849,0.0038797000015620142,0.0071887000085553154,0.00428259999898728,0.001196700002765283,0.00023610000789631158,0.0002615999983390793,8.0,2.0,5.0,"[1,2):n=1754,ell=2;[2,4):n=1979,ell=3;[4,8):n=1786,ell=4;[8,16):n=1265,ell=5;[16,32):n=576,ell=5;[32,64):n=212,ell=4;[64,128):n=46,ell=3;[128,256):n=6,ell=2"
Gaussian RP,7,10,28,18,1,0.01273869999567978,0.35023830000136513,0.3629769999970449,0.12127940802493566,0.2793583278152765,0.3429575103639875,0.0020501999970292673,0.0037758999969810247,0.004679999998188578,0.0014445999986492097,0.00022200000239536166,0.0002663999912329018,0.012439099984476343,lastfm-asia,0.0,0,0.0,,,,,,,,,,,
Degree-stratified RP,7,10,28,18,1,0.0177347999997437,0.36207389998889994,0.37980869998864364,0.10688390102217582,0.27441711437766403,0.2851810965469107,,,,,,,0.017401100005372427,lastfm-asia,0.0,0,0.0,0.00035600000410340726,0.003337300004204735,0.006397000004653819,0.004933800009894185,0.001778499994543381,0.00026529999740887433,0.00033319999056402594,8.0,2.0,5.0,"[1,2):n=1754,ell=2;[2,4):n=1979,ell=3;[4,8):n=1786,ell=4;[8,16):n=1265,ell=5;[16,32):n=576,ell=5;[32,64):n=212,ell=4;[64,128):n=46,ell=3;[128,256):n=6,ell=2"
Gaussian RP,8,10,28,18,1,0.013331900001503527,0.3483961000019917,0.36172800000349525,0.12367711655997272,0.2806208866968737,0.30625425715252247,0.0018965999915963039,0.0038816000014776364,0.004996400006348267,0.0016961999936029315,0.0002564000023994595,0.00028419999580364674,0.013011399991228245,lastfm-asia,0.0,0,0.0,,,,,,,,,,,
Degree-stratified RP,8,10,28,18,1,0.021524800002225675,0.38226810000196565,0.4037929000041913,0.12737088995285287,0.2836003347384307,0.3296825968244772,,,,,,,0.02119870000751689,lastfm-asia,0.0,0,0.0,0.0004992999893147498,0.005084700009319931,0.008087900001555681,0.004940200000419281,0.001992899997276254,0.00026960000104736537,0.00032410000858362764,8.0,2.0,5.0,"[1,2):n=1754,ell=2;[2,4):n=1979,ell=3;[4,8):n=1786,ell=4;[8,16):n=1265,ell=5;[16,32):n=576,ell=5;[32,64):n=212,ell=4;[64,128):n=46,ell=3;[128,256):n=6,ell=2"
Gaussian RP,9,10,28,18,1,0.013172399994800799,0.33858589999726973,0.35175829999207053,0.12647194889089586,0.2898932426175463,0.33346629432803615,0.002028300004894845,0.003607399994507432,0.004980300000170246,0.0016235000075539574,0.0002733000001171604,0.0002783000090857968,0.012791100016329437,lastfm-asia,0.0,0,0.0,,,,,,,,,,,
Degree-stratified RP,9,10,28,18,1,0.020468699993216433,0.40608960000099614,0.4265582999942126,0.12028520825761992,0.27597413872294607,0.3285018301636433,,,,,,,0.020206999994115904,lastfm-asia,0.0,0,0.0,0.000491900005727075,0.004124199986108579,0.007855800009565428,0.005093300002044998,0.001968299999134615,0.00026590000197757035,0.00040759998955763876,8.0,2.0,5.0,"[1,2):n=1754,ell=2;[2,4):n=1979,ell=3;[4,8):n=1786,ell=4;[8,16):n=1265,ell=5;[16,32):n=576,ell=5;[32,64):n=212,ell=4;[64,128):n=46,ell=3;[128,256):n=6,ell=2"
Gaussian RP,10,10,28,18,1,0.014544000005116686,0.30773369999951683,0.3222777000046335,0.13246022858292875,0.2904220766913163,0.33871393006959427,0.00221800000872463,0.004085799999302253,0.00547530000039842,0.0015435999957844615,0.0004027999966638163,0.00040049999370239675,0.014125999994575977,lastfm-asia,0.0,0,0.0,,,,,,,,,,,
Degree-stratified RP,10,10,28,18,1,0.019550099998014048,0.326768600003561,0.34631870000157505,0.10163656879773725,0.2532880904039475,0.29754468951873153,,,,,,,0.019260100016254,lastfm-asia,0.0,0,0.0,0.0004896000027656555,0.0039021999982651323,0.0073487000045133755,0.004959299985785037,0.0019362000020919368,0.00033200001053046435,0.0002921000123023987,8.0,2.0,5.0,"[1,2):n=1754,ell=2;[2,4):n=1979,ell=3;[4,8):n=1786,ell=4;[8,16):n=1265,ell=5;[16,32):n=576,ell=5;[32,64):n=212,ell=4;[64,128):n=46,ell=3;[128,256):n=6,ell=2"
Gaussian RP,1,20,38,18,1,0.021496300003491342,0.2608583999972325,0.2823547000007238,0.18223550202259564,0.35471061836318246,0.3497520198023917,0.002906599998823367,0.006430000008549541,0.008599900000263005,0.0022404000046662986,0.0004150999884586781,0.00043709999590646476,0.021029099996667355,lastfm-asia,0.0,0,0.0,,,,,,,,,,,
Degree-stratified RP,1,20,38,18,1,0.02407400000083726,0.30640249999123625,0.3304764999920735,0.15114393234543286,0.32390464886533216,0.3390899203773295,,,,,,,0.02368859997659456,lastfm-asia,0.0,0,0.0,0.00035909999860450625,0.0035383999929763377,0.009950699997716583,0.007219199993414804,0.0020022999960929155,0.0003358999965712428,0.00028300000121816993,8.0,2.0,7.0,"[1,2):n=1754,ell=3;[2,4):n=1979,ell=4;[4,8):n=1786,ell=6;[8,16):n=1265,ell=7;[16,32):n=576,ell=6;[32,64):n=212,ell=6;[64,128):n=46,ell=4;[128,256):n=6,ell=2"
Gaussian RP,2,20,38,18,1,0.016883899996173568,0.3299484000017401,0.34683229999791365,0.15758492314037523,0.3254175131440553,0.34671220174541606,0.002471500003593974,0.0049223999958485365,0.007013499998720363,0.0015218000044114888,0.00032190000638365746,0.0002440999960526824,0.0164952000050107,lastfm-asia,0.0,0,0.0,,,,,,,,,,,
Degree-stratified RP,2,20,38,18,1,0.025787200007471256,0.3125304999994114,0.33831770000688266,0.15232934241216467,0.3162705557351286,0.3466388554100699,,,,,,,0.025325500013423152,lastfm-asia,0.0,0,0.0,0.00048120001156348735,0.004518700006883591,0.010483399993972853,0.007231499999761581,0.0020695999992312863,0.00028449999808799475,0.00025660000392235816,8.0,2.0,7.0,"[1,2):n=1754,ell=3;[2,4):n=1979,ell=4;[4,8):n=1786,ell=6;[8,16):n=1265,ell=7;[16,32):n=576,ell=6;[32,64):n=212,ell=6;[64,128):n=46,ell=4;[128,256):n=6,ell=2"
Gaussian RP,3,20,38,18,1,0.019770900005823933,0.35841649999201763,0.37818739999784157,0.14485353270161078,0.3152239529853161,0.32669159736588915,0.002750099985860288,0.004932499999995343,0.008396999997785315,0.002237799999420531,0.0005846999993082136,0.000374099996406585,0.019276199978776276,lastfm-asia,0.0,0,0.0,,,,,,,,,,,
Degree-stratified RP,3,20,38,18,1,0.026506800000788644,0.36112669999420177,0.3876334999949904,0.14934599431829804,0.2962832909225199,0.27428763970137227,,,,,,,0.026043699981528334,lastfm-asia,0.0,0,0.0,0.0004714999959105626,0.00435960000322666,0.011088799990830012,0.007996399988769554,0.0015325999993365258,0.00027879999834112823,0.00031600000511389226,8.0,2.0,7.0,"[1,2):n=1754,ell=3;[2,4):n=1979,ell=4;[4,8):n=1786,ell=6;[8,16):n=1265,ell=7;[16,32):n=576,ell=6;[32,64):n=212,ell=6;[64,128):n=46,ell=4;[128,256):n=6,ell=2"
Gaussian RP,4,20,38,18,1,0.02571469999384135,0.33243969999602996,0.3581543999898713,0.15649820519807264,0.3120688687071153,0.34245524922329007,0.0030429999897023663,0.007956000001286156,0.010754500006441958,0.0023560999979963526,0.00039539999852422625,0.00048380000225733966,0.0249887999962084,lastfm-asia,0.0,0,0.0,,,,,,,,,,,
Degree-stratified RP,4,20,38,18,1,0.028602799997315742,0.3165261999965878,0.34512899999390356,0.1514262548643124,0.318583753539919,0.35319005952927573,,,,,,,0.028097299989894964,lastfm-asia,0.0,0,0.0,0.0004803000047104433,0.004602000000886619,0.01215290000254754,0.0082237000024179,0.0019177999929524958,0.00032199999259319156,0.0003985999937867746,8.0,2.0,7.0,"[1,2):n=1754,ell=3;[2,4):n=1979,ell=4;[4,8):n=1786,ell=6;[8,16):n=1265,ell=7;[16,32):n=576,ell=6;[32,64):n=212,ell=6;[64,128):n=46,ell=4;[128,256):n=6,ell=2"
Gaussian RP,5,20,38,18,1,0.020571300003211945,0.3413801999995485,0.36195150000276044,0.14669729256847347,0.31040341101550917,0.33677226295930884,0.0028848999936599284,0.00547530000039842,0.008598000000347383,0.0021459999989019707,0.00038080000376794487,0.0003251000016462058,0.019810099998721853,lastfm-asia,0.0,0,0.0,,,,,,,,,,,
Degree-stratified RP,5,20,38,18,1,0.031415100005688146,0.3147988999990048,0.34621400000469293,0.160692448793088,0.32550572457963983,0.3470692358387149,,,,,,,0.030886699983966537,lastfm-asia,0.0,0,0.0,0.0005016000068280846,0.004865099996095523,0.014390600001206622,0.008212699991418049,0.0016795999981695786,0.00035319999733474106,0.0008838999929139391,8.0,2.0,7.0,"[1,2):n=1754,ell=3;[2,4):n=1979,ell=4;[4,8):n=1786,ell=6;[8,16):n=1265,ell=7;[16,32):n=576,ell=6;[32,64):n=212,ell=6;[64,128):n=46,ell=4;[128,256):n=6,ell=2"
Gaussian RP,6,20,38,18,1,0.021193299995502457,0.2998619999998482,0.32105529999535065,0.16639397428310315,0.3276537397740062,0.32577513906574845,0.0029420999926514924,0.006263399991439655,0.008513799999491312,0.002245199997560121,0.0003150999982608482,0.00031990000570658594,0.020599499985110015,lastfm-asia,0.0,0,0.0,,,,,,,,,,,
Degree-stratified RP,6,20,38,18,1,0.027108700000098906,0.29592990000674035,0.32303860000683926,0.15246845481172838,0.32867201184987316,0.31636163854983995,,,,,,,0.026606199971865863,lastfm-asia,0.0,0,0.0,0.0004731999943032861,0.004372800001874566,0.01178309999522753,0.007760299995425157,0.0016418000013800338,0.00028909998945891857,0.00028589999419637024,8.0,2.0,7.0,"[1,2):n=1754,ell=3;[2,4):n=1979,ell=4;[4,8):n=1786,ell=6;[8,16):n=1265,ell=7;[16,32):n=576,ell=6;[32,64):n=212,ell=6;[64,128):n=46,ell=4;[128,256):n=6,ell=2"
Gaussian RP,7,20,38,18,1,0.019350800008396618,0.3807959999976447,0.4001468000060413,0.15094560538450844,0.3229327917348655,0.32974496868350794,0.0027249999984633178,0.0053413999994518235,0.00772510000388138,0.002102799990097992,0.00047679999261163175,0.0004275999963283539,0.0187986999808345,lastfm-asia,0.0,0,0.0,,,,,,,,,,,
Degree-stratified RP,7,20,38,18,1,0.029017699998803437,0.5047140000096988,0.5337317000085022,0.15768627076285513,0.31754201690467465,0.32822151376867814,,,,,,,0.02861129998927936,lastfm-asia,0.0,0,0.0,0.000592800002777949,0.004716399998869747,0.011987300007604063,0.008008199991309084,0.0025634999910835177,0.00037549999251496047,0.000367600005120039,8.0,2.0,7.0,"[1,2):n=1754,ell=3;[2,4):n=1979,ell=4;[4,8):n=1786,ell=6;[8,16):n=1265,ell=7;[16,32):n=576,ell=6;[32,64):n=212,ell=6;[64,128):n=46,ell=4;[128,256):n=6,ell=2"
Gaussian RP,8,20,38,18,1,0.07091190000937786,0.8184493000007933,0.8893612000101712,0.16545070239211188,0.3327823872031897,0.3582565964281301,0.004089800000656396,0.015604800006258301,0.029679200000828132,0.018154799996409565,0.0006404000014299527,0.0023514999920735136,0.07052049999765586,lastfm-asia,0.0,0,0.0,,,,,,,,,,,
Degree-stratified RP,8,20,38,18,1,0.06019580000429414,0.48371440000482835,0.5439102000091225,0.15056743096359618,0.2960110210014678,0.2706725270054744,,,,,,,0.05950080002367031,lastfm-asia,0.0,0,0.0,0.0009493000106886029,0.006070600007660687,0.01566119999915827,0.02946150000207126,0.0031875999993644655,0.0017450000013923272,0.0024256000033346936,8.0,2.0,7.0,"[1,2):n=1754,ell=3;[2,4):n=1979,ell=4;[4,8):n=1786,ell=6;[8,16):n=1265,ell=7;[16,32):n=576,ell=6;[32,64):n=212,ell=6;[64,128):n=46,ell=4;[128,256):n=6,ell=2"
Gaussian RP,9,20,38,18,1,0.019103300001006573,0.3444050999969477,0.36350839999795426,0.16197708404165675,0.321716167206434,0.3522840133254762,0.00270170001022052,0.00580860000627581,0.007504599998355843,0.001909500002511777,0.00029229999927338213,0.00030279999191407114,0.018519500008551404,lastfm-asia,0.0,0,0.0,,,,,,,,,,,
Degree-stratified RP,9,20,38,18,1,0.033174700001836754,0.31546099999104626,0.348635699992883,0.13229075268153243,0.2938372440740144,0.2978081134275934,,,,,,,0.032207900017965585,lastfm-asia,0.0,0,0.0,0.000890600000275299,0.0053124000114621595,0.014041600006748922,0.008956599995144643,0.0023012999881757423,0.0003544000064721331,0.0003510000096866861,8.0,2.0,7.0,"[1,2):n=1754,ell=3;[2,4):n=1979,ell=4;[4,8):n=1786,ell=6;[8,16):n=1265,ell=7;[16,32):n=576,ell=6;[32,64):n=212,ell=6;[64,128):n=46,ell=4;[128,256):n=6,ell=2"
Gaussian RP,10,20,38,18,1,0.01796539999486413,0.2716609999915818,0.2896263999864459,0.18524586135037802,0.3493503192215184,0.34297151180909147,0.0024886999890441075,0.004232200008118525,0.00784199999179691,0.002228800003649667,0.0003324999997857958,0.0003338999958941713,0.017458099988289177,lastfm-asia,0.0,0,0.0,,,,,,,,,,,
Degree-stratified RP,10,20,38,18,1,0.03137479998986237,0.3012697000085609,0.33264449999842327,0.1349599610738099,0.3035137486475317,0.33922398336976567,,,,,,,0.03081670000392478,lastfm-asia,0.0,0,0.0,0.00047030000132508576,0.005560899997362867,0.013270199997350574,0.008788799998001195,0.0020898000075249,0.00030640000477433205,0.0003302999975858256,8.0,2.0,7.0,"[1,2):n=1754,ell=3;[2,4):n=1979,ell=4;[4,8):n=1786,ell=6;[8,16):n=1265,ell=7;[16,32):n=576,ell=6;[32,64):n=212,ell=6;[64,128):n=46,ell=4;[128,256):n=6,ell=2"
Gaussian RP,1,40,58,18,1,0.02861359999224078,0.23423610000463668,0.26284969999687746,0.193589262717833,0.35043225712499915,0.3560174329352783,0.0038779999886173755,0.00691759999608621,0.013158999994629994,0.0024514999968232587,0.0006747000006726012,0.0006060000014258549,0.027686799978255294,lastfm-asia,0.0,0,0.0,,,,,,,,,,,
Degree-stratified RP,1,40,58,18,1,0.037390699988463894,0.2890215000079479,0.3264121999964118,0.18479235468244248,0.35007487839494134,0.364945721069333,,,,,,,0.03654419996018987,lastfm-asia,0.0,0,0.0,0.00036139998701401055,0.004285500006517395,0.01596209999115672,0.011916199990082532,0.0029934999911347404,0.0007145999989006668,0.0003108999953838065,8.0,4.0,10.0,"[1,2):n=1754,ell=4;[2,4):n=1979,ell=6;[4,8):n=1786,ell=9;[8,16):n=1265,ell=10;[16,32):n=576,ell=10;[32,64):n=212,ell=9;[64,128):n=46,ell=6;[128,256):n=6,ell=4"
Gaussian RP,2,40,58,18,1,0.027394600008847192,0.23694320001231972,0.2643378000211669,0.20578753482969436,0.363800517854398,0.3283266145371398,0.0039662000053795055,0.006002600013744086,0.01320770000165794,0.0024138999870046973,0.0006886000046506524,0.0003794999938691035,0.026658500006305985,lastfm-asia,0.0,0,0.0,,,,,,,,,,,
Degree-stratified RP,2,40,58,18,1,0.03964020000421442,0.2495781000034185,0.28921830000763293,0.1885063103172703,0.35818270378633643,0.36418793545114325,,,,,,,0.039029200037475675,lastfm-asia,0.0,0,0.0,0.0004675000091083348,0.004991400011931546,0.01727720000781119,0.012193100003059953,0.0031144000095082447,0.0006514999986393377,0.00033409999741706997,8.0,4.0,10.0,"[1,2):n=1754,ell=4;[2,4):n=1979,ell=6;[4,8):n=1786,ell=9;[8,16):n=1265,ell=10;[16,32):n=576,ell=10;[32,64):n=212,ell=9;[64,128):n=46,ell=6;[128,256):n=6,ell=4"
Gaussian RP,3,40,58,18,1,0.02840600001218263,0.3485119999968447,0.3769180000090273,0.18968139738373277,0.3485058392416512,0.3629154485045058,0.004054299992276356,0.006290699995588511,0.01320700001087971,0.0031928999960655347,0.0006598000036319718,0.00032619999547023326,0.027730899993912317,lastfm-asia,0.0,0,0.0,,,,,,,,,,,
Degree-stratified RP,3,40,58,18,1,0.04778329998953268,0.30589960000361316,0.35368289999314584,0.17654679456344222,0.33054319151383393,0.3115412943400304,,,,,,,0.04702350001025479,lastfm-asia,0.0,0,0.0,0.0004955000040354207,0.0055228999990504235,0.021587499999441206,0.015506299998378381,0.0028448000084608793,0.0006519000016851351,0.00041459999920334667,8.0,4.0,10.0,"[1,2):n=1754,ell=4;[2,4):n=1979,ell=6;[4,8):n=1786,ell=9;[8,16):n=1265,ell=10;[16,32):n=576,ell=10;[32,64):n=212,ell=9;[64,128):n=46,ell=6;[128,256):n=6,ell=4"
Gaussian RP,4,40,58,18,1,0.04345620000094641,0.2934584000031464,0.3369146000040928,0.20888378045600925,0.364651004654075,0.35869559839159487,0.004799499991349876,0.013797499996144325,0.019025500005227514,0.0036592999967979267,0.0006474999972851947,0.00042660000326577574,0.04235589999007061,lastfm-asia,0.0,0,0.0,,,,,,,,,,,
Degree-stratified RP,4,40,58,18,1,0.05356749999918975,0.3075883999990765,0.36115589999826625,0.16989202330582845,0.3248920533242304,0.3286037659220158,,,,,,,0.05265569999755826,lastfm-asia,0.0,0,0.0,0.00047879999328870326,0.00610420000157319,0.02485560000059195,0.016354799998225644,0.003606800004490651,0.0007872999995015562,0.0004681999998865649,8.0,4.0,10.0,"[1,2):n=1754,ell=4;[2,4):n=1979,ell=6;[4,8):n=1786,ell=9;[8,16):n=1265,ell=10;[16,32):n=576,ell=10;[32,64):n=212,ell=9;[64,128):n=46,ell=6;[128,256):n=6,ell=4"
Gaussian RP,5,40,58,18,1,0.03334480000194162,0.27097589999902993,0.30432070000097156,0.21922783279776442,0.3734944510554118,0.3572773599087945,0.004268100004992448,0.007960500006447546,0.015754399995785207,0.003435099992202595,0.0006889999931445345,0.00046880000445526093,0.03257589999702759,lastfm-asia,0.0,0,0.0,,,,,,,,,,,
Degree-stratified RP,5,40,58,18,1,0.044131900009233505,0.25341990000742953,0.29755180001666304,0.1774163556187054,0.33890027498675374,0.3328812914147739,,,,,,,0.04331259998434689,lastfm-asia,0.0,0,0.0,0.00034649998997338116,0.004282900001271628,0.020334000000730157,0.01368699999875389,0.003499999991618097,0.0007053000008454546,0.0004569000011542812,8.0,4.0,10.0,"[1,2):n=1754,ell=4;[2,4):n=1979,ell=6;[4,8):n=1786,ell=9;[8,16):n=1265,ell=10;[16,32):n=576,ell=10;[32,64):n=212,ell=9;[64,128):n=46,ell=6;[128,256):n=6,ell=4"
Gaussian RP,6,40,58,18,1,0.03082390000054147,0.2588402999972459,0.28966419999778736,0.18925209942218083,0.35395398298319813,0.35844426426493187,0.003968799996073358,0.008086999994702637,0.014304900003480725,0.0026954999921144918,0.000599599996348843,0.0004054000019095838,0.03006119998462964,lastfm-asia,0.0,0,0.0,,,,,,,,,,,
Degree-stratified RP,6,40,58,18,1,0.04646919999504462,0.28385930000513326,0.3303285000001779,0.17676081251100295,0.3449430432422921,0.35800651554569235,,,,,,,0.04568040001322515,lastfm-asia,0.0,0,0.0,0.0003488000074867159,0.004743799989228137,0.02152530000603292,0.014613599996664561,0.003349800012074411,0.0006780999974580482,0.00042100000428035855,8.0,4.0,10.0,"[1,2):n=1754,ell=4;[2,4):n=1979,ell=6;[4,8):n=1786,ell=9;[8,16):n=1265,ell=10;[16,32):n=576,ell=10;[32,64):n=212,ell=9;[64,128):n=46,ell=6;[128,256):n=6,ell=4"
Gaussian RP,7,40,58,18,1,0.029211300003225915,0.2574358999991091,0.286647200002335,0.2099193711201894,0.3766749138120405,0.36443755094249686,0.004169699997873977,0.007504199995310046,0.013159900001483038,0.002595300000393763,0.0007427999953506514,0.00035849999403581023,0.028530399984447286,lastfm-asia,0.0,0,0.0,,,,,,,,,,,
Degree-stratified RP,7,40,58,18,1,0.03754140000091866,0.24890910000249278,0.28645050000341143,0.20037098608044493,0.3592911821758202,0.3488513449548553,,,,,,,0.036994199981563725,lastfm-asia,0.0,0,0.0,0.0004799999878741801,0.004647900001145899,0.015999199997168034,0.011839400001917966,0.0031860000017331913,0.0005496999947354198,0.0002919999969890341,8.0,4.0,10.0,"[1,2):n=1754,ell=4;[2,4):n=1979,ell=6;[4,8):n=1786,ell=9;[8,16):n=1265,ell=10;[16,32):n=576,ell=10;[32,64):n=212,ell=9;[64,128):n=46,ell=6;[128,256):n=6,ell=4"
Gaussian RP,8,40,58,18,1,0.024481899992679246,0.27349469999899156,0.2979765999916708,0.19544254800660607,0.3586614964117616,0.350882477100881,0.0035762000043177977,0.004588400013744831,0.012200700002722442,0.00262690000818111,0.0007252000068547204,0.0003214999887859449,0.024038900024606846,lastfm-asia,0.0,0,0.0,,,,,,,,,,,
Degree-stratified RP,8,40,58,18,1,0.03819570000632666,0.2660446999943815,0.3042404000007082,0.1904086401732211,0.35694032918498464,0.34585456348200766,,,,,,,0.03776430002471898,lastfm-asia,0.0,0,0.0,0.00047920001088641584,0.004825399999390356,0.016341900001862086,0.011835600002086721,0.0034358999982941896,0.0005791000003227964,0.00026720001187641174,8.0,4.0,10.0,"[1,2):n=1754,ell=4;[2,4):n=1979,ell=6;[4,8):n=1786,ell=9;[8,16):n=1265,ell=10;[16,32):n=576,ell=10;[32,64):n=212,ell=9;[64,128):n=46,ell=6;[128,256):n=6,ell=4"
Gaussian RP,9,40,58,18,1,0.02853290000348352,0.25490240000362974,0.28343530000711326,0.18821342089144646,0.35684498274462884,0.33290294466816406,0.0041114999912679195,0.006576399988261983,0.013078899995889515,0.0031500999903073534,0.0006444000027840957,0.00035539999953471124,0.027916699968045577,lastfm-asia,0.0,0,0.0,,,,,,,,,,,
Degree-stratified RP,9,40,58,18,1,0.037603299992042594,0.2694147000001976,0.3070179999922402,0.1674196275141484,0.3352196059402493,0.31562277120290533,,,,,,,0.037055499968118966,lastfm-asia,0.0,0,0.0,0.0004675999953178689,0.004684200001065619,0.016200499987462536,0.011752299993531778,0.0030683999939356,0.0006150999979581684,0.0002673999988473952,8.0,4.0,10.0,"[1,2):n=1754,ell=4;[2,4):n=1979,ell=6;[4,8):n=1786,ell=9;[8,16):n=1265,ell=10;[16,32):n=576,ell=10;[32,64):n=212,ell=9;[64,128):n=46,ell=6;[128,256):n=6,ell=4"
Gaussian RP,10,40,58,18,1,0.026704899995820597,0.24139540000760462,0.2681003000034252,0.19519492620578427,0.35692500957839823,0.35153173559993184,0.00398999999742955,0.00595900000189431,0.012452700000721961,0.002996399998664856,0.0005665000062435865,0.00027370000316295773,0.02623830000811722,lastfm-asia,0.0,0,0.0,,,,,,,,,,,
Degree-stratified RP,10,40,58,18,1,0.03468569999677129,0.2793250000104308,0.3140107000072021,0.17916575281197836,0.3432780760022589,0.34583348791801555,,,,,,,0.03412919999391306,lastfm-asia,0.0,0,0.0,0.00033290000283159316,0.0036339999933261424,0.014617799999541603,0.011820400002761744,0.002834900005836971,0.0005871999892406166,0.0003020000003743917,8.0,4.0,10.0,"[1,2):n=1754,ell=4;[2,4):n=1979,ell=6;[4,8):n=1786,ell=9;[8,16):n=1265,ell=10;[16,32):n=576,ell=10;[32,64):n=212,ell=9;[64,128):n=46,ell=6;[128,256):n=6,ell=4"
Gaussian RP,1,5,23,18,1,0.009963399992557243,0.3117838999896776,0.32174729998223484,0.13441783008381197,0.28361752014392316,0.3256377842140253,0.0016081000067060813,0.0028347000043140724,0.003642199997557327,0.0013344999897526577,0.0001078000059351325,0.00021299999207258224,0.009740299996337853,lastfm-asia,0.0,mean,7.2943336831059815,,,,,,,,,,,
Degree-stratified RP,1,5,23,18,1,0.015129099992918782,0.33013970000320114,0.3452687999961199,0.08684037351683425,0.22380363264445605,0.2408505471171592,,,,,,,0.014964500005589798,lastfm-asia,0.0,mean,7.2943336831059815,0.0004695999959949404,0.0036440999974729493,0.005587599996943027,0.003647000005003065,0.0012895000108983368,0.0001109000004362315,0.00021579999884124845,8.0,2.0,4.0,"[1,2):n=1754,ell=2;[2,4):n=1979,ell=3;[4,8):n=1786,ell=3;[8,16):n=1265,ell=4;[16,32):n=576,ell=4;[32,64):n=212,ell=3;[64,128):n=46,ell=2;[128,256):n=6,ell=2"
Gaussian RP,2,5,23,18,1,0.00842220000049565,0.3277794999885373,0.33620169998903293,0.11492295119934531,0.2688901355821165,0.32222688521667436,0.0014378000050783157,0.00194309999642428,0.003334199995151721,0.0012008000048808753,7.88000033935532e-05,0.00019850001262966543,0.00819320001755841,lastfm-asia,0.0,mean,7.2943336831059815,,,,,,,,,,,
Degree-stratified RP,2,5,23,18,1,0.015095900002052076,0.33561660000123084,0.3507125000032829,0.09071027265733667,0.22913662510825486,0.2672460335807474,,,,,,,0.014890599995851517,lastfm-asia,0.0,mean,7.2943336831059815,0.0004693000082625076,0.0037662999966414645,0.005335800000466406,0.0036623000050894916,0.0013516999897547066,8.440000237897038e-05,0.00022079999325796962,8.0,2.0,4.0,"[1,2):n=1754,ell=2;[2,4):n=1979,ell=3;[4,8):n=1786,ell=3;[8,16):n=1265,ell=4;[16,32):n=576,ell=4;[32,64):n=212,ell=3;[64,128):n=46,ell=2;[128,256):n=6,ell=2"
Gaussian RP,3,5,23,18,1,0.010351600009016693,0.32754189999832306,0.33789350000733975,0.10555474266757907,0.25765896098166646,0.3064753326452616,0.0016481999919051304,0.0028744000010192394,0.003924600008758716,0.0011997000110568479,0.0001230000052601099,0.0002538999979151413,0.010023800015915185,lastfm-asia,0.0,mean,7.2943336831059815,,,,,,,,,,,
Degree-stratified RP,3,5,23,18,1,0.017978899995796382,0.3298114000062924,0.34779030000208877,0.11653792057467267,0.27619686202564286,0.3068316111528309,,,,,,,0.017717299982905388,lastfm-asia,0.0,mean,7.2943336831059815,0.0005549000052269548,0.004489399987505749,0.006468999999924563,0.004432500005350448,0.001335199995082803,0.00013849999231752008,0.00029779999749735,8.0,2.0,4.0,"[1,2):n=1754,ell=2;[2,4):n=1979,ell=3;[4,8):n=1786,ell=3;[8,16):n=1265,ell=4;[16,32):n=576,ell=4;[32,64):n=212,ell=3;[64,128):n=46,ell=2;[128,256):n=6,ell=2"
Gaussian RP,4,5,23,18,1,0.010237700000288896,0.35148660000413656,0.36172430000442546,0.10375808622341089,0.25159320785554623,0.3030420973690233,0.001687700001639314,0.0032838999904925004,0.0035705999907804653,0.0009811000054469332,0.00011549999180715531,0.0003083000046899542,0.009947099984856322,lastfm-asia,0.0,mean,7.2943336831059815,,,,,,,,,,,
Degree-stratified RP,4,5,23,18,1,0.01776830000744667,0.3550925999879837,0.3728608999954304,0.09134319107592076,0.23287753114769996,0.27101776581825443,,,,,,,0.01739130000350997,lastfm-asia,0.0,mean,7.2943336831059815,0.0005507000023499131,0.004480899995542131,0.006487200007541105,0.003927199999452569,0.001465900000766851,0.00013250000483822078,0.0003468999930191785,8.0,2.0,4.0,"[1,2):n=1754,ell=2;[2,4):n=1979,ell=3;[4,8):n=1786,ell=3;[8,16):n=1265,ell=4;[16,32):n=576,ell=4;[32,64):n=212,ell=3;[64,128):n=46,ell=2;[128,256):n=6,ell=2"
Gaussian RP,5,5,23,18,1,0.010153800001717173,0.314833099997486,0.32498689999920316,0.10435176918066294,0.24770419448601014,0.281631317697572,0.0015198999899439514,0.0024664999946253374,0.00397000000521075,0.0014370999997481704,0.0001277999981539324,0.0002815000043483451,0.009802799992030486,lastfm-asia,0.0,mean,7.2943336831059815,,,,,,,,,,,
Degree-stratified RP,5,5,23,18,1,0.01613519999955315,0.35042270000849385,0.366557900008047,0.0812335286912035,0.2231020214730909,0.2979192392305499,,,,,,,0.015811100020073354,lastfm-asia,0.0,mean,7.2943336831059815,0.0004700999998021871,0.003713800004334189,0.00626419999753125,0.003735000005690381,0.0012590999976964667,0.00010110001312568784,0.00026780000189319253,8.0,2.0,4.0,"[1,2):n=1754,ell=2;[2,4):n=1979,ell=3;[4,8):n=1786,ell=3;[8,16):n=1265,ell=4;[16,32):n=576,ell=4;[32,64):n=212,ell=3;[64,128):n=46,ell=2;[128,256):n=6,ell=2"
Gaussian RP,6,5,23,18,1,0.009644500009017065,0.29566129999875557,0.30530580000777263,0.11106591315443466,0.2661851161596969,0.3184586726951279,0.0015286999987438321,0.0022761000000173226,0.003921399998944253,0.0012401999993016943,0.00010320000001229346,0.0002506000018911436,0.009320199998910539,lastfm-asia,0.0,mean,7.2943336831059815,,,,,,,,,,,
Degree-stratified RP,6,5,23,18,1,0.014503300000797026,0.3209745999920415,0.3354778999928385,0.09770473259638285,0.2401641214572457,0.26623097431005377,,,,,,,0.014288499995018356,lastfm-asia,0.0,mean,7.2943336831059815,0.00046949999523349106,0.003836300005787052,0.0055807000026106834,0.0030393000051844865,0.0010583999974187464,0.00011069999891333282,0.00019359998987056315,8.0,2.0,4.0,"[1,2):n=1754,ell=2;[2,4):n=1979,ell=3;[4,8):n=1786,ell=3;[8,16):n=1265,ell=4;[16,32):n=576,ell=4;[32,64):n=212,ell=3;[64,128):n=46,ell=2;[128,256):n=6,ell=2"
Gaussian RP,7,5,23,18,1,0.010490999993635342,0.30230830000073183,0.3127992999943672,0.11171827970763823,0.25938843209657836,0.2939435269641308,0.001588900006026961,0.003385300005902536,0.0038684999890392646,0.001183200001833029,8.509999315720052e-05,0.00020650000078603625,0.010317499996745028,lastfm-asia,0.0,mean,7.2943336831059815,,,,,,,,,,,
Degree-stratified RP,7,5,23,18,1,0.014663800000562333,0.39702639999450184,0.4116901999950642,0.09469625456459056,0.2376251083864149,0.25178474238997556,,,,,,,0.0144338000100106,lastfm-asia,0.0,mean,7.2943336831059815,0.0004670999915106222,0.0036057000106666237,0.005880600001546554,0.003118499997071922,0.0010628000018186867,8.120000711642206e-05,0.0002179000002797693,8.0,2.0,4.0,"[1,2):n=1754,ell=2;[2,4):n=1979,ell=3;[4,8):n=1786,ell=3;[8,16):n=1265,ell=4;[16,32):n=576,ell=4;[32,64):n=212,ell=3;[64,128):n=46,ell=2;[128,256):n=6,ell=2"
Gaussian RP,8,5,23,18,1,0.010676799996872433,0.3275708000001032,0.3382475999969756,0.10717561587625554,0.2436712210833278,0.27289640836680545,0.0016985999973258004,0.003166599999531172,0.003939999995054677,0.0013198000087868422,0.00011809999705292284,0.0002310999989276752,0.01047419999667909,lastfm-asia,0.0,mean,7.2943336831059815,,,,,,,,,,,
Degree-stratified RP,8,5,23,18,1,0.015441800002008677,0.31545729999197647,0.33089909999398515,0.08435599774751264,0.22419573870966097,0.272610534589269,,,,,,,0.01520650000020396,lastfm-asia,0.0,mean,7.2943336831059815,0.00046999999904073775,0.003639600006863475,0.005970300000626594,0.003677200002130121,0.001086299991584383,0.00011890000314451754,0.00024419999681413174,8.0,2.0,4.0,"[1,2):n=1754,ell=2;[2,4):n=1979,ell=3;[4,8):n=1786,ell=3;[8,16):n=1265,ell=4;[16,32):n=576,ell=4;[32,64):n=212,ell=3;[64,128):n=46,ell=2;[128,256):n=6,ell=2"
Gaussian RP,9,5,23,18,1,0.010291300000972115,0.2950289000000339,0.305320200001006,0.12661512708342068,0.2926651011705082,0.3204864836972528,0.0016378000000258908,0.003169299990986474,0.003627900005085394,0.0013064000086160377,0.00012159999459981918,0.0002082999999402091,0.010071299999253824,lastfm-asia,0.0,mean,7.2943336831059815,,,,,,,,,,,
Degree-stratified RP,9,5,23,18,1,0.016555700000026263,0.2999906000040937,0.31654630000412,0.10552410458893242,0.25537454020856887,0.3051833244147798,,,,,,,0.016294299988658167,lastfm-asia,0.0,mean,7.2943336831059815,0.00046609999844804406,0.003858099997160025,0.006328299990855157,0.003914000000804663,0.0013820000021951273,0.00012579999747686088,0.00022000000171829015,8.0,2.0,4.0,"[1,2):n=1754,ell=2;[2,4):n=1979,ell=3;[4,8):n=1786,ell=3;[8,16):n=1265,ell=4;[16,32):n=576,ell=4;[32,64):n=212,ell=3;[64,128):n=46,ell=2;[128,256):n=6,ell=2"
Gaussian RP,10,5,23,18,1,0.010151700000278652,0.3138255000085337,0.32397720000881236,0.12831505818018313,0.28465431347733483,0.32910613497162133,0.0016162999963853508,0.003158899999107234,0.0036549000069499016,0.0010971000010613352,0.00011490000179037452,0.00022959998750593513,0.009871699992800131,lastfm-asia,0.0,mean,7.2943336831059815,,,,,,,,,,,
Degree-stratified RP,10,5,23,18,1,0.015524200003710575,0.3049481000052765,0.3204723000089871,0.1119674018294338,0.26753403861015124,0.28074382736221026,,,,,,,0.015284399982192554,lastfm-asia,0.0,mean,7.2943336831059815,0.0004799999878741801,0.003675600004498847,0.005880500000785105,0.003479699997114949,0.001401600005920045,0.00012419999984558672,0.00024279998615384102,8.0,2.0,4.0,"[1,2):n=1754,ell=2;[2,4):n=1979,ell=3;[4,8):n=1786,ell=3;[8,16):n=1265,ell=4;[16,32):n=576,ell=4;[32,64):n=212,ell=3;[64,128):n=46,ell=2;[128,256):n=6,ell=2"
Gaussian RP,1,10,28,18,1,0.012327600008575246,0.34772019999218173,0.360047800000757,0.13130454794674912,0.2977249827363627,0.3354466882168026,0.001991600001929328,0.003562800004146993,0.004533400002401322,0.0013824999914504588,0.00028219999512657523,0.00025939999613910913,0.012011899991193786,lastfm-asia,0.0,mean,7.2943336831059815,,,,,,,,,,,
Degree-stratified RP,1,10,28,18,1,0.01844590000109747,0.3446429000032367,0.3630888000043342,0.13604399345484897,0.2914116425414136,0.30271096382075885,,,,,,,0.018139199979486875,lastfm-asia,0.0,mean,7.2943336831059815,0.000491300001158379,0.004208099999232218,0.007128999990527518,0.004503799995291047,0.0011738999892259017,0.0002967000036733225,0.0003364000003784895,8.0,2.0,5.0,"[1,2):n=1754,ell=2;[2,4):n=1979,ell=3;[4,8):n=1786,ell=4;[8,16):n=1265,ell=5;[16,32):n=576,ell=5;[32,64):n=212,ell=4;[64,128):n=46,ell=3;[128,256):n=6,ell=2"
Gaussian RP,2,10,28,18,1,0.012904299990623258,0.34265120000054594,0.3555554999911692,0.12368350009338198,0.2874707366967325,0.342992209717636,0.0020878999930573627,0.0037884000048507005,0.004760399999213405,0.001510200003394857,0.00024120000307448208,0.00024290000146720558,0.012631000005058013,lastfm-asia,0.0,mean,7.2943336831059815,,,,,,,,,,,
Degree-stratified RP,2,10,28,18,1,0.01839800000016112,0.3049453999992693,0.3233433999994304,0.11597959548118922,0.27882072576853756,0.28245814028304156,,,,,,,0.018125299975508824,lastfm-asia,0.0,mean,7.2943336831059815,0.00047199999971780926,0.003840599994873628,0.007187800001702271,0.004562699992675334,0.0015605999942636117,0.0002480999974068254,0.00025349999486934394,8.0,2.0,5.0,"[1,2):n=1754,ell=2;[2,4):n=1979,ell=3;[4,8):n=1786,ell=4;[8,16):n=1265,ell=5;[16,32):n=576,ell=5;[32,64):n=212,ell=4;[64,128):n=46,ell=3;[128,256):n=6,ell=2"
Gaussian RP,3,10,28,18,1,0.011767500007408671,0.30744140000024345,0.3192089000076521,0.11932023872099154,0.27257551750802994,0.30742218116852915,0.0019936999888159335,0.0032768000091891736,0.004673199990065768,0.001148399998783134,0.00022990000434219837,0.00022690001060254872,0.011548900001798756,lastfm-asia,0.0,mean,7.2943336831059815,,,,,,,,,,,
Degree-stratified RP,3,10,28,18,1,0.01898369999253191,0.330936099999235,0.3499197999917669,0.11012602518097266,0.2713202879208181,0.30941090152175704,,,,,,,0.018687300020246767,lastfm-asia,0.0,mean,7.2943336831059815,0.0004825000069104135,0.004283600006601773,0.007388999991235323,0.004634500000975095,0.0012920000008307397,0.00027630000840872526,0.0003294000052846968,8.0,2.0,5.0,"[1,2):n=1754,ell=2;[2,4):n=1979,ell=3;[4,8):n=1786,ell=4;[8,16):n=1265,ell=5;[16,32):n=576,ell=5;[32,64):n=212,ell=4;[64,128):n=46,ell=3;[128,256):n=6,ell=2"
Gaussian RP,4,10,28,18,1,0.011003800012986176,0.3252645000029588,0.336268300015945,0.12873851588524407,0.28044195959931223,0.31017624692000517,0.0018203999934485182,0.0025886999937938526,0.004622299995389767,0.0012446000037016347,0.0002739000046858564,0.00021440000273287296,0.010764299993752502,lastfm-asia,0.0,mean,7.2943336831059815,,,,,,,,,,,
Degree-stratified RP,4,10,28,18,1,0.01839579999796115,0.3035692000121344,0.32196500001009554,0.13603405360005894,0.3045090918897443,0.2909828659966918,,,,,,,0.01811140001518652,lastfm-asia,0.0,mean,7.2943336831059815,0.0005118999979458749,0.004163500008871779,0.00717689999146387,0.004466200000024401,0.0012999000027775764,0.000258100000792183,0.00023490001331083477,8.0,2.0,5.0,"[1,2):n=1754,ell=2;[2,4):n=1979,ell=3;[4,8):n=1786,ell=4;[8,16):n=1265,ell=5;[16,32):n=576,ell=5;[32,64):n=212,ell=4;[64,128):n=46,ell=3;[128,256):n=6,ell=2"
Gaussian RP,5,10,28,18,1,0.01256320001266431,0.3182560999994166,0.33081930001208093,0.1470514414609115,0.31490035565105257,0.3166346994554303,0.0020173000084469095,0.003683300004922785,0.004780700008268468,0.0012658999912673607,0.00023570000485051423,0.0002654000127222389,0.012248300030478276,lastfm-asia,0.0,mean,7.2943336831059815,,,,,,,,,,,
Degree-stratified RP,5,10,28,18,1,0.018368499993812293,0.31308190000709146,0.33145040000090376,0.13706839439952384,0.30062779385547805,0.3092330363601242,,,,,,,0.018078699984471314,lastfm-asia,0.0,mean,7.2943336831059815,0.0005131999932928011,0.004537700006039813,0.006584099988685921,0.00431300001218915,0.001626199999009259,0.000275999991572462,0.00022849999368190765,8.0,2.0,5.0,"[1,2):n=1754,ell=2;[2,4):n=1979,ell=3;[4,8):n=1786,ell=4;[8,16):n=1265,ell=5;[16,32):n=576,ell=5;[32,64):n=212,ell=4;[64,128):n=46,ell=3;[128,256):n=6,ell=2"
Gaussian RP,6,10,28,18,1,0.012472300004446879,0.3473570999922231,0.35982939999666996,0.10656798221847005,0.2726242563554514,0.31477900325301256,0.001891000007162802,0.0036813000042457134,0.004574499995214865,0.0015411000058520585,0.0002452000044286251,0.00022200000239536166,0.012155100019299425,lastfm-asia,0.0,mean,7.2943336831059815,,,,,,,,,,,
Degree-stratified RP,6,10,28,18,1,0.01773059999686666,0.2596348999941256,0.27736549999099225,0.14185491962388608,0.3072652718731801,0.31094129525018427,,,,,,,0.01746149999962654,lastfm-asia,0.0,mean,7.2943336831059815,0.00046629999997094274,0.004290900003979914,0.00686429999768734,0.004132800007937476,0.001264699996681884,0.0002116999967256561,0.00023079999664332718,8.0,2.0,5.0,"[1,2):n=1754,ell=2;[2,4):n=1979,ell=3;[4,8):n=1786,ell=4;[8,16):n=1265,ell=5;[16,32):n=576,ell=5;[32,64):n=212,ell=4;[64,128):n=46,ell=3;[128,256):n=6,ell=2"
Gaussian RP,7,10,28,18,1,0.011016500007826835,0.2836558999988483,0.29467240000667516,0.14239965041311323,0.29652570816603885,0.3520204963040178,0.0017222999886143953,0.0025012999976752326,0.00470330000098329,0.0012700999941444024,0.00026790000265464187,0.00023240000882651657,0.010697299992898479,lastfm-asia,0.0,mean,7.2943336831059815,,,,,,,,,,,
Degree-stratified RP,7,10,28,18,1,0.017031299998052418,0.3082425000029616,0.325273800001014,0.11695278894262172,0.2736051051581791,0.30728387598235857,,,,,,,0.01677940000081435,lastfm-asia,0.0,mean,7.2943336831059815,0.0004700999998021871,0.0038395000010496005,0.0067676000035135075,0.004075899996678345,0.0011563000007299706,0.00024029999622143805,0.0002297000028192997,8.0,2.0,5.0,"[1,2):n=1754,ell=2;[2,4):n=1979,ell=3;[4,8):n=1786,ell=4;[8,16):n=1265,ell=5;[16,32):n=576,ell=5;[32,64):n=212,ell=4;[64,128):n=46,ell=3;[128,256):n=6,ell=2"
Gaussian RP,8,10,28,18,1,0.012280399998417124,0.36991730000590906,0.3821977000043262,0.12607322595446815,0.2833780566442148,0.28307819571358606,0.001976900006411597,0.0036580000014510006,0.00444259999494534,0.0015054999967105687,0.00025090000417549163,0.00021469999046530575,0.012048599994159304,lastfm-asia,0.0,mean,7.2943336831059815,,,,,,,,,,,
Degree-stratified RP,8,10,28,18,1,0.018634399995789863,0.3064181999943685,0.32505259999015834,0.1272133477895549,0.2743151273682296,0.28857993373021196,,,,,,,0.018349299978581257,lastfm-asia,0.0,mean,7.2943336831059815,0.0004680999991251156,0.004157499992288649,0.0075040999945485964,0.004502399999182671,0.0012157000019215047,0.0002572999947005883,0.00024419999681413174,8.0,2.0,5.0,"[1,2):n=1754,ell=2;[2,4):n=1979,ell=3;[4,8):n=1786,ell=4;[8,16):n=1265,ell=5;[16,32):n=576,ell=5;[32,64):n=212,ell=4;[64,128):n=46,ell=3;[128,256):n=6,ell=2"
Gaussian RP,9,10,28,18,1,0.012453999996068887,0.3006549000128871,0.31310890000895597,0.13919963256316498,0.2975904092176772,0.3392018543428637,0.002002099994570017,0.003685299991047941,0.004504099997575395,0.001525899991975166,0.0002523000002838671,0.00024119998852256685,0.012210899963974953,lastfm-asia,0.0,mean,7.2943336831059815,,,,,,,,,,,
Degree-stratified RP,9,10,28,18,1,0.02024090000486467,0.31544550000398885,0.3356864000088535,0.11307609350471119,0.278244702999431,0.3288064317782252,,,,,,,0.019873500015819445,lastfm-asia,0.0,mean,7.2943336831059815,0.0004994000046281144,0.004424500002642162,0.00757549999980256,0.004802000010386109,0.0017051000031642616,0.00031579998903907835,0.0005512000061571598,8.0,2.0,5.0,"[1,2):n=1754,ell=2;[2,4):n=1979,ell=3;[4,8):n=1786,ell=4;[8,16):n=1265,ell=5;[16,32):n=576,ell=5;[32,64):n=212,ell=4;[64,128):n=46,ell=3;[128,256):n=6,ell=2"
Gaussian RP,10,10,28,18,1,0.013047999993432313,0.30841109999164473,0.32145909998507705,0.11788127009821334,0.27142615657363034,0.30791092779418,0.0020521999977063388,0.0037099999899510294,0.004930499999318272,0.0015217000036500394,0.0002872000040952116,0.0002648000081535429,0.012766400002874434,lastfm-asia,0.0,mean,7.2943336831059815,,,,,,,,,,,
Degree-stratified RP,10,10,28,18,1,0.01904850000573788,0.3226847000041744,0.34173320000991225,0.12429340675916822,0.28424703690645314,0.2827130654167597,,,,,,,0.018752299991319887,lastfm-asia,0.0,mean,7.2943336831059815,0.0005294000002322719,0.004133800001000054,0.007692300001508556,0.004647399997338653,0.0012008999910904095,0.00027709999994840473,0.0002714000002015382,8.0,2.0,5.0,"[1,2):n=1754,ell=2;[2,4):n=1979,ell=3;[4,8):n=1786,ell=4;[8,16):n=1265,ell=5;[16,32):n=576,ell=5;[32,64):n=212,ell=4;[64,128):n=46,ell=3;[128,256):n=6,ell=2"
Gaussian RP,1,20,38,18,1,0.01834539999254048,0.30834129999857396,0.32668669999111444,0.14827887058364833,0.30375663616347476,0.32136373022207865,0.002710699991439469,0.0048863999982131645,0.007565600011730567,0.0021063000021968037,0.00036689999978989363,0.0002869000018108636,0.01792280000518076,lastfm-asia,0.0,mean,7.2943336831059815,,,,,,,,,,,
Degree-stratified RP,1,20,38,18,1,0.026091399995493703,0.31907139999384526,0.34516279998933896,0.13574872222740514,0.2949085706762847,0.31230524174013524,,,,,,,0.025708400004077703,lastfm-asia,0.0,mean,7.2943336831059815,0.00035180000122636557,0.004142700010561384,0.011144400006742217,0.007398499990813434,0.0020185000030323863,0.00037029999657534063,0.00028219999512657523,8.0,2.0,7.0,"[1,2):n=1754,ell=3;[2,4):n=1979,ell=4;[4,8):n=1786,ell=6;[8,16):n=1265,ell=7;[16,32):n=576,ell=6;[32,64):n=212,ell=6;[64,128):n=46,ell=4;[128,256):n=6,ell=2"
Gaussian RP,2,20,38,18,1,0.01795680000213906,0.2912423999950988,0.3091991999972379,0.14029607800370397,0.3006587531342414,0.3458970812460856,0.0027632999990601093,0.004950499991537072,0.0072653999959584326,0.0020019999938085675,0.00028639999800361693,0.0002572999947005883,0.017524899973068386,lastfm-asia,0.0,mean,7.2943336831059815,,,,,,,,,,,
Degree-stratified RP,2,20,38,18,1,0.025641900007030927,0.31126300001051277,0.3369049000175437,0.14466451168815417,0.3046760009664462,0.3214095190459725,,,,,,,0.02520590000494849,lastfm-asia,0.0,mean,7.2943336831059815,0.00046720000682398677,0.004523499999777414,0.01058819999161642,0.007025500002782792,0.001998499996261671,0.0003508000081637874,0.0002521999995224178,8.0,2.0,7.0,"[1,2):n=1754,ell=3;[2,4):n=1979,ell=4;[4,8):n=1786,ell=6;[8,16):n=1265,ell=7;[16,32):n=576,ell=6;[32,64):n=212,ell=6;[64,128):n=46,ell=4;[128,256):n=6,ell=2"
Gaussian RP,3,20,38,18,1,0.01714219999848865,0.30156500000157394,0.3187072000000626,0.15679081594247815,0.3255030233029732,0.348102358330422,0.0022992000012891367,0.0041649999911896884,0.007574999995995313,0.0020758999889949337,0.00032890000147745013,0.0002597999991849065,0.01670379997813143,lastfm-asia,0.0,mean,7.2943336831059815,,,,,,,,,,,
Degree-stratified RP,3,20,38,18,1,0.024970400001620874,0.32440710000810213,0.349377500009723,0.12963723198960536,0.29351549503623925,0.33013547669058835,,,,,,,0.024557899989304133,lastfm-asia,0.0,mean,7.2943336831059815,0.0004927999980282038,0.0041803999920375645,0.010478900003363378,0.006897200000821613,0.001908899997943081,0.00033579999580979347,0.00026390000130049884,8.0,2.0,7.0,"[1,2):n=1754,ell=3;[2,4):n=1979,ell=4;[4,8):n=1786,ell=6;[8,16):n=1265,ell=7;[16,32):n=576,ell=6;[32,64):n=212,ell=6;[64,128):n=46,ell=4;[128,256):n=6,ell=2"
Gaussian RP,4,20,38,18,1,0.01785859999654349,0.3064281000115443,0.3242867000080878,0.16520540918433863,0.33600825442185184,0.34556220929555076,0.0026439999928697944,0.004973000002792105,0.007042299999739043,0.002096900003380142,0.00037299998803064227,0.0002410000015515834,0.01737019998836331,lastfm-asia,0.0,mean,7.2943336831059815,,,,,,,,,,,
Degree-stratified RP,4,20,38,18,1,0.024668300000485033,0.30585340000106953,0.33052170000155456,0.1500448342392311,0.30924696786244754,0.29179849690158727,,,,,,,0.024256699995021336,lastfm-asia,0.0,mean,7.2943336831059815,0.0004658999969251454,0.00421660000574775,0.010000300011597574,0.006996799987973645,0.0019852999976137653,0.0003392999933566898,0.0002525000018067658,8.0,2.0,7.0,"[1,2):n=1754,ell=3;[2,4):n=1979,ell=4;[4,8):n=1786,ell=6;[8,16):n=1265,ell=7;[16,32):n=576,ell=6;[32,64):n=212,ell=6;[64,128):n=46,ell=4;[128,256):n=6,ell=2"
Gaussian RP,5,20,38,18,1,0.01702790000126697,0.28043530001014005,0.297463200011407,0.18004639558042487,0.35410199186069324,0.3485746781858536,0.0027623999922070652,0.004840499997953884,0.0069081999972695485,0.0015268999995896593,0.000338099998771213,0.00023999999393709004,0.01661609997972846,lastfm-asia,0.0,mean,7.2943336831059815,,,,,,,,,,,
Degree-stratified RP,5,20,38,18,1,0.024963300005765632,0.31548070001008455,0.3404440000158502,0.12908842085666514,0.2819009066009605,0.2809251215247811,,,,,,,0.024544200030504726,lastfm-asia,0.0,mean,7.2943336831059815,0.00048150001384783536,0.004166600003372878,0.010437000004458241,0.006868100012070499,0.0019892999989679083,0.00033120000443886966,0.00027049999334849417,8.0,2.0,7.0,"[1,2):n=1754,ell=3;[2,4):n=1979,ell=4;[4,8):n=1786,ell=6;[8,16):n=1265,ell=7;[16,32):n=576,ell=6;[32,64):n=212,ell=6;[64,128):n=46,ell=4;[128,256):n=6,ell=2"
Gaussian RP,6,20,38,18,1,0.016983200010145083,0.28728039999259636,0.30426360000274144,0.14705046763261134,0.31364957202463545,0.3309272059112792,0.002777400004561059,0.00420029999804683,0.0070899999991524965,0.002013700010138564,0.0003352999920025468,0.00024389999452978373,0.01666059999843128,lastfm-asia,0.0,mean,7.2943336831059815,,,,,,,,,,,
Degree-stratified RP,6,20,38,18,1,0.023977200005901977,0.3047336000017822,0.32871080000768416,0.13438236381550175,0.2974117105053924,0.3159240327524513,,,,,,,0.023586299997987226,lastfm-asia,0.0,mean,7.2943336831059815,0.00047790000098757446,0.004404699997394346,0.009971200008294545,0.0061876999970991164,0.0019487999961711466,0.00032920000376179814,0.00026679999427869916,8.0,2.0,7.0,"[1,2):n=1754,ell=3;[2,4):n=1979,ell=4;[4,8):n=1786,ell=6;[8,16):n=1265,ell=7;[16,32):n=576,ell=6;[32,64):n=212,ell=6;[64,128):n=46,ell=4;[128,256):n=6,ell=2"
Gaussian RP,7,20,38,18,1,0.01858209999045357,0.29767610000271816,0.31625819999317173,0.1572106065396627,0.3253052589337959,0.346772418234314,0.002704500002437271,0.005376800007070415,0.007793699987814762,0.0016651999903842807,0.00036839999665971845,0.00028360000578686595,0.018192199990153313,lastfm-asia,0.0,mean,7.2943336831059815,,,,,,,,,,,
Degree-stratified RP,7,20,38,18,1,0.02800510000088252,0.2966807000047993,0.3246858000056818,0.16872490965477427,0.3419540172771298,0.3490451636150474,,,,,,,0.027650100004393607,lastfm-asia,0.0,mean,7.2943336831059815,0.0005926000012550503,0.005344399993191473,0.011354800008120947,0.007541200000559911,0.002101100006257184,0.00038500000664498657,0.00033099998836405575,8.0,2.0,7.0,"[1,2):n=1754,ell=3;[2,4):n=1979,ell=4;[4,8):n=1786,ell=6;[8,16):n=1265,ell=7;[16,32):n=576,ell=6;[32,64):n=212,ell=6;[64,128):n=46,ell=4;[128,256):n=6,ell=2"
Gaussian RP,8,20,38,18,1,0.018299500006833114,0.31771190000290517,0.3360114000097383,0.16595522890064754,0.32406722063332943,0.32882032081812895,0.0029172999929869547,0.004784699995070696,0.0075342000054661185,0.002103299993905239,0.00035459999344311655,0.00027129999944008887,0.017965399980312213,lastfm-asia,0.0,mean,7.2943336831059815,,,,,,,,,,,
Degree-stratified RP,8,20,38,18,1,0.024943099997472018,0.30443170000216924,0.32937479999964125,0.16227747862699604,0.31579660409248583,0.32819410717396225,,,,,,,0.02461240001139231,lastfm-asia,0.0,mean,7.2943336831059815,0.0004896000027656555,0.004334999990533106,0.01030150000588037,0.006988900000578724,0.00192020001122728,0.0003284999984316528,0.00024870000197552145,8.0,2.0,7.0,"[1,2):n=1754,ell=3;[2,4):n=1979,ell=4;[4,8):n=1786,ell=6;[8,16):n=1265,ell=7;[16,32):n=576,ell=6;[32,64):n=212,ell=6;[64,128):n=46,ell=4;[128,256):n=6,ell=2"
Gaussian RP,9,20,38,18,1,0.018192999996244907,0.3075665999931516,0.3257595999893965,0.17949783795796223,0.34334307891077404,0.3666809340923564,0.002410600005532615,0.004870700009632856,0.00781329999153968,0.0018733000033535063,0.000370699999621138,0.0003741000109585002,0.017712700020638295,lastfm-asia,0.0,mean,7.2943336831059815,,,,,,,,,,,
Degree-stratified RP,9,20,38,18,1,0.023954300006153062,0.265700799995102,0.28965510000125505,0.14054000007205988,0.29691071260045204,0.28773295740611676,,,,,,,0.02353230002336204,lastfm-asia,0.0,mean,7.2943336831059815,0.0004685000021709129,0.004206400000839494,0.009383900003740564,0.0069706000067526475,0.0019065000087721273,0.0003419999993639067,0.00025440000172238797,8.0,2.0,7.0,"[1,2):n=1754,ell=3;[2,4):n=1979,ell=4;[4,8):n=1786,ell=6;[8,16):n=1265,ell=7;[16,32):n=576,ell=6;[32,64):n=212,ell=6;[64,128):n=46,ell=4;[128,256):n=6,ell=2"
Gaussian RP,10,20,38,18,1,0.01452650000283029,0.2823071000020718,0.2968336000049021,0.14347966305854115,0.30419267484972556,0.3375938149128117,0.002466600009938702,0.002921000006608665,0.006758700008504093,0.0014415999903576449,0.00027439999394118786,0.00025769999774638563,0.014120000007096678,lastfm-asia,0.0,mean,7.2943336831059815,,,,,,,,,,,
Degree-stratified RP,10,20,38,18,1,0.02306490000046324,0.28962580001098104,0.3126907000114443,0.15962773017305393,0.31381405356731257,0.3482607095274173,,,,,,,0.02268089998688083,lastfm-asia,0.0,mean,7.2943336831059815,0.00046100000326987356,0.004146099992794916,0.009822399995755404,0.0061049999931128696,0.0015934999973978847,0.0003166999958921224,0.00023620000865776092,8.0,2.0,7.0,"[1,2):n=1754,ell=3;[2,4):n=1979,ell=4;[4,8):n=1786,ell=6;[8,16):n=1265,ell=7;[16,32):n=576,ell=6;[32,64):n=212,ell=6;[64,128):n=46,ell=4;[128,256):n=6,ell=2"
Gaussian RP,1,40,58,18,1,0.02697500000067521,0.2581971999898087,0.28517219999048393,0.21821610869570263,0.3728714032916065,0.3680950801312011,0.004043499997351319,0.006442500001867302,0.012611699989065528,0.0023662999883526936,0.0005636999994749203,0.0003209999995306134,0.026348699975642376,lastfm-asia,0.0,mean,7.2943336831059815,,,,,,,,,,,
Degree-stratified RP,1,40,58,18,1,0.03714359999867156,0.25284349999856204,0.2899870999972336,0.19320407573033263,0.3617187399214257,0.3368258393707273,,,,,,,0.036409799999091774,lastfm-asia,0.0,mean,7.2943336831059815,0.0005368999991333112,0.0037937000015517697,0.015295199991669506,0.012698399994405918,0.00315730000147596,0.0006138000026112422,0.00031450000824406743,8.0,4.0,10.0,"[1,2):n=1754,ell=4;[2,4):n=1979,ell=6;[4,8):n=1786,ell=9;[8,16):n=1265,ell=10;[16,32):n=576,ell=10;[32,64):n=212,ell=9;[64,128):n=46,ell=6;[128,256):n=6,ell=4"
Gaussian RP,2,40,58,18,1,0.02939670000341721,0.2522519000049215,0.2816486000083387,0.21741854356377366,0.38054181903757245,0.3621206056711132,0.00395290000597015,0.006883800000650808,0.014358400003402494,0.0027972999960184097,0.0006450000073527917,0.00028569999267347157,0.028923100006068125,lastfm-asia,0.0,mean,7.2943336831059815,,,,,,,,,,,
Degree-stratified RP,2,40,58,18,1,0.03728639999462757,0.27642500000365544,0.313711399998283,0.1892344153866027,0.3470104356959233,0.34274696027454093,,,,,,,0.03672699999879114,lastfm-asia,0.0,mean,7.2943336831059815,0.0004656999954022467,0.004800100010470487,0.016575800007558428,0.01175939998938702,0.0021858999971300364,0.0006532999977935106,0.0002868000010494143,8.0,4.0,10.0,"[1,2):n=1754,ell=4;[2,4):n=1979,ell=6;[4,8):n=1786,ell=9;[8,16):n=1265,ell=10;[16,32):n=576,ell=10;[32,64):n=212,ell=9;[64,128):n=46,ell=6;[128,256):n=6,ell=4"
Gaussian RP,3,40,58,18,1,0.023971699993126094,0.2796117000107188,0.30358340000384487,0.1904165525890427,0.3552264917686317,0.34285027686164704,0.003529299996444024,0.004698000004282221,0.012028700002701953,0.0023424999963026494,0.0006504999910248443,0.00026699999580159783,0.02351599998655729,lastfm-asia,0.0,mean,7.2943336831059815,,,,,,,,,,,
Degree-stratified RP,3,40,58,18,1,0.0451937000034377,0.29514990000461694,0.34034360000805464,0.17946499429610935,0.3427365078194192,0.37304244172724116,,,,,,,0.044574000014108606,lastfm-asia,0.0,mean,7.2943336831059815,0.0005865999992238358,0.005279899996821769,0.019699900003615767,0.014291400002548471,0.0035536000068532303,0.000760499999159947,0.00040210000588558614,8.0,4.0,10.0,"[1,2):n=1754,ell=4;[2,4):n=1979,ell=6;[4,8):n=1786,ell=9;[8,16):n=1265,ell=10;[16,32):n=576,ell=10;[32,64):n=212,ell=9;[64,128):n=46,ell=6;[128,256):n=6,ell=4"
Gaussian RP,4,40,58,18,1,0.028315399991697632,0.261888099994394,0.29020349998609163,0.1841549880093518,0.3629803539659584,0.33029232599174513,0.0040945000073406845,0.007067700003972277,0.012707400004728697,0.0027735999901778996,0.0007247000030474737,0.0003277999931015074,0.02769570000236854,lastfm-asia,0.0,mean,7.2943336831059815,,,,,,,,,,,
Degree-stratified RP,4,40,58,18,1,0.04049749999830965,0.2717884000012418,0.3122858999995515,0.18920403526652876,0.3469074079594217,0.34675129131414184,,,,,,,0.039782499996363185,lastfm-asia,0.0,mean,7.2943336831059815,0.00048650000826455653,0.005611899992800318,0.017136599999503233,0.01273669999500271,0.0028091999993193895,0.000677400006679818,0.00032419999479316175,8.0,4.0,10.0,"[1,2):n=1754,ell=4;[2,4):n=1979,ell=6;[4,8):n=1786,ell=9;[8,16):n=1265,ell=10;[16,32):n=576,ell=10;[32,64):n=212,ell=9;[64,128):n=46,ell=6;[128,256):n=6,ell=4"
Gaussian RP,5,40,58,18,1,0.03234840001096018,0.26747309998609126,0.29982149999705143,0.2011022010160736,0.3592066417839314,0.31155428649853767,0.00426030000380706,0.007154199993237853,0.015500800000154413,0.0035083999973721802,0.0007516999903600663,0.0004104999970877543,0.03158589998201933,lastfm-asia,0.0,mean,7.2943336831059815,,,,,,,,,,,
Degree-stratified RP,5,40,58,18,1,0.04933629999868572,0.26009320000594016,0.3094295000046259,0.18429274493342793,0.35212804371360196,0.35097782108419157,,,,,,,0.04859270004089922,lastfm-asia,0.0,mean,7.2943336831059815,0.0004423000063979998,0.00549969999701716,0.0236021000018809,0.014683100002002902,0.0032638000120641664,0.0006817000103183091,0.0004200000112177804,8.0,4.0,10.0,"[1,2):n=1754,ell=4;[2,4):n=1979,ell=6;[4,8):n=1786,ell=9;[8,16):n=1265,ell=10;[16,32):n=576,ell=10;[32,64):n=212,ell=9;[64,128):n=46,ell=6;[128,256):n=6,ell=4"
Gaussian RP,6,40,58,18,1,0.03189610000117682,0.25763339998957235,0.2895294999907492,0.20152023795104043,0.3576542748264013,0.35850887244022045,0.004079500009538606,0.007210399999166839,0.015467599994735792,0.003160600012051873,0.0006923000037204474,0.0004130000015720725,0.03102340002078563,lastfm-asia,0.0,mean,7.2943336831059815,,,,,,,,,,,
Degree-stratified RP,6,40,58,18,1,0.04929350000747945,0.269826000003377,0.3191195000108564,0.18821373862468008,0.35042909546697437,0.31812448169755164,,,,,,,0.04853609998826869,lastfm-asia,0.0,mean,7.2943336831059815,0.00048630000674165785,0.006764599995221943,0.022596999988309108,0.014876200002618134,0.0026365999947302043,0.0006925999914528802,0.0004828000091947615,8.0,4.0,10.0,"[1,2):n=1754,ell=4;[2,4):n=1979,ell=6;[4,8):n=1786,ell=9;[8,16):n=1265,ell=10;[16,32):n=576,ell=10;[32,64):n=212,ell=9;[64,128):n=46,ell=6;[128,256):n=6,ell=4"
Gaussian RP,7,40,58,18,1,0.03196240001125261,0.2614326000039,0.2933950000151526,0.21855143602109184,0.382041253743911,0.35588232480005233,0.004363599990028888,0.007287999993423,0.01509309999528341,0.0034408999927109107,0.0006968999950913712,0.00043840000580530614,0.031320899972342886,lastfm-asia,0.0,mean,7.2943336831059815,,,,,,,,,,,
Degree-stratified RP,7,40,58,18,1,0.04724470000655856,0.2724686000001384,0.31971330000669695,0.20428362530426147,0.3654728881727449,0.3428236488014961,,,,,,,0.04645219999656547,lastfm-asia,0.0,mean,7.2943336831059815,0.00033650000113993883,0.005188700000871904,0.02171509999607224,0.014530700005707331,0.0036186000070301816,0.0006561999907717109,0.00040639999497216195,8.0,4.0,10.0,"[1,2):n=1754,ell=4;[2,4):n=1979,ell=6;[4,8):n=1786,ell=9;[8,16):n=1265,ell=10;[16,32):n=576,ell=10;[32,64):n=212,ell=9;[64,128):n=46,ell=6;[128,256):n=6,ell=4"
Gaussian RP,8,40,58,18,1,0.02974969999922905,0.261343999998644,0.29109369999787305,0.21064468425006636,0.3746786293799351,0.36908243663716106,0.0042505000019446015,0.007505199988372624,0.013998399997944944,0.002438099996652454,0.0006238999922061339,0.0004071000003023073,0.029223199977423064,lastfm-asia,0.0,mean,7.2943336831059815,,,,,,,,,,,
Degree-stratified RP,8,40,58,18,1,0.04251500000827946,0.2679239000135567,0.31043890002183616,0.21722707480455575,0.36099099055979367,0.3331223457788966,,,,,,,0.04196119999687653,lastfm-asia,0.0,mean,7.2943336831059815,0.00033740000799298286,0.004220899994834326,0.01842150000447873,0.014353399994433858,0.003543399987393059,0.0006548000092152506,0.00042979999852832407,8.0,4.0,10.0,"[1,2):n=1754,ell=4;[2,4):n=1979,ell=6;[4,8):n=1786,ell=9;[8,16):n=1265,ell=10;[16,32):n=576,ell=10;[32,64):n=212,ell=9;[64,128):n=46,ell=6;[128,256):n=6,ell=4"
Gaussian RP,9,40,58,18,1,0.0303626999957487,0.2671940000000177,0.2975566999957664,0.18615853794631168,0.35134358658806847,0.35902644651309656,0.003886999998940155,0.006642100008320995,0.014943799993488938,0.002808799996273592,0.0006850000063423067,0.0005197999998927116,0.029486500003258698,lastfm-asia,0.0,mean,7.2943336831059815,,,,,,,,,,,
Degree-stratified RP,9,40,58,18,1,0.042792199994437397,0.2810482999921078,0.3238404999865452,0.1864391792351499,0.33750031703007555,0.31741360181448985,,,,,,,0.04203209998377133,lastfm-asia,0.0,mean,7.2943336831059815,0.0004658999969251454,0.005206199988606386,0.01879660000849981,0.013491199992131442,0.0030269999988377094,0.0006930999952601269,0.0003521000035107136,8.0,4.0,10.0,"[1,2):n=1754,ell=4;[2,4):n=1979,ell=6;[4,8):n=1786,ell=9;[8,16):n=1265,ell=10;[16,32):n=576,ell=10;[32,64):n=212,ell=9;[64,128):n=46,ell=6;[128,256):n=6,ell=4"
Gaussian RP,10,40,58,18,1,0.03087940000114031,0.2486569999891799,0.2795363999903202,0.20915009566472081,0.3713275632381991,0.33752896644915076,0.004236099994159304,0.006832099999883212,0.014745899999979883,0.0031194999901345,0.0005952999927103519,0.00044499999785330147,0.029973899974720553,lastfm-asia,0.0,mean,7.2943336831059815,,,,,,,,,,,
Degree-stratified RP,10,40,58,18,1,0.047752200000104494,0.2599138999939896,0.3076660999940941,0.18766132672371447,0.3426783277237101,0.33241696433621803,,,,,,,0.04686060002131853,lastfm-asia,0.0,mean,7.2943336831059815,0.00034070000401698053,0.005412400001659989,0.020902200005366467,0.014764000006834976,0.004269700002623722,0.0007327000057557598,0.0004388999950606376,8.0,4.0,10.0,"[1,2):n=1754,ell=4;[2,4):n=1979,ell=6;[4,8):n=1786,ell=9;[8,16):n=1265,ell=10;[16,32):n=576,ell=10;[32,64):n=212,ell=9;[64,128):n=46,ell=6;[128,256):n=6,ell=4"
Gaussian RP,1,5,23,18,1,0.011299699996015988,0.357913700005156,0.369213400001172,0.11958314329962566,0.26282766793170914,0.3172545126550951,0.0016447999951196834,0.003900900002918206,0.0038588999886997044,0.0012703999964287505,0.00011799999629147351,0.0002598999999463558,0.011052899979404174,lastfm-asia,0.25,0,0.0,,,,,,,,,,,
Degree-stratified RP,1,5,23,18,1,0.015083500009495765,0.36654830000770744,0.3816318000172032,0.10680375785382822,0.25086809667787974,0.2812196853972988,,,,,,,0.014775300020119175,lastfm-asia,0.25,0,0.0,0.00047259998973459005,0.003639700007624924,0.005632299988064915,0.0034730000043055043,0.0011903000122401863,0.00010490001295693219,0.00026250000519212335,8.0,2.0,4.0,"[1,2):n=1754,ell=2;[2,4):n=1979,ell=3;[4,8):n=1786,ell=3;[8,16):n=1265,ell=4;[16,32):n=576,ell=4;[32,64):n=212,ell=3;[64,128):n=46,ell=2;[128,256):n=6,ell=2"
Gaussian RP,2,5,23,18,1,0.011553999996976927,0.3618008000048576,0.3733548000018345,0.12772506517532878,0.27593947304307287,0.3209988641648964,0.0017303000058745965,0.0032195000094361603,0.0045956999965710565,0.0012749000015901402,0.00011699998867698014,0.000258400003076531,0.011195800005225465,lastfm-asia,0.25,0,0.0,,,,,,,,,,,
Degree-stratified RP,2,5,23,18,1,0.01571559999138117,0.29444969999894965,0.3101652999903308,0.11269343379474688,0.2527041977742464,0.25933177265460394,,,,,,,0.015410499996505678,lastfm-asia,0.25,0,0.0,0.00046130000555422157,0.0036662999918917194,0.005961799994111061,0.0038417000032495707,0.0011659000010695308,8.209999941755086e-05,0.0002314000012120232,8.0,2.0,4.0,"[1,2):n=1754,ell=2;[2,4):n=1979,ell=3;[4,8):n=1786,ell=3;[8,16):n=1265,ell=4;[16,32):n=576,ell=4;[32,64):n=212,ell=3;[64,128):n=46,ell=2;[128,256):n=6,ell=2"
Gaussian RP,3,5,23,18,1,0.009899700002279133,0.37151989999983925,0.3814196000021184,0.12618469353687467,0.2732809539743052,0.3184471093459829,0.0016812999965623021,0.0030353000038303435,0.003529800000251271,0.0009934999980032444,8.149999484885484e-05,0.00022860000899527222,0.009550000002491288,lastfm-asia,0.25,0,0.0,,,,,,,,,,,
Degree-stratified RP,3,5,23,18,1,0.01497150000068359,0.3289717000006931,0.3439432000013767,0.11883472670500901,0.2501073203438715,0.3160470080734312,,,,,,,0.014674199977889657,lastfm-asia,0.25,0,0.0,0.0004717999981949106,0.003735699996468611,0.005616700000246055,0.0034530999982962385,0.00105339998845011,0.00011310000263620168,0.00023039999359752983,8.0,2.0,4.0,"[1,2):n=1754,ell=2;[2,4):n=1979,ell=3;[4,8):n=1786,ell=3;[8,16):n=1265,ell=4;[16,32):n=576,ell=4;[32,64):n=212,ell=3;[64,128):n=46,ell=2;[128,256):n=6,ell=2"
Gaussian RP,4,5,23,18,1,0.011785900001996197,0.383673499993165,0.3954593999951612,0.11772717214179064,0.26414650683961244,0.3028322293151098,0.001720000000204891,0.0036561000015353784,0.00407890000496991,0.001441300002625212,0.00014139999984763563,0.00030519999563694,0.011342900004819967,lastfm-asia,0.25,0,0.0,,,,,,,,,,,
Degree-stratified RP,4,5,23,18,1,0.018385700008366257,0.3621329999878071,0.3805186999961734,0.11521051965542556,0.24832414358884525,0.2658851405243123,,,,,,,0.018075800020596944,lastfm-asia,0.25,0,0.0,0.000487299999804236,0.004190400009974837,0.006928600007086061,0.004545400006463751,0.001447400005417876,0.0001340999879175797,0.0003426000039326027,8.0,2.0,4.0,"[1,2):n=1754,ell=2;[2,4):n=1979,ell=3;[4,8):n=1786,ell=3;[8,16):n=1265,ell=4;[16,32):n=576,ell=4;[32,64):n=212,ell=3;[64,128):n=46,ell=2;[128,256):n=6,ell=2"
Gaussian RP,5,5,23,18,1,0.012005099997622892,0.34469899999385234,0.35670409999147523,0.12343699487780774,0.2736164033772295,0.29364395629838247,0.0018045000033453107,0.00334619999921415,0.004637699996237643,0.0013829999952577055,0.00012149999383836985,0.00032550000469200313,0.011618399992585182,lastfm-asia,0.25,0,0.0,,,,,,,,,,,
Degree-stratified RP,5,5,23,18,1,0.017026300003635697,0.3285234999930253,0.345549799996661,0.11050041052546007,0.25031818849992016,0.25633757027698745,,,,,,,0.016700299995136447,lastfm-asia,0.25,0,0.0,0.0003972999984398484,0.0037638000067090616,0.006989299989072606,0.003799600002821535,0.0013220999971963465,0.00011310000263620168,0.0003150999982608482,8.0,2.0,4.0,"[1,2):n=1754,ell=2;[2,4):n=1979,ell=3;[4,8):n=1786,ell=3;[8,16):n=1265,ell=4;[16,32):n=576,ell=4;[32,64):n=212,ell=3;[64,128):n=46,ell=2;[128,256):n=6,ell=2"
Gaussian RP,6,5,23,18,1,0.01233880000654608,0.39153569999325555,0.40387449999980163,0.12381955012703796,0.2613549465844696,0.3042596379882763,0.001771700000972487,0.004251299993484281,0.004330099996877834,0.0011003999970853329,0.000122499986900948,0.00030720001086592674,0.01188319998618681,lastfm-asia,0.25,0,0.0,,,,,,,,,,,
Degree-stratified RP,6,5,23,18,1,0.01822889999311883,0.36034400000062305,0.3785728999937419,0.08834056141098723,0.21796878104178805,0.24132028842437864,,,,,,,0.017877199978102,lastfm-asia,0.25,0,0.0,0.0006271000020205975,0.004010999997262843,0.007102799994754605,0.004293499994673766,0.0013996999914525077,0.0001297999988310039,0.0003132999991066754,8.0,2.0,4.0,"[1,2):n=1754,ell=2;[2,4):n=1979,ell=3;[4,8):n=1786,ell=3;[8,16):n=1265,ell=4;[16,32):n=576,ell=4;[32,64):n=212,ell=3;[64,128):n=46,ell=2;[128,256):n=6,ell=2"
Gaussian RP,7,5,23,18,1,0.009916000009980053,0.4097169999877224,0.4196329999977024,0.11126537955632816,0.25479960482779346,0.2737485845098668,0.001528099994175136,0.0025775999965844676,0.00409290000970941,0.0010313000093447044,8.340000931639224e-05,0.00027119999867863953,0.00958450001780875,lastfm-asia,0.25,0,0.0,,,,,,,,,,,
Degree-stratified RP,7,5,23,18,1,0.01564870000584051,0.385288200006471,0.4009369000123115,0.1147434199826926,0.25553396838203873,0.2750563285544342,,,,,,,0.015420799973071553,lastfm-asia,0.25,0,0.0,0.00048099999548867345,0.003950999991502613,0.006187899998622015,0.0033053999941330403,0.0011064999998779967,0.00011629999789875001,0.00027269999554846436,8.0,2.0,4.0,"[1,2):n=1754,ell=2;[2,4):n=1979,ell=3;[4,8):n=1786,ell=3;[8,16):n=1265,ell=4;[16,32):n=576,ell=4;[32,64):n=212,ell=3;[64,128):n=46,ell=2;[128,256):n=6,ell=2"
Gaussian RP,8,5,23,18,1,0.009977399997296743,0.3631830000085756,0.37316040000587236,0.13800221773716548,0.28330870368139877,0.32860813175342735,0.0015475000109290704,0.002935100012109615,0.003933500003768131,0.001028700004098937,8.939999679569155e-05,0.00021009999909438193,0.009744300026795827,lastfm-asia,0.25,0,0.0,,,,,,,,,,,
Degree-stratified RP,8,5,23,18,1,0.014228400003048591,0.3553809999866644,0.369609399989713,0.1232062118406219,0.2730244647004945,0.2884711875515516,,,,,,,0.01401310000801459,lastfm-asia,0.25,0,0.0,0.00047450000420212746,0.0032620999991195276,0.005174599995370954,0.003462799999397248,0.0012977000005776063,0.0001171000039903447,0.00022430000535678118,8.0,2.0,4.0,"[1,2):n=1754,ell=2;[2,4):n=1979,ell=3;[4,8):n=1786,ell=3;[8,16):n=1265,ell=4;[16,32):n=576,ell=4;[32,64):n=212,ell=3;[64,128):n=46,ell=2;[128,256):n=6,ell=2"
Gaussian RP,9,5,23,18,1,0.01003050000872463,0.3633395999931963,0.37337010000192095,0.11977265891909372,0.26312477287118996,0.32017568286717446,0.0014669999945908785,0.0028265000000828877,0.0037832999951206148,0.001331100007519126,0.00011600001016631722,0.0002468999882694334,0.009770799995749258,lastfm-asia,0.25,0,0.0,,,,,,,,,,,
Degree-stratified RP,9,5,23,18,1,0.016023899996071123,0.3580480000091484,0.3740719000052195,0.08314341418577997,0.2116049965397018,0.2843021991451902,,,,,,,0.015786399992066436,lastfm-asia,0.25,0,0.0,0.00034759999834932387,0.003683600007207133,0.006463599987910129,0.0035014000022783875,0.0014159999991534278,0.00011980000999756157,0.00025439998717047274,8.0,2.0,4.0,"[1,2):n=1754,ell=2;[2,4):n=1979,ell=3;[4,8):n=1786,ell=3;[8,16):n=1265,ell=4;[16,32):n=576,ell=4;[32,64):n=212,ell=3;[64,128):n=46,ell=2;[128,256):n=6,ell=2"
Gaussian RP,10,5,23,18,1,0.009985499986214563,0.37417560000903904,0.3841610999952536,0.10531021751778148,0.2401681316109905,0.2729935618083099,0.0016336999979102984,0.002747599995927885,0.0036555999977281317,0.0013638000091305003,0.00011770000855904073,0.00022489999537356198,0.009743300004629418,lastfm-asia,0.25,0,0.0,,,,,,,,,,,
Degree-stratified RP,10,5,23,18,1,0.015104799997061491,0.34521549999772105,0.36032029999478254,0.09483520544531894,0.22861191339114784,0.26585793662711715,,,,,,,0.014869199992972426,lastfm-asia,0.25,0,0.0,0.0003436999977566302,0.0034039000020129606,0.005682399991201237,0.0035826999956043437,0.0014939000102458522,0.00011809999705292284,0.00024449999909847975,8.0,2.0,4.0,"[1,2):n=1754,ell=2;[2,4):n=1979,ell=3;[4,8):n=1786,ell=3;[8,16):n=1265,ell=4;[16,32):n=576,ell=4;[32,64):n=212,ell=3;[64,128):n=46,ell=2;[128,256):n=6,ell=2"
Gaussian RP,1,10,28,18,1,0.013489799996023066,0.3550610999955097,0.3685508999915328,0.14254051673910562,0.2954740924655753,0.3459129314101563,0.0020438000065041706,0.004222800009301864,0.0047882999933790416,0.0015756000066176057,0.00025150000874418765,0.0002888999879360199,0.013170900012482889,lastfm-asia,0.25,0,0.0,,,,,,,,,,,
Degree-stratified RP,1,10,28,18,1,0.02306930000486318,0.34401540001272224,0.3670847000175854,0.12757739816187622,0.26679960724453883,0.3034815158023252,,,,,,,0.0227113000000827,lastfm-asia,0.25,0,0.0,0.0005104000010760501,0.004782599993632175,0.009615299990400672,0.005573700007516891,0.0016217000083997846,0.00030100000731181353,0.0003065999917453155,8.0,2.0,5.0,"[1,2):n=1754,ell=2;[2,4):n=1979,ell=3;[4,8):n=1786,ell=4;[8,16):n=1265,ell=5;[16,32):n=576,ell=5;[32,64):n=212,ell=4;[64,128):n=46,ell=3;[128,256):n=6,ell=2"
Gaussian RP,2,10,28,18,1,0.012052700010826811,0.3624978000007104,0.3745505000115372,0.14781380007604375,0.30930526039046374,0.3223336961944428,0.0020108999888179824,0.003529599998728372,0.004556600004434586,0.0012901999871246517,0.00022170000011101365,0.00022570000146515667,0.011834699980681762,lastfm-asia,0.25,0,0.0,,,,,,,,,,,
Degree-stratified RP,2,10,28,18,1,0.0171874000079697,0.3568933000060497,0.3740807000140194,0.12237721682374735,0.27617051271478277,0.2815075324270495,,,,,,,0.016929499979596585,lastfm-asia,0.25,0,0.0,0.0003341999981785193,0.00360250000085216,0.006738600000971928,0.004458399998839013,0.0012853999942308292,0.0002378999924985692,0.0002724999940255657,8.0,2.0,5.0,"[1,2):n=1754,ell=2;[2,4):n=1979,ell=3;[4,8):n=1786,ell=4;[8,16):n=1265,ell=5;[16,32):n=576,ell=5;[32,64):n=212,ell=4;[64,128):n=46,ell=3;[128,256):n=6,ell=2"
Gaussian RP,3,10,28,18,1,0.014603099989471957,0.3474090000090655,0.36201209999853745,0.1328041519789422,0.2658086119075304,0.29521316695847954,0.0020176999969407916,0.004669899994041771,0.005153499994776212,0.0017198999994434416,0.0004344000044511631,0.000298400002066046,0.014293799991719425,lastfm-asia,0.25,0,0.0,,,,,,,,,,,
Degree-stratified RP,3,10,28,18,1,0.018967900003190152,0.3735956000018632,0.39256350000505336,0.10915319025319122,0.2508311992963887,0.2808483688247759,,,,,,,0.018683199989027344,lastfm-asia,0.25,0,0.0,0.00048550000065006316,0.0040680999954929575,0.007432899990817532,0.004532100007054396,0.0016173000039998442,0.0002572999947005883,0.0002899999963119626,8.0,2.0,5.0,"[1,2):n=1754,ell=2;[2,4):n=1979,ell=3;[4,8):n=1786,ell=4;[8,16):n=1265,ell=5;[16,32):n=576,ell=5;[32,64):n=212,ell=4;[64,128):n=46,ell=3;[128,256):n=6,ell=2"
Gaussian RP,4,10,28,18,1,0.01310699999157805,0.36949369999638293,0.382600699987961,0.14246917384615554,0.2895923714841844,0.32740770430176763,0.002181499992730096,0.003987899995991029,0.0048968999908538535,0.0012546999932965264,0.00026590000197757035,0.00021729999571107328,0.012804199970560148,lastfm-asia,0.25,0,0.0,,,,,,,,,,,
Degree-stratified RP,4,10,28,18,1,0.018308600003365427,0.3387977999955183,0.3571063999988837,0.14382584837670984,0.29603377478805853,0.3203587099798011,,,,,,,0.018072699996992014,lastfm-asia,0.25,0,0.0,0.0005093999934615567,0.003872899993439205,0.0071272000059252605,0.004576999999699183,0.001485000000684522,0.00023069999588187784,0.0002705000079004094,8.0,2.0,5.0,"[1,2):n=1754,ell=2;[2,4):n=1979,ell=3;[4,8):n=1786,ell=4;[8,16):n=1265,ell=5;[16,32):n=576,ell=5;[32,64):n=212,ell=4;[64,128):n=46,ell=3;[128,256):n=6,ell=2"
Gaussian RP,5,10,28,18,1,0.012921499990625307,0.3630789000017103,0.3760003999923356,0.14691208830470742,0.307006864961388,0.3314235045698882,0.0020068000012543052,0.003290199994808063,0.0050571000028867275,0.0017487000004621223,0.0002800000074785203,0.0002502999996067956,0.012633100006496534,lastfm-asia,0.25,0,0.0,,,,,,,,,,,
Degree-stratified RP,5,10,28,18,1,0.018580200005089864,0.3478801999881398,0.36646039999322966,0.11886163692863709,0.2573742910965914,0.2756917509469491,,,,,,,0.018334600012167357,lastfm-asia,0.25,0,0.0,0.00047559999802615494,0.003970499994466081,0.007286300009582192,0.004452099994523451,0.0016561000084038824,0.0002521999995224178,0.0002418000076431781,8.0,2.0,5.0,"[1,2):n=1754,ell=2;[2,4):n=1979,ell=3;[4,8):n=1786,ell=4;[8,16):n=1265,ell=5;[16,32):n=576,ell=5;[32,64):n=212,ell=4;[64,128):n=46,ell=3;[128,256):n=6,ell=2"
Gaussian RP,6,10,28,18,1,0.011583600004087202,0.345318399995449,0.3569019999995362,0.14479309440262583,0.29633409245983233,0.321925982345449,0.0019961000070907176,0.00327429999015294,0.004489799990551546,0.001158899991423823,0.00022309999621938914,0.0002199000009568408,0.011362099976395257,lastfm-asia,0.25,0,0.0,,,,,,,,,,,
Degree-stratified RP,6,10,28,18,1,0.01614359999075532,0.3688116999983322,0.3849552999890875,0.11783610498469571,0.2731377638762925,0.3244243437231782,,,,,,,0.01585089998843614,lastfm-asia,0.25,0,0.0,0.0003978000022470951,0.0032709999941289425,0.005937099995207973,0.0043077000009361655,0.001398200009134598,0.00025379999715369195,0.0002852999896276742,8.0,2.0,5.0,"[1,2):n=1754,ell=2;[2,4):n=1979,ell=3;[4,8):n=1786,ell=4;[8,16):n=1265,ell=5;[16,32):n=576,ell=5;[32,64):n=212,ell=4;[64,128):n=46,ell=3;[128,256):n=6,ell=2"
Gaussian RP,7,10,28,18,1,0.012893999999505468,0.29803109999920707,0.31092509999871254,0.1482832109207498,0.29249598154347367,0.28348169611063584,0.0020991999917896464,0.003584099991712719,0.0047415000008186325,0.0016699999978300184,0.00025919999461621046,0.0002403999969828874,0.012594399973750114,lastfm-asia,0.25,0,0.0,,,,,,,,,,,
Degree-stratified RP,7,10,28,18,1,0.017737800008035265,0.3785831999994116,0.39632100000744686,0.12976162290750676,0.27247775730544693,0.2865889928031411,,,,,,,0.017539600026793778,lastfm-asia,0.25,0,0.0,0.00046600001223850995,0.003925800003344193,0.006811600003857166,0.004262500006007031,0.0015838000108487904,0.00024359999224543571,0.0002462999982526526,8.0,2.0,5.0,"[1,2):n=1754,ell=2;[2,4):n=1979,ell=3;[4,8):n=1786,ell=4;[8,16):n=1265,ell=5;[16,32):n=576,ell=5;[32,64):n=212,ell=4;[64,128):n=46,ell=3;[128,256):n=6,ell=2"
Gaussian RP,8,10,28,18,1,0.012112100012018345,0.3732218999939505,0.38533400000596885,0.13864900514857875,0.2876889447166217,0.32505500836429674,0.0020087000011699274,0.0034411000087857246,0.00454110000282526,0.0013100000069243833,0.00023069999588187784,0.00021889999334234744,0.01175050000892952,lastfm-asia,0.25,0,0.0,,,,,,,,,,,
Degree-stratified RP,8,10,28,18,1,0.020319500006735325,0.38674869999522343,0.40706820000195876,0.12600645498278973,0.27611490739441613,0.3142697157423629,,,,,,,0.01995820000593085,lastfm-asia,0.25,0,0.0,0.0004535000043688342,0.004264799994416535,0.007798100006766617,0.0053152000036789104,0.001509299996541813,0.00027350000164005905,0.0003437999985180795,8.0,2.0,5.0,"[1,2):n=1754,ell=2;[2,4):n=1979,ell=3;[4,8):n=1786,ell=4;[8,16):n=1265,ell=5;[16,32):n=576,ell=5;[32,64):n=212,ell=4;[64,128):n=46,ell=3;[128,256):n=6,ell=2"
Gaussian RP,9,10,28,18,1,0.01415810000617057,0.36566719999245834,0.3798252999986289,0.14886098269785475,0.3061133291997387,0.34786941929685017,0.002032300006248988,0.003880299991578795,0.00573529998655431,0.0015770000027259812,0.0002808999997796491,0.00033790001180022955,0.013843699998687953,lastfm-asia,0.25,0,0.0,,,,,,,,,,,
Degree-stratified RP,9,10,28,18,1,0.017925199994351715,0.3534821000066586,0.3714073000010103,0.1313279100888692,0.2892652212957922,0.3278835091529675,,,,,,,0.017559700005222112,lastfm-asia,0.25,0,0.0,0.0005837999924551696,0.003960700007155538,0.006351300005917437,0.004478400005609728,0.0016157999925781041,0.000268599993432872,0.00030110000807326287,8.0,2.0,5.0,"[1,2):n=1754,ell=2;[2,4):n=1979,ell=3;[4,8):n=1786,ell=4;[8,16):n=1265,ell=5;[16,32):n=576,ell=5;[32,64):n=212,ell=4;[64,128):n=46,ell=3;[128,256):n=6,ell=2"
Gaussian RP,10,10,28,18,1,0.014460699996561743,0.34997999999905005,0.3644406999956118,0.1311674868854162,0.2863143066113956,0.3079987752475601,0.0020770999981323257,0.0043271000031381845,0.00544409999565687,0.0016160999948624521,0.0002739000046858564,0.0003071999963140115,0.0140454999927897,lastfm-asia,0.25,0,0.0,,,,,,,,,,,
Degree-stratified RP,10,10,28,18,1,0.018606900004670024,0.3159226999996463,0.3345296000043163,0.1306358841834429,0.2850232850381962,0.3112451255998881,,,,,,,0.01839789999939967,lastfm-asia,0.25,0,0.0,0.0004692000075010583,0.004061100000399165,0.0071278000104939565,0.004627499991329387,0.0016436999867437407,0.00022899999748915434,0.00023960000544320792,8.0,2.0,5.0,"[1,2):n=1754,ell=2;[2,4):n=1979,ell=3;[4,8):n=1786,ell=4;[8,16):n=1265,ell=5;[16,32):n=576,ell=5;[32,64):n=212,ell=4;[64,128):n=46,ell=3;[128,256):n=6,ell=2"
Gaussian RP,1,20,38,18,1,0.015562600005068816,0.2924427999969339,0.3080054000020027,0.17393156489832462,0.3263084314106085,0.36772681259631373,0.002339300001040101,0.0036496999964583665,0.006813400003011338,0.0017182000010507181,0.0003274999908171594,0.0002762000076472759,0.01512430000002496,lastfm-asia,0.25,0,0.0,,,,,,,,,,,
Degree-stratified RP,1,20,38,18,1,0.02482370000507217,0.33392900000035297,0.35875270000542514,0.14620615511084217,0.31883390046387106,0.3416190104604699,,,,,,,0.024518700040061958,lastfm-asia,0.25,0,0.0,0.0004889000119874254,0.00455820000206586,0.010743000006186776,0.006555800006026402,0.0015930000081425533,0.0003508000081637874,0.00022899999748915434,8.0,2.0,7.0,"[1,2):n=1754,ell=3;[2,4):n=1979,ell=4;[4,8):n=1786,ell=6;[8,16):n=1265,ell=7;[16,32):n=576,ell=6;[32,64):n=212,ell=6;[64,128):n=46,ell=4;[128,256):n=6,ell=2"
Gaussian RP,2,20,38,18,1,0.01684959999693092,0.29780200000095647,0.3146515999978874,0.16525444846819695,0.3143158064651209,0.3266175334113317,0.00263499999709893,0.0045818000071449205,0.0071339999994961545,0.0014890000020386651,0.00030759999935980886,0.00026149999757763,0.01640890000271611,lastfm-asia,0.25,0,0.0,,,,,,,,,,,
Degree-stratified RP,2,20,38,18,1,0.024043199999141507,0.2931352000014158,0.3171784000005573,0.15302863964593516,0.32607716121882385,0.3266110161049376,,,,,,,0.02366500000061933,lastfm-asia,0.25,0,0.0,0.00046629999997094274,0.004407600004924461,0.010287299999617971,0.006326100003207102,0.001641299997572787,0.0002916999947046861,0.0002447000006213784,8.0,2.0,7.0,"[1,2):n=1754,ell=3;[2,4):n=1979,ell=4;[4,8):n=1786,ell=6;[8,16):n=1265,ell=7;[16,32):n=576,ell=6;[32,64):n=212,ell=6;[64,128):n=46,ell=4;[128,256):n=6,ell=2"
Gaussian RP,3,20,38,18,1,0.016860499992617406,0.300823900004616,0.3176843999972334,0.18107251676039174,0.3302349782266474,0.33722494800944175,0.0026431000005686656,0.004480499992496334,0.007180899992818013,0.0015687999984947965,0.00034020000020973384,0.00028140000358689576,0.01649489998817444,lastfm-asia,0.25,0,0.0,,,,,,,,,,,
Degree-stratified RP,3,20,38,18,1,0.027141900005517527,0.3505851000081748,0.3777270000136923,0.15810930839579443,0.31906685011090696,0.3459572006959818,,,,,,,0.02660819998709485,lastfm-asia,0.25,0,0.0,0.0005089000042062253,0.004747599989059381,0.011196099992957897,0.0073594999994384125,0.002217200002633035,0.00032279999868478626,0.00025610000011511147,8.0,2.0,7.0,"[1,2):n=1754,ell=3;[2,4):n=1979,ell=4;[4,8):n=1786,ell=6;[8,16):n=1265,ell=7;[16,32):n=576,ell=6;[32,64):n=212,ell=6;[64,128):n=46,ell=4;[128,256):n=6,ell=2"
Gaussian RP,4,20,38,18,1,0.017049199988832697,0.30172240000683814,0.31877159999567084,0.1730721903053756,0.32751866557011966,0.3557015782122588,0.0028305000014370307,0.004740300006233156,0.006766799997421913,0.001634200001717545,0.0003476999991107732,0.0003223000094294548,0.016641800015349872,lastfm-asia,0.25,0,0.0,,,,,,,,,,,
Degree-stratified RP,4,20,38,18,1,0.023780000003171153,0.2966324999870267,0.32041249999019783,0.14136460883103014,0.30520999986466457,0.3029810013587763,,,,,,,0.02338049998797942,lastfm-asia,0.25,0,0.0,0.0004650000046240166,0.0041628000035416335,0.010251500003505498,0.006575199993676506,0.0013866999943275005,0.00031039999157655984,0.000228899996727705,8.0,2.0,7.0,"[1,2):n=1754,ell=3;[2,4):n=1979,ell=4;[4,8):n=1786,ell=6;[8,16):n=1265,ell=7;[16,32):n=576,ell=6;[32,64):n=212,ell=6;[64,128):n=46,ell=4;[128,256):n=6,ell=2"
Gaussian RP,5,20,38,18,1,0.018056900007650256,0.32245310000143945,0.3405100000090897,0.15516355476381075,0.3025675389176168,0.35099296155065307,0.0026408000121591613,0.004829400000744499,0.0073561000026529655,0.0021672000002581626,0.0003206999972462654,0.0002440999960526824,0.017558300009113736,lastfm-asia,0.25,0,0.0,,,,,,,,,,,
Degree-stratified RP,5,20,38,18,1,0.024602699995739385,0.30187100000330247,0.32647369999904186,0.1569347270147175,0.3203114557889446,0.3371545641232763,,,,,,,0.02418180000677239,lastfm-asia,0.25,0,0.0,0.00046660000225529075,0.004513500010943972,0.010369499999796972,0.0065790999942692,0.0017062999977497384,0.00031269999453797936,0.00023410000721924007,8.0,2.0,7.0,"[1,2):n=1754,ell=3;[2,4):n=1979,ell=4;[4,8):n=1786,ell=6;[8,16):n=1265,ell=7;[16,32):n=576,ell=6;[32,64):n=212,ell=6;[64,128):n=46,ell=4;[128,256):n=6,ell=2"
Gaussian RP,6,20,38,18,1,0.02297530000214465,0.31355390000680927,0.3365292000089539,0.17096266218299025,0.3275068255887021,0.3593934796671026,0.002833699996699579,0.005283700011204928,0.009178899999824353,0.004346300003817305,0.0003981000045314431,0.00035940000088885427,0.022400100016966462,lastfm-asia,0.25,0,0.0,,,,,,,,,,,
Degree-stratified RP,6,20,38,18,1,0.03301210000063293,0.5022981999936746,0.5353102999943076,0.15800179037112438,0.3142333112043829,0.3281031351158322,,,,,,,0.03246509996824898,lastfm-asia,0.25,0,0.0,0.0004967999993823469,0.005480199994053692,0.014351299992995337,0.008736499992664903,0.0025711999915074557,0.00036869999894406646,0.00046039999870117754,8.0,2.0,7.0,"[1,2):n=1754,ell=3;[2,4):n=1979,ell=4;[4,8):n=1786,ell=6;[8,16):n=1265,ell=7;[16,32):n=576,ell=6;[32,64):n=212,ell=6;[64,128):n=46,ell=4;[128,256):n=6,ell=2"
Gaussian RP,7,20,38,18,1,0.02465989999473095,0.3663861000095494,0.39104600000428036,0.15454361242056172,0.3013234906450239,0.35108864757919467,0.003239199999370612,0.007278000004589558,0.009969799997634254,0.0023477999930037186,0.000370699999621138,0.0003865000035148114,0.023591999997734092,lastfm-asia,0.25,0,0.0,,,,,,,,,,,
Degree-stratified RP,7,20,38,18,1,0.028456100000767037,0.4109519000048749,0.43940800000564195,0.13044723598014155,0.29074426479057053,0.3380955190705254,,,,,,,0.02796519998810254,lastfm-asia,0.25,0,0.0,0.00048489999608136714,0.004949200010742061,0.011573700001463294,0.007943299991893582,0.002290399992489256,0.00035940000088885427,0.0003642999945441261,8.0,2.0,7.0,"[1,2):n=1754,ell=3;[2,4):n=1979,ell=4;[4,8):n=1786,ell=6;[8,16):n=1265,ell=7;[16,32):n=576,ell=6;[32,64):n=212,ell=6;[64,128):n=46,ell=4;[128,256):n=6,ell=2"
Gaussian RP,8,20,38,18,1,0.022037800008547492,0.3274859000084689,0.3495237000170164,0.1657206960037354,0.32371351767738415,0.34677870545387973,0.002860799999325536,0.006023599999025464,0.009229500006767921,0.0023919999948702753,0.000364800012903288,0.0003615000023273751,0.02123220001521986,lastfm-asia,0.25,0,0.0,,,,,,,,,,,
Degree-stratified RP,8,20,38,18,1,0.037382999988039955,0.4033925000112504,0.44077549999929033,0.12778164855206414,0.28636269195813785,0.30391447643714403,,,,,,,0.03675499999371823,lastfm-asia,0.25,0,0.0,0.00043030000233557075,0.004587400006130338,0.020149299991317093,0.008541000002878718,0.0023148999898694456,0.00036269999691285193,0.0003694000042742118,8.0,2.0,7.0,"[1,2):n=1754,ell=3;[2,4):n=1979,ell=4;[4,8):n=1786,ell=6;[8,16):n=1265,ell=7;[16,32):n=576,ell=6;[32,64):n=212,ell=6;[64,128):n=46,ell=4;[128,256):n=6,ell=2"
Gaussian RP,9,20,38,18,1,0.016830800013849512,0.4263573000062024,0.44318810002005193,0.15075004819035315,0.3153980613537963,0.3228509035918909,0.003012499990290962,0.0035204000014346093,0.007565500010969117,0.0016128000133903697,0.0002901999978348613,0.00031280000985134393,0.016314200023771264,lastfm-asia,0.25,0,0.0,,,,,,,,,,,
Degree-stratified RP,9,20,38,18,1,0.028140499998698942,0.33681459999934305,0.364955099998042,0.14474937650178232,0.30695678540082805,0.30576731830971043,,,,,,,0.027681400009896606,lastfm-asia,0.25,0,0.0,0.0006945000059204176,0.005371299994294532,0.011446699994849041,0.007494300007238053,0.002062100000330247,0.00032820001069922,0.0002842999965650961,8.0,2.0,7.0,"[1,2):n=1754,ell=3;[2,4):n=1979,ell=4;[4,8):n=1786,ell=6;[8,16):n=1265,ell=7;[16,32):n=576,ell=6;[32,64):n=212,ell=6;[64,128):n=46,ell=4;[128,256):n=6,ell=2"
Gaussian RP,10,20,38,18,1,0.017099699995014817,0.3195281999942381,0.3366278999892529,0.14473768655435823,0.2911671022776915,0.3371111281149395,0.0029224999889265746,0.004372399998828769,0.00690799999574665,0.0018617999885464087,0.0003370000049471855,0.00026950000028591603,0.016671199977281503,lastfm-asia,0.25,0,0.0,,,,,,,,,,,
Degree-stratified RP,10,20,38,18,1,0.02524950000224635,0.3077253999945242,0.33297489999677055,0.15629112215786264,0.3162094255636124,0.30403950076760466,,,,,,,0.02487820001260843,lastfm-asia,0.25,0,0.0,0.0004668000037781894,0.004075399992871098,0.010407599998870865,0.007234400007291697,0.0020853000023635104,0.00033560000883881,0.0002730999985942617,8.0,2.0,7.0,"[1,2):n=1754,ell=3;[2,4):n=1979,ell=4;[4,8):n=1786,ell=6;[8,16):n=1265,ell=7;[16,32):n=576,ell=6;[32,64):n=212,ell=6;[64,128):n=46,ell=4;[128,256):n=6,ell=2"
Gaussian RP,1,40,58,18,1,0.027556799992453307,0.33353519999946,0.3610919999919133,0.22368920483792493,0.375102088423947,0.38402275503256256,0.003990700002759695,0.006123300001490861,0.012766600004397333,0.0030559000006178394,0.0006953999982215464,0.00033229999826289713,0.026964200005750172,lastfm-asia,0.25,0,0.0,,,,,,,,,,,
Degree-stratified RP,1,40,58,18,1,0.043725800001993775,0.35781269999279175,0.4015384999947855,0.165134778358422,0.33479699280615444,0.3197065393298933,,,,,,,0.04301049999776296,lastfm-asia,0.25,0,0.0,0.0005456999933812767,0.005089999991469085,0.01840000000083819,0.014229300009901635,0.0036851000040769577,0.0006851000071037561,0.0003752999909920618,8.0,4.0,10.0,"[1,2):n=1754,ell=4;[2,4):n=1979,ell=6;[4,8):n=1786,ell=9;[8,16):n=1265,ell=10;[16,32):n=576,ell=10;[32,64):n=212,ell=9;[64,128):n=46,ell=6;[128,256):n=6,ell=4"
Gaussian RP,2,40,58,18,1,0.0340689000004204,0.43720759999996517,0.47127650000038557,0.18817638514331686,0.34363258754212483,0.3574320450645225,0.0046608999982709065,0.008761699995375238,0.015108199993846938,0.003551100002368912,0.0008166999905370176,0.000512500002514571,0.033411099982913584,lastfm-asia,0.25,0,0.0,,,,,,,,,,,
Degree-stratified RP,2,40,58,18,1,0.040315299993380904,0.30222860000503715,0.34254389999841806,0.211643998225551,0.369806494552317,0.35370940018585,,,,,,,0.03982759999053087,lastfm-asia,0.25,0,0.0,0.00047759999870322645,0.005055399989942089,0.017428899998776615,0.012761999998474494,0.0031611000013072044,0.0006091999966884032,0.00033340000663883984,8.0,4.0,10.0,"[1,2):n=1754,ell=4;[2,4):n=1979,ell=6;[4,8):n=1786,ell=9;[8,16):n=1265,ell=10;[16,32):n=576,ell=10;[32,64):n=212,ell=9;[64,128):n=46,ell=6;[128,256):n=6,ell=4"
Gaussian RP,3,40,58,18,1,0.031343299997388385,0.3746244000067236,0.405967700004112,0.18353816763180605,0.3490880797851615,0.3415941211582635,0.003982600013841875,0.006774199995561503,0.015147199999773875,0.0036690999986603856,0.0007222000131150708,0.00036470001214183867,0.030660000033094548,lastfm-asia,0.25,0,0.0,,,,,,,,,,,
Degree-stratified RP,3,40,58,18,1,0.06142899999395013,0.41465389999211766,0.4760828999860678,0.19371820444945606,0.35854017956646855,0.3442080817553664,,,,,,,0.06056899999384768,lastfm-asia,0.25,0,0.0,0.0009710000013001263,0.008713700008229353,0.02300469999318011,0.018270600005052984,0.008186399994883686,0.00082970000221394,0.0005928999889874831,8.0,4.0,10.0,"[1,2):n=1754,ell=4;[2,4):n=1979,ell=6;[4,8):n=1786,ell=9;[8,16):n=1265,ell=10;[16,32):n=576,ell=10;[32,64):n=212,ell=9;[64,128):n=46,ell=6;[128,256):n=6,ell=4"
Gaussian RP,4,40,58,18,1,0.036576200000126846,0.33897569999680854,0.3755518999969354,0.21583721254619498,0.37890034305494874,0.3799691269809935,0.004484400007640943,0.008378900005482137,0.017193799998494796,0.00413890001073014,0.0007224000000860542,0.00043250000453554094,0.03535090002696961,lastfm-asia,0.25,0,0.0,,,,,,,,,,,
Degree-stratified RP,4,40,58,18,1,0.05288269999437034,0.29213670000899583,0.3450194000033662,0.19808061084982526,0.3775621716795334,0.3582960106740604,,,,,,,0.05164830002468079,lastfm-asia,0.25,0,0.0,0.00034500000765547156,0.0053817000007256866,0.022906700003659353,0.01485320000210777,0.006896100006997585,0.000777699999161996,0.000487900004372932,8.0,4.0,10.0,"[1,2):n=1754,ell=4;[2,4):n=1979,ell=6;[4,8):n=1786,ell=9;[8,16):n=1265,ell=10;[16,32):n=576,ell=10;[32,64):n=212,ell=9;[64,128):n=46,ell=6;[128,256):n=6,ell=4"
Gaussian RP,5,40,58,18,1,0.031252900007530116,0.2666354999964824,0.2978884000040125,0.20881593532667786,0.37071016469651075,0.39652901585475225,0.004276499996194616,0.007876699994085357,0.014377100000274368,0.0027185000071767718,0.0006697999924654141,0.0004408999957377091,0.030359499985934235,lastfm-asia,0.25,0,0.0,,,,,,,,,,,
Degree-stratified RP,5,40,58,18,1,0.04940889999852516,0.32129630001145415,0.3707052000099793,0.1824974969640522,0.351912789001259,0.3584995209975468,,,,,,,0.04848469998978544,lastfm-asia,0.25,0,0.0,0.00047560001257807016,0.0054798000055598095,0.022236399992834777,0.015703400000347756,0.0032973999914247543,0.0007544999971287325,0.0005375999899115413,8.0,4.0,10.0,"[1,2):n=1754,ell=4;[2,4):n=1979,ell=6;[4,8):n=1786,ell=9;[8,16):n=1265,ell=10;[16,32):n=576,ell=10;[32,64):n=212,ell=9;[64,128):n=46,ell=6;[128,256):n=6,ell=4"
Gaussian RP,6,40,58,18,1,0.02667710000241641,0.27483519999077544,0.30151229999319185,0.18392311589849797,0.34308492923920014,0.35283022726235125,0.003792200004681945,0.005363199990824796,0.013086299994029105,0.002797399996779859,0.0006568999961018562,0.00035740000021178275,0.026053399982629344,lastfm-asia,0.25,0,0.0,,,,,,,,,,,
Degree-stratified RP,6,40,58,18,1,0.03909039999416564,0.2903218999999808,0.32941229999414645,0.16803138906139645,0.33452293682848994,0.35144062361947664,,,,,,,0.038517199995112605,lastfm-asia,0.25,0,0.0,0.0004633000062312931,0.004789599988725968,0.016925899995840155,0.01225220000196714,0.0030600000027334318,0.0007021999917924404,0.0003240000078221783,8.0,4.0,10.0,"[1,2):n=1754,ell=4;[2,4):n=1979,ell=6;[4,8):n=1786,ell=9;[8,16):n=1265,ell=10;[16,32):n=576,ell=10;[32,64):n=212,ell=9;[64,128):n=46,ell=6;[128,256):n=6,ell=4"
Gaussian RP,7,40,58,18,1,0.02526570000918582,0.2585026000015205,0.2837683000107063,0.21674948887764614,0.37258183700236536,0.38286569017526206,0.003561500008800067,0.0043129000114277005,0.012634600003366359,0.0033814999915193766,0.0006253000028664246,0.00028989999555051327,0.02480570001353044,lastfm-asia,0.25,0,0.0,,,,,,,,,,,
Degree-stratified RP,7,40,58,18,1,0.039968400000361726,0.32571449999522883,0.36568289999559056,0.16852728556221033,0.33978794737367657,0.33611356020954886,,,,,,,0.03944429999683052,lastfm-asia,0.25,0,0.0,0.0004670000053010881,0.004694099989137612,0.017198100002133287,0.012798700001440011,0.0032315999997081235,0.0006892999954288825,0.00036550000368151814,8.0,4.0,10.0,"[1,2):n=1754,ell=4;[2,4):n=1979,ell=6;[4,8):n=1786,ell=9;[8,16):n=1265,ell=10;[16,32):n=576,ell=10;[32,64):n=212,ell=9;[64,128):n=46,ell=6;[128,256):n=6,ell=4"
Gaussian RP,8,40,58,18,1,0.0281163000036031,0.3078005999996094,0.3359169000032125,0.17343358437128933,0.3338416583471545,0.3580163314392898,0.004029899995657615,0.006491099993581884,0.012897900000098161,0.0030913000082364306,0.0006987999950069934,0.0003028999926755205,0.027511899985256605,lastfm-asia,0.25,0,0.0,,,,,,,,,,,
Degree-stratified RP,8,40,58,18,1,0.03755530000489671,0.2877361999999266,0.3252915000048233,0.19740245630745068,0.3572740707041588,0.36446926021188375,,,,,,,0.03703009999298956,lastfm-asia,0.25,0,0.0,0.00033799999800976366,0.0041449999989708886,0.01603320000867825,0.012507999999797903,0.0029771999979857355,0.0007042999932309613,0.0003243999963160604,8.0,4.0,10.0,"[1,2):n=1754,ell=4;[2,4):n=1979,ell=6;[4,8):n=1786,ell=9;[8,16):n=1265,ell=10;[16,32):n=576,ell=10;[32,64):n=212,ell=9;[64,128):n=46,ell=6;[128,256):n=6,ell=4"
Gaussian RP,9,40,58,18,1,0.02733869999065064,0.275486099999398,0.30282479999004863,0.19677164455850435,0.35434893264945,0.3348118054103779,0.004006599992862903,0.006088399997679517,0.012711599993053824,0.0030473999941023067,0.0006920000014360994,0.00031779998971614987,0.0268637999688508,lastfm-asia,0.25,0,0.0,,,,,,,,,,,
Degree-stratified RP,9,40,58,18,1,0.039999400003580377,0.26921220000076573,0.3092116000043461,0.18648170420048757,0.3464159902677031,0.34319888185044223,,,,,,,0.03943099996831734,lastfm-asia,0.25,0,0.0,0.0004925999965053052,0.004945499997120351,0.017942199992830865,0.01246539999556262,0.0026504999987082556,0.0006337999948300421,0.0003009999927598983,8.0,4.0,10.0,"[1,2):n=1754,ell=4;[2,4):n=1979,ell=6;[4,8):n=1786,ell=9;[8,16):n=1265,ell=10;[16,32):n=576,ell=10;[32,64):n=212,ell=9;[64,128):n=46,ell=6;[128,256):n=6,ell=4"
Gaussian RP,10,40,58,18,1,0.028265300003113225,0.2999389000033261,0.32820420000643935,0.1896034931099022,0.3452012098285384,0.3704360399481136,0.00403369999548886,0.00620939998771064,0.012883100003818981,0.003479600010905415,0.0007207000016933307,0.00037599999632220715,0.027702499995939434,lastfm-asia,0.25,0,0.0,,,,,,,,,,,
Degree-stratified RP,10,40,58,18,1,0.040121099998941645,0.3032907000015257,0.34341180000046734,0.18439830093518908,0.3515809137102081,0.35543744887542034,,,,,,,0.03951919999963138,lastfm-asia,0.25,0,0.0,0.0004870999982813373,0.004818200002773665,0.01833249999617692,0.012174399991636164,0.002683500002603978,0.0006828000041423365,0.00034070000401698053,8.0,4.0,10.0,"[1,2):n=1754,ell=4;[2,4):n=1979,ell=6;[4,8):n=1786,ell=9;[8,16):n=1265,ell=10;[16,32):n=576,ell=10;[32,64):n=212,ell=9;[64,128):n=46,ell=6;[128,256):n=6,ell=4"
Gaussian RP,1,5,23,18,1,0.010867300006793812,0.40283110000018496,0.4136984000069788,0.14387636338364226,0.2949013010010927,0.3074783217314406,0.0016905999946175143,0.0030645000078948215,0.004149600004893728,0.0013017000019317493,0.0001227000029757619,0.0003242999955546111,0.010653400007868186,lastfm-asia,0.25,mean,7.2943336831059815,,,,,,,,,,,
Degree-stratified RP,1,5,23,18,1,0.0174820000102045,0.36502029999974184,0.38250230000994634,0.13354740379347302,0.286445905288028,0.3178922780285075,,,,,,,0.017227300035301596,lastfm-asia,0.25,mean,7.2943336831059815,0.0005863999977009371,0.00449220000882633,0.006730300010531209,0.00366030000441242,0.0013679000112460926,0.00013719999697059393,0.0002530000056140125,8.0,2.0,4.0,"[1,2):n=1754,ell=2;[2,4):n=1979,ell=3;[4,8):n=1786,ell=3;[8,16):n=1265,ell=4;[16,32):n=576,ell=4;[32,64):n=212,ell=3;[64,128):n=46,ell=2;[128,256):n=6,ell=2"
Gaussian RP,2,5,23,18,1,0.010392099997261539,0.3437851999915438,0.3541772999888053,0.14148865966009555,0.29523747077955403,0.32299283122557665,0.001678799992077984,0.003004400001373142,0.003855600007227622,0.0012405000015860423,0.00012240000069141388,0.0002548999909777194,0.010156599993933924,lastfm-asia,0.25,mean,7.2943336831059815,,,,,,,,,,,
Degree-stratified RP,2,5,23,18,1,0.015497799991862848,0.350506700007827,0.36600449999968987,0.10872636536351246,0.2594161097768593,0.28651820796569144,,,,,,,0.015122199998586439,lastfm-asia,0.25,mean,7.2943336831059815,0.00048669999523553997,0.0035887999983970076,0.005796299999929033,0.0039013000059640035,0.0009843000007094815,0.00012319999223109335,0.00024160000612027943,8.0,2.0,4.0,"[1,2):n=1754,ell=2;[2,4):n=1979,ell=3;[4,8):n=1786,ell=3;[8,16):n=1265,ell=4;[16,32):n=576,ell=4;[32,64):n=212,ell=3;[64,128):n=46,ell=2;[128,256):n=6,ell=2"
Gaussian RP,3,5,23,18,1,0.010819900009664707,0.3675105000002077,0.3783304000098724,0.14305145628022162,0.303543875177848,0.32767319349120183,0.0016566999984206632,0.0033509999921079725,0.0037650000012945384,0.001414800004567951,0.0001049999991664663,0.00029990001348778605,0.010592400009045377,lastfm-asia,0.25,mean,7.2943336831059815,,,,,,,,,,,
Degree-stratified RP,3,5,23,18,1,0.01624949999677483,0.3022135000064736,0.31846300000324845,0.10392704139702656,0.23682576654747525,0.283853690478731,,,,,,,0.015960900011123158,lastfm-asia,0.25,mean,7.2943336831059815,0.0004932000010740012,0.003777799996896647,0.006135699994047172,0.0036888000031467527,0.0014768000110052526,0.00011629999789875001,0.00027230000705458224,8.0,2.0,4.0,"[1,2):n=1754,ell=2;[2,4):n=1979,ell=3;[4,8):n=1786,ell=3;[8,16):n=1265,ell=4;[16,32):n=576,ell=4;[32,64):n=212,ell=3;[64,128):n=46,ell=2;[128,256):n=6,ell=2"
Gaussian RP,4,5,23,18,1,0.009565400003339164,0.30100940000556875,0.3105748000089079,0.13336897263644124,0.27971768562435895,0.2742624020568599,0.0014735000004293397,0.00282389999483712,0.0036752999876625836,0.0011269999959040433,8.769999840296805e-05,0.0001998999941861257,0.00938729997142218,lastfm-asia,0.25,mean,7.2943336831059815,,,,,,,,,,,
Degree-stratified RP,4,5,23,18,1,0.015598200014210306,0.37445640000805724,0.39005460002226755,0.11275195547997927,0.25535265379438515,0.30073526067007705,,,,,,,0.015372299996670336,lastfm-asia,0.25,mean,7.2943336831059815,0.00047539999650325626,0.003921700001228601,0.0059557000058703125,0.0035346999939065427,0.00115640000149142,0.00011560000712051988,0.00021279999054968357,8.0,2.0,4.0,"[1,2):n=1754,ell=2;[2,4):n=1979,ell=3;[4,8):n=1786,ell=3;[8,16):n=1265,ell=4;[16,32):n=576,ell=4;[32,64):n=212,ell=3;[64,128):n=46,ell=2;[128,256):n=6,ell=2"
Gaussian RP,5,5,23,18,1,0.010548499994911253,0.4270286999962991,0.43757719999121036,0.125441494420547,0.2845110479883214,0.3167507859524299,0.0016611000028206035,0.003296399998362176,0.0036848000017926097,0.0013580999948317185,8.779999916441739e-05,0.00021969999943394214,0.010307899996405467,lastfm-asia,0.25,mean,7.2943336831059815,,,,,,,,,,,
Degree-stratified RP,5,5,23,18,1,0.014749900001334026,0.33872889999474864,0.35347879999608267,0.11797952108129257,0.2812703425239621,0.3153891511990277,,,,,,,0.014593500003684312,lastfm-asia,0.25,mean,7.2943336831059815,0.0004658999969251454,0.003787699999520555,0.005499799997778609,0.0034309000038774684,0.0011273999989498407,8.090000483207405e-05,0.00020090000180061907,8.0,2.0,4.0,"[1,2):n=1754,ell=2;[2,4):n=1979,ell=3;[4,8):n=1786,ell=3;[8,16):n=1265,ell=4;[16,32):n=576,ell=4;[32,64):n=212,ell=3;[64,128):n=46,ell=2;[128,256):n=6,ell=2"
Gaussian RP,6,5,23,18,1,0.01022900000680238,0.33046580001246184,0.3406948000192642,0.1273767546154132,0.30016832271459,0.31466204996798053,0.001610499995877035,0.0029394000011961907,0.0036557999992510304,0.0014595999964512885,0.00010939998901449144,0.00022810000518802553,0.010002799986978061,lastfm-asia,0.25,mean,7.2943336831059815,,,,,,,,,,,
Degree-stratified RP,6,5,23,18,1,0.01547470000514295,0.36777020001318306,0.383244900018326,0.10953994079883803,0.2661580208713886,0.2708275162636106,,,,,,,0.015264800022123381,lastfm-asia,0.25,mean,7.2943336831059815,0.0004665000014938414,0.003683300004922785,0.006053800010704435,0.0034374000097159296,0.0012981000036234036,0.00010869999823626131,0.00021699999342672527,8.0,2.0,4.0,"[1,2):n=1754,ell=2;[2,4):n=1979,ell=3;[4,8):n=1786,ell=3;[8,16):n=1265,ell=4;[16,32):n=576,ell=4;[32,64):n=212,ell=3;[64,128):n=46,ell=2;[128,256):n=6,ell=2"
Gaussian RP,7,5,23,18,1,0.010422699997434393,0.3339220000052592,0.34434470000269357,0.11672239931717082,0.26494897037389775,0.31118179428490295,0.0016565000114496797,0.0030371000029845163,0.003771399991819635,0.0013993000029586256,8.440000237897038e-05,0.00023350000265054405,0.010182200014241971,lastfm-asia,0.25,mean,7.2943336831059815,,,,,,,,,,,
Degree-stratified RP,7,5,23,18,1,0.014813700006925501,0.32688259999849834,0.34169630000542384,0.10526594111467162,0.24155194906267966,0.26489094531374374,,,,,,,0.014606799988541752,lastfm-asia,0.25,mean,7.2943336831059815,0.00047820000327192247,0.003879099996993318,0.005673699997714721,0.0031829999934416264,0.0010526999976718798,7.88000033935532e-05,0.0002612999960547313,8.0,2.0,4.0,"[1,2):n=1754,ell=2;[2,4):n=1979,ell=3;[4,8):n=1786,ell=3;[8,16):n=1265,ell=4;[16,32):n=576,ell=4;[32,64):n=212,ell=3;[64,128):n=46,ell=2;[128,256):n=6,ell=2"
Gaussian RP,8,5,23,18,1,0.010590899997623637,0.4019205999939004,0.41251149999152403,0.13720120400271998,0.28704099543824807,0.3000221156605748,0.0016573000029893592,0.00317949999589473,0.003833199996734038,0.0012826000020140782,0.0001171000039903447,0.00023890000011306256,0.010308600001735613,lastfm-asia,0.25,mean,7.2943336831059815,,,,,,,,,,,
Degree-stratified RP,8,5,23,18,1,0.015195100000710227,0.38099160000274424,0.39618670000345446,0.11568905268385427,0.26428510841463315,0.28520882603016495,,,,,,,0.014972700009820983,lastfm-asia,0.25,mean,7.2943336831059815,0.0004769000079249963,0.0037693999911425635,0.005788599999505095,0.003416899999137968,0.0012217000039527193,8.720000914763659e-05,0.0002119999990100041,8.0,2.0,4.0,"[1,2):n=1754,ell=2;[2,4):n=1979,ell=3;[4,8):n=1786,ell=3;[8,16):n=1265,ell=4;[16,32):n=576,ell=4;[32,64):n=212,ell=3;[64,128):n=46,ell=2;[128,256):n=6,ell=2"
Gaussian RP,9,5,23,18,1,0.010020100002293475,0.3681226000044262,0.3781427000067197,0.11481639034624475,0.26955072755953924,0.30521703379680437,0.0014685000060126185,0.0027568000077735633,0.0038706000050297007,0.0013766000047326088,0.00010930000280495733,0.00021099999139551073,0.00979280001774896,lastfm-asia,0.25,mean,7.2943336831059815,,,,,,,,,,,
Degree-stratified RP,9,5,23,18,1,0.014868300000671297,0.3440111999952933,0.3588794999959646,0.1268945839407402,0.2843088732977149,0.3074851384158974,,,,,,,0.014640799985500053,lastfm-asia,0.25,mean,7.2943336831059815,0.0004681999998865649,0.0036477999965427443,0.005431300000054762,0.0035134999925503507,0.0012396999954944476,0.00011110000195913017,0.000229199999012053,8.0,2.0,4.0,"[1,2):n=1754,ell=2;[2,4):n=1979,ell=3;[4,8):n=1786,ell=3;[8,16):n=1265,ell=4;[16,32):n=576,ell=4;[32,64):n=212,ell=3;[64,128):n=46,ell=2;[128,256):n=6,ell=2"
Gaussian RP,10,5,23,18,1,0.01014220000070054,0.34578119999787305,0.3559233999985736,0.1200813132102652,0.2631234861677561,0.30226022994836965,0.0016078000044217333,0.003051199993933551,0.0036925000022165477,0.001232700000400655,0.00010990000737365335,0.00021910000941716135,0.009913200017763302,lastfm-asia,0.25,mean,7.2943336831059815,,,,,,,,,,,
Degree-stratified RP,10,5,23,18,1,0.014267399994423613,0.34102330000314396,0.35529069999756757,0.14131870459364085,0.292226739075529,0.32005888227893436,,,,,,,0.014047000033315271,lastfm-asia,0.25,mean,7.2943336831059815,0.0003355000080773607,0.0032205000024987385,0.00569010000617709,0.0031839000002946705,0.001241000005393289,0.00011520000407472253,0.00026080000679939985,8.0,2.0,4.0,"[1,2):n=1754,ell=2;[2,4):n=1979,ell=3;[4,8):n=1786,ell=3;[8,16):n=1265,ell=4;[16,32):n=576,ell=4;[32,64):n=212,ell=3;[64,128):n=46,ell=2;[128,256):n=6,ell=2"
Gaussian RP,1,10,28,18,1,0.012570899998536333,0.321501200000057,0.33407209999859333,0.15737446998491356,0.314200290985874,0.3671506640653069,0.001987099996767938,0.0036920999991707504,0.004929399990942329,0.001209999987622723,0.0002494999935152009,0.0002136999974027276,0.01228179996542167,lastfm-asia,0.25,mean,7.2943336831059815,,,,,,,,,,,
Degree-stratified RP,1,10,28,18,1,0.01853119999577757,0.35989059999701567,0.37842179999279324,0.131201915611105,0.28612681494771675,0.30684777249548545,,,,,,,0.018238000018754974,lastfm-asia,0.25,mean,7.2943336831059815,0.0004700999998021871,0.004139500000746921,0.007102999996277504,0.004553100006887689,0.001462500003981404,0.00023940000392030925,0.00027040000713896006,8.0,2.0,5.0,"[1,2):n=1754,ell=2;[2,4):n=1979,ell=3;[4,8):n=1786,ell=4;[8,16):n=1265,ell=5;[16,32):n=576,ell=5;[32,64):n=212,ell=4;[64,128):n=46,ell=3;[128,256):n=6,ell=2"
Gaussian RP,2,10,28,18,1,0.011254199998802505,0.310668899997836,0.3219230999966385,0.13594646906447272,0.2966823382103881,0.3267820323875677,0.0019806999916909263,0.0027652999997371808,0.004625400004442781,0.001156799989985302,0.00022329999774228781,0.00023370000417344272,0.01098519998777192,lastfm-asia,0.25,mean,7.2943336831059815,,,,,,,,,,,
Degree-stratified RP,2,10,28,18,1,0.019016099991858937,0.8042423000006238,0.8232583999924827,0.1430813131339286,0.2994786325474692,0.3401303262407971,,,,,,,0.018733899982180446,lastfm-asia,0.25,mean,7.2943336831059815,0.0004774999979417771,0.003948900004616007,0.007637299990165047,0.0045658000017283484,0.0016217999946093187,0.000265800001216121,0.0002167999919038266,8.0,2.0,5.0,"[1,2):n=1754,ell=2;[2,4):n=1979,ell=3;[4,8):n=1786,ell=4;[8,16):n=1265,ell=5;[16,32):n=576,ell=5;[32,64):n=212,ell=4;[64,128):n=46,ell=3;[128,256):n=6,ell=2"
Gaussian RP,3,10,28,18,1,0.015490400008275174,0.4812530999915907,0.4967434999998659,0.13446236981899815,0.2829468824785164,0.30917787848487766,0.002126600011251867,0.0038533000042662024,0.006666600005701184,0.0018639000045368448,0.0002781000075628981,0.00029880000511184335,0.01508730003843084,lastfm-asia,0.25,mean,7.2943336831059815,,,,,,,,,,,
Degree-stratified RP,3,10,28,18,1,0.024442299996735528,0.41126740000618156,0.4357097000029171,0.13459216327904291,0.29849848811400315,0.31985815347521507,,,,,,,0.02405030002410058,lastfm-asia,0.25,mean,7.2943336831059815,0.000505700008943677,0.0061781000113114715,0.009096399997361004,0.005909400002565235,0.0017624000029172748,0.0002948000037577003,0.0003034999972442165,8.0,2.0,5.0,"[1,2):n=1754,ell=2;[2,4):n=1979,ell=3;[4,8):n=1786,ell=4;[8,16):n=1265,ell=5;[16,32):n=576,ell=5;[32,64):n=212,ell=4;[64,128):n=46,ell=3;[128,256):n=6,ell=2"
Gaussian RP,4,10,28,18,1,0.013319999998202547,0.39808739999716636,0.4114073999953689,0.14564112609717725,0.30169839716719193,0.3499484635580375,0.0020871999877272174,0.003332899999804795,0.005597199997282587,0.0014854999899398535,0.0002403999969828874,0.00027879999834112823,0.013021999970078468,lastfm-asia,0.25,mean,7.2943336831059815,,,,,,,,,,,
Degree-stratified RP,4,10,28,18,1,0.02322420000564307,0.343110899993917,0.36633509999956004,0.15284565884169599,0.31236614477851654,0.34386493906387094,,,,,,,0.022884800026076846,lastfm-asia,0.25,mean,7.2943336831059815,0.00036789999285247177,0.005145200004335493,0.009154999992460944,0.005123100010678172,0.0025065000081667677,0.00028980000934097916,0.0002973000082420185,8.0,2.0,5.0,"[1,2):n=1754,ell=2;[2,4):n=1979,ell=3;[4,8):n=1786,ell=4;[8,16):n=1265,ell=5;[16,32):n=576,ell=5;[32,64):n=212,ell=4;[64,128):n=46,ell=3;[128,256):n=6,ell=2"
Gaussian RP,5,10,28,18,1,0.012443100000382401,0.29092349999700673,0.30336659999738913,0.16974387439348618,0.3309191135759886,0.364674400960362,0.0021902000007685274,0.0038077000062912703,0.004474200002732687,0.0012241000076755881,0.00023389999114442617,0.00023499999952036887,0.012165100008132868,lastfm-asia,0.25,mean,7.2943336831059815,,,,,,,,,,,
Degree-stratified RP,5,10,28,18,1,0.02035710000200197,0.31123580000712536,0.33159290000912733,0.11912972845651254,0.2806708672124409,0.3181677986190198,,,,,,,0.020049699989613146,lastfm-asia,0.25,mean,7.2943336831059815,0.00045220000902190804,0.004192099993815646,0.007441599998855963,0.005109899997478351,0.002278999992995523,0.0003003000019816682,0.00027459999546408653,8.0,2.0,5.0,"[1,2):n=1754,ell=2;[2,4):n=1979,ell=3;[4,8):n=1786,ell=4;[8,16):n=1265,ell=5;[16,32):n=576,ell=5;[32,64):n=212,ell=4;[64,128):n=46,ell=3;[128,256):n=6,ell=2"
Gaussian RP,6,10,28,18,1,0.012123699998483062,0.38058189999719616,0.3927055999956792,0.1570810925178478,0.3091579533686765,0.3553030383659351,0.0017435000045225024,0.003595999995013699,0.0043631000007735565,0.0014899999951012433,0.00026960000104736537,0.00031189998844638467,0.011774099984904751,lastfm-asia,0.25,mean,7.2943336831059815,,,,,,,,,,,
Degree-stratified RP,6,10,28,18,1,0.06674520000524353,0.3522874999907799,0.41903269999602344,0.13677270278111872,0.3014064501126935,0.33780126480387157,,,,,,,0.0659602000087034,lastfm-asia,0.25,mean,7.2943336831059815,0.0006167999963508919,0.011088100000051782,0.030747700002393685,0.020463499997276813,0.00228540001262445,0.0003201999934390187,0.0004385000065667555,8.0,2.0,5.0,"[1,2):n=1754,ell=2;[2,4):n=1979,ell=3;[4,8):n=1786,ell=4;[8,16):n=1265,ell=5;[16,32):n=576,ell=5;[32,64):n=212,ell=4;[64,128):n=46,ell=3;[128,256):n=6,ell=2"
Gaussian RP,7,10,28,18,1,0.012090999996871687,0.28761329999542795,0.29970429999229964,0.14440959961971597,0.30683849214996983,0.3462553994176194,0.001988000003620982,0.0034254000056535006,0.004796300010639243,0.0011765000090235844,0.00023400000645779073,0.0002420999953756109,0.011862300030770712,lastfm-asia,0.25,mean,7.2943336831059815,,,,,,,,,,,
Degree-stratified RP,7,10,28,18,1,0.01796299999114126,0.26992669999890495,0.2878896999900462,0.12430959411679052,0.28030156314001564,0.32883759946843993,,,,,,,0.017636700009461492,lastfm-asia,0.25,mean,7.2943336831059815,0.0004883999936282635,0.003519999998388812,0.007031500004814006,0.004227099998388439,0.0017870000010589138,0.00028780000866390765,0.00029490000451914966,8.0,2.0,5.0,"[1,2):n=1754,ell=2;[2,4):n=1979,ell=3;[4,8):n=1786,ell=4;[8,16):n=1265,ell=5;[16,32):n=576,ell=5;[32,64):n=212,ell=4;[64,128):n=46,ell=3;[128,256):n=6,ell=2"
Gaussian RP,8,10,28,18,1,0.011653800000203773,0.23439050000160933,0.2460443000018131,0.13047832293809594,0.2953754153110072,0.315315480102757,0.0016858000017236918,0.003212300012819469,0.004448299994692206,0.001099800007068552,0.0005559999990509823,0.00037090000114403665,0.011373100016498938,lastfm-asia,0.25,mean,7.2943336831059815,,,,,,,,,,,
Degree-stratified RP,8,10,28,18,1,0.017584099987288937,0.2461909999983618,0.26377509998565074,0.13516831803206145,0.29322897030721456,0.34935931593389724,,,,,,,0.017364199986332096,lastfm-asia,0.25,mean,7.2943336831059815,0.00047590000031050295,0.004045399997266941,0.006567899996298365,0.004549100005533546,0.001236700001754798,0.00024369999300688505,0.0002454999921610579,8.0,2.0,5.0,"[1,2):n=1754,ell=2;[2,4):n=1979,ell=3;[4,8):n=1786,ell=4;[8,16):n=1265,ell=5;[16,32):n=576,ell=5;[32,64):n=212,ell=4;[64,128):n=46,ell=3;[128,256):n=6,ell=2"
Gaussian RP,9,10,28,18,1,0.01188679999904707,0.24524689999816474,0.2571336999972118,0.14083502862810726,0.3048875747475833,0.2997313390435033,0.0020220000005792826,0.003381500006071292,0.004602600005455315,0.0011369999992894009,0.00022560000070370734,0.00020340000628493726,0.011572100018383935,lastfm-asia,0.25,mean,7.2943336831059815,,,,,,,,,,,
Degree-stratified RP,9,10,28,18,1,0.016152800002600998,0.2717743999965023,0.2879271999991033,0.12663445719196798,0.29215137130853075,0.28073087296826915,,,,,,,0.015933500020764768,lastfm-asia,0.25,mean,7.2943336831059815,0.0004684000014094636,0.0037126999959582463,0.005849300010595471,0.004251400008797646,0.001156099999207072,0.00025880000612232834,0.0002367999986745417,8.0,2.0,5.0,"[1,2):n=1754,ell=2;[2,4):n=1979,ell=3;[4,8):n=1786,ell=4;[8,16):n=1265,ell=5;[16,32):n=576,ell=5;[32,64):n=212,ell=4;[64,128):n=46,ell=3;[128,256):n=6,ell=2"
Gaussian RP,10,10,28,18,1,0.010318800006643869,0.26505750000069384,0.2753763000073377,0.1430650323458402,0.2955503079006228,0.33877849939283333,0.0016902999923331663,0.0023427999985869974,0.004479200011701323,0.0011233000113861635,0.00023890000011306256,0.00021149999520275742,0.01008600000932347,lastfm-asia,0.25,mean,7.2943336831059815,,,,,,,,,,,
Degree-stratified RP,10,10,28,18,1,0.016030700004193932,0.2704604000027757,0.28649110000696965,0.14886283813189588,0.31653649798375627,0.3273267603615004,,,,,,,0.01581120000628289,lastfm-asia,0.25,mean,7.2943336831059815,0.0003343000134918839,0.003106800009845756,0.0062021999910939485,0.004544199997326359,0.0011774000013247132,0.00023150000197347254,0.00021479999122675508,8.0,2.0,5.0,"[1,2):n=1754,ell=2;[2,4):n=1979,ell=3;[4,8):n=1786,ell=4;[8,16):n=1265,ell=5;[16,32):n=576,ell=5;[32,64):n=212,ell=4;[64,128):n=46,ell=3;[128,256):n=6,ell=2"
Gaussian RP,1,20,38,18,1,0.015821799999685027,0.22782300000835676,0.24364480000804178,0.18734089022743394,0.34815261653484164,0.3412289871884837,0.002588499992270954,0.0036411000037332997,0.0071118999912869185,0.0014425999979721382,0.0003301999968243763,0.000261799999861978,0.015376099981949665,lastfm-asia,0.25,mean,7.2943336831059815,,,,,,,,,,,
Degree-stratified RP,1,20,38,18,1,0.024808100002701394,0.2659244999958901,0.29073259999859147,0.15612457489152146,0.33077564988636016,0.31807321165191155,,,,,,,0.024225900022429414,lastfm-asia,0.25,mean,7.2943336831059815,0.00047560001257807016,0.00422110001090914,0.010139900012291037,0.006566299998667091,0.001935099993715994,0.0006105999927967787,0.0002773000014713034,8.0,2.0,7.0,"[1,2):n=1754,ell=3;[2,4):n=1979,ell=4;[4,8):n=1786,ell=6;[8,16):n=1265,ell=7;[16,32):n=576,ell=6;[32,64):n=212,ell=6;[64,128):n=46,ell=4;[128,256):n=6,ell=2"
Gaussian RP,2,20,38,18,1,0.016223500002524815,0.22221250001166482,0.23843600001418963,0.17625560480918534,0.32656419583724317,0.31924827767970937,0.0026262000028509647,0.004367800007457845,0.0068325000029290095,0.0013943000085419044,0.00028229999588802457,0.0002690999972401187,0.015772200014907867,lastfm-asia,0.25,mean,7.2943336831059815,,,,,,,,,,,
Degree-stratified RP,2,20,38,18,1,0.024017900010221638,0.23993199999677017,0.2639499000069918,0.18046422213538257,0.3280313826051377,0.3563184118862969,,,,,,,0.023663300002226606,lastfm-asia,0.25,mean,7.2943336831059815,0.0004661999992094934,0.004492000007303432,0.010065800001029857,0.0066977999958908185,0.0014442999963648617,0.00026709999656304717,0.00023010000586509705,8.0,2.0,7.0,"[1,2):n=1754,ell=3;[2,4):n=1979,ell=4;[4,8):n=1786,ell=6;[8,16):n=1265,ell=7;[16,32):n=576,ell=6;[32,64):n=212,ell=6;[64,128):n=46,ell=4;[128,256):n=6,ell=2"
Gaussian RP,3,20,38,18,1,0.017133899993496016,0.2951089999987744,0.3122428999922704,0.16966722633994447,0.3362847957580885,0.3382586485511415,0.002290700009325519,0.004061700004967861,0.006865499992272817,0.0029159999976400286,0.00038899999344721437,0.00025460000324528664,0.016777500000898726,lastfm-asia,0.25,mean,7.2943336831059815,,,,,,,,,,,
Degree-stratified RP,3,20,38,18,1,0.024268400011351332,0.2795913999871118,0.30385979999846313,0.1912793824865745,0.3576644075530715,0.3611666807513429,,,,,,,0.023844599971198477,lastfm-asia,0.25,mean,7.2943336831059815,0.000344899992342107,0.00379810000595171,0.009922799988999031,0.007055800000671297,0.0021452999935718253,0.00029969999741297215,0.00027799999224953353,8.0,2.0,7.0,"[1,2):n=1754,ell=3;[2,4):n=1979,ell=4;[4,8):n=1786,ell=6;[8,16):n=1265,ell=7;[16,32):n=576,ell=6;[32,64):n=212,ell=6;[64,128):n=46,ell=4;[128,256):n=6,ell=2"
Gaussian RP,4,20,38,18,1,0.015650400004233234,0.2800849999912316,0.29573539999546483,0.1966538196588677,0.3473058724692629,0.39032043577358344,0.00230760000704322,0.003421500005060807,0.0069451000017579645,0.0019998000061605126,0.0003723999980138615,0.0003208999987691641,0.01536730001680553,lastfm-asia,0.25,mean,7.2943336831059815,,,,,,,,,,,
Degree-stratified RP,4,20,38,18,1,0.024150899989763275,0.3026644000055967,0.32681529999535996,0.15530968514956686,0.3127412579053062,0.3520522066908466,,,,,,,0.023719899996649474,lastfm-asia,0.25,mean,7.2943336831059815,0.0003406000032555312,0.004061299987370148,0.009490600001299754,0.0077019000018481165,0.001590800005942583,0.0002773999876808375,0.0002573000092525035,8.0,2.0,7.0,"[1,2):n=1754,ell=3;[2,4):n=1979,ell=4;[4,8):n=1786,ell=6;[8,16):n=1265,ell=7;[16,32):n=576,ell=6;[32,64):n=212,ell=6;[64,128):n=46,ell=4;[128,256):n=6,ell=2"
Gaussian RP,5,20,38,18,1,0.017075099996873178,0.21706019999692217,0.23413529999379534,0.19237972892556823,0.3448215245206721,0.36727214089128773,0.002626899993629195,0.0043631000007735565,0.006819200003519654,0.0021151999972062185,0.00039829999150242656,0.00029969999741297215,0.016622399984044023,lastfm-asia,0.25,mean,7.2943336831059815,,,,,,,,,,,
Degree-stratified RP,5,20,38,18,1,0.02500789999612607,0.2685888999985764,0.29359679999470245,0.16466450345143677,0.327029316231314,0.3463201625496622,,,,,,,0.024710299985599704,lastfm-asia,0.25,mean,7.2943336831059815,0.0004752999957418069,0.004246399999829009,0.00975270000344608,0.007004899991443381,0.0025618999934522435,0.000374399998690933,0.000294700002996251,8.0,2.0,7.0,"[1,2):n=1754,ell=3;[2,4):n=1979,ell=4;[4,8):n=1786,ell=6;[8,16):n=1265,ell=7;[16,32):n=576,ell=6;[32,64):n=212,ell=6;[64,128):n=46,ell=4;[128,256):n=6,ell=2"
Gaussian RP,6,20,38,18,1,0.01771349999762606,0.2856055999873206,0.30331909998494666,0.16315862025612674,0.3349248375863786,0.3271249093848764,0.002386699998169206,0.005064400000264868,0.007732499987469055,0.0014934000064386055,0.0003113000129815191,0.00026700001035351306,0.017255300015676767,lastfm-asia,0.25,mean,7.2943336831059815,,,,,,,,,,,
Degree-stratified RP,6,20,38,18,1,0.02650339998945128,0.28431889999774285,0.31082229998719413,0.15874849924322748,0.3105953160668635,0.3225814937034717,,,,,,,0.025859100016532466,lastfm-asia,0.25,mean,7.2943336831059815,0.00042389999725855887,0.004701900004874915,0.010520200012251735,0.00756510000792332,0.0020010000007459894,0.0002925000007962808,0.0003544999926816672,8.0,2.0,7.0,"[1,2):n=1754,ell=3;[2,4):n=1979,ell=4;[4,8):n=1786,ell=6;[8,16):n=1265,ell=7;[16,32):n=576,ell=6;[32,64):n=212,ell=6;[64,128):n=46,ell=4;[128,256):n=6,ell=2"
Gaussian RP,7,20,38,18,1,0.016772199989645742,0.25120739999692887,0.2679795999865746,0.20472222225395745,0.3679946807411502,0.38936361873378794,0.0024353999906452373,0.0031103000073926523,0.007559999998193234,0.002455999987432733,0.00032869999995455146,0.0003150000120513141,0.016205399995669723,lastfm-asia,0.25,mean,7.2943336831059815,,,,,,,,,,,
Degree-stratified RP,7,20,38,18,1,0.025918200000887737,0.27713249999214895,0.3030506999930367,0.19375723778997553,0.3623208469678131,0.35267998978397164,,,,,,,0.02554519999830518,lastfm-asia,0.25,mean,7.2943336831059815,0.0003360000118846074,0.0036358999932417646,0.011679699993692338,0.007575299998279661,0.001724300003843382,0.0002808999997796491,0.0003130999975837767,8.0,2.0,7.0,"[1,2):n=1754,ell=3;[2,4):n=1979,ell=4;[4,8):n=1786,ell=6;[8,16):n=1265,ell=7;[16,32):n=576,ell=6;[32,64):n=212,ell=6;[64,128):n=46,ell=4;[128,256):n=6,ell=2"
Gaussian RP,8,20,38,18,1,0.015677299990784377,0.24047430000791792,0.2561515999987023,0.1733477932459021,0.33320649321355483,0.36461504145274953,0.0025957000034395605,0.0033278000046266243,0.007437100008246489,0.0013491999998223037,0.00031960000342223793,0.0002662999904714525,0.015295700010028668,lastfm-asia,0.25,mean,7.2943336831059815,,,,,,,,,,,
Degree-stratified RP,8,20,38,18,1,0.024502500004018657,0.268003499993938,0.2925059999979567,0.15682988024487454,0.32319890615713226,0.35295190104171353,,,,,,,0.024112400016747415,lastfm-asia,0.25,mean,7.2943336831059815,0.0003395000094315037,0.003555400006007403,0.010959399995044805,0.007068600010825321,0.0016124000103445724,0.00027209999097976834,0.00030499999411404133,8.0,2.0,7.0,"[1,2):n=1754,ell=3;[2,4):n=1979,ell=4;[4,8):n=1786,ell=6;[8,16):n=1265,ell=7;[16,32):n=576,ell=6;[32,64):n=212,ell=6;[64,128):n=46,ell=4;[128,256):n=6,ell=2"
Gaussian RP,9,20,38,18,1,0.01779690000694245,0.21975779999047518,0.23755469999741763,0.16352798629366108,0.3241739570721217,0.3529946178665233,0.0027750999870477244,0.004226899996865541,0.007632299995748326,0.0021234999876469374,0.00033150000672321767,0.0003406000032555312,0.017429899977287278,lastfm-asia,0.25,mean,7.2943336831059815,,,,,,,,,,,
Degree-stratified RP,9,20,38,18,1,0.02651480000349693,0.2435337999922922,0.2700485999957891,0.16402810417989844,0.33184380289217263,0.3507488693916214,,,,,,,0.026122299968847074,lastfm-asia,0.25,mean,7.2943336831059815,0.0004726999904960394,0.004545499992673285,0.011671700005535968,0.0071776999975554645,0.0016481999919051304,0.00026849999267142266,0.00033799999800976366,8.0,2.0,7.0,"[1,2):n=1754,ell=3;[2,4):n=1979,ell=4;[4,8):n=1786,ell=6;[8,16):n=1265,ell=7;[16,32):n=576,ell=6;[32,64):n=212,ell=6;[64,128):n=46,ell=4;[128,256):n=6,ell=2"
Gaussian RP,10,20,38,18,1,0.01648669999849517,0.26542860000336077,0.28191530000185594,0.18113545600329076,0.33229159844090184,0.339781762789053,0.0023665000044275075,0.004539300003671087,0.006928499991772696,0.0017293999990215525,0.0002893999917432666,0.00027269999554846436,0.016125799986184575,lastfm-asia,0.25,mean,7.2943336831059815,,,,,,,,,,,
Degree-stratified RP,10,20,38,18,1,0.04252030000498053,0.25732749998860527,0.2998477999935858,0.17746197696495739,0.35556738297640017,0.3596589030324825,,,,,,,0.04203639998740982,lastfm-asia,0.25,mean,7.2943336831059815,0.0005141000001458451,0.005552000002353452,0.016364800001611002,0.013774899998679757,0.005009000000427477,0.00043139999615959823,0.0003901999880326912,8.0,2.0,7.0,"[1,2):n=1754,ell=3;[2,4):n=1979,ell=4;[4,8):n=1786,ell=6;[8,16):n=1265,ell=7;[16,32):n=576,ell=6;[32,64):n=212,ell=6;[64,128):n=46,ell=4;[128,256):n=6,ell=2"
Gaussian RP,1,40,58,18,1,0.02560269999958109,0.19594299999880604,0.22154569999838714,0.20865074877271325,0.36493637605424295,0.34616214348409263,0.003465000001597218,0.005917200003750622,0.012017000000923872,0.002799800000502728,0.0006007000047247857,0.000308899994706735,0.02510860000620596,lastfm-asia,0.25,mean,7.2943336831059815,,,,,,,,,,,
Degree-stratified RP,1,40,58,18,1,0.040312899989658035,0.2624727000074927,0.3027855999971507,0.19479449451200825,0.36582761862371194,0.35880826364255825,,,,,,,0.03957190000801347,lastfm-asia,0.25,mean,7.2943336831059815,0.0005024999991292134,0.004715599992778152,0.01713680000102613,0.013850999996066093,0.002435500005958602,0.0006174000009195879,0.00031310001213569194,8.0,4.0,10.0,"[1,2):n=1754,ell=4;[2,4):n=1979,ell=6;[4,8):n=1786,ell=9;[8,16):n=1265,ell=10;[16,32):n=576,ell=10;[32,64):n=212,ell=9;[64,128):n=46,ell=6;[128,256):n=6,ell=4"
Gaussian RP,2,40,58,18,1,0.030135399996652268,0.2436359999992419,0.27377139999589417,0.21420925212947983,0.37389215219909294,0.35536746149044185,0.004010000004200265,0.006326900009298697,0.014935899991542101,0.003087799996137619,0.0006605999951716512,0.00033510000503156334,0.029356300001381896,lastfm-asia,0.25,mean,7.2943336831059815,,,,,,,,,,,
Degree-stratified RP,2,40,58,18,1,0.04398129999754019,0.2651444000075571,0.3091257000050973,0.20673185373178443,0.35945217722822814,0.38084283028761895,,,,,,,0.0434837999928277,lastfm-asia,0.25,mean,7.2943336831059815,0.0005796000041300431,0.0058317999937571585,0.019028499998967163,0.01370409999799449,0.003212399999029003,0.0007624999998370185,0.0003648999991128221,8.0,4.0,10.0,"[1,2):n=1754,ell=4;[2,4):n=1979,ell=6;[4,8):n=1786,ell=9;[8,16):n=1265,ell=10;[16,32):n=576,ell=10;[32,64):n=212,ell=9;[64,128):n=46,ell=6;[128,256):n=6,ell=4"
Gaussian RP,3,40,58,18,1,0.031029699995997362,0.23944309999933466,0.270472799995332,0.22682583079303273,0.38103984823889747,0.35137520713547177,0.004407999993418343,0.0075090000027557835,0.014206600011675619,0.00311209999199491,0.0009723999974085018,0.00040940000326372683,0.030617500000516884,lastfm-asia,0.25,mean,7.2943336831059815,,,,,,,,,,,
Degree-stratified RP,3,40,58,18,1,0.04124489999958314,0.23878780000086408,0.2800327000004472,0.17230941677522507,0.3419581315816358,0.32636222895368155,,,,,,,0.040788000012980774,lastfm-asia,0.25,mean,7.2943336831059815,0.0007178000087151304,0.00447070000518579,0.017609899994567968,0.014201500001945533,0.0027735000039683655,0.0007130000012693927,0.0003015999973285943,8.0,4.0,10.0,"[1,2):n=1754,ell=4;[2,4):n=1979,ell=6;[4,8):n=1786,ell=9;[8,16):n=1265,ell=10;[16,32):n=576,ell=10;[32,64):n=212,ell=9;[64,128):n=46,ell=6;[128,256):n=6,ell=4"
Gaussian RP,4,40,58,18,1,0.03014919999986887,0.22952649999933783,0.2596756999992067,0.2319626553606451,0.393173701694931,0.3969763120448558,0.004153300003963523,0.007124399999156594,0.013697500005946495,0.0031967999966582283,0.0008818999922368675,0.0004540000081760809,0.02950790000613779,lastfm-asia,0.25,mean,7.2943336831059815,,,,,,,,,,,
Degree-stratified RP,4,40,58,18,1,0.043273000002955087,0.3658467999921413,0.4091197999950964,0.19329999055944033,0.3583618823748648,0.3599647057549449,,,,,,,0.04271639999933541,lastfm-asia,0.25,mean,7.2943336831059815,0.0005838000070070848,0.0051734000007854775,0.018013699998846278,0.014930599994841032,0.0028762000001734123,0.000782300005084835,0.0003563999925972894,8.0,4.0,10.0,"[1,2):n=1754,ell=4;[2,4):n=1979,ell=6;[4,8):n=1786,ell=9;[8,16):n=1265,ell=10;[16,32):n=576,ell=10;[32,64):n=212,ell=9;[64,128):n=46,ell=6;[128,256):n=6,ell=4"
Gaussian RP,5,40,58,18,1,0.030312999995658174,0.2379270999954315,0.26824009999108966,0.20504660520974483,0.3587630831380161,0.35862207061460377,0.00421739999728743,0.0074324000015622005,0.013729300000704825,0.003320699994219467,0.0005583000020124018,0.0003480000013951212,0.029606099997181445,lastfm-asia,0.25,mean,7.2943336831059815,,,,,,,,,,,
Degree-stratified RP,5,40,58,18,1,0.0455670000083046,0.2391319000016665,0.2846989000099711,0.20357378847570537,0.36301256571319496,0.34065704633955673,,,,,,,0.04492860000755172,lastfm-asia,0.25,mean,7.2943336831059815,0.0005233999982010573,0.004887499992037192,0.021082799998112023,0.014118200007942505,0.0032582999992882833,0.0006960000027902424,0.00036240000918041915,8.0,4.0,10.0,"[1,2):n=1754,ell=4;[2,4):n=1979,ell=6;[4,8):n=1786,ell=9;[8,16):n=1265,ell=10;[16,32):n=576,ell=10;[32,64):n=212,ell=9;[64,128):n=46,ell=6;[128,256):n=6,ell=4"
Gaussian RP,6,40,58,18,1,0.02748309999878984,0.2067250999971293,0.23420819999591913,0.19759531190713606,0.3809651733011967,0.35931514509074036,0.0036259000044083223,0.006173100002342835,0.012280499999178573,0.003333899992867373,0.0006716999923810363,0.0004023000074084848,0.026487399998586625,lastfm-asia,0.25,mean,7.2943336831059815,,,,,,,,,,,
Degree-stratified RP,6,40,58,18,1,0.040479799994500354,0.24432549999619368,0.28480529999069404,0.1824433744493385,0.34474595184230833,0.3419966449075489,,,,,,,0.039864899998065084,lastfm-asia,0.25,mean,7.2943336831059815,0.00033680000342428684,0.003952799990656786,0.017708700004732236,0.013959000003524125,0.002864800000679679,0.0006616000027861446,0.000381199992261827,8.0,4.0,10.0,"[1,2):n=1754,ell=4;[2,4):n=1979,ell=6;[4,8):n=1786,ell=9;[8,16):n=1265,ell=10;[16,32):n=576,ell=10;[32,64):n=212,ell=9;[64,128):n=46,ell=6;[128,256):n=6,ell=4"
Gaussian RP,7,40,58,18,1,0.02770320000126958,0.196817000003648,0.22452020000491757,0.2423389915518691,0.3902433859739354,0.3721371528932217,0.00377660000231117,0.005588200001511723,0.013389799991273321,0.002999799995450303,0.0006485999911092222,0.00034359999699518085,0.02674659997865092,lastfm-asia,0.25,mean,7.2943336831059815,,,,,,,,,,,
Degree-stratified RP,7,40,58,18,1,0.042045099995448254,0.2898620999912964,0.33190719998674467,0.21526521147727706,0.377615785464724,0.36752477704905784,,,,,,,0.04114840002148412,lastfm-asia,0.25,mean,7.2943336831059815,0.00034080000477842987,0.00543080001079943,0.017690100008621812,0.014014000000315718,0.002645700005814433,0.0006834999949205667,0.0003434999962337315,8.0,4.0,10.0,"[1,2):n=1754,ell=4;[2,4):n=1979,ell=6;[4,8):n=1786,ell=9;[8,16):n=1265,ell=10;[16,32):n=576,ell=10;[32,64):n=212,ell=9;[64,128):n=46,ell=6;[128,256):n=6,ell=4"
Gaussian RP,8,40,58,18,1,0.04065500000433531,0.2679089000012027,0.308563900005538,0.2156041747045405,0.37618450288935706,0.37880817921900456,0.004819200010388158,0.009836700002779253,0.017856699996627867,0.004227999990689568,0.0007897999894339591,0.00047569999878760427,0.03800609998870641,lastfm-asia,0.25,mean,7.2943336831059815,,,,,,,,,,,
Degree-stratified RP,8,40,58,18,1,0.0494302000006428,0.3015419000003021,0.3509721000009449,0.20221201139309136,0.3600845197627225,0.3845344512543605,,,,,,,0.04870840000512544,lastfm-asia,0.25,mean,7.2943336831059815,0.0005680000031134114,0.006259200003114529,0.020515900003374554,0.01551090000430122,0.004607399998349138,0.0007562999962829053,0.000490699996589683,8.0,4.0,10.0,"[1,2):n=1754,ell=4;[2,4):n=1979,ell=6;[4,8):n=1786,ell=9;[8,16):n=1265,ell=10;[16,32):n=576,ell=10;[32,64):n=212,ell=9;[64,128):n=46,ell=6;[128,256):n=6,ell=4"
Gaussian RP,9,40,58,18,1,0.0339869000017643,0.23870509999687783,0.27269199999864213,0.20746664951159347,0.37287089701991816,0.38782096897576435,0.0039379000081680715,0.008793000000878237,0.015427200007252395,0.003842799997073598,0.0007288000051630661,0.0004380000027595088,0.03316770002129488,lastfm-asia,0.25,mean,7.2943336831059815,,,,,,,,,,,
Degree-stratified RP,9,40,58,18,1,0.045963000011397526,0.25088570000662,0.29684870001801755,0.21497341544172194,0.3871624764164812,0.3830838551881403,,,,,,,0.04531869998027105,lastfm-asia,0.25,mean,7.2943336831059815,0.0004718999989563599,0.0056976000050781295,0.01992769999196753,0.014887400000588968,0.003343199990922585,0.0005878999945707619,0.00040299999818671495,8.0,4.0,10.0,"[1,2):n=1754,ell=4;[2,4):n=1979,ell=6;[4,8):n=1786,ell=9;[8,16):n=1265,ell=10;[16,32):n=576,ell=10;[32,64):n=212,ell=9;[64,128):n=46,ell=6;[128,256):n=6,ell=4"
Gaussian RP,10,40,58,18,1,0.035477800003718585,0.28884749999269843,0.324325299996417,0.22962828691297937,0.3816517455880475,0.345578105271276,0.004695399999036454,0.00867409999773372,0.01621780000277795,0.002998500000103377,0.000859200008562766,0.0006360000115819275,0.03408100001979619,lastfm-asia,0.25,mean,7.2943336831059815,,,,,,,,,,,
Degree-stratified RP,10,40,58,18,1,0.04996699999901466,0.2527512999949977,0.30271829999401234,0.19750617848066435,0.3593344502090544,0.34254017904614337,,,,,,,0.049290900002233684,lastfm-asia,0.25,mean,7.2943336831059815,0.0005076999950688332,0.005644699995173141,0.023183700002846308,0.01573389999975916,0.003246800013585016,0.0005724000075133517,0.00040169998828787357,8.0,4.0,10.0,"[1,2):n=1754,ell=4;[2,4):n=1979,ell=6;[4,8):n=1786,ell=9;[8,16):n=1265,ell=10;[16,32):n=576,ell=10;[32,64):n=212,ell=9;[64,128):n=46,ell=6;[128,256):n=6,ell=4"
Gaussian RP,1,5,23,18,1,0.01029049999488052,0.4010619000036968,0.4113523999985773,0.08835754112315279,0.15910729340976226,0.2295325559741629,0.0016056000022217631,0.0034768000041367486,0.0036848000017926097,0.000981699995463714,9.790000331122428e-05,0.00024249999842140824,0.010089300005347468,lastfm-asia,0.5,0,0.0,,,,,,,,,,,
Degree-stratified RP,1,5,23,18,1,0.013844999994034879,0.2605460999911884,0.27439109998522326,0.08078035782537742,0.1913001927799697,0.20632889327870121,,,,,,,0.013614700001198798,lastfm-asia,0.5,0,0.0,0.0003378999972483143,0.0035687000054167584,0.004769100007251836,0.003618499991716817,0.0010170000023208559,8.749999688006938e-05,0.00021600000036414713,8.0,2.0,4.0,"[1,2):n=1754,ell=2;[2,4):n=1979,ell=3;[4,8):n=1786,ell=3;[8,16):n=1265,ell=4;[16,32):n=576,ell=4;[32,64):n=212,ell=3;[64,128):n=46,ell=2;[128,256):n=6,ell=2"
Gaussian RP,2,5,23,18,1,0.0096386000077473,0.30502810000325553,0.31466670001100283,0.07469723925162457,0.16218577278750956,0.23234216601449978,0.0015554999990854412,0.0027722999948309734,0.0033399000094505027,0.0013260000123409554,0.00011210000957362354,0.0002626000059535727,0.009368400031235069,lastfm-asia,0.5,0,0.0,,,,,,,,,,,
Degree-stratified RP,2,5,23,18,1,0.014590599996154197,0.260373700002674,0.2749642999988282,0.10159270636554292,0.22056201793471936,0.24864849651037163,,,,,,,0.014342499998747371,lastfm-asia,0.5,0,0.0,0.00033660000190138817,0.0031578000052832067,0.005634400004055351,0.0038035000034142286,0.001080499991076067,9.640000644139946e-05,0.00023329998657573014,8.0,2.0,4.0,"[1,2):n=1754,ell=2;[2,4):n=1979,ell=3;[4,8):n=1786,ell=3;[8,16):n=1265,ell=4;[16,32):n=576,ell=4;[32,64):n=212,ell=3;[64,128):n=46,ell=2;[128,256):n=6,ell=2"
Gaussian RP,3,5,23,18,1,0.00914139999076724,0.2957641999964835,0.30490559998725075,0.0683632408436124,0.15678561178068362,0.21222452306856837,0.0014253999979700893,0.0028263999993214384,0.0034042000042973086,0.0009734999912325293,9.359999967273325e-05,0.00023530000180471689,0.008958399994298816,lastfm-asia,0.5,0,0.0,,,,,,,,,,,
Degree-stratified RP,3,5,23,18,1,0.013206899995566346,0.275059899999178,0.28826679999474436,0.07416766250056893,0.18083359258997622,0.19119943857453567,,,,,,,0.01297599999816157,lastfm-asia,0.5,0,0.0,0.00033999999868683517,0.002880400003050454,0.0051666999934241176,0.0032134000066434965,0.0010760000004665926,8.670000534038991e-05,0.00021279999054968357,8.0,2.0,4.0,"[1,2):n=1754,ell=2;[2,4):n=1979,ell=3;[4,8):n=1786,ell=3;[8,16):n=1265,ell=4;[16,32):n=576,ell=4;[32,64):n=212,ell=3;[64,128):n=46,ell=2;[128,256):n=6,ell=2"
Gaussian RP,4,5,23,18,1,0.009628400002839044,0.2963339999987511,0.30596240000159014,0.0704168307150862,0.1514840600991842,0.20583776277184204,0.0016928999975789338,0.0023707000073045492,0.003403000009711832,0.0013035999872954562,9.23000043258071e-05,0.0003288000007160008,0.009191300006932579,lastfm-asia,0.5,0,0.0,,,,,,,,,,,
Degree-stratified RP,4,5,23,18,1,0.013441200004308484,0.29996590000519063,0.3134071000094991,0.10245928315311403,0.21731974414169103,0.22513158963229207,,,,,,,0.013243099980172701,lastfm-asia,0.5,0,0.0,0.00033489998895674944,0.0030187000083969906,0.004695700001320802,0.0033515999966766685,0.001472999996622093,0.0001255999959539622,0.00024359999224543571,8.0,2.0,4.0,"[1,2):n=1754,ell=2;[2,4):n=1979,ell=3;[4,8):n=1786,ell=3;[8,16):n=1265,ell=4;[16,32):n=576,ell=4;[32,64):n=212,ell=3;[64,128):n=46,ell=2;[128,256):n=6,ell=2"
Gaussian RP,5,5,23,18,1,0.010517699993215501,0.30112990000634454,0.31164759999956004,0.05839117776225292,0.14639980071151185,0.21404863723080128,0.0016226000007009134,0.002991200002725236,0.004141500001423992,0.001245000006747432,0.00011869998706970364,0.000222400005441159,0.010341400004108436,lastfm-asia,0.5,0,0.0,,,,,,,,,,,
Degree-stratified RP,5,5,23,18,1,0.01484340000024531,0.2556089999998221,0.2704524000000674,0.10703818956940919,0.2169846940289881,0.24804162205569266,,,,,,,0.014671800003270619,lastfm-asia,0.5,0,0.0,0.00033650000113993883,0.003303799996501766,0.005635699999402277,0.0037770000053569674,0.0012998000020161271,0.00011229999654460698,0.00020670000230893493,8.0,2.0,4.0,"[1,2):n=1754,ell=2;[2,4):n=1979,ell=3;[4,8):n=1786,ell=3;[8,16):n=1265,ell=4;[16,32):n=576,ell=4;[32,64):n=212,ell=3;[64,128):n=46,ell=2;[128,256):n=6,ell=2"
Gaussian RP,6,5,23,18,1,0.009941099997377023,0.30504540000401903,0.31498650000139605,0.08688137964899605,0.17035350721399686,0.23912329931924672,0.0016285000019706786,0.0028990999999223277,0.0037736999947810546,0.0011184000031789765,0.00013190000026952475,0.00020120000408496708,0.009752800004207529,lastfm-asia,0.5,0,0.0,,,,,,,,,,,
Degree-stratified RP,6,5,23,18,1,0.01392489999125246,0.26565600000321865,0.2795808999944711,0.09839892084008937,0.19559813423588354,0.18974653853178702,,,,,,,0.013745600008405745,lastfm-asia,0.5,0,0.0,0.0009931000095093623,0.00304030001279898,0.004667400004109368,0.003736899991054088,0.0010154000046895817,9.119999594986439e-05,0.00020129999029450119,8.0,2.0,4.0,"[1,2):n=1754,ell=2;[2,4):n=1979,ell=3;[4,8):n=1786,ell=3;[8,16):n=1265,ell=4;[16,32):n=576,ell=4;[32,64):n=212,ell=3;[64,128):n=46,ell=2;[128,256):n=6,ell=2"
Gaussian RP,7,5,23,18,1,0.009474499995121732,0.3506842000060715,0.3601587000011932,0.06934976376820355,0.14604413713846107,0.217043244499365,0.0014197999989846721,0.002557699990575202,0.003780500002903864,0.0011730999976862222,9.06000059330836e-05,0.00020689998927991837,0.009228599985362962,lastfm-asia,0.5,0,0.0,,,,,,,,,,,
Degree-stratified RP,7,5,23,18,1,0.014902800001436844,0.2830757000047015,0.29797850000613835,0.07514090710579413,0.1760753338882923,0.2186346042579182,,,,,,,0.014727600006153807,lastfm-asia,0.5,0,0.0,0.00046379999548662454,0.0035893999884137884,0.005345900004613213,0.0037084000068716705,0.001301299998885952,8.97999998414889e-05,0.00022900001204106957,8.0,2.0,4.0,"[1,2):n=1754,ell=2;[2,4):n=1979,ell=3;[4,8):n=1786,ell=3;[8,16):n=1265,ell=4;[16,32):n=576,ell=4;[32,64):n=212,ell=3;[64,128):n=46,ell=2;[128,256):n=6,ell=2"
Gaussian RP,8,5,23,18,1,0.008379200007766485,0.3231649999943329,0.3315442000020994,0.06455711487663097,0.15704543403895918,0.23951337247385418,0.0014197999989846721,0.0021403999999165535,0.003383799994480796,0.0009805000008782372,8.959999831859022e-05,0.00019509998674038798,0.008209199979319237,lastfm-asia,0.5,0,0.0,,,,,,,,,,,
Degree-stratified RP,8,5,23,18,1,0.015145400000619702,0.30937489999632817,0.32452029999694787,0.08927279153212765,0.202274924803475,0.22414649043102036,,,,,,,0.014957900013541803,lastfm-asia,0.5,0,0.0,0.0004692000075010583,0.0036106999905314296,0.0059883000067202374,0.0031241999968187883,0.001407499992637895,0.0001233000075444579,0.0002347000117879361,8.0,2.0,4.0,"[1,2):n=1754,ell=2;[2,4):n=1979,ell=3;[4,8):n=1786,ell=3;[8,16):n=1265,ell=4;[16,32):n=576,ell=4;[32,64):n=212,ell=3;[64,128):n=46,ell=2;[128,256):n=6,ell=2"
Gaussian RP,9,5,23,18,1,0.00923260000126902,0.34239930000330787,0.3516319000045769,0.07766889110704212,0.1599381150470228,0.2249050280220216,0.0013919000048190355,0.0022950999991735443,0.004062100008013658,0.0009867999906418845,9.240000508725643e-05,0.00020450000010896474,0.009032800007844344,lastfm-asia,0.5,0,0.0,,,,,,,,,,,
Degree-stratified RP,9,5,23,18,1,0.014851500003715046,0.26283729998976924,0.2776887999934843,0.11404730315195091,0.2273598232626608,0.2508746237729809,,,,,,,0.014674200006993487,lastfm-asia,0.5,0,0.0,0.0004651000053854659,0.003671300000860356,0.005551900001592003,0.0036340000078780577,0.0010458999895490706,9.23000043258071e-05,0.0002136999974027276,8.0,2.0,4.0,"[1,2):n=1754,ell=2;[2,4):n=1979,ell=3;[4,8):n=1786,ell=3;[8,16):n=1265,ell=4;[16,32):n=576,ell=4;[32,64):n=212,ell=3;[64,128):n=46,ell=2;[128,256):n=6,ell=2"
Gaussian RP,10,5,23,18,1,0.010726799999247305,0.4420121000002837,0.452738899999531,0.06381440482284324,0.1431633900846031,0.21380251984511306,0.0016709000046830624,0.0030482000001939014,0.0038191999919945374,0.001428399991709739,0.00014760000340174884,0.0002693999995244667,0.010383699991507456,lastfm-asia,0.5,0,0.0,,,,,,,,,,,
Degree-stratified RP,10,5,23,18,1,0.015783099996042438,0.3276410999969812,0.34342419999302365,0.11638561996051308,0.2260756362659428,0.23683551034093503,,,,,,,0.015492600010475144,lastfm-asia,0.5,0,0.0,0.00035319999733474106,0.0029578999965451658,0.0059345000045141205,0.0039093000086722896,0.0016841000033309683,0.00016239999968092889,0.0004912000003969297,8.0,2.0,4.0,"[1,2):n=1754,ell=2;[2,4):n=1979,ell=3;[4,8):n=1786,ell=3;[8,16):n=1265,ell=4;[16,32):n=576,ell=4;[32,64):n=212,ell=3;[64,128):n=46,ell=2;[128,256):n=6,ell=2"
Gaussian RP,1,10,28,18,1,0.014655700011644512,0.42270530000678264,0.43736100001842715,0.06647887236064837,0.14835159116678337,0.21621536056477764,0.0020946000004187226,0.004899099993053824,0.004578899999614805,0.002021799999056384,0.00033819999953266233,0.0004048999981023371,0.014337499989778735,lastfm-asia,0.5,0,0.0,,,,,,,,,,,
Degree-stratified RP,1,10,28,18,1,0.015987699996912852,0.27440500000375323,0.2903927000006661,0.10769426053315896,0.225976783845153,0.24044791734480386,,,,,,,0.015699500014306977,lastfm-asia,0.5,0,0.0,0.0004890999989584088,0.003180300001986325,0.006328199990093708,0.003986700001405552,0.00123790001089219,0.00023160000273492187,0.0002457000082358718,8.0,2.0,5.0,"[1,2):n=1754,ell=2;[2,4):n=1979,ell=3;[4,8):n=1786,ell=4;[8,16):n=1265,ell=5;[16,32):n=576,ell=5;[32,64):n=212,ell=4;[64,128):n=46,ell=3;[128,256):n=6,ell=2"
Gaussian RP,2,10,28,18,1,0.01286930000060238,0.41364250000333413,0.4265118000039365,0.05568675978753043,0.14225444261087306,0.20568515898381412,0.0020488000009208918,0.0032346000079996884,0.005275100003927946,0.001545599996461533,0.0002707000094233081,0.00026720001187641174,0.012642000030609779,lastfm-asia,0.5,0,0.0,,,,,,,,,,,
Degree-stratified RP,2,10,28,18,1,0.01973280000675004,0.25539480001316406,0.2751276000199141,0.10850533149850258,0.24553412694617086,0.26092428521675287,,,,,,,0.019380700032343157,lastfm-asia,0.5,0,0.0,0.00047590000031050295,0.0041563000122550875,0.007692600003792904,0.005325100006302819,0.0012266000121599063,0.00024140000459738076,0.00026279999292455614,8.0,2.0,5.0,"[1,2):n=1754,ell=2;[2,4):n=1979,ell=3;[4,8):n=1786,ell=4;[8,16):n=1265,ell=5;[16,32):n=576,ell=5;[32,64):n=212,ell=4;[64,128):n=46,ell=3;[128,256):n=6,ell=2"
Gaussian RP,3,10,28,18,1,0.010961699998006225,0.32440260000294074,0.33536430000094697,0.07610724775369024,0.1605118768128879,0.2170486587238481,0.00181049999082461,0.0023090000031515956,0.004718699987279251,0.001409599994076416,0.0002403999969828874,0.00022990000434219837,0.010718099976656958,lastfm-asia,0.5,0,0.0,,,,,,,,,,,
Degree-stratified RP,3,10,28,18,1,0.016767599998274818,0.27379300000029616,0.290560599998571,0.12116501149829621,0.2379962885285416,0.2486812894277911,,,,,,,0.016477299999678507,lastfm-asia,0.5,0,0.0,0.0003391999925952405,0.0031773999944562092,0.006736299998010509,0.004580799999530427,0.0011797000042861328,0.00022960000205785036,0.00023430000874213874,8.0,2.0,5.0,"[1,2):n=1754,ell=2;[2,4):n=1979,ell=3;[4,8):n=1786,ell=4;[8,16):n=1265,ell=5;[16,32):n=576,ell=5;[32,64):n=212,ell=4;[64,128):n=46,ell=3;[128,256):n=6,ell=2"
Gaussian RP,4,10,28,18,1,0.0118845999968471,0.3527211000036914,0.3646057000005385,0.07452703515720206,0.16732933377765144,0.2373098417366611,0.0019453999993856996,0.003208699999959208,0.004614600009517744,0.0014308999961940572,0.00023040000814944506,0.0002204000047640875,0.011650400017970242,lastfm-asia,0.5,0,0.0,,,,,,,,,,,
Degree-stratified RP,4,10,28,18,1,0.018479499995009974,0.25878560000273865,0.2772650999977486,0.14035760683383855,0.26302745130218624,0.2870279996757659,,,,,,,0.018246399995405227,lastfm-asia,0.5,0,0.0,0.0004718999989563599,0.004073799995239824,0.00728279999748338,0.004024900001240894,0.0019252999918535352,0.0002305000089108944,0.00023720000172033906,8.0,2.0,5.0,"[1,2):n=1754,ell=2;[2,4):n=1979,ell=3;[4,8):n=1786,ell=4;[8,16):n=1265,ell=5;[16,32):n=576,ell=5;[32,64):n=212,ell=4;[64,128):n=46,ell=3;[128,256):n=6,ell=2"
Gaussian RP,5,10,28,18,1,0.011876799995661713,0.32008789999235887,0.3319646999880206,0.05524355562072989,0.13898468657878557,0.20280325744180605,0.0019598000071709976,0.003433899997617118,0.004388699991977774,0.0014186000043991953,0.00020689998927991837,0.00023160000273492187,0.011639499993179925,lastfm-asia,0.5,0,0.0,,,,,,,,,,,
Degree-stratified RP,5,10,28,18,1,0.01692959999490995,0.27399220000370406,0.290921799998614,0.11126368390034076,0.22856989659396684,0.22700915515731845,,,,,,,0.016635000007227063,lastfm-asia,0.5,0,0.0,0.0003412000078242272,0.0031702999986009672,0.007084700002451427,0.004078600002685562,0.0015036999975563958,0.0002201000024797395,0.00023639999562874436,8.0,2.0,5.0,"[1,2):n=1754,ell=2;[2,4):n=1979,ell=3;[4,8):n=1786,ell=4;[8,16):n=1265,ell=5;[16,32):n=576,ell=5;[32,64):n=212,ell=4;[64,128):n=46,ell=3;[128,256):n=6,ell=2"
Gaussian RP,6,10,28,18,1,0.012256099988007918,0.3308653999993112,0.3431214999873191,0.06959232601698387,0.15848914570277742,0.21655947404815296,0.0019591999880503863,0.0037526999949477613,0.004600300002493896,0.0012012999941362068,0.00022259999241214246,0.00020500000391621143,0.011941099975956604,lastfm-asia,0.5,0,0.0,,,,,,,,,,,
Degree-stratified RP,6,10,28,18,1,0.018117900006473064,0.23396639998827595,0.252084299994749,0.11094208540524303,0.22682547305431644,0.25364398491905077,,,,,,,0.017832500001532026,lastfm-asia,0.5,0,0.0,0.00046790001215413213,0.00399150000885129,0.006636299993260764,0.004860099987126887,0.0014210000081220642,0.00022509999689646065,0.0002305999951204285,8.0,2.0,5.0,"[1,2):n=1754,ell=2;[2,4):n=1979,ell=3;[4,8):n=1786,ell=4;[8,16):n=1265,ell=5;[16,32):n=576,ell=5;[32,64):n=212,ell=4;[64,128):n=46,ell=3;[128,256):n=6,ell=2"
Gaussian RP,7,10,28,18,1,0.012000599992461503,0.31520739999541547,0.327207999987877,0.06296753440452067,0.14259451374395735,0.19830565771345932,0.0016920999914873391,0.0034853999968618155,0.004118299999390729,0.0011665000056382269,0.0008926000009523705,0.00031800000579096377,0.011672900000121444,lastfm-asia,0.5,0,0.0,,,,,,,,,,,
Degree-stratified RP,7,10,28,18,1,0.01963719999184832,0.2729481999995187,0.292585399991367,0.08611029396719042,0.1943792084976862,0.2144064264007661,,,,,,,0.0192972000077134,lastfm-asia,0.5,0,0.0,0.000484200005303137,0.004275900006177835,0.00795329999527894,0.004361600003903732,0.0015753000043332577,0.0003412999940337613,0.00030559999868273735,8.0,2.0,5.0,"[1,2):n=1754,ell=2;[2,4):n=1979,ell=3;[4,8):n=1786,ell=4;[8,16):n=1265,ell=5;[16,32):n=576,ell=5;[32,64):n=212,ell=4;[64,128):n=46,ell=3;[128,256):n=6,ell=2"
Gaussian RP,8,10,28,18,1,0.013113099994370714,0.3853594999964116,0.39847259999078233,0.07480145014175471,0.1571100304297746,0.21920542240892318,0.0020001000084448606,0.0039090000063879415,0.004908799994154833,0.0014818999916315079,0.00025379999715369195,0.00022149999858811498,0.01277509999636095,lastfm-asia,0.5,0,0.0,,,,,,,,,,,
Degree-stratified RP,8,10,28,18,1,0.02180699999735225,0.36638249999668915,0.3881894999940414,0.1121638887493422,0.24420261098904836,0.27187225618856925,,,,,,,0.02151160000357777,lastfm-asia,0.5,0,0.0,0.0005442999972729012,0.0040452999965054914,0.008697199999005534,0.005506100002094172,0.002024800007347949,0.0003269000008003786,0.00036700000055134296,8.0,2.0,5.0,"[1,2):n=1754,ell=2;[2,4):n=1979,ell=3;[4,8):n=1786,ell=4;[8,16):n=1265,ell=5;[16,32):n=576,ell=5;[32,64):n=212,ell=4;[64,128):n=46,ell=3;[128,256):n=6,ell=2"
Gaussian RP,9,10,28,18,1,0.014856699999654666,0.3942367999989074,0.40909349999856204,0.07237169264953787,0.16370431843210337,0.2440084518437597,0.002049200003966689,0.004546000011032447,0.005360199997085147,0.0020145000016782433,0.000295300007564947,0.00028419999580364674,0.01454940001713112,lastfm-asia,0.5,0,0.0,,,,,,,,,,,
Degree-stratified RP,9,10,28,18,1,0.01689470000565052,0.29792349999479484,0.31481820000044536,0.13833346332383667,0.24743423581708776,0.28581289848204194,,,,,,,0.016677999985404313,lastfm-asia,0.5,0,0.0,0.0003339000104460865,0.0034109999978682026,0.006800099989050068,0.004486899997573346,0.0011431999882915989,0.00024300000222865492,0.0002598999999463558,8.0,2.0,5.0,"[1,2):n=1754,ell=2;[2,4):n=1979,ell=3;[4,8):n=1786,ell=4;[8,16):n=1265,ell=5;[16,32):n=576,ell=5;[32,64):n=212,ell=4;[64,128):n=46,ell=3;[128,256):n=6,ell=2"
Gaussian RP,10,10,28,18,1,0.01296030000958126,0.35702679998939857,0.36998709999897983,0.07876092349756178,0.16732730541268423,0.23645656674656904,0.0019479000038700178,0.0046205999969970435,0.004242599999997765,0.0013328999921213835,0.0002674999996088445,0.0003223999956389889,0.012733899988234043,lastfm-asia,0.5,0,0.0,,,,,,,,,,,
Degree-stratified RP,10,10,28,18,1,0.01988320000236854,0.27363619999960065,0.2935194000019692,0.08088369365517371,0.20992426636742734,0.26001620238263556,,,,,,,0.01964239998778794,lastfm-asia,0.5,0,0.0,0.0005519999976968393,0.004035999998450279,0.007505999994464219,0.0046498000010615215,0.002304299996467307,0.00031030000536702573,0.00028399999428074807,8.0,2.0,5.0,"[1,2):n=1754,ell=2;[2,4):n=1979,ell=3;[4,8):n=1786,ell=4;[8,16):n=1265,ell=5;[16,32):n=576,ell=5;[32,64):n=212,ell=4;[64,128):n=46,ell=3;[128,256):n=6,ell=2"
Gaussian RP,1,20,38,18,1,0.01823339999828022,0.3629944999993313,0.38122789999761153,0.0750912735498469,0.16723138977541885,0.22790307101537532,0.002637099998537451,0.00457520000054501,0.007482000000891276,0.0023449000000255182,0.00036099999852012843,0.00035519999801181257,0.017755399996531196,lastfm-asia,0.5,0,0.0,,,,,,,,,,,
Degree-stratified RP,1,20,38,18,1,0.025019099994096905,0.31640820000029635,0.34142729999439325,0.15316670070630103,0.283388785524164,0.3113753051763178,,,,,,,0.02461609999591019,lastfm-asia,0.5,0,0.0,0.0005646999925374985,0.004542900001979433,0.010147799999685958,0.007269199995789677,0.0015262999950209633,0.0003096000000368804,0.00025560001085978,8.0,2.0,7.0,"[1,2):n=1754,ell=3;[2,4):n=1979,ell=4;[4,8):n=1786,ell=6;[8,16):n=1265,ell=7;[16,32):n=576,ell=6;[32,64):n=212,ell=6;[64,128):n=46,ell=4;[128,256):n=6,ell=2"
Gaussian RP,2,20,38,18,1,0.01803769999241922,0.3323221000027843,0.3503597999952035,0.07800002183092905,0.16717670108008922,0.23100704137080086,0.002769300001091324,0.00487299999804236,0.007562300001154654,0.0016455000004498288,0.00037960000918246806,0.0003502000035950914,0.017579900013515726,lastfm-asia,0.5,0,0.0,,,,,,,,,,,
Degree-stratified RP,2,20,38,18,1,0.024186199996620417,0.2971229999966454,0.3213091999932658,0.15299885587653878,0.2928529743431101,0.31811278207988186,,,,,,,0.023843400020268746,lastfm-asia,0.5,0,0.0,0.000512500002514571,0.004946300003211945,0.010351300006732345,0.006091900009778328,0.0014306000084616244,0.0002842999965650961,0.00022649999300483614,8.0,2.0,7.0,"[1,2):n=1754,ell=3;[2,4):n=1979,ell=4;[4,8):n=1786,ell=6;[8,16):n=1265,ell=7;[16,32):n=576,ell=6;[32,64):n=212,ell=6;[64,128):n=46,ell=4;[128,256):n=6,ell=2"
Gaussian RP,3,20,38,18,1,0.016124699992360547,0.35713279999617953,0.3732574999885401,0.07675628337658688,0.16815302880707944,0.23455757815716355,0.0023166000028140843,0.003988300013588741,0.007153999991714954,0.0016857000009622425,0.00035009998828172684,0.0002783000090857968,0.015773000006447546,lastfm-asia,0.5,0,0.0,,,,,,,,,,,
Degree-stratified RP,3,20,38,18,1,0.026264100000844337,0.30513610001071356,0.3314002000115579,0.12541875676264763,0.2559745683981249,0.3166320934843962,,,,,,,0.025885600014589727,lastfm-asia,0.5,0,0.0,0.0003794000076595694,0.0046685999986948445,0.011028000008082017,0.007127599994419143,0.0020589000050676987,0.0003282999969087541,0.0002948000037577003,8.0,2.0,7.0,"[1,2):n=1754,ell=3;[2,4):n=1979,ell=4;[4,8):n=1786,ell=6;[8,16):n=1265,ell=7;[16,32):n=576,ell=6;[32,64):n=212,ell=6;[64,128):n=46,ell=4;[128,256):n=6,ell=2"
Gaussian RP,4,20,38,18,1,0.016323000003467314,0.34601560000737663,0.36233860001084395,0.06586899224995185,0.1524620774947605,0.21415589734107598,0.0023142999998526648,0.003794699994614348,0.0076351999887265265,0.0014765999949304387,0.00036439999530557543,0.00027370000316295773,0.01585889997659251,lastfm-asia,0.5,0,0.0,,,,,,,,,,,
Degree-stratified RP,4,20,38,18,1,0.024085199998808093,0.3885484000056749,0.412633600004483,0.141088255617642,0.2690191746581017,0.2873346800310068,,,,,,,0.023734300033538602,lastfm-asia,0.5,0,0.0,0.0003502999898046255,0.003982000009273179,0.009906400009640492,0.00717320000694599,0.0017343000072287396,0.0003482000029180199,0.00023990000772755593,8.0,2.0,7.0,"[1,2):n=1754,ell=3;[2,4):n=1979,ell=4;[4,8):n=1786,ell=6;[8,16):n=1265,ell=7;[16,32):n=576,ell=6;[32,64):n=212,ell=6;[64,128):n=46,ell=4;[128,256):n=6,ell=2"
Gaussian RP,5,20,38,18,1,0.019654400006402284,0.5020876000053249,0.5217420000117272,0.0966472624475605,0.18727028154929834,0.2602005980259723,0.002536799991503358,0.00472040000022389,0.00881249998928979,0.0024591999972471967,0.000367900007404387,0.0003426999901421368,0.01923949997581076,lastfm-asia,0.5,0,0.0,,,,,,,,,,,
Degree-stratified RP,5,20,38,18,1,0.027481099998112768,0.39784449999569915,0.4253255999938119,0.15251713726015803,0.30463872837545347,0.3138020304513897,,,,,,,0.027021699977922253,lastfm-asia,0.5,0,0.0,0.0005945000011706725,0.004580099994200282,0.011029399989638478,0.007536099990829825,0.0024428000033367425,0.0005008000007364899,0.00033799999800976366,8.0,2.0,7.0,"[1,2):n=1754,ell=3;[2,4):n=1979,ell=4;[4,8):n=1786,ell=6;[8,16):n=1265,ell=7;[16,32):n=576,ell=6;[32,64):n=212,ell=6;[64,128):n=46,ell=4;[128,256):n=6,ell=2"
Gaussian RP,6,20,38,18,1,0.020297800001571886,0.4141455000062706,0.4344433000078425,0.08076898296811172,0.1723219105779502,0.24392584159157232,0.00287880000541918,0.0057419000077061355,0.007870900008128956,0.0025828999932855368,0.0003986999945482239,0.0003318999952170998,0.01980510000430513,lastfm-asia,0.5,0,0.0,,,,,,,,,,,
Degree-stratified RP,6,20,38,18,1,0.026169899996602908,0.3404117000027327,0.3665815999993356,0.12762718396596348,0.26937899408489574,0.2956724441188891,,,,,,,0.02570739999646321,lastfm-asia,0.5,0,0.0,0.0005015000060666353,0.00434549999772571,0.010896299994783476,0.0073588999948697165,0.0019440000032773241,0.0003515999997034669,0.0003096000000368804,8.0,2.0,7.0,"[1,2):n=1754,ell=3;[2,4):n=1979,ell=4;[4,8):n=1786,ell=6;[8,16):n=1265,ell=7;[16,32):n=576,ell=6;[32,64):n=212,ell=6;[64,128):n=46,ell=4;[128,256):n=6,ell=2"
Gaussian RP,7,20,38,18,1,0.018895799992606044,0.4115217000071425,0.43041749999974854,0.07946217443881562,0.1747935054354488,0.23273162924369326,0.002691899993806146,0.005002800011425279,0.007443099995725788,0.0026399000053061172,0.0003971999976783991,0.0003146999952150509,0.01848959999915678,lastfm-asia,0.5,0,0.0,,,,,,,,,,,
Degree-stratified RP,7,20,38,18,1,0.02498659999400843,0.3440219000040088,0.3690084999980172,0.14838531999477955,0.2942001446871293,0.2909083960603648,,,,,,,0.024651900021126494,lastfm-asia,0.5,0,0.0,0.0004710000066552311,0.004304200003389269,0.010430900001665577,0.006761500000720844,0.0021029000054113567,0.0003288000007160008,0.00025260000256821513,8.0,2.0,7.0,"[1,2):n=1754,ell=3;[2,4):n=1979,ell=4;[4,8):n=1786,ell=6;[8,16):n=1265,ell=7;[16,32):n=576,ell=6;[32,64):n=212,ell=6;[64,128):n=46,ell=4;[128,256):n=6,ell=2"
Gaussian RP,8,20,38,18,1,0.018747499998426065,0.41352719999849796,0.43227469999692403,0.06407183325373002,0.1433072056968159,0.2114016703853439,0.002515300002414733,0.004830699996091425,0.007787299997289665,0.002437999995891005,0.0004081999941263348,0.00031909999961499125,0.018298599985428154,lastfm-asia,0.5,0,0.0,,,,,,,,,,,
Degree-stratified RP,8,20,38,18,1,0.023622299995622598,0.3753398999979254,0.398962199993548,0.13291232279219437,0.2605140270349558,0.2948313443056556,,,,,,,0.023294799990253523,lastfm-asia,0.5,0,0.0,0.0006537000008393079,0.0035432000004220754,0.01005480000458192,0.006970799993723631,0.0015103999903658405,0.0003222999948775396,0.00023960000544320792,8.0,2.0,7.0,"[1,2):n=1754,ell=3;[2,4):n=1979,ell=4;[4,8):n=1786,ell=6;[8,16):n=1265,ell=7;[16,32):n=576,ell=6;[32,64):n=212,ell=6;[64,128):n=46,ell=4;[128,256):n=6,ell=2"
Gaussian RP,9,20,38,18,1,0.019022899999981746,0.41432380001060665,0.4333467000105884,0.10046918447849675,0.19069779573586979,0.25809204786846723,0.002679899989743717,0.005391600003349595,0.0073702999943634495,0.002449499996146187,0.0003819999983534217,0.00031599999056197703,0.018589299972518347,lastfm-asia,0.5,0,0.0,,,,,,,,,,,
Degree-stratified RP,9,20,38,18,1,0.026685699995141476,0.35135040000022855,0.37803609999537,0.16420236116101158,0.30975039521817843,0.33014689866281705,,,,,,,0.026228599992464297,lastfm-asia,0.5,0,0.0,0.0004907999973511323,0.003964899995480664,0.010571599996183068,0.008269199999631383,0.002199599999585189,0.0004059000057168305,0.0003265999985160306,8.0,2.0,7.0,"[1,2):n=1754,ell=3;[2,4):n=1979,ell=4;[4,8):n=1786,ell=6;[8,16):n=1265,ell=7;[16,32):n=576,ell=6;[32,64):n=212,ell=6;[64,128):n=46,ell=4;[128,256):n=6,ell=2"
Gaussian RP,10,20,38,18,1,0.01608940000005532,0.38410699999076314,0.40019639999081846,0.09149167857108301,0.17602639518604182,0.23975989080058005,0.0022836999996798113,0.0034149999992223457,0.007218500002636574,0.002149199994164519,0.00031630000739824027,0.0002663000050233677,0.015649000008124858,lastfm-asia,0.5,0,0.0,,,,,,,,,,,
Degree-stratified RP,10,20,38,18,1,0.024386100005358458,0.37375479999172967,0.3981408999970881,0.14784827975526343,0.295133424412711,0.3160892914088867,,,,,,,0.023942300002090633,lastfm-asia,0.5,0,0.0,0.0004697999975178391,0.004402899998240173,0.009526800000458024,0.006586000003153458,0.00233430000662338,0.00036890000046696514,0.0002535999956307933,8.0,2.0,7.0,"[1,2):n=1754,ell=3;[2,4):n=1979,ell=4;[4,8):n=1786,ell=6;[8,16):n=1265,ell=7;[16,32):n=576,ell=6;[32,64):n=212,ell=6;[64,128):n=46,ell=4;[128,256):n=6,ell=2"
Gaussian RP,1,40,58,18,1,0.02985009999247268,0.359489599999506,0.3893396999919787,0.09362539201492136,0.18644554471822494,0.2608100588344896,0.004026599999633618,0.006412999995518476,0.014845400000922382,0.002813699989928864,0.0007197999948402867,0.00038409999979194254,0.02920259998063557,lastfm-asia,0.5,0,0.0,,,,,,,,,,,
Degree-stratified RP,1,40,58,18,1,0.04156759999750648,0.3770775000011781,0.4186450999986846,0.20944212703252885,0.3468164086177395,0.34206386078629714,,,,,,,0.040833099992596544,lastfm-asia,0.5,0,0.0,0.0005891999899176881,0.005417799999122508,0.017806299991207197,0.013530000011087395,0.002504100004443899,0.0006694999901810661,0.00031620000663679093,8.0,4.0,10.0,"[1,2):n=1754,ell=4;[2,4):n=1979,ell=6;[4,8):n=1786,ell=9;[8,16):n=1265,ell=10;[16,32):n=576,ell=10;[32,64):n=212,ell=9;[64,128):n=46,ell=6;[128,256):n=6,ell=4"
Gaussian RP,2,40,58,18,1,0.03295829999842681,0.44767169999249745,0.48062999999092426,0.088939022148567,0.1871226974207094,0.2735845219699462,0.004287900010240264,0.007647699996596202,0.01551909999398049,0.003135499995551072,0.0007617999945068732,0.0005972999933874235,0.031949299984262325,lastfm-asia,0.5,0,0.0,,,,,,,,,,,
Degree-stratified RP,2,40,58,18,1,0.05011690000537783,0.31705979999969713,0.36717670000507496,0.2084472104390727,0.36647971862153617,0.3705415536708947,,,,,,,0.04914429999189451,lastfm-asia,0.5,0,0.0,0.0005097999965073541,0.005604999998467974,0.02205159999721218,0.016389199998229742,0.003446700007771142,0.0007551999879069626,0.0003868000057991594,8.0,4.0,10.0,"[1,2):n=1754,ell=4;[2,4):n=1979,ell=6;[4,8):n=1786,ell=9;[8,16):n=1265,ell=10;[16,32):n=576,ell=10;[32,64):n=212,ell=9;[64,128):n=46,ell=6;[128,256):n=6,ell=4"
Gaussian RP,3,40,58,18,1,0.03684080000675749,0.4360836999985622,0.4729245000053197,0.11754896733273307,0.21423929290491106,0.28909550181387655,0.004591799995978363,0.008103700005449355,0.017101799996453337,0.004712899986770935,0.0007467999967047945,0.0004862999921897426,0.03574329997354653,lastfm-asia,0.5,0,0.0,,,,,,,,,,,
Degree-stratified RP,3,40,58,18,1,0.04692860000068322,0.3964891999930842,0.4434177999937674,0.20600043418956868,0.3477446237262272,0.3350055962283398,,,,,,,0.046029599994653836,lastfm-asia,0.5,0,0.0,0.0004712999943876639,0.005590300002950244,0.020215600001392886,0.015247599993017502,0.003385899995919317,0.0006587000098079443,0.00046019999717827886,8.0,4.0,10.0,"[1,2):n=1754,ell=4;[2,4):n=1979,ell=6;[4,8):n=1786,ell=9;[8,16):n=1265,ell=10;[16,32):n=576,ell=10;[32,64):n=212,ell=9;[64,128):n=46,ell=6;[128,256):n=6,ell=4"
Gaussian RP,4,40,58,18,1,0.03721870000299532,0.399560299993027,0.4367789999960223,0.09506489417628684,0.19229909794118225,0.24971668950048587,0.0042741999932331964,0.008616699997219257,0.018507699991459958,0.003536899996106513,0.0007688000041525811,0.0004810999962501228,0.03618539997842163,lastfm-asia,0.5,0,0.0,,,,,,,,,,,
Degree-stratified RP,4,40,58,18,1,0.0467443999950774,0.302847799990559,0.3495921999856364,0.200946411036207,0.3502185331627603,0.3761780552774218,,,,,,,0.04581279997364618,lastfm-asia,0.5,0,0.0,0.00047199999971780926,0.0058237999910488725,0.020451299991691485,0.014392799988854676,0.003641500006779097,0.0006165000086184591,0.00041489998693577945,8.0,4.0,10.0,"[1,2):n=1754,ell=4;[2,4):n=1979,ell=6;[4,8):n=1786,ell=9;[8,16):n=1265,ell=10;[16,32):n=576,ell=10;[32,64):n=212,ell=9;[64,128):n=46,ell=6;[128,256):n=6,ell=4"
Gaussian RP,5,40,58,18,1,0.035986000002594665,0.387615099985851,0.42360109998844564,0.13541554326448027,0.22387342483198708,0.30144778175110276,0.00437670000246726,0.008251000006566755,0.017489699996076524,0.00370919999841135,0.0006625000096391886,0.0004552000027615577,0.034944300015922636,lastfm-asia,0.5,0,0.0,,,,,,,,,,,
Degree-stratified RP,5,40,58,18,1,0.04643899999791756,0.3129610000032699,0.35940000000118744,0.21160251026300259,0.35989545185356264,0.3687907253460667,,,,,,,0.04545619997952599,lastfm-asia,0.5,0,0.0,0.0003409000055398792,0.004241999995429069,0.02087359999131877,0.015931400004774332,0.0030054999951971695,0.0006335999933071434,0.00042919999395962805,8.0,4.0,10.0,"[1,2):n=1754,ell=4;[2,4):n=1979,ell=6;[4,8):n=1786,ell=9;[8,16):n=1265,ell=10;[16,32):n=576,ell=10;[32,64):n=212,ell=9;[64,128):n=46,ell=6;[128,256):n=6,ell=4"
Gaussian RP,6,40,58,18,1,0.031340999994426966,0.40201790000719484,0.4333589000016218,0.09720214732311623,0.19301673627464752,0.2411120214904972,0.003669500001706183,0.006774199995561503,0.015536100007011555,0.0030728999990969896,0.0007613000052515417,0.0004631000047083944,0.030277100013336167,lastfm-asia,0.5,0,0.0,,,,,,,,,,,
Degree-stratified RP,6,40,58,18,1,0.04893449999508448,0.3417228000034811,0.3906572999985656,0.227252550126985,0.37958741789025613,0.3833764787852517,,,,,,,0.04793159998371266,lastfm-asia,0.5,0,0.0,0.0005362999945646152,0.006030499993357807,0.020943900002748705,0.015097299998160452,0.004252400001860224,0.0006782999989809468,0.00039289999403990805,8.0,4.0,10.0,"[1,2):n=1754,ell=4;[2,4):n=1979,ell=6;[4,8):n=1786,ell=9;[8,16):n=1265,ell=10;[16,32):n=576,ell=10;[32,64):n=212,ell=9;[64,128):n=46,ell=6;[128,256):n=6,ell=4"
Gaussian RP,7,40,58,18,1,0.034188100005849265,0.35097089999180753,0.3851589999976568,0.10064544633346245,0.1917877642228673,0.2538403193520614,0.004278500011423603,0.0074475000001257285,0.016483900006278418,0.0037201000086497515,0.0007005999941611663,0.0005187000060686842,0.03314930002670735,lastfm-asia,0.5,0,0.0,,,,,,,,,,,
Degree-stratified RP,7,40,58,18,1,0.04839389999688137,0.3607006999955047,0.40909459999238607,0.20320991583688022,0.353086859489597,0.3513051077984659,,,,,,,0.04743389997747727,lastfm-asia,0.5,0,0.0,0.00046490000386256725,0.005495899997185916,0.020715199992991984,0.015826100003323518,0.003810799986240454,0.0006886000046506524,0.0004323999892221764,8.0,4.0,10.0,"[1,2):n=1754,ell=4;[2,4):n=1979,ell=6;[4,8):n=1786,ell=9;[8,16):n=1265,ell=10;[16,32):n=576,ell=10;[32,64):n=212,ell=9;[64,128):n=46,ell=6;[128,256):n=6,ell=4"
Gaussian RP,8,40,58,18,1,0.03450399999564979,0.4095567000040319,0.4440606999996817,0.11941915572632547,0.21326143132922773,0.28369582997933457,0.004474100001971237,0.008545600008801557,0.016413199991802685,0.0029878999921493232,0.000698099989676848,0.00035620000562630594,0.03347509999002796,lastfm-asia,0.5,0,0.0,,,,,,,,,,,
Degree-stratified RP,8,40,58,18,1,0.04772060000686906,0.3043794999975944,0.35210010000446346,0.19191959144062704,0.3400516229092219,0.33256828176023895,,,,,,,0.04681089999212418,lastfm-asia,0.5,0,0.0,0.0004743999888887629,0.004856900006416254,0.021708000000216998,0.015518699990934692,0.0031365000031655654,0.0006708000000799075,0.0004456000024219975,8.0,4.0,10.0,"[1,2):n=1754,ell=4;[2,4):n=1979,ell=6;[4,8):n=1786,ell=9;[8,16):n=1265,ell=10;[16,32):n=576,ell=10;[32,64):n=212,ell=9;[64,128):n=46,ell=6;[128,256):n=6,ell=4"
Gaussian RP,9,40,58,18,1,0.03426210000179708,0.5124006000114605,0.5466627000132576,0.09421159366256564,0.19361927273736118,0.2537052763236819,0.003633800006355159,0.008162099999026395,0.01588859999901615,0.004269600001862273,0.000710000007529743,0.0004862999921897426,0.03315040000597946,lastfm-asia,0.5,0,0.0,,,,,,,,,,,
Degree-stratified RP,9,40,58,18,1,0.05037110000557732,0.36318599998776335,0.41355709999334067,0.19575236365941254,0.3464133617263044,0.35950609909425446,,,,,,,0.04938049998600036,lastfm-asia,0.5,0,0.0,0.0005909000028623268,0.006034699996234849,0.022307299994281493,0.016205199994146824,0.003078199995798059,0.0007514000026276335,0.00041280000004917383,8.0,4.0,10.0,"[1,2):n=1754,ell=4;[2,4):n=1979,ell=6;[4,8):n=1786,ell=9;[8,16):n=1265,ell=10;[16,32):n=576,ell=10;[32,64):n=212,ell=9;[64,128):n=46,ell=6;[128,256):n=6,ell=4"
Gaussian RP,10,40,58,18,1,0.03644850000273436,0.3767778999899747,0.41322639999270905,0.08793880554138844,0.182260250059458,0.24443710461818302,0.004691200010711327,0.008812100000795908,0.017289400013396516,0.0034079000033671036,0.0006961000035516918,0.00042979999852832407,0.03532650003035087,lastfm-asia,0.5,0,0.0,,,,,,,,,,,
Degree-stratified RP,10,40,58,18,1,0.04461280000396073,0.30893559999822173,0.35354840000218246,0.18611860807749311,0.33327953980112146,0.3570414736081594,,,,,,,0.04358299999148585,lastfm-asia,0.5,0,0.0,0.000337799996486865,0.004225900003802963,0.019388200002140366,0.015077300005941652,0.0035022999945795164,0.0006348999886540696,0.0004165999998804182,8.0,4.0,10.0,"[1,2):n=1754,ell=4;[2,4):n=1979,ell=6;[4,8):n=1786,ell=9;[8,16):n=1265,ell=10;[16,32):n=576,ell=10;[32,64):n=212,ell=9;[64,128):n=46,ell=6;[128,256):n=6,ell=4"
Gaussian RP,1,5,23,18,1,0.013280099999974482,0.38135899999178946,0.39463909999176394,0.13931059257012526,0.2626990916051589,0.3070760919959764,0.0019328999915160239,0.003959299996495247,0.004871199998888187,0.0016439000028185546,0.00011719999019987881,0.000342100000125356,0.012866599980043247,lastfm-asia,0.5,mean,7.2943336831059815,,,,,,,,,,,
Degree-stratified RP,1,5,23,18,1,0.016586600002483465,0.3339994999987539,0.35058610000123736,0.123555805223765,0.2688279678190901,0.3053623897648837,,,,,,,0.016226599997025914,lastfm-asia,0.5,mean,7.2943336831059815,0.00047420000191777945,0.003784900007303804,0.006257999993977137,0.0040092999988701195,0.0012199000047985464,9.299999510403723e-05,0.00038729999505449086,8.0,2.0,4.0,"[1,2):n=1754,ell=2;[2,4):n=1979,ell=3;[4,8):n=1786,ell=3;[8,16):n=1265,ell=4;[16,32):n=576,ell=4;[32,64):n=212,ell=3;[64,128):n=46,ell=2;[128,256):n=6,ell=2"
Gaussian RP,2,5,23,18,1,0.011511299991980195,0.41136110000661574,0.42287239999859594,0.12519334014106476,0.25089118772249364,0.30831230140290844,0.0017034999909810722,0.0031805000035092235,0.004419000004418194,0.0014667999930679798,0.00011779999476857483,0.00025189999723806977,0.011139499983983114,lastfm-asia,0.5,mean,7.2943336831059815,,,,,,,,,,,
Degree-stratified RP,2,5,23,18,1,0.017660900004557334,0.34980219999852125,0.3674631000030786,0.13229213383953622,0.26957602000655456,0.2869487918288833,,,,,,,0.017254400008823723,lastfm-asia,0.5,mean,7.2943336831059815,0.0004673000075854361,0.003693499995279126,0.006339200001093559,0.004626599999028258,0.001728600007481873,9.979998867493123e-05,0.00029940000968053937,8.0,2.0,4.0,"[1,2):n=1754,ell=2;[2,4):n=1979,ell=3;[4,8):n=1786,ell=3;[8,16):n=1265,ell=4;[16,32):n=576,ell=4;[32,64):n=212,ell=3;[64,128):n=46,ell=2;[128,256):n=6,ell=2"
Gaussian RP,3,5,23,18,1,0.01110619999235496,0.3604384000063874,0.37154459999874234,0.12293891917194034,0.2591842254667066,0.27313553748350927,0.0017053000046871603,0.0030353000038303435,0.004065799992531538,0.0014637999993283302,0.00011449999874457717,0.00033819999953266233,0.010722899998654611,lastfm-asia,0.5,mean,7.2943336831059815,,,,,,,,,,,
Degree-stratified RP,3,5,23,18,1,0.01690279999456834,0.3606842000008328,0.37758699999540113,0.10641590751527405,0.23859411500881234,0.2861812708784452,,,,,,,0.01650530000915751,lastfm-asia,0.5,mean,7.2943336831059815,0.0004951000009896234,0.003916900008334778,0.006277099993894808,0.004033500008517876,0.0013913000002503395,0.00014039999223314226,0.00025100000493694097,8.0,2.0,4.0,"[1,2):n=1754,ell=2;[2,4):n=1979,ell=3;[4,8):n=1786,ell=3;[8,16):n=1265,ell=4;[16,32):n=576,ell=4;[32,64):n=212,ell=3;[64,128):n=46,ell=2;[128,256):n=6,ell=2"
Gaussian RP,4,5,23,18,1,0.01099350000731647,0.36387629999080673,0.3748697999981232,0.13474772252721715,0.26692371262323,0.3037744114163202,0.0015143000055104494,0.002807500000926666,0.004359800004749559,0.0012607000098796561,0.00012710000737570226,0.0003029999934369698,0.010372400021879002,lastfm-asia,0.5,mean,7.2943336831059815,,,,,,,,,,,
Degree-stratified RP,4,5,23,18,1,0.018202599996584468,0.33979030000045896,0.3579928999970434,0.1237538839539642,0.262253059809767,0.26583178066009583,,,,,,,0.01782600001024548,lastfm-asia,0.5,mean,7.2943336831059815,0.0004896000027656555,0.0037691000034101307,0.007272800008649938,0.004551000005449168,0.0013461000053212047,0.00013049998960923404,0.0002668999950401485,8.0,2.0,4.0,"[1,2):n=1754,ell=2;[2,4):n=1979,ell=3;[4,8):n=1786,ell=3;[8,16):n=1265,ell=4;[16,32):n=576,ell=4;[32,64):n=212,ell=3;[64,128):n=46,ell=2;[128,256):n=6,ell=2"
Gaussian RP,5,5,23,18,1,0.011639700009254739,0.3703811000013957,0.3820208000106504,0.134998557744483,0.2659135807425024,0.32380544455981686,0.0016785999905550852,0.00330029999895487,0.004386799992062151,0.00152679999882821,0.00012080000306013972,0.0002933000068878755,0.011306599990348332,lastfm-asia,0.5,mean,7.2943336831059815,,,,,,,,,,,
Degree-stratified RP,5,5,23,18,1,0.016366600000765175,0.39109540000208654,0.4074620000028517,0.12463110165950768,0.2662465672831399,0.2824882584901347,,,,,,,0.016052099977969192,lastfm-asia,0.5,mean,7.2943336831059815,0.00046880000445526093,0.003635699991718866,0.006222099997103214,0.0039554999966640025,0.0012812999921152368,0.00015279999934136868,0.0003358999965712428,8.0,2.0,4.0,"[1,2):n=1754,ell=2;[2,4):n=1979,ell=3;[4,8):n=1786,ell=3;[8,16):n=1265,ell=4;[16,32):n=576,ell=4;[32,64):n=212,ell=3;[64,128):n=46,ell=2;[128,256):n=6,ell=2"
Gaussian RP,6,5,23,18,1,0.011383699995349161,0.47265369999513496,0.4840373999904841,0.12787860098111448,0.26141423318366963,0.2953235321413351,0.0017154000088339671,0.0031795999966561794,0.004737299997941591,0.001025099991238676,0.00013279999257065356,0.0002685000072233379,0.011058699994464405,lastfm-asia,0.5,mean,7.2943336831059815,,,,,,,,,,,
Degree-stratified RP,6,5,23,18,1,0.017477499990491197,0.3845778000104474,0.4020553000009386,0.11545011395636902,0.24836853218449367,0.2840571445955702,,,,,,,0.017189299993333407,lastfm-asia,0.5,mean,7.2943336831059815,0.0005837999924551696,0.004424500002642162,0.0062621000106446445,0.0040237999928649515,0.0014456999924732372,0.00013509999553207308,0.00031430000672116876,8.0,2.0,4.0,"[1,2):n=1754,ell=2;[2,4):n=1979,ell=3;[4,8):n=1786,ell=3;[8,16):n=1265,ell=4;[16,32):n=576,ell=4;[32,64):n=212,ell=3;[64,128):n=46,ell=2;[128,256):n=6,ell=2"
Gaussian RP,7,5,23,18,1,0.011130699989735149,0.4165899000072386,0.42772059999697376,0.12591405732197813,0.25901541949408796,0.31257191744001944,0.0017006999987643212,0.003918199989129789,0.003876000002492219,0.001031799998600036,9.869999485090375e-05,0.0002629000082379207,0.01088829999207519,lastfm-asia,0.5,mean,7.2943336831059815,,,,,,,,,,,
Degree-stratified RP,7,5,23,18,1,0.016277000002446584,0.35811679999460466,0.37439379999705125,0.1116320130193874,0.25164121175305054,0.27489965526221644,,,,,,,0.015959400014253333,lastfm-asia,0.5,mean,7.2943336831059815,0.0004712000081781298,0.003759400002309121,0.006473300003563054,0.003651999999419786,0.001250800007255748,0.00011739999172277749,0.00023530000180471689,8.0,2.0,4.0,"[1,2):n=1754,ell=2;[2,4):n=1979,ell=3;[4,8):n=1786,ell=3;[8,16):n=1265,ell=4;[16,32):n=576,ell=4;[32,64):n=212,ell=3;[64,128):n=46,ell=2;[128,256):n=6,ell=2"
Gaussian RP,8,5,23,18,1,0.01222030000644736,0.44827510000322945,0.4604954000096768,0.13449136916884646,0.2673686195232715,0.31336216697109875,0.001673299993854016,0.003809599991654977,0.0038822000060463324,0.0021785999997518957,0.0001429999974789098,0.00027609999233391136,0.011962799981120043,lastfm-asia,0.5,mean,7.2943336831059815,,,,,,,,,,,
Degree-stratified RP,8,5,23,18,1,0.016734100005123764,0.3818062999926042,0.39854039999772795,0.12048579354293595,0.25856517145606484,0.2948452052278645,,,,,,,0.01620970004296396,lastfm-asia,0.5,mean,7.2943336831059815,0.0005050000036135316,0.0036970000073779374,0.0066251000098418444,0.0035826999956043437,0.0013809000083710998,0.00011810001160483807,0.0003009000065503642,8.0,2.0,4.0,"[1,2):n=1754,ell=2;[2,4):n=1979,ell=3;[4,8):n=1786,ell=3;[8,16):n=1265,ell=4;[16,32):n=576,ell=4;[32,64):n=212,ell=3;[64,128):n=46,ell=2;[128,256):n=6,ell=2"
Gaussian RP,9,5,23,18,1,0.010663900000508875,0.35967669999809004,0.3703405999985989,0.1351840728132254,0.2595462666666808,0.32589039460424485,0.0017215999978361651,0.0034387000050628558,0.0036676000017905608,0.001263199999812059,0.00011819999781437218,0.00021710000874008983,0.010426400011056103,lastfm-asia,0.5,mean,7.2943336831059815,,,,,,,,,,,
Degree-stratified RP,9,5,23,18,1,0.015824700007215142,0.36465280000993516,0.3804775000171503,0.12409624672559934,0.2819712810874436,0.287636763230203,,,,,,,0.015516000014031306,lastfm-asia,0.5,mean,7.2943336831059815,0.0004822000046260655,0.0038149000029079616,0.006198900009621866,0.003636299996287562,0.000993699999526143,0.00012310000602155924,0.0002668999950401485,8.0,2.0,4.0,"[1,2):n=1754,ell=2;[2,4):n=1979,ell=3;[4,8):n=1786,ell=3;[8,16):n=1265,ell=4;[16,32):n=576,ell=4;[32,64):n=212,ell=3;[64,128):n=46,ell=2;[128,256):n=6,ell=2"
Gaussian RP,10,5,23,18,1,0.010867299992241897,0.3846330000087619,0.3955003000010038,0.12590076445162135,0.2600259162755223,0.3138325502676989,0.0016586999990977347,0.003012699991813861,0.004465099991648458,0.0010524999961489812,0.00012399999832268804,0.0002519999979995191,0.010564999975031242,lastfm-asia,0.5,mean,7.2943336831059815,,,,,,,,,,,
Degree-stratified RP,10,5,23,18,1,0.016843999997945502,0.36629599999287166,0.38313999999081716,0.10974319470087521,0.24883825651872904,0.24935596717165184,,,,,,,0.01660039999114815,lastfm-asia,0.5,mean,7.2943336831059815,0.0004698999982792884,0.0038578999956371263,0.005859199998667464,0.004465999998501502,0.001601299998583272,0.0001109000004362315,0.00023520000104326755,8.0,2.0,4.0,"[1,2):n=1754,ell=2;[2,4):n=1979,ell=3;[4,8):n=1786,ell=3;[8,16):n=1265,ell=4;[16,32):n=576,ell=4;[32,64):n=212,ell=3;[64,128):n=46,ell=2;[128,256):n=6,ell=2"
Gaussian RP,1,10,28,18,1,0.011867199995322153,0.37169290000747424,0.3835601000027964,0.13527556711851466,0.27318173704363224,0.3170781770720615,0.0017385000101057813,0.0032352999987779185,0.004479900002479553,0.001560999997309409,0.00025240000104531646,0.00022579998767469078,0.01149289999739267,lastfm-asia,0.5,mean,7.2943336831059815,,,,,,,,,,,
Degree-stratified RP,1,10,28,18,1,0.022727300005499274,0.3346012999973027,0.357328600002802,0.13163143076696965,0.27449608114056384,0.30593504029582774,,,,,,,0.02226329997938592,lastfm-asia,0.5,mean,7.2943336831059815,0.0004718999989563599,0.0043231000017840415,0.008177499999874271,0.005816499993670732,0.0028294999938225374,0.00032389999250881374,0.0003208999987691641,8.0,2.0,5.0,"[1,2):n=1754,ell=2;[2,4):n=1979,ell=3;[4,8):n=1786,ell=4;[8,16):n=1265,ell=5;[16,32):n=576,ell=5;[32,64):n=212,ell=4;[64,128):n=46,ell=3;[128,256):n=6,ell=2"
Gaussian RP,2,10,28,18,1,0.013496499988832511,0.3338454000040656,0.3473418999928981,0.1405939417781252,0.27271571340304723,0.3154462202466448,0.0018936999986181036,0.0042246000084560364,0.004818800007342361,0.0017244000046048313,0.00026450000586919487,0.0002530999918235466,0.013179100016714074,lastfm-asia,0.5,mean,7.2943336831059815,,,,,,,,,,,
Degree-stratified RP,2,10,28,18,1,0.018979500004206784,0.3814317999931518,0.4004112999973586,0.11984356985242206,0.2623794248251618,0.3044489500876248,,,,,,,0.01867780000611674,lastfm-asia,0.5,mean,7.2943336831059815,0.00047569999878760427,0.004260000001522712,0.007136800006264821,0.004661400002078153,0.0016321000002790242,0.00025460000324528664,0.00025719999393913895,8.0,2.0,5.0,"[1,2):n=1754,ell=2;[2,4):n=1979,ell=3;[4,8):n=1786,ell=4;[8,16):n=1265,ell=5;[16,32):n=576,ell=5;[32,64):n=212,ell=4;[64,128):n=46,ell=3;[128,256):n=6,ell=2"
Gaussian RP,3,10,28,18,1,0.013950299995485693,0.3518138000072213,0.365764100002707,0.17467860579821182,0.30339268327201974,0.3371351875173272,0.0020167000038782135,0.003346800003782846,0.00593980000121519,0.0016203999985009432,0.00025859999004751444,0.0003001000004587695,0.013482399997883476,lastfm-asia,0.5,mean,7.2943336831059815,,,,,,,,,,,
Degree-stratified RP,3,10,28,18,1,0.022929399987333454,0.35194150000461377,0.3748708999919472,0.14373066962849368,0.3089250522269582,0.3424471794222109,,,,,,,0.022479399980511516,lastfm-asia,0.5,mean,7.2943336831059815,0.000519900000654161,0.004631200004951097,0.009338899995782413,0.005638499991619028,0.001669299992499873,0.00027889999910257757,0.00040269999590236694,8.0,2.0,5.0,"[1,2):n=1754,ell=2;[2,4):n=1979,ell=3;[4,8):n=1786,ell=4;[8,16):n=1265,ell=5;[16,32):n=576,ell=5;[32,64):n=212,ell=4;[64,128):n=46,ell=3;[128,256):n=6,ell=2"
Gaussian RP,4,10,28,18,1,0.01417149999178946,0.3980143000080716,0.41218579999986105,0.14762286369167243,0.2826549862824825,0.33645890475734525,0.00226759999350179,0.0040859000000637025,0.005357900008675642,0.0014636000123573467,0.0002716000017244369,0.00037629999860655516,0.013822900014929473,lastfm-asia,0.5,mean,7.2943336831059815,,,,,,,,,,,
Degree-stratified RP,4,10,28,18,1,0.020588899991707876,0.35997970000607893,0.3805685999977868,0.10964208909372096,0.2576648093080715,0.2964934564960001,,,,,,,0.020170099989627488,lastfm-asia,0.5,mean,7.2943336831059815,0.00039030000334605575,0.004032600001664832,0.008429800000158139,0.005099499991047196,0.001636999993934296,0.0002432000037515536,0.00033769999572541565,8.0,2.0,5.0,"[1,2):n=1754,ell=2;[2,4):n=1979,ell=3;[4,8):n=1786,ell=4;[8,16):n=1265,ell=5;[16,32):n=576,ell=5;[32,64):n=212,ell=4;[64,128):n=46,ell=3;[128,256):n=6,ell=2"
Gaussian RP,5,10,28,18,1,0.015226699993945658,0.3672038000077009,0.3824305000016466,0.13419054721765425,0.2696787580322859,0.29433219464458804,0.0020871000015176833,0.004401600002893247,0.005779200000688434,0.0018195000011473894,0.00028020000900141895,0.00036639999598264694,0.014734000011230819,lastfm-asia,0.5,mean,7.2943336831059815,,,,,,,,,,,
Degree-stratified RP,5,10,28,18,1,0.020462100001168437,0.3693401000055019,0.3898022000066703,0.13359242456578688,0.2870192696185767,0.325462664936361,,,,,,,0.020107999982428737,lastfm-asia,0.5,mean,7.2943336831059815,0.0004714999959105626,0.003999399996246211,0.008212300002924167,0.0055041000014171,0.0014232999965315685,0.00024249999842140824,0.0002548999909777194,8.0,2.0,5.0,"[1,2):n=1754,ell=2;[2,4):n=1979,ell=3;[4,8):n=1786,ell=4;[8,16):n=1265,ell=5;[16,32):n=576,ell=5;[32,64):n=212,ell=4;[64,128):n=46,ell=3;[128,256):n=6,ell=2"
Gaussian RP,6,10,28,18,1,0.012919800006784499,0.35913200001232326,0.37205180001910776,0.13578919444040957,0.2682083586341543,0.3108488312389478,0.002020600004470907,0.003423399990424514,0.0053404999925987795,0.0011968000035267323,0.0002680000034160912,0.00027740000223275274,0.012526699996669777,lastfm-asia,0.5,mean,7.2943336831059815,,,,,,,,,,,
Degree-stratified RP,6,10,28,18,1,0.020180500010610558,0.34039490000577644,0.360575400016387,0.13749431116703073,0.2872519600129179,0.2963334184982524,,,,,,,0.019789499987382442,lastfm-asia,0.5,mean,7.2943336831059815,0.00034220000088680536,0.004175699999905191,0.008149100001901388,0.004622899999958463,0.0019459999894024804,0.00026169999910052866,0.0002918999962275848,8.0,2.0,5.0,"[1,2):n=1754,ell=2;[2,4):n=1979,ell=3;[4,8):n=1786,ell=4;[8,16):n=1265,ell=5;[16,32):n=576,ell=5;[32,64):n=212,ell=4;[64,128):n=46,ell=3;[128,256):n=6,ell=2"
Gaussian RP,7,10,28,18,1,0.035454199998639524,0.3250462999858428,0.3605004999844823,0.16098492817063872,0.2903104445460149,0.3388824837326209,0.0020644000032916665,0.0043227999994996935,0.005760399988503195,0.012257599999429658,0.009354900001198985,0.0009980000031646341,0.03475809999508783,lastfm-asia,0.5,mean,7.2943336831059815,,,,,,,,,,,
Degree-stratified RP,7,10,28,18,1,0.017680599994491786,0.3508927000075346,0.36857330000202637,0.13703890938950325,0.2917828121753438,0.3091546895777071,,,,,,,0.017269699994358234,lastfm-asia,0.5,mean,7.2943336831059815,0.00033629999961704016,0.00323729999945499,0.006926599991857074,0.0049270000017713755,0.001225600004545413,0.00024199999461416155,0.0003749000024981797,8.0,2.0,5.0,"[1,2):n=1754,ell=2;[2,4):n=1979,ell=3;[4,8):n=1786,ell=4;[8,16):n=1265,ell=5;[16,32):n=576,ell=5;[32,64):n=212,ell=4;[64,128):n=46,ell=3;[128,256):n=6,ell=2"
Gaussian RP,8,10,28,18,1,0.014591200000722893,0.3529809000028763,0.3675721000035992,0.1713961426809754,0.30580089706672636,0.36545058468716474,0.0018485999898985028,0.004615099998773076,0.0056388999946648255,0.0016002000047592446,0.00025570001162122935,0.0002783000090857968,0.014236800008802675,lastfm-asia,0.5,mean,7.2943336831059815,,,,,,,,,,,
Degree-stratified RP,8,10,28,18,1,0.02002389999688603,0.3778695999935735,0.39789349999045953,0.1254748926560961,0.2626131110456657,0.2897553143556312,,,,,,,0.01954150000528898,lastfm-asia,0.5,mean,7.2943336831059815,0.00047160001122392714,0.0039025999867590144,0.0069635000108974054,0.005380300004617311,0.0018771000031847507,0.00047899999481160194,0.0004673999937949702,8.0,2.0,5.0,"[1,2):n=1754,ell=2;[2,4):n=1979,ell=3;[4,8):n=1786,ell=4;[8,16):n=1265,ell=5;[16,32):n=576,ell=5;[32,64):n=212,ell=4;[64,128):n=46,ell=3;[128,256):n=6,ell=2"
Gaussian RP,9,10,28,18,1,0.014579099995899014,0.3530058000033023,0.3675848999992013,0.15646268509180572,0.2940188063597799,0.3369610432952013,0.0020672000100603327,0.004245900010573678,0.004930900002364069,0.00217720000364352,0.00031069999386090785,0.00028310000197961926,0.014015000022482127,lastfm-asia,0.5,mean,7.2943336831059815,,,,,,,,,,,
Degree-stratified RP,9,10,28,18,1,0.02186900000378955,0.36254979998921044,0.384418799993,0.13156714376056172,0.2762006246070031,0.3175296094380079,,,,,,,0.021395300020230934,lastfm-asia,0.5,mean,7.2943336831059815,0.0004726000042865053,0.004590900003677234,0.00845100000151433,0.005404600000474602,0.0019164999976055697,0.00028279999969527125,0.0002769000129774213,8.0,2.0,5.0,"[1,2):n=1754,ell=2;[2,4):n=1979,ell=3;[4,8):n=1786,ell=4;[8,16):n=1265,ell=5;[16,32):n=576,ell=5;[32,64):n=212,ell=4;[64,128):n=46,ell=3;[128,256):n=6,ell=2"
Gaussian RP,10,10,28,18,1,0.013224399997852743,0.37698339999769814,0.3902077999955509,0.13542879877713807,0.26894491940266074,0.3489295146911833,0.0021102000027894974,0.0032196999964071438,0.0056105999974533916,0.0013011000119149685,0.00024170000688172877,0.00025779999850783497,0.012741100013954565,lastfm-asia,0.5,mean,7.2943336831059815,,,,,,,,,,,
Degree-stratified RP,10,10,28,18,1,0.023867399999289773,0.40751809999346733,0.4313854999927571,0.15223902775289017,0.29403352381659725,0.3133072881777184,,,,,,,0.023507700010668486,lastfm-asia,0.5,mean,7.2943336831059815,0.0005660000024363399,0.004993099995772354,0.01006240000424441,0.0059464000078151,0.0013018000026931986,0.00026279999292455614,0.0003752000047825277,8.0,2.0,5.0,"[1,2):n=1754,ell=2;[2,4):n=1979,ell=3;[4,8):n=1786,ell=4;[8,16):n=1265,ell=5;[16,32):n=576,ell=5;[32,64):n=212,ell=4;[64,128):n=46,ell=3;[128,256):n=6,ell=2"
Gaussian RP,1,20,38,18,1,0.022132599988253787,0.3778865000058431,0.4000190999940969,0.18107662544572004,0.3245312461419261,0.36740807360210487,0.0028587999986484647,0.005730999997467734,0.009464900009334087,0.0020454000041354448,0.00030270000570453703,0.0004951000009896234,0.02089790001627989,lastfm-asia,0.5,mean,7.2943336831059815,,,,,,,,,,,
Degree-stratified RP,1,20,38,18,1,0.028110300001571886,0.38628089999838267,0.41439119999995455,0.1677733617189225,0.33521757529440477,0.3395020672426762,,,,,,,0.027735999989090487,lastfm-asia,0.5,mean,7.2943336831059815,0.0004741999873658642,0.004697600001236424,0.01190310000674799,0.007822400002623908,0.0021654000011039898,0.00034029998641926795,0.0003330000035930425,8.0,2.0,7.0,"[1,2):n=1754,ell=3;[2,4):n=1979,ell=4;[4,8):n=1786,ell=6;[8,16):n=1265,ell=7;[16,32):n=576,ell=6;[32,64):n=212,ell=6;[64,128):n=46,ell=4;[128,256):n=6,ell=2"
Gaussian RP,2,20,38,18,1,0.021791599996504374,0.33417139999801293,0.3559629999945173,0.18906485709891838,0.3245600974254227,0.35668670284758397,0.002699299991945736,0.006017199993948452,0.009924799989676103,0.0017016999918268993,0.00038189999759197235,0.0003814000083366409,0.021106299973325804,lastfm-asia,0.5,mean,7.2943336831059815,,,,,,,,,,,
Degree-stratified RP,2,20,38,18,1,0.026492899996810593,0.30790369999886025,0.33439659999567084,0.1640516862228515,0.31896863229250616,0.3405964076216671,,,,,,,0.02604720000817906,lastfm-asia,0.5,mean,7.2943336831059815,0.0004670000053010881,0.004320099993492477,0.011456799998995848,0.007199100000434555,0.0018565000063972548,0.00040699999954085797,0.00034070000401698053,8.0,2.0,7.0,"[1,2):n=1754,ell=3;[2,4):n=1979,ell=4;[4,8):n=1786,ell=6;[8,16):n=1265,ell=7;[16,32):n=576,ell=6;[32,64):n=212,ell=6;[64,128):n=46,ell=4;[128,256):n=6,ell=2"
Gaussian RP,3,20,38,18,1,0.020362900002510287,0.32852399999683257,0.34888689999934286,0.1793536024525124,0.3230512281621993,0.31320191140427533,0.0028074000001652166,0.005391099999542348,0.008484799996949732,0.002347000001464039,0.00038810000114608556,0.0003372000064700842,0.019755600005737506,lastfm-asia,0.5,mean,7.2943336831059815,,,,,,,,,,,
Degree-stratified RP,3,20,38,18,1,0.024751900011324324,0.28241550001257565,0.3071674000239,0.2056450773151587,0.3580021040481198,0.37022753657329377,,,,,,,0.024201099993661046,lastfm-asia,0.5,mean,7.2943336831059815,0.00042899999243672937,0.003685799994855188,0.009698299996671267,0.007555200005299412,0.0022370000078808516,0.0003049000079045072,0.0002908999886130914,8.0,2.0,7.0,"[1,2):n=1754,ell=3;[2,4):n=1979,ell=4;[4,8):n=1786,ell=6;[8,16):n=1265,ell=7;[16,32):n=576,ell=6;[32,64):n=212,ell=6;[64,128):n=46,ell=4;[128,256):n=6,ell=2"
Gaussian RP,4,20,38,18,1,0.020046300007379614,0.32048420001228806,0.34053050001966767,0.2108663839827447,0.3454105566155927,0.36282639274289935,0.003123100002994761,0.005515499986358918,0.007984600000781938,0.0020803000079467893,0.0003412000078242272,0.00031239999225363135,0.019357099998160265,lastfm-asia,0.5,mean,7.2943336831059815,,,,,,,,,,,
Degree-stratified RP,4,20,38,18,1,0.02907259999483358,0.3076720999961253,0.3367446999909589,0.19502855150963497,0.34904256931044375,0.290966574999657,,,,,,,0.02859230001922697,lastfm-asia,0.5,mean,7.2943336831059815,0.00046869998914189637,0.004853300008107908,0.012554900007671677,0.00795030000153929,0.002031900003203191,0.00033650000113993883,0.00039670000842306763,8.0,2.0,7.0,"[1,2):n=1754,ell=3;[2,4):n=1979,ell=4;[4,8):n=1786,ell=6;[8,16):n=1265,ell=7;[16,32):n=576,ell=6;[32,64):n=212,ell=6;[64,128):n=46,ell=4;[128,256):n=6,ell=2"
Gaussian RP,5,20,38,18,1,0.019497799992677756,0.28846700000576675,0.3079647999984445,0.17737323473601563,0.3175976605270878,0.3304905976089218,0.0027406000008340925,0.0052893999963998795,0.00821909999649506,0.0020549999899230897,0.00032979999377857894,0.0002854000049410388,0.01891929998237174,lastfm-asia,0.5,mean,7.2943336831059815,,,,,,,,,,,
Degree-stratified RP,5,20,38,18,1,0.0275067000038689,0.306224599989946,0.3337312999938149,0.16641935135119074,0.3243403658983257,0.3349256665306506,,,,,,,0.027003100025467575,lastfm-asia,0.5,mean,7.2943336831059815,0.0004676000098697841,0.004482299991650507,0.01154089999909047,0.00774440000532195,0.002111599998897873,0.0003358000103617087,0.00032050001027528197,8.0,2.0,7.0,"[1,2):n=1754,ell=3;[2,4):n=1979,ell=4;[4,8):n=1786,ell=6;[8,16):n=1265,ell=7;[16,32):n=576,ell=6;[32,64):n=212,ell=6;[64,128):n=46,ell=4;[128,256):n=6,ell=2"
Gaussian RP,6,20,38,18,1,0.019608400005381554,0.27760159999888856,0.2972100000042701,0.1792786230819587,0.31863291889175965,0.3486160711328777,0.0027531000087037683,0.005629499995848164,0.007989200006704777,0.00203200000396464,0.00035119999665766954,0.00030669999250676483,0.019061700004385784,lastfm-asia,0.5,mean,7.2943336831059815,,,,,,,,,,,
Degree-stratified RP,6,20,38,18,1,0.026141800000914373,0.3212012000003597,0.34734300000127405,0.1819621392166548,0.3400797773526259,0.3512606769882725,,,,,,,0.02567570000246633,lastfm-asia,0.5,mean,7.2943336831059815,0.0004903000080958009,0.0043667999998433515,0.010554499996942468,0.0073517999990144745,0.0022369000071194023,0.0003214999887859449,0.0003539000026648864,8.0,2.0,7.0,"[1,2):n=1754,ell=3;[2,4):n=1979,ell=4;[4,8):n=1786,ell=6;[8,16):n=1265,ell=7;[16,32):n=576,ell=6;[32,64):n=212,ell=6;[64,128):n=46,ell=4;[128,256):n=6,ell=2"
Gaussian RP,7,20,38,18,1,0.01693719999457244,0.3134344999998575,0.33037169999442995,0.1651319985233046,0.3101169008413845,0.30640925861537016,0.002656399999978021,0.004640799990738742,0.00684200000250712,0.0017265000060433522,0.0003206999972462654,0.0003093999985139817,0.016495799995027483,lastfm-asia,0.5,mean,7.2943336831059815,,,,,,,,,,,
Degree-stratified RP,7,20,38,18,1,0.02473160000226926,0.3107649000012316,0.33549650000350084,0.15725531252418473,0.32526454805682165,0.28229766039899984,,,,,,,0.024389799975324422,lastfm-asia,0.5,mean,7.2943336831059815,0.0004661999992094934,0.00442619998648297,0.010589099998469464,0.0065559999929973856,0.001774499993189238,0.000299000006634742,0.00027879999834112823,8.0,2.0,7.0,"[1,2):n=1754,ell=3;[2,4):n=1979,ell=4;[4,8):n=1786,ell=6;[8,16):n=1265,ell=7;[16,32):n=576,ell=6;[32,64):n=212,ell=6;[64,128):n=46,ell=4;[128,256):n=6,ell=2"
Gaussian RP,8,20,38,18,1,0.01835029998619575,0.33384410000871867,0.3521943999949144,0.1829340881838348,0.32242540938727615,0.36885504541086556,0.0026559999969322234,0.005202799991820939,0.007163899994338863,0.002295600002980791,0.0003341999981785193,0.00034830000367946923,0.018000799987930804,lastfm-asia,0.5,mean,7.2943336831059815,,,,,,,,,,,
Degree-stratified RP,8,20,38,18,1,0.027453800008515827,0.3573623999982374,0.3848162000067532,0.17589604422186145,0.340456168623735,0.3185905355173258,,,,,,,0.027074299985542893,lastfm-asia,0.5,mean,7.2943336831059815,0.0005143000016687438,0.004887899995082989,0.010942299995804206,0.0071746999892639,0.002864199996110983,0.000371600006474182,0.0003193000011378899,8.0,2.0,7.0,"[1,2):n=1754,ell=3;[2,4):n=1979,ell=4;[4,8):n=1786,ell=6;[8,16):n=1265,ell=7;[16,32):n=576,ell=6;[32,64):n=212,ell=6;[64,128):n=46,ell=4;[128,256):n=6,ell=2"
Gaussian RP,9,20,38,18,1,0.017489599995315075,0.32348050001019146,0.34097010000550654,0.17541014088958626,0.3135957958335479,0.30991710761162655,0.0026757000014185905,0.004661099999793805,0.007391899998765439,0.0018014999950537458,0.00035709999792743474,0.00027579999004956335,0.01716309998300858,lastfm-asia,0.5,mean,7.2943336831059815,,,,,,,,,,,
Degree-stratified RP,9,20,38,18,1,0.025764599995454773,0.3761118999973405,0.4018764999927953,0.17320634499963838,0.3337143929298269,0.3490273189262304,,,,,,,0.025319499996840023,lastfm-asia,0.5,mean,7.2943336831059815,0.0004268000047886744,0.004447400002391078,0.010755299997981638,0.00670430000172928,0.0022184999979799613,0.00048779998905956745,0.00027940000290982425,8.0,2.0,7.0,"[1,2):n=1754,ell=3;[2,4):n=1979,ell=4;[4,8):n=1786,ell=6;[8,16):n=1265,ell=7;[16,32):n=576,ell=6;[32,64):n=212,ell=6;[64,128):n=46,ell=4;[128,256):n=6,ell=2"
Gaussian RP,10,20,38,18,1,0.01843189999635797,0.30216619999555405,0.320598099991912,0.17075523808581428,0.30626902499005915,0.35667204232899175,0.002695899995160289,0.005251900001894683,0.007629899992025457,0.001751699994201772,0.0003956000000471249,0.0002776999899651855,0.01800269997329451,lastfm-asia,0.5,mean,7.2943336831059815,,,,,,,,,,,
Degree-stratified RP,10,20,38,18,1,0.024530099995899945,0.3190265000012005,0.3435565999971004,0.18993544976570406,0.3473007325640042,0.345527252061954,,,,,,,0.024124399991706014,lastfm-asia,0.5,mean,7.2943336831059815,0.0003335000074002892,0.00418629999330733,0.010616999992635101,0.006727100000716746,0.0016720999992685392,0.0003220999933546409,0.0002663000050233677,8.0,2.0,7.0,"[1,2):n=1754,ell=3;[2,4):n=1979,ell=4;[4,8):n=1786,ell=6;[8,16):n=1265,ell=7;[16,32):n=576,ell=6;[32,64):n=212,ell=6;[64,128):n=46,ell=4;[128,256):n=6,ell=2"
Gaussian RP,1,40,58,18,1,0.026252399999066256,0.24928109999746084,0.2755334999965271,0.2228303488203391,0.35987100893500723,0.3669470663483332,0.0035189000045647845,0.005384399992180988,0.012534199995570816,0.0032131000043591484,0.0006181999924592674,0.0003510000096866861,0.02561979999882169,lastfm-asia,0.5,mean,7.2943336831059815,,,,,,,,,,,
Degree-stratified RP,1,40,58,18,1,0.03921220000484027,0.31464860000414774,0.353860800008988,0.2168630857499793,0.38021008153502095,0.36911248847890715,,,,,,,0.03849929998978041,lastfm-asia,0.5,mean,7.2943336831059815,0.0004724999889731407,0.004890299998805858,0.017079900004318915,0.012218199990456924,0.0028716999950120226,0.0006787000020267442,0.0002880000101868063,8.0,4.0,10.0,"[1,2):n=1754,ell=4;[2,4):n=1979,ell=6;[4,8):n=1786,ell=9;[8,16):n=1265,ell=10;[16,32):n=576,ell=10;[32,64):n=212,ell=9;[64,128):n=46,ell=6;[128,256):n=6,ell=4"
Gaussian RP,2,40,58,18,1,0.028496900005848147,0.29651440000452567,0.3250113000103738,0.23101571989443034,0.3733265491708203,0.3901894780865836,0.003704600007040426,0.006601600005524233,0.013320900005055591,0.003225599997676909,0.0005983999872114509,0.00032890000147745013,0.02778000000398606,lastfm-asia,0.5,mean,7.2943336831059815,,,,,,,,,,,
Degree-stratified RP,2,40,58,18,1,0.039206400004331954,0.2785889000078896,0.31779530001222156,0.236781287393733,0.38797367716306996,0.36527326856528514,,,,,,,0.0387505999970017,lastfm-asia,0.5,mean,7.2943336831059815,0.0003404000017326325,0.00457589999132324,0.01819049999176059,0.012063000001944602,0.0027046000031987205,0.000555899998289533,0.0003203000087523833,8.0,4.0,10.0,"[1,2):n=1754,ell=4;[2,4):n=1979,ell=6;[4,8):n=1786,ell=9;[8,16):n=1265,ell=10;[16,32):n=576,ell=10;[32,64):n=212,ell=9;[64,128):n=46,ell=6;[128,256):n=6,ell=4"
Gaussian RP,3,40,58,18,1,0.02837070000532549,0.3318624999956228,0.3602332000009483,0.21489414944604115,0.3496509244720358,0.3517472959063821,0.00401889999920968,0.0067623999930219725,0.012861399998655543,0.0032807999959914014,0.0006350999901769683,0.00033480000274721533,0.02789339997980278,lastfm-asia,0.5,mean,7.2943336831059815,,,,,,,,,,,
Degree-stratified RP,3,40,58,18,1,0.039540300000226125,0.28237210000224877,0.3219124000024749,0.2131702502627376,0.37188004500305205,0.3534497376992004,,,,,,,0.03897249999863561,lastfm-asia,0.5,mean,7.2943336831059815,0.0005447000003186986,0.004872100005741231,0.0170912000030512,0.012226599996211007,0.0033127999922726303,0.0006674000032944605,0.00025769999774638563,8.0,4.0,10.0,"[1,2):n=1754,ell=4;[2,4):n=1979,ell=6;[4,8):n=1786,ell=9;[8,16):n=1265,ell=10;[16,32):n=576,ell=10;[32,64):n=212,ell=9;[64,128):n=46,ell=6;[128,256):n=6,ell=4"
Gaussian RP,4,40,58,18,1,0.02824010000040289,0.3155185000068741,0.343758600007277,0.24516665556782383,0.37743373850199785,0.387850135286566,0.004039399995235726,0.006286899995757267,0.01292339999054093,0.003261299993027933,0.0006907000060891733,0.00037290000182110816,0.027574599982472137,lastfm-asia,0.5,mean,7.2943336831059815,,,,,,,,,,,
Degree-stratified RP,4,40,58,18,1,0.03985109999484848,0.2857522999984212,0.3256033999932697,0.21800319068650734,0.3650620746481337,0.3240945845055997,,,,,,,0.03924950001237448,lastfm-asia,0.5,mean,7.2943336831059815,0.00046860000293236226,0.00487000000430271,0.017044499996700324,0.012726100001600571,0.0031732000061310828,0.0006668999994872138,0.00030020000122021884,8.0,4.0,10.0,"[1,2):n=1754,ell=4;[2,4):n=1979,ell=6;[4,8):n=1786,ell=9;[8,16):n=1265,ell=10;[16,32):n=576,ell=10;[32,64):n=212,ell=9;[64,128):n=46,ell=6;[128,256):n=6,ell=4"
Gaussian RP,5,40,58,18,1,0.028348299994831905,0.27389270000276156,0.30224099999759346,0.23455950791858396,0.3686517403280556,0.38779927111075246,0.0038816000014776364,0.006822600000305101,0.012982000000192784,0.0029797000024700537,0.0007067999977152795,0.0003319999959785491,0.027704699998139404,lastfm-asia,0.5,mean,7.2943336831059815,,,,,,,,,,,
Degree-stratified RP,5,40,58,18,1,0.039623099990421906,0.24955020000925288,0.2891732999996748,0.22299616706809183,0.38645878810295736,0.39413223796461533,,,,,,,0.039066500030457973,lastfm-asia,0.5,mean,7.2943336831059815,0.00046740000834688544,0.005001500001526438,0.01662900000519585,0.01268020000134129,0.0031916000007186085,0.0007698000117670745,0.00032700000156182796,8.0,4.0,10.0,"[1,2):n=1754,ell=4;[2,4):n=1979,ell=6;[4,8):n=1786,ell=9;[8,16):n=1265,ell=10;[16,32):n=576,ell=10;[32,64):n=212,ell=9;[64,128):n=46,ell=6;[128,256):n=6,ell=4"
Gaussian RP,6,40,58,18,1,0.028937499999301508,0.2920542000065325,0.320991700005834,0.22490558805248456,0.3752610034293006,0.3604747695716935,0.00401140000030864,0.00671610000426881,0.013424799995846115,0.0031057000014698133,0.0006559000030392781,0.0003640000068116933,0.02827790001174435,lastfm-asia,0.5,mean,7.2943336831059815,,,,,,,,,,,
Degree-stratified RP,6,40,58,18,1,0.04724729999725241,0.3230900000053225,0.3703373000025749,0.20761297514574004,0.3653982671102636,0.3296409465637795,,,,,,,0.04670869998517446,lastfm-asia,0.5,mean,7.2943336831059815,0.0005241000035312027,0.006109099995228462,0.019864899993990548,0.015060799996717833,0.0037643999967258424,0.0008793000015430152,0.0005060999974375591,8.0,4.0,10.0,"[1,2):n=1754,ell=4;[2,4):n=1979,ell=6;[4,8):n=1786,ell=9;[8,16):n=1265,ell=10;[16,32):n=576,ell=10;[32,64):n=212,ell=9;[64,128):n=46,ell=6;[128,256):n=6,ell=4"
Gaussian RP,7,40,58,18,1,0.030259599996497855,0.2849278000066988,0.31518740000319667,0.24485321888458064,0.37811831063194784,0.4007238503103629,0.0038109000015538186,0.006918700004462153,0.014629600002081133,0.003260099998442456,0.000719599993317388,0.0003679999936139211,0.02970689999347087,lastfm-asia,0.5,mean,7.2943336831059815,,,,,,,,,,,
Degree-stratified RP,7,40,58,18,1,0.04273960000136867,0.2737629999901401,0.31650259999150876,0.24719715572428866,0.41463350264224097,0.36607987461459895,,,,,,,0.04210480001347605,lastfm-asia,0.5,mean,7.2943336831059815,0.0004908999981125817,0.004795800006831996,0.01820140000199899,0.014142200001515448,0.0032961999968392774,0.0006695000047329813,0.0005088000034447759,8.0,4.0,10.0,"[1,2):n=1754,ell=4;[2,4):n=1979,ell=6;[4,8):n=1786,ell=9;[8,16):n=1265,ell=10;[16,32):n=576,ell=10;[32,64):n=212,ell=9;[64,128):n=46,ell=6;[128,256):n=6,ell=4"
Gaussian RP,8,40,58,18,1,0.029383600005530752,0.2868608000135282,0.31624440001905896,0.238482214875953,0.36433746437863035,0.38972380163479775,0.004036999991512857,0.007444000002578832,0.013272299998789094,0.002994800001033582,0.0006403999868780375,0.00035930000012740493,0.028747799980919808,lastfm-asia,0.5,mean,7.2943336831059815,,,,,,,,,,,
Degree-stratified RP,8,40,58,18,1,0.04112819999863859,0.2898955999989994,0.331023799997638,0.21557844279556287,0.3794311234089323,0.38902904392582216,,,,,,,0.040536500004236586,lastfm-asia,0.5,mean,7.2943336831059815,0.00039149999793153256,0.005492100011906587,0.01849930000025779,0.012611300000571646,0.002425400001811795,0.0006907999922987074,0.00042609999945852906,8.0,4.0,10.0,"[1,2):n=1754,ell=4;[2,4):n=1979,ell=6;[4,8):n=1786,ell=9;[8,16):n=1265,ell=10;[16,32):n=576,ell=10;[32,64):n=212,ell=9;[64,128):n=46,ell=6;[128,256):n=6,ell=4"
Gaussian RP,9,40,58,18,1,0.02856679999968037,0.279839599999832,0.30840639999951236,0.22671225715277066,0.35886358303403354,0.39237689828085176,0.003954600004362874,0.006603400004678406,0.013272299998789094,0.0030457000102614984,0.0007462000066880137,0.00032199999259319156,0.027944200017373078,lastfm-asia,0.5,mean,7.2943336831059815,,,,,,,,,,,
Degree-stratified RP,9,40,58,18,1,0.04043710000405554,0.2919297999906121,0.3323668999946676,0.20687799941953522,0.36002501442678375,0.3721436002671041,,,,,,,0.0398288999858778,lastfm-asia,0.5,mean,7.2943336831059815,0.0005047000013291836,0.0051893000054406,0.017701899996609427,0.012645299997529946,0.0028236999933142215,0.0006678999925497919,0.0002960999991046265,8.0,4.0,10.0,"[1,2):n=1754,ell=4;[2,4):n=1979,ell=6;[4,8):n=1786,ell=9;[8,16):n=1265,ell=10;[16,32):n=576,ell=10;[32,64):n=212,ell=9;[64,128):n=46,ell=6;[128,256):n=6,ell=4"
Gaussian RP,10,40,58,18,1,0.02614709999761544,0.2635262999974657,0.2896733999950811,0.23374063764707118,0.37506777024241394,0.38041867129747314,0.004022100009024143,0.004644500004360452,0.012728399990010075,0.0033918000117409974,0.0005670000100508332,0.0003110000106971711,0.025664800035883673,lastfm-asia,0.5,mean,7.2943336831059815,,,,,,,,,,,
Degree-stratified RP,10,40,58,18,1,0.04020070000842679,0.2539134000107879,0.2941141000192147,0.22008674436181527,0.3803975532859304,0.3797061552198035,,,,,,,0.03960620000725612,lastfm-asia,0.5,mean,7.2943336831059815,0.0004693000082625076,0.005418200002168305,0.017222900001797825,0.01217499999620486,0.0033306999976048246,0.000673100003041327,0.0003169999981764704,8.0,4.0,10.0,"[1,2):n=1754,ell=4;[2,4):n=1979,ell=6;[4,8):n=1786,ell=9;[8,16):n=1265,ell=10;[16,32):n=576,ell=10;[32,64):n=212,ell=9;[64,128):n=46,ell=6;[128,256):n=6,ell=4"
