rho_n,rep,seed,n,K,m,num_hyperedges_total,theta_nnz,theta_density,generation_wall_sec,hypergraph_laplacian_build_wall_sec,num_isolated_nodes,isolated_fraction,hypergraph_degree_mean,hypergraph_degree_max,expected_hyperedges_total,expected_hyperedges_per_n,expected_degree_mean,candidate_within_fraction,p_in,p_out,sampling_mode,method,method_key,misclassification_rate,ARI,NMI,metric_wall_sec,eigen_decomposition_wall_sec,embedding_normalize_wall_sec,kmeans_wall_sec,spectral_clustering_wall_sec,top_eigenvalue_max,top_eigenvalue_min,algorithm_total_wall_sec,cpu_time_sec,wall_clock_sec,peak_traced_memory_mb,rss_before_mb,rss_after_mb,rss_delta_mb,rp_draw_omega_sec,rp_power_iter_sec,rp_qr_sec,rp_build_core_sec,rp_small_eig_sec,rp_lift_sec,rs_sample_matrix_wall_sec,rs_eig_wall_sec,rs_original_upper_nnz,rs_sampled_upper_nnz,rs_sampling_probability,rs_sampled_theta_nnz,cs_draw_hash_sec,cs_embedding_dim,cs_bucket_min_load,cs_bucket_max_load,cs_empty_buckets,cs_initial_multiply_sec,cs_power_iter_sec,cs_qr_sec,cs_build_core_sec,cs_small_eig_sec,cs_lift_sec
0.25,1,45260507,5000,3,3,1476,11785,0.0004714,0.02232454099998904,0.005816334000030565,2067,0.4134,0.8856,5.0,1572.2415184000001,0.31444830368000004,0.9433449110400001,0.11097779555911182,3.6e-07,4e-08,sparse,Non-random,non_random,0.644,0.0015169098074713397,0.0015888312502254085,0.017190959000004113,0.6098567500000058,0.00013958300002059332,0.07824891600000683,0.6882512920000181,1.0000000000000004,0.9971117587498308,0.7163861240000529,7.087198000000171,0.706608249999988,1.8795251846313477,772.68359375,772.76953125,0.0859375,,,,,,,,,,,,,,,,,,,,,,,
0.25,1,45260507,5000,3,3,1476,11785,0.0004714,0.02232454099998904,0.005816334000030565,2067,0.4134,0.8856,5.0,1572.2415184000001,0.31444830368000004,0.9433449110400001,0.11097779555911182,3.6e-07,4e-08,sparse,Gaussian random projection,gaussian_random_projection,0.6552,0.00021003713391656203,0.0005697789589263617,0.0173897499999498,0.15342016599998942,0.00029549999999289867,0.21779983300001504,0.37151991700000053,0.9960009627246595,0.9952710741312513,0.39965637400001697,4.038547999999992,0.38986858300000904,25.436156272888184,772.76953125,772.77734375,0.0078125,0.009077458000035676,0.009732459000019844,0.11564345900001172,0.006683541000029436,0.011961000000042077,0.0002743339999824457,,,,,,,,,,,,,,,,,
0.25,1,45260507,5000,3,3,1476,11785,0.0004714,0.02232454099998904,0.005816334000030565,2067,0.4134,0.8856,5.0,1572.2415184000001,0.31444830368000004,0.9433449110400001,0.11097779555911182,3.6e-07,4e-08,sparse,Random sampling,random_sampling,0.6568,0.0001616608319013097,0.001391145733609621,0.017105500000013762,0.1300444170000219,0.00011795900002198323,0.06483787500002336,0.19500449999998182,1.4285714285714277,1.3750781835347163,0.22314112600008684,2.172722000000249,0.21303204199995207,1.993271827697754,772.77734375,772.79296875,0.015625,,,,,,,0.001336207999997896,0.12868704199996728,7359.0,5083.0,0.7,8127.0,,,,,,,,,,,
0.25,1,45260507,5000,3,3,1476,11785,0.0004714,0.02232454099998904,0.005816334000030565,2067,0.4134,0.8856,5.0,1572.2415184000001,0.31444830368000004,0.9433449110400001,0.11097779555911182,3.6e-07,4e-08,sparse,CountSketch random projection,countsketch_random_projection,0.651,0.0002817245916815455,0.0009277595297425298,0.017126666999956797,0.1464730000000145,0.00042424999998047497,0.28881204200001775,0.4357156250000003,0.9962221630251991,0.9957070707904956,0.46385016700003234,4.602578999999878,0.4537662089999799,19.296781539916992,772.79296875,772.79296875,0.0,,,,,,,,,,,,,0.0005927500000098007,163.0,11.0,48.0,0.0,0.0005718329999808702,0.007300667000038175,0.11417274999996607,0.005748083000014503,0.017758916999980556,0.000257290999968518
0.25,2,45260508,5000,3,3,1581,12530,0.0005012,0.02440599999999904,0.005908667000028345,1952,0.3904,0.9486,5.0,1572.2415184000001,0.31444830368000004,0.9433449110400001,0.11097779555911182,3.6e-07,4e-08,sparse,Non-random,non_random,0.657,0.0002847121826642717,0.0013083488455572115,0.017974125000023378,0.3554384170000162,0.00012629100001504412,0.09471883300000172,0.4502907920000325,1.0000000000000004,0.9971297769395121,0.48059820800006037,4.70494699999972,0.46926716699999815,1.8880510330200195,772.79296875,772.80078125,0.0078125,,,,,,,,,,,,,,,,,,,,,,,
0.25,2,45260508,5000,3,3,1581,12530,0.0005012,0.02440599999999904,0.005908667000028345,1952,0.3904,0.9486,5.0,1572.2415184000001,0.31444830368000004,0.9433449110400001,0.11097779555911182,3.6e-07,4e-08,sparse,Gaussian random projection,gaussian_random_projection,0.657,0.00027652919855751306,0.0007356702530874768,0.017375416999982463,0.14893316600000617,0.0003962920000049053,0.25353158299998313,0.4028665409999803,0.9955895605441284,0.9949213313243987,0.4331757080000216,4.3475069999999505,0.4211986660000093,25.444682121276855,772.80078125,772.80078125,0.0,0.009164416000032816,0.009107249999999567,0.11289716700002828,0.005922959000031369,0.011538040999994337,0.00023795799995696143,,,,,,,,,,,,,,,,,
0.25,2,45260508,5000,3,3,1581,12530,0.0005012,0.02440599999999904,0.005908667000028345,1952,0.3904,0.9486,5.0,1572.2415184000001,0.31444830368000004,0.9433449110400001,0.11097779555911182,3.6e-07,4e-08,sparse,Random sampling,random_sampling,0.6408,0.0011381030118582422,0.0016276209166814879,0.017359624999983225,0.14953204200003256,0.00016987500004006506,0.05224950000001627,0.20196025000001327,1.4285714285714306,1.3750781835353383,0.23226608400011628,2.279349999999795,0.22028641600002175,2.009030342102051,772.80078125,772.8046875,0.00390625,,,,,,,0.0013722909999955846,0.14813724999999067,7789.0,5448.0,0.7,8759.0,,,,,,,,,,,
0.25,2,45260508,5000,3,3,1581,12530,0.0005012,0.02440599999999904,0.005908667000028345,1952,0.3904,0.9486,5.0,1572.2415184000001,0.31444830368000004,0.9433449110400001,0.11097779555911182,3.6e-07,4e-08,sparse,CountSketch random projection,countsketch_random_projection,0.6632,-0.0002623636244750966,6.17991215159245e-05,0.017391167000027963,0.14888754100002188,0.0002690409999672738,0.21426208299999416,0.36342324999998254,0.9957583096005529,0.995011273010809,0.3937333320000107,3.984023000000434,0.3817244169999867,19.305307388305664,772.8046875,772.8359375,0.03125,,,,,,,,,,,,,0.0005933329999834314,163.0,18.0,45.0,0.0,0.0005689170000096055,0.00812120800003413,0.1152248330000134,0.006077333000007457,0.01803558400001748,0.00021916700001156642
0.25,3,45260509,5000,3,3,1570,12466,0.00049864,0.023141582999983257,0.005938542000023972,1948,0.3896,0.942,6.0,1572.2415184000001,0.31444830368000004,0.9433449110400001,0.11097779555911182,3.6e-07,4e-08,sparse,Non-random,non_random,0.6508,0.00038978636162069816,0.0006755560067342564,0.01736675000000787,0.5217832500000554,0.00012045900001567134,0.09542679200001203,0.6173365829999966,1.0000000000000002,0.9965756498134081,0.6464106260000904,6.551011000000017,0.635720249999963,1.8873186111450195,772.890625,772.890625,0.0,,,,,,,,,,,,,,,,,,,,,,,
0.25,3,45260509,5000,3,3,1570,12466,0.00049864,0.023141582999983257,0.005938542000023972,1948,0.3896,0.942,6.0,1572.2415184000001,0.31444830368000004,0.9433449110400001,0.11097779555911182,3.6e-07,4e-08,sparse,Gaussian random projection,gaussian_random_projection,0.6498,0.001553846528990512,0.0024656995768713185,0.018239583000024595,0.15410475000004453,0.0003900829999565758,0.27281966699996474,0.4273215829999799,0.9956049195771801,0.9948870468189279,0.4563946249999731,4.65788399999974,0.4468359580000083,25.443949699401855,772.890625,772.875,-0.015625,0.012031583000009505,0.010707999999965523,0.11472699999995939,0.005145749999996951,0.011206000000015592,0.0002198330000169335,,,,,,,,,,,,,,,,,
0.25,3,45260509,5000,3,3,1570,12466,0.00049864,0.023141582999983257,0.005938542000023972,1948,0.3896,0.942,6.0,1572.2415184000001,0.31444830368000004,0.9433449110400001,0.11097779555911182,3.6e-07,4e-08,sparse,Random sampling,random_sampling,0.6354,0.0033623774512925144,0.0035867153665073504,0.01979483299999174,0.19510725000003504,0.00020029199998816694,0.07148983300004375,0.2668023749999975,1.4285714285714286,1.3663198779519161,0.2958775000000742,3.015368000000308,0.28760258300002306,2.0089731216430664,772.875,772.875,0.0,,,,,,,0.001384416999997029,0.19370133399996803,7759.0,5472.0,0.7,8818.0,,,,,,,,,,,
0.25,3,45260509,5000,3,3,1570,12466,0.00049864,0.023141582999983257,0.005938542000023972,1948,0.3896,0.942,6.0,1572.2415184000001,0.31444830368000004,0.9433449110400001,0.11097779555911182,3.6e-07,4e-08,sparse,CountSketch random projection,countsketch_random_projection,0.657,3.558945884847802e-06,0.0003262250413497485,0.01694045799996502,0.14557591699997374,0.0002680830000372225,0.207458000000031,0.35330675000000156,0.9959361025715078,0.9948793685395615,0.3823821250000492,3.823844999999892,0.3712122500000419,19.304574966430664,772.875,772.89453125,0.01953125,,,,,,,,,,,,,0.000602209000021503,163.0,10.0,43.0,0.0,0.0005920410000044285,0.008098958000005041,0.11464241600003788,0.005465000000015152,0.015875874999949247,0.00025087500000609
0.25,4,45260510,5000,3,3,1572,12481,0.00049924,0.023901083999987804,0.0058966670000017984,1947,0.3894,0.9432,8.0,1572.2415184000001,0.31444830368000004,0.9433449110400001,0.11097779555911182,3.6e-07,4e-08,sparse,Non-random,non_random,0.6474,0.0008687147589560593,0.0010611357210499382,0.01735600000000659,0.3799035420000223,0.0001156659999992371,0.09526162499997781,0.4752868749999948,0.9999999999999984,0.9965076391857863,0.505078583999989,5.133973999999853,0.4936850419999814,1.8874902725219727,773.07421875,773.07421875,0.0,,,,,,,,,,,,,,,,,,,,,,,
0.25,4,45260510,5000,3,3,1572,12481,0.00049924,0.023901083999987804,0.0058966670000017984,1947,0.3894,0.9432,8.0,1572.2415184000001,0.31444830368000004,0.9433449110400001,0.11097779555911182,3.6e-07,4e-08,sparse,Gaussian random projection,gaussian_random_projection,0.6544,0.0004645063089113353,0.0013262054250659367,0.01725891699999238,0.15549162499996783,0.000284500000020671,0.2543229169999677,0.41010391599996865,0.9950180911314428,0.9941899892719852,0.4398967929999458,4.270692000000054,0.42835912499998585,25.44412136077881,773.07421875,773.078125,0.00390625,0.009146957999973893,0.009388292000039655,0.12010983300001499,0.005194291999998768,0.011359540999990259,0.00024612499998966086,,,,,,,,,,,,,,,,,
0.25,4,45260510,5000,3,3,1572,12481,0.00049924,0.023901083999987804,0.0058966670000017984,1947,0.3894,0.9432,8.0,1572.2415184000001,0.31444830368000004,0.9433449110400001,0.11097779555911182,3.6e-07,4e-08,sparse,Random sampling,random_sampling,0.663,-0.00018496191213753443,0.00020751243628369288,0.017150834000005943,0.19862475000002178,0.00012058300001172029,0.055918416999986675,0.25466887500004987,1.4285714285714242,1.339860898887416,0.2844615010000098,2.8416779999997743,0.27278579200003605,2.008172035217285,773.078125,773.078125,0.0,,,,,,,0.0014471659999912845,0.19715537500002256,7767.0,5438.0,0.7,8733.0,,,,,,,,,,,
0.25,4,45260510,5000,3,3,1572,12481,0.00049924,0.023901083999987804,0.0058966670000017984,1947,0.3894,0.9432,8.0,1572.2415184000001,0.31444830368000004,0.9433449110400001,0.11097779555911182,3.6e-07,4e-08,sparse,CountSketch random projection,countsketch_random_projection,0.6474,0.0004917991532126151,0.001188344867005098,0.017253292000020792,0.1491237500000011,0.0002714590000323369,0.2855220419999682,0.43492212500001415,0.9945792357156203,0.9942953377175887,0.4647150019999913,4.718389999999999,0.4531394999999634,19.304746627807617,773.078125,773.078125,0.0,,,,,,,,,,,,,0.0006014590000518183,163.0,16.0,49.0,0.0,0.0005635419999521218,0.008254208000039398,0.11629908300000125,0.0056042909999973745,0.01753524999998035,0.0002157499999952961
0.25,5,45260511,5000,3,3,1570,12428,0.00049712,0.02372400000001562,0.005748834000030456,1984,0.3968,0.942,6.0,1572.2415184000001,0.31444830368000004,0.9433449110400001,0.11097779555911182,3.6e-07,4e-08,sparse,Non-random,non_random,0.6626,-0.0003251872854635735,4.935890547243195e-05,0.017115041000010933,0.3355952919999936,0.00011604200000192577,0.09505979099998285,0.4307767920000174,1.0000000000000029,0.9960351425788931,0.46024395900002446,4.506534999999985,0.4488659169999778,1.8868837356567383,773.078125,773.0859375,0.0078125,,,,,,,,,,,,,,,,,,,,,,,
0.25,5,45260511,5000,3,3,1570,12428,0.00049712,0.02372400000001562,0.005748834000030456,1984,0.3968,0.942,6.0,1572.2415184000001,0.31444830368000004,0.9433449110400001,0.11097779555911182,3.6e-07,4e-08,sparse,Gaussian random projection,gaussian_random_projection,0.6596,-2.5665976712330093e-05,0.00043657362717725755,0.01724891599997136,0.1517317079999998,0.0004340000000411237,0.2779558749999751,0.4301313750000304,0.994530140520595,0.9941478096164306,0.4595944170000621,4.6453190000002,0.44833399999998846,25.443514823913574,773.0859375,773.0859375,0.0,0.009303541999997833,0.00924487500003579,0.1149999170000342,0.005054916999995385,0.01286545800002159,0.0002074579999771231,,,,,,,,,,,,,,,,,
0.25,5,45260511,5000,3,3,1570,12428,0.00049712,0.02372400000001562,0.005748834000030456,1984,0.3968,0.942,6.0,1572.2415184000001,0.31444830368000004,0.9433449110400001,0.11097779555911182,3.6e-07,4e-08,sparse,Random sampling,random_sampling,0.6564,-0.0001290765897320689,0.00025980291523755366,0.017177209000010407,0.22150287499999877,0.00020145799999227165,0.05155720800001973,0.27326608300001,1.428571428571428,1.375078183535353,0.30273437500005684,3.0323829999997542,0.29136849999997594,2.008000373840332,773.0859375,773.0859375,0.0,,,,,,,0.0013575000000400905,0.22011874999998327,7722.0,5437.0,0.7,8771.0,,,,,,,,,,,
0.25,5,45260511,5000,3,3,1570,12428,0.00049712,0.02372400000001562,0.005748834000030456,1984,0.3968,0.942,6.0,1572.2415184000001,0.31444830368000004,0.9433449110400001,0.11097779555911182,3.6e-07,4e-08,sparse,CountSketch random projection,countsketch_random_projection,0.641,0.0012443856792083538,0.002106703657939245,0.017238375000033557,0.14943733300003714,0.0003984159999959047,0.3311690829999634,0.48101087500003814,0.9951637268479641,0.9946394768226487,0.5104776660000425,4.9427969999997,0.4996588329999554,19.304140090942383,773.0859375,773.1015625,0.015625,,,,,,,,,,,,,0.0009899579999910202,163.0,16.0,45.0,0.0,0.0011497909999889089,0.009451082999987648,0.1149464580000199,0.005051084000001538,0.01749929200002498,0.000273666999987654
0.25,6,45260512,5000,3,3,1612,12783,0.00051132,0.024054499999976997,0.005871749999982967,1889,0.3778,0.9672,7.0,1572.2415184000001,0.31444830368000004,0.9433449110400001,0.11097779555911182,3.6e-07,4e-08,sparse,Non-random,non_random,0.6564,0.00010711361640416201,0.0006687711543093039,0.017282958000009785,0.4732640419999825,0.00014208300001428142,0.08579404099998555,0.5592064580000056,0.999999999999999,0.9962425898763474,0.5891264159999423,5.963463999999931,0.5774123329999838,1.890946388244629,773.12109375,773.12109375,0.0,,,,,,,,,,,,,,,,,,,,,,,
0.25,6,45260512,5000,3,3,1612,12783,0.00051132,0.024054499999976997,0.005871749999982967,1889,0.3778,0.9672,7.0,1572.2415184000001,0.31444830368000004,0.9433449110400001,0.11097779555911182,3.6e-07,4e-08,sparse,Gaussian random projection,gaussian_random_projection,0.6574,-2.971067210768829e-05,0.00040953081800418144,0.01721745899999405,0.15137037499999906,0.0002603749999821048,0.2407684170000266,0.39240350000000035,0.9952173840454338,0.9942491749058587,0.42232541699996773,4.250744999999824,0.4105453750000265,25.447577476501465,773.12109375,773.125,0.00390625,0.009363708000023507,0.009370875000001888,0.11547749999999724,0.005003458000032879,0.01191954099999748,0.00020308399996338267,,,,,,,,,,,,,,,,,
0.25,6,45260512,5000,3,3,1612,12783,0.00051132,0.024054499999976997,0.005871749999982967,1889,0.3778,0.9672,7.0,1572.2415184000001,0.31444830368000004,0.9433449110400001,0.11097779555911182,3.6e-07,4e-08,sparse,Random sampling,random_sampling,0.649,0.00047322759527601126,0.0010010235281050887,0.017281582999999046,0.23980387500000688,0.00017995799998971052,0.05325787499998569,0.29324700000000803,1.4285714285714284,1.3331975492022303,0.32316795799994225,3.1342499999996107,0.31148470900001257,2.0145692825317383,773.125,773.125,0.0,,,,,,,0.0013788750000003347,0.23840224999997872,7947.0,5581.0,0.7,8990.0,,,,,,,,,,,
0.25,6,45260512,5000,3,3,1612,12783,0.00051132,0.024054499999976997,0.005871749999982967,1889,0.3778,0.9672,7.0,1572.2415184000001,0.31444830368000004,0.9433449110400001,0.11097779555911182,3.6e-07,4e-08,sparse,CountSketch random projection,countsketch_random_projection,0.649,0.0006939762587401016,0.001326415323887451,0.017333500000006552,0.14709045799997966,0.0004459580000002461,0.3213810419999845,0.4689235829999916,0.9953672942437554,0.9946179787028022,0.4988437079999244,5.049834999999803,0.4872054999999591,19.308202743530273,773.125,773.125,0.0,,,,,,,,,,,,,0.0005965830000036476,163.0,19.0,50.0,0.0,0.0005870840000170574,0.008137834000024213,0.11449199999998427,0.005543499999987489,0.017464125000003605,0.00020662500003254536
0.25,7,45260513,5000,3,3,1505,12018,0.00048072,0.02273908299997629,0.005724999999983993,2012,0.4024,0.903,5.0,1572.2415184000001,0.31444830368000004,0.9433449110400001,0.11097779555911182,3.6e-07,4e-08,sparse,Non-random,non_random,0.66,-9.07933300891571e-05,0.0002877707030794849,0.016969791000008172,0.6784629160000009,0.0001183749999995598,0.07950416699998186,0.7580915830000095,0.9999999999999968,0.9976569410816151,0.7865495409999426,7.824981000000207,0.776063707999981,1.8821916580200195,773.125,773.125,0.0,,,,,,,,,,,,,,,,,,,,,,,
0.25,7,45260513,5000,3,3,1505,12018,0.00048072,0.02273908299997629,0.005724999999983993,2012,0.4024,0.903,5.0,1572.2415184000001,0.31444830368000004,0.9433449110400001,0.11097779555911182,3.6e-07,4e-08,sparse,Gaussian random projection,gaussian_random_projection,0.6452,0.0008344709733803477,0.0013843007334457004,0.017173624999998083,0.15206737500000145,0.00026566700000785204,0.2914461249999931,0.4437838329999977,0.9956221353691461,0.995207315860828,0.4722432499999627,4.798534999999902,0.46191316700003426,25.438822746276855,773.125,773.125,0.0,0.009011999999984255,0.009534999999971205,0.11613241700001709,0.005847416999984034,0.011154417000000194,0.0003458329999830312,,,,,,,,,,,,,,,,,
0.25,7,45260513,5000,3,3,1505,12018,0.00048072,0.02273908299997629,0.005724999999983993,2012,0.4024,0.903,5.0,1572.2415184000001,0.31444830368000004,0.9433449110400001,0.11097779555911182,3.6e-07,4e-08,sparse,Random sampling,random_sampling,0.652,0.0009664916530414584,0.0021416521597295416,0.017243333000010352,0.10417941599996539,0.00011845799997445283,0.0737417500000106,0.17804433300000255,1.428571428571427,1.3750781835349968,0.20650370699991072,2.047968999999739,0.19619725000001154,1.9985017776489258,773.125,773.13671875,0.01171875,,,,,,,0.0013417920000051708,0.10281629100001055,7503.0,5230.0,0.7,8351.0,,,,,,,,,,,
0.25,7,45260513,5000,3,3,1505,12018,0.00048072,0.02273908299997629,0.005724999999983993,2012,0.4024,0.903,5.0,1572.2415184000001,0.31444830368000004,0.9433449110400001,0.11097779555911182,3.6e-07,4e-08,sparse,CountSketch random projection,countsketch_random_projection,0.6458,0.0006599843003388707,0.001314320638012424,0.01734158399995067,0.15204316599999856,0.00028891599998814854,0.24286274999997204,0.3951995840000109,0.9961216093070961,0.995197644687877,0.42365891499991903,4.268100000000231,0.4134976250000477,19.299448013305664,773.13671875,779.35546875,6.21875,,,,,,,,,,,,,0.0006009169999856567,163.0,16.0,49.0,0.0,0.0005886659999987387,0.015386040999999295,0.11572224999997616,0.005267041000024619,0.014186374999951568,0.00024183299996138885
0.25,8,45260514,5000,3,3,1578,12510,0.0005004,0.024517415999980585,0.005946791999974721,1956,0.3912,0.9468,7.0,1572.2415184000001,0.31444830368000004,0.9433449110400001,0.11097779555911182,3.6e-07,4e-08,sparse,Non-random,non_random,0.6528,0.00030307561853972273,0.0006628945177311655,0.017079292000005353,0.31302216699998553,0.00011325000002671004,0.08155516699997634,0.3946962910000025,1.0000000000000016,0.9968399274974544,0.4251547919999439,4.200546999999915,0.4126921249999782,1.887822151184082,779.35546875,779.35546875,0.0,,,,,,,,,,,,,,,,,,,,,,,
0.25,8,45260514,5000,3,3,1578,12510,0.0005004,0.024517415999980585,0.005946791999974721,1956,0.3912,0.9468,7.0,1572.2415184000001,0.31444830368000004,0.9433449110400001,0.11097779555911182,3.6e-07,4e-08,sparse,Gaussian random projection,gaussian_random_projection,0.6538,0.0006285192250505808,0.0010809391456031573,0.017736375000026783,0.15109229199998708,0.0004107920000251397,0.2703387090000433,0.4218473750000271,0.9943736923933174,0.9938864434790853,0.45230600100001084,4.508936999999605,0.4405371670000022,25.444453239440918,779.35546875,779.3671875,0.01171875,0.009127374999991389,0.008826042000009693,0.11412354199995889,0.0053473750000421205,0.013253332999966005,0.0003522079999811467,,,,,,,,,,,,,,,,,
0.25,8,45260514,5000,3,3,1578,12510,0.0005004,0.024517415999980585,0.005946791999974721,1956,0.3912,0.9468,7.0,1572.2415184000001,0.31444830368000004,0.9433449110400001,0.11097779555911182,3.6e-07,4e-08,sparse,Random sampling,random_sampling,0.656,0.0001064556701589126,0.0005197618229123463,0.017006665999986126,0.19472416700000394,0.0001747499999851243,0.05189741699996375,0.246806332999995,1.4285714285714293,1.3785400002804304,0.27726054199990813,2.6424159999996846,0.2647339580000221,2.00917911529541,779.3671875,779.3671875,0.0,,,,,,,0.00136074999994662,0.19333966700003202,7777.0,5468.0,0.7,8792.0,,,,,,,,,,,
0.25,8,45260514,5000,3,3,1578,12510,0.0005004,0.024517415999980585,0.005946791999974721,1956,0.3912,0.9468,7.0,1572.2415184000001,0.31444830368000004,0.9433449110400001,0.11097779555911182,3.6e-07,4e-08,sparse,CountSketch random projection,countsketch_random_projection,0.6552,2.365220409230744e-05,0.00045091974343585225,0.01720504100001108,0.14750804100003734,0.0002698330000043825,0.23637370800003055,0.3841562080000358,0.9958247563128135,0.9943394135232423,0.4146157900000276,4.186686999999893,0.40229804099999456,19.305078506469727,779.3671875,779.3671875,0.0,,,,,,,,,,,,,0.0005986250000091786,163.0,14.0,50.0,0.0,0.0005827919999887854,0.007775665999986359,0.11563562500003854,0.005228416000022662,0.01732883300002186,0.00030487500004028334
0.25,9,45260515,5000,3,3,1507,12005,0.0004802,0.022590125000022,0.005712957999946866,2035,0.407,0.9042,5.0,1572.2415184000001,0.31444830368000004,0.9433449110400001,0.11097779555911182,3.6e-07,4e-08,sparse,Non-random,non_random,0.6486,0.0006258554901473754,0.001017774475920615,0.01747945800002526,0.6284607919999985,0.0001429579999694397,0.0833365830000048,0.711946791999992,1.000000000000001,0.9968229365459216,0.7402434159999416,7.400056999999833,0.730333499999972,1.8820428848266602,779.3671875,779.3671875,0.0,,,,,,,,,,,,,,,,,,,,,,,
0.25,9,45260515,5000,3,3,1507,12005,0.0004802,0.022590125000022,0.005712957999946866,2035,0.407,0.9042,5.0,1572.2415184000001,0.31444830368000004,0.9433449110400001,0.11097779555911182,3.6e-07,4e-08,sparse,Gaussian random projection,gaussian_random_projection,0.653,0.0003490000619784177,0.0006411518926262631,0.018207375000031334,0.1539109579999831,0.0002624169999876358,0.25775916700001744,0.4119370409999874,0.9960986901689245,0.9954822809961394,0.44023562499995705,3.599707999999737,0.43110091699998065,25.438673973083496,779.3671875,779.3671875,0.0,0.00941245799998569,0.00879429099995832,0.1175811669999689,0.005770665999989433,0.012120416000016121,0.00019445899999936955,,,,,,,,,,,,,,,,,
0.25,9,45260515,5000,3,3,1507,12005,0.0004802,0.022590125000022,0.005712957999946866,2035,0.407,0.9042,5.0,1572.2415184000001,0.31444830368000004,0.9433449110400001,0.11097779555911182,3.6e-07,4e-08,sparse,Random sampling,random_sampling,0.6588,1.2483153477298757e-07,0.00033858192625918856,0.017188208999982635,0.15430850000001328,0.00022129199999199045,0.05122399999999061,0.205758875000015,1.4285714285714313,1.3904023615555292,0.23405687499996475,2.3429409999998825,0.22391058399995245,1.9994745254516602,779.3671875,779.3671875,0.0,,,,,,,0.0013536249999788197,0.15293241699998816,7485.0,5244.0,0.7,8449.0,,,,,,,,,,,
0.25,9,45260515,5000,3,3,1507,12005,0.0004802,0.022590125000022,0.005712957999946866,2035,0.407,0.9042,5.0,1572.2415184000001,0.31444830368000004,0.9433449110400001,0.11097779555911182,3.6e-07,4e-08,sparse,CountSketch random projection,countsketch_random_projection,0.6546,0.0003484742018034594,0.00095525141010025,0.017262667000011334,0.1474310419999938,0.000272125000037704,0.22809170900001163,0.3757995420000384,0.9959402783850229,0.9953338139288613,0.404097959000012,4.031238999999914,0.3939900000000307,19.299299240112305,779.3671875,779.3671875,0.0,,,,,,,,,,,,,0.0005964580000181741,163.0,19.0,43.0,0.0,0.0005698749999965003,0.008235000000013315,0.11434566700000914,0.006016416999955254,0.01740833400003794,0.0002108329999828129
0.25,10,45260516,5000,3,3,1596,12648,0.00050592,0.02372374999998783,0.005974209000044084,1924,0.3848,0.9576,7.0,1572.2415184000001,0.31444830368000004,0.9433449110400001,0.11097779555911182,3.6e-07,4e-08,sparse,Non-random,non_random,0.6574,-6.153119285627598e-05,0.0003538772509088758,0.017150916999980836,0.5536816249999674,0.00011562499997808118,0.08173695900001121,0.6355409579999787,0.9999999999999968,0.9958891769376518,0.6652321679999886,6.546333999999661,0.6536665830000175,1.8894014358520508,779.3671875,779.3671875,0.0,,,,,,,,,,,,,,,,,,,,,,,
0.25,10,45260516,5000,3,3,1596,12648,0.00050592,0.02372374999998783,0.005974209000044084,1924,0.3848,0.9576,7.0,1572.2415184000001,0.31444830368000004,0.9433449110400001,0.11097779555911182,3.6e-07,4e-08,sparse,Gaussian random projection,gaussian_random_projection,0.6604,-6.448682000855552e-08,0.00039738037341801983,0.01690000000002101,0.15112062500003276,0.00041704099999151367,0.24627658299999666,0.3978208749999794,0.9949676101109144,0.9944596700723387,0.42751220800005285,4.197299999999814,0.4156821250000462,25.446032524108887,779.3671875,779.37890625,0.01171875,0.009219374999986485,0.009429291999992984,0.11556770799995775,0.00520449999999073,0.011429792000001271,0.00021275000000287037,,,,,,,,,,,,,,,,,
0.25,10,45260516,5000,3,3,1596,12648,0.00050592,0.02372374999998783,0.005974209000044084,1924,0.3848,0.9576,7.0,1572.2415184000001,0.31444830368000004,0.9433449110400001,0.11097779555911182,3.6e-07,4e-08,sparse,Random sampling,random_sampling,0.6466,0.0005696131577444355,0.0008941100612554653,0.01721554099998457,0.21981029200003377,0.00013287499996295082,0.07003174999999828,0.28997929100000874,1.4285714285714295,1.3661230965930555,0.3196728760000269,3.190215999999964,0.3081651669999701,2.010666847229004,779.37890625,779.37890625,0.0,,,,,,,0.001380458000028284,0.21840895899998714,7862.0,5484.0,0.7,8784.0,,,,,,,,,,,
0.25,10,45260516,5000,3,3,1596,12648,0.00050592,0.02372374999998783,0.005974209000044084,1924,0.3848,0.9576,7.0,1572.2415184000001,0.31444830368000004,0.9433449110400001,0.11097779555911182,3.6e-07,4e-08,sparse,CountSketch random projection,countsketch_random_projection,0.651,0.0003648780000782965,0.0007173150105086236,0.017643708000036895,0.1486792499999865,0.00027629099997739104,0.28688966699996854,0.4358503340000084,0.9950511419990248,0.9946454911439456,0.46554316699996434,4.728553999999804,0.45442608400003337,19.306657791137695,779.37890625,779.37890625,0.0,,,,,,,,,,,,,0.0006022910000069714,163.0,19.0,46.0,0.0,0.0005727500000034524,0.007723417000022437,0.11678262499998482,0.005504416999997375,0.017225124999981745,0.000219791000006353
0.5,1,70260507,5000,3,3,3109,22873,0.00091492,0.04723045800000136,0.008846167000001515,771,0.1542,1.8654,9.0,3144.4830368000003,0.6288966073600001,1.8866898220800001,0.11097779555911182,7.2e-07,8e-08,sparse,Non-random,non_random,0.6596,9.132094221239606e-06,0.0006052331717311377,0.016968958999996175,0.15087016699999367,0.00012316700002656944,0.1272819999999797,0.2782812909999848,0.9999999999999998,0.9695105136661072,0.3343519590000028,3.0190440000001217,0.29629750000003696,2.0064172744750977,779.4921875,779.4921875,0.0,,,,,,,,,,,,,,,,,,,,,,,
0.5,1,70260507,5000,3,3,3109,22873,0.00091492,0.04723045800000136,0.008846167000001515,771,0.1542,1.8654,9.0,3144.4830368000003,0.6288966073600001,1.8866898220800001,0.11097779555911182,7.2e-07,8e-08,sparse,Gaussian random projection,gaussian_random_projection,0.6512,0.0009752802471398586,0.0012397539144133989,0.01749116700000286,0.14992604099995788,0.00025195799997845825,0.28697970899997927,0.4371624579999889,0.9876353811452504,0.9842171827758915,0.4932343329999185,4.697733000000426,0.45569508300002326,25.563048362731934,779.4921875,779.4921875,0.0,0.009290707999980441,0.015182499999980337,0.10743499999995265,0.00531720900005439,0.012463707999984308,0.00020058399996969456,,,,,,,,,,,,,,,,,
0.5,1,70260507,5000,3,3,3109,22873,0.00091492,0.04723045800000136,0.008846167000001515,771,0.1542,1.8654,9.0,3144.4830368000003,0.6288966073600001,1.8866898220800001,0.11097779555911182,7.2e-07,8e-08,sparse,Random sampling,random_sampling,0.6602,-0.00011053249848258003,0.0003033077511845653,0.01709533400003238,0.20004337499995017,0.00016858300000421877,0.09532620799996039,0.29554275000003827,1.303139292214334,1.2884468004050171,0.35161479099991766,3.278270000000248,0.31363125000001446,2.2104806900024414,779.4921875,779.5,0.0078125,,,,,,,0.0017944159999956355,0.19822595799996634,13551.0,9506.0,0.7,16019.0,,,,,,,,,,,
0.5,1,70260507,5000,3,3,3109,22873,0.00091492,0.04723045800000136,0.008846167000001515,771,0.1542,1.8654,9.0,3144.4830368000003,0.6288966073600001,1.8866898220800001,0.11097779555911182,7.2e-07,8e-08,sparse,CountSketch random projection,countsketch_random_projection,0.659,-0.00022505118638546946,0.0001680916570468511,0.017564957999979924,0.14666712499996493,0.0002609169999914229,0.28321779199995945,0.4301504579999573,0.9869672139860883,0.9837377502945539,0.48622245899991867,4.672472999999627,0.44871520799995324,19.423673629760742,779.5,779.5,0.0,,,,,,,,,,,,,0.0006030419999660808,163.0,16.0,44.0,0.0,0.0006466250000016771,0.012065208000024086,0.11431366699997625,0.005314542000007805,0.013410250000049473,0.00026800000000548607
0.5,2,70260508,5000,3,3,3188,23361,0.00093444,0.04730125000003227,0.009093709000012495,755,0.151,1.9128,9.0,3144.4830368000003,0.6288966073600001,1.8866898220800001,0.11097779555911182,7.2e-07,8e-08,sparse,Non-random,non_random,0.6604,-2.3114556645248954e-05,0.0003392413943353107,0.01697550000000092,0.3216384589999848,0.00011504100001502593,0.060284041999977944,0.38204337499996655,1.0000000000000009,0.9999999999997986,0.4384325010000225,4.139573999999357,0.4000685000000317,2.0120019912719727,779.5390625,779.5390625,0.0,,,,,,,,,,,,,,,,,,,,,,,
0.5,2,70260508,5000,3,3,3188,23361,0.00093444,0.04730125000003227,0.009093709000012495,755,0.151,1.9128,9.0,3144.4830368000003,0.6288966073600001,1.8866898220800001,0.11097779555911182,7.2e-07,8e-08,sparse,Gaussian random projection,gaussian_random_projection,0.6506,0.0006451332617609001,0.0009969064672337938,0.01787020799997663,0.1811481249999929,0.0002795830000081878,0.2189924169999813,0.4004254590000187,0.9851507223687415,0.9815508143567819,0.4568150840000271,3.833647000000383,0.41928554200001145,25.56863307952881,779.5390625,785.7578125,6.21875,0.009389041999952497,0.029145500000026914,0.12492925000003652,0.007533458000011706,0.009893208999983472,0.0002119170000014492,,,,,,,,,,,,,,,,,
0.5,2,70260508,5000,3,3,3188,23361,0.00093444,0.04730125000003227,0.009093709000012495,755,0.151,1.9128,9.0,3144.4830368000003,0.6288966073600001,1.8866898220800001,0.11097779555911182,7.2e-07,8e-08,sparse,Random sampling,random_sampling,0.6634,-0.00012379663796910101,0.00012297552999196144,0.017126292000000376,0.1427036250000242,0.0001125000000001819,0.06404283300003044,0.20686354199995094,1.4285714285714308,1.3009765750299247,0.2632539170000996,2.1321790000001783,0.22505391599997893,2.219761848449707,785.7578125,785.7578125,0.0,,,,,,,0.0018828749999784122,0.1407982919999995,13803.0,9651.0,0.7,16342.0,,,,,,,,,,,
0.5,2,70260508,5000,3,3,3188,23361,0.00093444,0.04730125000003227,0.009093709000012495,755,0.151,1.9128,9.0,3144.4830368000003,0.6288966073600001,1.8866898220800001,0.11097779555911182,7.2e-07,8e-08,sparse,CountSketch random projection,countsketch_random_projection,0.6556,-2.673582955520977e-05,0.0003616912130146654,0.017462625000007392,0.1546522080000159,0.00038154200001372374,0.17950420900001518,0.3345436669999913,0.9853318360030806,0.9829485630165995,0.39093291800008956,3.59022399999958,0.35303799999996954,19.429258346557617,785.7578125,785.7578125,0.0,,,,,,,,,,,,,0.0006077919999825099,163.0,17.0,47.0,0.0,0.0006592500000124346,0.01392095800002835,0.1182819580000114,0.006157792000010431,0.014736709000032988,0.00021920899996530352
0.5,3,70260509,5000,3,3,3136,23079,0.00092316,0.0464432919999922,0.008897416999957386,731,0.1462,1.8816,8.0,3144.4830368000003,0.6288966073600001,1.8866898220800001,0.11097779555911182,7.2e-07,8e-08,sparse,Non-random,non_random,0.6588,2.405201683435896e-05,0.000725384040521072,0.01715716699999348,0.1317025830000489,0.00013316600001189727,0.07789487499996994,0.2097377089999668,0.9999999999999999,0.9852689766580123,0.2650713329999803,2.335925999999745,0.22794041700001344,2.008774757385254,785.82421875,785.82421875,0.0,,,,,,,,,,,,,,,,,,,,,,,
0.5,3,70260509,5000,3,3,3136,23079,0.00092316,0.0464432919999922,0.008897416999957386,731,0.1462,1.8816,8.0,3144.4830368000003,0.6288966073600001,1.8866898220800001,0.11097779555911182,7.2e-07,8e-08,sparse,Gaussian random projection,gaussian_random_projection,0.6566,0.0002957986929452176,0.0006259018205994353,0.017305958999997983,0.1574819580000053,0.0002516659999969306,0.32957841699999335,0.48731679200000144,0.9865398173817064,0.9852618204510508,0.5426527499999452,5.1718229999996765,0.5056680829999891,25.56540584564209,785.82421875,785.82421875,0.0,0.00913279200000261,0.01478279200000543,0.11616462500001035,0.006074500000011085,0.01108116699998618,0.0002096250000249711,,,,,,,,,,,,,,,,,
0.5,3,70260509,5000,3,3,3136,23079,0.00092316,0.0464432919999922,0.008897416999957386,731,0.1462,1.8816,8.0,3144.4830368000003,0.6288966073600001,1.8866898220800001,0.11097779555911182,7.2e-07,8e-08,sparse,Random sampling,random_sampling,0.6604,-8.256631251013083e-05,0.0003299798679073734,0.017152083000041785,0.14983200000000352,0.0001278330000218375,0.05303125000000364,0.20299554100000705,1.4285714285714315,1.3009765750327615,0.2583317919999786,2.225518000000193,0.22117762500005256,2.2154130935668945,785.82421875,785.82421875,0.0,,,,,,,0.0018080830000144488,0.14799899999997024,13674.0,9660.0,0.7,16244.0,,,,,,,,,,,
0.5,3,70260509,5000,3,3,3136,23079,0.00092316,0.0464432919999922,0.008897416999957386,731,0.1462,1.8816,8.0,3144.4830368000003,0.6288966073600001,1.8866898220800001,0.11097779555911182,7.2e-07,8e-08,sparse,CountSketch random projection,countsketch_random_projection,0.6518,0.0008553415648987005,0.001369196929375546,0.0172655829999826,0.15463270800000828,0.00025287500000104046,0.25821358399997507,0.41310366699997303,0.9870359539573643,0.9833744192115533,0.468439875999934,4.444360999999844,0.431371084000034,19.4260311126709,785.82421875,785.82421875,0.0,,,,,,,,,,,,,0.0005944590000126482,163.0,18.0,46.0,0.0,0.0006542910000462143,0.013817332999963128,0.11781233300001759,0.005700917000012851,0.0158007499999826,0.00020741599996654259
0.5,4,70260510,5000,3,3,3121,22928,0.00091712,0.04537629200001447,0.008938000000000557,784,0.1568,1.8726,8.0,3144.4830368000003,0.6288966073600001,1.8866898220800001,0.11097779555911182,7.2e-07,8e-08,sparse,Non-random,non_random,0.6524,0.0005488584197770584,0.0015121828664330064,0.01735012500000721,0.21718008300001657,0.0001442920000158665,0.10144237500003328,0.3187741659999688,0.9999999999999991,0.9705462579924097,0.37308104200008074,3.4548600000007355,0.33723291699999436,2.007046699523926,785.91015625,785.91015625,0.0,,,,,,,,,,,,,,,,,,,,,,,
0.5,4,70260510,5000,3,3,3121,22928,0.00091712,0.04537629200001447,0.008938000000000557,784,0.1568,1.8726,8.0,3144.4830368000003,0.6288966073600001,1.8866898220800001,0.11097779555911182,7.2e-07,8e-08,sparse,Gaussian random projection,gaussian_random_projection,0.653,0.0007646614930005295,0.0011485519527365436,0.017406916999959776,0.15268729200005282,0.00025641700000278433,0.3316631669999879,0.4846124169999939,0.9847278894762568,0.9828597113845274,0.5389211680000585,5.179155999999239,0.5030728749999867,25.56367778778076,785.91015625,785.91015625,0.0,0.009161084000027131,0.014501291999977184,0.11185766600004854,0.0054662910000047304,0.011452874999974938,0.00020483399998738605,,,,,,,,,,,,,,,,,
0.5,4,70260510,5000,3,3,3121,22928,0.00091712,0.04537629200001447,0.008938000000000557,784,0.1568,1.8726,8.0,3144.4830368000003,0.6288966073600001,1.8866898220800001,0.11097779555911182,7.2e-07,8e-08,sparse,Random sampling,random_sampling,0.661,-1.861098160942747e-05,0.00040184661522303064,0.017116666999982044,0.1550678749999861,0.00012554099998851598,0.07269254099998079,0.22789054200001146,1.3333522724450393,1.3009765750323732,0.2822002489999704,2.487250000000131,0.2460634999999911,2.210263252258301,785.91015625,785.9140625,0.00390625,,,,,,,0.0017830840000101489,0.15326212500002612,13572.0,9444.0,0.7,15945.0,,,,,,,,,,,
0.5,4,70260510,5000,3,3,3121,22928,0.00091712,0.04537629200001447,0.008938000000000557,784,0.1568,1.8726,8.0,3144.4830368000003,0.6288966073600001,1.8866898220800001,0.11097779555911182,7.2e-07,8e-08,sparse,CountSketch random projection,countsketch_random_projection,0.6484,0.0012243073035277216,0.0013571812454556734,0.017237666999960766,0.14963708299995915,0.00025166700004319864,0.21466916700001093,0.3645627500000046,0.9838117096375995,0.981131330744778,0.4188722090000283,3.922262999999475,0.3828019579999591,19.42430305480957,785.9140625,785.9140625,0.0,,,,,,,,,,,,,0.0005988749999801257,163.0,16.0,45.0,0.0,0.0006573329999923772,0.012416583999993236,0.11358095800000001,0.005979249999995773,0.01614762500003053,0.00021225000000413274
0.5,5,70260511,5000,3,3,3143,23083,0.00092332,0.05043100000000322,0.008981124999991152,767,0.1534,1.8858,8.0,3144.4830368000003,0.6288966073600001,1.8866898220800001,0.11097779555911182,7.2e-07,8e-08,sparse,Non-random,non_random,0.6596,1.4779128256744752e-05,0.0003961628252835986,0.017972542000052272,0.2183583749999798,0.00011695799997823997,0.06048858299999438,0.27896966600002315,0.9999999999999978,0.9755307288541348,0.3383760409999468,2.8906099999994694,0.2979536670000016,2.0088205337524414,785.95703125,785.95703125,0.0,,,,,,,,,,,,,,,,,,,,,,,
0.5,5,70260511,5000,3,3,3143,23083,0.00092332,0.05043100000000322,0.008981124999991152,767,0.1534,1.8858,8.0,3144.4830368000003,0.6288966073600001,1.8866898220800001,0.11097779555911182,7.2e-07,8e-08,sparse,Gaussian random projection,gaussian_random_projection,0.651,0.00017628468124446646,0.000510798442573988,0.01766008299995292,0.1605317080000077,0.0002628330000220558,0.20477891699999873,0.3655781659999775,0.9872131495088412,0.9827821921682056,0.42498558300002287,3.9175390000000334,0.384261916000014,25.565451622009277,785.95703125,785.95703125,0.0,0.009600292000015997,0.018683083999974315,0.11505133399998613,0.005703166000046167,0.011232415999984369,0.00020908300001565294,,,,,,,,,,,,,,,,,
0.5,5,70260511,5000,3,3,3143,23083,0.00092332,0.05043100000000322,0.008981124999991152,767,0.1534,1.8858,8.0,3144.4830368000003,0.6288966073600001,1.8866898220800001,0.11097779555911182,7.2e-07,8e-08,sparse,Random sampling,random_sampling,0.6614,-2.6900327349756402e-05,0.002145710882791142,0.016976249999970605,0.21015104200000678,0.00011695800003508339,0.06222720800002435,0.2725000419999901,1.3342560646689705,1.293701487870879,0.3319073330000606,2.261555000000044,0.2905591250000157,2.2142457962036133,785.95703125,785.95703125,0.0,,,,,,,0.0018490420000034646,0.20828008399996634,13658.0,9542.0,0.7,16138.0,,,,,,,,,,,
0.5,5,70260511,5000,3,3,3143,23083,0.00092332,0.05043100000000322,0.008981124999991152,767,0.1534,1.8858,8.0,3144.4830368000003,0.6288966073600001,1.8866898220800001,0.11097779555911182,7.2e-07,8e-08,sparse,CountSketch random projection,countsketch_random_projection,0.655,0.0005456624235649192,0.0008138989133393204,0.021004915999981222,0.15124241600000232,0.000261292000004687,0.28153712499999983,0.43304562500003385,0.9850021797577079,0.9833521361077281,0.4924529580000012,4.54038700000001,0.4550959999999691,19.426076889038086,785.95703125,785.95703125,0.0,,,,,,,,,,,,,0.0006187500000010004,163.0,17.0,50.0,0.0,0.0006696670000110316,0.012045124999986001,0.11548870799998667,0.005963708000024326,0.01609262499999886,0.00031799999999293505
0.5,6,70260512,5000,3,3,3173,23298,0.00093192,0.04696424999997362,0.009035165999989658,736,0.1472,1.9038,8.0,3144.4830368000003,0.6288966073600001,1.8866898220800001,0.11097779555911182,7.2e-07,8e-08,sparse,Non-random,non_random,0.6554,0.00021363768749299117,0.001147004383947896,0.017445792000046367,0.21252049999998235,0.00011570800000981762,0.08959562499995855,0.30223791700001357,1.0000000000000002,0.9813989468352153,0.358231248999914,3.275959999999941,0.3206890419999695,2.0112810134887695,785.95703125,785.95703125,0.0,,,,,,,,,,,,,,,,,,,,,,,
0.5,6,70260512,5000,3,3,3173,23298,0.00093192,0.04696424999997362,0.009035165999989658,736,0.1472,1.9038,8.0,3144.4830368000003,0.6288966073600001,1.8866898220800001,0.11097779555911182,7.2e-07,8e-08,sparse,Gaussian random projection,gaussian_random_projection,0.6542,0.00011674573788352801,0.0005404150639121424,0.017559624999989865,0.15649829199998067,0.0003679579999698035,0.2844976660000498,0.4413696670000036,0.9878554493989282,0.9847532333513728,0.4973633319999635,4.8034209999996165,0.45994383299995434,25.567912101745605,785.95703125,785.95703125,0.0,0.009200624999948559,0.02108349999997472,0.11193612499999972,0.005356625000047188,0.008659541000042736,0.00020158300003458862,,,,,,,,,,,,,,,,,
0.5,6,70260512,5000,3,3,3173,23298,0.00093192,0.04696424999997362,0.009035165999989658,736,0.1472,1.9038,8.0,3144.4830368000003,0.6288966073600001,1.8866898220800001,0.11097779555911182,7.2e-07,8e-08,sparse,Random sampling,random_sampling,0.6392,0.0036051594097707387,0.0031561136205190917,0.01722837500000196,0.10834616699997923,0.00011358399996197477,0.08658945799999174,0.19505345800001805,1.428571428571433,1.3443080312529019,0.2510486249998962,2.233018999999331,0.21327479199999289,2.2165918350219727,785.95703125,785.95703125,0.0,,,,,,,0.0018135000000256696,0.10651095800000121,13781.0,9543.0,0.7,16128.0,,,,,,,,,,,
0.5,6,70260512,5000,3,3,3173,23298,0.00093192,0.04696424999997362,0.009035165999989658,736,0.1472,1.9038,8.0,3144.4830368000003,0.6288966073600001,1.8866898220800001,0.11097779555911182,7.2e-07,8e-08,sparse,CountSketch random projection,countsketch_random_projection,0.6222,0.004063919224062456,0.0041256043971352775,0.017310457999997197,0.14945820799999865,0.00038095899998324967,0.2803760420000003,0.4302227080000307,0.98851793915362,0.9855466400465615,0.4862146249999455,4.592784999999822,0.44852579100000867,19.428537368774414,785.95703125,785.95703125,0.0,,,,,,,,,,,,,0.0005965830000036476,163.0,16.0,51.0,0.0,0.0006434590000026219,0.012891916999990372,0.11619966599999998,0.005499250000013944,0.013349666999999954,0.00021895800000493182
0.5,7,70260513,5000,3,3,3215,23564,0.00094256,0.047954749999973956,0.012305790999960209,720,0.144,1.929,9.0,3144.4830368000003,0.6288966073600001,1.8866898220800001,0.11097779555911182,7.2e-07,8e-08,sparse,Non-random,non_random,0.617,0.006972587765320836,0.007236370949556864,0.016910666999990553,0.2185059589999696,0.00011754199999813864,0.1771267499999567,0.39575658300003624,1.0000000000000002,0.9605185771456982,0.4560107919998586,4.237278999999944,0.4137054159999707,2.0143251419067383,786.15625,786.15625,0.0,,,,,,,,,,,,,,,,,,,,,,,
0.5,7,70260513,5000,3,3,3215,23564,0.00094256,0.047954749999973956,0.012305790999960209,720,0.144,1.929,9.0,3144.4830368000003,0.6288966073600001,1.8866898220800001,0.11097779555911182,7.2e-07,8e-08,sparse,Gaussian random projection,gaussian_random_projection,0.6502,0.0010815484622390533,0.001187575307723036,0.017385959000023377,0.14858424999999897,0.00026008300000057716,0.24681862500000307,0.3956682090000072,0.9885593172241768,0.9855605075381993,0.4559234989999368,4.282554000000346,0.41415304200000946,25.570956230163574,786.15625,786.15625,0.0,0.009278666999989582,0.014571458000034454,0.10561033300001554,0.005925833000048897,0.012914708000039354,0.00024175000004333924,,,,,,,,,,,,,,,,,
0.5,7,70260513,5000,3,3,3215,23564,0.00094256,0.047954749999973956,0.012305790999960209,720,0.144,1.929,9.0,3144.4830368000003,0.6288966073600001,1.8866898220800001,0.11097779555911182,7.2e-07,8e-08,sparse,Random sampling,random_sampling,0.6578,-5.524214701453227e-05,0.0004560029443441473,0.017127166000022953,0.15263920899997174,0.00012508300000035888,0.05076141600000028,0.2035304579999888,1.4285714285714286,1.3009765750327982,0.26378624899990655,2.326398000000154,0.22171154099999058,2.2228288650512695,786.15625,786.15625,0.0,,,,,,,0.0018572910000216325,0.15076104100000975,13922.0,9678.0,0.7,16407.0,,,,,,,,,,,
0.5,7,70260513,5000,3,3,3215,23564,0.00094256,0.047954749999973956,0.012305790999960209,720,0.144,1.929,9.0,3144.4830368000003,0.6288966073600001,1.8866898220800001,0.11097779555911182,7.2e-07,8e-08,sparse,CountSketch random projection,countsketch_random_projection,0.6364,0.0019274916291655549,0.002091733875699303,0.019627458000002207,0.1653509169999552,0.00026570799997216454,0.22871741700004122,0.3943397919999825,0.9889980889761147,0.9865745542627933,0.45459458299990274,4.184462999999596,0.41500987500000974,19.431581497192383,786.15625,786.15625,0.0,,,,,,,,,,,,,0.0006038330000137648,163.0,17.0,45.0,0.0,0.0006751250000434084,0.014136500000006436,0.12934104199996455,0.006243833000041832,0.014094499999998789,0.0002028750000135915
0.5,8,70260514,5000,3,3,3113,22869,0.00091476,0.04611550000004172,0.008716125000034936,795,0.159,1.8678,9.0,3144.4830368000003,0.6288966073600001,1.8866898220800001,0.11097779555911182,7.2e-07,8e-08,sparse,Non-random,non_random,0.6556,0.0001738735598612146,0.0008056131332223847,0.01707666700002619,0.15229687499999045,0.00011975000001029912,0.0668982079999978,0.21932116599998608,0.9999999999999993,0.977088241233321,0.2741464580000752,2.4947900000006484,0.23741658300002655,2.00637149810791,786.15625,786.15625,0.0,,,,,,,,,,,,,,,,,,,,,,,
0.5,8,70260514,5000,3,3,3113,22869,0.00091476,0.04611550000004172,0.008716125000034936,795,0.159,1.8678,9.0,3144.4830368000003,0.6288966073600001,1.8866898220800001,0.11097779555911182,7.2e-07,8e-08,sparse,Gaussian random projection,gaussian_random_projection,0.6446,0.0011395276426899032,0.0013844205267585885,0.017393249999997806,0.15889829199994665,0.0003730420000351842,0.22057891700001164,0.3798562079999783,0.9858018621779862,0.9821800648411608,0.43468187600007013,4.159056000000419,0.39827483400000574,25.563002586364746,786.15625,786.15625,0.0,0.012043916999971316,0.015281082999990758,0.11588012500004652,0.006227125000009437,0.009190042000000176,0.0002130829999487105,,,,,,,,,,,,,,,,,
0.5,8,70260514,5000,3,3,3113,22869,0.00091476,0.04611550000004172,0.008716125000034936,795,0.159,1.8678,9.0,3144.4830368000003,0.6288966073600001,1.8866898220800001,0.11097779555911182,7.2e-07,8e-08,sparse,Random sampling,random_sampling,0.6582,0.00020016029050743615,0.0006077262652454131,0.017411250000009204,0.1763267079999764,0.00011066600001186089,0.07475549999998066,0.25119766599999593,1.4285714285714277,1.3021056691553181,0.3060244990000456,2.828725000000304,0.2696218750000412,2.2105493545532227,786.15625,786.15625,0.0,,,,,,,0.002076250000015989,0.17422829200000933,13537.0,9490.0,0.7,16029.0,,,,,,,,,,,
0.5,8,70260514,5000,3,3,3113,22869,0.00091476,0.04611550000004172,0.008716125000034936,795,0.159,1.8678,9.0,3144.4830368000003,0.6288966073600001,1.8866898220800001,0.11097779555911182,7.2e-07,8e-08,sparse,CountSketch random projection,countsketch_random_projection,0.6568,0.0005291328626294315,0.000900809375178998,0.01756816599998956,0.15433533299994906,0.0002732919999743899,0.26029258299996627,0.41490595900000926,0.9882958067571004,0.984121661107011,0.4697328329999664,4.47407099999964,0.4335389160000318,19.423627853393555,786.15625,786.15625,0.0,,,,,,,,,,,,,0.0006382079999980306,163.0,19.0,45.0,0.0,0.0006796249999752035,0.01956995900002312,0.11507824999995364,0.006004875000030552,0.012066208000021561,0.00024541599998428865
0.5,9,70260515,5000,3,3,3081,22691,0.00090764,0.04552545900003224,0.008741082999961236,789,0.1578,1.8486,8.0,3144.4830368000003,0.6288966073600001,1.8866898220800001,0.11097779555911182,7.2e-07,8e-08,sparse,Non-random,non_random,0.6568,0.0001987178682321876,0.0008197909143668222,0.016929166999943845,0.21677074999996648,0.00012358300000414602,0.10185820900005638,0.3187589590000357,0.9999999999999982,0.9698799279812621,0.3730190840000205,3.4549419999993916,0.33671274999994694,2.0043344497680664,786.15625,786.15625,0.0,,,,,,,,,,,,,,,,,,,,,,,
0.5,9,70260515,5000,3,3,3081,22691,0.00090764,0.04552545900003224,0.008741082999961236,789,0.1578,1.8486,8.0,3144.4830368000003,0.6288966073600001,1.8866898220800001,0.11097779555911182,7.2e-07,8e-08,sparse,Gaussian random projection,gaussian_random_projection,0.646,0.0006257986643105948,0.0009153369386351188,0.018383917000051042,0.15170183299994733,0.0003785410000318734,0.2255926670000008,0.37767891699991196,0.9856470128539957,0.9812738752669387,0.4319395829999735,4.125143999999636,0.3970503750000489,25.560965538024902,786.15625,786.15625,0.0,0.009142583999960152,0.015193666999948618,0.10946383299994977,0.005792250000013155,0.011832334000018818,0.00022124999998140993,,,,,,,,,,,,,,,,,
0.5,9,70260515,5000,3,3,3081,22691,0.00090764,0.04552545900003224,0.008741082999961236,789,0.1578,1.8486,8.0,3144.4830368000003,0.6288966073600001,1.8866898220800001,0.11097779555911182,7.2e-07,8e-08,sparse,Random sampling,random_sampling,0.6618,1.6146329552386967e-05,0.0003672349796931971,0.01713270800007649,0.17549145800001043,0.0001530839999759337,0.05719220799994673,0.23284162499999184,1.428571428571428,1.3040365445562176,0.28710329199992657,2.6364999999996144,0.2510728330000802,2.2059144973754883,786.15625,786.171875,0.015625,,,,,,,0.0017968749999681677,0.17367154199996548,13451.0,9359.0,0.7,15802.0,,,,,,,,,,,
0.5,9,70260515,5000,3,3,3081,22691,0.00090764,0.04552545900003224,0.008741082999961236,789,0.1578,1.8486,8.0,3144.4830368000003,0.6288966073600001,1.8866898220800001,0.11097779555911182,7.2e-07,8e-08,sparse,CountSketch random projection,countsketch_random_projection,0.6474,0.0006268590694123122,0.0008870774974414599,0.01753433299995777,0.15170487499995033,0.00028562499994677637,0.2212880419999692,0.3732836659999066,0.9874145635290111,0.9848152522427125,0.4275450839998598,4.072248999999829,0.391802208999934,19.42159080505371,786.171875,786.171875,0.0,,,,,,,,,,,,,0.0005916249999700085,163.0,19.0,43.0,0.0,0.0006541660000038974,0.012234874999990097,0.11506691700003557,0.0059721669999817095,0.016882165999959398,0.0002463340000531389
0.5,10,70260516,5000,3,3,3139,23070,0.0009228,0.04614604099992903,0.00879854200002228,758,0.1516,1.8834,9.0,3144.4830368000003,0.6288966073600001,1.8866898220800001,0.11097779555911182,7.2e-07,8e-08,sparse,Non-random,non_random,0.6532,0.0004871288892286845,0.0011798643843129212,0.017062583999972958,0.21898970800009465,0.00017716699994707596,0.08322687500003667,0.3024017499999445,1.0000000000000002,0.970554126455758,0.3573383330000297,3.311942999999701,0.3205550829999311,2.008671760559082,786.23828125,786.23828125,0.0,,,,,,,,,,,,,,,,,,,,,,,
0.5,10,70260516,5000,3,3,3139,23070,0.0009228,0.04614604099992903,0.00879854200002228,758,0.1516,1.8834,9.0,3144.4830368000003,0.6288966073600001,1.8866898220800001,0.11097779555911182,7.2e-07,8e-08,sparse,Gaussian random projection,gaussian_random_projection,0.6586,-4.9522310753012886e-05,0.00033737687232872284,0.01713916699998208,0.1524778340000239,0.0002374160000044867,0.2971820420000313,0.44990150000000995,0.9870810103076804,0.9851885733005283,0.504841875000011,4.865045000000464,0.4680420839999897,25.565302848815918,786.23828125,786.23828125,0.0,0.009209166999994522,0.014809375000027103,0.11349383399999624,0.005655541999999514,0.009075917000018308,0.00019191600006251974,,,,,,,,,,,,,,,,,
0.5,10,70260516,5000,3,3,3139,23070,0.0009228,0.04614604099992903,0.00879854200002228,758,0.1516,1.8834,9.0,3144.4830368000003,0.6288966073600001,1.8866898220800001,0.11097779555911182,7.2e-07,8e-08,sparse,Random sampling,random_sampling,0.6606,9.400938180761328e-06,0.0003739152687032252,0.016799499999933687,0.1724300000000767,0.0001258329999700436,0.05162625000002663,0.22418679199995495,1.4285714285714317,1.3336035259069645,0.27912666600002467,2.5053339999994932,0.2419785420000835,2.2123231887817383,786.23828125,786.23828125,0.0,,,,,,,0.0017876250000199434,0.17061912500003018,13656.0,9468.0,0.7,15983.0,,,,,,,,,,,
0.5,10,70260516,5000,3,3,3139,23070,0.0009228,0.04614604099992903,0.00879854200002228,758,0.1516,1.8834,9.0,3144.4830368000003,0.6288966073600001,1.8866898220800001,0.11097779555911182,7.2e-07,8e-08,sparse,CountSketch random projection,countsketch_random_projection,0.6332,0.002948878645991005,0.002991023345667768,0.01744045800001004,0.1514951670000073,0.00026024999999663123,0.19808820799994464,0.34984862500004965,0.9870256683259225,0.9818365323294101,0.4047882079998999,3.8449799999998504,0.36832066699992083,19.425928115844727,786.23828125,786.23828125,0.0,,,,,,,,,,,,,0.0006137499999567808,163.0,17.0,52.0,0.0,0.0006459170000425729,0.012117249999960222,0.11530083299999205,0.005997000000093067,0.016555415999960132,0.00021862500000224827
1.0,1,120260507,5000,3,3,6265,42417,0.00169668,0.09631295799999862,0.014960624999957872,143,0.0286,3.759,12.0,6288.9660736000005,1.2577932147200002,3.7733796441600003,0.11097779555911182,1.44e-06,1.6e-07,sparse,Non-random,non_random,0.6644,2.403586148626221e-06,0.0004710926020195056,0.016859333000070365,0.10105674999999792,0.00011583299999529117,0.06654841699992176,0.16772720799997387,0.9999999999999997,0.8878648384984306,0.27899458299987145,1.9470799999999144,0.18572262499992576,2.2300806045532227,786.23828125,786.23828125,0.0,,,,,,,,,,,,,,,,,,,,,,,
1.0,1,120260507,5000,3,3,6265,42417,0.00169668,0.09631295799999862,0.014960624999957872,143,0.0286,3.759,12.0,6288.9660736000005,1.2577932147200002,3.7733796441600003,0.11097779555911182,1.44e-06,1.6e-07,sparse,Gaussian random projection,gaussian_random_projection,0.6224,0.007421187956116429,0.007114262171594101,0.017731540999989193,0.16445370799999637,0.00036420800006453646,0.2790383330000168,0.44386233299997,0.9955191347255391,0.8707935900323853,0.5551298320000342,4.8115450000004785,0.46273612499999217,25.78671169281006,786.23828125,786.23828125,0.0,0.009390958000039973,0.02403845799994997,0.11506695800005673,0.006443540999953257,0.009236167000040041,0.0002218749999656211,,,,,,,,,,,,,,,,,
1.0,1,120260507,5000,3,3,6265,42417,0.00169668,0.09631295799999862,0.014960624999957872,143,0.0286,3.759,12.0,6288.9660736000005,1.2577932147200002,3.7733796441600003,0.11097779555911182,1.44e-06,1.6e-07,sparse,Random sampling,random_sampling,0.6606,6.90546256278526e-05,0.0019738925075861867,0.017241082999930768,0.1766114160000143,0.00011441700007708278,0.10052454200001648,0.27725504099998943,1.1351600912097812,1.0944789868304936,0.38852395800006434,3.066248000000087,0.29564445800008343,2.5884790420532227,786.23828125,786.23828125,0.0,,,,,,,0.0025171250000539658,0.1740722499999947,23637.0,16440.0,0.7,29505.0,,,,,,,,,,,
1.0,1,120260507,5000,3,3,6265,42417,0.00169668,0.09631295799999862,0.014960624999957872,143,0.0286,3.759,12.0,6288.9660736000005,1.2577932147200002,3.7733796441600003,0.11097779555911182,1.44e-06,1.6e-07,sparse,CountSketch random projection,countsketch_random_projection,0.6328,0.004320847563430884,0.0043306741002799715,0.017462625000007392,0.15405612500001098,0.0002292909999823678,0.23081533300000956,0.38510554200001934,0.9961109901913279,0.87219791920713,0.4963743319999594,4.164337999999589,0.40369350000003124,19.647336959838867,786.23828125,786.23828125,0.0,,,,,,,,,,,,,0.0006030419999660808,163.0,15.0,44.0,0.0,0.0007807079999793132,0.02265129199997773,0.11137804199995571,0.007589833999986695,0.010812209000050643,0.00019737499997063424
1.0,2,120260508,5000,3,3,6278,42495,0.0016998,0.09720583400007854,0.019279083000014907,127,0.0254,3.7668,12.0,6288.9660736000005,1.2577932147200002,3.7733796441600003,0.11097779555911182,1.44e-06,1.6e-07,sparse,Non-random,non_random,0.6072,0.012637270575447748,0.011895745577171967,0.016929832999949213,0.12190379100002247,0.00011508299996876303,0.16709724999998343,0.2891225419999728,1.0000000000000007,0.8489123596990965,0.4056010410000681,3.2297429999998712,0.30720229200005633,2.230973243713379,786.23828125,786.23828125,0.0,,,,,,,,,,,,,,,,,,,,,,,
1.0,2,120260508,5000,3,3,6278,42495,0.0016998,0.09720583400007854,0.019279083000014907,127,0.0254,3.7668,12.0,6288.9660736000005,1.2577932147200002,3.7733796441600003,0.11097779555911182,1.44e-06,1.6e-07,sparse,Gaussian random projection,gaussian_random_projection,0.6194,0.00922970825013585,0.008645335874720666,0.017047166999986985,0.16006416600009743,0.0002285410000695265,0.18499183299991273,0.3452892500000644,0.9968429791844295,0.831495196558004,0.46176945700017313,3.704587000000174,0.3634558339999785,25.787604331970215,786.23828125,786.23828125,0.0,0.009160457999996652,0.031875624999997854,0.10264212499998848,0.0069482089999155505,0.009205208000025777,0.00019558300004973717,,,,,,,,,,,,,,,,,
1.0,2,120260508,5000,3,3,6278,42495,0.0016998,0.09720583400007854,0.019279083000014907,127,0.0254,3.7668,12.0,6288.9660736000005,1.2577932147200002,3.7733796441600003,0.11097779555911182,1.44e-06,1.6e-07,sparse,Random sampling,random_sampling,0.66,0.00010686458921336106,0.001596122003204261,0.016725833000009516,0.22032612500004234,0.00018437500000345608,0.10306029200000921,0.323576375000016,1.1099506087827284,1.0760774769062307,0.44005570900014845,3.5235499999998865,0.34146179200001825,2.593480110168457,786.23828125,786.23828125,0.0,,,,,,,0.002520083000035811,0.21777337499997884,23684.0,16656.0,0.7,29864.0,,,,,,,,,,,
1.0,2,120260508,5000,3,3,6278,42495,0.0016998,0.09720583400007854,0.019279083000014907,127,0.0254,3.7668,12.0,6288.9660736000005,1.2577932147200002,3.7733796441600003,0.11097779555911182,1.44e-06,1.6e-07,sparse,CountSketch random projection,countsketch_random_projection,0.5872,0.02167809208658281,0.02283029411809806,0.017320084000061797,0.1518167499999663,0.0003546670000105223,0.22018220899997232,0.37235920900002384,0.9957708886770543,0.8274598860599639,0.4888385430000426,4.07914399999936,0.39082683300000554,19.648229598999023,786.23828125,786.23828125,0.0,,,,,,,,,,,,,0.0006212910000158445,163.0,18.0,48.0,0.0,0.0007851660000142147,0.021573333999981514,0.10983425000006264,0.006681875000026594,0.012049040999954741,0.00020620800000870076
1.0,3,120260509,5000,3,3,6331,42830,0.0017132,0.0980234159999327,0.01508325000008881,116,0.0232,3.7986,13.0,6288.9660736000005,1.2577932147200002,3.7733796441600003,0.11097779555911182,1.44e-06,1.6e-07,sparse,Non-random,non_random,0.657,0.0003665359074873507,0.002873385225824249,0.020485249999978805,0.09990745799996148,0.00011045799999465089,0.13237887499997214,0.23240316600004007,0.9999999999999986,0.8648121716808326,0.3455034569999498,2.5234049999999115,0.25407195900004353,2.234807014465332,786.23828125,786.23828125,0.0,,,,,,,,,,,,,,,,,,,,,,,
1.0,3,120260509,5000,3,3,6331,42830,0.0017132,0.0980234159999327,0.01508325000008881,116,0.0232,3.7986,13.0,6288.9660736000005,1.2577932147200002,3.7733796441600003,0.11097779555911182,1.44e-06,1.6e-07,sparse,Gaussian random projection,gaussian_random_projection,0.6276,0.003767479402192017,0.00457730995082324,0.02024470799995015,0.15716283300002942,0.00035900000000310683,0.19917466699996567,0.35670279100008884,0.9955755578824917,0.8469259634928807,0.4698031660000197,3.827505000000201,0.3788487919999852,25.791438102722168,786.23828125,786.23828125,0.0,0.009301333000053091,0.024296208000009756,0.10763941599998361,0.006237124999984189,0.009425250000049346,0.0002067499999611755,,,,,,,,,,,,,,,,,
1.0,3,120260509,5000,3,3,6331,42830,0.0017132,0.0980234159999327,0.01508325000008881,116,0.0232,3.7986,13.0,6288.9660736000005,1.2577932147200002,3.7733796441600003,0.11097779555911182,1.44e-06,1.6e-07,sparse,Random sampling,random_sampling,0.6604,4.6224801481829584e-05,0.0008276317652050626,0.01678254199998719,0.15862462500001584,0.00011541700007455802,0.13561445799996363,0.2943588750000572,1.1320119999779374,1.1207036380551283,0.40746116600007554,3.2016490000005433,0.31226537500003815,2.600071907043457,786.23828125,786.23828125,0.0,,,,,,,0.002517249999982596,0.15608629199994084,23857.0,16778.0,0.7,30105.0,,,,,,,,,,,
1.0,3,120260509,5000,3,3,6331,42830,0.0017132,0.0980234159999327,0.01508325000008881,116,0.0232,3.7986,13.0,6288.9660736000005,1.2577932147200002,3.7733796441600003,0.11097779555911182,1.44e-06,1.6e-07,sparse,CountSketch random projection,countsketch_random_projection,0.6376,0.004555443118529833,0.004295340937453687,0.018352917000015623,0.1487065830000347,0.00024066699995728413,0.21448399999997037,0.36343575000000783,0.995021173759996,0.8453258094076829,0.47653791599998385,3.9229020000002492,0.38298037499998827,19.652063369750977,786.23828125,786.23828125,0.0,,,,,,,,,,,,,0.000616416999946523,163.0,21.0,44.0,0.0,0.0007987499999444481,0.021218958000076782,0.10528995799995755,0.007253875000060361,0.01326920799999698,0.0002099170000064987
1.0,4,120260510,5000,3,3,6334,42842,0.00171368,0.10897979200001373,0.015511624999930973,116,0.0232,3.8004,14.0,6288.9660736000005,1.2577932147200002,3.7733796441600003,0.11097779555911182,1.44e-06,1.6e-07,sparse,Non-random,non_random,0.5614,0.054083652824251205,0.048616522723908574,0.017117750000011256,0.12252987500005474,0.00011474999996607949,0.16770487500002673,0.29035608300000604,0.9999999999999994,0.8489484349429861,0.41484091699999226,3.1265839999996388,0.30860279099999843,2.2349443435668945,786.23828125,786.23828125,0.0,,,,,,,,,,,,,,,,,,,,,,,
1.0,4,120260510,5000,3,3,6334,42842,0.00171368,0.10897979200001373,0.015511624999930973,116,0.0232,3.8004,14.0,6288.9660736000005,1.2577932147200002,3.7733796441600003,0.11097779555911182,1.44e-06,1.6e-07,sparse,Gaussian random projection,gaussian_random_projection,0.6038,0.018493103053128873,0.017118257945167546,0.017428582999968967,0.15499129199997697,0.0003737499999942884,0.19305566599996382,0.34842679099995166,0.9965456286450926,0.8306315746574978,0.4729121249998798,3.7779979999995703,0.3669944170000008,25.79157543182373,786.23828125,786.23828125,0.0,0.0093469590000268,0.024759249999988242,0.10262683400003425,0.006537458000025254,0.011419708000062201,0.00024474999997892155,,,,,,,,,,,,,,,,,
1.0,4,120260510,5000,3,3,6334,42842,0.00171368,0.10897979200001373,0.015511624999930973,116,0.0232,3.8004,14.0,6288.9660736000005,1.2577932147200002,3.7733796441600003,0.11097779555911182,1.44e-06,1.6e-07,sparse,Random sampling,random_sampling,0.6608,5.64493627513889e-05,0.002134368345737777,0.01707104199999776,0.13124820799998815,0.00011583399998471577,0.09834433399998943,0.229712999999947,1.1459619062737085,1.1062598011797442,0.354199792999907,2.527763999999479,0.24794954200001484,2.598710060119629,786.23828125,786.23828125,0.0,,,,,,,0.002510958000016217,0.1287157079999588,23863.0,16690.0,0.7,29974.0,,,,,,,,,,,
1.0,4,120260510,5000,3,3,6334,42842,0.00171368,0.10897979200001373,0.015511624999930973,116,0.0232,3.8004,14.0,6288.9660736000005,1.2577932147200002,3.7733796441600003,0.11097779555911182,1.44e-06,1.6e-07,sparse,CountSketch random projection,countsketch_random_projection,0.6154,0.007459254239168191,0.007678944092118716,0.017271458000095663,0.15225258299994948,0.0002753339999799209,0.1970291669999824,0.34956337500000245,0.9956639568432741,0.83024090289507,0.4740485009998565,3.759114999999838,0.36795745799997803,19.65220069885254,786.23828125,786.23828125,0.0,,,,,,,,,,,,,0.0005974580000156493,163.0,19.0,51.0,0.0,0.0007994170000529266,0.021227541000030214,0.11059862499996598,0.006603749999953834,0.011956625000038912,0.00034704200004398444
1.0,5,120260511,5000,3,3,6272,42494,0.00169976,0.09807170900000983,0.015195458999983202,112,0.0224,3.7632,11.0,6288.9660736000005,1.2577932147200002,3.7733796441600003,0.11097779555911182,1.44e-06,1.6e-07,sparse,Non-random,non_random,0.663,2.8662651021072244e-05,0.0007958694524421046,0.01905858400004945,0.07970520800006398,0.00011658400001124392,0.12566033300004165,0.20549100000005183,0.9999999999999993,0.88455461022315,0.3187492930001099,2.252548000000388,0.22582133299999896,2.230961799621582,786.23828125,786.23828125,0.0,,,,,,,,,,,,,,,,,,,,,,,
1.0,5,120260511,5000,3,3,6272,42494,0.00169976,0.09807170900000983,0.015195458999983202,112,0.0224,3.7632,11.0,6288.9660736000005,1.2577932147200002,3.7733796441600003,0.11097779555911182,1.44e-06,1.6e-07,sparse,Gaussian random projection,gaussian_random_projection,0.6454,0.0010139196633724159,0.001263133563464909,0.018526249999922584,0.15897549999999683,0.00036537500000122236,0.231351874999973,0.3906986250000273,0.9958928457212284,0.865531701578367,0.5039599179999641,4.094084000000294,0.4104039170000533,25.787592887878418,786.23828125,786.23828125,0.0,0.009173791999955938,0.024494167000057132,0.10807137500000863,0.007042584000032548,0.009903749999921274,0.00023187499994037353,,,,,,,,,,,,,,,,,
1.0,5,120260511,5000,3,3,6272,42494,0.00169976,0.09807170900000983,0.015195458999983202,112,0.0224,3.7632,11.0,6288.9660736000005,1.2577932147200002,3.7733796441600003,0.11097779555911182,1.44e-06,1.6e-07,sparse,Random sampling,random_sampling,0.6614,4.036966483907565e-05,0.0023164957519933114,0.01703266699996675,0.10915516700003991,0.00010925000003680907,0.08663391699997192,0.19590304200005448,1.1320606651208984,1.076909560582287,0.30916550200004167,2.1700709999995524,0.21410137500004112,2.591092109680176,786.23828125,786.23828125,0.0,,,,,,,0.0024820410000074844,0.10665237499995328,23691.0,16553.0,0.7,29633.0,,,,,,,,,,,
1.0,5,120260511,5000,3,3,6272,42494,0.00169976,0.09807170900000983,0.015195458999983202,112,0.0224,3.7632,11.0,6288.9660736000005,1.2577932147200002,3.7733796441600003,0.11097779555911182,1.44e-06,1.6e-07,sparse,CountSketch random projection,countsketch_random_projection,0.6504,0.001068849841820767,0.0014690143102309896,0.01749095800005307,0.15532041699998445,0.0003634580000380083,0.23462833299993235,0.3903186249999635,0.9957816836340565,0.8702291371537574,0.5035793759999478,4.084729000000152,0.408938125000077,19.648218154907227,786.23828125,786.23828125,0.0,,,,,,,,,,,,,0.0005959999999731735,163.0,16.0,49.0,0.0,0.000803000000018983,0.021620125000026746,0.11400045800007774,0.006740417000060006,0.011233957999934319,0.00026129099990157556
1.0,6,120260512,5000,3,3,6354,42984,0.00171936,0.0931367919999957,0.01526004099991951,106,0.0212,3.8124,15.0,6288.9660736000005,1.2577932147200002,3.7733796441600003,0.11097779555911182,1.44e-06,1.6e-07,sparse,Non-random,non_random,0.5572,0.045855580966483435,0.06270599778458658,0.01698504099999809,0.3152448749999621,0.00011733299993466062,0.20125320900001498,0.5166214999999283,0.999999999999999,0.8450371129964703,0.625012249999827,5.454217000000426,0.5347154580000506,2.236569404602051,786.23828125,786.23828125,0.0,,,,,,,,,,,,,,,,,,,,,,,
1.0,6,120260512,5000,3,3,6354,42984,0.00171936,0.0931367919999957,0.01526004099991951,106,0.0212,3.8124,15.0,6288.9660736000005,1.2577932147200002,3.7733796441600003,0.11097779555911182,1.44e-06,1.6e-07,sparse,Gaussian random projection,gaussian_random_projection,0.6464,0.001125852286004724,0.0014407069874268572,0.017653415999916433,0.1548862500000041,0.0002392090000284952,0.18514804100004767,0.34027900000000955,0.9971616896115503,0.8297022620392766,0.4486703329999955,3.7589539999999033,0.3590565829999832,25.793200492858887,786.23828125,786.23828125,0.0,0.009154542000032961,0.024926499999992302,0.10259929200003626,0.006787000000031185,0.011174707999998645,0.00020074999997632403,,,,,,,,,,,,,,,,,
1.0,6,120260512,5000,3,3,6354,42984,0.00171936,0.0931367919999957,0.01526004099991951,106,0.0212,3.8124,15.0,6288.9660736000005,1.2577932147200002,3.7733796441600003,0.11097779555911182,1.44e-06,1.6e-07,sparse,Random sampling,random_sampling,0.6624,2.9785586792777915e-05,0.0008954770052814465,0.017167459000006602,0.1372091250000267,0.0001163749999477659,0.08296241700008977,0.22029266699996697,1.1122501879499633,1.0990667204786342,0.32868474999997943,2.4297340000002805,0.23858512499998596,2.601101875305176,786.23828125,786.23828125,0.0,,,,,,,0.0025340830000004644,0.13465537499996572,23939.0,16739.0,0.7,30041.0,,,,,,,,,,,
1.0,6,120260512,5000,3,3,6354,42984,0.00171936,0.0931367919999957,0.01526004099991951,106,0.0212,3.8124,15.0,6288.9660736000005,1.2577932147200002,3.7733796441600003,0.11097779555911182,1.44e-06,1.6e-07,sparse,CountSketch random projection,countsketch_random_projection,0.6064,0.016913440485547535,0.016413120390704715,0.017189041999927213,0.15540616700002374,0.00025533300004099146,0.31752895800002534,0.47319549999997434,0.9960348148442879,0.8277021074798276,0.5815872910000053,5.1166629999997895,0.4915113749999591,19.653825759887695,786.23828125,786.23828125,0.0,,,,,,,,,,,,,0.0005896669999856385,163.0,18.0,46.0,0.0,0.0007902920000333324,0.021213791000036508,0.11443962500004545,0.0065891250000049695,0.011460791999979847,0.00024608299997908034
1.0,7,120260513,5000,3,3,6274,42484,0.00169936,0.0944280420000041,0.015234875000032844,118,0.0236,3.7644,16.0,6288.9660736000005,1.2577932147200002,3.7733796441600003,0.11097779555911182,1.44e-06,1.6e-07,sparse,Non-random,non_random,0.6106,0.010899679449231899,0.01412665346483839,0.020924124999964988,0.12632899999994152,0.00013887500006148912,0.16149654100001953,0.2879715409999335,1.0000000000000009,0.8693768382409589,0.3976273330000595,3.1255629999996017,0.3100710830000253,2.2308473587036133,786.23828125,786.23828125,0.0,,,,,,,,,,,,,,,,,,,,,,,
1.0,7,120260513,5000,3,3,6274,42484,0.00169936,0.0944280420000041,0.015234875000032844,118,0.0236,3.7644,16.0,6288.9660736000005,1.2577932147200002,3.7733796441600003,0.11097779555911182,1.44e-06,1.6e-07,sparse,Gaussian random projection,gaussian_random_projection,0.6312,0.006514506524255306,0.007878044166257552,0.017291875000069012,0.1525805420000097,0.00035608400003184215,0.1905333749999727,0.3434767500000362,0.9967251275209628,0.8515048735859435,0.4531329180000512,3.755022000000281,0.36189629099999365,25.78747844696045,786.23828125,786.23828125,0.0,0.00926187499999287,0.02317358300001615,0.10395425000001524,0.0061923750000687505,0.009659457999987353,0.00026320899996790104,,,,,,,,,,,,,,,,,
1.0,7,120260513,5000,3,3,6274,42484,0.00169936,0.0944280420000041,0.015234875000032844,118,0.0236,3.7644,16.0,6288.9660736000005,1.2577932147200002,3.7733796441600003,0.11097779555911182,1.44e-06,1.6e-07,sparse,Random sampling,random_sampling,0.6636,-7.519957994566395e-06,0.00041988545501558494,0.016711832999931175,0.22246620800001438,0.00011491599991586554,0.06604879199994684,0.2886348330000601,1.3009765750327986,1.1089265345684773,0.398292832999914,3.1906230000004143,0.30647258400006194,2.593400001525879,786.23828125,786.23828125,0.0,,,,,,,0.00250591600001826,0.21993937499996719,23683.0,16667.0,0.7,29868.0,,,,,,,,,,,
1.0,7,120260513,5000,3,3,6274,42484,0.00169936,0.0944280420000041,0.015234875000032844,118,0.0236,3.7644,16.0,6288.9660736000005,1.2577932147200002,3.7733796441600003,0.11097779555911182,1.44e-06,1.6e-07,sparse,CountSketch random projection,countsketch_random_projection,0.6126,0.012185642857639761,0.01447703043189628,0.017280916000004254,0.15915545900008965,0.00024466700006087194,0.1790462500000558,0.3384521660000246,0.9958963992814909,0.8555475425861788,0.44810929300024327,3.718010999999933,0.3568513750000193,19.648103713989258,786.23828125,786.23828125,0.0,,,,,,,,,,,,,0.0005967920000102822,163.0,17.0,44.0,0.0,0.000790499999993699,0.02127120800003013,0.11579995800002507,0.007460082999955375,0.012919834000058472,0.00023104199999579578
1.0,8,120260514,5000,3,3,6308,42692,0.00170768,0.09240041699990797,0.015023208999991766,106,0.0212,3.7848,14.0,6288.9660736000005,1.2577932147200002,3.7733796441600003,0.11097779555911182,1.44e-06,1.6e-07,sparse,Non-random,non_random,0.6568,0.00030057138701845203,0.006855089120738588,0.017315250000024207,0.12246512500007611,0.00012704099992788542,0.12371629200004008,0.24631495899996025,1.0000000000000002,0.8921843684544446,0.3537320839999438,2.702530999999908,0.26474466599995594,2.2332277297973633,786.23828125,786.23828125,0.0,,,,,,,,,,,,,,,,,,,,,,,
1.0,8,120260514,5000,3,3,6308,42692,0.00170768,0.09240041699990797,0.015023208999991766,106,0.0212,3.7848,14.0,6288.9660736000005,1.2577932147200002,3.7733796441600003,0.11097779555911182,1.44e-06,1.6e-07,sparse,Gaussian random projection,gaussian_random_projection,0.647,0.0025239282697134824,0.002505927632178361,0.017946875000006912,0.1572824170000331,0.00024791700002424477,0.17381029199998466,0.33134595799992894,0.99652792799651,0.879308128322145,0.43876425199994173,3.5962719999997717,0.3505137910000258,25.7898588180542,786.23828125,786.23828125,0.0,0.009659208000016406,0.02347399999996469,0.10726745900001333,0.006778499999995802,0.009846124999967287,0.0002154580000706119,,,,,,,,,,,,,,,,,
1.0,8,120260514,5000,3,3,6308,42692,0.00170768,0.09240041699990797,0.015023208999991766,106,0.0212,3.7848,14.0,6288.9660736000005,1.2577932147200002,3.7733796441600003,0.11097779555911182,1.44e-06,1.6e-07,sparse,Random sampling,random_sampling,0.6596,5.5282538786970914e-05,0.0020609382229646324,0.018042958000023646,0.1542104999999765,0.00011683299999276642,0.07104787499997656,0.2253801660000363,1.1495958812310663,1.0567421314155068,0.33279883399984556,2.516270000000077,0.24456729199994243,2.595150947570801,786.23828125,786.23828125,0.0,,,,,,,0.0025375840000378957,0.15165200000001278,23793.0,16615.0,0.7,29813.0,,,,,,,,,,,
1.0,8,120260514,5000,3,3,6308,42692,0.00170768,0.09240041699990797,0.015023208999991766,106,0.0212,3.7848,14.0,6288.9660736000005,1.2577932147200002,3.7733796441600003,0.11097779555911182,1.44e-06,1.6e-07,sparse,CountSketch random projection,countsketch_random_projection,0.6456,0.00502011665816549,0.006464556334009004,0.017426625000098284,0.1596577080000543,0.0002225000000635191,0.17220883400000275,0.33209366599999157,0.9959503759528215,0.8733589974390572,0.4395126680000203,3.643681999999899,0.3506712079999943,19.650484085083008,786.23828125,786.23828125,0.0,,,,,,,,,,,,,0.0006114999999908832,163.0,17.0,43.0,0.0,0.0007816670000693193,0.028825917000062873,0.11526212499995836,0.0063445829999864145,0.0076032919999988735,0.00018783400003030692
1.0,9,120260515,5000,3,3,6478,43729,0.00174916,0.09646212500001639,0.015331917000025896,105,0.021,3.8868,13.0,6288.9660736000005,1.2577932147200002,3.7733796441600003,0.11097779555911182,1.44e-06,1.6e-07,sparse,Non-random,non_random,0.6606,5.416273478189061e-05,0.0009834503827464117,0.01687362499990286,0.14120475000004262,0.00011600000004818867,0.1303496670000186,0.2716768749999119,0.9999999999999987,0.8530276562345097,0.3834644590001517,2.959515999999894,0.2898128329999281,2.2450952529907227,786.23828125,786.23828125,0.0,,,,,,,,,,,,,,,,,,,,,,,
1.0,9,120260515,5000,3,3,6478,43729,0.00174916,0.09646212500001639,0.015331917000025896,105,0.021,3.8868,13.0,6288.9660736000005,1.2577932147200002,3.7733796441600003,0.11097779555911182,1.44e-06,1.6e-07,sparse,Gaussian random projection,gaussian_random_projection,0.6338,0.0034397410772682374,0.003962063098423041,0.017140208000000712,0.15809200000001056,0.00023004199999832053,0.20471012500001962,0.36303654199991797,0.9959732389848406,0.8359305519360425,0.4748262090000708,3.9805609999993976,0.38129108300006465,25.80172634124756,786.23828125,786.23828125,0.0,0.009301000000050408,0.024766042000010202,0.10731854200002999,0.007099999999923057,0.009329499999921609,0.00023995900005502335,,,,,,,,,,,,,,,,,
1.0,9,120260515,5000,3,3,6478,43729,0.00174916,0.09646212500001639,0.015331917000025896,105,0.021,3.8868,13.0,6288.9660736000005,1.2577932147200002,3.7733796441600003,0.11097779555911182,1.44e-06,1.6e-07,sparse,Random sampling,random_sampling,0.65,0.000908446982957984,0.0044038736158574406,0.01988945900006911,0.13347962499994992,0.00011366700005055463,0.08834999999999127,0.2219482909999897,1.1811422999541639,1.112577071666817,0.333737334000034,2.532498000000487,0.2429977090000648,2.614468574523926,786.23828125,786.23828125,0.0,,,,,,,0.0025273749999996653,0.13093145799996364,24312.0,16938.0,0.7,30464.0,,,,,,,,,,,
1.0,9,120260515,5000,3,3,6478,43729,0.00174916,0.09646212500001639,0.015331917000025896,105,0.021,3.8868,13.0,6288.9660736000005,1.2577932147200002,3.7733796441600003,0.11097779555911182,1.44e-06,1.6e-07,sparse,CountSketch random projection,countsketch_random_projection,0.6548,0.00029852981498536296,0.0006125766003748479,0.017277583000009145,0.1524336669999684,0.0002374169999939113,0.18174504099999922,0.33442087499997797,0.9958917923600414,0.8336239706614753,0.4462101670000038,3.675618000000213,0.3528955420000557,19.662351608276367,786.23828125,786.23828125,0.0,,,,,,,,,,,,,0.0006150420000494705,163.0,19.0,51.0,0.0,0.0008065000000669897,0.02133116599998175,0.1129815829999643,0.006682749999981752,0.00969962499993926,0.00026983399993696366
1.0,10,120260516,5000,3,3,6304,42664,0.00170656,0.09657533400002194,0.015165165999974306,112,0.0224,3.7824,17.0,6288.9660736000005,1.2577932147200002,3.7733796441600003,0.11097779555911182,1.44e-06,1.6e-07,sparse,Non-random,non_random,0.661,3.484967844437981e-05,0.0012934778754540778,0.017028874999937216,0.14675745899990034,0.00012570800004141347,0.06762008299995159,0.2145101670000713,0.9999999999999999,0.8934577604102397,0.3262437499998896,2.420524000000114,0.23268145899999126,2.232907295227051,786.23828125,786.23828125,0.0,,,,,,,,,,,,,,,,,,,,,,,
1.0,10,120260516,5000,3,3,6304,42664,0.00170656,0.09657533400002194,0.015165165999974306,112,0.0224,3.7824,17.0,6288.9660736000005,1.2577932147200002,3.7733796441600003,0.11097779555911182,1.44e-06,1.6e-07,sparse,Gaussian random projection,gaussian_random_projection,0.6496,0.00029965245726891487,0.0006384067677459636,0.017106083000044237,0.16577758300002188,0.0002477909999925032,0.25125708299992766,0.4172875409999506,0.9962061196151467,0.8788751526369252,0.5290229569999383,4.469089999999596,0.43555637499991917,25.789538383483887,786.23828125,786.23828125,0.0,0.00967266700001801,0.032848082999976214,0.10943604199997026,0.00623037499997281,0.007335624999996071,0.0002024579999897469,,,,,,,,,,,,,,,,,
1.0,10,120260516,5000,3,3,6304,42664,0.00170656,0.09657533400002194,0.015165165999974306,112,0.0224,3.7824,17.0,6288.9660736000005,1.2577932147200002,3.7733796441600003,0.11097779555911182,1.44e-06,1.6e-07,sparse,Random sampling,random_sampling,0.6582,5.2170312000488295e-05,0.0010212263002768096,0.01682612499996594,0.1300914579999244,0.0001560000000608852,0.1411153330000161,0.271367707999957,1.195836430665343,1.1435465910498104,0.3831032909999976,3.0188280000002123,0.2893702920000578,2.5941553115844727,786.23828125,786.23828125,0.0,,,,,,,0.0025040829999625203,0.12756258300009904,23776.0,16590.0,0.7,29754.0,,,,,,,,,,,
1.0,10,120260516,5000,3,3,6304,42664,0.00170656,0.09657533400002194,0.015165165999974306,112,0.0224,3.7824,17.0,6288.9660736000005,1.2577932147200002,3.7733796441600003,0.11097779555911182,1.44e-06,1.6e-07,sparse,CountSketch random projection,countsketch_random_projection,0.631,0.0049847268764608215,0.005722261278678306,0.017165541000053963,0.15865520900001684,0.00021966700001030404,0.23412229200005186,0.3930014159999473,0.9957943063751352,0.8800072542188311,0.5047376680000752,4.150585999999748,0.4112876670000105,19.650163650512695,786.23828125,786.23828125,0.0,,,,,,,,,,,,,0.0005879579999827911,163.0,17.0,45.0,0.0,0.0007924999999886495,0.022548708999920564,0.12016125000002376,0.006449958999951377,0.007891291999953864,0.00018450000004577305
2.0,1,220260507,5000,3,3,12385,79147,0.00316588,0.18946570800005702,0.026956916000017372,1,0.0002,7.431,19.0,12577.932147200001,2.5155864294400003,7.5467592883200005,0.11097779555911182,2.88e-06,3.2e-07,sparse,Non-random,non_random,0.1018,0.7178532670602344,0.6366806377320955,0.017305665999970188,0.0752693750000617,0.0001224579999643538,0.08034812500000044,0.15574662500000613,1.0000000000000002,0.743861695463533,0.3721625820001009,1.7368059999998877,0.17448012499994547,2.758808135986328,786.23828125,786.23828125,0.0,,,,,,,,,,,,,,,,,,,,,,,
2.0,1,220260507,5000,3,3,12385,79147,0.00316588,0.18946570800005702,0.026956916000017372,1,0.0002,7.431,19.0,12577.932147200001,2.5155864294400003,7.5467592883200005,0.11097779555911182,2.88e-06,3.2e-07,sparse,Gaussian random projection,gaussian_random_projection,0.1376,0.6299550169818419,0.5498006253030229,0.017082916999925146,0.1755623750000268,0.00023566699996990792,0.08547454200004267,0.2612771670000029,0.9997230795454972,0.7327277984863028,0.4776952080001138,2.8553949999995893,0.2798009580000098,26.207053184509277,786.23828125,786.23828125,0.0,0.009133165999969606,0.04265250000003107,0.10502912500010098,0.008316999999919972,0.010146959000053357,0.00023658300005990895,,,,,,,,,,,,,,,,,
2.0,1,220260507,5000,3,3,12385,79147,0.00316588,0.18946570800005702,0.026956916000017372,1,0.0002,7.431,19.0,12577.932147200001,2.5155864294400003,7.5467592883200005,0.11097779555911182,2.88e-06,3.2e-07,sparse,Random sampling,random_sampling,0.2994,0.3137557291998085,0.2699045267958079,0.020735916000035104,0.20551087499995901,0.0001139169999078149,0.13198399999998855,0.3376136670000278,1.0829248318237386,0.8823320869689368,0.5540314159999298,3.7602179999994405,0.359749165999915,3.660795211791992,786.23828125,786.23828125,0.0,,,,,,,0.003747624999959953,0.20174216700002034,42073.0,29614.0,0.7,55659.0,,,,,,,,,,,
2.0,1,220260507,5000,3,3,12385,79147,0.00316588,0.18946570800005702,0.026956916000017372,1,0.0002,7.431,19.0,12577.932147200001,2.5155864294400003,7.5467592883200005,0.11097779555911182,2.88e-06,3.2e-07,sparse,CountSketch random projection,countsketch_random_projection,0.147,0.6078365944225188,0.5300114162533375,0.017063541999959853,0.1610451669999975,0.00034641699994608643,0.09224608399995304,0.253644042000019,0.9997598937130769,0.7287073672732619,0.470060291999971,2.841421000000082,0.27206245799993667,20.067678451538086,786.23828125,786.23828125,0.0,,,,,,,,,,,,,0.0006105410000145639,163.0,15.0,44.0,0.0,0.0011004169999750957,0.036539124999990236,0.10559604200000194,0.007922000000007756,0.00900041699992471,0.00021029100003033818
2.0,2,220260508,5000,3,3,12686,80926,0.00323704,0.18873162500005947,0.027865457999951104,4,0.0008,7.6116,18.0,12577.932147200001,2.5155864294400003,7.5467592883200005,0.11097779555911182,2.88e-06,3.2e-07,sparse,Non-random,non_random,0.098,0.7274908981855556,0.6465238950173342,0.017125416999988374,0.07516900000007354,0.0001255839999885211,0.08014058300000215,0.15544137499989574,1.0,0.7406933508054797,0.3720322500000748,1.7701799999995274,0.17393191700000443,2.81988525390625,786.23828125,786.23828125,0.0,,,,,,,,,,,,,,,,,,,,,,,
2.0,2,220260508,5000,3,3,12686,80926,0.00323704,0.18873162500005947,0.027865457999951104,4,0.0008,7.6116,18.0,12577.932147200001,2.5155864294400003,7.5467592883200005,0.11097779555911182,2.88e-06,3.2e-07,sparse,Gaussian random projection,gaussian_random_projection,0.1342,0.6377626737691671,0.5567966788641788,0.01675195799998619,0.17347929199991086,0.00037708299998939765,0.08599366600003577,0.2598579170000903,0.9997508163828586,0.7267588481135338,0.4764471239999466,2.901614000000336,0.27806841699998586,26.227412223815918,786.23828125,786.23828125,0.0,0.009110666999958994,0.04271174999996674,0.10368820799999412,0.008794125000008535,0.008892749999972693,0.0002238330000636779,,,,,,,,,,,,,,,,,
2.0,2,220260508,5000,3,3,12686,80926,0.00323704,0.18873162500005947,0.027865457999951104,4,0.0008,7.6116,18.0,12577.932147200001,2.5155864294400003,7.5467592883200005,0.11097779555911182,2.88e-06,3.2e-07,sparse,Random sampling,random_sampling,0.257,0.3788987245746875,0.3226776710597015,0.017135333000055653,0.18033329200000026,0.00011520800001108,0.12836225000000923,0.308815500000037,1.0737559049885295,0.8710901955442389,0.5254078330000311,3.3833620000004885,0.3273650840000073,3.7246150970458984,786.23828125,786.23828125,0.0,,,,,,,0.0037944580000157657,0.1765178340000375,42961.0,29982.0,0.7,56524.0,,,,,,,,,,,
2.0,2,220260508,5000,3,3,12686,80926,0.00323704,0.18873162500005947,0.027865457999951104,4,0.0008,7.6116,18.0,12577.932147200001,2.5155864294400003,7.5467592883200005,0.11097779555911182,2.88e-06,3.2e-07,sparse,CountSketch random projection,countsketch_random_projection,0.1416,0.6201966143415183,0.5398865274418091,0.01932420900004672,0.16378850000000966,0.00024225000004207686,0.08727104100000815,0.2513067500000261,0.999804900876196,0.7257443949113709,0.46789887400007046,2.8494419999997262,0.2721252500000446,20.088037490844727,786.23828125,786.23828125,0.0,,,,,,,,,,,,,0.0006431250000105138,163.0,18.0,46.0,0.0,0.0010907500000030268,0.036843875000045045,0.10758041700000831,0.008132791999969413,0.00923133300000245,0.00021904100003666827
2.0,3,220260509,5000,3,3,12797,81615,0.0032646,0.19687858299994332,0.027978665999967234,7,0.0014,7.6782,18.0,12577.932147200001,2.5155864294400003,7.5467592883200005,0.11097779555911182,2.88e-06,3.2e-07,sparse,Non-random,non_random,0.11,0.6971282831610562,0.6153642748832675,0.01708379199999399,0.07501179200005481,0.00012704199991731002,0.0891532499999812,0.16429870899992238,0.9999999999999996,0.7378033580706388,0.3891493329998639,1.8525229999995645,0.18283195799995156,2.8435401916503906,786.23828125,786.23828125,0.0,,,,,,,,,,,,,,,,,,,,,,,
2.0,3,220260509,5000,3,3,12797,81615,0.0032646,0.19687858299994332,0.027978665999967234,7,0.0014,7.6782,18.0,12577.932147200001,2.5155864294400003,7.5467592883200005,0.11097779555911182,2.88e-06,3.2e-07,sparse,Gaussian random projection,gaussian_random_projection,0.1688,0.5575993446862019,0.4806973087956509,0.016900082999995902,0.17366387499998837,0.0002267920000349477,0.0913642500000833,0.2652596249999988,0.999782224334018,0.7201694738846086,0.49011216600001717,2.9339129999998477,0.28356587500002206,26.235297203063965,786.23828125,786.25,0.01171875,0.009226750000038919,0.04232462499999201,0.1048270420000108,0.008425250000072992,0.008616749999987405,0.0001991659999021067,,,,,,,,,,,,,,,,,
2.0,3,220260509,5000,3,3,12797,81615,0.0032646,0.19687858299994332,0.027978665999967234,7,0.0014,7.6782,18.0,12577.932147200001,2.5155864294400003,7.5467592883200005,0.11097779555911182,2.88e-06,3.2e-07,sparse,Random sampling,random_sampling,0.5642,0.021237850259412307,0.03597344400766073,0.01734075000001667,0.16009541699997953,0.00011479199997666001,0.15147537500001818,0.31169037500001195,1.0753572062711318,0.8764114433918787,0.5365428329998849,3.43794699999944,0.33122470900002554,3.7635889053344727,786.25,786.25,0.0,,,,,,,0.0045229590000417375,0.15554954200001703,43304.0,30374.0,0.7,57242.0,,,,,,,,,,,
2.0,3,220260509,5000,3,3,12797,81615,0.0032646,0.19687858299994332,0.027978665999967234,7,0.0014,7.6782,18.0,12577.932147200001,2.5155864294400003,7.5467592883200005,0.11097779555911182,2.88e-06,3.2e-07,sparse,CountSketch random projection,countsketch_random_projection,0.1698,0.555607952557678,0.479526788268984,0.018458833999943636,0.16136925000000701,0.0003462090000994067,0.08930579200000466,0.2510269999999082,0.9997260764711856,0.7192707266823327,0.47587850000002163,2.8306430000002365,0.2709248749999915,20.095922470092773,786.25,786.25,0.0,,,,,,,,,,,,,0.0006428329999152993,163.0,16.0,42.0,0.0,0.001227041999982248,0.03763266599992221,0.1050662080000393,0.008537124999975276,0.007998291000035351,0.00019654200002605648
2.0,4,220260510,5000,3,3,12666,80835,0.0032334,0.18677354199996898,0.027999582999996164,1,0.0002,7.5996,21.0,12577.932147200001,2.5155864294400003,7.5467592883200005,0.11097779555911182,2.88e-06,3.2e-07,sparse,Non-random,non_random,0.1084,0.7011391107343228,0.6193680851537413,0.017060500000070533,0.07673566699997991,0.00012766700001520803,0.08438533300000017,0.161255542000049,1.0000000000000009,0.7391484982323113,0.37602179199996044,1.8182829999996102,0.17978033299993967,2.816761016845703,786.25,786.25,0.0,,,,,,,,,,,,,,,,,,,,,,,
2.0,4,220260510,5000,3,3,12666,80835,0.0032334,0.18677354199996898,0.027999582999996164,1,0.0002,7.5996,21.0,12577.932147200001,2.5155864294400003,7.5467592883200005,0.11097779555911182,2.88e-06,3.2e-07,sparse,Gaussian random projection,gaussian_random_projection,0.1528,0.5942446781270868,0.5153735895701925,0.017186665999929573,0.1743925409999747,0.0002498749998949279,0.08537958299996262,0.2600274580000814,0.9996979409856945,0.7230182444291616,0.4747951239997974,2.8753749999996217,0.27860208300000977,26.226370811462402,786.25,786.25,0.0,0.009177290999900833,0.042521708000094804,0.10393345799991494,0.0084266659999912,0.01005820800003221,0.00023329199996169336,,,,,,,,,,,,,,,,,
2.0,4,220260510,5000,3,3,12666,80835,0.0032334,0.18677354199996898,0.027999582999996164,1,0.0002,7.5996,21.0,12577.932147200001,2.5155864294400003,7.5467592883200005,0.11097779555911182,2.88e-06,3.2e-07,sparse,Random sampling,random_sampling,0.467,0.13901039548421723,0.13921248010472526,0.01723200000003544,0.1797644579999087,0.0001147080000691858,0.15768200000002253,0.3375658749999957,1.079841782520087,0.8791927775087993,0.5523342909999656,3.685236999999688,0.35616637500004344,3.7356624603271484,786.25,786.25,0.0,,,,,,,0.0037690830000656206,0.17597408299991457,42917.0,30182.0,0.7,56882.0,,,,,,,,,,,
2.0,4,220260510,5000,3,3,12666,80835,0.0032334,0.18677354199996898,0.027999582999996164,1,0.0002,7.5996,21.0,12577.932147200001,2.5155864294400003,7.5467592883200005,0.11097779555911182,2.88e-06,3.2e-07,sparse,CountSketch random projection,countsketch_random_projection,0.1526,0.5946215873201274,0.5153379259619085,0.017471040999907927,0.15949733299999025,0.00021895800000493182,0.08537187499996435,0.2450924170000235,0.9997178592651577,0.7225917249756488,0.4598612909999247,2.6978310000004058,0.26392475000000104,20.08699607849121,786.25,786.25,0.0,,,,,,,,,,,,,0.0005945420000443846,163.0,18.0,48.0,0.0,0.0010984999998981948,0.037272583999993,0.10333320899997034,0.008523707999984254,0.008450000000038926,0.00018579200002477592
2.0,5,220260511,5000,3,3,12571,80272,0.00321088,0.18543858299995009,0.028226750000044376,2,0.0004,7.5426,22.0,12577.932147200001,2.5155864294400003,7.5467592883200005,0.11097779555911182,2.88e-06,3.2e-07,sparse,Non-random,non_random,0.1042,0.7117116739099262,0.6303170930567413,0.017513125000050422,0.07410495799990713,0.00011466700004802988,0.08419125000000349,0.15841733400009161,0.9999999999999993,0.7410274530588001,0.3720762079999531,1.721306999999797,0.17732470900000408,2.7974319458007812,786.25,786.25,0.0,,,,,,,,,,,,,,,,,,,,,,,
2.0,5,220260511,5000,3,3,12571,80272,0.00321088,0.18543858299995009,0.028226750000044376,2,0.0004,7.5426,22.0,12577.932147200001,2.5155864294400003,7.5467592883200005,0.11097779555911182,2.88e-06,3.2e-07,sparse,Gaussian random projection,gaussian_random_projection,0.1454,0.6112053952649584,0.5309238308981933,0.016891875000055734,0.17406729200001791,0.00024833299994497793,0.09188254200000756,0.2662033750000319,0.9997429227538834,0.726353229641081,0.4798634999999649,2.8860389999999825,0.28449475000002167,26.21992778778076,786.25,786.25,0.0,0.00921054099990215,0.042069457999900806,0.10428962499997851,0.008526957999947626,0.0096194169999535,0.00030379099996480363,,,,,,,,,,,,,,,,,
2.0,5,220260511,5000,3,3,12571,80272,0.00321088,0.18543858299995009,0.028226750000044376,2,0.0004,7.5426,22.0,12577.932147200001,2.5155864294400003,7.5467592883200005,0.11097779555911182,2.88e-06,3.2e-07,sparse,Random sampling,random_sampling,0.416,0.20421957165441795,0.20866379099729912,0.019015125000009903,0.18159654199996567,0.00012487499998314888,0.1715035000000853,0.3532293749999553,1.0725641708090672,0.8725693612221137,0.5668902500000286,3.6897489999992104,0.3736935419999554,3.690432548522949,786.25,786.25,0.0,,,,,,,0.0038131659999862677,0.17776095800002167,42635.0,29689.0,0.7,55900.0,,,,,,,,,,,
2.0,5,220260511,5000,3,3,12571,80272,0.00321088,0.18543858299995009,0.028226750000044376,2,0.0004,7.5426,22.0,12577.932147200001,2.5155864294400003,7.5467592883200005,0.11097779555911182,2.88e-06,3.2e-07,sparse,CountSketch random projection,countsketch_random_projection,0.1468,0.608039542558589,0.5280940943463669,0.01703524999993533,0.15857516699998087,0.00024637499996060797,0.08391962499990768,0.24274595899998985,0.9996973230202799,0.7248703994544237,0.4564064999998436,2.7062329999998838,0.26118995900003483,20.08055305480957,786.25,786.25,0.0,,,,,,,,,,,,,0.0006154170000627346,163.0,19.0,47.0,0.0,0.0010887089999869204,0.03738833300008082,0.10234279099995547,0.00825362499995208,0.008457750000047781,0.0003697909999118565
2.0,6,220260512,5000,3,3,12611,80517,0.00322068,0.1863089170000194,0.027327041000035024,3,0.0006,7.5666,19.0,12577.932147200001,2.5155864294400003,7.5467592883200005,0.11097779555911182,2.88e-06,3.2e-07,sparse,Non-random,non_random,0.1014,0.7187617979351766,0.6383814347460505,0.01726645900009771,0.07535745799998494,0.00011637500006145274,0.08335479200002283,0.15883479199999329,1.0000000000000004,0.7420538998747698,0.37246458300012364,1.7975339999993594,0.17755866699997114,2.8058433532714844,786.25,786.25,0.0,,,,,,,,,,,,,,,,,,,,,,,
2.0,6,220260512,5000,3,3,12611,80517,0.00322068,0.1863089170000194,0.027327041000035024,3,0.0006,7.5666,19.0,12577.932147200001,2.5155864294400003,7.5467592883200005,0.11097779555911182,2.88e-06,3.2e-07,sparse,Gaussian random projection,gaussian_random_projection,0.1622,0.5729242347827885,0.4957779202236541,0.017424624999989646,0.178545541999938,0.00040949999993245,0.08818720900001153,0.26714979199994104,0.9997694487053963,0.7227095149072942,0.4807782089999364,2.834936000000198,0.2859504590001052,26.222731590270996,786.25,786.25,0.0,0.012311332999956903,0.04284341700008554,0.10435533299994404,0.008362583000007362,0.010218207999969309,0.0003699580000784408,,,,,,,,,,,,,,,,,
2.0,6,220260512,5000,3,3,12611,80517,0.00322068,0.1863089170000194,0.027327041000035024,3,0.0006,7.5666,19.0,12577.932147200001,2.5155864294400003,7.5467592883200005,0.11097779555911182,2.88e-06,3.2e-07,sparse,Random sampling,random_sampling,0.2242,0.4405046146153323,0.37552782975108673,0.01762925000002724,0.20894937499997468,0.0001262499999938882,0.13515258300003552,0.3442336250000153,1.0829838173518966,0.8731459501174552,0.5578641660000585,3.471258000000489,0.3632585840000502,3.726040840148926,786.25,786.25,0.0,,,,,,,0.003925208999930874,0.20500012499996956,42757.0,30141.0,0.7,56780.0,,,,,,,,,,,
2.0,6,220260512,5000,3,3,12611,80517,0.00322068,0.1863089170000194,0.027327041000035024,3,0.0006,7.5666,19.0,12577.932147200001,2.5155864294400003,7.5467592883200005,0.11097779555911182,2.88e-06,3.2e-07,sparse,CountSketch random projection,countsketch_random_projection,0.1412,0.6211614365106483,0.540972676788858,0.017543582999905993,0.173886207999999,0.00024425000003702735,0.0895343329999605,0.26366987500000505,0.9997536743906615,0.7287240959021826,0.47730074900005093,2.7446390000004612,0.2826421670000627,20.083356857299805,786.25,786.25,0.0,,,,,,,,,,,,,0.0006495410000297852,163.0,19.0,46.0,0.0,0.001131708000002618,0.03778066699999272,0.11609233399997265,0.008534042000064801,0.009404000000017732,0.00024025000004712638
2.0,7,220260513,5000,3,3,12581,80324,0.00321296,0.19634658300003593,0.027444582999919476,8,0.0016,7.5486,18.0,12577.932147200001,2.5155864294400003,7.5467592883200005,0.11097779555911182,2.88e-06,3.2e-07,sparse,Non-random,non_random,0.105,0.7098661612118752,0.6290517863508075,0.01736649999998008,0.07525187500004904,0.00012495900000430993,0.08464366600003359,0.16002754099997674,0.9999999999999997,0.7407613414762589,0.38381166600004235,1.7696450000003097,0.17881083300005685,2.7992172241210938,786.25,786.25,0.0,,,,,,,,,,,,,,,,,,,,,,,
2.0,7,220260513,5000,3,3,12581,80324,0.00321296,0.19634658300003593,0.027444582999919476,8,0.0016,7.5486,18.0,12577.932147200001,2.5155864294400003,7.5467592883200005,0.11097779555911182,2.88e-06,3.2e-07,sparse,Gaussian random projection,gaussian_random_projection,0.1398,0.624525502254811,0.5439300289717882,0.017579957999942053,0.17853433300001598,0.00029345799998736766,0.08931383300000562,0.2681480420000071,0.9997554416691823,0.728486266400026,0.49193278999996437,2.959060999999565,0.2871413750000329,26.2205228805542,786.25,786.25,0.0,0.009110958000064784,0.05008441599989055,0.10107400000003963,0.008382957999970131,0.009502541000074416,0.00031887500006178016,,,,,,,,,,,,,,,,,
2.0,7,220260513,5000,3,3,12581,80324,0.00321296,0.19634658300003593,0.027444582999919476,8,0.0016,7.5486,18.0,12577.932147200001,2.5155864294400003,7.5467592883200005,0.11097779555911182,2.88e-06,3.2e-07,sparse,Random sampling,random_sampling,0.3686,0.23284327119840106,0.2269092846096886,0.017979749999994965,0.15771391700002368,0.0001952080000364731,0.1655415840000387,0.32345633300008103,1.0743009076752141,0.8752569974980343,0.5472418750000543,3.5730160000002797,0.3428398339999603,3.6897315979003906,786.25,786.25,0.0,,,,,,,0.003736041999900408,0.15393245799998567,42658.0,29675.0,0.7,55846.0,,,,,,,,,,,
2.0,7,220260513,5000,3,3,12581,80324,0.00321296,0.19634658300003593,0.027444582999919476,8,0.0016,7.5486,18.0,12577.932147200001,2.5155864294400003,7.5467592883200005,0.11097779555911182,2.88e-06,3.2e-07,sparse,CountSketch random projection,countsketch_random_projection,0.1528,0.5941624870857671,0.5149767937460201,0.016983625000079883,0.1587771670000393,0.0002495840000165117,0.08551441700001305,0.24454658399997697,0.9996759372995935,0.7256871303886785,0.4683323340000243,2.7354420000001483,0.26299008300009064,20.081148147583008,786.25,786.25,0.0,,,,,,,,,,,,,0.0006067079999638736,163.0,20.0,47.0,0.0,0.0010854160000235424,0.037227500000085456,0.10262299999999414,0.008329167000056259,0.008615582999937033,0.00023937499997828127
2.0,8,220260514,5000,3,3,12614,80546,0.00322184,0.191439833000004,0.02721249999990505,2,0.0004,7.5684,19.0,12577.932147200001,2.5155864294400003,7.5467592883200005,0.11097779555911182,2.88e-06,3.2e-07,sparse,Non-random,non_random,0.0874,0.7548277789657664,0.6763300298472384,0.017815042000052017,0.07470654199994442,0.00012112499996419501,0.08036524999999983,0.15519941599995946,0.9999999999999994,0.7457001940759527,0.3738452499998175,1.7511349999995218,0.1744829579999987,2.8068389892578125,786.25,786.25,0.0,,,,,,,,,,,,,,,,,,,,,,,
2.0,8,220260514,5000,3,3,12614,80546,0.00322184,0.191439833000004,0.02721249999990505,2,0.0004,7.5684,19.0,12577.932147200001,2.5155864294400003,7.5467592883200005,0.11097779555911182,2.88e-06,3.2e-07,sparse,Gaussian random projection,gaussian_random_projection,0.1374,0.6302964569461614,0.5498549293652973,0.017542832999993152,0.17606533299999683,0.00025029100004303473,0.09210558300003413,0.26842637499999,0.9997333486086445,0.7312510889758054,0.48707353999998304,2.89870400000018,0.2873858330000303,26.223063468933105,786.25,786.25,0.0,0.009130291000019497,0.04367400000000998,0.10343370800001139,0.009463874999937616,0.010054332999970939,0.0002613330000258429,,,,,,,,,,,,,,,,,
2.0,8,220260514,5000,3,3,12614,80546,0.00322184,0.191439833000004,0.02721249999990505,2,0.0004,7.5684,19.0,12577.932147200001,2.5155864294400003,7.5467592883200005,0.11097779555911182,2.88e-06,3.2e-07,sparse,Random sampling,random_sampling,0.2354,0.42040396111253103,0.35917398066742967,0.019923374999962107,0.18551929199998085,0.00012145899995630316,0.12248875000000226,0.30813387500006684,1.0758338532354341,0.8720117216980406,0.5267818339998485,3.1227490000001126,0.3294347920000291,3.707402229309082,786.25,786.25,0.0,,,,,,,0.0049039589999893,0.18058825000002798,42772.0,29870.0,0.7,56225.0,,,,,,,,,,,
2.0,8,220260514,5000,3,3,12614,80546,0.00322184,0.191439833000004,0.02721249999990505,2,0.0004,7.5684,19.0,12577.932147200001,2.5155864294400003,7.5467592883200005,0.11097779555911182,2.88e-06,3.2e-07,sparse,CountSketch random projection,countsketch_random_projection,0.1284,0.6518075262645575,0.5709997197973401,0.017407832999992934,0.1778084579999586,0.00037158300006012723,0.0905459159999964,0.26873266699999476,0.9997852152846805,0.7316550484925559,0.48737828999992416,2.53716600000007,0.28762575000007473,20.083688735961914,786.25,786.25,0.0,,,,,,,,,,,,,0.0006494159999874682,163.0,15.0,44.0,0.0,0.0010812909999913245,0.04094837499997084,0.11409795800000211,0.009523332999947343,0.011167875000069216,0.00026354099998116
2.0,9,220260515,5000,3,3,12656,80767,0.00323068,0.21686512500002664,0.03763945900004728,3,0.0006,7.5936,20.0,12577.932147200001,2.5155864294400003,7.5467592883200005,0.11097779555911182,2.88e-06,3.2e-07,sparse,Non-random,non_random,0.1066,0.7056579180565842,0.6241259142396137,0.01715116599996236,0.07800345800001196,0.00013912500003243622,0.08525974999997743,0.1634103750000122,0.9999999999999994,0.7370573972223643,0.41790691700009575,1.7797780000000785,0.18231758299998546,2.8144264221191406,786.25,786.25,0.0,,,,,,,,,,,,,,,,,,,,,,,
2.0,9,220260515,5000,3,3,12656,80767,0.00323068,0.21686512500002664,0.03763945900004728,3,0.0006,7.5936,20.0,12577.932147200001,2.5155864294400003,7.5467592883200005,0.11097779555911182,2.88e-06,3.2e-07,sparse,Gaussian random projection,gaussian_random_projection,0.1534,0.5927431759600392,0.5136812710605118,0.018914290999987315,0.17379070799995588,0.00023875000010775693,0.08983987500005242,0.2638741250000294,0.9997665869954506,0.7192677214151543,0.51837391700019,2.8206639999998515,0.2848071670000536,26.225592613220215,786.25,786.25,0.0,0.010128249999979744,0.04475670900001205,0.09951745900002607,0.009428915999933452,0.009674832999962746,0.00023424999994858808,,,,,,,,,,,,,,,,,
2.0,9,220260515,5000,3,3,12656,80767,0.00323068,0.21686512500002664,0.03763945900004728,3,0.0006,7.5936,20.0,12577.932147200001,2.5155864294400003,7.5467592883200005,0.11097779555911182,2.88e-06,3.2e-07,sparse,Random sampling,random_sampling,0.417,0.17098573644699697,0.1749817302229048,0.017438208000044142,0.21101991600005476,0.00019162500007041672,0.14872400000001562,0.35994204200005697,1.07699198801718,0.8768181232573645,0.6144401250002147,3.7009390000002895,0.3787811670000565,3.713435173034668,786.25,786.25,0.0,,,,,,,0.004443291000029603,0.20653100000004088,42882.0,29902.0,0.7,56270.0,,,,,,,,,,,
2.0,9,220260515,5000,3,3,12656,80767,0.00323068,0.21686512500002664,0.03763945900004728,3,0.0006,7.5936,20.0,12577.932147200001,2.5155864294400003,7.5467592883200005,0.11097779555911182,2.88e-06,3.2e-07,sparse,CountSketch random projection,countsketch_random_projection,0.1518,0.596347598748609,0.5182593994035359,0.019771750000018073,0.17130295800006934,0.00023029199996926764,0.08399804199996197,0.25553579199993237,0.9997098414463732,0.7219098690390598,0.5100358760000745,2.729878999999528,0.27675033399998483,20.086217880249023,786.25,786.25,0.0,,,,,,,,,,,,,0.0006297499999163847,163.0,16.0,44.0,0.0,0.0011015000000043074,0.04370762499991088,0.1077829580000298,0.00803516700000273,0.009735584000054587,0.0002624999999625288
2.0,10,220260516,5000,3,3,12619,80540,0.0032216,0.20365154099999927,0.030970457999956125,2,0.0004,7.5714,19.0,12577.932147200001,2.5155864294400003,7.5467592883200005,0.11097779555911182,2.88e-06,3.2e-07,sparse,Non-random,non_random,0.1102,0.6967307297481041,0.6152100717568799,0.017831542000067202,0.07607162499994047,0.00012270800004898774,0.10674533300004896,0.18294583299996248,0.9999999999999994,0.7376435228673204,0.4175616649999938,1.657097000000249,0.20223425000006046,2.8066329956054688,786.25,786.25,0.0,,,,,,,,,,,,,,,,,,,,,,,
2.0,10,220260516,5000,3,3,12619,80540,0.0032216,0.20365154099999927,0.030970457999956125,2,0.0004,7.5714,19.0,12577.932147200001,2.5155864294400003,7.5467592883200005,0.11097779555911182,2.88e-06,3.2e-07,sparse,Gaussian random projection,gaussian_random_projection,0.1526,0.5947391175277795,0.5159580493824056,0.019399375000034524,0.17540562500005308,0.0003602080000746355,0.0944477079999615,0.27021987500006617,0.9997708317690683,0.7231692260314104,0.5048355400000446,2.8831520000003366,0.2917400840000255,26.222994804382324,786.25,786.25,0.0,0.009141499999941516,0.04560579099995721,0.10160787500001334,0.009160957999938546,0.009607749999986481,0.00022266600001330517,,,,,,,,,,,,,,,,,
2.0,10,220260516,5000,3,3,12619,80540,0.0032216,0.20365154099999927,0.030970457999956125,2,0.0004,7.5714,19.0,12577.932147200001,2.5155864294400003,7.5467592883200005,0.11097779555911182,2.88e-06,3.2e-07,sparse,Random sampling,random_sampling,0.4088,0.1634441198568945,0.15049518631821993,0.017404542000008405,0.22650766599997496,0.00011758400000871916,0.1319596249999222,0.35858933300005447,1.0747631719272357,0.8718671142098473,0.5932068739998613,3.8603000000002794,0.3774252499999875,3.7084436416625977,786.25,786.25,0.0,,,,,,,0.004262083999947208,0.22222329199996693,42769.0,29869.0,0.7,56269.0,,,,,,,,,,,
2.0,10,220260516,5000,3,3,12619,80540,0.0032216,0.20365154099999927,0.030970457999956125,2,0.0004,7.5714,19.0,12577.932147200001,2.5155864294400003,7.5467592883200005,0.11097779555911182,2.88e-06,3.2e-07,sparse,CountSketch random projection,countsketch_random_projection,0.1424,0.6185525474707121,0.538478944731135,0.024124292000010428,0.17131958300001315,0.00023999999996249244,0.09619141599989689,0.26775608299999476,0.9997571006818433,0.7234207750270203,0.5023729979998279,2.9428609999995388,0.29332112500003404,20.083620071411133,786.25,786.25,0.0,,,,,,,,,,,,,0.0006357910000360789,163.0,14.0,48.0,0.0,0.001100040999972407,0.04896625000003496,0.10352058300009048,0.008242332999998325,0.008530999999948108,0.0002705419999529113
4.0,1,420260507,5000,3,3,25282,156032,0.00624128,0.4246753749999925,0.058504290999962905,0,0.0,15.1692,29.0,25155.864294400002,5.031172858880001,15.093518576640001,0.11097779555911182,5.76e-06,6.4e-07,sparse,Non-random,non_random,0.012,0.9643083505555605,0.9340251770277048,0.01762183300002107,0.060623332999966806,0.00020016600001326879,0.07448987500004023,0.13532162499996048,1.0000000000000002,0.6942559661634056,0.6184930399999757,1.3705400000008012,0.15506204200005413,5.398445129394531,786.25,786.25,0.0,,,,,,,,,,,,,,,,,,,,,,,
4.0,1,420260507,5000,3,3,25282,156032,0.00624128,0.4246753749999925,0.058504290999962905,0,0.0,15.1692,29.0,25155.864294400002,5.031172858880001,15.093518576640001,0.11097779555911182,5.76e-06,6.4e-07,sparse,Gaussian random projection,gaussian_random_projection,0.0206,0.939156881793418,0.8964046417799134,0.017031624999958694,0.25097966700002416,0.0003565840000874232,0.07064662499999486,0.3219894999999724,0.9999737235729071,0.6896920557022749,0.8051625420000619,2.8494889999992665,0.34105604199999107,27.08693218231201,786.25,786.25,0.0,0.00985704100003204,0.09907770799998161,0.11848574999999073,0.01309133400002338,0.010078125000063665,0.00030200000003333116,,,,,,,,,,,,,,,,,
4.0,1,420260507,5000,3,3,25282,156032,0.00624128,0.4246753749999925,0.058504290999962905,0,0.0,15.1692,29.0,25155.864294400002,5.031172858880001,15.093518576640001,0.11097779555911182,5.76e-06,6.4e-07,sparse,Random sampling,random_sampling,0.0474,0.8628358375520022,0.7971058176001135,0.017738708000024417,0.10564974999999777,0.00021099999992202356,0.08653995800000303,0.19240812500004267,1.0699149326154618,0.7965550951374039,0.6755803739998782,1.8341870000003837,0.21368229199993038,7.05448055267334,786.25,786.25,0.0,,,,,,,0.006716791000030753,0.09889354200004163,80516.0,56760.0,0.7,109977.0,,,,,,,,,,,
4.0,1,420260507,5000,3,3,25282,156032,0.00624128,0.4246753749999925,0.058504290999962905,0,0.0,15.1692,29.0,25155.864294400002,5.031172858880001,15.093518576640001,0.11097779555911182,5.76e-06,6.4e-07,sparse,CountSketch random projection,countsketch_random_projection,0.0186,0.9449656477476951,0.9043929486837241,0.01766633300007925,0.22301941699993222,0.0002497919999768783,0.07288137500006542,0.29615516699993805,0.999979738163859,0.6895952241387167,0.77933024999993,3.1629259999999704,0.3157089580000729,20.94755744934082,786.25,786.25,0.0,,,,,,,,,,,,,0.0006112080000093556,163.0,18.0,49.0,0.0,0.0018408749999707652,0.10159941699998853,0.09589895900001011,0.012376208999967275,0.010237125000003289,0.00039683399995738
4.0,2,420260508,5000,3,3,25279,156042,0.00624168,0.46355562500002634,0.05583229100000153,0,0.0,15.1674,30.0,25155.864294400002,5.031172858880001,15.093518576640001,0.11097779555911182,5.76e-06,6.4e-07,sparse,Non-random,non_random,0.0178,0.9472929340559064,0.9075097812264499,0.019160707999958504,0.055719791999990775,0.00012850000007347262,0.07330445800005236,0.1291604580000012,1.0000000000000007,0.6935573337546849,0.6485406660001445,1.473590000000513,0.15042674999995143,5.3987884521484375,786.25,786.25,0.0,,,,,,,,,,,,,,,,,,,,,,,
4.0,2,420260508,5000,3,3,25279,156042,0.00624168,0.46355562500002634,0.05583229100000153,0,0.0,15.1674,30.0,25155.864294400002,5.031172858880001,15.093518576640001,0.11097779555911182,5.76e-06,6.4e-07,sparse,Gaussian random projection,gaussian_random_projection,0.0214,0.9368124231513703,0.8925995899212908,0.017658291999964604,0.21367479200000616,0.000349207999988721,0.07231941700001698,0.2863489170000548,0.9999793052004728,0.6894524983193895,0.8057313330000397,3.1620089999996708,0.30596720899995944,27.08704662322998,786.25,786.25,0.0,0.009049083000036262,0.08552524999993238,0.0989542080000092,0.012292083000033927,0.007588124999983847,0.00020612499997696432,,,,,,,,,,,,,,,,,
4.0,2,420260508,5000,3,3,25279,156042,0.00624168,0.46355562500002634,0.05583229100000153,0,0.0,15.1674,30.0,25155.864294400002,5.031172858880001,15.093518576640001,0.11097779555911182,5.76e-06,6.4e-07,sparse,Random sampling,random_sampling,0.0512,0.852260699119742,0.7841731413078306,0.020237833999999566,0.08781837500009715,0.00011904199993750808,0.07676166600003853,0.16470383299997593,1.0644659401057732,0.7962889916656203,0.6840869990001011,1.9512809999996534,0.1868038750000096,7.037796974182129,786.25,786.25,0.0,,,,,,,0.0062835840000161625,0.08151250000003074,80521.0,56493.0,0.7,109507.0,,,,,,,,,,,
4.0,2,420260508,5000,3,3,25279,156042,0.00624168,0.46355562500002634,0.05583229100000153,0,0.0,15.1674,30.0,25155.864294400002,5.031172858880001,15.093518576640001,0.11097779555911182,5.76e-06,6.4e-07,sparse,CountSketch random projection,countsketch_random_projection,0.024,0.9292633166281556,0.882065811657036,0.017255500000032953,0.21114808300001187,0.00034695799990913656,0.06844058299998323,0.2799416670000028,0.9999784007975278,0.688292941682107,0.7993235399999321,2.955041000000165,0.29909116600003927,20.94767189025879,786.25,786.25,0.0,,,,,,,,,,,,,0.0006128339999804666,163.0,14.0,44.0,0.0,0.002802208999924005,0.0809761250000065,0.10482233300001553,0.012202207999962411,0.009316249999983484,0.00033691700002691505
4.0,3,420260509,5000,3,3,25086,154894,0.00619576,0.3772572919999675,0.054766291999953864,0,0.0,15.0516,33.0,25155.864294400002,5.031172858880001,15.093518576640001,0.11097779555911182,5.76e-06,6.4e-07,sparse,Non-random,non_random,0.0132,0.9607716160643416,0.9285671762546936,0.01849079199996595,0.05398816599995371,0.0001303330000155256,0.07046583400006057,0.12459129199999097,1.0000000000000004,0.6910400060494154,0.5566079169999512,1.3705530000006547,0.14516212499995618,5.359375,786.25,786.25,0.0,,,,,,,,,,,,,,,,,,,,,,,
4.0,3,420260509,5000,3,3,25086,154894,0.00619576,0.3772572919999675,0.054766291999953864,0,0.0,15.0516,33.0,25155.864294400002,5.031172858880001,15.093518576640001,0.11097779555911182,5.76e-06,6.4e-07,sparse,Gaussian random projection,gaussian_random_projection,0.0222,0.9345116615874364,0.8896934693276571,0.018025125000008302,0.20577529100000902,0.00023966700007349573,0.06754924999995637,0.2735690419999628,0.9999797816608661,0.6845906624701019,0.7055877919999602,2.8653000000003885,0.2936307499999202,27.073908805847168,786.25,786.25,0.0,0.00905391599997074,0.07783737499994459,0.09744612499991945,0.012460957999905986,0.008677584000110983,0.0002478330000030837,,,,,,,,,,,,,,,,,
4.0,3,420260509,5000,3,3,25086,154894,0.00619576,0.3772572919999675,0.054766291999953864,0,0.0,15.0516,33.0,25155.864294400002,5.031172858880001,15.093518576640001,0.11097779555911182,5.76e-06,6.4e-07,sparse,Random sampling,random_sampling,0.0502,0.8550250949755578,0.7875252912256141,0.01750020899999072,0.08727987499992196,0.00011425000002418528,0.07735616700006176,0.16475491699998202,1.0657720998204991,0.7945512425934521,0.5967738759999293,1.8474599999999555,0.1841020000000526,6.990320205688477,786.25,786.25,0.0,,,,,,,0.006570750000037151,0.08068645799994556,79947.0,56148.0,0.7,108779.0,,,,,,,,,,,
4.0,3,420260509,5000,3,3,25086,154894,0.00619576,0.3772572919999675,0.054766291999953864,0,0.0,15.0516,33.0,25155.864294400002,5.031172858880001,15.093518576640001,0.11097779555911182,5.76e-06,6.4e-07,sparse,CountSketch random projection,countsketch_random_projection,0.0226,0.9333343072269717,0.8877758867783422,0.017139958000029765,0.19379520799998318,0.00023037500000100408,0.06604987499997605,0.26007966699989993,0.9999799361055467,0.6862619655081794,0.6920990419998816,2.7238589999997203,0.27905616600003214,20.934534072875977,786.25,786.25,0.0,,,,,,,,,,,,,0.000606415999982346,163.0,16.0,50.0,0.0,0.002102082999954291,0.07138675000010153,0.09836037499997019,0.012391667000088091,0.008701874999928805,0.00019762499994158134
4.0,4,420260510,5000,3,3,25119,155046,0.00620184,0.3754500409999082,0.054506290999938756,0,0.0,15.0714,29.0,25155.864294400002,5.031172858880001,15.093518576640001,0.11097779555911182,5.76e-06,6.4e-07,sparse,Non-random,non_random,0.0182,0.9461360848914971,0.9063758754528692,0.01761791700005233,0.05264758399994207,0.0001255829999990965,0.07111666699995567,0.12389616600000863,1.0000000000000004,0.6929162407910399,0.5538461659997438,1.426007000000027,0.1435743749999574,5.364593505859375,786.25,786.25,0.0,,,,,,,,,,,,,,,,,,,,,,,
4.0,4,420260510,5000,3,3,25119,155046,0.00620184,0.3754500409999082,0.054506290999938756,0,0.0,15.0714,29.0,25155.864294400002,5.031172858880001,15.093518576640001,0.11097779555911182,5.76e-06,6.4e-07,sparse,Gaussian random projection,gaussian_random_projection,0.0256,0.9246952806779278,0.8763969356207001,0.016804583000066486,0.20611537500008126,0.0002302079999481066,0.06781695899996976,0.27416745799996534,0.9999787693350285,0.6867307050192153,0.7041188739998461,2.8764630000005127,0.2929167920000282,27.075648307800293,786.25,786.25,0.0,0.009127375000048232,0.07816791699997339,0.09778920799999469,0.012071458000036728,0.008723874999986947,0.00019574999998894782,,,,,,,,,,,,,,,,,
4.0,4,420260510,5000,3,3,25119,155046,0.00620184,0.3754500409999082,0.054506290999938756,0,0.0,15.0714,29.0,25155.864294400002,5.031172858880001,15.093518576640001,0.11097779555911182,5.76e-06,6.4e-07,sparse,Random sampling,random_sampling,0.0546,0.8428365872531052,0.7729644984980574,0.01706479099993885,0.08725141700006134,0.0001752079999732814,0.07883241700005783,0.16626545799999803,1.0612857687719512,0.7938860173168176,0.5962153739999394,1.882198000000244,0.18522795900003075,6.985431671142578,786.25,786.25,0.0,,,,,,,0.0062739580000652495,0.08094279099998403,80023.0,56014.0,0.7,108566.0,,,,,,,,,,,
4.0,4,420260510,5000,3,3,25119,155046,0.00620184,0.3754500409999082,0.054506290999938756,0,0.0,15.0714,29.0,25155.864294400002,5.031172858880001,15.093518576640001,0.11097779555911182,5.76e-06,6.4e-07,sparse,CountSketch random projection,countsketch_random_projection,0.0246,0.9275291590219782,0.8798543460387175,0.017120292000072368,0.19952945800002908,0.00035362500000246655,0.06833274999996775,0.26822154199999204,0.9999782813421947,0.6867360174818908,0.6981721649998462,2.7159059999994497,0.2871867909999537,20.9362735748291,786.25,786.25,0.0,,,,,,,,,,,,,0.0005987079999840716,163.0,15.0,45.0,0.0,0.001789709000036055,0.07605599999999413,0.09816512499992314,0.012980165999920246,0.009581374999925174,0.00028787499991267396
4.0,5,420260511,5000,3,3,24964,154190,0.0061676,0.37730841699999473,0.05596133300002748,0,0.0,14.9784,32.0,25155.864294400002,5.031172858880001,15.093518576640001,0.11097779555911182,5.76e-06,6.4e-07,sparse,Non-random,non_random,0.0184,0.9455430457953192,0.9057915179301929,0.017027124999913212,0.0538714169999821,0.00012579199994888768,0.0716602499999226,0.12566404099993633,0.999999999999999,0.690981032906733,0.5589272089998758,1.4080690000000686,0.1447755839999445,5.335205078125,786.25,786.25,0.0,,,,,,,,,,,,,,,,,,,,,,,
4.0,5,420260511,5000,3,3,24964,154190,0.0061676,0.37730841699999473,0.05596133300002748,0,0.0,14.9784,32.0,25155.864294400002,5.031172858880001,15.093518576640001,0.11097779555911182,5.76e-06,6.4e-07,sparse,Gaussian random projection,gaussian_random_projection,0.0298,0.9125074541935577,0.8606857621396622,0.0168092080000406,0.20868754200000694,0.0003447919999644,0.06903879199990115,0.2780763749999551,0.9999797350503179,0.6843739096217129,0.7113408759998947,3.0012520000000222,0.29672449999998207,27.065852165222168,786.25,786.25,0.0,0.009200625000062246,0.07989541699998881,0.09737341700008528,0.012578625000060129,0.009207708999952047,0.000371458999893548,,,,,,,,,,,,,,,,,
4.0,5,420260511,5000,3,3,24964,154190,0.0061676,0.37730841699999473,0.05596133300002748,0,0.0,14.9784,32.0,25155.864294400002,5.031172858880001,15.093518576640001,0.11097779555911182,5.76e-06,6.4e-07,sparse,Random sampling,random_sampling,0.0548,0.8422971752963643,0.7721538497501217,0.01712820800003101,0.08838883299995359,0.00018770799999856536,0.07540949999997792,0.16399195799999688,1.0635711244375183,0.7959969215343186,0.5972557909999523,1.8580719999999928,0.1829925419999654,6.938946723937988,786.25,786.25,0.0,,,,,,,0.006235875000015767,0.08211737499993887,79595.0,55607.0,0.7,107699.0,,,,,,,,,,,
4.0,5,420260511,5000,3,3,24964,154190,0.0061676,0.37730841699999473,0.05596133300002748,0,0.0,14.9784,32.0,25155.864294400002,5.031172858880001,15.093518576640001,0.11097779555911182,5.76e-06,6.4e-07,sparse,CountSketch random projection,countsketch_random_projection,0.0296,0.913139854650016,0.860334976685383,0.016768833000014638,0.203643374999956,0.00038070899995545915,0.07123924999996234,0.27527024999994865,0.9999778314954414,0.685804704022524,0.708533083999896,2.823424999999588,0.2939146250000704,20.926477432250977,786.25,786.25,0.0,,,,,,,,,,,,,0.0006057500000906657,163.0,17.0,45.0,0.0,0.0017929589999994278,0.0736933330000511,0.10118158299997049,0.013150750000022526,0.012881458000038037,0.0002639160001081109
4.0,6,420260512,5000,3,3,25093,154904,0.00619616,0.3733868330000405,0.055943624999940766,0,0.0,15.0558,31.0,25155.864294400002,5.031172858880001,15.093518576640001,0.11097779555911182,5.76e-06,6.4e-07,sparse,Non-random,non_random,0.0164,0.9513959994664825,0.9138735337881784,0.01699812499998643,0.053848832999960905,0.00012249999997493433,0.07303820800007088,0.1270161669999652,1.0,0.6917465179716137,0.556339998999988,1.3798190000006798,0.1460492080000222,5.359718322753906,786.25,786.25,0.0,,,,,,,,,,,,,,,,,,,,,,,
4.0,6,420260512,5000,3,3,25093,154904,0.00619616,0.3733868330000405,0.055943624999940766,0,0.0,15.0558,31.0,25155.864294400002,5.031172858880001,15.093518576640001,0.11097779555911182,5.76e-06,6.4e-07,sparse,Gaussian random projection,gaussian_random_projection,0.027,0.9206178938214007,0.8701491392136248,0.01688154199996461,0.20853520799994385,0.00033333399994717183,0.06747395900003994,0.2763489170000639,0.9999779532903862,0.6867462124765603,0.7056729589999122,3.0301110000000335,0.29516708400001335,27.074023246765137,786.25,786.25,0.0,0.00910179100003461,0.08021466699995017,0.09791937500006043,0.012004374999946776,0.009019332999969265,0.00021275000005971378,,,,,,,,,,,,,,,,,
4.0,6,420260512,5000,3,3,25093,154904,0.00619616,0.3733868330000405,0.055943624999940766,0,0.0,15.0558,31.0,25155.864294400002,5.031172858880001,15.093518576640001,0.11097779555911182,5.76e-06,6.4e-07,sparse,Random sampling,random_sampling,0.0572,0.8356948065930131,0.7648958011023745,0.016862292000041634,0.08789145799994458,0.00010704199996780517,0.07978679099994679,0.1677898750000395,1.0627813320533208,0.7967280069431745,0.5971157489998404,1.8850270000002638,0.18653841699995155,6.991501808166504,786.25,786.25,0.0,,,,,,,0.00622516699991138,0.0816392919999771,79952.0,56138.0,0.7,108822.0,,,,,,,,,,,
4.0,6,420260512,5000,3,3,25093,154904,0.00619616,0.3733868330000405,0.055943624999940766,0,0.0,15.0558,31.0,25155.864294400002,5.031172858880001,15.093518576640001,0.11097779555911182,5.76e-06,6.4e-07,sparse,CountSketch random projection,countsketch_random_projection,0.0242,0.9286884628610697,0.8815269830088859,0.01754258400001163,0.21519150000005993,0.00022750000005089532,0.06837066599996433,0.28379437500007043,0.9999767551381762,0.6863993907569501,0.7131201240000564,2.982876000000033,0.30322175000003426,20.934648513793945,786.25,786.7109375,0.4609375,,,,,,,,,,,,,0.0006191250000711079,163.0,13.0,52.0,0.0,0.0018045000000483924,0.09315700000001925,0.09823558300001878,0.01236645899996347,0.008762250000017957,0.00019162500007041672
4.0,7,420260513,5000,3,3,25550,157630,0.0063052,0.3847609580000153,0.056160209000040595,0,0.0,15.33,31.0,25155.864294400002,5.031172858880001,15.093518576640001,0.11097779555911182,5.76e-06,6.4e-07,sparse,Non-random,non_random,0.0192,0.9432344924311228,0.9020742011299401,0.01720945900001425,0.05293479199997364,0.00014874999999392458,0.07144749999997657,0.1245381249999582,0.9999999999999996,0.6899779057420302,0.565452209,1.4318109999994704,0.1438069580000274,5.45330810546875,786.7109375,786.7109375,0.0,,,,,,,,,,,,,,,,,,,,,,,
4.0,7,420260513,5000,3,3,25550,157630,0.0063052,0.3847609580000153,0.056160209000040595,0,0.0,15.33,31.0,25155.864294400002,5.031172858880001,15.093518576640001,0.11097779555911182,5.76e-06,6.4e-07,sparse,Gaussian random projection,gaussian_random_projection,0.0246,0.9275448881786247,0.8795890948714324,0.01701554099997793,0.21496545900004094,0.00023170800000116287,0.06577416599998287,0.2809759169999779,0.9999819816495588,0.6830620683742555,0.7218925000000809,3.1410070000001724,0.29991020800002843,27.105219841003418,786.7109375,786.7109375,0.0,0.00930716699997447,0.08654712499992456,0.0965082910000774,0.012950499999988097,0.009409750000031636,0.00020554100001390907,,,,,,,,,,,,,,,,,
4.0,7,420260513,5000,3,3,25550,157630,0.0063052,0.3847609580000153,0.056160209000040595,0,0.0,15.33,31.0,25155.864294400002,5.031172858880001,15.093518576640001,0.11097779555911182,5.76e-06,6.4e-07,sparse,Random sampling,random_sampling,0.0562,0.8384731294697135,0.7681822535769156,0.01704304100007903,0.08744129200010775,0.00010945799999717565,0.0779090419999875,0.16546412499997132,1.0594649132014369,0.7872596702819514,0.6063809590001483,1.9282380000004196,0.18448095899998407,7.075065612792969,786.7109375,786.72265625,0.01171875,,,,,,,0.0063362079999933485,0.08108354099999815,81315.0,56582.0,0.7,109686.0,,,,,,,,,,,
4.0,7,420260513,5000,3,3,25550,157630,0.0063052,0.3847609580000153,0.056160209000040595,0,0.0,15.33,31.0,25155.864294400002,5.031172858880001,15.093518576640001,0.11097779555911182,5.76e-06,6.4e-07,sparse,CountSketch random projection,countsketch_random_projection,0.0242,0.9286831384636968,0.8812905437532906,0.01717812499998672,0.20504762500002016,0.00023108299990326486,0.06876199999999244,0.2740452919999825,0.9999798303786176,0.68375456731905,0.7149618749999718,3.023823999999877,0.29317791699997997,20.965845108032227,786.72265625,786.72265625,0.0,,,,,,,,,,,,,0.0006150420000494705,163.0,19.0,43.0,0.0,0.0018120419999831938,0.08357270900000913,0.09708200000000033,0.012646458999938659,0.009064042000090922,0.00020504200006143947
4.0,8,420260514,5000,3,3,25104,154926,0.00619704,0.3727374579999605,0.0547121669999342,0,0.0,15.0624,30.0,25155.864294400002,5.031172858880001,15.093518576640001,0.11097779555911182,5.76e-06,6.4e-07,sparse,Non-random,non_random,0.0144,0.9572657004970396,0.9227707944815413,0.017162999999982276,0.0545606250000219,0.00012812500006020855,0.06517120900002737,0.11986675000002833,0.9999999999999999,0.6974514947129944,0.5473095840000042,1.3241809999999532,0.13910220799994022,5.3604736328125,786.72265625,786.72265625,0.0,,,,,,,,,,,,,,,,,,,,,,,
4.0,8,420260514,5000,3,3,25104,154926,0.00619704,0.3727374579999605,0.0547121669999342,0,0.0,15.0624,30.0,25155.864294400002,5.031172858880001,15.093518576640001,0.11097779555911182,5.76e-06,6.4e-07,sparse,Gaussian random projection,gaussian_random_projection,0.0192,0.9432174819769599,0.9025190647573705,0.01822887499997705,0.20566899999994348,0.0002297080000062124,0.06487029100003383,0.27077362500006075,0.9999801979805512,0.6925067304327485,0.6982186239998782,3.0269570000000385,0.29090037499997834,27.074275016784668,786.72265625,786.72265625,0.0,0.009152916999937588,0.07734079199997268,0.09778595800003131,0.011841000000003987,0.009276959000089846,0.00023312499990879587,,,,,,,,,,,,,,,,,
4.0,8,420260514,5000,3,3,25104,154926,0.00619704,0.3727374579999605,0.0547121669999342,0,0.0,15.0624,30.0,25155.864294400002,5.031172858880001,15.093518576640001,0.11097779555911182,5.76e-06,6.4e-07,sparse,Random sampling,random_sampling,0.0478,0.8617526168318621,0.7959875104778726,0.021068250000098487,0.08849991699992188,0.00022520800007441721,0.07591804200001206,0.16465037499995105,1.0638470010523604,0.8003844746465439,0.5920927919999031,1.9675750000005792,0.18761908300007235,6.982632637023926,786.72265625,786.72265625,0.0,,,,,,,0.00669745800007604,0.0817768749999459,79963.0,56019.0,0.7,108546.0,,,,,,,,,,,
4.0,8,420260514,5000,3,3,25104,154926,0.00619704,0.3727374579999605,0.0547121669999342,0,0.0,15.0624,30.0,25155.864294400002,5.031172858880001,15.093518576640001,0.11097779555911182,5.76e-06,6.4e-07,sparse,CountSketch random projection,countsketch_random_projection,0.0194,0.9426393745636767,0.9012100677856251,0.01934783299998344,0.19424274999994395,0.00022104100003161875,0.06665337500010082,0.26112175000002935,0.9999703232111371,0.6921588076680587,0.6885667909999711,2.9776840000004086,0.2833893340000486,20.934900283813477,786.72265625,786.72265625,0.0,,,,,,,,,,,,,0.0006161249999649954,163.0,18.0,48.0,0.0,0.0017880410000543634,0.07119937500010565,0.10066779199996745,0.011986458000023958,0.007744834000050105,0.00019566699995721137
4.0,9,420260515,5000,3,3,25092,154924,0.00619696,0.3733453749999853,0.054568584000094233,0,0.0,15.0552,35.0,25155.864294400002,5.031172858880001,15.093518576640001,0.11097779555911182,5.76e-06,6.4e-07,sparse,Non-random,non_random,0.0172,0.9490430459562914,0.9109119739351628,0.017045040999960293,0.05290279100006501,0.00013508300003195473,0.0692580420000013,0.12230312500003038,1.0000000000000007,0.6914894265347286,0.5502098750001778,1.405533999999534,0.14138266700001623,5.360404968261719,786.72265625,786.72265625,0.0,,,,,,,,,,,,,,,,,,,,,,,
4.0,9,420260515,5000,3,3,25092,154924,0.00619696,0.3733453749999853,0.054568584000094233,0,0.0,15.0552,35.0,25155.864294400002,5.031172858880001,15.093518576640001,0.11097779555911182,5.76e-06,6.4e-07,sparse,Gaussian random projection,gaussian_random_projection,0.0266,0.9217917993128636,0.8723828502159723,0.016811000000075182,0.2055056250000007,0.00022133400000257097,0.06840858400005345,0.27413995899996735,0.9999832100448884,0.6857661612290746,0.7020495020001363,3.0918839999994816,0.29287062499997774,27.074252128601074,786.72265625,786.72265625,0.0,0.009260999999924024,0.0794364589999077,0.09681249999994179,0.011719375000097898,0.008041041000069526,0.0001915830000598362,,,,,,,,,,,,,,,,,
4.0,9,420260515,5000,3,3,25092,154924,0.00619696,0.3733453749999853,0.054568584000094233,0,0.0,15.0552,35.0,25155.864294400002,5.031172858880001,15.093518576640001,0.11097779555911182,5.76e-06,6.4e-07,sparse,Random sampling,random_sampling,0.0564,0.8378934153021513,0.7669845344738342,0.01670004200002495,0.08710945800009995,0.00011300000005576294,0.07570733299996846,0.16293433300006654,1.0611160736263041,0.7905341484499311,0.5908437500002037,1.8915909999996074,0.18155279199993402,6.96635627746582,786.72265625,786.72265625,0.0,,,,,,,0.006248249999998734,0.08083658300006391,79962.0,55785.0,0.7,108080.0,,,,,,,,,,,
4.0,9,420260515,5000,3,3,25092,154924,0.00619696,0.3733453749999853,0.054568584000094233,0,0.0,15.0552,35.0,25155.864294400002,5.031172858880001,15.093518576640001,0.11097779555911182,5.76e-06,6.4e-07,sparse,CountSketch random projection,countsketch_random_projection,0.023,0.9321669765739313,0.8862854325029262,0.017082582999933038,0.20230500000002394,0.0002315000000407963,0.06686779199992543,0.26940875000002507,0.9999745109382457,0.6861531014557064,0.6973182510000697,2.9974089999996067,0.2883707089999916,20.934877395629883,786.72265625,786.72265625,0.0,,,,,,,,,,,,,0.0006077919999825099,163.0,16.0,44.0,0.0,0.0017764579999948182,0.0812164589999611,0.09788787499996943,0.01207366699998147,0.008495750000065527,0.000196791000007579
4.0,10,420260516,5000,3,3,25203,155602,0.00622408,0.38021616699995775,0.0557752500000106,0,0.0,15.1218,33.0,25155.864294400002,5.031172858880001,15.093518576640001,0.11097779555911182,5.76e-06,6.4e-07,sparse,Non-random,non_random,0.0194,0.9426390256493861,0.9009572021370255,0.01722558299991306,0.052740707999987535,0.00012595799989867373,0.0694223329999204,0.12229595799999515,0.9999999999999986,0.6913628836772534,0.558280415999775,1.4103800000002593,0.14172500000006494,5.3836822509765625,786.72265625,786.72265625,0.0,,,,,,,,,,,,,,,,,,,,,,,
4.0,10,420260516,5000,3,3,25203,155602,0.00622408,0.38021616699995775,0.0557752500000106,0,0.0,15.1218,33.0,25155.864294400002,5.031172858880001,15.093518576640001,0.11097779555911182,5.76e-06,6.4e-07,sparse,Gaussian random projection,gaussian_random_projection,0.0296,0.9132055682053665,0.8610360756877663,0.01700012499998138,0.20792845800008308,0.00021745899994130014,0.06627095900000768,0.2744215410000379,0.999976785965052,0.6855551755197176,0.7104082930000004,2.9208449999996446,0.2932893749999721,27.082011222839355,786.72265625,786.72265625,0.0,0.009155333999956383,0.07950900000003003,0.09896183400007885,0.011970958000006249,0.008069291000083467,0.00022766699999010598,,,,,,,,,,,,,,,,,
4.0,10,420260516,5000,3,3,25203,155602,0.00622408,0.38021616699995775,0.0557752500000106,0,0.0,15.1218,33.0,25155.864294400002,5.031172858880001,15.093518576640001,0.11097779555911182,5.76e-06,6.4e-07,sparse,Random sampling,random_sampling,0.0548,0.8423792071425967,0.7728265866158953,0.01720620899993719,0.08710770800007595,0.00011649999999008287,0.07875654099996154,0.1659857090000969,1.0616910727546913,0.792346665599807,0.6019721659999959,1.9526319999995394,0.1850789169999416,7.002825736999512,786.72265625,786.72265625,0.0,,,,,,,0.006269916000064768,0.08081549999997151,80301.0,56115.0,0.7,108749.0,,,,,,,,,,,
4.0,10,420260516,5000,3,3,25203,155602,0.00622408,0.38021616699995775,0.0557752500000106,0,0.0,15.1218,33.0,25155.864294400002,5.031172858880001,15.093518576640001,0.11097779555911182,5.76e-06,6.4e-07,sparse,CountSketch random projection,countsketch_random_projection,0.0246,0.927574146818123,0.8801193500084831,0.01705349999997452,0.20190416599996297,0.0002452919999313963,0.07027820799999063,0.2724322920000759,0.999979279167223,0.6861646389146455,0.7084190829998533,3.0541000000002896,0.2913718339999605,20.942636489868164,786.72265625,786.72265625,0.0,,,,,,,,,,,,,0.0006236670000134836,163.0,16.0,45.0,0.0,0.001806584000064504,0.08147279100001015,0.09669362500005718,0.012407082999970953,0.00859141700004784,0.00025491699989288463
8.0,1,820260507,5000,3,3,50294,304140,0.0121656,0.747679666999943,0.11380062499995347,0,0.0,30.1764,52.0,50311.728588800004,10.062345717760001,30.187037153280002,0.11097779555911182,1.152e-05,1.28e-06,sparse,Non-random,non_random,0.0004,0.9987996400963602,0.9969347574663021,0.017436249999946085,0.05619020799997543,0.0001363750000109576,0.06084270800010927,0.11717650000002777,0.9999999999999996,0.6685923233120846,0.9786495829999922,1.3698519999998098,0.13770116700004564,10.483329772949219,786.72265625,786.72265625,0.0,,,,,,,,,,,,,,,,,,,,,,,
8.0,1,820260507,5000,3,3,50294,304140,0.0121656,0.747679666999943,0.11380062499995347,0,0.0,30.1764,52.0,50311.728588800004,10.062345717760001,30.187037153280002,0.11097779555911182,1.152e-05,1.28e-06,sparse,Gaussian random projection,gaussian_random_projection,0.0006,0.9982000001442592,0.9954023004462627,0.016927750000036212,0.28893749999997453,0.00022479200003999722,0.0594648750000033,0.34863204100008716,0.9999968477801133,0.6666499184224339,1.2101074589999143,3.8341129999998884,0.3685885419999977,28.781893730163574,786.72265625,786.72265625,0.0,0.009117790999994213,0.1646352499999466,0.08643125000003238,0.020768624999959684,0.007759875000033389,0.00018841700000393757,,,,,,,,,,,,,,,,,
8.0,1,820260507,5000,3,3,50294,304140,0.0121656,0.747679666999943,0.11380062499995347,0,0.0,30.1764,52.0,50311.728588800004,10.062345717760001,30.187037153280002,0.11097779555911182,1.152e-05,1.28e-06,sparse,Random sampling,random_sampling,0.0056,0.9832670102498298,0.965766114900363,0.01721987500002342,0.07046670899990204,0.00010970800008180959,0.06306379099999049,0.13364470899989556,1.0592302720541764,0.7597732718454554,0.9951204999998708,1.624334999999519,0.15378999999995813,13.547542572021484,786.72265625,786.72265625,0.0,,,,,,,0.011397499999930005,0.05904816600002505,154570.0,108419.0,0.7,213336.0,,,,,,,,,,,
8.0,1,820260507,5000,3,3,50294,304140,0.0121656,0.747679666999943,0.11380062499995347,0,0.0,30.1764,52.0,50311.728588800004,10.062345717760001,30.187037153280002,0.11097779555911182,1.152e-05,1.28e-06,sparse,CountSketch random projection,countsketch_random_projection,0.0008,0.9976001806968461,0.9938697876144393,0.017119459000014103,0.2728839580000795,0.00022579200003747246,0.05325604199992995,0.3263705830000845,0.9999970812307383,0.6671162155085293,1.1878460839999434,3.6410410000007687,0.34636666699998386,22.642518997192383,786.72265625,786.72265625,0.0,,,,,,,,,,,,,0.0006130840000651006,163.0,19.0,48.0,0.0,0.0035841669999854275,0.15621691600006216,0.08362950000002911,0.01977879200001098,0.008810457999970822,0.00020108400008211902
8.0,2,820260508,5000,3,3,50466,305182,0.01220728,0.7624559590000217,0.11793033300000388,0,0.0,30.2796,51.0,50311.728588800004,10.062345717760001,30.187037153280002,0.11097779555911182,1.152e-05,1.28e-06,sparse,Non-random,non_random,0.0006,0.998200360504504,0.9956546720083383,0.017443791999994573,0.059322041999962494,0.00014708300000165764,0.05749491599999601,0.11697170900004039,1.0,0.6708546498039863,0.9973503329999858,1.3797389999999723,0.1377103329999727,10.51910400390625,786.72265625,786.72265625,0.0,,,,,,,,,,,,,,,,,,,,,,,
8.0,2,820260508,5000,3,3,50466,305182,0.01220728,0.7624559590000217,0.11793033300000388,0,0.0,30.2796,51.0,50311.728588800004,10.062345717760001,30.187037153280002,0.11097779555911182,1.152e-05,1.28e-06,sparse,Gaussian random projection,gaussian_random_projection,0.0006,0.998200360504504,0.9956546720083383,0.017509874999973363,0.27616645800003425,0.00035458399997878587,0.059500458000002254,0.33602745799998956,0.9999968864459252,0.6693423402540118,1.216407792000041,3.73600499999975,0.3565827500000296,28.793818473815918,786.72265625,786.72265625,0.0,0.009098083000026236,0.15112616700002945,0.08518491600000289,0.019930166999984067,0.010558416999970177,0.0002146250000123473,,,,,,,,,,,,,,,,,
8.0,2,820260508,5000,3,3,50466,305182,0.01220728,0.7624559590000217,0.11793033300000388,0,0.0,30.2796,51.0,50311.728588800004,10.062345717760001,30.187037153280002,0.11097779555911182,1.152e-05,1.28e-06,sparse,Random sampling,random_sampling,0.004,0.9880320566560425,0.9740392861770549,0.017041500000004817,0.06991770799993446,0.00010862499993891106,0.06369737499994699,0.133728417000043,1.0573067747548637,0.7580324771376367,1.014109999999846,1.6319129999992583,0.15363283400006367,13.583593368530273,786.72265625,786.72265625,0.0,,,,,,,0.011780916000020625,0.05811391699990054,155091.0,108640.0,0.7,213789.0,,,,,,,,,,,
8.0,2,820260508,5000,3,3,50466,305182,0.01220728,0.7624559590000217,0.11793033300000388,0,0.0,30.2796,51.0,50311.728588800004,10.062345717760001,30.187037153280002,0.11097779555911182,1.152e-05,1.28e-06,sparse,CountSketch random projection,countsketch_random_projection,0.0004,0.9988000000961729,0.9969348669751001,0.01687812499994834,0.26169195800002854,0.0003745829999388661,0.061092750000057094,0.3231662910000068,0.9999964339544665,0.669315987220848,1.20354558300005,3.537023999999292,0.34298195799999576,22.654443740844727,786.72265625,786.72265625,0.0,,,,,,,,,,,,,0.0006087500000830914,163.0,11.0,44.0,0.0,0.003609125000025415,0.14437879100000828,0.08374424999999519,0.02096712499997011,0.00807720899990727,0.00023062500008563802
8.0,3,820260509,5000,3,3,50262,304000,0.01216,0.7572924580000517,0.11309241700007533,0,0.0,30.1572,52.0,50311.728588800004,10.062345717760001,30.187037153280002,0.11097779555911182,1.152e-05,1.28e-06,sparse,Non-random,non_random,0.0006,0.998201080360216,0.9956548913712101,0.01722745799997938,0.05661308300000201,0.00012712499994904647,0.056093125000074906,0.1128401670000585,0.9999999999999996,0.6684994066650763,0.983218208000153,1.3453169999993406,0.1335820419999436,10.478523254394531,786.72265625,786.72265625,0.0,,,,,,,,,,,,,,,,,,,,,,,
8.0,3,820260509,5000,3,3,50262,304000,0.01216,0.7572924580000517,0.11309241700007533,0,0.0,30.1572,52.0,50311.728588800004,10.062345717760001,30.187037153280002,0.11097779555911182,1.152e-05,1.28e-06,sparse,Gaussian random projection,gaussian_random_projection,0.0004,0.998800360096072,0.996934976549586,0.01725587499993253,0.2854512499999373,0.0002319999999826905,0.058117374999937965,0.3438059999999723,0.9999971778368291,0.6670464252006824,1.214185499999985,3.604873999999654,0.36436783299996023,28.78029155731201,786.72265625,786.72265625,0.0,0.011111583999991126,0.15972179199991388,0.08625937499994052,0.020276082999998835,0.00784520899992458,0.00018524999995861435,,,,,,,,,,,,,,,,,
8.0,3,820260509,5000,3,3,50262,304000,0.01216,0.7572924580000517,0.11309241700007533,0,0.0,30.1572,52.0,50311.728588800004,10.062345717760001,30.187037153280002,0.11097779555911182,1.152e-05,1.28e-06,sparse,Random sampling,random_sampling,0.0032,0.9904190907050856,0.9784496906364638,0.017004041999939545,0.06964725000000271,0.00011129199992865324,0.06396412499998405,0.133727125000064,1.055798238310558,0.7575163011142252,1.0041075420000425,1.60172700000021,0.1536330410000346,13.52466106414795,786.72265625,786.72265625,0.0,,,,,,,0.011336000000028434,0.058287292000045454,154500.0,108112.0,0.7,212768.0,,,,,,,,,,,
8.0,3,820260509,5000,3,3,50262,304000,0.01216,0.7572924580000517,0.11309241700007533,0,0.0,30.1572,52.0,50311.728588800004,10.062345717760001,30.187037153280002,0.11097779555911182,1.152e-05,1.28e-06,sparse,CountSketch random projection,countsketch_random_projection,0.0006,0.9982001801081548,0.9954023553336799,0.01711183300005814,0.2724129169999969,0.0003455000000940345,0.05417108299991469,0.32693525000001955,0.999996874160414,0.6669257905488846,1.1973143750001327,3.6186449999995602,0.34693975000004684,22.64091682434082,786.72265625,786.72265625,0.0,,,,,,,,,,,,,0.0006101249999801439,163.0,17.0,49.0,0.0,0.0035756669999500446,0.15621533299997736,0.08391499999993357,0.019824958000072,0.007996749999961139,0.00020683299999291194
8.0,4,820260510,5000,3,3,50313,304298,0.01217192,0.7443503749999536,0.11537512500001412,0,0.0,30.1878,53.0,50311.728588800004,10.062345717760001,30.187037153280002,0.11097779555911182,1.152e-05,1.28e-06,sparse,Non-random,non_random,0.0012,0.9964018010086624,0.9910574099533217,0.017994375000057516,0.05611708300000373,0.00013749999993706297,0.06168483299995842,0.11794670799997675,1.0000000000000004,0.6700536303016833,0.9776649159998669,1.3944510000001173,0.13932537499999853,10.488754272460938,786.72265625,786.72265625,0.0,,,,,,,,,,,,,,,,,,,,,,,
8.0,4,820260510,5000,3,3,50313,304298,0.01217192,0.7443503749999536,0.11537512500001412,0,0.0,30.1878,53.0,50311.728588800004,10.062345717760001,30.187037153280002,0.11097779555911182,1.152e-05,1.28e-06,sparse,Gaussian random projection,gaussian_random_projection,0.0016,0.9952036029774961,0.9884973464043111,0.016934999999989486,0.27813720799997554,0.00034616699997513933,0.0539571670000214,0.3324472079999623,0.9999973516246996,0.6686420457460421,1.1921660419999398,3.743999999999687,0.3555132499999445,28.78370189666748,786.72265625,786.72265625,0.0,0.010615166999969006,0.15495916600002602,0.08484433299997818,0.019693541999913577,0.00776525000003403,0.0001970409999785261,,,,,,,,,,,,,,,,,
8.0,4,820260510,5000,3,3,50313,304298,0.01217192,0.7443503749999536,0.11537512500001412,0,0.0,30.1878,53.0,50311.728588800004,10.062345717760001,30.187037153280002,0.11097779555911182,1.152e-05,1.28e-06,sparse,Random sampling,random_sampling,0.0046,0.9862519180056368,0.9715305737404736,0.016904916999919806,0.07012699999995675,0.00011174999997365376,0.06268270900000061,0.13292620900006114,1.052424197236793,0.7565943221709589,0.9926469589998987,1.6323010000005524,0.15283308299990495,13.523133277893066,786.72265625,786.72265625,0.0,,,,,,,0.011385874999973566,0.05871712500004378,154649.0,108001.0,0.7,212560.0,,,,,,,,,,,
8.0,4,820260510,5000,3,3,50313,304298,0.01217192,0.7443503749999536,0.11537512500001412,0,0.0,30.1878,53.0,50311.728588800004,10.062345717760001,30.187037153280002,0.11097779555911182,1.152e-05,1.28e-06,sparse,CountSketch random projection,countsketch_random_projection,0.0016,0.9952039619690078,0.9882451954586224,0.016852916999937406,0.26347933299996384,0.00037954100002934865,0.0548609589999387,0.31872683400001733,0.9999966456192618,0.6684826636508099,1.1784453329998996,3.5558409999994183,0.3384742920000008,22.64432716369629,786.72265625,786.72265625,0.0,,,,,,,,,,,,,0.0006170830000655769,163.0,18.0,47.0,0.0,0.003601249999974243,0.14448737499992603,0.08555320899995422,0.019616042000052403,0.00922337500003323,0.00028779199999462435
8.0,5,820260511,5000,3,3,50397,304694,0.01218776,0.7426452500000096,0.11297283299995797,0,0.0,30.2382,51.0,50311.728588800004,10.062345717760001,30.187037153280002,0.11097779555911182,1.152e-05,1.28e-06,sparse,Non-random,non_random,0.0004,0.998799999952,0.9969348672771586,0.019010333999972318,0.05849808400000711,0.00012987500008421193,0.06725520800000595,0.12589024999999765,0.9999999999999983,0.6689458047774524,0.9815012500000648,1.4418569999997999,0.14843487500002084,10.502349853515625,786.72265625,786.72265625,0.0,,,,,,,,,,,,,,,,,,,,,,,
8.0,5,820260511,5000,3,3,50397,304694,0.01218776,0.7426452500000096,0.11297283299995797,0,0.0,30.2382,51.0,50311.728588800004,10.062345717760001,30.187037153280002,0.11097779555911182,1.152e-05,1.28e-06,sparse,Gaussian random projection,gaussian_random_projection,0.0012,0.9964021607204322,0.9910575201698585,0.017167333999964285,0.27751020799996695,0.0002437499999814463,0.05664791599997443,0.3344067079999604,0.9999966487395336,0.6674695409567742,1.1900199569998904,3.731977999999799,0.35458870799993747,28.788233757019043,786.72265625,786.72265625,0.0,0.012345207999942431,0.15100262499993278,0.0849468749999005,0.020671125000035317,0.008298916999933681,0.0001934160000018892,,,,,,,,,,,,,,,,,
8.0,5,820260511,5000,3,3,50397,304694,0.01218776,0.7426452500000096,0.11297283299995797,0,0.0,30.2382,51.0,50311.728588800004,10.062345717760001,30.187037153280002,0.11097779555911182,1.152e-05,1.28e-06,sparse,Random sampling,random_sampling,0.0084,0.9749484174770615,0.9507520320604128,0.017074874999934764,0.06924787499997365,0.00011141599998154561,0.06519958299998052,0.13456299999995736,1.0519516773025737,0.7558829644046909,0.9901769569999033,1.607919999999467,0.15453666700000213,13.530628204345703,786.72265625,786.72265625,0.0,,,,,,,0.01138758299998699,0.057836416000100144,154847.0,107994.0,0.7,212555.0,,,,,,,,,,,
8.0,5,820260511,5000,3,3,50397,304694,0.01218776,0.7426452500000096,0.11297283299995797,0,0.0,30.2382,51.0,50311.728588800004,10.062345717760001,30.187037153280002,0.11097779555911182,1.152e-05,1.28e-06,sparse,CountSketch random projection,countsketch_random_projection,0.0012,0.9964018027378703,0.9914048159975096,0.017889040999989447,0.26877366700000493,0.0002329169999484293,0.05648291700003938,0.325494166999988,0.9999969065204966,0.6675004016798339,1.1811075839999603,3.6199249999999665,0.3462917080000807,22.64885902404785,786.72265625,786.72265625,0.0,,,,,,,,,,,,,0.0006200419999231599,163.0,17.0,43.0,0.0,0.0036032500000828804,0.15167491700003666,0.08441458300001159,0.02052458299999671,0.007678957999928571,0.0002035830000295391
8.0,6,820260512,5000,3,3,50343,304374,0.01217496,0.7545029999999997,0.11720920899995235,0,0.0,30.2058,54.0,50311.728588800004,10.062345717760001,30.187037153280002,0.11097779555911182,1.152e-05,1.28e-06,sparse,Non-random,non_random,0.0008,0.9976005402642485,0.9938698981610087,0.017333416000042234,0.05582175000006373,0.00013445800004774355,0.058984291999991,0.11494762499989974,1.0,0.6691770811839458,0.9866527090000545,1.3376349999998638,0.1355316249999987,10.491363525390625,786.72265625,786.72265625,0.0,,,,,,,,,,,,,,,,,,,,,,,
8.0,6,820260512,5000,3,3,50343,304374,0.01217496,0.7545029999999997,0.11720920899995235,0,0.0,30.2058,54.0,50311.728588800004,10.062345717760001,30.187037153280002,0.11097779555911182,1.152e-05,1.28e-06,sparse,Gaussian random projection,gaussian_random_projection,0.0014,0.9958032411286483,0.9897775443295385,0.01733891699996093,0.2752847079999583,0.0003546670000105223,0.06083154199995988,0.3364768330000061,0.9999966850245777,0.667581505714501,1.2081831259998808,3.746939999999995,0.3570076660000723,28.784571647644043,786.72265625,786.72265625,0.0,0.009188250000079279,0.15255304100003286,0.08344050000005154,0.02007058300000608,0.009756500000094093,0.00021779200005767052,,,,,,,,,,,,,,,,,
8.0,6,820260512,5000,3,3,50343,304374,0.01217496,0.7545029999999997,0.11720920899995235,0,0.0,30.2058,54.0,50311.728588800004,10.062345717760001,30.187037153280002,0.11097779555911182,1.152e-05,1.28e-06,sparse,Random sampling,random_sampling,0.0068,0.9796956284126472,0.9587018192825167,0.01708512499999415,0.07568566700001611,0.00011574999996355473,0.07885879100001603,0.1546650000000227,1.0600923973301295,0.761975094206705,1.0263724169999477,1.598548999999366,0.17461308300005385,13.568228721618652,786.72265625,786.72265625,0.0,,,,,,,0.011935874999949192,0.06372466699997403,154687.0,108637.0,0.7,213807.0,,,,,,,,,,,
8.0,6,820260512,5000,3,3,50343,304374,0.01217496,0.7545029999999997,0.11720920899995235,0,0.0,30.2058,54.0,50311.728588800004,10.062345717760001,30.187037153280002,0.11097779555911182,1.152e-05,1.28e-06,sparse,CountSketch random projection,countsketch_random_projection,0.0006,0.9982003607207199,0.9956546715661859,0.017843374999984007,0.27945775000000594,0.00023229199996421812,0.05918816600001264,0.33888295799999923,0.9999966132432525,0.6676651566299773,1.2105904169999349,3.6853259999998045,0.35967204199994285,22.64519691467285,786.72265625,786.7265625,0.00390625,,,,,,,,,,,,,0.0010307909999482945,163.0,15.0,43.0,0.0,0.0056380420001005405,0.15716366699996343,0.08584379100000206,0.020927457999960097,0.00860362499997791,0.0001990839999734817
8.0,7,820260513,5000,3,3,50211,303470,0.0121388,0.7560443749999877,0.11364962499999365,0,0.0,30.1266,53.0,50311.728588800004,10.062345717760001,30.187037153280002,0.11097779555911182,1.152e-05,1.28e-06,sparse,Non-random,non_random,0.0002,0.9994000000480864,0.9984674335039379,0.017101208999974915,0.05997979200003556,0.00013254199996026728,0.05941925000001902,0.11953887499998928,1.0000000000000002,0.6707650143678487,0.9892255839999962,1.3283969999993133,0.1398685410000553,10.4603271484375,786.7265625,786.7265625,0.0,,,,,,,,,,,,,,,,,,,,,,,
8.0,7,820260513,5000,3,3,50211,303470,0.0121388,0.7560443749999877,0.11364962499999365,0,0.0,30.1266,53.0,50311.728588800004,10.062345717760001,30.187037153280002,0.11097779555911182,1.152e-05,1.28e-06,sparse,Gaussian random projection,gaussian_random_projection,0.0002,0.9994000000480864,0.9984674335039379,0.017439958000068145,0.29002437500003,0.0003087920000552913,0.05463158299994575,0.3449709999999868,0.9999972815296693,0.6693301118058866,1.2146587500000123,3.728845999999976,0.3654494590000468,28.774226188659668,786.7265625,786.7265625,0.0,0.009157082999990962,0.16449850000003607,0.08612766700002794,0.0211697089999916,0.00881254200010062,0.00020116600001074403,,,,,,,,,,,,,,,,,
8.0,7,820260513,5000,3,3,50211,303470,0.0121388,0.7560443749999877,0.11364962499999365,0,0.0,30.1266,53.0,50311.728588800004,10.062345717760001,30.187037153280002,0.11097779555911182,1.152e-05,1.28e-06,sparse,Random sampling,random_sampling,0.0042,0.9874380014872219,0.9729635710842175,0.016953542000010202,0.06999625000003107,0.00011166699994191731,0.05939404099990497,0.12950662499997634,1.057808809810248,0.7613253347242521,0.9991959579998593,1.5240629999998418,0.14943449999998393,13.50446605682373,786.7265625,786.7265625,0.0,,,,,,,0.011398165999935372,0.05857345799995528,154235.0,107993.0,0.7,212472.0,,,,,,,,,,,
8.0,7,820260513,5000,3,3,50211,303470,0.0121388,0.7560443749999877,0.11364962499999365,0,0.0,30.1266,53.0,50311.728588800004,10.062345717760001,30.187037153280002,0.11097779555911182,1.152e-05,1.28e-06,sparse,CountSketch random projection,countsketch_random_projection,0.0004,0.998800360096072,0.996934976549586,0.01678595900000346,0.27066566700000294,0.00024041699998633703,0.0556469160000006,0.3265574160000142,0.9999973452601397,0.669279696454837,1.1962469999999712,3.3981519999997545,0.3462229169999773,22.634851455688477,786.7265625,786.7265625,0.0,,,,,,,,,,,,,0.000621207999984108,163.0,18.0,45.0,0.0,0.0035713330000817223,0.1457183750000013,0.08960958399995889,0.020570334000012735,0.010204958000031183,0.0003167090000033568
8.0,8,820260514,5000,3,3,50055,302772,0.01211088,0.7480214169999044,0.11585329199999705,0,0.0,30.033,57.0,50311.728588800004,10.062345717760001,30.187037153280002,0.11097779555911182,1.152e-05,1.28e-06,sparse,Non-random,non_random,0.0006,0.9981996406491379,0.9956544527110883,0.017019875000073625,0.05616599999996197,0.0001449999999749707,0.056382624999969266,0.1127006670000128,1.0000000000000007,0.666980963202064,0.9765683339998077,1.2780739999998332,0.13309687499997835,10.436363220214844,786.7265625,786.7265625,0.0,,,,,,,,,,,,,,,,,,,,,,,
8.0,8,820260514,5000,3,3,50055,302772,0.01211088,0.7480214169999044,0.11585329199999705,0,0.0,30.033,57.0,50311.728588800004,10.062345717760001,30.187037153280002,0.11097779555911182,1.152e-05,1.28e-06,sparse,Gaussian random projection,gaussian_random_projection,0.0004,0.998799999952,0.9969348672771591,0.020158416999947804,0.2770775419999154,0.00021808300004977355,0.055331874999978936,0.3326323339999817,0.9999974425565576,0.664998869059454,1.1965022089998456,3.6339730000008785,0.3557683750000251,28.76623821258545,786.7265625,786.7265625,0.0,0.00914241599991783,0.15237033300002167,0.08702079200008939,0.020335125000087828,0.007982125000012275,0.00018966699997235992,,,,,,,,,,,,,,,,,
8.0,8,820260514,5000,3,3,50055,302772,0.01211088,0.7480214169999044,0.11585329199999705,0,0.0,30.033,57.0,50311.728588800004,10.062345717760001,30.187037153280002,0.11097779555911182,1.152e-05,1.28e-06,sparse,Random sampling,random_sampling,0.0062,0.9814796133470632,0.9621499272581283,0.017002625000031912,0.06950966699992023,0.00010812499999701686,0.06114020799998343,0.13076283400005195,1.0609940747947995,0.7591382854759395,0.9946327089998022,1.565520000000106,0.15061770800002705,13.482810020446777,786.7265625,786.7265625,0.0,,,,,,,0.012066375000017615,0.0574211660000401,153886.0,107886.0,0.7,212237.0,,,,,,,,,,,
8.0,8,820260514,5000,3,3,50055,302772,0.01211088,0.7480214169999044,0.11585329199999705,0,0.0,30.033,57.0,50311.728588800004,10.062345717760001,30.187037153280002,0.11097779555911182,1.152e-05,1.28e-06,sparse,CountSketch random projection,countsketch_random_projection,0.001,0.9970014408165472,0.9928421298098398,0.017193499999962114,0.25971466699991197,0.00022908300002200122,0.05702208299999256,0.31697029200006455,0.999997060394997,0.6652532749315313,1.180840541999828,3.391215999999986,0.33708950000004734,22.626863479614258,786.7265625,786.7265625,0.0,,,,,,,,,,,,,0.0006575410000095872,163.0,16.0,50.0,0.0,0.003552166999952533,0.13716795799996362,0.0871925830000464,0.021376082999950086,0.00952487500001098,0.00019554200002858124
8.0,9,820260515,5000,3,3,50642,306142,0.01224568,0.7595823750000363,0.11415275000001657,0,0.0,30.3852,52.0,50311.728588800004,10.062345717760001,30.187037153280002,0.11097779555911182,1.152e-05,1.28e-06,sparse,Non-random,non_random,0.0,1.0,1.0,0.016784832999974242,0.05819266699995751,0.00013316700005816529,0.062390375000063614,0.12072829200008073,0.9999999999999994,0.6716767940788614,0.9944513340001322,1.363031000000774,0.1407325000000128,10.55206298828125,786.7265625,786.7265625,0.0,,,,,,,,,,,,,,,,,,,,,,,
8.0,9,820260515,5000,3,3,50642,306142,0.01224568,0.7595823750000363,0.11415275000001657,0,0.0,30.3852,52.0,50311.728588800004,10.062345717760001,30.187037153280002,0.11097779555911182,1.152e-05,1.28e-06,sparse,Gaussian random projection,gaussian_random_projection,0.0002,0.9994000000480864,0.9984674335039379,0.017718583000032595,0.27764537500002007,0.0002533750000566215,0.05476741699999366,0.33267095799999424,0.9999964646276428,0.6701010894472831,1.2064012920001232,3.650854000000436,0.35342595899999196,28.804804801940918,786.7265625,786.7265625,0.0,0.009194417000003341,0.1528011670000069,0.08595233400001234,0.020091125000021748,0.009290958000065075,0.0002586669999118385,,,,,,,,,,,,,,,,,
8.0,9,820260515,5000,3,3,50642,306142,0.01224568,0.7595823750000363,0.11415275000001657,0,0.0,30.3852,52.0,50311.728588800004,10.062345717760001,30.187037153280002,0.11097779555911182,1.152e-05,1.28e-06,sparse,Random sampling,random_sampling,0.0032,0.990419449697982,0.9784498022972902,0.019928625000034117,0.07081862500001534,0.00010874999998122803,0.05825658399999156,0.12918837500001246,1.0591530377065212,0.7618620090484448,1.002919084000041,1.5369810000001962,0.15200341699994624,13.629411697387695,786.7265625,786.7265625,0.0,,,,,,,0.012896542000021327,0.057895541999982925,155571.0,109032.0,0.7,214564.0,,,,,,,,,,,
8.0,9,820260515,5000,3,3,50642,306142,0.01224568,0.7595823750000363,0.11415275000001657,0,0.0,30.3852,52.0,50311.728588800004,10.062345717760001,30.187037153280002,0.11097779555911182,1.152e-05,1.28e-06,sparse,CountSketch random projection,countsketch_random_projection,0.0004,0.9988000002403457,0.9971871294320422,0.01840420799999265,0.2665743750000047,0.00035041700004967424,0.05230583299999125,0.31923649999998815,0.9999967411904923,0.6703865976293354,1.1929657500000985,3.5473369999999704,0.3405587500000138,22.665430068969727,786.7265625,786.7265625,0.0,,,,,,,,,,,,,0.0006131659999937256,163.0,17.0,50.0,0.0,0.0035972919999949227,0.14622533400006432,0.08532358299999032,0.022820833999958268,0.007728667000037603,0.00019766699995216186
8.0,10,820260516,5000,3,3,50294,304192,0.01216768,0.7527241249999861,0.11409237499992742,0,0.0,30.1764,50.0,50311.728588800004,10.062345717760001,30.187037153280002,0.11097779555911182,1.152e-05,1.28e-06,sparse,Non-random,non_random,0.0008,0.9976007207686624,0.993869951956975,0.017296791000035228,0.057191792000026,0.00014495799996439018,0.058254959000009876,0.1155991669999139,1.0000000000000002,0.6669838637052534,0.9824082089999138,1.3424439999998867,0.13613833300007627,10.485115051269531,786.7265625,786.7265625,0.0,,,,,,,,,,,,,,,,,,,,,,,
8.0,10,820260516,5000,3,3,50294,304192,0.01216768,0.7527241249999861,0.11409237499992742,0,0.0,30.1764,50.0,50311.728588800004,10.062345717760001,30.187037153280002,0.11097779555911182,1.152e-05,1.28e-06,sparse,Gaussian random projection,gaussian_random_projection,0.001,0.9970012634466354,0.9928420699632795,0.017049042000053305,0.2897315410000374,0.0002317500000117434,0.057653957999946215,0.3476218750000726,0.9999975254258388,0.6654265449175679,1.2144337489999089,3.7494980000001306,0.3676729169999362,28.78248882293701,786.7265625,786.7265625,0.0,0.009182042000020374,0.16637124999999742,0.08578645900001902,0.02040987500004121,0.007752875000051063,0.00018658400006188458,,,,,,,,,,,,,,,,,
8.0,10,820260516,5000,3,3,50294,304192,0.01216768,0.7527241249999861,0.11409237499992742,0,0.0,30.1764,50.0,50311.728588800004,10.062345717760001,30.187037153280002,0.11097779555911182,1.152e-05,1.28e-06,sparse,Random sampling,random_sampling,0.0046,0.9862424981013815,0.9704535974248243,0.01706066600002032,0.06960129200001575,0.00012862500000210275,0.0656426250000095,0.13537766699994336,1.05864332079563,0.7602410191144093,1.0021890419999409,1.6395489999995334,0.15544920900003945,13.522651672363281,786.7265625,786.7265625,0.0,,,,,,,0.011425542000097266,0.058147874999917804,154596.0,108053.0,0.7,212588.0,,,,,,,,,,,
8.0,10,820260516,5000,3,3,50294,304192,0.01216768,0.7527241249999861,0.11409237499992742,0,0.0,30.1764,50.0,50311.728588800004,10.062345717760001,30.187037153280002,0.11097779555911182,1.152e-05,1.28e-06,sparse,CountSketch random projection,countsketch_random_projection,0.0014,0.9958027011646805,0.989525117243518,0.01887970799998584,0.26564616600001045,0.00035879200004274026,0.06166875000008076,0.32767983400003686,0.9999964596428185,0.6651575694843365,1.1944902080000475,3.5585140000002866,0.34949475000007624,22.64311408996582,786.7265625,786.73046875,0.00390625,,,,,,,,,,,,,0.000616917000002104,163.0,16.0,51.0,0.0,0.003593832999968072,0.14351270899999236,0.08749241600003188,0.019888708000053157,0.010243500000001404,0.00022208400002909912
16.0,1,1620260507,5000,3,3,100227,596178,0.02384712,1.5106375420000404,0.23485641599995688,0,0.0,60.1362,88.0,100623.45717760001,20.124691435520003,60.374074306560004,0.11097779555911182,2.304e-05,2.56e-06,sparse,Non-random,non_random,0.0,1.0,1.0,0.020926499999973203,0.03712325000003602,0.00015383300001303724,0.05229254200003197,0.08957720800003699,1.0,0.6591163437403941,1.8350635830000783,1.1190660000002026,0.11668208399999003,20.509658813476562,786.73046875,786.73046875,0.0,,,,,,,,,,,,,,,,,,,,,,,
16.0,1,1620260507,5000,3,3,100227,596178,0.02384712,1.5106375420000404,0.23485641599995688,0,0.0,60.1362,88.0,100623.45717760001,20.124691435520003,60.374074306560004,0.11097779555911182,2.304e-05,2.56e-06,sparse,Gaussian random projection,gaussian_random_projection,0.0,1.0,1.0,0.016865082999970582,0.43217733400001634,0.00036533299999064184,0.05369408299998213,0.48624262500004534,0.9999993301608506,0.658577765415064,2.2317307079999864,4.167989999999918,0.5085339590000331,32.124003410339355,786.73046875,786.73046875,0.0,0.00910333299998456,0.2893077499999208,0.09015650000003461,0.03463241700001163,0.00857104099998196,0.000334374999965803,,,,,,,,,,,,,,,,,
16.0,1,1620260507,5000,3,3,100227,596178,0.02384712,1.5106375420000404,0.23485641599995688,0,0.0,60.1362,88.0,100623.45717760001,20.124691435520003,60.374074306560004,0.11097779555911182,2.304e-05,2.56e-06,sparse,Random sampling,random_sampling,0.0002,0.999399999976,0.9984674336385791,0.017283874999975524,0.08558708399993975,0.00011199999994460086,0.05465329200001179,0.14035679100004472,1.0580235427145996,0.7450006301015967,1.8858463339998934,1.7226519999994707,0.16255716699993172,26.366663932800293,786.73046875,789.91796875,3.1875,,,,,,,0.024187959000073533,0.06137333399999534,300589.0,210559.0,0.7,417574.0,,,,,,,,,,,
16.0,1,1620260507,5000,3,3,100227,596178,0.02384712,1.5106375420000404,0.23485641599995688,0,0.0,60.1362,88.0,100623.45717760001,20.124691435520003,60.374074306560004,0.11097779555911182,2.304e-05,2.56e-06,sparse,CountSketch random projection,countsketch_random_projection,0.0,1.0,1.0,0.01720679199991082,0.4109346249999817,0.00024179199999707635,0.05156712500001959,0.4627488749999884,0.9999992618591813,0.6586746298070796,2.2082374999999956,4.351257999999689,0.4849949999999126,25.984628677368164,789.91796875,789.91796875,0.0,,,,,,,,,,,,,0.0006272919999901205,163.0,18.0,44.0,0.0,0.008249083000009705,0.271728166999992,0.0864524999999503,0.03459154100005435,0.009012916999949994,0.00022012500005530455
16.0,2,1620260508,5000,3,3,100692,598786,0.02395144,1.52361766599995,0.23952870799996617,0,0.0,60.4152,87.0,100623.45717760001,20.124691435520003,60.374074306560004,0.11097779555911182,2.304e-05,2.56e-06,sparse,Non-random,non_random,0.0,1.0,1.0,0.01723608300005708,0.037353292000034344,0.00014712500001223816,0.054065207999997256,0.09157416599998669,0.9999999999999996,0.6572934864117851,1.85471199899996,1.083107999999811,0.1143723749999026,20.599197387695312,789.91796875,789.91796875,0.0,,,,,,,,,,,,,,,,,,,,,,,
16.0,2,1620260508,5000,3,3,100692,598786,0.02395144,1.52361766599995,0.23952870799996617,0,0.0,60.4152,87.0,100623.45717760001,20.124691435520003,60.374074306560004,0.11097779555911182,2.304e-05,2.56e-06,sparse,Gaussian random projection,gaussian_random_projection,0.0,1.0,1.0,0.01720312500003729,0.4386338330000399,0.00023062499997195118,0.052254542000014226,0.4911240840000346,0.9999994305497159,0.6568475924343026,2.2542653739999423,4.276910999999927,0.5138761250000243,32.153849601745605,789.91796875,789.91796875,0.0,0.009647416999996494,0.2989947909999273,0.08551933299997927,0.035106000000041604,0.009084458999950584,0.00023116600004868815,,,,,,,,,,,,,,,,,
16.0,2,1620260508,5000,3,3,100692,598786,0.02395144,1.52361766599995,0.23952870799996617,0,0.0,60.4152,87.0,100623.45717760001,20.124691435520003,60.374074306560004,0.11097779555911182,2.304e-05,2.56e-06,sparse,Random sampling,random_sampling,0.0,1.0,1.0,0.01700816700008545,0.08699712500003898,0.00011512499997934356,0.05194395800003804,0.13906104199998026,1.0535209614345706,0.73933466200561,1.9022025819999726,1.7139939999997296,0.16104949999999008,26.47133731842041,789.91796875,789.91796875,0.0,,,,,,,0.023850958000025457,0.06312070799992853,301893.0,211301.0,0.7,419134.0,,,,,,,,,,,
16.0,2,1620260508,5000,3,3,100692,598786,0.02395144,1.52361766599995,0.23952870799996617,0,0.0,60.4152,87.0,100623.45717760001,20.124691435520003,60.374074306560004,0.11097779555911182,2.304e-05,2.56e-06,sparse,CountSketch random projection,countsketch_random_projection,0.0,1.0,1.0,0.018493208999984745,0.40082654200000434,0.00022445900003731367,0.05399679200002083,0.4550522499999943,0.9999992885127019,0.656684646512347,2.2181941669999787,4.356714999999895,0.47852979200001755,26.014474868774414,789.91796875,789.91796875,0.0,,,,,,,,,,,,,0.0006168339999703676,163.0,15.0,44.0,0.0,0.008330709000006209,0.26298979199998485,0.08446104100005414,0.035486290999983794,0.008704207999926439,0.00019087499993020174
16.0,3,1620260509,5000,3,3,100715,598712,0.02394848,1.5618530419999388,0.23929208300000937,0,0.0,60.429,95.0,100623.45717760001,20.124691435520003,60.374074306560004,0.11097779555911182,2.304e-05,2.56e-06,sparse,Non-random,non_random,0.0,1.0,1.0,0.01729904199999055,0.035931290999997145,0.00015799999994214886,0.05624683299993194,0.09234429200000704,0.9999999999999998,0.6569451323690757,1.8934812489998194,1.1230029999996987,0.1168457500000386,20.596656799316406,789.91796875,789.91796875,0.0,,,,,,,,,,,,,,,,,,,,,,,
16.0,3,1620260509,5000,3,3,100715,598712,0.02394848,1.5618530419999388,0.23929208300000937,0,0.0,60.429,95.0,100623.45717760001,20.124691435520003,60.374074306560004,0.11097779555911182,2.304e-05,2.56e-06,sparse,Gaussian random projection,gaussian_random_projection,0.0,1.0,1.0,0.01686112499999126,0.450797290999958,0.0003608750000694272,0.05252804199994898,0.5036916669999982,0.999999399707805,0.6564029260033554,2.3048313329999246,4.219728000000032,0.5264001660000304,32.15300273895264,789.91796875,802.48046875,12.5625,0.011088666999967245,0.30575329199996304,0.08924320800008445,0.034952959000065675,0.009424500000022817,0.000263459000052535,,,,,,,,,,,,,,,,,
16.0,3,1620260509,5000,3,3,100715,598712,0.02394848,1.5618530419999388,0.23929208300000937,0,0.0,60.429,95.0,100623.45717760001,20.124691435520003,60.374074306560004,0.11097779555911182,2.304e-05,2.56e-06,sparse,Random sampling,random_sampling,0.0,1.0,1.0,0.016924832999961836,0.08518845799994779,0.0001796660000081829,0.0546163340000021,0.13999012500005392,1.0565052350712012,0.7437517442900309,1.9411295829999062,1.7214239999993879,0.16190837500005273,26.476240158081055,802.48046875,802.48046875,0.0,,,,,,,0.022267749999969055,0.06288387500001136,301856.0,211411.0,0.7,419305.0,,,,,,,,,,,
16.0,3,1620260509,5000,3,3,100715,598712,0.02394848,1.5618530419999388,0.23929208300000937,0,0.0,60.429,95.0,100623.45717760001,20.124691435520003,60.374074306560004,0.11097779555911182,2.304e-05,2.56e-06,sparse,CountSketch random projection,countsketch_random_projection,0.0,1.0,1.0,0.01724704200000815,0.4107695830000466,0.0003528330000790447,0.05350324999994882,0.4646313340000461,0.9999993641289054,0.6564001510456948,2.2657707910000227,4.353090999999949,0.48682687500001975,26.013628005981445,802.48046875,802.48046875,0.0,,,,,,,,,,,,,0.0006131250000862565,163.0,14.0,44.0,0.0,0.008285957999987659,0.2712209170000506,0.08613766600001327,0.03496016700000837,0.009253499999999804,0.0002200410000341435
16.0,4,1620260510,5000,3,3,100583,598372,0.02393488,1.5167714589999832,0.24037854100004097,0,0.0,60.3498,90.0,100623.45717760001,20.124691435520003,60.374074306560004,0.11097779555911182,2.304e-05,2.56e-06,sparse,Non-random,non_random,0.0,1.0,1.0,0.01693549999993138,0.03783783400001539,0.00015516700000262063,0.053483125000070686,0.09148541599995497,1.0,0.6595305691576183,1.848626126000113,1.1111689999997907,0.11453741599996192,20.584983825683594,802.48046875,802.48046875,0.0,,,,,,,,,,,,,,,,,,,,,,,
16.0,4,1620260510,5000,3,3,100583,598372,0.02393488,1.5167714589999832,0.24037854100004097,0,0.0,60.3498,90.0,100623.45717760001,20.124691435520003,60.374074306560004,0.11097779555911182,2.304e-05,2.56e-06,sparse,Gaussian random projection,gaussian_random_projection,0.0,1.0,1.0,0.01685908299998573,0.4351417909999782,0.00022358399996846856,0.054666041000018595,0.49003604100005305,0.9999994039109493,0.659061513429555,2.2471814159999894,4.277906000000257,0.5154396249999991,32.1491117477417,802.48046875,802.48046875,0.0,0.009175750000053995,0.29318100000000413,0.08927849999997761,0.035025874999973894,0.00825145800001792,0.00018591700006709289,,,,,,,,,,,,,,,,,
16.0,4,1620260510,5000,3,3,100583,598372,0.02393488,1.5167714589999832,0.24037854100004097,0,0.0,60.3498,90.0,100623.45717760001,20.124691435520003,60.374074306560004,0.11097779555911182,2.304e-05,2.56e-06,sparse,Random sampling,random_sampling,0.0,1.0,1.0,0.019143124999914107,0.08444295799995416,0.00010999999994965037,0.05292041699999572,0.1374779169999556,1.055553102868881,0.74656426216478,1.8946233749999237,1.7049630000001343,0.16162225000005037,26.450345039367676,802.48046875,802.48046875,0.0,,,,,,,0.021716416000003846,0.06270329199992375,301686.0,211128.0,0.7,418756.0,,,,,,,,,,,
16.0,4,1620260510,5000,3,3,100583,598372,0.02393488,1.5167714589999832,0.24037854100004097,0,0.0,60.3498,90.0,100623.45717760001,20.124691435520003,60.374074306560004,0.11097779555911182,2.304e-05,2.56e-06,sparse,CountSketch random projection,countsketch_random_projection,0.0,1.0,1.0,0.017579458999989583,0.4001301250000324,0.0003563750000239452,0.051553792000049725,0.45204658300008305,0.9999992974334627,0.6590019388462254,2.2091902920001303,4.226181999999426,0.4747969170000488,26.009737014770508,802.48046875,802.48046875,0.0,,,,,,,,,,,,,0.001066916000013407,163.0,17.0,45.0,0.0,0.010335957999927814,0.2600117910000108,0.08342904200003431,0.035632333999956245,0.009355708000043705,0.0002243330000055721
16.0,5,1620260511,5000,3,3,100638,598568,0.02394272,1.5208138340000232,0.23697637499992652,0,0.0,60.3828,87.0,100623.45717760001,20.124691435520003,60.374074306560004,0.11097779555911182,2.304e-05,2.56e-06,sparse,Non-random,non_random,0.0,1.0,1.0,0.017882958999962284,0.037482834000002185,0.00016012499997941632,0.05967800000007628,0.0973287500000879,0.9999999999999999,0.6587694906845839,1.8551111680000076,1.1536510000005364,0.12143274999993992,20.591712951660156,802.48046875,802.48046875,0.0,,,,,,,,,,,,,,,,,,,,,,,
16.0,5,1620260511,5000,3,3,100638,598568,0.02394272,1.5208138340000232,0.23697637499992652,0,0.0,60.3828,87.0,100623.45717760001,20.124691435520003,60.374074306560004,0.11097779555911182,2.304e-05,2.56e-06,sparse,Gaussian random projection,gaussian_random_projection,0.0,1.0,1.0,0.019333624999944732,0.4277508749999015,0.000223667000000205,0.05225666599994838,0.4802357920000304,0.9999992864407848,0.6583527461332317,2.2380214169998,4.2247669999997015,0.5050914580000381,32.15135478973389,802.48046875,802.88671875,0.40625,0.009088499999961641,0.28847012500000346,0.08727254199993695,0.03480141600005027,0.007891749999998865,0.00018229199997676915,,,,,,,,,,,,,,,,,
16.0,5,1620260511,5000,3,3,100638,598568,0.02394272,1.5208138340000232,0.23697637499992652,0,0.0,60.3828,87.0,100623.45717760001,20.124691435520003,60.374074306560004,0.11097779555911182,2.304e-05,2.56e-06,sparse,Random sampling,random_sampling,0.0,1.0,1.0,0.017256500000030428,0.0859534999999596,0.00011387500001092121,0.05332987500003128,0.13940216699995744,1.0544829159018618,0.7442871021386473,1.8971874589999516,1.705323000000135,0.16166416600003686,26.440403938293457,802.88671875,802.88671875,0.0,,,,,,,0.021697334000009505,0.06422924999992574,301784.0,210934.0,0.7,418358.0,,,,,,,,,,,
16.0,5,1620260511,5000,3,3,100638,598568,0.02394272,1.5208138340000232,0.23697637499992652,0,0.0,60.3828,87.0,100623.45717760001,20.124691435520003,60.374074306560004,0.11097779555911182,2.304e-05,2.56e-06,sparse,CountSketch random projection,countsketch_random_projection,0.0,1.0,1.0,0.017162708000000748,0.40538712499994745,0.00022733400010110927,0.05229941699997198,0.4579193329999498,0.9999993592346801,0.6582676809248094,2.2157040849999703,4.3545640000002095,0.4815390830000297,26.011980056762695,802.88671875,802.88671875,0.0,,,,,,,,,,,,,0.001041500000042106,163.0,12.0,44.0,0.0,0.009729042000003574,0.26501775000008365,0.08571345799998653,0.03490958400004729,0.008724082999947314,0.00019383300002573378
16.0,6,1620260512,5000,3,3,100197,595562,0.02382248,1.523528666000061,0.24621625000008862,0,0.0,60.1182,92.0,100623.45717760001,20.124691435520003,60.374074306560004,0.11097779555911182,2.304e-05,2.56e-06,sparse,Non-random,non_random,0.0,1.0,1.0,0.018298458999993272,0.04089699999997265,0.00013295899998411187,0.060227666999935536,0.10126529199999368,1.0000000000000002,0.6575600720267665,1.871002542000042,1.0545279999996637,0.12643004200003816,20.488510131835938,802.88671875,802.88671875,0.0,,,,,,,,,,,,,,,,,,,,,,,
16.0,6,1620260512,5000,3,3,100197,595562,0.02382248,1.523528666000061,0.24621625000008862,0,0.0,60.1182,92.0,100623.45717760001,20.124691435520003,60.374074306560004,0.11097779555911182,2.304e-05,2.56e-06,sparse,Gaussian random projection,gaussian_random_projection,0.0,1.0,1.0,0.0183308749999469,0.46886379099998976,0.00031712500003777677,0.05578120799998487,0.5249705830000266,0.9999993905204831,0.6570477607070195,2.294707040000162,3.929490000000442,0.5503275410000015,32.11695384979248,802.88671875,802.88671875,0.0,0.009281624999971427,0.3189507910000202,0.09105412499991417,0.03974941699993906,0.009416624999971646,0.00032887499992284575,,,,,,,,,,,,,,,,,
16.0,6,1620260512,5000,3,3,100197,595562,0.02382248,1.523528666000061,0.24621625000008862,0,0.0,60.1182,92.0,100623.45717760001,20.124691435520003,60.374074306560004,0.11097779555911182,2.304e-05,2.56e-06,sparse,Random sampling,random_sampling,0.0002,0.9994000000480864,0.9984674335039379,0.021512083000061466,0.0961856250000892,0.00012441599994872377,0.06141216700007135,0.15772720799998297,1.0543402054186888,0.7422483409304691,1.927467124000259,1.8758649999999761,0.18916583400005038,26.321478843688965,802.88671875,802.88671875,0.0,,,,,,,0.028494040999930803,0.06765999999993255,300281.0,210063.0,0.7,416634.0,,,,,,,,,,,
16.0,6,1620260512,5000,3,3,100197,595562,0.02382248,1.523528666000061,0.24621625000008862,0,0.0,60.1182,92.0,100623.45717760001,20.124691435520003,60.374074306560004,0.11097779555911182,2.304e-05,2.56e-06,sparse,CountSketch random projection,countsketch_random_projection,0.0,1.0,1.0,0.017523916999948597,0.40572066700008236,0.0002338329999247435,0.053351874999975735,0.4593117499999835,0.9999993341570256,0.6571405405708487,2.2290512910001326,3.8661140000003797,0.4850872920000029,25.97757911682129,802.88671875,802.88671875,0.0,,,,,,,,,,,,,0.0010201250000818618,163.0,18.0,45.0,0.0,0.010656334000032075,0.2596425829999589,0.08770266600004106,0.03563404099998024,0.010710249999988264,0.0002985410000064803
16.0,7,1620260513,5000,3,3,100369,597268,0.02389072,1.5925307080000266,0.2594372909999265,0,0.0,60.2214,91.0,100623.45717760001,20.124691435520003,60.374074306560004,0.11097779555911182,2.304e-05,2.56e-06,sparse,Non-random,non_random,0.0,1.0,1.0,0.017331667000007656,0.03694141599999057,0.0001537919999918813,0.055410707999953956,0.09251429100004316,0.9999999999999998,0.6581548619801898,1.9444739149998895,1.0910449999992125,0.11650708299998769,20.547080993652344,802.88671875,802.88671875,0.0,,,,,,,,,,,,,,,,,,,,,,,
16.0,7,1620260513,5000,3,3,100369,597268,0.02389072,1.5925307080000266,0.2594372909999265,0,0.0,60.2214,91.0,100623.45717760001,20.124691435520003,60.374074306560004,0.11097779555911182,2.304e-05,2.56e-06,sparse,Gaussian random projection,gaussian_random_projection,0.0,1.0,1.0,0.01751137500002642,0.4453554169999734,0.0003514999999651991,0.05137550000006286,0.49708912500000224,0.9999993473470938,0.6577222002589962,2.3490504159999546,4.076351000000614,0.5216743330000781,32.13647747039795,802.88671875,809.10546875,6.21875,0.010352291999993213,0.3019093749999229,0.08903808299999127,0.035507999999936146,0.008273541999983536,0.00019945799999732117,,,,,,,,,,,,,,,,,
16.0,7,1620260513,5000,3,3,100369,597268,0.02389072,1.5925307080000266,0.2594372909999265,0,0.0,60.2214,91.0,100623.45717760001,20.124691435520003,60.374074306560004,0.11097779555911182,2.304e-05,2.56e-06,sparse,Random sampling,random_sampling,0.0,1.0,1.0,0.01809391599999799,0.08824029099992003,0.00011433300005592173,0.05380604200001926,0.14216529199995875,1.0544821159976008,0.7438273261748587,1.9941286649999483,1.6488930000004984,0.16573166600005607,26.391718864440918,809.10546875,809.10546875,0.0,,,,,,,0.024775249999947846,0.06343908400003784,301134.0,210594.0,0.7,417693.0,,,,,,,,,,,
16.0,7,1620260513,5000,3,3,100369,597268,0.02389072,1.5925307080000266,0.2594372909999265,0,0.0,60.2214,91.0,100623.45717760001,20.124691435520003,60.374074306560004,0.11097779555911182,2.304e-05,2.56e-06,sparse,CountSketch random projection,countsketch_random_projection,0.0,1.0,1.0,0.017700375000003987,0.4274632080000629,0.00022445900003731367,0.05357391699999425,0.48126683400005277,0.9999993742544422,0.6576155949284488,2.3332295830000476,4.306944999999359,0.5040918329999613,25.997102737426758,809.10546875,809.10546875,0.0,,,,,,,,,,,,,0.0010620000000471919,163.0,18.0,49.0,0.0,0.00834783300001618,0.2788087920000635,0.09458133299995097,0.03578504100005375,0.008623958999919523,0.00020125000003190507
16.0,8,1620260514,5000,3,3,100909,599962,0.02399848,1.5654722499999707,0.25645654200002355,0,0.0,60.5454,101.0,100623.45717760001,20.124691435520003,60.374074306560004,0.11097779555911182,2.304e-05,2.56e-06,sparse,Non-random,non_random,0.0,1.0,1.0,0.018235875000073065,0.03929262500003006,0.00012974999992820813,0.054724917000044115,0.09415483299994776,1.0000000000000004,0.6588502005363068,1.9160760839999966,1.0772990000004938,0.1186326670000426,20.639572143554688,809.10546875,809.10546875,0.0,,,,,,,,,,,,,,,,,,,,,,,
16.0,8,1620260514,5000,3,3,100909,599962,0.02399848,1.5654722499999707,0.25645654200002355,0,0.0,60.5454,101.0,100623.45717760001,20.124691435520003,60.374074306560004,0.11097779555911182,2.304e-05,2.56e-06,sparse,Gaussian random projection,gaussian_random_projection,0.0,1.0,1.0,0.017141499999979715,0.5286604169999691,0.0002640000000155851,0.05000491700002385,0.578935916999967,0.9999993604837843,0.6583078041616719,2.400858126000003,3.746556999999484,0.6027692080000406,32.16730785369873,809.10546875,809.10546875,0.0,0.01174645900005089,0.3764927080000007,0.09250574999998662,0.037402499999984684,0.010163250000005064,0.00024945799998477014,,,,,,,,,,,,,,,,,
16.0,8,1620260514,5000,3,3,100909,599962,0.02399848,1.5654722499999707,0.25645654200002355,0,0.0,60.5454,101.0,100623.45717760001,20.124691435520003,60.374074306560004,0.11097779555911182,2.304e-05,2.56e-06,sparse,Random sampling,random_sampling,0.0,1.0,1.0,0.017133041999954912,0.08736774999999852,0.00011362499992628727,0.05581570799995461,0.14330608299997039,1.053059652113307,0.7437751929617514,1.9652258749998737,1.6975649999994857,0.1657438339999544,26.52106761932373,809.10546875,809.10546875,0.0,,,,,,,0.022522792000017944,0.06481920800001717,302481.0,211687.0,0.7,419901.0,,,,,,,,,,,
16.0,8,1620260514,5000,3,3,100909,599962,0.02399848,1.5654722499999707,0.25645654200002355,0,0.0,60.5454,101.0,100623.45717760001,20.124691435520003,60.374074306560004,0.11097779555911182,2.304e-05,2.56e-06,sparse,CountSketch random projection,countsketch_random_projection,0.0,1.0,1.0,0.02007974999992257,0.4289030410000123,0.000265166999952271,0.054465250000021115,0.48363862500002597,0.9999992720328771,0.6582634265683974,2.30556224999998,4.040520999999899,0.5087686670000267,26.02793312072754,809.10546875,809.10546875,0.0,,,,,,,,,,,,,0.0006537910001043201,163.0,19.0,47.0,0.0,0.008527707999974155,0.2778086250000342,0.09210637500007124,0.03837937499997679,0.011087249999945925,0.0002685000000610671
16.0,9,1620260515,5000,3,3,100111,595336,0.02381344,1.6658879999999954,0.27860920899991015,0,0.0,60.0666,94.0,100623.45717760001,20.124691435520003,60.374074306560004,0.11097779555911182,2.304e-05,2.56e-06,sparse,Non-random,non_random,0.0,1.0,1.0,0.02001899999993384,0.041887416999998095,0.00013470800001869065,0.06826820799994948,0.11029937499995413,1.0000000000000002,0.6583122870028574,2.054787541999872,1.0764030000000275,0.13620066699991185,20.480751037597656,809.10546875,809.10546875,0.0,,,,,,,,,,,,,,,,,,,,,,,
16.0,9,1620260515,5000,3,3,100111,595336,0.02381344,1.6658879999999954,0.27860920899991015,0,0.0,60.0666,94.0,100623.45717760001,20.124691435520003,60.374074306560004,0.11097779555911182,2.304e-05,2.56e-06,sparse,Gaussian random projection,gaussian_random_projection,0.0,1.0,1.0,0.017972583000073428,0.5914945829999851,0.0003970839999283271,0.05329783300010149,0.6451962500000263,0.9999991862379595,0.6578251665159126,2.5896867089999205,2.8540290000000823,0.6759407079999846,32.11436748504639,809.10546875,809.10546875,0.0,0.01179741600003581,0.4234342080000033,0.10041787500006194,0.04520850000005794,0.010245042000065041,0.0002841249998937201,,,,,,,,,,,,,,,,,
16.0,9,1620260515,5000,3,3,100111,595336,0.02381344,1.6658879999999954,0.27860920899991015,0,0.0,60.0666,94.0,100623.45717760001,20.124691435520003,60.374074306560004,0.11097779555911182,2.304e-05,2.56e-06,sparse,Random sampling,random_sampling,0.0,1.0,1.0,0.02030891699996573,0.0948546660000602,0.00014833300008376682,0.0637293329999693,0.15873787499992886,1.0551310152932174,0.7460839347296472,2.103229541000019,1.5894509999998263,0.18452875000002678,26.33858299255371,809.10546875,809.10546875,0.0,,,,,,,0.023571250000031796,0.07124950000002173,300168.0,210371.0,0.7,417253.0,,,,,,,,,,,
16.0,9,1620260515,5000,3,3,100111,595336,0.02381344,1.6658879999999954,0.27860920899991015,0,0.0,60.0666,94.0,100623.45717760001,20.124691435520003,60.374074306560004,0.11097779555911182,2.304e-05,2.56e-06,sparse,CountSketch random projection,countsketch_random_projection,0.0,1.0,1.0,0.019916458000011517,0.46456016699994507,0.0002680829999235357,0.05423004099998252,0.5190634159999945,0.9999994203241508,0.6577775958085712,2.4635554999997566,3.7906339999999545,0.5468119590000242,25.974992752075195,809.10546875,809.10546875,0.0,,,,,,,,,,,,,0.0006859169999415826,163.0,17.0,45.0,0.0,0.008951375000037842,0.3119145830000889,0.09588395900004798,0.03586579099999199,0.01086491700004899,0.00030829199999971024
16.0,10,1620260516,5000,3,3,100756,599472,0.02397888,1.6449842920000037,0.25888516700001674,0,0.0,60.4536,90.0,100623.45717760001,20.124691435520003,60.374074306560004,0.11097779555911182,2.304e-05,2.56e-06,sparse,Non-random,non_random,0.0,1.0,1.0,0.017794917000060195,0.040299707999906786,0.00013062500011074007,0.059973125000055916,0.10041041700003461,0.9999999999999994,0.6600238778049055,2.004272917000094,1.106999999999971,0.12480729100002463,20.62274932861328,809.10546875,809.10546875,0.0,,,,,,,,,,,,,,,,,,,,,,,
16.0,10,1620260516,5000,3,3,100756,599472,0.02397888,1.6449842920000037,0.25888516700001674,0,0.0,60.4536,90.0,100623.45717760001,20.124691435520003,60.374074306560004,0.11097779555911182,2.304e-05,2.56e-06,sparse,Gaussian random projection,gaussian_random_projection,0.0,1.0,1.0,0.018463999999994485,0.5246782910001002,0.0002673750000212749,0.05350737499998104,0.5784595000000081,0.9999992334393017,0.6595602844221511,2.482322500000123,4.147329000000354,0.603309500000023,32.16170024871826,809.10546875,809.10546875,0.0,0.010109042000067348,0.36754975000008017,0.09810333400002946,0.03877062499998374,0.009607625000057851,0.00045779100003073836,,,,,,,,,,,,,,,,,
16.0,10,1620260516,5000,3,3,100756,599472,0.02397888,1.6449842920000037,0.25888516700001674,0,0.0,60.4536,90.0,100623.45717760001,20.124691435520003,60.374074306560004,0.11097779555911182,2.304e-05,2.56e-06,sparse,Random sampling,random_sampling,0.0002,0.999399819940018,0.9984673789514547,0.017744375000006585,0.0922027500000695,0.00012062500002230081,0.06298766599991268,0.15531591699993896,1.0568353454224542,0.7477684760321103,2.059180500000025,1.7417670000004364,0.17842416700000285,26.474852561950684,809.10546875,809.10546875,0.0,,,,,,,0.025683749999984684,0.06648900000004687,302236.0,211188.0,0.7,418832.0,,,,,,,,,,,
16.0,10,1620260516,5000,3,3,100756,599472,0.02397888,1.6449842920000037,0.25888516700001674,0,0.0,60.4536,90.0,100623.45717760001,20.124691435520003,60.374074306560004,0.11097779555911182,2.304e-05,2.56e-06,sparse,CountSketch random projection,countsketch_random_projection,0.0,1.0,1.0,0.01823683300005996,0.5178636250000181,0.0004064999999400243,0.053936333000024206,0.572212583999999,0.9999993701304506,0.6596112158475583,2.476075917000003,4.06002400000034,0.5967877919999864,26.02232551574707,809.10546875,809.10546875,0.0,,,,,,,,,,,,,0.0006973329999482303,163.0,18.0,51.0,0.0,0.009560666999959722,0.351128458000062,0.09664166700008536,0.04932187500003238,0.010084584000082941,0.0003178750000643049
