experiment,sweep,x_col,x_value,density_level,rep,seed,n,K,m,rho_n,a_in,b_out,signal_gap,p_in,p_out,num_hyperedges_total,theta_nnz,theta_density,generation_wall_sec,hypergraph_laplacian_build_wall_sec,sampling_mode,num_isolated_nodes,isolated_fraction,hypergraph_degree_mean,hypergraph_degree_max,expected_hyperedges_total,expected_hyperedges_per_n,expected_degree_mean,candidate_within_fraction,method,method_key,misclassification_rate,ARI,NMI,metric_wall_sec,method_wall_sec,algorithm_total_wall_sec,non_random_eigensolver,eigen_decomposition_wall_sec,embedding_normalize_wall_sec,kmeans_wall_sec,spectral_clustering_wall_sec,top_eigenvalue_max,top_eigenvalue_min,rp_draw_omega_sec,rp_power_iter_sec,rp_qr_sec,rp_build_core_sec,rp_small_eig_sec,rp_lift_sec,rs_sample_matrix_wall_sec,rs_original_upper_nnz,rs_sampled_upper_nnz,rs_sampling_probability,rs_sampled_theta_nnz,cs_draw_hash_sec,cs_embedding_dim,cs_bucket_min_load,cs_bucket_max_load,cs_empty_buckets,cs_initial_multiply_sec,cs_power_iter_sec,cs_qr_sec,cs_build_core_sec,cs_small_eig_sec,cs_lift_sec
EXP-20260506-008_uniform_hsbm_K_rho16_eigsh_methods_matlab,K,K,2,NaN,1,220260507,5000,2,3,16,36,4,32,2.304e-05,2.56e-06,158623,931296,0.03725184,0.0314110833333333,0.033739,sparse,0,0,95.1738,133,159840.0384,31.96800768,95.90402304,0.249849969993999,Non-random eigs,non_random,0,1,1,0.026958625,0.0870805833333333,0.1518735,eigs,0.0631062916666667,0.000327,0.023290125,0.086757375,0.999999999999999,0.781404206643535,NaN,NaN,NaN,NaN,NaN,NaN,NaN,NaN,NaN,NaN,NaN,NaN,NaN,NaN,NaN,NaN,NaN,NaN,NaN,NaN,NaN,NaN
EXP-20260506-008_uniform_hsbm_K_rho16_eigsh_methods_matlab,K,K,2,NaN,1,220260507,5000,2,3,16,36,4,32,2.304e-05,2.56e-06,158623,931296,0.03725184,0.0314110833333333,0.033739,sparse,0,0,95.1738,133,159840.0384,31.96800768,95.90402304,0.249849969993999,Gaussian RP,gaussian_random_projection,0,1,1,0.00109529166666667,0.0984795,0.163456791666667,,0.0874249583333333,7.47083333333333e-05,0.0108070416666667,0.0983195,0.999999588558671,0.781390653058225,0.00261533333333333,0.0567999583333333,0.0158290416666667,0.00752633333333333,0.004338375,0.000111916666666667,NaN,NaN,NaN,NaN,NaN,NaN,NaN,NaN,NaN,NaN,NaN,NaN,NaN,NaN,NaN,NaN
EXP-20260506-008_uniform_hsbm_K_rho16_eigsh_methods_matlab,K,K,2,NaN,1,220260507,5000,2,3,16,36,4,32,2.304e-05,2.56e-06,158623,931296,0.03725184,0.0314110833333333,0.033739,sparse,0,0,95.1738,133,159840.0384,31.96800768,95.90402304,0.249849969993999,Random sampling,random_sampling,0,1,1,0.001155125,0.0351137916666667,0.100102458333333,,0.0240174166666667,0.000143458333333333,0.0107915,0.0349693333333333,1.05870925705462,0.855779219475912,NaN,NaN,NaN,NaN,NaN,NaN,0.0133961666666667,468148,327566,0.7,651554,NaN,NaN,NaN,NaN,NaN,NaN,NaN,NaN,NaN,NaN,NaN
EXP-20260506-008_uniform_hsbm_K_rho16_eigsh_methods_matlab,K,K,2,NaN,1,220260507,5000,2,3,16,36,4,32,2.304e-05,2.56e-06,158623,931296,0.03725184,0.0314110833333333,0.033739,sparse,0,0,95.1738,133,159840.0384,31.96800768,95.90402304,0.249849969993999,CountSketch RP,countsketch_random_projection,0,1,1,0.000982416666666667,0.0894049166666667,0.154399416666667,,0.0815767083333333,9.1375e-05,0.00758125,0.0892632916666667,0.999999640860362,0.781387937869751,NaN,NaN,NaN,NaN,NaN,NaN,NaN,NaN,NaN,NaN,NaN,0.000235458333333333,162,16,47,0,0.00209258333333333,0.0511133333333333,0.015440625,0.007557875,0.00469495833333333,0.000159791666666667
EXP-20260506-008_uniform_hsbm_K_rho16_eigsh_methods_matlab,K,K,2,NaN,2,220260508,5000,2,3,16,36,4,32,2.304e-05,2.56e-06,160403,941252,0.03765008,0.0167055416666667,0.029515,sparse,0,0,96.2418,134,159840.0384,31.96800768,95.90402304,0.249849969993999,Non-random eigs,non_random,0,1,1,0.00109383333333333,0.015865125,0.0619330833333333,eigs,0.00862208333333333,0.00010975,0.00698070833333333,0.0157260416666667,1,0.782436841469068,NaN,NaN,NaN,NaN,NaN,NaN,NaN,NaN,NaN,NaN,NaN,NaN,NaN,NaN,NaN,NaN,NaN,NaN,NaN,NaN,NaN,NaN
EXP-20260506-008_uniform_hsbm_K_rho16_eigsh_methods_matlab,K,K,2,NaN,2,220260508,5000,2,3,16,36,4,32,2.304e-05,2.56e-06,160403,941252,0.03765008,0.0167055416666667,0.029515,sparse,0,0,96.2418,134,159840.0384,31.96800768,95.90402304,0.249849969993999,Gaussian RP,gaussian_random_projection,0,1,1,0.001080875,0.0922383333333333,0.138297958333333,,0.0858033333333333,7.74166666666667e-05,0.00619666666666667,0.0920879583333333,0.999999686621153,0.782420189666231,0.00253145833333333,0.0569905833333333,0.0164484583333333,0.00741158333333333,0.0022225,0.000105833333333333,NaN,NaN,NaN,NaN,NaN,NaN,NaN,NaN,NaN,NaN,NaN,NaN,NaN,NaN,NaN,NaN
EXP-20260506-008_uniform_hsbm_K_rho16_eigsh_methods_matlab,K,K,2,NaN,2,220260508,5000,2,3,16,36,4,32,2.304e-05,2.56e-06,160403,941252,0.03765008,0.0167055416666667,0.029515,sparse,0,0,96.2418,134,159840.0384,31.96800768,95.90402304,0.249849969993999,Random sampling,random_sampling,0,1,1,0.001183375,0.0240030833333333,0.070076875,,0.0171047083333333,8.40833333333333e-05,0.00666754166666667,0.0238694166666667,1.05152966497089,0.850588806327611,NaN,NaN,NaN,NaN,NaN,NaN,0.0116437916666667,473126,331382,0.7,659320,NaN,NaN,NaN,NaN,NaN,NaN,NaN,NaN,NaN,NaN,NaN
EXP-20260506-008_uniform_hsbm_K_rho16_eigsh_methods_matlab,K,K,2,NaN,2,220260508,5000,2,3,16,36,4,32,2.304e-05,2.56e-06,160403,941252,0.03765008,0.0167055416666667,0.029515,sparse,0,0,96.2418,134,159840.0384,31.96800768,95.90402304,0.249849969993999,CountSketch RP,countsketch_random_projection,0,1,1,0.00119279166666667,0.0883663333333333,0.134434625,,0.0817499166666667,7.29166666666667e-05,0.00639125,0.088226,0.999999703648277,0.782422500514007,NaN,NaN,NaN,NaN,NaN,NaN,NaN,NaN,NaN,NaN,NaN,0.000116208333333333,162,19,45,0,0.00545854166666667,0.0505189166666667,0.01599325,0.00734933333333333,0.00207479166666667,0.00011475
EXP-20260506-008_uniform_hsbm_K_rho16_eigsh_methods_matlab,K,K,2,NaN,3,220260509,5000,2,3,16,36,4,32,2.304e-05,2.56e-06,159925,938438,0.03753752,0.016449375,0.0253355,sparse,0,0,95.955,131,159840.0384,31.96800768,95.90402304,0.249849969993999,Non-random eigs,non_random,0,1,1,0.001214375,0.0133869583333333,0.055010875,eigs,0.006577375,8.35e-05,0.006565125,0.0132404166666667,1,0.782027514132172,NaN,NaN,NaN,NaN,NaN,NaN,NaN,NaN,NaN,NaN,NaN,NaN,NaN,NaN,NaN,NaN,NaN,NaN,NaN,NaN,NaN,NaN
EXP-20260506-008_uniform_hsbm_K_rho16_eigsh_methods_matlab,K,K,2,NaN,3,220260509,5000,2,3,16,36,4,32,2.304e-05,2.56e-06,159925,938438,0.03753752,0.016449375,0.0253355,sparse,0,0,95.955,131,159840.0384,31.96800768,95.90402304,0.249849969993999,Gaussian RP,gaussian_random_projection,0,1,1,0.00108166666666667,0.0917329166666667,0.133391583333333,,0.0859354166666667,8.6125e-05,0.00558516666666667,0.0916188333333333,0.999999623907773,0.782009873324537,0.00254983333333333,0.0566728333333333,0.0163677916666667,0.00748829166666667,0.00259579166666667,0.00016375,NaN,NaN,NaN,NaN,NaN,NaN,NaN,NaN,NaN,NaN,NaN,NaN,NaN,NaN,NaN,NaN
EXP-20260506-008_uniform_hsbm_K_rho16_eigsh_methods_matlab,K,K,2,NaN,3,220260509,5000,2,3,16,36,4,32,2.304e-05,2.56e-06,159925,938438,0.03753752,0.016449375,0.0253355,sparse,0,0,95.955,131,159840.0384,31.96800768,95.90402304,0.249849969993999,Random sampling,random_sampling,0,1,1,0.00116654166666667,0.0232845833333333,0.0649323333333333,,0.0164234583333333,0.000123375,0.006600625,0.023160875,1.05771781645528,0.855422095818599,NaN,NaN,NaN,NaN,NaN,NaN,0.0106709166666667,471719,329557,0.7,655540,NaN,NaN,NaN,NaN,NaN,NaN,NaN,NaN,NaN,NaN,NaN
EXP-20260506-008_uniform_hsbm_K_rho16_eigsh_methods_matlab,K,K,2,NaN,3,220260509,5000,2,3,16,36,4,32,2.304e-05,2.56e-06,159925,938438,0.03753752,0.016449375,0.0253355,sparse,0,0,95.955,131,159840.0384,31.96800768,95.90402304,0.249849969993999,CountSketch RP,countsketch_random_projection,0,1,1,0.0010695,0.0869251666666667,0.128579291666667,,0.0802232916666667,7.3375e-05,0.00649775,0.0868050833333333,0.999999684862895,0.782010923185244,NaN,NaN,NaN,NaN,NaN,NaN,NaN,NaN,NaN,NaN,NaN,0.000118208333333333,162,19,50,0,0.00335541666666667,0.051381375,0.0156622083333333,0.00754220833333333,0.001921,0.000113833333333333
EXP-20260506-008_uniform_hsbm_K_rho16_eigsh_methods_matlab,K,K,2,NaN,4,220260510,5000,2,3,16,36,4,32,2.304e-05,2.56e-06,160138,939874,0.03759496,0.0162097083333333,0.0247317916666667,sparse,0,0,96.0828,133,159840.0384,31.96800768,95.90402304,0.249849969993999,Non-random eigs,non_random,0,1,1,0.00170966666666667,0.0131120833333333,0.0539242083333333,eigs,0.00631916666666667,7.86666666666667e-05,0.006584875,0.0129950833333333,1,0.779164498389996,NaN,NaN,NaN,NaN,NaN,NaN,NaN,NaN,NaN,NaN,NaN,NaN,NaN,NaN,NaN,NaN,NaN,NaN,NaN,NaN,NaN,NaN
EXP-20260506-008_uniform_hsbm_K_rho16_eigsh_methods_matlab,K,K,2,NaN,4,220260510,5000,2,3,16,36,4,32,2.304e-05,2.56e-06,160138,939874,0.03759496,0.0162097083333333,0.0247317916666667,sparse,0,0,96.0828,133,159840.0384,31.96800768,95.90402304,0.249849969993999,Gaussian RP,gaussian_random_projection,0,1,1,0.00197354166666667,0.09255625,0.133330083333333,,0.0861659166666667,0.000103458333333333,0.00611920833333333,0.092401375,0.999999674932291,0.779148670928285,0.00256479166666667,0.057423875,0.0166278333333333,0.00734620833333333,0.00199929166666667,0.000111458333333333,NaN,NaN,NaN,NaN,NaN,NaN,NaN,NaN,NaN,NaN,NaN,NaN,NaN,NaN,NaN,NaN
EXP-20260506-008_uniform_hsbm_K_rho16_eigsh_methods_matlab,K,K,2,NaN,4,220260510,5000,2,3,16,36,4,32,2.304e-05,2.56e-06,160138,939874,0.03759496,0.0162097083333333,0.0247317916666667,sparse,0,0,96.0828,133,159840.0384,31.96800768,95.90402304,0.249849969993999,Random sampling,random_sampling,0,1,1,0.001152375,0.0225218333333333,0.0633139583333333,,0.016020875,7.52083333333333e-05,0.006276375,0.0223850833333333,1.05041732365285,0.846204773351307,NaN,NaN,NaN,NaN,NaN,NaN,0.0107635,472437,330967,0.7,658499,NaN,NaN,NaN,NaN,NaN,NaN,NaN,NaN,NaN,NaN,NaN
EXP-20260506-008_uniform_hsbm_K_rho16_eigsh_methods_matlab,K,K,2,NaN,4,220260510,5000,2,3,16,36,4,32,2.304e-05,2.56e-06,160138,939874,0.03759496,0.0162097083333333,0.0247317916666667,sparse,0,0,96.0828,133,159840.0384,31.96800768,95.90402304,0.249849969993999,CountSketch RP,countsketch_random_projection,0,1,1,0.00103945833333333,0.0872507083333333,0.128053833333333,,0.080826125,7.48333333333333e-05,0.006211375,0.0871241666666667,0.99999969917455,0.779144079520324,NaN,NaN,NaN,NaN,NaN,NaN,NaN,NaN,NaN,NaN,NaN,0.000137833333333333,162,17,46,0,0.00301758333333333,0.051262375,0.01659675,0.00763704166666667,0.00194066666666667,0.000115
EXP-20260506-008_uniform_hsbm_K_rho16_eigsh_methods_matlab,K,K,2,NaN,5,220260511,5000,2,3,16,36,4,32,2.304e-05,2.56e-06,160084,939560,0.0375824,0.0203923333333333,0.02525675,sparse,0,0,96.0504,138,159840.0384,31.96800768,95.90402304,0.249849969993999,Non-random eigs,non_random,0,1,1,0.001184125,0.0112794583333333,0.0567960833333333,eigs,0.00636516666666667,0.000194625,0.00458720833333333,0.0111655,1,0.782001390073778,NaN,NaN,NaN,NaN,NaN,NaN,NaN,NaN,NaN,NaN,NaN,NaN,NaN,NaN,NaN,NaN,NaN,NaN,NaN,NaN,NaN,NaN
EXP-20260506-008_uniform_hsbm_K_rho16_eigsh_methods_matlab,K,K,2,NaN,5,220260511,5000,2,3,16,36,4,32,2.304e-05,2.56e-06,160084,939560,0.0375824,0.0203923333333333,0.02525675,sparse,0,0,96.0504,138,159840.0384,31.96800768,95.90402304,0.249849969993999,Gaussian RP,gaussian_random_projection,0,1,1,0.000754458333333333,0.0909122916666667,0.136422125,,0.08581525,9.14583333333333e-05,0.00486633333333333,0.0907855,0.999999674696865,0.781983551023883,0.00258775,0.0569335,0.0164652916666667,0.00734716666666667,0.00219904166666667,0.000181458333333333,NaN,NaN,NaN,NaN,NaN,NaN,NaN,NaN,NaN,NaN,NaN,NaN,NaN,NaN,NaN,NaN
EXP-20260506-008_uniform_hsbm_K_rho16_eigsh_methods_matlab,K,K,2,NaN,5,220260511,5000,2,3,16,36,4,32,2.304e-05,2.56e-06,160084,939560,0.0375824,0.0203923333333333,0.02525675,sparse,0,0,96.0504,138,159840.0384,31.96800768,95.90402304,0.249849969993999,Random sampling,random_sampling,0,1,1,0.0007215,0.0217375416666667,0.0672417083333333,,0.0166475416666667,7.99583333333333e-05,0.004865125,0.0216050416666667,1.05529697080272,0.853155764420399,NaN,NaN,NaN,NaN,NaN,NaN,0.010866375,472280,330747,0.7,657977,NaN,NaN,NaN,NaN,NaN,NaN,NaN,NaN,NaN,NaN,NaN
EXP-20260506-008_uniform_hsbm_K_rho16_eigsh_methods_matlab,K,K,2,NaN,5,220260511,5000,2,3,16,36,4,32,2.304e-05,2.56e-06,160084,939560,0.0375824,0.0203923333333333,0.02525675,sparse,0,0,96.0504,138,159840.0384,31.96800768,95.90402304,0.249849969993999,CountSketch RP,countsketch_random_projection,0,1,1,0.000730041666666667,0.08710925,0.1325805,,0.0824101666666667,0.000106791666666667,0.00441445833333333,0.086947,0.999999646904846,0.781984120082198,NaN,NaN,NaN,NaN,NaN,NaN,NaN,NaN,NaN,NaN,NaN,0.000124083333333333,162,17,50,0,0.00569891666666667,0.05063625,0.0161908333333333,0.007474375,0.002064,0.000101416666666667
EXP-20260506-008_uniform_hsbm_K_rho16_eigsh_methods_matlab,K,K,2,NaN,6,220260512,5000,2,3,16,36,4,32,2.304e-05,2.56e-06,159926,938290,0.0375316,0.0161558333333333,0.0252408333333333,sparse,0,0,95.9556,134,159840.0384,31.96800768,95.90402304,0.249849969993999,Non-random eigs,non_random,0,1,1,0.000742875,0.0113025416666667,0.0525732916666667,eigs,0.00637270833333333,8.12083333333333e-05,0.00472270833333333,0.011189125,1,0.780121062794175,NaN,NaN,NaN,NaN,NaN,NaN,NaN,NaN,NaN,NaN,NaN,NaN,NaN,NaN,NaN,NaN,NaN,NaN,NaN,NaN,NaN,NaN
EXP-20260506-008_uniform_hsbm_K_rho16_eigsh_methods_matlab,K,K,2,NaN,6,220260512,5000,2,3,16,36,4,32,2.304e-05,2.56e-06,159926,938290,0.0375316,0.0161558333333333,0.0252408333333333,sparse,0,0,95.9556,134,159840.0384,31.96800768,95.90402304,0.249849969993999,Gaussian RP,gaussian_random_projection,0,1,1,0.000758875,0.0921463333333333,0.133283958333333,,0.0870341666666667,0.000152791666666667,0.00470033333333333,0.0918994583333333,0.999999634381368,0.780101947670192,0.00259370833333333,0.056864375,0.0168742916666667,0.00730654166666667,0.003141875,0.000158833333333333,NaN,NaN,NaN,NaN,NaN,NaN,NaN,NaN,NaN,NaN,NaN,NaN,NaN,NaN,NaN,NaN
EXP-20260506-008_uniform_hsbm_K_rho16_eigsh_methods_matlab,K,K,2,NaN,6,220260512,5000,2,3,16,36,4,32,2.304e-05,2.56e-06,159926,938290,0.0375316,0.0161558333333333,0.0252408333333333,sparse,0,0,95.9556,134,159840.0384,31.96800768,95.90402304,0.249849969993999,Random sampling,random_sampling,0,1,1,0.00073875,0.025083625,0.066334375,,0.017025,8.64166666666667e-05,0.00782629166666667,0.02495425,1.05247932237115,0.848419250009509,NaN,NaN,NaN,NaN,NaN,NaN,0.0108360416666667,471645,330810,0.7,658170,NaN,NaN,NaN,NaN,NaN,NaN,NaN,NaN,NaN,NaN,NaN
EXP-20260506-008_uniform_hsbm_K_rho16_eigsh_methods_matlab,K,K,2,NaN,6,220260512,5000,2,3,16,36,4,32,2.304e-05,2.56e-06,159926,938290,0.0375316,0.0161558333333333,0.0252408333333333,sparse,0,0,95.9556,134,159840.0384,31.96800768,95.90402304,0.249849969993999,CountSketch RP,countsketch_random_projection,0,1,1,0.000745625,0.0892931666666667,0.130572125,,0.0849034583333333,0.000138666666666667,0.00413333333333333,0.08918775,0.999999625940194,0.780100630168249,NaN,NaN,NaN,NaN,NaN,NaN,NaN,NaN,NaN,NaN,NaN,0.000128041666666667,162,17,44,0,0.00796529166666667,0.0506225416666667,0.0160322083333333,0.00776179166666667,0.00210479166666667,0.000143833333333333
EXP-20260506-008_uniform_hsbm_K_rho16_eigsh_methods_matlab,K,K,2,NaN,7,220260513,5000,2,3,16,36,4,32,2.304e-05,2.56e-06,160134,940054,0.03760216,0.0169636666666667,0.0300308333333333,sparse,0,0,96.0804,130,159840.0384,31.96800768,95.90402304,0.249849969993999,Non-random eigs,non_random,0,1,1,0.001531,0.011607125,0.0584881666666667,eigs,0.00680716666666667,8.29166666666667e-05,0.00460358333333333,0.01150575,0.999999999999999,0.782028646218023,NaN,NaN,NaN,NaN,NaN,NaN,NaN,NaN,NaN,NaN,NaN,NaN,NaN,NaN,NaN,NaN,NaN,NaN,NaN,NaN,NaN,NaN
EXP-20260506-008_uniform_hsbm_K_rho16_eigsh_methods_matlab,K,K,2,NaN,7,220260513,5000,2,3,16,36,4,32,2.304e-05,2.56e-06,160134,940054,0.03760216,0.0169636666666667,0.0300308333333333,sparse,0,0,96.0804,130,159840.0384,31.96800768,95.90402304,0.249849969993999,Gaussian RP,gaussian_random_projection,0,1,1,0.00110041666666667,0.0922917083333333,0.139169041666667,,0.0877112916666667,0.000100875,0.004362375,0.092190125,0.999999625662571,0.782010519023736,0.002598875,0.0581939583333333,0.016736625,0.00761775,0.00228479166666667,0.000163333333333333,NaN,NaN,NaN,NaN,NaN,NaN,NaN,NaN,NaN,NaN,NaN,NaN,NaN,NaN,NaN,NaN
EXP-20260506-008_uniform_hsbm_K_rho16_eigsh_methods_matlab,K,K,2,NaN,7,220260513,5000,2,3,16,36,4,32,2.304e-05,2.56e-06,160134,940054,0.03760216,0.0169636666666667,0.0300308333333333,sparse,0,0,96.0804,130,159840.0384,31.96800768,95.90402304,0.249849969993999,Random sampling,random_sampling,0,1,1,0.000602416666666667,0.022335625,0.0692042083333333,,0.0174915833333333,9.32916666666667e-05,0.00462483333333333,0.0222239166666667,1.05731722160989,0.854960791271693,NaN,NaN,NaN,NaN,NaN,NaN,0.0116895833333333,472527,330883,0.7,658225,NaN,NaN,NaN,NaN,NaN,NaN,NaN,NaN,NaN,NaN,NaN
EXP-20260506-008_uniform_hsbm_K_rho16_eigsh_methods_matlab,K,K,2,NaN,7,220260513,5000,2,3,16,36,4,32,2.304e-05,2.56e-06,160134,940054,0.03760216,0.0169636666666667,0.0300308333333333,sparse,0,0,96.0804,130,159840.0384,31.96800768,95.90402304,0.249849969993999,CountSketch RP,countsketch_random_projection,0,1,1,0.000721666666666667,0.086319875,0.133199208333333,,0.0816691666666667,9.72916666666667e-05,0.00443825,0.0862210416666667,0.999999634903925,0.782008775422865,NaN,NaN,NaN,NaN,NaN,NaN,NaN,NaN,NaN,NaN,NaN,0.000123625,162,16,43,0,0.00291804166666667,0.0526167083333333,0.0160502083333333,0.00734791666666667,0.00233608333333333,0.000152666666666667
EXP-20260506-008_uniform_hsbm_K_rho16_eigsh_methods_matlab,K,K,2,NaN,8,220260514,5000,2,3,16,36,4,32,2.304e-05,2.56e-06,160071,939554,0.03758216,0.0170287916666667,0.0265777916666667,sparse,0,0,96.0426,130,159840.0384,31.96800768,95.90402304,0.249849969993999,Non-random eigs,non_random,0,1,1,0.000529625,0.0109982916666667,0.054501125,eigs,0.006519875,8.69166666666667e-05,0.00428775,0.0109063333333333,1,0.78085849331042,NaN,NaN,NaN,NaN,NaN,NaN,NaN,NaN,NaN,NaN,NaN,NaN,NaN,NaN,NaN,NaN,NaN,NaN,NaN,NaN,NaN,NaN
EXP-20260506-008_uniform_hsbm_K_rho16_eigsh_methods_matlab,K,K,2,NaN,8,220260514,5000,2,3,16,36,4,32,2.304e-05,2.56e-06,160071,939554,0.03758216,0.0170287916666667,0.0265777916666667,sparse,0,0,96.0426,130,159840.0384,31.96800768,95.90402304,0.249849969993999,Gaussian RP,gaussian_random_projection,0,1,1,0.000652625,0.0917099583333333,0.135207708333333,,0.0871890416666667,7.07083333333333e-05,0.004341375,0.0916141666666667,0.999999633477161,0.780840845302688,0.00260820833333333,0.0587993333333333,0.016459875,0.007403375,0.00172120833333333,9.825e-05,NaN,NaN,NaN,NaN,NaN,NaN,NaN,NaN,NaN,NaN,NaN,NaN,NaN,NaN,NaN,NaN
EXP-20260506-008_uniform_hsbm_K_rho16_eigsh_methods_matlab,K,K,2,NaN,8,220260514,5000,2,3,16,36,4,32,2.304e-05,2.56e-06,160071,939554,0.03758216,0.0170287916666667,0.0265777916666667,sparse,0,0,96.0426,130,159840.0384,31.96800768,95.90402304,0.249849969993999,Random sampling,random_sampling,0,1,1,0.00053425,0.0203310416666667,0.063831375,,0.015886625,8.01666666666667e-05,0.004258,0.0202397916666667,1.05481558356745,0.852072642887707,NaN,NaN,NaN,NaN,NaN,NaN,0.0104119583333333,472277,330120,0.7,656722,NaN,NaN,NaN,NaN,NaN,NaN,NaN,NaN,NaN,NaN,NaN
EXP-20260506-008_uniform_hsbm_K_rho16_eigsh_methods_matlab,K,K,2,NaN,8,220260514,5000,2,3,16,36,4,32,2.304e-05,2.56e-06,160071,939554,0.03758216,0.0170287916666667,0.0265777916666667,sparse,0,0,96.0426,130,159840.0384,31.96800768,95.90402304,0.249849969993999,CountSketch RP,countsketch_random_projection,0,1,1,0.000525208333333333,0.0872984583333333,0.1307985,,0.0833899166666667,7.59583333333333e-05,0.00372604166666667,0.087204625,0.999999648612415,0.780837418522347,NaN,NaN,NaN,NaN,NaN,NaN,NaN,NaN,NaN,NaN,NaN,0.000218416666666667,162,20,51,0,0.00552329166666667,0.052040375,0.0161474583333333,0.00747270833333333,0.00175183333333333,0.000106333333333333
EXP-20260506-008_uniform_hsbm_K_rho16_eigsh_methods_matlab,K,K,2,NaN,9,220260515,5000,2,3,16,36,4,32,2.304e-05,2.56e-06,159516,936360,0.0374544,0.0179460416666667,0.0258010416666667,sparse,0,0,95.7096,134,159840.0384,31.96800768,95.90402304,0.249849969993999,Non-random eigs,non_random,0,1,1,0.000632541666666667,0.0108009166666667,0.054443625,eigs,0.00626675,0.000107791666666667,0.004322,0.010709375,1,0.781120233211969,NaN,NaN,NaN,NaN,NaN,NaN,NaN,NaN,NaN,NaN,NaN,NaN,NaN,NaN,NaN,NaN,NaN,NaN,NaN,NaN,NaN,NaN
EXP-20260506-008_uniform_hsbm_K_rho16_eigsh_methods_matlab,K,K,2,NaN,9,220260515,5000,2,3,16,36,4,32,2.304e-05,2.56e-06,159516,936360,0.0374544,0.0179460416666667,0.0258010416666667,sparse,0,0,95.7096,134,159840.0384,31.96800768,95.90402304,0.249849969993999,Gaussian RP,gaussian_random_projection,0,1,1,0.000542625,0.0918314583333333,0.135474208333333,,0.0874374583333333,8.25e-05,0.00420716666666667,0.09174075,0.999999669708647,0.781101556692672,0.00254779166666667,0.0591315,0.0162270416666667,0.00756795833333333,0.00177170833333333,8.8125e-05,NaN,NaN,NaN,NaN,NaN,NaN,NaN,NaN,NaN,NaN,NaN,NaN,NaN,NaN,NaN,NaN
EXP-20260506-008_uniform_hsbm_K_rho16_eigsh_methods_matlab,K,K,2,NaN,9,220260515,5000,2,3,16,36,4,32,2.304e-05,2.56e-06,159516,936360,0.0374544,0.0179460416666667,0.0258010416666667,sparse,0,0,95.7096,134,159840.0384,31.96800768,95.90402304,0.249849969993999,Random sampling,random_sampling,0,1,1,0.0005495,0.0200802916666667,0.0637182916666667,,0.0159255416666667,8.925e-05,0.00395641666666667,0.019985625,1.05114989752891,0.849651418035231,NaN,NaN,NaN,NaN,NaN,NaN,0.010740625,470680,328704,0.7,653930,NaN,NaN,NaN,NaN,NaN,NaN,NaN,NaN,NaN,NaN,NaN
EXP-20260506-008_uniform_hsbm_K_rho16_eigsh_methods_matlab,K,K,2,NaN,9,220260515,5000,2,3,16,36,4,32,2.304e-05,2.56e-06,159516,936360,0.0374544,0.0179460416666667,0.0258010416666667,sparse,0,0,95.7096,134,159840.0384,31.96800768,95.90402304,0.249849969993999,CountSketch RP,countsketch_random_projection,0,1,1,0.00057525,0.084115,0.127752333333333,,0.0799752083333333,0.000118708333333333,0.00391133333333333,0.084022375,0.999999723730902,0.781101540492981,NaN,NaN,NaN,NaN,NaN,NaN,NaN,NaN,NaN,NaN,NaN,0.000128875,162,17,49,0,0.00181575,0.051713125,0.01666975,0.00750404166666667,0.00185266666666667,0.000165125
EXP-20260506-008_uniform_hsbm_K_rho16_eigsh_methods_matlab,K,K,2,NaN,10,220260516,5000,2,3,16,36,4,32,2.304e-05,2.56e-06,160315,940806,0.03763224,0.0161722916666667,0.0299414583333333,sparse,0,0,96.189,134,159840.0384,31.96800768,95.90402304,0.249849969993999,Non-random eigs,non_random,0,1,1,0.000624125,0.0105961666666667,0.056610875,eigs,0.00611758333333333,7.91666666666667e-05,0.004300375,0.0105105833333333,0.999999999999999,0.781315624973055,NaN,NaN,NaN,NaN,NaN,NaN,NaN,NaN,NaN,NaN,NaN,NaN,NaN,NaN,NaN,NaN,NaN,NaN,NaN,NaN,NaN,NaN
EXP-20260506-008_uniform_hsbm_K_rho16_eigsh_methods_matlab,K,K,2,NaN,10,220260516,5000,2,3,16,36,4,32,2.304e-05,2.56e-06,160315,940806,0.03763224,0.0161722916666667,0.0299414583333333,sparse,0,0,96.189,134,159840.0384,31.96800768,95.90402304,0.249849969993999,Gaussian RP,gaussian_random_projection,0,1,1,0.000612958333333333,0.09089625,0.136847458333333,,0.0862165416666667,0.000109916666666667,0.00440725,0.090808,0.99999963604932,0.781300075828473,0.00258408333333333,0.0581166666666667,0.016062,0.00748679166666667,0.00178425,8.44166666666667e-05,NaN,NaN,NaN,NaN,NaN,NaN,NaN,NaN,NaN,NaN,NaN,NaN,NaN,NaN,NaN,NaN
EXP-20260506-008_uniform_hsbm_K_rho16_eigsh_methods_matlab,K,K,2,NaN,10,220260516,5000,2,3,16,36,4,32,2.304e-05,2.56e-06,160315,940806,0.03763224,0.0161722916666667,0.0299414583333333,sparse,0,0,96.189,134,159840.0384,31.96800768,95.90402304,0.249849969993999,Random sampling,random_sampling,0,1,1,0.000609958333333333,0.0207345416666667,0.0667466666666667,,0.01606575,0.000113375,0.00445379166666667,0.02064625,1.05676727492302,0.85465428693206,NaN,NaN,NaN,NaN,NaN,NaN,0.0108496666666667,472903,330948,0.7,658356,NaN,NaN,NaN,NaN,NaN,NaN,NaN,NaN,NaN,NaN,NaN
EXP-20260506-008_uniform_hsbm_K_rho16_eigsh_methods_matlab,K,K,2,NaN,10,220260516,5000,2,3,16,36,4,32,2.304e-05,2.56e-06,160315,940806,0.03763224,0.0161722916666667,0.0299414583333333,sparse,0,0,96.189,134,159840.0384,31.96800768,95.90402304,0.249849969993999,CountSketch RP,countsketch_random_projection,0,1,1,0.00072575,0.0875678333333333,0.133550125,,0.0829449166666667,8.2375e-05,0.00440908333333333,0.0874492916666667,0.999999686635131,0.78129481246472,NaN,NaN,NaN,NaN,NaN,NaN,NaN,NaN,NaN,NaN,NaN,0.000123958333333333,162,16,49,0,0.00594041666666667,0.0511945,0.015918625,0.00759745833333333,0.00187916666666667,0.000139083333333333
EXP-20260506-008_uniform_hsbm_K_rho16_eigsh_methods_matlab,K,K,4,NaN,1,420260507,5000,4,3,16,36,4,32,2.304e-05,2.56e-06,79998,478992,0.01915968,0.01178,0.0146062083333333,sparse,0,0,47.9988,77,79904.0384,15.98080768,47.94242304,0.0623875075135075,Non-random eigs,non_random,0.00160000000000005,0.995736113739279,0.991016419221862,0.00082925,0.026070125,0.0523021666666667,eigs,0.00797525,0.000134583333333333,0.017806125,0.02592975,1,0.577308486664734,NaN,NaN,NaN,NaN,NaN,NaN,NaN,NaN,NaN,NaN,NaN,NaN,NaN,NaN,NaN,NaN,NaN,NaN,NaN,NaN,NaN,NaN
EXP-20260506-008_uniform_hsbm_K_rho16_eigsh_methods_matlab,K,K,4,NaN,1,420260507,5000,4,3,16,36,4,32,2.304e-05,2.56e-06,79998,478992,0.01915968,0.01178,0.0146062083333333,sparse,0,0,47.9988,77,79904.0384,15.98080768,47.94242304,0.0623875075135075,Gaussian RP,gaussian_random_projection,0.00260000000000005,0.993074687648348,0.985903163947695,0.000905833333333333,0.0827067916666667,0.108968333333333,,0.0560360833333333,0.0001575,0.0263885416666667,0.082599875,0.999998956130002,0.571423262097181,0.00270066666666667,0.0300690833333333,0.0167783333333333,0.00437079166666667,0.00187545833333333,0.000132708333333333,NaN,NaN,NaN,NaN,NaN,NaN,NaN,NaN,NaN,NaN,NaN,NaN,NaN,NaN,NaN,NaN
EXP-20260506-008_uniform_hsbm_K_rho16_eigsh_methods_matlab,K,K,4,NaN,1,420260507,5000,4,3,16,36,4,32,2.304e-05,2.56e-06,79998,478992,0.01915968,0.01178,0.0146062083333333,sparse,0,0,47.9988,77,79904.0384,15.98080768,47.94242304,0.0623875075135075,Random sampling,random_sampling,0.00939999999999996,0.975095891844812,0.955263011994818,0.000908875,0.0359153333333333,0.06215425,,0.015600625,9.17916666666667e-05,0.020075625,0.0357824166666667,1.05594097578647,0.678548557845866,NaN,NaN,NaN,NaN,NaN,NaN,0.00616191666666667,241996,168885,0.7,334248,NaN,NaN,NaN,NaN,NaN,NaN,NaN,NaN,NaN,NaN,NaN
EXP-20260506-008_uniform_hsbm_K_rho16_eigsh_methods_matlab,K,K,4,NaN,1,420260507,5000,4,3,16,36,4,32,2.304e-05,2.56e-06,79998,478992,0.01915968,0.01178,0.0146062083333333,sparse,0,0,47.9988,77,79904.0384,15.98080768,47.94242304,0.0623875075135075,CountSketch RP,countsketch_random_projection,0.00339999999999996,0.990952026546792,0.981738057747955,0.000902041666666667,0.07003425,0.0962939583333333,,0.050525625,0.000127166666666667,0.0192549583333333,0.0699202916666667,0.999998657710045,0.571814045399281,NaN,NaN,NaN,NaN,NaN,NaN,NaN,NaN,NaN,NaN,NaN,0.000124333333333333,164,16,45,0,0.001658125,0.0260274583333333,0.0161583333333333,0.00443379166666667,0.00183758333333333,0.000158833333333333
EXP-20260506-008_uniform_hsbm_K_rho16_eigsh_methods_matlab,K,K,4,NaN,2,420260508,5000,4,3,16,36,4,32,2.304e-05,2.56e-06,79846,477836,0.01911344,0.0139865416666667,0.015147125,sparse,0,0,47.9076,76,79904.0384,15.98080768,47.94242304,0.0623875075135075,Non-random eigs,non_random,0.00160000000000005,0.995735684995376,0.990816420542315,0.00140720833333333,0.025266875,0.0542956666666667,eigs,0.00666229166666667,0.00010675,0.0183929583333333,0.025175125,0.999999999999999,0.575565089150943,NaN,NaN,NaN,NaN,NaN,NaN,NaN,NaN,NaN,NaN,NaN,NaN,NaN,NaN,NaN,NaN,NaN,NaN,NaN,NaN,NaN,NaN
EXP-20260506-008_uniform_hsbm_K_rho16_eigsh_methods_matlab,K,K,4,NaN,2,420260508,5000,4,3,16,36,4,32,2.304e-05,2.56e-06,79846,477836,0.01911344,0.0139865416666667,0.015147125,sparse,0,0,47.9076,76,79904.0384,15.98080768,47.94242304,0.0623875075135075,Gaussian RP,gaussian_random_projection,0.004,0.989354091247169,0.9790944447069,0.001111625,0.0755013333333333,0.104524208333333,,0.0566815,0.0001245,0.0185845416666667,0.075404625,0.999998833148839,0.570379732256784,0.00258495833333333,0.0288649583333333,0.01697075,0.00439629166666667,0.00358241666666667,0.000179583333333333,NaN,NaN,NaN,NaN,NaN,NaN,NaN,NaN,NaN,NaN,NaN,NaN,NaN,NaN,NaN,NaN
EXP-20260506-008_uniform_hsbm_K_rho16_eigsh_methods_matlab,K,K,4,NaN,2,420260508,5000,4,3,16,36,4,32,2.304e-05,2.56e-06,79846,477836,0.01911344,0.0139865416666667,0.015147125,sparse,0,0,47.9076,76,79904.0384,15.98080768,47.94242304,0.0623875075135075,Random sampling,random_sampling,0.00980000000000003,0.974026334131642,0.953090669488762,0.000956041666666667,0.0375917083333333,0.066606,,0.017616625,0.000147333333333333,0.019708375,0.0374886666666667,1.0582229046851,0.679172690379906,NaN,NaN,NaN,NaN,NaN,NaN,0.00585616666666667,241418,168945,0.7,334363,NaN,NaN,NaN,NaN,NaN,NaN,NaN,NaN,NaN,NaN,NaN
EXP-20260506-008_uniform_hsbm_K_rho16_eigsh_methods_matlab,K,K,4,NaN,2,420260508,5000,4,3,16,36,4,32,2.304e-05,2.56e-06,79846,477836,0.01911344,0.0139865416666667,0.015147125,sparse,0,0,47.9076,76,79904.0384,15.98080768,47.94242304,0.0623875075135075,CountSketch RP,countsketch_random_projection,0.004,0.989355771648271,0.979121399526393,0.000911083333333333,0.0801078333333333,0.109127916666667,,0.0500201666666667,0.000176625,0.0297974583333333,0.0800092916666667,0.999999115073044,0.570545328266787,NaN,NaN,NaN,NaN,NaN,NaN,NaN,NaN,NaN,NaN,NaN,0.000114666666666667,164,14,45,0,0.00155016666666667,0.0255574583333333,0.0160899166666667,0.00430095833333333,0.00214925,0.000143541666666667
EXP-20260506-008_uniform_hsbm_K_rho16_eigsh_methods_matlab,K,K,4,NaN,3,420260509,5000,4,3,16,36,4,32,2.304e-05,2.56e-06,79856,478268,0.01913072,0.0107457916666667,0.0141960833333333,sparse,0,0,47.9136,78,79904.0384,15.98080768,47.94242304,0.0623875075135075,Non-random eigs,non_random,0.000600000000000045,0.998400106709424,0.996480993032576,0.000932625,0.026596625,0.05142925,eigs,0.00839308333333333,0.000159916666666667,0.017934375,0.0265020833333333,0.999999999999999,0.5768257823163,NaN,NaN,NaN,NaN,NaN,NaN,NaN,NaN,NaN,NaN,NaN,NaN,NaN,NaN,NaN,NaN,NaN,NaN,NaN,NaN,NaN,NaN
EXP-20260506-008_uniform_hsbm_K_rho16_eigsh_methods_matlab,K,K,4,NaN,3,420260509,5000,4,3,16,36,4,32,2.304e-05,2.56e-06,79856,478268,0.01913072,0.0107457916666667,0.0141960833333333,sparse,0,0,47.9136,78,79904.0384,15.98080768,47.94242304,0.0623875075135075,Gaussian RP,gaussian_random_projection,0.003,0.992014625411566,0.983683455651948,0.00234516666666667,0.0827695,0.106788625,,0.0602476666666667,0.000158083333333333,0.021441,0.082369375,0.999999051018185,0.571049319617928,0.00266795833333333,0.028493375,0.0164201666666667,0.004383,0.00800425,0.000161333333333333,NaN,NaN,NaN,NaN,NaN,NaN,NaN,NaN,NaN,NaN,NaN,NaN,NaN,NaN,NaN,NaN
EXP-20260506-008_uniform_hsbm_K_rho16_eigsh_methods_matlab,K,K,4,NaN,3,420260509,5000,4,3,16,36,4,32,2.304e-05,2.56e-06,79856,478268,0.01913072,0.0107457916666667,0.0141960833333333,sparse,0,0,47.9136,78,79904.0384,15.98080768,47.94242304,0.0623875075135075,Random sampling,random_sampling,0.01,0.973498772867295,0.952220595720353,0.001400875,0.0386922083333333,0.0625285416666667,,0.0186707916666667,0.000170541666666667,0.0187453333333333,0.038081,1.05869790109774,0.681842826585992,NaN,NaN,NaN,NaN,NaN,NaN,0.00589854166666667,241634,169077,0.7,334616,NaN,NaN,NaN,NaN,NaN,NaN,NaN,NaN,NaN,NaN,NaN
EXP-20260506-008_uniform_hsbm_K_rho16_eigsh_methods_matlab,K,K,4,NaN,3,420260509,5000,4,3,16,36,4,32,2.304e-05,2.56e-06,79856,478268,0.01913072,0.0107457916666667,0.0141960833333333,sparse,0,0,47.9136,78,79904.0384,15.98080768,47.94242304,0.0623875075135075,CountSketch RP,countsketch_random_projection,0.002,0.994670091085636,0.988945823065884,0.00137258333333333,0.0739922083333333,0.0984284166666667,,0.054144875,0.000277166666666667,0.0190645,0.0737734583333333,0.999999038617104,0.57141733726948,NaN,NaN,NaN,NaN,NaN,NaN,NaN,NaN,NaN,NaN,NaN,0.00013425,164,16,47,0,0.00569145833333333,0.02530775,0.0160788333333333,0.0041845,0.002419125,0.000154958333333333
EXP-20260506-008_uniform_hsbm_K_rho16_eigsh_methods_matlab,K,K,4,NaN,4,420260510,5000,4,3,16,36,4,32,2.304e-05,2.56e-06,79572,476324,0.01905296,0.0126984166666667,0.014409375,sparse,0,0,47.7432,81,79904.0384,15.98080768,47.94242304,0.0623875075135075,Non-random eigs,non_random,0.000800000000000023,0.997866880099704,0.995308009946039,0.00120591666666667,0.022938875,0.0496864583333333,eigs,0.00646195833333333,7.09166666666667e-05,0.0160457916666667,0.022644125,1,0.576723850436198,NaN,NaN,NaN,NaN,NaN,NaN,NaN,NaN,NaN,NaN,NaN,NaN,NaN,NaN,NaN,NaN,NaN,NaN,NaN,NaN,NaN,NaN
EXP-20260506-008_uniform_hsbm_K_rho16_eigsh_methods_matlab,K,K,4,NaN,4,420260510,5000,4,3,16,36,4,32,2.304e-05,2.56e-06,79572,476324,0.01905296,0.0126984166666667,0.014409375,sparse,0,0,47.7432,81,79904.0384,15.98080768,47.94242304,0.0623875075135075,Gaussian RP,gaussian_random_projection,0.00339999999999996,0.990952233244074,0.981938005492916,0.00084,0.0792579583333333,0.106132875,,0.0594824166666667,7.25e-05,0.0194701666666667,0.0791247083333333,0.999998791936854,0.571916480637298,0.00270825,0.0343828333333333,0.0163593333333333,0.00438195833333333,0.00138470833333333,0.000135,NaN,NaN,NaN,NaN,NaN,NaN,NaN,NaN,NaN,NaN,NaN,NaN,NaN,NaN,NaN,NaN
EXP-20260506-008_uniform_hsbm_K_rho16_eigsh_methods_matlab,K,K,4,NaN,4,420260510,5000,4,3,16,36,4,32,2.304e-05,2.56e-06,79572,476324,0.01905296,0.0126984166666667,0.014409375,sparse,0,0,47.7432,81,79904.0384,15.98080768,47.94242304,0.0623875075135075,Random sampling,random_sampling,0.0104,0.972451433985821,0.950890989100642,0.000755583333333333,0.0317708333333333,0.0587012083333333,,0.0129060416666667,7.55e-05,0.018611875,0.0316302916666667,1.05657076945718,0.679547977841639,NaN,NaN,NaN,NaN,NaN,NaN,0.00570520833333333,240662,168649,0.7,333794,NaN,NaN,NaN,NaN,NaN,NaN,NaN,NaN,NaN,NaN,NaN
EXP-20260506-008_uniform_hsbm_K_rho16_eigsh_methods_matlab,K,K,4,NaN,4,420260510,5000,4,3,16,36,4,32,2.304e-05,2.56e-06,79572,476324,0.01905296,0.0126984166666667,0.014409375,sparse,0,0,47.7432,81,79904.0384,15.98080768,47.94242304,0.0623875075135075,CountSketch RP,countsketch_random_projection,0.003,0.992015276880972,0.983807899584062,0.001044375,0.0654617083333333,0.0922904583333333,,0.049574375,9.5875e-05,0.0155124166666667,0.0653190833333333,0.999998989924417,0.570926816677922,NaN,NaN,NaN,NaN,NaN,NaN,NaN,NaN,NaN,NaN,NaN,0.000133416666666667,164,15,47,0,0.00156929166666667,0.025552,0.0165426666666667,0.004239875,0.00126104166666667,0.000131625
EXP-20260506-008_uniform_hsbm_K_rho16_eigsh_methods_matlab,K,K,4,NaN,5,420260511,5000,4,3,16,36,4,32,2.304e-05,2.56e-06,80089,479334,0.01917336,0.0102748333333333,0.014084375,sparse,0,0,48.0534,72,79904.0384,15.98080768,47.94242304,0.0623875075135075,Non-random eigs,non_random,0.001,0.997333655767995,0.994334909116681,0.0007085,0.0267759583333333,0.050944125,eigs,0.00651225,7.30833333333333e-05,0.0199995833333333,0.0265933333333333,1,0.579895572877054,NaN,NaN,NaN,NaN,NaN,NaN,NaN,NaN,NaN,NaN,NaN,NaN,NaN,NaN,NaN,NaN,NaN,NaN,NaN,NaN,NaN,NaN
EXP-20260506-008_uniform_hsbm_K_rho16_eigsh_methods_matlab,K,K,4,NaN,5,420260511,5000,4,3,16,36,4,32,2.304e-05,2.56e-06,80089,479334,0.01917336,0.0102748333333333,0.014084375,sparse,0,0,48.0534,72,79904.0384,15.98080768,47.94242304,0.0623875075135075,Gaussian RP,gaussian_random_projection,0.00180000000000002,0.995205022424301,0.990319155350386,0.000975875,0.075642375,0.0999173333333333,,0.053358875,7.175e-05,0.0221275,0.075601875,0.999998937377251,0.574571636849459,0.00258041666666667,0.0295211666666667,0.0156762083333333,0.004259875,0.00107091666666667,0.000129083333333333,NaN,NaN,NaN,NaN,NaN,NaN,NaN,NaN,NaN,NaN,NaN,NaN,NaN,NaN,NaN,NaN
EXP-20260506-008_uniform_hsbm_K_rho16_eigsh_methods_matlab,K,K,4,NaN,5,420260511,5000,4,3,16,36,4,32,2.304e-05,2.56e-06,80089,479334,0.01917336,0.0102748333333333,0.014084375,sparse,0,0,48.0534,72,79904.0384,15.98080768,47.94242304,0.0623875075135075,Random sampling,random_sampling,0.00819999999999999,0.978248333369868,0.961008366672572,0.000575541666666667,0.030425625,0.0547405416666667,,0.011848375,6.7e-05,0.0184659583333333,0.0303895416666667,1.05696532462349,0.681937418859237,NaN,NaN,NaN,NaN,NaN,NaN,0.00569583333333333,242167,169545,0.7,335581,NaN,NaN,NaN,NaN,NaN,NaN,NaN,NaN,NaN,NaN,NaN
EXP-20260506-008_uniform_hsbm_K_rho16_eigsh_methods_matlab,K,K,4,NaN,5,420260511,5000,4,3,16,36,4,32,2.304e-05,2.56e-06,80089,479334,0.01917336,0.0102748333333333,0.014084375,sparse,0,0,48.0534,72,79904.0384,15.98080768,47.94242304,0.0623875075135075,CountSketch RP,countsketch_random_projection,0.00260000000000005,0.993078943562223,0.98582896027736,0.000548708333333333,0.0733230833333333,0.0976393333333333,,0.0498627916666667,7.5125e-05,0.0233422083333333,0.073289375,0.999999065496944,0.574493228607252,NaN,NaN,NaN,NaN,NaN,NaN,NaN,NaN,NaN,NaN,NaN,0.00013525,164,18,47,0,0.001599625,0.0264219166666667,0.0161731666666667,0.00427458333333333,0.000982333333333333,0.000126083333333333
EXP-20260506-008_uniform_hsbm_K_rho16_eigsh_methods_matlab,K,K,4,NaN,6,420260512,5000,4,3,16,36,4,32,2.304e-05,2.56e-06,80086,479370,0.0191748,0.00964408333333333,0.0142135833333333,sparse,0,0,48.0516,78,79904.0384,15.98080768,47.94242304,0.0623875075135075,Non-random eigs,non_random,0.000399999999999956,0.998933119971669,0.997653918275915,0.000931916666666667,0.0251757083333333,0.048902375,eigs,0.0051845,6.97083333333333e-05,0.0197905,0.025052875,1,0.578471325094856,NaN,NaN,NaN,NaN,NaN,NaN,NaN,NaN,NaN,NaN,NaN,NaN,NaN,NaN,NaN,NaN,NaN,NaN,NaN,NaN,NaN,NaN
EXP-20260506-008_uniform_hsbm_K_rho16_eigsh_methods_matlab,K,K,4,NaN,6,420260512,5000,4,3,16,36,4,32,2.304e-05,2.56e-06,80086,479370,0.0191748,0.00964408333333333,0.0142135833333333,sparse,0,0,48.0516,78,79904.0384,15.98080768,47.94242304,0.0623875075135075,Gaussian RP,gaussian_random_projection,0.001,0.997334080982221,0.994135141736566,0.000556791666666667,0.0716998333333333,0.0955154583333333,,0.0534122916666667,7.92916666666667e-05,0.0181662083333333,0.0716694166666667,0.99999893566856,0.574541706035171,0.00259733333333333,0.0287628333333333,0.0164380833333333,0.00443125,0.000920666666666667,0.00014275,NaN,NaN,NaN,NaN,NaN,NaN,NaN,NaN,NaN,NaN,NaN,NaN,NaN,NaN,NaN,NaN
EXP-20260506-008_uniform_hsbm_K_rho16_eigsh_methods_matlab,K,K,4,NaN,6,420260512,5000,4,3,16,36,4,32,2.304e-05,2.56e-06,80086,479370,0.0191748,0.00964408333333333,0.0142135833333333,sparse,0,0,48.0516,78,79904.0384,15.98080768,47.94242304,0.0623875075135075,Random sampling,random_sampling,0.00760000000000005,0.97982726901154,0.961984081586139,0.0005075,0.0295625416666667,0.05337725,,0.0119210833333333,6.925e-05,0.01752925,0.0295287083333333,1.05549162596619,0.681048508818871,NaN,NaN,NaN,NaN,NaN,NaN,0.0056585,242185,169406,0.7,335314,NaN,NaN,NaN,NaN,NaN,NaN,NaN,NaN,NaN,NaN,NaN
EXP-20260506-008_uniform_hsbm_K_rho16_eigsh_methods_matlab,K,K,4,NaN,6,420260512,5000,4,3,16,36,4,32,2.304e-05,2.56e-06,80086,479370,0.0191748,0.00964408333333333,0.0142135833333333,sparse,0,0,48.0516,78,79904.0384,15.98080768,47.94242304,0.0623875075135075,CountSketch RP,countsketch_random_projection,0.00180000000000002,0.995205447298451,0.990044015032708,0.000545458333333333,0.06445625,0.0882715416666667,,0.0499125,7.30416666666667e-05,0.0144283333333333,0.0644234583333333,0.999998892553475,0.573947785351653,NaN,NaN,NaN,NaN,NaN,NaN,NaN,NaN,NaN,NaN,NaN,0.000120208333333333,164,16,50,0,0.00150145833333333,0.0261159583333333,0.016798125,0.004223875,0.000882958333333333,0.000119916666666667
EXP-20260506-008_uniform_hsbm_K_rho16_eigsh_methods_matlab,K,K,4,NaN,7,420260513,5000,4,3,16,36,4,32,2.304e-05,2.56e-06,79503,476264,0.01905056,0.00928895833333333,0.0145548333333333,sparse,0,0,47.7018,77,79904.0384,15.98080768,47.94242304,0.0623875075135075,Non-random eigs,non_random,0.00119999999999998,0.996800858586209,0.993162039043849,0.000645583333333333,0.02608975,0.0498089583333333,eigs,0.00497216666666667,0.000108,0.020885,0.025973875,1,0.574226704437814,NaN,NaN,NaN,NaN,NaN,NaN,NaN,NaN,NaN,NaN,NaN,NaN,NaN,NaN,NaN,NaN,NaN,NaN,NaN,NaN,NaN,NaN
EXP-20260506-008_uniform_hsbm_K_rho16_eigsh_methods_matlab,K,K,4,NaN,7,420260513,5000,4,3,16,36,4,32,2.304e-05,2.56e-06,79503,476264,0.01905056,0.00928895833333333,0.0145548333333333,sparse,0,0,47.7018,77,79904.0384,15.98080768,47.94242304,0.0623875075135075,Gaussian RP,gaussian_random_projection,0.00360000000000005,0.990418373926106,0.980565188156643,0.000586375,0.0768003333333333,0.100606458333333,,0.053206125,7.4875e-05,0.0234816666666667,0.0767724166666667,0.999999055529256,0.568833672158587,0.00255170833333333,0.02873,0.01642225,0.00430879166666667,0.00092375,0.000150708333333333,NaN,NaN,NaN,NaN,NaN,NaN,NaN,NaN,NaN,NaN,NaN,NaN,NaN,NaN,NaN,NaN
EXP-20260506-008_uniform_hsbm_K_rho16_eigsh_methods_matlab,K,K,4,NaN,7,420260513,5000,4,3,16,36,4,32,2.304e-05,2.56e-06,79503,476264,0.01905056,0.00928895833333333,0.0145548333333333,sparse,0,0,47.7018,77,79904.0384,15.98080768,47.94242304,0.0623875075135075,Random sampling,random_sampling,0.00800000000000001,0.978783736134456,0.961031724673831,0.00055425,0.032627625,0.0564339166666667,,0.0128965833333333,6.9625e-05,0.0196239166666667,0.032598625,1.05496681280514,0.677246377139678,NaN,NaN,NaN,NaN,NaN,NaN,0.00559179166666667,240632,168085,0.7,332655,NaN,NaN,NaN,NaN,NaN,NaN,NaN,NaN,NaN,NaN,NaN
EXP-20260506-008_uniform_hsbm_K_rho16_eigsh_methods_matlab,K,K,4,NaN,7,420260513,5000,4,3,16,36,4,32,2.304e-05,2.56e-06,79503,476264,0.01905056,0.00928895833333333,0.0145548333333333,sparse,0,0,47.7018,77,79904.0384,15.98080768,47.94242304,0.0623875075135075,CountSketch RP,countsketch_random_projection,0.00360000000000005,0.990417520081913,0.980440444457367,0.000565,0.0725833333333333,0.0963863333333333,,0.0496215416666667,7.38333333333333e-05,0.0228471666666667,0.0725532916666667,0.999998996268703,0.568280719534929,NaN,NaN,NaN,NaN,NaN,NaN,NaN,NaN,NaN,NaN,NaN,0.000178708333333333,164,16,46,0,0.00147416666666667,0.0260119583333333,0.0163830833333333,0.00445558333333333,0.000859625,9.59583333333333e-05
EXP-20260506-008_uniform_hsbm_K_rho16_eigsh_methods_matlab,K,K,4,NaN,8,420260514,5000,4,3,16,36,4,32,2.304e-05,2.56e-06,80048,479072,0.01916288,0.01125025,0.0156062916666667,sparse,0,0,48.0288,73,79904.0384,15.98080768,47.94242304,0.0623875075135075,Non-random eigs,non_random,0.000399999999999956,0.998933119971669,0.997653918275916,0.000629125,0.0239576666666667,0.05077325,eigs,0.00541829166666667,6.95833333333333e-05,0.0184288333333333,0.0239244583333333,1,0.577500225795356,NaN,NaN,NaN,NaN,NaN,NaN,NaN,NaN,NaN,NaN,NaN,NaN,NaN,NaN,NaN,NaN,NaN,NaN,NaN,NaN,NaN,NaN
EXP-20260506-008_uniform_hsbm_K_rho16_eigsh_methods_matlab,K,K,4,NaN,8,420260514,5000,4,3,16,36,4,32,2.304e-05,2.56e-06,80048,479072,0.01916288,0.01125025,0.0156062916666667,sparse,0,0,48.0288,73,79904.0384,15.98080768,47.94242304,0.0623875075135075,Gaussian RP,gaussian_random_projection,0.00239999999999996,0.993607685208406,0.986325704633031,0.000634333333333333,0.06507275,0.0918935833333333,,0.053017875,7.54166666666667e-05,0.01194375,0.0650462083333333,0.99999914316039,0.571734536063237,0.00259529166666667,0.0291430833333333,0.0156582916666667,0.00458245833333333,0.00075925,0.000148458333333333,NaN,NaN,NaN,NaN,NaN,NaN,NaN,NaN,NaN,NaN,NaN,NaN,NaN,NaN,NaN,NaN
EXP-20260506-008_uniform_hsbm_K_rho16_eigsh_methods_matlab,K,K,4,NaN,8,420260514,5000,4,3,16,36,4,32,2.304e-05,2.56e-06,80048,479072,0.01916288,0.01125025,0.0156062916666667,sparse,0,0,48.0288,73,79904.0384,15.98080768,47.94242304,0.0623875075135075,Random sampling,random_sampling,0.0112,0.97034378878982,0.947434989452815,0.000620458333333333,0.032178875,0.0589927083333333,,0.0126476666666667,6.71666666666667e-05,0.0194213333333333,0.032145625,1.05655132360593,0.680429888144194,NaN,NaN,NaN,NaN,NaN,NaN,0.00605070833333333,242036,169753,0.7,335994,NaN,NaN,NaN,NaN,NaN,NaN,NaN,NaN,NaN,NaN,NaN
EXP-20260506-008_uniform_hsbm_K_rho16_eigsh_methods_matlab,K,K,4,NaN,8,420260514,5000,4,3,16,36,4,32,2.304e-05,2.56e-06,80048,479072,0.01916288,0.01125025,0.0156062916666667,sparse,0,0,48.0288,73,79904.0384,15.98080768,47.94242304,0.0623875075135075,CountSketch RP,countsketch_random_projection,0.00160000000000005,0.995735260805623,0.991091560429426,0.000593458333333333,0.0672872083333333,0.0941029166666667,,0.0505304583333333,7.85e-05,0.0166374166666667,0.0672553333333333,0.999998982686433,0.572269968444299,NaN,NaN,NaN,NaN,NaN,NaN,NaN,NaN,NaN,NaN,NaN,0.000134416666666667,164,14,48,0,0.00156041666666667,0.0261949583333333,0.0171352916666667,0.00439458333333333,0.000826875,0.000109208333333333
EXP-20260506-008_uniform_hsbm_K_rho16_eigsh_methods_matlab,K,K,4,NaN,9,420260515,5000,4,3,16,36,4,32,2.304e-05,2.56e-06,79623,476770,0.0190708,0.010371375,0.0150871666666667,sparse,0,0,47.7738,76,79904.0384,15.98080768,47.94242304,0.0623875075135075,Non-random eigs,non_random,0.00160000000000005,0.995737819607683,0.991292140834523,0.000644041666666667,0.021244125,0.046668375,eigs,0.00484275,7.32916666666667e-05,0.0162937916666667,0.0212175,1,0.57486245717388,NaN,NaN,NaN,NaN,NaN,NaN,NaN,NaN,NaN,NaN,NaN,NaN,NaN,NaN,NaN,NaN,NaN,NaN,NaN,NaN,NaN,NaN
EXP-20260506-008_uniform_hsbm_K_rho16_eigsh_methods_matlab,K,K,4,NaN,9,420260515,5000,4,3,16,36,4,32,2.304e-05,2.56e-06,79623,476770,0.0190708,0.010371375,0.0150871666666667,sparse,0,0,47.7738,76,79904.0384,15.98080768,47.94242304,0.0623875075135075,Gaussian RP,gaussian_random_projection,0.00339999999999996,0.990949453415621,0.981537719825614,0.000609041666666667,0.0730460833333333,0.0984683333333333,,0.0530135833333333,6.82916666666667e-05,0.0199279166666667,0.0730193333333333,0.999998959060669,0.569300336513608,0.002585,0.0284183333333333,0.0166242083333333,0.0043785,0.000768291666666667,0.000100875,NaN,NaN,NaN,NaN,NaN,NaN,NaN,NaN,NaN,NaN,NaN,NaN,NaN,NaN,NaN,NaN
EXP-20260506-008_uniform_hsbm_K_rho16_eigsh_methods_matlab,K,K,4,NaN,9,420260515,5000,4,3,16,36,4,32,2.304e-05,2.56e-06,79623,476770,0.0190708,0.010371375,0.0150871666666667,sparse,0,0,47.7738,76,79904.0384,15.98080768,47.94242304,0.0623875075135075,Random sampling,random_sampling,0.0114,0.969832012409024,0.947059146287916,0.000636375,0.0339823333333333,0.0594020416666667,,0.0113010416666667,6.70833333333333e-05,0.022575375,0.0339516666666667,1.05471107204472,0.67740294899701,NaN,NaN,NaN,NaN,NaN,NaN,0.00553591666666667,240885,168393,0.7,333284,NaN,NaN,NaN,NaN,NaN,NaN,NaN,NaN,NaN,NaN,NaN
EXP-20260506-008_uniform_hsbm_K_rho16_eigsh_methods_matlab,K,K,4,NaN,9,420260515,5000,4,3,16,36,4,32,2.304e-05,2.56e-06,79623,476770,0.0190708,0.010371375,0.0150871666666667,sparse,0,0,47.7738,76,79904.0384,15.98080768,47.94242304,0.0623875075135075,CountSketch RP,countsketch_random_projection,0.00460000000000005,0.987766538178121,0.975978368404928,0.00060325,0.0700924166666667,0.0955125416666667,,0.05001975,7.28333333333333e-05,0.0199614166666667,0.0700629166666667,0.999998956291839,0.568663473540234,NaN,NaN,NaN,NaN,NaN,NaN,NaN,NaN,NaN,NaN,NaN,0.000141083333333333,164,16,48,0,0.001509,0.0257752916666667,0.0171220416666667,0.00442995833333333,0.000777916666666667,0.000105416666666667
EXP-20260506-008_uniform_hsbm_K_rho16_eigsh_methods_matlab,K,K,4,NaN,10,420260516,5000,4,3,16,36,4,32,2.304e-05,2.56e-06,80255,480242,0.01920968,0.00942445833333333,0.0140325,sparse,0,0,48.153,72,79904.0384,15.98080768,47.94242304,0.0623875075135075,Non-random eigs,non_random,0.000399999999999956,0.998933333546974,0.997653975894441,0.000561208333333333,0.0278935416666667,0.0513182916666667,eigs,0.00480558333333333,6.91666666666667e-05,0.0229865833333333,0.0278690833333333,1,0.578117908990718,NaN,NaN,NaN,NaN,NaN,NaN,NaN,NaN,NaN,NaN,NaN,NaN,NaN,NaN,NaN,NaN,NaN,NaN,NaN,NaN,NaN,NaN
EXP-20260506-008_uniform_hsbm_K_rho16_eigsh_methods_matlab,K,K,4,NaN,10,420260516,5000,4,3,16,36,4,32,2.304e-05,2.56e-06,80255,480242,0.01920968,0.00942445833333333,0.0140325,sparse,0,0,48.153,72,79904.0384,15.98080768,47.94242304,0.0623875075135075,Gaussian RP,gaussian_random_projection,0.00239999999999996,0.993608753197909,0.986725761852687,0.000595541666666667,0.0716264583333333,0.0950488333333333,,0.0531031666666667,7.23333333333333e-05,0.018416375,0.0716004583333333,0.999999064777296,0.573342026574667,0.00262425,0.0284650833333333,0.016711875,0.00431695833333333,0.000747625,0.000100958333333333,NaN,NaN,NaN,NaN,NaN,NaN,NaN,NaN,NaN,NaN,NaN,NaN,NaN,NaN,NaN,NaN
EXP-20260506-008_uniform_hsbm_K_rho16_eigsh_methods_matlab,K,K,4,NaN,10,420260516,5000,4,3,16,36,4,32,2.304e-05,2.56e-06,80255,480242,0.01920968,0.00942445833333333,0.0140325,sparse,0,0,48.153,72,79904.0384,15.98080768,47.94242304,0.0623875075135075,Random sampling,random_sampling,0.00880000000000003,0.976657812781634,0.957923448052496,0.000946583333333333,0.0325283333333333,0.0559435,,0.0116775416666667,6.775e-05,0.02074125,0.0324952916666667,1.0587309271812,0.681926017758834,NaN,NaN,NaN,NaN,NaN,NaN,0.00550925,242621,170173,0.7,336816,NaN,NaN,NaN,NaN,NaN,NaN,NaN,NaN,NaN,NaN,NaN
EXP-20260506-008_uniform_hsbm_K_rho16_eigsh_methods_matlab,K,K,4,NaN,10,420260516,5000,4,3,16,36,4,32,2.304e-05,2.56e-06,80255,480242,0.01920968,0.00942445833333333,0.0140325,sparse,0,0,48.153,72,79904.0384,15.98080768,47.94242304,0.0623875075135075,CountSketch RP,countsketch_random_projection,0.00360000000000005,0.990417953143873,0.980689347017487,0.0005145,0.069350875,0.0927350416666667,,0.0499690416666667,7.32083333333333e-05,0.0192358333333333,0.0692872916666667,0.999998939628891,0.572084037296438,NaN,NaN,NaN,NaN,NaN,NaN,NaN,NaN,NaN,NaN,NaN,0.000357375,164,20,46,0,0.00155620833333333,0.0257242083333333,0.01678575,0.004307875,0.00077325,0.000106208333333333
EXP-20260506-008_uniform_hsbm_K_rho16_eigsh_methods_matlab,K,K,6,NaN,1,620260507,5000,6,3,16,36,4,32,2.304e-05,2.56e-06,65573,394924,0.01579696,0.00808733333333333,0.0117454166666667,sparse,0,0,39.3438,64,65110.56828416,13.022113656832,39.066340970496,0.02769449889978,Non-random eigs,non_random,0.1344,0.703566257223929,0.661745068514331,0.00120495833333333,0.054752875,0.074551125,eigs,0.00927395833333333,0.000912875,0.0445315416666667,0.0547279583333333,1,0.502152651268381,NaN,NaN,NaN,NaN,NaN,NaN,NaN,NaN,NaN,NaN,NaN,NaN,NaN,NaN,NaN,NaN,NaN,NaN,NaN,NaN,NaN,NaN
EXP-20260506-008_uniform_hsbm_K_rho16_eigsh_methods_matlab,K,K,6,NaN,1,620260507,5000,6,3,16,36,4,32,2.304e-05,2.56e-06,65573,394924,0.01579696,0.00808733333333333,0.0117454166666667,sparse,0,0,39.3438,64,65110.56828416,13.022113656832,39.066340970496,0.02769449889978,Gaussian RP,gaussian_random_projection,0.315,0.388127035495596,0.374380954728871,0.001199875,0.131587041666667,0.151384666666667,,0.0516072916666667,8.4375e-05,0.07986025,0.131560083333333,0.999998546558378,0.479761377525614,0.00263358333333333,0.02599,0.017482625,0.00402566666666667,0.00121020833333333,0.000124541666666667,NaN,NaN,NaN,NaN,NaN,NaN,NaN,NaN,NaN,NaN,NaN,NaN,NaN,NaN,NaN,NaN
EXP-20260506-008_uniform_hsbm_K_rho16_eigsh_methods_matlab,K,K,6,NaN,1,620260507,5000,6,3,16,36,4,32,2.304e-05,2.56e-06,65573,394924,0.01579696,0.00808733333333333,0.0117454166666667,sparse,0,0,39.3438,64,65110.56828416,13.022113656832,39.066340970496,0.02769449889978,Random sampling,random_sampling,0.449,0.231053246793766,0.236640695715378,0.00124570833333333,0.217811083333333,0.237601791666667,,0.035926125,8.69583333333333e-05,0.181755958333333,0.217778041666667,1.05852269542661,0.63424372582042,NaN,NaN,NaN,NaN,NaN,NaN,0.004693125,199962,139969,0.7,276414,NaN,NaN,NaN,NaN,NaN,NaN,NaN,NaN,NaN,NaN,NaN
EXP-20260506-008_uniform_hsbm_K_rho16_eigsh_methods_matlab,K,K,6,NaN,1,620260507,5000,6,3,16,36,4,32,2.304e-05,2.56e-06,65573,394924,0.01579696,0.00808733333333333,0.0117454166666667,sparse,0,0,39.3438,64,65110.56828416,13.022113656832,39.066340970496,0.02769449889978,CountSketch RP,countsketch_random_projection,0.3394,0.353379584970909,0.343783724754793,0.00128904166666667,0.140184416666667,0.159975625,,0.04661525,0.000140541666666667,0.0933870833333333,0.140152375,0.999998611640304,0.479838273438117,NaN,NaN,NaN,NaN,NaN,NaN,NaN,NaN,NaN,NaN,NaN,0.000142083333333333,166,18,42,0,0.0014915,0.022810375,0.0160680833333333,0.00415091666666667,0.00163320833333333,0.000141791666666667
EXP-20260506-008_uniform_hsbm_K_rho16_eigsh_methods_matlab,K,K,6,NaN,2,620260508,5000,6,3,16,36,4,32,2.304e-05,2.56e-06,65293,393196,0.01572784,0.007386875,0.0114210833333333,sparse,0,0,39.1758,63,65110.56828416,13.022113656832,39.066340970496,0.02769449889978,Non-random eigs,non_random,0.112,0.749245799056449,0.706072708639504,0.00119508333333333,0.0442783333333333,0.0630133333333333,eigs,0.00916729166666667,8.67083333333333e-05,0.034951375,0.0442490416666667,1,0.504162770714845,NaN,NaN,NaN,NaN,NaN,NaN,NaN,NaN,NaN,NaN,NaN,NaN,NaN,NaN,NaN,NaN,NaN,NaN,NaN,NaN,NaN,NaN
EXP-20260506-008_uniform_hsbm_K_rho16_eigsh_methods_matlab,K,K,6,NaN,2,620260508,5000,6,3,16,36,4,32,2.304e-05,2.56e-06,65293,393196,0.01572784,0.007386875,0.0114210833333333,sparse,0,0,39.1758,63,65110.56828416,13.022113656832,39.066340970496,0.02769449889978,Gaussian RP,gaussian_random_projection,0.3012,0.409152702301491,0.393542464943568,0.00131304166666667,0.124862625,0.143627666666667,,0.0507805833333333,0.000190416666666667,0.0738487083333333,0.124831125,0.999998482025765,0.48107965884214,0.00263391666666667,0.0264761666666667,0.016319875,0.00389091666666667,0.00118491666666667,0.000120875,NaN,NaN,NaN,NaN,NaN,NaN,NaN,NaN,NaN,NaN,NaN,NaN,NaN,NaN,NaN,NaN
EXP-20260506-008_uniform_hsbm_K_rho16_eigsh_methods_matlab,K,K,6,NaN,2,620260508,5000,6,3,16,36,4,32,2.304e-05,2.56e-06,65293,393196,0.01572784,0.007386875,0.0114210833333333,sparse,0,0,39.1758,63,65110.56828416,13.022113656832,39.066340970496,0.02769449889978,Random sampling,random_sampling,0.355,0.329747630392752,0.322770559014638,0.001828625,0.107159875,0.125917666666667,,0.0303900416666667,8.0375e-05,0.0766392916666667,0.1071215,1.05576779222526,0.635345998214004,NaN,NaN,NaN,NaN,NaN,NaN,0.004662125,199098,139077,0.7,274651,NaN,NaN,NaN,NaN,NaN,NaN,NaN,NaN,NaN,NaN,NaN
EXP-20260506-008_uniform_hsbm_K_rho16_eigsh_methods_matlab,K,K,6,NaN,2,620260508,5000,6,3,16,36,4,32,2.304e-05,2.56e-06,65293,393196,0.01572784,0.007386875,0.0114210833333333,sparse,0,0,39.1758,63,65110.56828416,13.022113656832,39.066340970496,0.02769449889978,CountSketch RP,countsketch_random_projection,0.307,0.399170712850606,0.382641784411128,0.00122525,0.130060875,0.148810791666667,,0.0522937916666667,0.000109458333333333,0.0775995833333333,0.130016666666667,0.999998768062749,0.482923524166183,NaN,NaN,NaN,NaN,NaN,NaN,NaN,NaN,NaN,NaN,NaN,0.000144791666666667,166,17,45,0,0.001500875,0.0263428333333333,0.0185650833333333,0.00406983333333333,0.001294875,0.000168541666666667
EXP-20260506-008_uniform_hsbm_K_rho16_eigsh_methods_matlab,K,K,6,NaN,3,620260509,5000,6,3,16,36,4,32,2.304e-05,2.56e-06,65224,392782,0.01571128,0.00780070833333333,0.01151025,sparse,0,0,39.1344,63,65110.56828416,13.022113656832,39.066340970496,0.02769449889978,Non-random eigs,non_random,0.1116,0.750017171414957,0.706269386238118,0.001243875,0.0475864166666667,0.0667634583333333,eigs,0.0093985,8.1125e-05,0.037972875,0.0475509583333333,1,0.50374197592636,NaN,NaN,NaN,NaN,NaN,NaN,NaN,NaN,NaN,NaN,NaN,NaN,NaN,NaN,NaN,NaN,NaN,NaN,NaN,NaN,NaN,NaN
EXP-20260506-008_uniform_hsbm_K_rho16_eigsh_methods_matlab,K,K,6,NaN,3,620260509,5000,6,3,16,36,4,32,2.304e-05,2.56e-06,65224,392782,0.01571128,0.00780070833333333,0.01151025,sparse,0,0,39.1344,63,65110.56828416,13.022113656832,39.066340970496,0.02769449889978,Gaussian RP,gaussian_random_projection,0.337,0.355332898815006,0.345273844593839,0.00156275,0.123613791666667,0.142883125,,0.0505351666666667,8.725e-05,0.07294975,0.123584208333333,0.999998448878691,0.479505554233393,0.00261458333333333,0.0260653333333333,0.0161383333333333,0.00397404166666667,0.00141058333333333,0.000176083333333333,NaN,NaN,NaN,NaN,NaN,NaN,NaN,NaN,NaN,NaN,NaN,NaN,NaN,NaN,NaN,NaN
EXP-20260506-008_uniform_hsbm_K_rho16_eigsh_methods_matlab,K,K,6,NaN,3,620260509,5000,6,3,16,36,4,32,2.304e-05,2.56e-06,65224,392782,0.01571128,0.00780070833333333,0.01151025,sparse,0,0,39.1344,63,65110.56828416,13.022113656832,39.066340970496,0.02769449889978,Random sampling,random_sampling,0.368,0.312774970129241,0.305844800468208,0.000855041666666667,0.118968458333333,0.138179375,,0.030274125,9e-05,0.0885042916666667,0.11892275,1.05721262066521,0.636087216758476,NaN,NaN,NaN,NaN,NaN,NaN,0.00485204166666667,198891,138790,0.7,274047,NaN,NaN,NaN,NaN,NaN,NaN,NaN,NaN,NaN,NaN,NaN
EXP-20260506-008_uniform_hsbm_K_rho16_eigsh_methods_matlab,K,K,6,NaN,3,620260509,5000,6,3,16,36,4,32,2.304e-05,2.56e-06,65224,392782,0.01571128,0.00780070833333333,0.01151025,sparse,0,0,39.1344,63,65110.56828416,13.022113656832,39.066340970496,0.02769449889978,CountSketch RP,countsketch_random_projection,0.3224,0.376325540246286,0.362456803344762,0.000854125,0.1292375,0.148497208333333,,0.0473004166666667,8.90416666666667e-05,0.0817967916666667,0.129199708333333,0.999998429034347,0.481451177228924,NaN,NaN,NaN,NaN,NaN,NaN,NaN,NaN,NaN,NaN,NaN,0.000128375,166,16,47,0,0.00147125,0.0239030416666667,0.0162480833333333,0.00410454166666667,0.001146125,0.000110458333333333
EXP-20260506-008_uniform_hsbm_K_rho16_eigsh_methods_matlab,K,K,6,NaN,4,620260510,5000,6,3,16,36,4,32,2.304e-05,2.56e-06,65175,392566,0.01570264,0.00777925,0.011563375,sparse,0,0,39.105,64,65110.56828416,13.022113656832,39.066340970496,0.02769449889978,Non-random eigs,non_random,0.1092,0.75491560908371,0.71085723908544,0.000821875,0.0461393333333333,0.0654481666666667,eigs,0.00844425,7.95833333333333e-05,0.0375817083333333,0.0461143333333333,1,0.504248335829261,NaN,NaN,NaN,NaN,NaN,NaN,NaN,NaN,NaN,NaN,NaN,NaN,NaN,NaN,NaN,NaN,NaN,NaN,NaN,NaN,NaN,NaN
EXP-20260506-008_uniform_hsbm_K_rho16_eigsh_methods_matlab,K,K,6,NaN,4,620260510,5000,6,3,16,36,4,32,2.304e-05,2.56e-06,65175,392566,0.01570264,0.00777925,0.011563375,sparse,0,0,39.105,64,65110.56828416,13.022113656832,39.066340970496,0.02769449889978,Gaussian RP,gaussian_random_projection,0.3084,0.397578239082531,0.380698457255993,0.000836166666666667,0.142756708333333,0.162053833333333,,0.0496810416666667,9.38333333333333e-05,0.0929363333333333,0.142722375,0.999998123540053,0.480146881551522,0.00259891666666667,0.02551525,0.0161776666666667,0.0039975,0.00114479166666667,0.000109333333333333,NaN,NaN,NaN,NaN,NaN,NaN,NaN,NaN,NaN,NaN,NaN,NaN,NaN,NaN,NaN,NaN
EXP-20260506-008_uniform_hsbm_K_rho16_eigsh_methods_matlab,K,K,6,NaN,4,620260510,5000,6,3,16,36,4,32,2.304e-05,2.56e-06,65175,392566,0.01570264,0.00777925,0.011563375,sparse,0,0,39.105,64,65110.56828416,13.022113656832,39.066340970496,0.02769449889978,Random sampling,random_sampling,0.3764,0.30232235971612,0.296886690236407,0.00117129166666667,0.138487208333333,0.157780458333333,,0.030349625,7.96666666666667e-05,0.108008541666667,0.138449125,1.05531377373587,0.634303851825001,NaN,NaN,NaN,NaN,NaN,NaN,0.00469875,198783,139396,0.7,275346,NaN,NaN,NaN,NaN,NaN,NaN,NaN,NaN,NaN,NaN,NaN
EXP-20260506-008_uniform_hsbm_K_rho16_eigsh_methods_matlab,K,K,6,NaN,4,620260510,5000,6,3,16,36,4,32,2.304e-05,2.56e-06,65175,392566,0.01570264,0.00777925,0.011563375,sparse,0,0,39.105,64,65110.56828416,13.022113656832,39.066340970496,0.02769449889978,CountSketch RP,countsketch_random_projection,0.3082,0.397328590041773,0.381998171744053,0.000795083333333333,0.131597166666667,0.150869958333333,,0.047561625,8.09583333333333e-05,0.08388475,0.131537333333333,0.999998324421885,0.479629684320244,NaN,NaN,NaN,NaN,NaN,NaN,NaN,NaN,NaN,NaN,NaN,0.000325333333333333,166,16,47,0,0.00145266666666667,0.0228856666666667,0.0172461666666667,0.00402408333333333,0.00111295833333333,0.000127916666666667
EXP-20260506-008_uniform_hsbm_K_rho16_eigsh_methods_matlab,K,K,6,NaN,5,620260511,5000,6,3,16,36,4,32,2.304e-05,2.56e-06,64683,389594,0.01558376,0.00960325,0.0120281666666667,sparse,0,0,38.8098,60,65110.56828416,13.022113656832,39.066340970496,0.02769449889978,Non-random eigs,non_random,0.1246,0.723205626622649,0.679998418459945,0.000921125,0.0521320833333333,0.0736170833333333,eigs,0.0108970416666667,8.91666666666667e-05,0.0409994583333333,0.0521002916666667,1,0.50352101932086,NaN,NaN,NaN,NaN,NaN,NaN,NaN,NaN,NaN,NaN,NaN,NaN,NaN,NaN,NaN,NaN,NaN,NaN,NaN,NaN,NaN,NaN
EXP-20260506-008_uniform_hsbm_K_rho16_eigsh_methods_matlab,K,K,6,NaN,5,620260511,5000,6,3,16,36,4,32,2.304e-05,2.56e-06,64683,389594,0.01558376,0.00960325,0.0120281666666667,sparse,0,0,38.8098,60,65110.56828416,13.022113656832,39.066340970496,0.02769449889978,Gaussian RP,gaussian_random_projection,0.3214,0.37745541215545,0.36298468956064,0.000843458333333333,0.133253166666667,0.154842583333333,,0.0495042916666667,8.2e-05,0.083624875,0.133221291666667,0.999998225205234,0.480214344760455,0.00262233333333333,0.0255126666666667,0.0157140833333333,0.00421,0.00114879166666667,0.000141041666666667,NaN,NaN,NaN,NaN,NaN,NaN,NaN,NaN,NaN,NaN,NaN,NaN,NaN,NaN,NaN,NaN
EXP-20260506-008_uniform_hsbm_K_rho16_eigsh_methods_matlab,K,K,6,NaN,5,620260511,5000,6,3,16,36,4,32,2.304e-05,2.56e-06,64683,389594,0.01558376,0.00960325,0.0120281666666667,sparse,0,0,38.8098,60,65110.56828416,13.022113656832,39.066340970496,0.02769449889978,Random sampling,random_sampling,0.3886,0.284599267889874,0.280138341147554,0.000779416666666667,0.123588541666667,0.145178083333333,,0.0275110416666667,8.95e-05,0.095946125,0.123556916666667,1.05408124486011,0.636340808597723,NaN,NaN,NaN,NaN,NaN,NaN,0.004613125,197297,137830,0.7,272182,NaN,NaN,NaN,NaN,NaN,NaN,NaN,NaN,NaN,NaN,NaN
EXP-20260506-008_uniform_hsbm_K_rho16_eigsh_methods_matlab,K,K,6,NaN,5,620260511,5000,6,3,16,36,4,32,2.304e-05,2.56e-06,64683,389594,0.01558376,0.00960325,0.0120281666666667,sparse,0,0,38.8098,60,65110.56828416,13.022113656832,39.066340970496,0.02769449889978,CountSketch RP,countsketch_random_projection,0.3008,0.408886210988236,0.391802698400312,0.000812541666666667,0.1130035,0.134595583333333,,0.0461270833333333,0.000187625,0.0666494583333333,0.112974083333333,0.999998224915294,0.481965807499467,NaN,NaN,NaN,NaN,NaN,NaN,NaN,NaN,NaN,NaN,NaN,0.000124875,166,19,43,0,0.00147866666666667,0.022963125,0.016286125,0.00393125,0.00108920833333333,0.000102541666666667
EXP-20260506-008_uniform_hsbm_K_rho16_eigsh_methods_matlab,K,K,6,NaN,6,620260512,5000,6,3,16,36,4,32,2.304e-05,2.56e-06,65008,391668,0.01566672,0.00863083333333333,0.0118852916666667,sparse,0,0,39.0048,64,65110.56828416,13.022113656832,39.066340970496,0.02769449889978,Non-random eigs,non_random,0.1256,0.721210205403511,0.678573142231435,0.000828666666666667,0.0446270416666667,0.065035125,eigs,0.00878116666666667,8.8625e-05,0.0356492083333333,0.0446,1,0.504861941304138,NaN,NaN,NaN,NaN,NaN,NaN,NaN,NaN,NaN,NaN,NaN,NaN,NaN,NaN,NaN,NaN,NaN,NaN,NaN,NaN,NaN,NaN
EXP-20260506-008_uniform_hsbm_K_rho16_eigsh_methods_matlab,K,K,6,NaN,6,620260512,5000,6,3,16,36,4,32,2.304e-05,2.56e-06,65008,391668,0.01566672,0.00863083333333333,0.0118852916666667,sparse,0,0,39.0048,64,65110.56828416,13.022113656832,39.066340970496,0.02769449889978,Gaussian RP,gaussian_random_projection,0.3268,0.370218017130951,0.357585570332592,0.000820125,0.130158541666667,0.150639625,,0.0497384583333333,0.000137083333333333,0.0802479583333333,0.130131791666667,0.999998464178772,0.480794680567849,0.00260358333333333,0.0251025416666667,0.016635875,0.00399725,0.00113433333333333,0.000115041666666667,NaN,NaN,NaN,NaN,NaN,NaN,NaN,NaN,NaN,NaN,NaN,NaN,NaN,NaN,NaN,NaN
EXP-20260506-008_uniform_hsbm_K_rho16_eigsh_methods_matlab,K,K,6,NaN,6,620260512,5000,6,3,16,36,4,32,2.304e-05,2.56e-06,65008,391668,0.01566672,0.00863083333333333,0.0118852916666667,sparse,0,0,39.0048,64,65110.56828416,13.022113656832,39.066340970496,0.02769449889978,Random sampling,random_sampling,0.3696,0.31017467449152,0.304569880678222,0.000875208333333333,0.11313425,0.133605583333333,,0.030432125,8.24166666666667e-05,0.0825749166666667,0.113099666666667,1.06029867664132,0.636573425921665,NaN,NaN,NaN,NaN,NaN,NaN,0.00477145833333333,198334,139111,0.7,274695,NaN,NaN,NaN,NaN,NaN,NaN,NaN,NaN,NaN,NaN,NaN
EXP-20260506-008_uniform_hsbm_K_rho16_eigsh_methods_matlab,K,K,6,NaN,6,620260512,5000,6,3,16,36,4,32,2.304e-05,2.56e-06,65008,391668,0.01566672,0.00863083333333333,0.0118852916666667,sparse,0,0,39.0048,64,65110.56828416,13.022113656832,39.066340970496,0.02769449889978,CountSketch RP,countsketch_random_projection,0.3194,0.382215468821432,0.370080164807139,0.00080575,0.135676458333333,0.156148958333333,,0.0465637083333333,0.000197541666666667,0.0888715833333333,0.135641958333333,0.999998460148904,0.480340861842278,NaN,NaN,NaN,NaN,NaN,NaN,NaN,NaN,NaN,NaN,NaN,0.000133333333333333,166,18,46,0,0.001487375,0.0234059166666667,0.016236375,0.00395229166666667,0.0010715,0.000105458333333333
EXP-20260506-008_uniform_hsbm_K_rho16_eigsh_methods_matlab,K,K,6,NaN,7,620260513,5000,6,3,16,36,4,32,2.304e-05,2.56e-06,65227,392824,0.01571296,0.007389125,0.0113214166666667,sparse,0,0,39.1362,69,65110.56828416,13.022113656832,39.066340970496,0.02769449889978,Non-random eigs,non_random,0.1168,0.7392669095344,0.695550446606326,0.000879208333333333,0.050424625,0.0691011666666667,eigs,0.009018875,8.24583333333333e-05,0.0412892916666667,0.0503996666666667,1,0.505264917542283,NaN,NaN,NaN,NaN,NaN,NaN,NaN,NaN,NaN,NaN,NaN,NaN,NaN,NaN,NaN,NaN,NaN,NaN,NaN,NaN,NaN,NaN
EXP-20260506-008_uniform_hsbm_K_rho16_eigsh_methods_matlab,K,K,6,NaN,7,620260513,5000,6,3,16,36,4,32,2.304e-05,2.56e-06,65227,392824,0.01571296,0.007389125,0.0113214166666667,sparse,0,0,39.1362,69,65110.56828416,13.022113656832,39.066340970496,0.02769449889978,Gaussian RP,gaussian_random_projection,0.3152,0.387294040461212,0.371922090866019,0.001171875,0.130132625,0.148794958333333,,0.0508809166666667,0.000117583333333333,0.0790859166666667,0.130098375,0.999998265239231,0.480611170758366,0.00260308333333333,0.0258314166666667,0.0170642083333333,0.00401866666666667,0.00108025,0.00014025,NaN,NaN,NaN,NaN,NaN,NaN,NaN,NaN,NaN,NaN,NaN,NaN,NaN,NaN,NaN,NaN
EXP-20260506-008_uniform_hsbm_K_rho16_eigsh_methods_matlab,K,K,6,NaN,7,620260513,5000,6,3,16,36,4,32,2.304e-05,2.56e-06,65227,392824,0.01571296,0.007389125,0.0113214166666667,sparse,0,0,39.1362,69,65110.56828416,13.022113656832,39.066340970496,0.02769449889978,Random sampling,random_sampling,0.3562,0.328917567179121,0.320214864622074,0.000828083333333333,0.118807041666667,0.137467291666667,,0.026891125,8.26666666666667e-05,0.0917829583333333,0.118772375,1.05722852339895,0.636397199476095,NaN,NaN,NaN,NaN,NaN,NaN,0.00468541666666667,198912,139064,0.7,274603,NaN,NaN,NaN,NaN,NaN,NaN,NaN,NaN,NaN,NaN,NaN
EXP-20260506-008_uniform_hsbm_K_rho16_eigsh_methods_matlab,K,K,6,NaN,7,620260513,5000,6,3,16,36,4,32,2.304e-05,2.56e-06,65227,392824,0.01571296,0.007389125,0.0113214166666667,sparse,0,0,39.1362,69,65110.56828416,13.022113656832,39.066340970496,0.02769449889978,CountSketch RP,countsketch_random_projection,0.298,0.41358469772443,0.397293959227552,0.000881625,0.120959166666667,0.139626625,,0.0453722083333333,8.55e-05,0.075458375,0.120926875,0.999998568661572,0.481377849217155,NaN,NaN,NaN,NaN,NaN,NaN,NaN,NaN,NaN,NaN,NaN,0.000137916666666667,166,20,41,0,0.00151120833333333,0.0226099166666667,0.0157327083333333,0.00397208333333333,0.00111091666666667,0.00011675
EXP-20260506-008_uniform_hsbm_K_rho16_eigsh_methods_matlab,K,K,6,NaN,8,620260514,5000,6,3,16,36,4,32,2.304e-05,2.56e-06,65121,392076,0.01568304,0.00815654166666667,0.0116045,sparse,0,0,39.0726,63,65110.56828416,13.022113656832,39.066340970496,0.02769449889978,Non-random eigs,non_random,0.125,0.72251659060983,0.679487480094922,0.000828625,0.0471136666666667,0.0667920416666667,eigs,0.00902166666666667,9.15833333333333e-05,0.03791775,0.0470880416666667,1,0.504152002446183,NaN,NaN,NaN,NaN,NaN,NaN,NaN,NaN,NaN,NaN,NaN,NaN,NaN,NaN,NaN,NaN,NaN,NaN,NaN,NaN,NaN,NaN
EXP-20260506-008_uniform_hsbm_K_rho16_eigsh_methods_matlab,K,K,6,NaN,8,620260514,5000,6,3,16,36,4,32,2.304e-05,2.56e-06,65121,392076,0.01568304,0.00815654166666667,0.0116045,sparse,0,0,39.0726,63,65110.56828416,13.022113656832,39.066340970496,0.02769449889978,Gaussian RP,gaussian_random_projection,0.3186,0.38205409467984,0.367807880379631,0.00080425,0.122716416666667,0.142440708333333,,0.0503155,8.0875e-05,0.0722832916666667,0.122689083333333,0.999998297949568,0.481455401547352,0.002621,0.02571375,0.0166272083333333,0.00399604166666667,0.001104625,0.00011675,NaN,NaN,NaN,NaN,NaN,NaN,NaN,NaN,NaN,NaN,NaN,NaN,NaN,NaN,NaN,NaN
EXP-20260506-008_uniform_hsbm_K_rho16_eigsh_methods_matlab,K,K,6,NaN,8,620260514,5000,6,3,16,36,4,32,2.304e-05,2.56e-06,65121,392076,0.01568304,0.00815654166666667,0.0116045,sparse,0,0,39.0726,63,65110.56828416,13.022113656832,39.066340970496,0.02769449889978,Random sampling,random_sampling,0.3796,0.300440005702387,0.296505867735714,0.000846166666666667,0.107322,0.127042083333333,,0.0293275416666667,7.87916666666667e-05,0.0778747083333333,0.107290041666667,1.05723071001324,0.635865775378839,NaN,NaN,NaN,NaN,NaN,NaN,0.004734375,198538,139073,0.7,274653,NaN,NaN,NaN,NaN,NaN,NaN,NaN,NaN,NaN,NaN,NaN
EXP-20260506-008_uniform_hsbm_K_rho16_eigsh_methods_matlab,K,K,6,NaN,8,620260514,5000,6,3,16,36,4,32,2.304e-05,2.56e-06,65121,392076,0.01568304,0.00815654166666667,0.0116045,sparse,0,0,39.0726,63,65110.56828416,13.022113656832,39.066340970496,0.02769449889978,CountSketch RP,countsketch_random_projection,0.3164,0.384635557628153,0.369528968128469,0.000813208333333333,0.133548041666667,0.153268416666667,,0.0465437916666667,9.17916666666667e-05,0.0868717916666667,0.133516666666667,0.999998375583528,0.481060449391877,NaN,NaN,NaN,NaN,NaN,NaN,NaN,NaN,NaN,NaN,NaN,0.00012975,166,16,42,0,0.00152704166666667,0.0231304166666667,0.0164580416666667,0.00394929166666667,0.00108791666666667,0.000114791666666667
EXP-20260506-008_uniform_hsbm_K_rho16_eigsh_methods_matlab,K,K,6,NaN,9,620260515,5000,6,3,16,36,4,32,2.304e-05,2.56e-06,64810,390350,0.015614,0.00720295833333333,0.0113902916666667,sparse,0,0,38.886,66,65110.56828416,13.022113656832,39.066340970496,0.02769449889978,Non-random eigs,non_random,0.1238,0.72469010019512,0.681582366672666,0.00087425,0.0479492916666667,0.066508625,eigs,0.0100612083333333,0.000124791666666667,0.037729375,0.047924375,1,0.504140611092138,NaN,NaN,NaN,NaN,NaN,NaN,NaN,NaN,NaN,NaN,NaN,NaN,NaN,NaN,NaN,NaN,NaN,NaN,NaN,NaN,NaN,NaN
EXP-20260506-008_uniform_hsbm_K_rho16_eigsh_methods_matlab,K,K,6,NaN,9,620260515,5000,6,3,16,36,4,32,2.304e-05,2.56e-06,64810,390350,0.015614,0.00720295833333333,0.0113902916666667,sparse,0,0,38.886,66,65110.56828416,13.022113656832,39.066340970496,0.02769449889978,Gaussian RP,gaussian_random_projection,0.3022,0.405924811426808,0.387945305466716,0.000801125,0.126135333333333,0.144691416666667,,0.0502102083333333,0.000129833333333333,0.075758125,0.126108291666667,0.99999812939891,0.483477409001264,0.00261158333333333,0.0257784166666667,0.0165298333333333,0.00392120833333333,0.00109929166666667,0.000120958333333333,NaN,NaN,NaN,NaN,NaN,NaN,NaN,NaN,NaN,NaN,NaN,NaN,NaN,NaN,NaN,NaN
EXP-20260506-008_uniform_hsbm_K_rho16_eigsh_methods_matlab,K,K,6,NaN,9,620260515,5000,6,3,16,36,4,32,2.304e-05,2.56e-06,64810,390350,0.015614,0.00720295833333333,0.0113902916666667,sparse,0,0,38.886,66,65110.56828416,13.022113656832,39.066340970496,0.02769449889978,Random sampling,random_sampling,0.4834,0.200186586534734,0.209596646404451,0.000847375,0.193376208333333,0.211921875,,0.0315064166666667,0.000106208333333333,0.161716,0.193339791666667,1.05667338108125,0.635864753513319,NaN,NaN,NaN,NaN,NaN,NaN,0.00455429166666667,197675,138485,0.7,273471,NaN,NaN,NaN,NaN,NaN,NaN,NaN,NaN,NaN,NaN,NaN
EXP-20260506-008_uniform_hsbm_K_rho16_eigsh_methods_matlab,K,K,6,NaN,9,620260515,5000,6,3,16,36,4,32,2.304e-05,2.56e-06,64810,390350,0.015614,0.00720295833333333,0.0113902916666667,sparse,0,0,38.886,66,65110.56828416,13.022113656832,39.066340970496,0.02769449889978,CountSketch RP,countsketch_random_projection,0.3246,0.37293904372382,0.359806896300217,0.000807125,0.127442875,0.145992916666667,,0.0461832916666667,0.000118333333333333,0.0810980416666667,0.127409916666667,0.999998457997082,0.479230487444087,NaN,NaN,NaN,NaN,NaN,NaN,NaN,NaN,NaN,NaN,NaN,0.00012725,166,14,45,0,0.00149308333333333,0.022921625,0.016282125,0.00395666666666667,0.00110983333333333,0.0001165
EXP-20260506-008_uniform_hsbm_K_rho16_eigsh_methods_matlab,K,K,6,NaN,10,620260516,5000,6,3,16,36,4,32,2.304e-05,2.56e-06,65148,392554,0.01570216,0.00817166666666667,0.0112791666666667,sparse,0,0,39.0888,64,65110.56828416,13.022113656832,39.066340970496,0.02769449889978,Non-random eigs,non_random,0.1202,0.732396699488341,0.689578531082904,0.000821875,0.0499526666666667,0.0693698333333333,eigs,0.0101416666666667,7.52083333333333e-05,0.039702125,0.0499275833333333,1,0.503603613122017,NaN,NaN,NaN,NaN,NaN,NaN,NaN,NaN,NaN,NaN,NaN,NaN,NaN,NaN,NaN,NaN,NaN,NaN,NaN,NaN,NaN,NaN
EXP-20260506-008_uniform_hsbm_K_rho16_eigsh_methods_matlab,K,K,6,NaN,10,620260516,5000,6,3,16,36,4,32,2.304e-05,2.56e-06,65148,392554,0.01570216,0.00817166666666667,0.0112791666666667,sparse,0,0,39.0888,64,65110.56828416,13.022113656832,39.066340970496,0.02769449889978,Gaussian RP,gaussian_random_projection,0.3248,0.373187954789594,0.359534648598933,0.000786291666666667,0.12773425,0.147143958333333,,0.0504631666666667,8.59166666666667e-05,0.0771440416666667,0.127705375,0.999998363827433,0.481748073610094,0.00260704166666667,0.0259351666666667,0.0164047083333333,0.00410570833333333,0.00111566666666667,0.000158916666666667,NaN,NaN,NaN,NaN,NaN,NaN,NaN,NaN,NaN,NaN,NaN,NaN,NaN,NaN,NaN,NaN
EXP-20260506-008_uniform_hsbm_K_rho16_eigsh_methods_matlab,K,K,6,NaN,10,620260516,5000,6,3,16,36,4,32,2.304e-05,2.56e-06,65148,392554,0.01570216,0.00817166666666667,0.0112791666666667,sparse,0,0,39.0888,64,65110.56828416,13.022113656832,39.066340970496,0.02769449889978,Random sampling,random_sampling,0.3792,0.301252509019021,0.298703979464379,0.00080125,0.136793125,0.156202416666667,,0.036976125,7.65416666666667e-05,0.0996989166666667,0.136761291666667,1.05939038342618,0.635619474653922,NaN,NaN,NaN,NaN,NaN,NaN,0.00466204166666667,198777,138912,0.7,274281,NaN,NaN,NaN,NaN,NaN,NaN,NaN,NaN,NaN,NaN,NaN
EXP-20260506-008_uniform_hsbm_K_rho16_eigsh_methods_matlab,K,K,6,NaN,10,620260516,5000,6,3,16,36,4,32,2.304e-05,2.56e-06,65148,392554,0.01570216,0.00817166666666667,0.0112791666666667,sparse,0,0,39.0888,64,65110.56828416,13.022113656832,39.066340970496,0.02769449889978,CountSketch RP,countsketch_random_projection,0.3316,0.363818425380707,0.351115778052229,0.000784875,0.119663791666667,0.139067125,,0.0456594583333333,9.30833333333333e-05,0.07386375,0.119628541666667,0.999998555085612,0.481363010505549,NaN,NaN,NaN,NaN,NaN,NaN,NaN,NaN,NaN,NaN,NaN,0.000126541666666667,166,15,45,0,0.00145591666666667,0.0229562083333333,0.01557775,0.004168375,0.00109579166666667,0.000121625
EXP-20260506-008_uniform_hsbm_K_rho16_eigsh_methods_matlab,K,K,8,NaN,1,820260507,5000,8,3,16,36,4,32,2.304e-05,2.56e-06,60031,362490,0.0144996,0.00727629166666667,0.0106917916666667,sparse,0,0,36.0186,60,59936.0384,11.98720768,35.96162304,0.0155594144038892,Non-random eigs,non_random,0.7818,0.0238835091160875,0.0387727454426077,0.00236329166666667,0.378976458333333,0.396903958333333,eigs,0.0328897083333333,9.9375e-05,0.345946791666667,0.378948541666667,1,0.494465351264741,NaN,NaN,NaN,NaN,NaN,NaN,NaN,NaN,NaN,NaN,NaN,NaN,NaN,NaN,NaN,NaN,NaN,NaN,NaN,NaN,NaN,NaN
EXP-20260506-008_uniform_hsbm_K_rho16_eigsh_methods_matlab,K,K,8,NaN,1,820260507,5000,8,3,16,36,4,32,2.304e-05,2.56e-06,60031,362490,0.0144996,0.00727629166666667,0.0106917916666667,sparse,0,0,36.0186,60,59936.0384,11.98720768,35.96162304,0.0155594144038892,Gaussian RP,gaussian_random_projection,0.826,0.00657281828260369,0.013232385358816,0.00228729166666667,0.37038,0.388289416666667,,0.0483374583333333,0.000145083333333333,0.321838791666667,0.370336166666667,0.99999838071609,0.477778472701933,0.002683875,0.023029875,0.01660825,0.00352220833333333,0.00221041666666667,0.000104375,NaN,NaN,NaN,NaN,NaN,NaN,NaN,NaN,NaN,NaN,NaN,NaN,NaN,NaN,NaN,NaN
EXP-20260506-008_uniform_hsbm_K_rho16_eigsh_methods_matlab,K,K,8,NaN,1,820260507,5000,8,3,16,36,4,32,2.304e-05,2.56e-06,60031,362490,0.0144996,0.00727629166666667,0.0106917916666667,sparse,0,0,36.0186,60,59936.0384,11.98720768,35.96162304,0.0155594144038892,Random sampling,random_sampling,0.8402,0.00365098808313603,0.00913407122069979,0.00287954166666667,0.426554833333333,0.44446275,,0.0388051666666667,0.000146166666666667,0.387543333333333,0.426508125,1.05752663605126,0.640029680218693,NaN,NaN,NaN,NaN,NaN,NaN,0.00461429166666667,183745,128908,0.7,254325,NaN,NaN,NaN,NaN,NaN,NaN,NaN,NaN,NaN,NaN,NaN
EXP-20260506-008_uniform_hsbm_K_rho16_eigsh_methods_matlab,K,K,8,NaN,1,820260507,5000,8,3,16,36,4,32,2.304e-05,2.56e-06,60031,362490,0.0144996,0.00727629166666667,0.0106917916666667,sparse,0,0,36.0186,60,59936.0384,11.98720768,35.96162304,0.0155594144038892,CountSketch RP,countsketch_random_projection,0.8388,0.00461384055749024,0.0101440506082267,0.00238254166666667,0.428708041666667,0.446594541666667,,0.0444434166666667,9.65416666666667e-05,0.3840865,0.428638833333333,0.999997944108004,0.477897604937219,NaN,NaN,NaN,NaN,NaN,NaN,NaN,NaN,NaN,NaN,NaN,0.000163083333333333,168,13,46,0,0.00120904166666667,0.0205855833333333,0.0161410416666667,0.003688,0.00219079166666667,0.000101375
EXP-20260506-008_uniform_hsbm_K_rho16_eigsh_methods_matlab,K,K,8,NaN,2,820260508,5000,8,3,16,36,4,32,2.304e-05,2.56e-06,59734,360476,0.01441904,0.007719,0.010641,sparse,0,0,35.8404,60,59936.0384,11.98720768,35.96162304,0.0155594144038892,Non-random eigs,non_random,0.7734,0.0257100166498254,0.0406211685676291,0.00227029166666667,0.457082083333333,0.475404875,eigs,0.0336555,9.6e-05,0.423293375,0.457055041666667,1,0.49554201721341,NaN,NaN,NaN,NaN,NaN,NaN,NaN,NaN,NaN,NaN,NaN,NaN,NaN,NaN,NaN,NaN,NaN,NaN,NaN,NaN,NaN,NaN
EXP-20260506-008_uniform_hsbm_K_rho16_eigsh_methods_matlab,K,K,8,NaN,2,820260508,5000,8,3,16,36,4,32,2.304e-05,2.56e-06,59734,360476,0.01441904,0.007719,0.010641,sparse,0,0,35.8404,60,59936.0384,11.98720768,35.96162304,0.0155594144038892,Gaussian RP,gaussian_random_projection,0.8324,0.0063689447895352,0.0130135165063264,0.00235679166666667,0.399160875,0.417475958333333,,0.0486607083333333,0.00014275,0.3503125,0.399129625,0.999998159667604,0.478156220132086,0.00265958333333333,0.0223811666666667,0.0171765416666667,0.00359004166666667,0.00256275,0.000121041666666667,NaN,NaN,NaN,NaN,NaN,NaN,NaN,NaN,NaN,NaN,NaN,NaN,NaN,NaN,NaN,NaN
EXP-20260506-008_uniform_hsbm_K_rho16_eigsh_methods_matlab,K,K,8,NaN,2,820260508,5000,8,3,16,36,4,32,2.304e-05,2.56e-06,59734,360476,0.01441904,0.007719,0.010641,sparse,0,0,35.8404,60,59936.0384,11.98720768,35.96162304,0.0155594144038892,Random sampling,random_sampling,0.8456,0.00287590891890334,0.0080353889684257,0.00279204166666667,0.375607166666667,0.393919,,0.0443855416666667,8.88333333333333e-05,0.331084625,0.375568958333333,1.05514862938338,0.638791207365387,NaN,NaN,NaN,NaN,NaN,NaN,0.00459816666666667,182738,128095,0.7,252747,NaN,NaN,NaN,NaN,NaN,NaN,NaN,NaN,NaN,NaN,NaN
EXP-20260506-008_uniform_hsbm_K_rho16_eigsh_methods_matlab,K,K,8,NaN,2,820260508,5000,8,3,16,36,4,32,2.304e-05,2.56e-06,59734,360476,0.01441904,0.007719,0.010641,sparse,0,0,35.8404,60,59936.0384,11.98720768,35.96162304,0.0155594144038892,CountSketch RP,countsketch_random_projection,0.827,0.00714094786346021,0.014436033346791,0.002343,0.383176291666667,0.401450333333333,,0.0456485416666667,0.000148458333333333,0.337293333333333,0.383105083333333,0.999997986942261,0.478612512110226,NaN,NaN,NaN,NaN,NaN,NaN,NaN,NaN,NaN,NaN,NaN,0.000289208333333333,168,13,51,0,0.001206,0.0206237916666667,0.0169608333333333,0.00356979166666667,0.00248429166666667,0.000156875
EXP-20260506-008_uniform_hsbm_K_rho16_eigsh_methods_matlab,K,K,8,NaN,3,820260509,5000,8,3,16,36,4,32,2.304e-05,2.56e-06,59556,359548,0.01438192,0.00739558333333333,0.010517625,sparse,0,0,35.7336,61,59936.0384,11.98720768,35.96162304,0.0155594144038892,Non-random eigs,non_random,0.7884,0.0222100592651977,0.0362509048343595,0.00229029166666667,0.374346083333333,0.392220291666667,eigs,0.0280341666666667,0.000134791666666667,0.346138125,0.374318625,1,0.49598807508754,NaN,NaN,NaN,NaN,NaN,NaN,NaN,NaN,NaN,NaN,NaN,NaN,NaN,NaN,NaN,NaN,NaN,NaN,NaN,NaN,NaN,NaN
EXP-20260506-008_uniform_hsbm_K_rho16_eigsh_methods_matlab,K,K,8,NaN,3,820260509,5000,8,3,16,36,4,32,2.304e-05,2.56e-06,59556,359548,0.01438192,0.00739558333333333,0.010517625,sparse,0,0,35.7336,61,59936.0384,11.98720768,35.96162304,0.0155594144038892,Gaussian RP,gaussian_random_projection,0.8254,0.00793891886923241,0.0153781564081818,0.00292616666666667,0.39367075,0.411536333333333,,0.0468460416666667,0.000103791666666667,0.346673291666667,0.39363525,0.999997778081352,0.478348505702742,0.00268129166666667,0.021918375,0.0157129583333333,0.00377883333333333,0.002467875,0.000127291666666667,NaN,NaN,NaN,NaN,NaN,NaN,NaN,NaN,NaN,NaN,NaN,NaN,NaN,NaN,NaN,NaN
EXP-20260506-008_uniform_hsbm_K_rho16_eigsh_methods_matlab,K,K,8,NaN,3,820260509,5000,8,3,16,36,4,32,2.304e-05,2.56e-06,59556,359548,0.01438192,0.00739558333333333,0.010517625,sparse,0,0,35.7336,61,59936.0384,11.98720768,35.96162304,0.0155594144038892,Random sampling,random_sampling,0.8402,0.00316631446915904,0.00825207649287942,0.002346,0.378994125,0.396844833333333,,0.0553409583333333,9.5875e-05,0.323494791666667,0.378948041666667,1.05404231077713,0.63948833518193,NaN,NaN,NaN,NaN,NaN,NaN,0.00432966666666667,182274,127217,0.7,250941,NaN,NaN,NaN,NaN,NaN,NaN,NaN,NaN,NaN,NaN,NaN
EXP-20260506-008_uniform_hsbm_K_rho16_eigsh_methods_matlab,K,K,8,NaN,3,820260509,5000,8,3,16,36,4,32,2.304e-05,2.56e-06,59556,359548,0.01438192,0.00739558333333333,0.010517625,sparse,0,0,35.7336,61,59936.0384,11.98720768,35.96162304,0.0155594144038892,CountSketch RP,countsketch_random_projection,0.8346,0.00532624802761298,0.0111779652346211,0.00235604166666667,0.377545541666667,0.395402958333333,,0.0465377916666667,0.000111833333333333,0.330840125,0.377502208333333,0.999997702445359,0.478919479994399,NaN,NaN,NaN,NaN,NaN,NaN,NaN,NaN,NaN,NaN,NaN,0.000382833333333333,168,17,42,0,0.00152516666666667,0.0209707916666667,0.0169596666666667,0.00367470833333333,0.00259679166666667,0.000157125
EXP-20260506-008_uniform_hsbm_K_rho16_eigsh_methods_matlab,K,K,8,NaN,4,820260510,5000,8,3,16,36,4,32,2.304e-05,2.56e-06,59488,359266,0.01437064,0.007448375,0.0107253333333333,sparse,0,0,35.6928,58,59936.0384,11.98720768,35.96162304,0.0155594144038892,Non-random eigs,non_random,0.7666,0.0278234808984131,0.0442303416357337,0.00238225,0.376535833333333,0.394668875,eigs,0.034014,0.000132333333333333,0.342348833333333,0.376508708333333,1,0.496055985496605,NaN,NaN,NaN,NaN,NaN,NaN,NaN,NaN,NaN,NaN,NaN,NaN,NaN,NaN,NaN,NaN,NaN,NaN,NaN,NaN,NaN,NaN
EXP-20260506-008_uniform_hsbm_K_rho16_eigsh_methods_matlab,K,K,8,NaN,4,820260510,5000,8,3,16,36,4,32,2.304e-05,2.56e-06,59488,359266,0.01437064,0.007448375,0.0107253333333333,sparse,0,0,35.6928,58,59936.0384,11.98720768,35.96162304,0.0155594144038892,Gaussian RP,gaussian_random_projection,0.82,0.011946571800337,0.0228245116223698,0.002306625,0.435365958333333,0.453497541666667,,0.0484568333333333,0.0001055,0.3867615,0.435335583333333,0.999998127426948,0.47865248274886,0.0026635,0.0224201666666667,0.0169801666666667,0.003729625,0.002337625,0.0001565,NaN,NaN,NaN,NaN,NaN,NaN,NaN,NaN,NaN,NaN,NaN,NaN,NaN,NaN,NaN,NaN
EXP-20260506-008_uniform_hsbm_K_rho16_eigsh_methods_matlab,K,K,8,NaN,4,820260510,5000,8,3,16,36,4,32,2.304e-05,2.56e-06,59488,359266,0.01437064,0.007448375,0.0107253333333333,sparse,0,0,35.6928,58,59936.0384,11.98720768,35.96162304,0.0155594144038892,Random sampling,random_sampling,0.8456,0.00293019355605912,0.00787770847634801,0.00232929166666667,0.387532875,0.405658541666667,,0.0510295833333333,0.000100208333333333,0.336355041666667,0.387495333333333,1.05605868723801,0.640296543373235,NaN,NaN,NaN,NaN,NaN,NaN,0.00431541666666667,182133,127365,0.7,251220,NaN,NaN,NaN,NaN,NaN,NaN,NaN,NaN,NaN,NaN,NaN
EXP-20260506-008_uniform_hsbm_K_rho16_eigsh_methods_matlab,K,K,8,NaN,4,820260510,5000,8,3,16,36,4,32,2.304e-05,2.56e-06,59488,359266,0.01437064,0.007448375,0.0107253333333333,sparse,0,0,35.6928,58,59936.0384,11.98720768,35.96162304,0.0155594144038892,CountSketch RP,countsketch_random_projection,0.8052,0.0138698894599943,0.0235917555657894,0.00241316666666667,0.407238958333333,0.4253665,,0.0449259583333333,9.36666666666667e-05,0.362173166666667,0.407203625,0.999998164570693,0.478490468800274,NaN,NaN,NaN,NaN,NaN,NaN,NaN,NaN,NaN,NaN,NaN,0.000129583333333333,168,16,52,0,0.00117325,0.0203376666666667,0.0168494583333333,0.00366604166666667,0.00246829166666667,0.000112416666666667
EXP-20260506-008_uniform_hsbm_K_rho16_eigsh_methods_matlab,K,K,8,NaN,5,820260511,5000,8,3,16,36,4,32,2.304e-05,2.56e-06,60124,362846,0.01451384,0.00728779166666667,0.0110532916666667,sparse,0,0,36.0744,61,59936.0384,11.98720768,35.96162304,0.0155594144038892,Non-random eigs,non_random,0.776,0.0235416133595461,0.0380249226226021,0.00231895833333333,0.38789725,0.406201125,eigs,0.0339652083333333,9.62083333333333e-05,0.353798625,0.387870083333333,1,0.49497783834194,NaN,NaN,NaN,NaN,NaN,NaN,NaN,NaN,NaN,NaN,NaN,NaN,NaN,NaN,NaN,NaN,NaN,NaN,NaN,NaN,NaN,NaN
EXP-20260506-008_uniform_hsbm_K_rho16_eigsh_methods_matlab,K,K,8,NaN,5,820260511,5000,8,3,16,36,4,32,2.304e-05,2.56e-06,60124,362846,0.01451384,0.00728779166666667,0.0110532916666667,sparse,0,0,36.0744,61,59936.0384,11.98720768,35.96162304,0.0155594144038892,Gaussian RP,gaussian_random_projection,0.8256,0.0062584062091317,0.0122070397167388,0.0022825,0.365217625,0.38352075,,0.0490952916666667,0.000103666666666667,0.315980708333333,0.365189083333333,0.999998541463671,0.477285144916374,0.00263383333333333,0.0223275833333333,0.0175554583333333,0.00354141666666667,0.002765,0.000124708333333333,NaN,NaN,NaN,NaN,NaN,NaN,NaN,NaN,NaN,NaN,NaN,NaN,NaN,NaN,NaN,NaN
EXP-20260506-008_uniform_hsbm_K_rho16_eigsh_methods_matlab,K,K,8,NaN,5,820260511,5000,8,3,16,36,4,32,2.304e-05,2.56e-06,60124,362846,0.01451384,0.00728779166666667,0.0110532916666667,sparse,0,0,36.0744,61,59936.0384,11.98720768,35.96162304,0.0155594144038892,Random sampling,random_sampling,0.847,0.0021313604839503,0.00651865336780822,0.00246075,0.368829375,0.387118458333333,,0.0503736666666667,9.6875e-05,0.318306833333333,0.368789458333333,1.0591985834042,0.64018889248352,NaN,NaN,NaN,NaN,NaN,NaN,0.00441058333333333,183923,128833,0.7,254149,NaN,NaN,NaN,NaN,NaN,NaN,NaN,NaN,NaN,NaN,NaN
EXP-20260506-008_uniform_hsbm_K_rho16_eigsh_methods_matlab,K,K,8,NaN,5,820260511,5000,8,3,16,36,4,32,2.304e-05,2.56e-06,60124,362846,0.01451384,0.00728779166666667,0.0110532916666667,sparse,0,0,36.0744,61,59936.0384,11.98720768,35.96162304,0.0155594144038892,CountSketch RP,countsketch_random_projection,0.8276,0.0088320122262631,0.0169901425290973,0.00227704166666667,0.402741791666667,0.421031458333333,,0.0443266666666667,0.000104291666666667,0.358259416666667,0.402702041666667,0.999998031555968,0.478074225823864,NaN,NaN,NaN,NaN,NaN,NaN,NaN,NaN,NaN,NaN,NaN,0.000137291666666667,168,15,46,0,0.00121995833333333,0.0199207916666667,0.0169870833333333,0.00358279166666667,0.00219241666666667,0.000107958333333333
EXP-20260506-008_uniform_hsbm_K_rho16_eigsh_methods_matlab,K,K,8,NaN,6,820260512,5000,8,3,16,36,4,32,2.304e-05,2.56e-06,60023,362374,0.01449496,0.00747558333333333,0.010577,sparse,0,0,36.0138,60,59936.0384,11.98720768,35.96162304,0.0155594144038892,Non-random eigs,non_random,0.798,0.0159579148915274,0.0282690818586827,0.00280233333333333,0.400003708333333,0.418014083333333,eigs,0.0344230416666667,0.000145416666666667,0.365393041666667,0.39997475,1,0.495002317691964,NaN,NaN,NaN,NaN,NaN,NaN,NaN,NaN,NaN,NaN,NaN,NaN,NaN,NaN,NaN,NaN,NaN,NaN,NaN,NaN,NaN,NaN
EXP-20260506-008_uniform_hsbm_K_rho16_eigsh_methods_matlab,K,K,8,NaN,6,820260512,5000,8,3,16,36,4,32,2.304e-05,2.56e-06,60023,362374,0.01449496,0.00747558333333333,0.010577,sparse,0,0,36.0138,60,59936.0384,11.98720768,35.96162304,0.0155594144038892,Gaussian RP,gaussian_random_projection,0.8198,0.00810119507590716,0.0159003867914327,0.00282045833333333,0.457059208333333,0.475038916666667,,0.0490574583333333,0.000193166666666667,0.407735708333333,0.456999,0.999998223120389,0.477785321969064,0.00270454166666667,0.0228335833333333,0.0171087916666667,0.00374416666666667,0.002343375,0.000122,NaN,NaN,NaN,NaN,NaN,NaN,NaN,NaN,NaN,NaN,NaN,NaN,NaN,NaN,NaN,NaN
EXP-20260506-008_uniform_hsbm_K_rho16_eigsh_methods_matlab,K,K,8,NaN,6,820260512,5000,8,3,16,36,4,32,2.304e-05,2.56e-06,60023,362374,0.01449496,0.00747558333333333,0.010577,sparse,0,0,36.0138,60,59936.0384,11.98720768,35.96162304,0.0155594144038892,Random sampling,random_sampling,0.8426,0.00152392091900286,0.00520606804828523,0.002318125,0.366605958333333,0.384599125,,0.0541077083333333,9.86666666666667e-05,0.312340166666667,0.36656175,1.05646973040034,0.639413392306021,NaN,NaN,NaN,NaN,NaN,NaN,0.00437791666666667,183687,128748,0.7,254009,NaN,NaN,NaN,NaN,NaN,NaN,NaN,NaN,NaN,NaN,NaN
EXP-20260506-008_uniform_hsbm_K_rho16_eigsh_methods_matlab,K,K,8,NaN,6,820260512,5000,8,3,16,36,4,32,2.304e-05,2.56e-06,60023,362374,0.01449496,0.00747558333333333,0.010577,sparse,0,0,36.0138,60,59936.0384,11.98720768,35.96162304,0.0155594144038892,CountSketch RP,countsketch_random_projection,0.8224,0.00943950901237727,0.0179316334636105,0.00227754166666667,0.39093,0.408933666666667,,0.0439117916666667,0.000157083333333333,0.346812208333333,0.390891916666667,0.999997730402855,0.478527611532496,NaN,NaN,NaN,NaN,NaN,NaN,NaN,NaN,NaN,NaN,NaN,0.00013625,168,15,47,0,0.00120445833333333,0.0204424166666667,0.0159558333333333,0.00361604166666667,0.002206875,0.000131041666666667
EXP-20260506-008_uniform_hsbm_K_rho16_eigsh_methods_matlab,K,K,8,NaN,7,820260513,5000,8,3,16,36,4,32,2.304e-05,2.56e-06,59815,361042,0.01444168,0.008562875,0.0106395,sparse,0,0,35.889,67,59936.0384,11.98720768,35.96162304,0.0155594144038892,Non-random eigs,non_random,0.7936,0.0178280755754737,0.0298085215087974,0.00228275,0.36384075,0.383001916666667,eigs,0.0310170833333333,9.17083333333333e-05,0.33269075,0.3638115,1,0.495569171729809,NaN,NaN,NaN,NaN,NaN,NaN,NaN,NaN,NaN,NaN,NaN,NaN,NaN,NaN,NaN,NaN,NaN,NaN,NaN,NaN,NaN,NaN
EXP-20260506-008_uniform_hsbm_K_rho16_eigsh_methods_matlab,K,K,8,NaN,7,820260513,5000,8,3,16,36,4,32,2.304e-05,2.56e-06,59815,361042,0.01444168,0.008562875,0.0106395,sparse,0,0,35.889,67,59936.0384,11.98720768,35.96162304,0.0155594144038892,Gaussian RP,gaussian_random_projection,0.8296,0.00868553896931216,0.0179962851544903,0.00232729166666667,0.403725875,0.42288425,,0.0494272083333333,9.48333333333333e-05,0.354159833333333,0.403693583333333,0.999997837036049,0.478466294340266,0.002621625,0.0226295833333333,0.017820375,0.00349316666666667,0.00256283333333333,0.000128958333333333,NaN,NaN,NaN,NaN,NaN,NaN,NaN,NaN,NaN,NaN,NaN,NaN,NaN,NaN,NaN,NaN
EXP-20260506-008_uniform_hsbm_K_rho16_eigsh_methods_matlab,K,K,8,NaN,7,820260513,5000,8,3,16,36,4,32,2.304e-05,2.56e-06,59815,361042,0.01444168,0.008562875,0.0106395,sparse,0,0,35.889,67,59936.0384,11.98720768,35.96162304,0.0155594144038892,Random sampling,random_sampling,0.847,0.00124982999894852,0.00468607619858246,0.00238291666666667,0.368546416666667,0.387689708333333,,0.0631459583333333,0.000187541666666667,0.305153833333333,0.368501625,1.05388809165273,0.638936648951033,NaN,NaN,NaN,NaN,NaN,NaN,0.00440104166666667,183021,127999,0.7,252535,NaN,NaN,NaN,NaN,NaN,NaN,NaN,NaN,NaN,NaN,NaN
EXP-20260506-008_uniform_hsbm_K_rho16_eigsh_methods_matlab,K,K,8,NaN,7,820260513,5000,8,3,16,36,4,32,2.304e-05,2.56e-06,59815,361042,0.01444168,0.008562875,0.0106395,sparse,0,0,35.889,67,59936.0384,11.98720768,35.96162304,0.0155594144038892,CountSketch RP,countsketch_random_projection,0.8298,0.00700783941720225,0.0141709356310165,0.00232825,0.393907541666667,0.413059458333333,,0.0447445416666667,9.55416666666667e-05,0.349017,0.393869333333333,0.999998275689007,0.478045461234148,NaN,NaN,NaN,NaN,NaN,NaN,NaN,NaN,NaN,NaN,NaN,0.000145833333333333,168,19,44,0,0.00121983333333333,0.0213729166666667,0.015557125,0.00362829166666667,0.002429375,0.000181708333333333
EXP-20260506-008_uniform_hsbm_K_rho16_eigsh_methods_matlab,K,K,8,NaN,8,820260514,5000,8,3,16,36,4,32,2.304e-05,2.56e-06,59761,360914,0.01443656,0.00806333333333333,0.0106050833333333,sparse,0,0,35.8566,61,59936.0384,11.98720768,35.96162304,0.0155594144038892,Non-random eigs,non_random,0.7426,0.0377500358062249,0.0539014737605075,0.00229304166666667,0.465964541666667,0.484592458333333,eigs,0.030964625,0.000138875,0.434820541666667,0.465935583333333,1,0.495584205794202,NaN,NaN,NaN,NaN,NaN,NaN,NaN,NaN,NaN,NaN,NaN,NaN,NaN,NaN,NaN,NaN,NaN,NaN,NaN,NaN,NaN,NaN
EXP-20260506-008_uniform_hsbm_K_rho16_eigsh_methods_matlab,K,K,8,NaN,8,820260514,5000,8,3,16,36,4,32,2.304e-05,2.56e-06,59761,360914,0.01443656,0.00806333333333333,0.0106050833333333,sparse,0,0,35.8566,61,59936.0384,11.98720768,35.96162304,0.0155594144038892,Gaussian RP,gaussian_random_projection,0.824,0.0084571532599154,0.0163420123126636,0.00277195833333333,0.434015416666667,0.452638375,,0.0479989166666667,0.000191666666666667,0.385779375,0.433983375,0.999998371028896,0.478635646140677,0.00265641666666667,0.0220082916666667,0.0171171666666667,0.00364533333333333,0.00231091666666667,0.000105166666666667,NaN,NaN,NaN,NaN,NaN,NaN,NaN,NaN,NaN,NaN,NaN,NaN,NaN,NaN,NaN,NaN
EXP-20260506-008_uniform_hsbm_K_rho16_eigsh_methods_matlab,K,K,8,NaN,8,820260514,5000,8,3,16,36,4,32,2.304e-05,2.56e-06,59761,360914,0.01443656,0.00806333333333333,0.0106050833333333,sparse,0,0,35.8566,61,59936.0384,11.98720768,35.96162304,0.0155594144038892,Random sampling,random_sampling,0.8466,0.00245933899117905,0.0072608635459637,0.00294454166666667,0.359329,0.3779365,,0.0423331666666667,0.000122416666666667,0.3168125,0.359281916666667,1.05672872058327,0.639593125786244,NaN,NaN,NaN,NaN,NaN,NaN,0.004267625,182957,127987,0.7,252468,NaN,NaN,NaN,NaN,NaN,NaN,NaN,NaN,NaN,NaN,NaN
EXP-20260506-008_uniform_hsbm_K_rho16_eigsh_methods_matlab,K,K,8,NaN,8,820260514,5000,8,3,16,36,4,32,2.304e-05,2.56e-06,59761,360914,0.01443656,0.00806333333333333,0.0106050833333333,sparse,0,0,35.8566,61,59936.0384,11.98720768,35.96162304,0.0155594144038892,CountSketch RP,countsketch_random_projection,0.8142,0.00916788337298374,0.0167576506964544,0.00229775,0.374911958333333,0.393527625,,0.0450407916666667,0.000179083333333333,0.329639333333333,0.374873,0.999998177617613,0.478074543280629,NaN,NaN,NaN,NaN,NaN,NaN,NaN,NaN,NaN,NaN,NaN,0.000141541666666667,168,17,43,0,0.00119495833333333,0.02072925,0.016170375,0.00375620833333333,0.00266725,0.000159541666666667
EXP-20260506-008_uniform_hsbm_K_rho16_eigsh_methods_matlab,K,K,8,NaN,9,820260515,5000,8,3,16,36,4,32,2.304e-05,2.56e-06,59562,359692,0.01438768,0.00736870833333333,0.0106946666666667,sparse,0,0,35.7372,58,59936.0384,11.98720768,35.96162304,0.0155594144038892,Non-random eigs,non_random,0.7958,0.0213241625013542,0.0365775159312908,0.00234916666666667,0.31314875,0.331172,eigs,0.0282140833333333,0.000102541666666667,0.284792,0.313119416666667,1,0.49576519839281,NaN,NaN,NaN,NaN,NaN,NaN,NaN,NaN,NaN,NaN,NaN,NaN,NaN,NaN,NaN,NaN,NaN,NaN,NaN,NaN,NaN,NaN
EXP-20260506-008_uniform_hsbm_K_rho16_eigsh_methods_matlab,K,K,8,NaN,9,820260515,5000,8,3,16,36,4,32,2.304e-05,2.56e-06,59562,359692,0.01438768,0.00736870833333333,0.0106946666666667,sparse,0,0,35.7372,58,59936.0384,11.98720768,35.96162304,0.0155594144038892,Gaussian RP,gaussian_random_projection,0.8156,0.0131092666759171,0.0235533287484562,0.00236116666666667,0.312182625,0.330204958333333,,0.04821725,0.000201083333333333,0.26372325,0.312153708333333,0.999998243484551,0.478655620606893,0.00264320833333333,0.0223687916666667,0.0167472083333333,0.00378058333333333,0.00235908333333333,0.000149416666666667,NaN,NaN,NaN,NaN,NaN,NaN,NaN,NaN,NaN,NaN,NaN,NaN,NaN,NaN,NaN,NaN
EXP-20260506-008_uniform_hsbm_K_rho16_eigsh_methods_matlab,K,K,8,NaN,9,820260515,5000,8,3,16,36,4,32,2.304e-05,2.56e-06,59562,359692,0.01438768,0.00736870833333333,0.0106946666666667,sparse,0,0,35.7372,58,59936.0384,11.98720768,35.96162304,0.0155594144038892,Random sampling,random_sampling,0.8342,0.00482660970053795,0.0118382724277305,0.00225370833333333,0.356412541666667,0.374431041666667,,0.0537277916666667,0.000108833333333333,0.302531041666667,0.356379208333333,1.05389811864308,0.639043495459579,NaN,NaN,NaN,NaN,NaN,NaN,0.00428641666666667,182346,127778,0.7,252123,NaN,NaN,NaN,NaN,NaN,NaN,NaN,NaN,NaN,NaN,NaN
EXP-20260506-008_uniform_hsbm_K_rho16_eigsh_methods_matlab,K,K,8,NaN,9,820260515,5000,8,3,16,36,4,32,2.304e-05,2.56e-06,59562,359692,0.01438768,0.00736870833333333,0.0106946666666667,sparse,0,0,35.7372,58,59936.0384,11.98720768,35.96162304,0.0155594144038892,CountSketch RP,countsketch_random_projection,0.8288,0.00740259203382372,0.0146383834173502,0.00232716666666667,0.358529458333333,0.376543208333333,,0.0444034166666667,9.35833333333333e-05,0.313982833333333,0.358490875,0.999997826295748,0.478574752684588,NaN,NaN,NaN,NaN,NaN,NaN,NaN,NaN,NaN,NaN,NaN,0.00012825,168,15,45,0,0.001176,0.0202469166666667,0.0163695,0.00369804166666667,0.00246983333333333,0.000123291666666667
EXP-20260506-008_uniform_hsbm_K_rho16_eigsh_methods_matlab,K,K,8,NaN,10,820260516,5000,8,3,16,36,4,32,2.304e-05,2.56e-06,60047,362468,0.01449872,0.007602125,0.0108090416666667,sparse,0,0,36.0282,61,59936.0384,11.98720768,35.96162304,0.0155594144038892,Non-random eigs,non_random,0.7686,0.0238379105064342,0.0384852945085583,0.00232870833333333,0.461717166666667,0.480092541666667,eigs,0.03140925,0.000104291666666667,0.430167833333333,0.46169125,1,0.494852242328707,NaN,NaN,NaN,NaN,NaN,NaN,NaN,NaN,NaN,NaN,NaN,NaN,NaN,NaN,NaN,NaN,NaN,NaN,NaN,NaN,NaN,NaN
EXP-20260506-008_uniform_hsbm_K_rho16_eigsh_methods_matlab,K,K,8,NaN,10,820260516,5000,8,3,16,36,4,32,2.304e-05,2.56e-06,60047,362468,0.01449872,0.007602125,0.0108090416666667,sparse,0,0,36.0282,61,59936.0384,11.98720768,35.96162304,0.0155594144038892,Gaussian RP,gaussian_random_projection,0.8438,0.00346559192145799,0.00831514512665141,0.00227545833333333,0.417566333333333,0.435937083333333,,0.0480256666666667,0.000146625,0.369353625,0.417537458333333,0.999997839048047,0.477847717131955,0.002647,0.0223635,0.016870875,0.00373129166666667,0.00212770833333333,0.000122583333333333,NaN,NaN,NaN,NaN,NaN,NaN,NaN,NaN,NaN,NaN,NaN,NaN,NaN,NaN,NaN,NaN
EXP-20260506-008_uniform_hsbm_K_rho16_eigsh_methods_matlab,K,K,8,NaN,10,820260516,5000,8,3,16,36,4,32,2.304e-05,2.56e-06,60047,362468,0.01449872,0.007602125,0.0108090416666667,sparse,0,0,36.0282,61,59936.0384,11.98720768,35.96162304,0.0155594144038892,Random sampling,random_sampling,0.8346,0.00387548920177778,0.00915450353671859,0.00232233333333333,0.365590791666667,0.383945041666667,,0.044205625,8.90833333333333e-05,0.321239166666667,0.365547125,1.05861145566581,0.640302317825758,NaN,NaN,NaN,NaN,NaN,NaN,0.004337625,183734,128538,0.7,253528,NaN,NaN,NaN,NaN,NaN,NaN,NaN,NaN,NaN,NaN,NaN
EXP-20260506-008_uniform_hsbm_K_rho16_eigsh_methods_matlab,K,K,8,NaN,10,820260516,5000,8,3,16,36,4,32,2.304e-05,2.56e-06,60047,362468,0.01449872,0.007602125,0.0108090416666667,sparse,0,0,36.0282,61,59936.0384,11.98720768,35.96162304,0.0155594144038892,CountSketch RP,countsketch_random_projection,0.8332,0.00657021121325719,0.0134872283738456,0.002316625,0.445063875,0.463421208333333,,0.0456879583333333,0.000101791666666667,0.399220291666667,0.44502375,0.999997963345164,0.477543533397678,NaN,NaN,NaN,NaN,NaN,NaN,NaN,NaN,NaN,NaN,NaN,0.000130041666666667,168,16,45,0,0.00118166666666667,0.0211084583333333,0.01686325,0.00375404166666667,0.0023585,0.000113125
EXP-20260506-008_uniform_hsbm_K_rho16_eigsh_methods_matlab,K,K,10,NaN,1,1020260507,5000,10,3,16,36,4,32,2.304e-05,2.56e-06,57464,347226,0.01388904,0.00791745833333333,0.0104570416666667,sparse,0,0,34.4784,60,57542.4384,11.50848768,34.52546304,0.0099460468324157,Non-random eigs,non_random,0.8686,0.00199710546472815,0.00735407986190641,0.00873183333333333,0.499339958333333,0.517671708333333,eigs,0.0426305833333333,0.000118875,0.45654775,0.499310416666667,1,0.497583111148823,NaN,NaN,NaN,NaN,NaN,NaN,NaN,NaN,NaN,NaN,NaN,NaN,NaN,NaN,NaN,NaN,NaN,NaN,NaN,NaN,NaN,NaN
EXP-20260506-008_uniform_hsbm_K_rho16_eigsh_methods_matlab,K,K,10,NaN,1,1020260507,5000,10,3,16,36,4,32,2.304e-05,2.56e-06,57464,347226,0.01388904,0.00791745833333333,0.0104570416666667,sparse,0,0,34.4784,60,57542.4384,11.50848768,34.52546304,0.0099460468324157,Gaussian RP,gaussian_random_projection,0.8682,0.00275220284336342,0.00900521376222643,0.00867591666666667,0.482070166666667,0.500399416666667,,0.0509809583333333,0.000139291666666667,0.430904666666667,0.482038583333333,0.999997288620906,0.480293363951125,0.002698125,0.0237019583333333,0.0172290833333333,0.00407929166666667,0.00281895833333333,0.000261833333333333,NaN,NaN,NaN,NaN,NaN,NaN,NaN,NaN,NaN,NaN,NaN,NaN,NaN,NaN,NaN,NaN
EXP-20260506-008_uniform_hsbm_K_rho16_eigsh_methods_matlab,K,K,10,NaN,1,1020260507,5000,10,3,16,36,4,32,2.304e-05,2.56e-06,57464,347226,0.01388904,0.00791745833333333,0.0104570416666667,sparse,0,0,34.4784,60,57542.4384,11.50848768,34.52546304,0.0099460468324157,Random sampling,random_sampling,0.8736,0.00131593449529377,0.00663170981931718,0.0108089583333333,0.456938458333333,0.475249291666667,,0.0574635,0.000132291666666667,0.399279,0.456889375,1.05387304162629,0.641558887226845,NaN,NaN,NaN,NaN,NaN,NaN,0.00427033333333333,176113,123092,0.7,242719,NaN,NaN,NaN,NaN,NaN,NaN,NaN,NaN,NaN,NaN,NaN
EXP-20260506-008_uniform_hsbm_K_rho16_eigsh_methods_matlab,K,K,10,NaN,1,1020260507,5000,10,3,16,36,4,32,2.304e-05,2.56e-06,57464,347226,0.01388904,0.00791745833333333,0.0104570416666667,sparse,0,0,34.4784,60,57542.4384,11.50848768,34.52546304,0.0099460468324157,CountSketch RP,countsketch_random_projection,0.8682,0.00223064639222291,0.00763937764972966,0.00868795833333333,0.554145958333333,0.572458875,,0.0472682916666667,0.00010775,0.506708333333333,0.554099541666667,0.999997741961528,0.480245592640924,NaN,NaN,NaN,NaN,NaN,NaN,NaN,NaN,NaN,NaN,NaN,0.000246416666666667,170,17,46,0,0.00119179166666667,0.0212442916666667,0.017016,0.004175125,0.00290958333333333,0.000247333333333333
EXP-20260506-008_uniform_hsbm_K_rho16_eigsh_methods_matlab,K,K,10,NaN,2,1020260508,5000,10,3,16,36,4,32,2.304e-05,2.56e-06,57470,347342,0.01389368,0.00766033333333333,0.0103149166666667,sparse,0,0,34.482,58,57542.4384,11.50848768,34.52546304,0.0099460468324157,Non-random eigs,non_random,0.8656,0.00250386883887629,0.00829785474473818,0.008657,0.484100875,0.502036833333333,eigs,0.0398297916666667,0.000114416666666667,0.444117375,0.484072583333333,1,0.498206431696726,NaN,NaN,NaN,NaN,NaN,NaN,NaN,NaN,NaN,NaN,NaN,NaN,NaN,NaN,NaN,NaN,NaN,NaN,NaN,NaN,NaN,NaN
EXP-20260506-008_uniform_hsbm_K_rho16_eigsh_methods_matlab,K,K,10,NaN,2,1020260508,5000,10,3,16,36,4,32,2.304e-05,2.56e-06,57470,347342,0.01389368,0.00766033333333333,0.0103149166666667,sparse,0,0,34.482,58,57542.4384,11.50848768,34.52546304,0.0099460468324157,Gaussian RP,gaussian_random_projection,0.873,0.00181161436462429,0.00699066446624606,0.008596,0.4812055,0.49914075,,0.0518526666666667,0.000180291666666667,0.429132541666667,0.481176625,0.999997955581584,0.481216615817621,0.002672125,0.0234141666666667,0.0185320416666667,0.00396004166666667,0.00287570833333333,0.000217083333333333,NaN,NaN,NaN,NaN,NaN,NaN,NaN,NaN,NaN,NaN,NaN,NaN,NaN,NaN,NaN,NaN
EXP-20260506-008_uniform_hsbm_K_rho16_eigsh_methods_matlab,K,K,10,NaN,2,1020260508,5000,10,3,16,36,4,32,2.304e-05,2.56e-06,57470,347342,0.01389368,0.00766033333333333,0.0103149166666667,sparse,0,0,34.482,58,57542.4384,11.50848768,34.52546304,0.0099460468324157,Random sampling,random_sampling,0.8778,0.00119465157791253,0.00618564267527371,0.00866579166666667,0.431197875,0.44911475,,0.0552513333333333,0.000217666666666667,0.3756705,0.431153791666667,1.05569507083488,0.642179943872714,NaN,NaN,NaN,NaN,NaN,NaN,0.00422625,176171,123480,0.7,243494,NaN,NaN,NaN,NaN,NaN,NaN,NaN,NaN,NaN,NaN,NaN
EXP-20260506-008_uniform_hsbm_K_rho16_eigsh_methods_matlab,K,K,10,NaN,2,1020260508,5000,10,3,16,36,4,32,2.304e-05,2.56e-06,57470,347342,0.01389368,0.00766033333333333,0.0103149166666667,sparse,0,0,34.482,58,57542.4384,11.50848768,34.52546304,0.0099460468324157,CountSketch RP,countsketch_random_projection,0.8748,0.000767392149473919,0.00503860218429156,0.009045,0.582388333333333,0.600302458333333,,0.0467665,0.00021575,0.535344958333333,0.582344916666667,0.999997643238118,0.480496728458259,NaN,NaN,NaN,NaN,NaN,NaN,NaN,NaN,NaN,NaN,NaN,0.000152291666666667,170,14,42,0,0.00115908333333333,0.0209767916666667,0.017239,0.00382104166666667,0.00301095833333333,0.000214333333333333
EXP-20260506-008_uniform_hsbm_K_rho16_eigsh_methods_matlab,K,K,10,NaN,3,1020260509,5000,10,3,16,36,4,32,2.304e-05,2.56e-06,57625,348228,0.01392912,0.00854991666666667,0.0114432916666667,sparse,0,0,34.575,59,57542.4384,11.50848768,34.52546304,0.0099460468324157,Non-random eigs,non_random,0.8672,0.00382046625562911,0.011176205747484,0.00850879166666667,0.50374375,0.523691166666667,eigs,0.056960125,0.000125916666666667,0.446611916666667,0.503713666666667,1,0.49716205370415,NaN,NaN,NaN,NaN,NaN,NaN,NaN,NaN,NaN,NaN,NaN,NaN,NaN,NaN,NaN,NaN,NaN,NaN,NaN,NaN,NaN,NaN
EXP-20260506-008_uniform_hsbm_K_rho16_eigsh_methods_matlab,K,K,10,NaN,3,1020260509,5000,10,3,16,36,4,32,2.304e-05,2.56e-06,57625,348228,0.01392912,0.00854991666666667,0.0114432916666667,sparse,0,0,34.575,59,57542.4384,11.50848768,34.52546304,0.0099460468324157,Gaussian RP,gaussian_random_projection,0.8666,0.00287948743828992,0.00910900884297963,0.00876783333333333,0.5216965,0.541644916666667,,0.0504906666666667,0.000169833333333333,0.470991208333333,0.521664708333333,0.999997974123565,0.480459860363409,0.00269870833333333,0.0240444166666667,0.016701125,0.003830125,0.002809625,0.000221291666666667,NaN,NaN,NaN,NaN,NaN,NaN,NaN,NaN,NaN,NaN,NaN,NaN,NaN,NaN,NaN,NaN
EXP-20260506-008_uniform_hsbm_K_rho16_eigsh_methods_matlab,K,K,10,NaN,3,1020260509,5000,10,3,16,36,4,32,2.304e-05,2.56e-06,57625,348228,0.01392912,0.00854991666666667,0.0114432916666667,sparse,0,0,34.575,59,57542.4384,11.50848768,34.52546304,0.0099460468324157,Random sampling,random_sampling,0.8752,0.00127446407786206,0.0060919283639938,0.00861270833333333,0.450785541666667,0.47071775,,0.0625182083333333,0.0001765,0.388029833333333,0.450738708333333,1.05821522178425,0.643187862533346,NaN,NaN,NaN,NaN,NaN,NaN,0.00417633333333333,176614,123457,0.7,243389,NaN,NaN,NaN,NaN,NaN,NaN,NaN,NaN,NaN,NaN,NaN
EXP-20260506-008_uniform_hsbm_K_rho16_eigsh_methods_matlab,K,K,10,NaN,3,1020260509,5000,10,3,16,36,4,32,2.304e-05,2.56e-06,57625,348228,0.01392912,0.00854991666666667,0.0114432916666667,sparse,0,0,34.575,59,57542.4384,11.50848768,34.52546304,0.0099460468324157,CountSketch RP,countsketch_random_projection,0.8724,0.00190288993000926,0.00733107714733608,0.00856820833333333,0.492495125,0.512433541666667,,0.0463187916666667,0.000113166666666667,0.446008375,0.492453583333333,0.999997794486368,0.480436340707584,NaN,NaN,NaN,NaN,NaN,NaN,NaN,NaN,NaN,NaN,NaN,0.000143958333333333,170,16,44,0,0.00114304166666667,0.0207600416666667,0.01714,0.0037945,0.00291145833333333,0.000216041666666667
EXP-20260506-008_uniform_hsbm_K_rho16_eigsh_methods_matlab,K,K,10,NaN,4,1020260510,5000,10,3,16,36,4,32,2.304e-05,2.56e-06,57448,347166,0.01388664,0.00773225,0.010370375,sparse,0,0,34.4688,60,57542.4384,11.50848768,34.52546304,0.0099460468324157,Non-random eigs,non_random,0.8532,0.0048665993402393,0.0125187093639836,0.008592875,0.543931833333333,0.561994833333333,eigs,0.03986775,0.000100166666666667,0.503924291666667,0.543905208333333,1,0.49775785631545,NaN,NaN,NaN,NaN,NaN,NaN,NaN,NaN,NaN,NaN,NaN,NaN,NaN,NaN,NaN,NaN,NaN,NaN,NaN,NaN,NaN,NaN
EXP-20260506-008_uniform_hsbm_K_rho16_eigsh_methods_matlab,K,K,10,NaN,4,1020260510,5000,10,3,16,36,4,32,2.304e-05,2.56e-06,57448,347166,0.01388664,0.00773225,0.010370375,sparse,0,0,34.4688,60,57542.4384,11.50848768,34.52546304,0.0099460468324157,Gaussian RP,gaussian_random_projection,0.8684,0.00287559870607486,0.00926291495226958,0.008564,0.507256416666667,0.525314583333333,,0.0502629166666667,0.000122458333333333,0.456826583333333,0.507223958333333,0.999998133720358,0.480494577935403,0.002690375,0.0231083333333333,0.01724675,0.003867875,0.002977,0.000207291666666667,NaN,NaN,NaN,NaN,NaN,NaN,NaN,NaN,NaN,NaN,NaN,NaN,NaN,NaN,NaN,NaN
EXP-20260506-008_uniform_hsbm_K_rho16_eigsh_methods_matlab,K,K,10,NaN,4,1020260510,5000,10,3,16,36,4,32,2.304e-05,2.56e-06,57448,347166,0.01388664,0.00773225,0.010370375,sparse,0,0,34.4688,60,57542.4384,11.50848768,34.52546304,0.0099460468324157,Random sampling,random_sampling,0.879,0.000750488148951392,0.00540982775525799,0.00866283333333333,0.428951291666667,0.447004291666667,,0.055345,0.000116791666666667,0.373439875,0.428913708333333,1.05436850972197,0.642483982292194,NaN,NaN,NaN,NaN,NaN,NaN,0.004172875,176083,123320,0.7,243181,NaN,NaN,NaN,NaN,NaN,NaN,NaN,NaN,NaN,NaN,NaN
EXP-20260506-008_uniform_hsbm_K_rho16_eigsh_methods_matlab,K,K,10,NaN,4,1020260510,5000,10,3,16,36,4,32,2.304e-05,2.56e-06,57448,347166,0.01388664,0.00773225,0.010370375,sparse,0,0,34.4688,60,57542.4384,11.50848768,34.52546304,0.0099460468324157,CountSketch RP,countsketch_random_projection,0.8646,0.00351411249114127,0.0101401846217648,0.00860504166666667,0.53328525,0.551334375,,0.046328125,0.000156083333333333,0.486747541666667,0.533245125,0.999997943100242,0.480283189941157,NaN,NaN,NaN,NaN,NaN,NaN,NaN,NaN,NaN,NaN,NaN,0.0001265,170,14,45,0,0.001174875,0.0209475416666667,0.0170550416666667,0.003785375,0.00282191666666667,0.000235416666666667
EXP-20260506-008_uniform_hsbm_K_rho16_eigsh_methods_matlab,K,K,10,NaN,5,1020260511,5000,10,3,16,36,4,32,2.304e-05,2.56e-06,57740,348994,0.01395976,0.00863666666666667,0.0104700416666667,sparse,0,0,34.644,59,57542.4384,11.50848768,34.52546304,0.0099460468324157,Non-random eigs,non_random,0.8644,0.00379742448194665,0.0110316973194114,0.00860891666666667,0.485771791666667,0.504838583333333,eigs,0.0390627916666667,0.000102833333333333,0.44656625,0.485745125,1,0.497593413467798,NaN,NaN,NaN,NaN,NaN,NaN,NaN,NaN,NaN,NaN,NaN,NaN,NaN,NaN,NaN,NaN,NaN,NaN,NaN,NaN,NaN,NaN
EXP-20260506-008_uniform_hsbm_K_rho16_eigsh_methods_matlab,K,K,10,NaN,5,1020260511,5000,10,3,16,36,4,32,2.304e-05,2.56e-06,57740,348994,0.01395976,0.00863666666666667,0.0104700416666667,sparse,0,0,34.644,59,57542.4384,11.50848768,34.52546304,0.0099460468324157,Gaussian RP,gaussian_random_projection,0.868,0.00280871723193235,0.00888254188805191,0.008572,0.497003208333333,0.516065375,,0.051054625,0.000120625,0.445783416666667,0.496971791666667,0.999998112819858,0.480322900746298,0.00267041666666667,0.023691,0.017245875,0.00392854166666667,0.00307545833333333,0.000262666666666667,NaN,NaN,NaN,NaN,NaN,NaN,NaN,NaN,NaN,NaN,NaN,NaN,NaN,NaN,NaN,NaN
EXP-20260506-008_uniform_hsbm_K_rho16_eigsh_methods_matlab,K,K,10,NaN,5,1020260511,5000,10,3,16,36,4,32,2.304e-05,2.56e-06,57740,348994,0.01395976,0.00863666666666667,0.0104700416666667,sparse,0,0,34.644,59,57542.4384,11.50848768,34.52546304,0.0099460468324157,Random sampling,random_sampling,0.872,0.00179208633783674,0.00762640003230554,0.00869404166666667,0.400530375,0.41957675,,0.0655812916666667,0.000103666666666667,0.334785083333333,0.400484291666667,1.04822844664787,0.639440759521867,NaN,NaN,NaN,NaN,NaN,NaN,0.004125625,176997,123717,0.7,244052,NaN,NaN,NaN,NaN,NaN,NaN,NaN,NaN,NaN,NaN,NaN
EXP-20260506-008_uniform_hsbm_K_rho16_eigsh_methods_matlab,K,K,10,NaN,5,1020260511,5000,10,3,16,36,4,32,2.304e-05,2.56e-06,57740,348994,0.01395976,0.00863666666666667,0.0104700416666667,sparse,0,0,34.644,59,57542.4384,11.50848768,34.52546304,0.0099460468324157,CountSketch RP,countsketch_random_projection,0.8682,0.00256684820777742,0.00847608589139287,0.00865129166666667,0.410597708333333,0.429654416666667,,0.0471834583333333,0.000157083333333333,0.363207166666667,0.410559333333333,0.999997639104562,0.480107482523902,NaN,NaN,NaN,NaN,NaN,NaN,NaN,NaN,NaN,NaN,NaN,0.000208833333333333,170,17,46,0,0.001178,0.0212917916666667,0.0174248333333333,0.00387179166666667,0.00275241666666667,0.0002425
EXP-20260506-008_uniform_hsbm_K_rho16_eigsh_methods_matlab,K,K,10,NaN,6,1020260512,5000,10,3,16,36,4,32,2.304e-05,2.56e-06,57494,347454,0.01389816,0.00776333333333333,0.01052675,sparse,0,0,34.4964,57,57542.4384,11.50848768,34.52546304,0.0099460468324157,Non-random eigs,non_random,0.8678,0.00204722464413546,0.00748515278383488,0.00855016666666667,0.502572333333333,0.52082225,eigs,0.0462910833333333,0.000148375,0.456092708333333,0.50254425,1,0.497725014204077,NaN,NaN,NaN,NaN,NaN,NaN,NaN,NaN,NaN,NaN,NaN,NaN,NaN,NaN,NaN,NaN,NaN,NaN,NaN,NaN,NaN,NaN
EXP-20260506-008_uniform_hsbm_K_rho16_eigsh_methods_matlab,K,K,10,NaN,6,1020260512,5000,10,3,16,36,4,32,2.304e-05,2.56e-06,57494,347454,0.01389816,0.00776333333333333,0.01052675,sparse,0,0,34.4964,57,57542.4384,11.50848768,34.52546304,0.0099460468324157,Gaussian RP,gaussian_random_projection,0.8738,0.00142954129489189,0.00641561303910687,0.00849325,0.568070625,0.58631775,,0.0505464583333333,0.000125166666666667,0.517356041666667,0.568039625,0.999998228967224,0.480862449449727,0.00266904166666667,0.02364475,0.0173305833333333,0.004013,0.00249,0.000229333333333333,NaN,NaN,NaN,NaN,NaN,NaN,NaN,NaN,NaN,NaN,NaN,NaN,NaN,NaN,NaN,NaN
EXP-20260506-008_uniform_hsbm_K_rho16_eigsh_methods_matlab,K,K,10,NaN,6,1020260512,5000,10,3,16,36,4,32,2.304e-05,2.56e-06,57494,347454,0.01389816,0.00776333333333333,0.01052675,sparse,0,0,34.4964,57,57542.4384,11.50848768,34.52546304,0.0099460468324157,Random sampling,random_sampling,0.8738,0.00138895673259792,0.00660469055722892,0.0086575,0.44909675,0.4673325,,0.0548170416666667,0.000112833333333333,0.394112541666667,0.449054541666667,1.05694506968638,0.642508306585801,NaN,NaN,NaN,NaN,NaN,NaN,0.00416329166666667,176227,123393,0.7,243290,NaN,NaN,NaN,NaN,NaN,NaN,NaN,NaN,NaN,NaN,NaN
EXP-20260506-008_uniform_hsbm_K_rho16_eigsh_methods_matlab,K,K,10,NaN,6,1020260512,5000,10,3,16,36,4,32,2.304e-05,2.56e-06,57494,347454,0.01389816,0.00776333333333333,0.01052675,sparse,0,0,34.4964,57,57542.4384,11.50848768,34.52546304,0.0099460468324157,CountSketch RP,countsketch_random_projection,0.8706,0.00143433927677557,0.00614865629677653,0.00875233333333333,0.530086208333333,0.548321791666667,,0.0468112916666667,0.000191166666666667,0.48302925,0.530044041666667,0.999998286179281,0.480312499104178,NaN,NaN,NaN,NaN,NaN,NaN,NaN,NaN,NaN,NaN,NaN,0.000138208333333333,170,13,46,0,0.001270375,0.0209750416666667,0.017352375,0.00402216666666667,0.00258654166666667,0.000258625
EXP-20260506-008_uniform_hsbm_K_rho16_eigsh_methods_matlab,K,K,10,NaN,7,1020260513,5000,10,3,16,36,4,32,2.304e-05,2.56e-06,57685,348690,0.0139476,0.0082095,0.0108353333333333,sparse,0,0,34.611,57,57542.4384,11.50848768,34.52546304,0.0099460468324157,Non-random eigs,non_random,0.8484,0.00631676718607267,0.0152789417339596,0.00912195833333333,0.48682425,0.505807333333333,eigs,0.0387215416666667,0.000109125,0.447931833333333,0.486784375,1,0.497704637785215,NaN,NaN,NaN,NaN,NaN,NaN,NaN,NaN,NaN,NaN,NaN,NaN,NaN,NaN,NaN,NaN,NaN,NaN,NaN,NaN,NaN,NaN
EXP-20260506-008_uniform_hsbm_K_rho16_eigsh_methods_matlab,K,K,10,NaN,7,1020260513,5000,10,3,16,36,4,32,2.304e-05,2.56e-06,57685,348690,0.0139476,0.0082095,0.0108353333333333,sparse,0,0,34.611,57,57542.4384,11.50848768,34.52546304,0.0099460468324157,Gaussian RP,gaussian_random_projection,0.8678,0.00302078851388571,0.00936642545807825,0.008676875,0.535807375,0.554806375,,0.051185375,0.00012475,0.484451416666667,0.535774375,0.99999777975669,0.480346659173131,0.00270945833333333,0.023866625,0.01766525,0.00395025,0.00261145833333333,0.000208833333333333,NaN,NaN,NaN,NaN,NaN,NaN,NaN,NaN,NaN,NaN,NaN,NaN,NaN,NaN,NaN,NaN
EXP-20260506-008_uniform_hsbm_K_rho16_eigsh_methods_matlab,K,K,10,NaN,7,1020260513,5000,10,3,16,36,4,32,2.304e-05,2.56e-06,57685,348690,0.0139476,0.0082095,0.0108353333333333,sparse,0,0,34.611,57,57542.4384,11.50848768,34.52546304,0.0099460468324157,Random sampling,random_sampling,0.8764,0.000816737567030341,0.00572535406235884,0.008723375,0.4495905,0.468575458333333,,0.0656950833333333,0.00010525,0.383730291666667,0.4495445,1.05955310653814,0.642634179440698,NaN,NaN,NaN,NaN,NaN,NaN,0.00444375,176845,123992,0.7,244460,NaN,NaN,NaN,NaN,NaN,NaN,NaN,NaN,NaN,NaN,NaN
EXP-20260506-008_uniform_hsbm_K_rho16_eigsh_methods_matlab,K,K,10,NaN,7,1020260513,5000,10,3,16,36,4,32,2.304e-05,2.56e-06,57685,348690,0.0139476,0.0082095,0.0108353333333333,sparse,0,0,34.611,57,57542.4384,11.50848768,34.52546304,0.0099460468324157,CountSketch RP,countsketch_random_projection,0.865,0.00326325950712963,0.00974339625192956,0.00848845833333333,0.443203666666667,0.462189875,,0.0470842083333333,0.00011575,0.395945083333333,0.443158041666667,0.999997658261423,0.479851795300192,NaN,NaN,NaN,NaN,NaN,NaN,NaN,NaN,NaN,NaN,NaN,0.00014,170,17,45,0,0.00117025,0.02156725,0.0168304166666667,0.00382566666666667,0.00312708333333333,0.000223583333333333
EXP-20260506-008_uniform_hsbm_K_rho16_eigsh_methods_matlab,K,K,10,NaN,8,1020260514,5000,10,3,16,36,4,32,2.304e-05,2.56e-06,57508,347592,0.01390368,0.00776770833333333,0.0106344166666667,sparse,0,0,34.5048,58,57542.4384,11.50848768,34.52546304,0.0099460468324157,Non-random eigs,non_random,0.8604,0.0040225659689469,0.0111169909277122,0.008514875,0.4892355,0.507450208333333,eigs,0.0419884166666667,0.000111083333333333,0.446948583333333,0.489200916666667,1,0.497843183366165,NaN,NaN,NaN,NaN,NaN,NaN,NaN,NaN,NaN,NaN,NaN,NaN,NaN,NaN,NaN,NaN,NaN,NaN,NaN,NaN,NaN,NaN
EXP-20260506-008_uniform_hsbm_K_rho16_eigsh_methods_matlab,K,K,10,NaN,8,1020260514,5000,10,3,16,36,4,32,2.304e-05,2.56e-06,57508,347592,0.01390368,0.00776770833333333,0.0106344166666667,sparse,0,0,34.5048,58,57542.4384,11.50848768,34.52546304,0.0099460468324157,Gaussian RP,gaussian_random_projection,0.874,0.00255395501872182,0.00878601812478805,0.008655,0.439140666666667,0.4574925,,0.05009125,0.000128208333333333,0.388870916666667,0.439104166666667,0.999997930134899,0.480244220886266,0.00268383333333333,0.0232810833333333,0.0170037916666667,0.00390970833333333,0.00274641666666667,0.0002825,NaN,NaN,NaN,NaN,NaN,NaN,NaN,NaN,NaN,NaN,NaN,NaN,NaN,NaN,NaN,NaN
EXP-20260506-008_uniform_hsbm_K_rho16_eigsh_methods_matlab,K,K,10,NaN,8,1020260514,5000,10,3,16,36,4,32,2.304e-05,2.56e-06,57508,347592,0.01390368,0.00776770833333333,0.0106344166666667,sparse,0,0,34.5048,58,57542.4384,11.50848768,34.52546304,0.0099460468324157,Random sampling,random_sampling,0.872,0.00192278519890071,0.00821687449403432,0.008802125,0.434066708333333,0.452412875,,0.064481375,0.000115916666666667,0.369413458333333,0.434023625,1.05370271101369,0.641316267511028,NaN,NaN,NaN,NaN,NaN,NaN,0.00425783333333333,176296,123143,0.7,242828,NaN,NaN,NaN,NaN,NaN,NaN,NaN,NaN,NaN,NaN,NaN
EXP-20260506-008_uniform_hsbm_K_rho16_eigsh_methods_matlab,K,K,10,NaN,8,1020260514,5000,10,3,16,36,4,32,2.304e-05,2.56e-06,57508,347592,0.01390368,0.00776770833333333,0.0106344166666667,sparse,0,0,34.5048,58,57542.4384,11.50848768,34.52546304,0.0099460468324157,CountSketch RP,countsketch_random_projection,0.8724,0.00225995159147555,0.00817197587437689,0.00856891666666667,0.415847708333333,0.434197583333333,,0.046227875,0.000141375,0.369426208333333,0.415808166666667,0.999998195009305,0.480361989373632,NaN,NaN,NaN,NaN,NaN,NaN,NaN,NaN,NaN,NaN,NaN,0.000134333333333333,170,17,43,0,0.00115629166666667,0.0216362083333333,0.0161228333333333,0.00386941666666667,0.00286925,0.000250125
EXP-20260506-008_uniform_hsbm_K_rho16_eigsh_methods_matlab,K,K,10,NaN,9,1020260515,5000,10,3,16,36,4,32,2.304e-05,2.56e-06,57572,347838,0.01391352,0.00775529166666667,0.0103172083333333,sparse,0,0,34.5432,60,57542.4384,11.50848768,34.52546304,0.0099460468324157,Non-random eigs,non_random,0.8706,0.00295362157742413,0.00957564789000216,0.00846675,0.494166875,0.512090958333333,eigs,0.04416775,0.000128416666666667,0.449722291666667,0.494129708333333,0.999999999999999,0.49748067790322,NaN,NaN,NaN,NaN,NaN,NaN,NaN,NaN,NaN,NaN,NaN,NaN,NaN,NaN,NaN,NaN,NaN,NaN,NaN,NaN,NaN,NaN
EXP-20260506-008_uniform_hsbm_K_rho16_eigsh_methods_matlab,K,K,10,NaN,9,1020260515,5000,10,3,16,36,4,32,2.304e-05,2.56e-06,57572,347838,0.01391352,0.00775529166666667,0.0103172083333333,sparse,0,0,34.5432,60,57542.4384,11.50848768,34.52546304,0.0099460468324157,Gaussian RP,gaussian_random_projection,0.8714,0.00159337875238172,0.00659844018143646,0.00884245833333333,0.454483958333333,0.472510666666667,,0.0518462083333333,0.00012025,0.402471708333333,0.4544515,0.99999796042413,0.47986523451017,0.00266025,0.023911375,0.0174670416666667,0.00416125,0.00323966666666667,0.00022875,NaN,NaN,NaN,NaN,NaN,NaN,NaN,NaN,NaN,NaN,NaN,NaN,NaN,NaN,NaN,NaN
EXP-20260506-008_uniform_hsbm_K_rho16_eigsh_methods_matlab,K,K,10,NaN,9,1020260515,5000,10,3,16,36,4,32,2.304e-05,2.56e-06,57572,347838,0.01391352,0.00775529166666667,0.0103172083333333,sparse,0,0,34.5432,60,57542.4384,11.50848768,34.52546304,0.0099460468324157,Random sampling,random_sampling,0.8738,0.001118549217453,0.00571684556557063,0.00858420833333333,0.468144,0.486155416666667,,0.0604357083333333,0.000111625,0.407535583333333,0.468097916666667,1.05611329766416,0.642000566842799,NaN,NaN,NaN,NaN,NaN,NaN,0.00426554166666667,176419,123370,0.7,243250,NaN,NaN,NaN,NaN,NaN,NaN,NaN,NaN,NaN,NaN,NaN
EXP-20260506-008_uniform_hsbm_K_rho16_eigsh_methods_matlab,K,K,10,NaN,9,1020260515,5000,10,3,16,36,4,32,2.304e-05,2.56e-06,57572,347838,0.01391352,0.00775529166666667,0.0103172083333333,sparse,0,0,34.5432,60,57542.4384,11.50848768,34.52546304,0.0099460468324157,CountSketch RP,countsketch_random_projection,0.872,0.00130702996934679,0.00592038081955475,0.00851,0.551297041666667,0.569316,,0.0458539583333333,0.000122666666666667,0.505266875,0.551256083333333,0.999997110527726,0.480790089739886,NaN,NaN,NaN,NaN,NaN,NaN,NaN,NaN,NaN,NaN,NaN,0.000132041666666667,170,13,42,0,0.00124079166666667,0.021106375,0.01637775,0.00383220833333333,0.00276504166666667,0.000203833333333333
EXP-20260506-008_uniform_hsbm_K_rho16_eigsh_methods_matlab,K,K,10,NaN,10,1020260516,5000,10,3,16,36,4,32,2.304e-05,2.56e-06,57595,348124,0.01392496,0.0100498333333333,0.01095375,sparse,0,0,34.557,60,57542.4384,11.50848768,34.52546304,0.0099460468324157,Non-random eigs,non_random,0.8728,0.00218086180625512,0.00780219292343438,0.00886858333333333,0.517679041666667,0.538637291666667,eigs,0.0686406666666667,0.000155458333333333,0.448837583333333,0.517648791666667,1,0.497377640405135,NaN,NaN,NaN,NaN,NaN,NaN,NaN,NaN,NaN,NaN,NaN,NaN,NaN,NaN,NaN,NaN,NaN,NaN,NaN,NaN,NaN,NaN
EXP-20260506-008_uniform_hsbm_K_rho16_eigsh_methods_matlab,K,K,10,NaN,10,1020260516,5000,10,3,16,36,4,32,2.304e-05,2.56e-06,57595,348124,0.01392496,0.0100498333333333,0.01095375,sparse,0,0,34.557,60,57542.4384,11.50848768,34.52546304,0.0099460468324157,Gaussian RP,gaussian_random_projection,0.871,0.00258775876477584,0.00867808039072384,0.00863316666666667,0.498923958333333,0.519875625,,0.051616,0.000134833333333333,0.447121208333333,0.498885375,0.999997881770795,0.480723052073993,0.00274808333333333,0.0233921666666667,0.017649375,0.004034875,0.00269904166666667,0.00024475,NaN,NaN,NaN,NaN,NaN,NaN,NaN,NaN,NaN,NaN,NaN,NaN,NaN,NaN,NaN,NaN
EXP-20260506-008_uniform_hsbm_K_rho16_eigsh_methods_matlab,K,K,10,NaN,10,1020260516,5000,10,3,16,36,4,32,2.304e-05,2.56e-06,57595,348124,0.01392496,0.0100498333333333,0.01095375,sparse,0,0,34.557,60,57542.4384,11.50848768,34.52546304,0.0099460468324157,Random sampling,random_sampling,0.869,0.00177062314245085,0.00699078419307433,0.00855733333333333,0.446883666666667,0.46782025,,0.0649959166666667,0.000115541666666667,0.381705208333333,0.446836041666667,1.05722945607471,0.642217475091781,NaN,NaN,NaN,NaN,NaN,NaN,0.00458158333333333,176562,123792,0.7,244099,NaN,NaN,NaN,NaN,NaN,NaN,NaN,NaN,NaN,NaN,NaN
EXP-20260506-008_uniform_hsbm_K_rho16_eigsh_methods_matlab,K,K,10,NaN,10,1020260516,5000,10,3,16,36,4,32,2.304e-05,2.56e-06,57595,348124,0.01392496,0.0100498333333333,0.01095375,sparse,0,0,34.557,60,57542.4384,11.50848768,34.52546304,0.0099460468324157,CountSketch RP,countsketch_random_projection,0.8724,0.00178789357943976,0.00692093953284034,0.008484,0.481615208333333,0.502561416666667,,0.0484451666666667,0.000255,0.432857666666667,0.481571125,0.999998190835252,0.48058631475466,NaN,NaN,NaN,NaN,NaN,NaN,NaN,NaN,NaN,NaN,NaN,0.000139375,170,15,47,0,0.00164816666666667,0.021105375,0.0175153333333333,0.00404258333333333,0.002719375,0.000271166666666667
EXP-20260506-008_uniform_hsbm_K_rho16_eigsh_methods_matlab,K,K,12,NaN,1,1220260507,5000,12,3,16,36,4,32,2.304e-05,2.56e-06,56293,340450,0.013618,0.00919633333333333,0.0108088333333333,sparse,0,0,33.7758,56,56243.0127104,11.24860254208,33.74580762624,0.00689868970192598,Non-random eigs,non_random,0.8942,0.000319906050275306,0.00563569808061875,0.0370753333333333,0.590500083333333,0.610456791666667,eigs,0.0391990833333333,0.00013825,0.551114291666667,0.590467125,1,0.499124742419343,NaN,NaN,NaN,NaN,NaN,NaN,NaN,NaN,NaN,NaN,NaN,NaN,NaN,NaN,NaN,NaN,NaN,NaN,NaN,NaN,NaN,NaN
EXP-20260506-008_uniform_hsbm_K_rho16_eigsh_methods_matlab,K,K,12,NaN,1,1220260507,5000,12,3,16,36,4,32,2.304e-05,2.56e-06,56293,340450,0.013618,0.00919633333333333,0.0108088333333333,sparse,0,0,33.7758,56,56243.0127104,11.24860254208,33.74580762624,0.00689868970192598,Gaussian RP,gaussian_random_projection,0.893,0.00121259273394025,0.00779921354201242,0.0372035416666667,0.564646208333333,0.5846055,,0.051128875,0.000146125,0.513325333333333,0.564613208333333,0.999997814146941,0.481603852199309,0.00275470833333333,0.022439,0.0179764166666667,0.00374520833333333,0.00312570833333333,0.000269083333333333,NaN,NaN,NaN,NaN,NaN,NaN,NaN,NaN,NaN,NaN,NaN,NaN,NaN,NaN,NaN,NaN
EXP-20260506-008_uniform_hsbm_K_rho16_eigsh_methods_matlab,K,K,12,NaN,1,1220260507,5000,12,3,16,36,4,32,2.304e-05,2.56e-06,56293,340450,0.013618,0.00919633333333333,0.0108088333333333,sparse,0,0,33.7758,56,56243.0127104,11.24860254208,33.74580762624,0.00689868970192598,Random sampling,random_sampling,0.8938,0.000994075397083813,0.00775036811859761,0.037166125,0.517722833333333,0.537658875,,0.067788375,0.000125833333333333,0.4497395,0.517670666666667,1.05686418401316,0.643410870530188,NaN,NaN,NaN,NaN,NaN,NaN,0.004812625,172725,120803,0.7,238104,NaN,NaN,NaN,NaN,NaN,NaN,NaN,NaN,NaN,NaN,NaN
EXP-20260506-008_uniform_hsbm_K_rho16_eigsh_methods_matlab,K,K,12,NaN,1,1220260507,5000,12,3,16,36,4,32,2.304e-05,2.56e-06,56293,340450,0.013618,0.00919633333333333,0.0108088333333333,sparse,0,0,33.7758,56,56243.0127104,11.24860254208,33.74580762624,0.00689868970192598,CountSketch RP,countsketch_random_projection,0.8926,0.000680680020642816,0.00645088013908963,0.03749125,0.589548458333333,0.609491708333333,,0.048692625,0.000129041666666667,0.540664875,0.589507875,0.999997581746327,0.482045494895934,NaN,NaN,NaN,NaN,NaN,NaN,NaN,NaN,NaN,NaN,NaN,0.000138458333333333,172,19,42,0,0.00160020833333333,0.0201775833333333,0.018129,0.00389491666666667,0.003230875,0.000289416666666667
EXP-20260506-008_uniform_hsbm_K_rho16_eigsh_methods_matlab,K,K,12,NaN,2,1220260508,5000,12,3,16,36,4,32,2.304e-05,2.56e-06,56007,338732,0.01354928,0.00890141666666667,0.0110582916666667,sparse,0,0,33.6042,58,56243.0127104,11.24860254208,33.74580762624,0.00689868970192598,Non-random eigs,non_random,0.895,0.00068222741587666,0.00642214797409793,0.0370762083333333,0.526335583333333,0.546221958333333,eigs,0.036085375,0.000181916666666667,0.489994958333333,0.526305416666667,1,0.499410223576967,NaN,NaN,NaN,NaN,NaN,NaN,NaN,NaN,NaN,NaN,NaN,NaN,NaN,NaN,NaN,NaN,NaN,NaN,NaN,NaN,NaN,NaN
EXP-20260506-008_uniform_hsbm_K_rho16_eigsh_methods_matlab,K,K,12,NaN,2,1220260508,5000,12,3,16,36,4,32,2.304e-05,2.56e-06,56007,338732,0.01354928,0.00890141666666667,0.0110582916666667,sparse,0,0,33.6042,58,56243.0127104,11.24860254208,33.74580762624,0.00689868970192598,Gaussian RP,gaussian_random_projection,0.8936,0.000911371125530894,0.0069547459511359,0.03697725,0.597652833333333,0.6175625,,0.0523112916666667,0.000232708333333333,0.545058791666667,0.597616958333333,0.999997503998656,0.481980313609511,0.002807125,0.0231090416666667,0.017921375,0.00412116666666667,0.0035265,0.000317041666666667,NaN,NaN,NaN,NaN,NaN,NaN,NaN,NaN,NaN,NaN,NaN,NaN,NaN,NaN,NaN,NaN
EXP-20260506-008_uniform_hsbm_K_rho16_eigsh_methods_matlab,K,K,12,NaN,2,1220260508,5000,12,3,16,36,4,32,2.304e-05,2.56e-06,56007,338732,0.01354928,0.00890141666666667,0.0110582916666667,sparse,0,0,33.6042,58,56243.0127104,11.24860254208,33.74580762624,0.00689868970192598,Random sampling,random_sampling,0.8926,0.000579283864198896,0.00658848477079511,0.0363927916666667,0.517658333333333,0.537556666666667,,0.054566,0.000222375,0.462808583333333,0.517611583333333,1.05536866573644,0.643258206897883,NaN,NaN,NaN,NaN,NaN,NaN,0.00435691666666667,171866,120292,0.7,237118,NaN,NaN,NaN,NaN,NaN,NaN,NaN,NaN,NaN,NaN,NaN
EXP-20260506-008_uniform_hsbm_K_rho16_eigsh_methods_matlab,K,K,12,NaN,2,1220260508,5000,12,3,16,36,4,32,2.304e-05,2.56e-06,56007,338732,0.01354928,0.00890141666666667,0.0110582916666667,sparse,0,0,33.6042,58,56243.0127104,11.24860254208,33.74580762624,0.00689868970192598,CountSketch RP,countsketch_random_projection,0.8916,0.000804954100127074,0.00652498453449537,0.0373118333333333,0.564136708333333,0.584035833333333,,0.0479449166666667,0.000267291666666667,0.515863916666667,0.564095125,0.999997694728227,0.482188272926982,NaN,NaN,NaN,NaN,NaN,NaN,NaN,NaN,NaN,NaN,NaN,0.00025075,172,14,43,0,0.00159404166666667,0.0203023333333333,0.0175949583333333,0.00406758333333333,0.00317408333333333,0.00030475
EXP-20260506-008_uniform_hsbm_K_rho16_eigsh_methods_matlab,K,K,12,NaN,3,1220260509,5000,12,3,16,36,4,32,2.304e-05,2.56e-06,56396,341100,0.013644,0.00800141666666667,0.0108140416666667,sparse,0,0,33.8376,57,56243.0127104,11.24860254208,33.74580762624,0.00689868970192598,Non-random eigs,non_random,0.8854,0.00237089193306364,0.0100987008965954,0.038204,0.546797416666667,0.565568541666667,eigs,0.04523375,0.000225708333333333,0.501293625,0.54676425,0.999999999999999,0.498838961880168,NaN,NaN,NaN,NaN,NaN,NaN,NaN,NaN,NaN,NaN,NaN,NaN,NaN,NaN,NaN,NaN,NaN,NaN,NaN,NaN,NaN,NaN
EXP-20260506-008_uniform_hsbm_K_rho16_eigsh_methods_matlab,K,K,12,NaN,3,1220260509,5000,12,3,16,36,4,32,2.304e-05,2.56e-06,56396,341100,0.013644,0.00800141666666667,0.0108140416666667,sparse,0,0,33.8376,57,56243.0127104,11.24860254208,33.74580762624,0.00689868970192598,Gaussian RP,gaussian_random_projection,0.892,0.00130980452978898,0.0080703393323794,0.037411875,0.597445166666667,0.616212416666667,,0.051201625,0.000211625,0.545983708333333,0.5974135,0.999997434796352,0.481679722555154,0.002762,0.0224619583333333,0.0179756666666667,0.00398533333333333,0.00335720833333333,0.00032225,NaN,NaN,NaN,NaN,NaN,NaN,NaN,NaN,NaN,NaN,NaN,NaN,NaN,NaN,NaN,NaN
EXP-20260506-008_uniform_hsbm_K_rho16_eigsh_methods_matlab,K,K,12,NaN,3,1220260509,5000,12,3,16,36,4,32,2.304e-05,2.56e-06,56396,341100,0.013644,0.00800141666666667,0.0108140416666667,sparse,0,0,33.8376,57,56243.0127104,11.24860254208,33.74580762624,0.00689868970192598,Random sampling,random_sampling,0.892,0.000953007009781104,0.0076666862510534,0.037117,0.555797875,0.574546333333333,,0.07692625,0.000219416666666667,0.478585208333333,0.555748208333333,1.06239838536287,0.64430240747421,NaN,NaN,NaN,NaN,NaN,NaN,0.00450545833333333,173050,121348,0.7,239121,NaN,NaN,NaN,NaN,NaN,NaN,NaN,NaN,NaN,NaN,NaN
EXP-20260506-008_uniform_hsbm_K_rho16_eigsh_methods_matlab,K,K,12,NaN,3,1220260509,5000,12,3,16,36,4,32,2.304e-05,2.56e-06,56396,341100,0.013644,0.00800141666666667,0.0108140416666667,sparse,0,0,33.8376,57,56243.0127104,11.24860254208,33.74580762624,0.00689868970192598,CountSketch RP,countsketch_random_projection,0.889,0.0016304139686107,0.008450416448735,0.036631625,0.5824515,0.601209,,0.0482418333333333,0.000228416666666667,0.533923291666667,0.582411791666667,0.999998220887892,0.481323712682193,NaN,NaN,NaN,NaN,NaN,NaN,NaN,NaN,NaN,NaN,NaN,0.00111004166666667,172,17,47,0,0.00160720833333333,0.0200388333333333,0.0173380833333333,0.00420270833333333,0.00333266666666667,0.000263125
EXP-20260506-008_uniform_hsbm_K_rho16_eigsh_methods_matlab,K,K,12,NaN,4,1220260510,5000,12,3,16,36,4,32,2.304e-05,2.56e-06,56255,339982,0.01359928,0.00848745833333333,0.0103815833333333,sparse,0,0,33.753,58,56243.0127104,11.24860254208,33.74580762624,0.00689868970192598,Non-random eigs,non_random,0.8916,0.00142763847179288,0.00810604124503044,0.0371697083333333,0.482767458333333,0.501569791666667,eigs,0.0352860416666667,0.000122333333333333,0.447292375,0.482736833333333,1,0.4990571353833,NaN,NaN,NaN,NaN,NaN,NaN,NaN,NaN,NaN,NaN,NaN,NaN,NaN,NaN,NaN,NaN,NaN,NaN,NaN,NaN,NaN,NaN
EXP-20260506-008_uniform_hsbm_K_rho16_eigsh_methods_matlab,K,K,12,NaN,4,1220260510,5000,12,3,16,36,4,32,2.304e-05,2.56e-06,56255,339982,0.01359928,0.00848745833333333,0.0103815833333333,sparse,0,0,33.753,58,56243.0127104,11.24860254208,33.74580762624,0.00689868970192598,Gaussian RP,gaussian_random_projection,0.8896,0.00171686927905585,0.00879940858778836,0.0367137916666667,0.536210833333333,0.555032958333333,,0.0510065833333333,0.000300708333333333,0.484856625,0.536180083333333,0.999997350068616,0.481683281243892,0.00269883333333333,0.0221639583333333,0.0185144583333333,0.00377058333333333,0.00327204166666667,0.000283041666666667,NaN,NaN,NaN,NaN,NaN,NaN,NaN,NaN,NaN,NaN,NaN,NaN,NaN,NaN,NaN,NaN
EXP-20260506-008_uniform_hsbm_K_rho16_eigsh_methods_matlab,K,K,12,NaN,4,1220260510,5000,12,3,16,36,4,32,2.304e-05,2.56e-06,56255,339982,0.01359928,0.00848745833333333,0.0103815833333333,sparse,0,0,33.753,58,56243.0127104,11.24860254208,33.74580762624,0.00689868970192598,Random sampling,random_sampling,0.893,0.00102839664203604,0.00740760439376548,0.037607625,0.498726416666667,0.517501458333333,,0.0649543333333333,0.000178333333333333,0.43349975,0.498676958333333,1.05990562428974,0.644506190903871,NaN,NaN,NaN,NaN,NaN,NaN,0.004248875,172491,121091,0.7,238683,NaN,NaN,NaN,NaN,NaN,NaN,NaN,NaN,NaN,NaN,NaN
EXP-20260506-008_uniform_hsbm_K_rho16_eigsh_methods_matlab,K,K,12,NaN,4,1220260510,5000,12,3,16,36,4,32,2.304e-05,2.56e-06,56255,339982,0.01359928,0.00848745833333333,0.0103815833333333,sparse,0,0,33.753,58,56243.0127104,11.24860254208,33.74580762624,0.00689868970192598,CountSketch RP,countsketch_random_projection,0.891,0.00108303412641842,0.00733378673254993,0.037572125,0.515935,0.534750625,,0.04759275,0.000295166666666667,0.467993666666667,0.515894375,0.999998280040858,0.481515127423227,NaN,NaN,NaN,NaN,NaN,NaN,NaN,NaN,NaN,NaN,NaN,0.000254041666666667,172,15,42,0,0.001588,0.0205134166666667,0.0176295,0.00383375,0.003203125,0.000269458333333333
EXP-20260506-008_uniform_hsbm_K_rho16_eigsh_methods_matlab,K,K,12,NaN,5,1220260511,5000,12,3,16,36,4,32,2.304e-05,2.56e-06,56569,342028,0.01368112,0.008354,0.0103575416666667,sparse,0,0,33.9414,58,56243.0127104,11.24860254208,33.74580762624,0.00689868970192598,Non-random eigs,non_random,0.8858,0.00168199476096117,0.00851423554005327,0.0373094166666667,0.545423916666667,0.5640935,eigs,0.0446336666666667,0.000163833333333333,0.500584458333333,0.545389375,1,0.498919494315386,NaN,NaN,NaN,NaN,NaN,NaN,NaN,NaN,NaN,NaN,NaN,NaN,NaN,NaN,NaN,NaN,NaN,NaN,NaN,NaN,NaN,NaN
EXP-20260506-008_uniform_hsbm_K_rho16_eigsh_methods_matlab,K,K,12,NaN,5,1220260511,5000,12,3,16,36,4,32,2.304e-05,2.56e-06,56569,342028,0.01368112,0.008354,0.0103575416666667,sparse,0,0,33.9414,58,56243.0127104,11.24860254208,33.74580762624,0.00689868970192598,Gaussian RP,gaussian_random_projection,0.8922,0.000653207834313953,0.0063348637848293,0.0378918333333333,0.578637625,0.597298333333333,,0.0497164583333333,0.00026975,0.528600583333333,0.578605166666667,0.999997980922982,0.481602528233728,0.00273908333333333,0.0221232083333333,0.0175575,0.00374629166666667,0.00305429166666667,0.000271916666666667,NaN,NaN,NaN,NaN,NaN,NaN,NaN,NaN,NaN,NaN,NaN,NaN,NaN,NaN,NaN,NaN
EXP-20260506-008_uniform_hsbm_K_rho16_eigsh_methods_matlab,K,K,12,NaN,5,1220260511,5000,12,3,16,36,4,32,2.304e-05,2.56e-06,56569,342028,0.01368112,0.008354,0.0103575416666667,sparse,0,0,33.9414,58,56243.0127104,11.24860254208,33.74580762624,0.00689868970192598,Random sampling,random_sampling,0.8962,0.000101315471047418,0.00538616547355573,0.0371289583333333,0.509238166666667,0.527900291666667,,0.05616625,0.000109916666666667,0.452912583333333,0.509196291666667,1.06003823733006,0.643940209379375,NaN,NaN,NaN,NaN,NaN,NaN,0.00442108333333333,173514,121628,0.7,239726,NaN,NaN,NaN,NaN,NaN,NaN,NaN,NaN,NaN,NaN,NaN
EXP-20260506-008_uniform_hsbm_K_rho16_eigsh_methods_matlab,K,K,12,NaN,5,1220260511,5000,12,3,16,36,4,32,2.304e-05,2.56e-06,56569,342028,0.01368112,0.008354,0.0103575416666667,sparse,0,0,33.9414,58,56243.0127104,11.24860254208,33.74580762624,0.00689868970192598,CountSketch RP,countsketch_random_projection,0.8916,0.00138712889743807,0.00800139154339525,0.0367749583333333,0.571414666666667,0.590068166666667,,0.0461100416666667,0.000333791666666667,0.524912791666667,0.571376041666667,0.999997866754997,0.481602257490844,NaN,NaN,NaN,NaN,NaN,NaN,NaN,NaN,NaN,NaN,NaN,0.000305958333333333,172,17,51,0,0.00155775,0.0200953333333333,0.0171132083333333,0.00370683333333333,0.00282041666666667,0.000210708333333333
EXP-20260506-008_uniform_hsbm_K_rho16_eigsh_methods_matlab,K,K,12,NaN,6,1220260512,5000,12,3,16,36,4,32,2.304e-05,2.56e-06,56240,340156,0.01360624,0.00761208333333333,0.0100806666666667,sparse,0,0,33.744,55,56243.0127104,11.24860254208,33.74580762624,0.00689868970192598,Non-random eigs,non_random,0.8876,0.00158552646778279,0.00825085668580674,0.036650875,0.546922791666667,0.564579083333333,eigs,0.0359553333333333,0.000163458333333333,0.510767541666667,0.546893416666667,1,0.49917975482724,NaN,NaN,NaN,NaN,NaN,NaN,NaN,NaN,NaN,NaN,NaN,NaN,NaN,NaN,NaN,NaN,NaN,NaN,NaN,NaN,NaN,NaN
EXP-20260506-008_uniform_hsbm_K_rho16_eigsh_methods_matlab,K,K,12,NaN,6,1220260512,5000,12,3,16,36,4,32,2.304e-05,2.56e-06,56240,340156,0.01360624,0.00761208333333333,0.0100806666666667,sparse,0,0,33.744,55,56243.0127104,11.24860254208,33.74580762624,0.00689868970192598,Gaussian RP,gaussian_random_projection,0.89,0.00116817662292073,0.00746443365492199,0.0379862916666667,0.590195833333333,0.607829916666667,,0.0490132916666667,0.00013825,0.540985625,0.590164125,0.999997713002943,0.481956818676525,0.002687625,0.0217844583333333,0.0176673333333333,0.00375116666666667,0.00286245833333333,0.000227708333333333,NaN,NaN,NaN,NaN,NaN,NaN,NaN,NaN,NaN,NaN,NaN,NaN,NaN,NaN,NaN,NaN
EXP-20260506-008_uniform_hsbm_K_rho16_eigsh_methods_matlab,K,K,12,NaN,6,1220260512,5000,12,3,16,36,4,32,2.304e-05,2.56e-06,56240,340156,0.01360624,0.00761208333333333,0.0100806666666667,sparse,0,0,33.744,55,56243.0127104,11.24860254208,33.74580762624,0.00689868970192598,Random sampling,random_sampling,0.8952,0.000588177505964773,0.00666239574355929,0.0378297916666667,0.558218416666667,0.575853416666667,,0.0612805833333333,0.000138583333333333,0.4967415,0.558169583333333,1.05716381879639,0.643567798927849,NaN,NaN,NaN,NaN,NaN,NaN,0.004368125,172578,120890,0.7,238297,NaN,NaN,NaN,NaN,NaN,NaN,NaN,NaN,NaN,NaN,NaN
EXP-20260506-008_uniform_hsbm_K_rho16_eigsh_methods_matlab,K,K,12,NaN,6,1220260512,5000,12,3,16,36,4,32,2.304e-05,2.56e-06,56240,340156,0.01360624,0.00761208333333333,0.0100806666666667,sparse,0,0,33.744,55,56243.0127104,11.24860254208,33.74580762624,0.00689868970192598,CountSketch RP,countsketch_random_projection,0.8922,0.000770603642232903,0.00655282633209385,0.0374567916666667,0.561881291666667,0.579505208333333,,0.0458167916666667,0.000180041666666667,0.515815625,0.561839875,0.999997933767301,0.481767551659576,NaN,NaN,NaN,NaN,NaN,NaN,NaN,NaN,NaN,NaN,NaN,0.000240416666666667,172,17,44,0,0.00149683333333333,0.0199475416666667,0.0170707916666667,0.00358858333333333,0.00302645833333333,0.000318166666666667
EXP-20260506-008_uniform_hsbm_K_rho16_eigsh_methods_matlab,K,K,12,NaN,7,1220260513,5000,12,3,16,36,4,32,2.304e-05,2.56e-06,56586,342158,0.01368632,0.00811316666666667,0.00980479166666667,sparse,0,0,33.9516,59,56243.0127104,11.24860254208,33.74580762624,0.00689868970192598,Non-random eigs,non_random,0.8872,0.00163063975679385,0.00859333884163093,0.03775425,0.570446125,0.58832625,eigs,0.0531148333333333,0.000117125,0.517176333333333,0.570414458333333,1,0.498225024716119,NaN,NaN,NaN,NaN,NaN,NaN,NaN,NaN,NaN,NaN,NaN,NaN,NaN,NaN,NaN,NaN,NaN,NaN,NaN,NaN,NaN,NaN
EXP-20260506-008_uniform_hsbm_K_rho16_eigsh_methods_matlab,K,K,12,NaN,7,1220260513,5000,12,3,16,36,4,32,2.304e-05,2.56e-06,56586,342158,0.01368632,0.00811316666666667,0.00980479166666667,sparse,0,0,33.9516,59,56243.0127104,11.24860254208,33.74580762624,0.00689868970192598,Gaussian RP,gaussian_random_projection,0.8944,0.000635234213739932,0.00630676407369388,0.0375092083333333,0.542679583333333,0.560560541666667,,0.0497247916666667,0.000167708333333333,0.492750083333333,0.542649666666667,0.999997875751346,0.481102196868148,0.00269754166666667,0.0228229583333333,0.0173502916666667,0.00363258333333333,0.002949625,0.000233875,NaN,NaN,NaN,NaN,NaN,NaN,NaN,NaN,NaN,NaN,NaN,NaN,NaN,NaN,NaN,NaN
EXP-20260506-008_uniform_hsbm_K_rho16_eigsh_methods_matlab,K,K,12,NaN,7,1220260513,5000,12,3,16,36,4,32,2.304e-05,2.56e-06,56586,342158,0.01368632,0.00811316666666667,0.00980479166666667,sparse,0,0,33.9516,59,56243.0127104,11.24860254208,33.74580762624,0.00689868970192598,Random sampling,random_sampling,0.8894,0.00142373643489654,0.00803650296247746,0.0476110416666667,0.550811083333333,0.568674333333333,,0.0751914166666667,0.000151875,0.475413083333333,0.550764375,1.05552404636143,0.642427985871077,NaN,NaN,NaN,NaN,NaN,NaN,0.00423995833333333,173579,121267,0.7,239050,NaN,NaN,NaN,NaN,NaN,NaN,NaN,NaN,NaN,NaN,NaN
EXP-20260506-008_uniform_hsbm_K_rho16_eigsh_methods_matlab,K,K,12,NaN,7,1220260513,5000,12,3,16,36,4,32,2.304e-05,2.56e-06,56586,342158,0.01368632,0.00811316666666667,0.00980479166666667,sparse,0,0,33.9516,59,56243.0127104,11.24860254208,33.74580762624,0.00689868970192598,CountSketch RP,countsketch_random_projection,0.893,0.00070780872058375,0.00659187469777744,0.0378575416666667,0.587899375,0.605762583333333,,0.0473482083333333,0.000222583333333333,0.540273833333333,0.587854791666667,0.999997680351739,0.481224530982111,NaN,NaN,NaN,NaN,NaN,NaN,NaN,NaN,NaN,NaN,NaN,0.000248333333333333,172,11,48,0,0.00159554166666667,0.0207414583333333,0.0166284166666667,0.00397291666666667,0.003766875,0.000239
EXP-20260506-008_uniform_hsbm_K_rho16_eigsh_methods_matlab,K,K,12,NaN,8,1220260514,5000,12,3,16,36,4,32,2.304e-05,2.56e-06,56285,340354,0.01361416,0.00772020833333333,0.010030625,sparse,0,0,33.771,56,56243.0127104,11.24860254208,33.74580762624,0.00689868970192598,Non-random eigs,non_random,0.8882,0.00152721733730331,0.00815717652252764,0.0371747083333333,0.558655375,0.576371208333333,eigs,0.0405765833333333,0.000118125,0.517925666666667,0.558627083333333,1,0.498798917163015,NaN,NaN,NaN,NaN,NaN,NaN,NaN,NaN,NaN,NaN,NaN,NaN,NaN,NaN,NaN,NaN,NaN,NaN,NaN,NaN,NaN,NaN
EXP-20260506-008_uniform_hsbm_K_rho16_eigsh_methods_matlab,K,K,12,NaN,8,1220260514,5000,12,3,16,36,4,32,2.304e-05,2.56e-06,56285,340354,0.01361416,0.00772020833333333,0.010030625,sparse,0,0,33.771,56,56243.0127104,11.24860254208,33.74580762624,0.00689868970192598,Gaussian RP,gaussian_random_projection,0.889,0.00174646176024816,0.00892451174186614,0.0371096666666667,0.582252166666667,0.599963875,,0.0489663333333333,0.000131458333333333,0.53311525,0.582220291666667,0.999997997218605,0.481315711201943,0.00283658333333333,0.0223675,0.0167353333333333,0.00359591666666667,0.003152,0.000249166666666667,NaN,NaN,NaN,NaN,NaN,NaN,NaN,NaN,NaN,NaN,NaN,NaN,NaN,NaN,NaN,NaN
EXP-20260506-008_uniform_hsbm_K_rho16_eigsh_methods_matlab,K,K,12,NaN,8,1220260514,5000,12,3,16,36,4,32,2.304e-05,2.56e-06,56285,340354,0.01361416,0.00772020833333333,0.010030625,sparse,0,0,33.771,56,56243.0127104,11.24860254208,33.74580762624,0.00689868970192598,Random sampling,random_sampling,0.8922,0.000569598957832567,0.00630303813710269,0.038440875,0.507876458333333,0.525570958333333,,0.0681197916666667,0.0001215,0.439578833333333,0.507829333333333,1.0601363392696,0.64484516456565,NaN,NaN,NaN,NaN,NaN,NaN,0.00442991666666667,172677,120854,0.7,238160,NaN,NaN,NaN,NaN,NaN,NaN,NaN,NaN,NaN,NaN,NaN
EXP-20260506-008_uniform_hsbm_K_rho16_eigsh_methods_matlab,K,K,12,NaN,8,1220260514,5000,12,3,16,36,4,32,2.304e-05,2.56e-06,56285,340354,0.01361416,0.00772020833333333,0.010030625,sparse,0,0,33.771,56,56243.0127104,11.24860254208,33.74580762624,0.00689868970192598,CountSketch RP,countsketch_random_projection,0.8948,0.000483850281297603,0.0061095573220907,0.0371956666666667,0.603195625,0.620891041666667,,0.0533409166666667,0.000184,0.549615291666667,0.603148916666667,0.999997958180725,0.481349217920296,NaN,NaN,NaN,NaN,NaN,NaN,NaN,NaN,NaN,NaN,NaN,0.000131083333333333,172,17,44,0,0.00281741666666667,0.0246933333333333,0.0184025,0.00365583333333333,0.00314408333333333,0.000271541666666667
EXP-20260506-008_uniform_hsbm_K_rho16_eigsh_methods_matlab,K,K,12,NaN,9,1220260515,5000,12,3,16,36,4,32,2.304e-05,2.56e-06,55877,337854,0.01351416,0.00753695833333333,0.00993745833333333,sparse,0,0,33.5262,59,56243.0127104,11.24860254208,33.74580762624,0.00689868970192598,Non-random eigs,non_random,0.8904,0.000972634891680939,0.00695806920943079,0.0367615416666667,0.459122583333333,0.476559625,eigs,0.0438018333333333,0.000149083333333333,0.415134291666667,0.459093291666667,1,0.499773912987534,NaN,NaN,NaN,NaN,NaN,NaN,NaN,NaN,NaN,NaN,NaN,NaN,NaN,NaN,NaN,NaN,NaN,NaN,NaN,NaN,NaN,NaN
EXP-20260506-008_uniform_hsbm_K_rho16_eigsh_methods_matlab,K,K,12,NaN,9,1220260515,5000,12,3,16,36,4,32,2.304e-05,2.56e-06,55877,337854,0.01351416,0.00753695833333333,0.00993745833333333,sparse,0,0,33.5262,59,56243.0127104,11.24860254208,33.74580762624,0.00689868970192598,Gaussian RP,gaussian_random_projection,0.8904,0.000794120679231158,0.00660640880259503,0.037955,0.582062333333333,0.599493708333333,,0.049193625,0.000218125,0.532607541666667,0.582027416666667,0.999997669988281,0.482412692731441,0.00271091666666667,0.0219514166666667,0.0177969583333333,0.00366125,0.00281683333333333,0.000223708333333333,NaN,NaN,NaN,NaN,NaN,NaN,NaN,NaN,NaN,NaN,NaN,NaN,NaN,NaN,NaN,NaN
EXP-20260506-008_uniform_hsbm_K_rho16_eigsh_methods_matlab,K,K,12,NaN,9,1220260515,5000,12,3,16,36,4,32,2.304e-05,2.56e-06,55877,337854,0.01351416,0.00753695833333333,0.00993745833333333,sparse,0,0,33.5262,59,56243.0127104,11.24860254208,33.74580762624,0.00689868970192598,Random sampling,random_sampling,0.8946,0.000306681172958394,0.00571674480814019,0.0381662916666667,0.512640291666667,0.530059875,,0.072045,0.000128791666666667,0.440411666666667,0.512593708333333,1.05752390634398,0.64481222294278,NaN,NaN,NaN,NaN,NaN,NaN,0.00427575,171427,119970,0.7,236410,NaN,NaN,NaN,NaN,NaN,NaN,NaN,NaN,NaN,NaN,NaN
EXP-20260506-008_uniform_hsbm_K_rho16_eigsh_methods_matlab,K,K,12,NaN,9,1220260515,5000,12,3,16,36,4,32,2.304e-05,2.56e-06,55877,337854,0.01351416,0.00753695833333333,0.00993745833333333,sparse,0,0,33.5262,59,56243.0127104,11.24860254208,33.74580762624,0.00689868970192598,CountSketch RP,countsketch_random_projection,0.8942,0.000551258897695993,0.00618786953304093,0.0370299583333333,0.573160625,0.590587041666667,,0.0456615833333333,0.000138291666666667,0.52731275,0.573120666666667,0.999997711147459,0.482727320341446,NaN,NaN,NaN,NaN,NaN,NaN,NaN,NaN,NaN,NaN,NaN,0.000113041666666667,172,17,45,0,0.00113116666666667,0.019921,0.0174919583333333,0.00381741666666667,0.002913,0.000208583333333333
EXP-20260506-008_uniform_hsbm_K_rho16_eigsh_methods_matlab,K,K,12,NaN,10,1220260516,5000,12,3,16,36,4,32,2.304e-05,2.56e-06,56459,341496,0.01365984,0.008161875,0.0100183333333333,sparse,0,0,33.8754,56,56243.0127104,11.24860254208,33.74580762624,0.00689868970192598,Non-random eigs,non_random,0.885,0.00165838911389703,0.00843548898397624,0.03738725,0.5076705,0.525815333333333,eigs,0.0459007083333333,0.000134416666666667,0.4616,0.507643416666667,1,0.498476169667197,NaN,NaN,NaN,NaN,NaN,NaN,NaN,NaN,NaN,NaN,NaN,NaN,NaN,NaN,NaN,NaN,NaN,NaN,NaN,NaN,NaN,NaN
EXP-20260506-008_uniform_hsbm_K_rho16_eigsh_methods_matlab,K,K,12,NaN,10,1220260516,5000,12,3,16,36,4,32,2.304e-05,2.56e-06,56459,341496,0.01365984,0.008161875,0.0100183333333333,sparse,0,0,33.8754,56,56243.0127104,11.24860254208,33.74580762624,0.00689868970192598,Gaussian RP,gaussian_random_projection,0.8886,0.0012032375753052,0.00737634124798174,0.0375496666666667,0.666747208333333,0.684889791666667,,0.0497415416666667,0.000141708333333333,0.616826333333333,0.666716291666667,0.999997911391784,0.481372678467215,0.00270954166666667,0.022212375,0.0175385,0.003787375,0.00321454166666667,0.000249666666666667,NaN,NaN,NaN,NaN,NaN,NaN,NaN,NaN,NaN,NaN,NaN,NaN,NaN,NaN,NaN,NaN
EXP-20260506-008_uniform_hsbm_K_rho16_eigsh_methods_matlab,K,K,12,NaN,10,1220260516,5000,12,3,16,36,4,32,2.304e-05,2.56e-06,56459,341496,0.01365984,0.008161875,0.0100183333333333,sparse,0,0,33.8754,56,56243.0127104,11.24860254208,33.74580762624,0.00689868970192598,Random sampling,random_sampling,0.8908,0.000875403392978115,0.00724808680817464,0.0366719583333333,0.506991833333333,0.525118541666667,,0.0554332916666667,0.000126583333333333,0.451378458333333,0.50694625,1.05848666483628,0.643682036632299,NaN,NaN,NaN,NaN,NaN,NaN,0.00418533333333333,173248,121040,0.7,238539,NaN,NaN,NaN,NaN,NaN,NaN,NaN,NaN,NaN,NaN,NaN
EXP-20260506-008_uniform_hsbm_K_rho16_eigsh_methods_matlab,K,K,12,NaN,10,1220260516,5000,12,3,16,36,4,32,2.304e-05,2.56e-06,56459,341496,0.01365984,0.008161875,0.0100183333333333,sparse,0,0,33.8754,56,56243.0127104,11.24860254208,33.74580762624,0.00689868970192598,CountSketch RP,countsketch_random_projection,0.8904,0.00137959197203989,0.00778197103344986,0.0372252083333333,0.557063833333333,0.575198375,,0.0453819583333333,0.000194,0.511442208333333,0.557026083333333,0.999998143911387,0.481773846757115,NaN,NaN,NaN,NaN,NaN,NaN,NaN,NaN,NaN,NaN,NaN,0.00011425,172,13,42,0,0.001130125,0.019775375,0.0174199583333333,0.00367875,0.00302308333333333,0.000200208333333333
