K,rep,seed,n,m,rho_n,num_hyperedges_total,theta_nnz,theta_density,generation_wall_sec,hypergraph_laplacian_build_wall_sec,num_isolated_nodes,isolated_fraction,hypergraph_degree_mean,hypergraph_degree_max,expected_hyperedges_total,expected_hyperedges_per_n,expected_degree_mean,candidate_within_fraction,p_in,p_out,sampling_mode,method,method_key,misclassification_rate,ARI,NMI,metric_wall_sec,eigen_decomposition_wall_sec,embedding_normalize_wall_sec,kmeans_wall_sec,spectral_clustering_wall_sec,top_eigenvalue_max,top_eigenvalue_min,algorithm_total_wall_sec,cpu_time_sec,wall_clock_sec,peak_traced_memory_mb,rss_before_mb,rss_after_mb,rss_delta_mb,rp_draw_omega_sec,rp_power_iter_sec,rp_qr_sec,rp_build_core_sec,rp_small_eig_sec,rp_lift_sec,rs_sample_matrix_wall_sec,rs_eig_wall_sec,rs_original_upper_nnz,rs_sampled_upper_nnz,rs_sampling_probability,rs_sampled_theta_nnz,cs_draw_hash_sec,cs_embedding_dim,cs_bucket_min_load,cs_bucket_max_load,cs_empty_buckets,cs_initial_multiply_sec,cs_power_iter_sec,cs_qr_sec,cs_build_core_sec,cs_small_eig_sec,cs_lift_sec
2,1,20460507,5000,3,8.0,80094,479090,0.0191636,1.182872,0.20415145800000012,0,0.0,48.0564,73.0,79920.01920000001,15.984003840000002,47.952011520000006,0.2498499699939988,1.152e-05,1.28e-06,sparse,Non-random,non_random,0.0,1.0,1.0,0.02531300000000014,0.04234637500000016,0.00016258399999991013,0.1945038750000001,0.23702824999999983,1.0000000000000004,0.7869105194900641,1.6240362920000002,1.6784799999999995,0.2720958750000002,16.491233825683594,211.32421875,226.6796875,15.35546875,,,,,,,,,,,,,,,,,,,,,,,
2,1,20460507,5000,3,8.0,80094,479090,0.0191636,1.182872,0.20415145800000012,0,0.0,48.0564,73.0,79920.01920000001,15.984003840000002,47.952011520000006,0.2498499699939988,1.152e-05,1.28e-06,sparse,Gaussian random projection,gaussian_random_projection,0.0,1.0,1.0,0.023507792000000194,0.44573104200000024,0.0004679159999998461,0.041367790999999876,0.4875759579999994,0.9999991088718222,0.7868457141605647,1.874590207,3.4697809999999993,0.5241901250000001,30.631410598754883,227.36328125,296.07421875,68.7109375,0.013680457999999618,0.2927955840000003,0.0979060839999999,0.028733958000000115,0.011585582999999566,0.0009256669999997413,,,,,,,,,,,,,,,,,
2,1,20460507,5000,3,8.0,80094,479090,0.0191636,1.182872,0.20415145800000012,0,0.0,48.0564,73.0,79920.01920000001,15.984003840000002,47.952011520000006,0.2498499699939988,1.152e-05,1.28e-06,sparse,Random sampling,random_sampling,0.0,1.0,1.0,0.017114083000000058,0.06308624999999957,0.00011670800000018744,0.04376870799999999,0.10697650000000003,1.0532579165605458,0.8567385112793945,1.4939951239999998,1.1485589999999988,0.12847975000000034,21.217623710632324,296.07421875,306.34375,10.26953125,,,,,,,0.027987834000000156,0.035068625000000075,242045.0,169419.0,0.7,335373.0,,,,,,,,,,,
2,1,20460507,5000,3,8.0,80094,479090,0.0191636,1.182872,0.20415145800000012,0,0.0,48.0564,73.0,79920.01920000001,15.984003840000002,47.952011520000006,0.2498499699939988,1.152e-05,1.28e-06,sparse,CountSketch random projection,countsketch_random_projection,0.0,1.0,1.0,0.017946207999999686,0.33017170799999995,0.00038949999999982055,0.04506124999999983,0.3756285830000001,0.9999988432998097,0.7868626563632496,1.7626459159999996,3.7100449999999974,0.4013589170000005,24.526887893676758,306.34375,313.0,6.65625,,,,,,,,,,,,,0.0007156249999997755,162.0,18.0,46.0,0.0,0.007096749999999652,0.19183675000000022,0.09359729200000011,0.026602249999999827,0.009960667000000534,0.0002799160000002132
2,2,20460508,5000,3,8.0,79725,476996,0.01907984,1.1442256660000005,0.19434891700000012,0,0.0,47.835,77.0,79920.01920000001,15.984003840000002,47.952011520000006,0.2498499699939988,1.152e-05,1.28e-06,sparse,Non-random,non_random,0.0,1.0,1.0,0.017525791999999818,0.03685733299999949,0.00012195800000025514,0.05020820800000081,0.0871966249999998,1.0,0.7865372465565891,1.4257620820000012,0.9742960000000025,0.11145874999999972,16.418434143066406,320.57421875,323.20703125,2.6328125,,,,,,,,,,,,,,,,,,,,,,,
2,2,20460508,5000,3,8.0,79725,476996,0.01907984,1.1442256660000005,0.19434891700000012,0,0.0,47.835,77.0,79920.01920000001,15.984003840000002,47.952011520000006,0.2498499699939988,1.152e-05,1.28e-06,sparse,Gaussian random projection,gaussian_random_projection,0.0,1.0,1.0,0.01673804099999998,0.3526709170000002,0.00021804199999930773,0.04237333300000046,0.39526679200000014,0.9999987804668736,0.7864924983927878,1.7338368750000006,3.972930999999999,0.4166621250000002,30.602526664733887,323.20703125,323.45703125,0.25,0.010504833999999796,0.2173820839999996,0.08903975000000042,0.026118832999999952,0.009283249999999299,0.0002814159999999788,,,,,,,,,,,,,,,,,
2,2,20460508,5000,3,8.0,79725,476996,0.01907984,1.1442256660000005,0.19434891700000012,0,0.0,47.835,77.0,79920.01920000001,15.984003840000002,47.952011520000006,0.2498499699939988,1.152e-05,1.28e-06,sparse,Random sampling,random_sampling,0.0,1.0,1.0,0.01706320900000069,0.05137533300000019,0.00010433300000034507,0.04816154199999989,0.09964583400000038,1.0573080505284207,0.860908224247576,1.438215791000001,1.2085620000000006,0.12079087499999996,21.107351303100586,323.45703125,323.5390625,0.08203125,,,,,,,0.017497083000000302,0.03385395899999999,240998.0,168469.0,0.7,333409.0,,,,,,,,,,,
2,2,20460508,5000,3,8.0,79725,476996,0.01907984,1.1442256660000005,0.19434891700000012,0,0.0,47.835,77.0,79920.01920000001,15.984003840000002,47.952011520000006,0.2498499699939988,1.152e-05,1.28e-06,sparse,CountSketch random projection,countsketch_random_projection,0.0,1.0,1.0,0.017152166999999885,0.31574987499999985,0.00020754099999997777,0.04340987500000004,0.3593736249999999,0.9999988004682328,0.7864833606382745,1.6979418740000005,4.015361000000002,0.3811250409999998,24.501863479614258,323.5390625,338.8828125,15.34375,,,,,,,,,,,,,0.0011714579999999586,162.0,16.0,45.0,0.0,0.00953612500000034,0.180106125,0.08946945900000003,0.02709333299999983,0.008139958000000114,0.00018062500000048942
2,3,20460509,5000,3,8.0,80106,478928,0.01915712,1.1361732920000005,0.18959949999999992,0,0.0,48.0636,77.0,79920.01920000001,15.984003840000002,47.952011520000006,0.2498499699939988,1.152e-05,1.28e-06,sparse,Non-random,non_random,0.0,1.0,1.0,0.017583000000000126,0.035129417000000274,0.000128583000000404,0.04682204200000051,0.08208741600000025,0.9999999999999997,0.7877800265894902,1.4078528340000016,0.969574999999999,0.10490575000000035,16.48419952392578,338.93359375,338.9375,0.00390625,,,,,,,,,,,,,,,,,,,,,,,
2,3,20460509,5000,3,8.0,80106,478928,0.01915712,1.1361732920000005,0.18959949999999992,0,0.0,48.0636,77.0,79920.01920000001,15.984003840000002,47.952011520000006,0.2498499699939988,1.152e-05,1.28e-06,sparse,Gaussian random projection,gaussian_random_projection,0.0,1.0,1.0,0.01722662500000105,0.34949999999999903,0.0003621249999987697,0.04050470800000028,0.39037358400000066,0.9999991142286042,0.7877251949398207,1.7161396249999985,4.033729000000001,0.4151921250000008,30.62463665008545,338.9375,358.59375,19.65625,0.009619292000000002,0.22011279100000003,0.0843641660000003,0.026847458000000657,0.008305082999999769,0.00019412500000015598,,,,,,,,,,,,,,,,,
2,3,20460509,5000,3,8.0,80106,478928,0.01915712,1.1361732920000005,0.18959949999999992,0,0.0,48.0636,77.0,79920.01920000001,15.984003840000002,47.952011520000006,0.2498499699939988,1.152e-05,1.28e-06,sparse,Random sampling,random_sampling,0.0,1.0,1.0,0.016874542000000048,0.052338791000000384,9.879200000106891e-05,0.04273179199999966,0.09517395800000017,1.0545693498821935,0.8601676428064149,1.4209421670000015,1.2468769999999978,0.11778995899999956,21.194272994995117,358.59375,362.25,3.65625,,,,,,,0.017774833999999018,0.034540208000001016,241964.0,169167.0,0.7,334847.0,,,,,,,,,,,
2,3,20460509,5000,3,8.0,80106,478928,0.01915712,1.1361732920000005,0.18959949999999992,0,0.0,48.0636,77.0,79920.01920000001,15.984003840000002,47.952011520000006,0.2498499699939988,1.152e-05,1.28e-06,sparse,CountSketch random projection,countsketch_random_projection,0.0,1.0,1.0,0.016764707999998407,0.3086194169999992,0.00020649999999911017,0.03939283400000093,0.3482235839999994,0.9999986077305794,0.7877363443675105,1.6739915429999996,3.818849,0.3690877910000001,24.523408889770508,362.25,362.27734375,0.02734375,,,,,,,,,,,,,0.0006173749999991429,162.0,15.0,47.0,0.0,0.006348750000000791,0.18186812499999938,0.0848393749999996,0.02614008300000137,0.008549374999999415,0.00021204199999935724
2,4,20460510,5000,3,8.0,79983,478150,0.019126,1.1998787909999997,0.1967475409999988,0,0.0,47.9898,78.0,79920.01920000001,15.984003840000002,47.952011520000006,0.2498499699939988,1.152e-05,1.28e-06,sparse,Non-random,non_random,0.0,1.0,1.0,0.01707566600000021,0.03510233299999932,0.0001572079999991871,0.04848654200000091,0.0837555830000003,1.0,0.7853508900054718,1.480372414999998,0.9499899999999997,0.10598375000000004,16.457489013671875,365.9765625,365.9765625,0.0,,,,,,,,,,,,,,,,,,,,,,,
2,4,20460510,5000,3,8.0,79983,478150,0.019126,1.1998787909999997,0.1967475409999988,0,0.0,47.9898,78.0,79920.01920000001,15.984003840000002,47.952011520000006,0.2498499699939988,1.152e-05,1.28e-06,sparse,Gaussian random projection,gaussian_random_projection,0.0,1.0,1.0,0.01682466699999985,0.33815408399999924,0.0003621660000003857,0.04312112500000076,0.3816440839999995,0.9999988734784331,0.7853039668115519,1.778263706999999,4.121808999999999,0.4047973339999995,30.61573314666748,365.9765625,377.29296875,11.31640625,0.009413792000000143,0.20794354199999887,0.08573787499999952,0.02629341599999968,0.008356208999998671,0.0003367080000007405,,,,,,,,,,,,,,,,,
2,4,20460510,5000,3,8.0,79983,478150,0.019126,1.1998787909999997,0.1967475409999988,0,0.0,47.9898,78.0,79920.01920000001,15.984003840000002,47.952011520000006,0.2498499699939988,1.152e-05,1.28e-06,sparse,Random sampling,random_sampling,0.0,1.0,1.0,0.01686366700000086,0.05199270800000022,9.908300000027737e-05,0.041590459000000024,0.09368725000000033,1.055526589772302,0.8571534278598683,1.490308581999999,1.1979579999999999,0.11470829199999955,21.193056106567383,377.29296875,377.31640625,0.0234375,,,,,,,0.017687833000000097,0.03427983300000115,241575.0,169368.0,0.7,335249.0,,,,,,,,,,,
2,4,20460510,5000,3,8.0,79983,478150,0.019126,1.1998787909999997,0.1967475409999988,0,0.0,47.9898,78.0,79920.01920000001,15.984003840000002,47.952011520000006,0.2498499699939988,1.152e-05,1.28e-06,sparse,CountSketch random projection,countsketch_random_projection,0.0,1.0,1.0,0.01787345799999862,0.30634533299999944,0.0002048329999997378,0.04327866700000094,0.3498335000000008,0.9999986721294897,0.7853083400913337,1.7464551649999986,3.8113620000000026,0.3718318749999998,24.51450538635254,377.31640625,381.4140625,4.09765625,,,,,,,,,,,,,0.0006225000000004144,162.0,17.0,46.0,0.0,0.00642312499999953,0.17974512500000017,0.08522079199999943,0.02597800000000028,0.008135000000001114,0.00017387499999976797
2,5,20460511,5000,3,8.0,79732,477040,0.0190816,1.1145147079999997,0.18407649999999975,0,0.0,47.8392,74.0,79920.01920000001,15.984003840000002,47.952011520000006,0.2498499699939988,1.152e-05,1.28e-06,sparse,Non-random,non_random,0.0,1.0,1.0,0.016705833999999697,0.03426941700000086,0.00011862499999892862,0.045807124999999616,0.08020233299999902,1.0000000000000004,0.7857279989536144,1.378786374999999,0.9548869999999994,0.10140166699999931,16.41938018798828,385.08203125,385.10546875,0.0234375,,,,,,,,,,,,,,,,,,,,,,,
2,5,20460511,5000,3,8.0,79732,477040,0.0190816,1.1145147079999997,0.18407649999999975,0,0.0,47.8392,74.0,79920.01920000001,15.984003840000002,47.952011520000006,0.2498499699939988,1.152e-05,1.28e-06,sparse,Gaussian random projection,gaussian_random_projection,0.0,1.0,1.0,0.016963207999999952,0.34726091599999975,0.00034208299999960445,0.04190433399999982,0.38951387500000045,0.9999988629907024,0.785681578476068,1.6880985409999987,4.112061000000011,0.41079387499999953,30.60303020477295,385.10546875,397.56640625,12.4609375,0.00971529199999921,0.21430320800000047,0.08833866700000037,0.02628937500000106,0.0083785840000008,0.0001806670000004118,,,,,,,,,,,,,,,,,
2,5,20460511,5000,3,8.0,79732,477040,0.0190816,1.1145147079999997,0.18407649999999975,0,0.0,47.8392,74.0,79920.01920000001,15.984003840000002,47.952011520000006,0.2498499699939988,1.152e-05,1.28e-06,sparse,Random sampling,random_sampling,0.0,1.0,1.0,0.017077916999999943,0.052822292000000104,9.933399999972892e-05,0.043852916999998826,0.09677912500000119,1.0542670730405006,0.855920583398242,1.3953657509999982,1.2161339999999967,0.11809958299999934,21.095937728881836,397.56640625,398.91796875,1.3515625,,,,,,,0.01800487500000081,0.03479508299999878,241020.0,168287.0,0.7,333081.0,,,,,,,,,,,
2,5,20460511,5000,3,8.0,79732,477040,0.0190816,1.1145147079999997,0.18407649999999975,0,0.0,47.8392,74.0,79920.01920000001,15.984003840000002,47.952011520000006,0.2498499699939988,1.152e-05,1.28e-06,sparse,CountSketch random projection,countsketch_random_projection,0.0,1.0,1.0,0.016822416000000118,0.30627620899999997,0.0003908330000008675,0.04074704199999957,0.3474203330000005,0.9999990040905212,0.785675437788342,1.646005292,3.8053270000000055,0.36841320900000163,24.501802444458008,398.91796875,399.17578125,0.2578125,,,,,,,,,,,,,0.0006261250000001439,162.0,19.0,44.0,0.0,0.0062256250000007896,0.17953320799999872,0.08547395799999968,0.025916332999999625,0.008246082999999516,0.00018679099999907578
2,6,20460512,5000,3,8.0,79828,477558,0.01910232,1.1203114579999998,0.1885963330000031,0,0.0,47.8968,73.0,79920.01920000001,15.984003840000002,47.952011520000006,0.2498499699939988,1.152e-05,1.28e-06,sparse,Non-random,non_random,0.0,1.0,1.0,0.016831708000001555,0.0339959169999986,0.00013733300000140503,0.04534566599999934,0.07948662500000125,1.0000000000000002,0.7866527865131082,1.3883867070000022,0.9799239999999969,0.10139675000000281,16.437164306640625,406.5,406.5,0.0,,,,,,,,,,,,,,,,,,,,,,,
2,6,20460512,5000,3,8.0,79828,477558,0.01910232,1.1203114579999998,0.1885963330000031,0,0.0,47.8968,73.0,79920.01920000001,15.984003840000002,47.952011520000006,0.2498499699939988,1.152e-05,1.28e-06,sparse,Gaussian random projection,gaussian_random_projection,0.0,1.0,1.0,0.016583999999998156,0.3429399999999987,0.000221959000000993,0.042435207999997004,0.3856019580000023,0.9999989534175082,0.7866059520458439,1.6945049579999996,4.043351999999999,0.40654699999999977,30.60895824432373,406.5,407.78125,1.28125,0.009428790999997716,0.2126029590000016,0.08563341700000038,0.02625933299999872,0.008680166999997851,0.0002830419999995115,,,,,,,,,,,,,,,,,
2,6,20460512,5000,3,8.0,79828,477558,0.01910232,1.1203114579999998,0.1885963330000031,0,0.0,47.8968,73.0,79920.01920000001,15.984003840000002,47.952011520000006,0.2498499699939988,1.152e-05,1.28e-06,sparse,Random sampling,random_sampling,0.0,1.0,1.0,0.017094542000002377,0.05280674999999846,0.00010395799999685096,0.04103525000000019,0.09395058299999803,1.0518992487376688,0.8561962360143708,1.4028537489999984,1.2170240000000092,0.11581545800000015,21.136425018310547,407.78125,407.79296875,0.01171875,,,,,,,0.01809866700000029,0.03468429200000145,241279.0,168702.0,0.7,333966.0,,,,,,,,,,,
2,6,20460512,5000,3,8.0,79828,477558,0.01910232,1.1203114579999998,0.1885963330000031,0,0.0,47.8968,73.0,79920.01920000001,15.984003840000002,47.952011520000006,0.2498499699939988,1.152e-05,1.28e-06,sparse,CountSketch random projection,countsketch_random_projection,0.0,1.0,1.0,0.016865958000000347,0.3073927920000017,0.00036349999999885085,0.04191787499999933,0.34968033299999846,0.9999988054848042,0.7865996275072805,1.6585819580000027,3.8797539999999913,0.3709139160000028,24.50773048400879,407.79296875,407.796875,0.00390625,,,,,,,,,,,,,0.0006096249999991699,162.0,19.0,46.0,0.0,0.006150124999997786,0.18098779099999973,0.08440979099999879,0.026349875000001077,0.008623291999999338,0.00019400000000047157
2,7,20460513,5000,3,8.0,80599,481934,0.01927736,1.1401107079999981,0.1849653329999974,0,0.0,48.3594,72.0,79920.01920000001,15.984003840000002,47.952011520000006,0.2498499699939988,1.152e-05,1.28e-06,sparse,Non-random,non_random,0.0,1.0,1.0,0.017338500000001034,0.03403437500000095,0.00012158299999853739,0.04269379200000145,0.0768564170000019,0.9999999999999999,0.7859268023696978,1.4019257909999965,0.963712000000001,0.09906649999999928,16.58740234375,407.796875,407.796875,0.0,,,,,,,,,,,,,,,,,,,,,,,
2,7,20460513,5000,3,8.0,80599,481934,0.01927736,1.1401107079999981,0.1849653329999974,0,0.0,48.3594,72.0,79920.01920000001,15.984003840000002,47.952011520000006,0.2498499699939988,1.152e-05,1.28e-06,sparse,Gaussian random projection,gaussian_random_projection,0.0,1.0,1.0,0.01667779099999933,0.3418166669999998,0.00020474999999819943,0.041805875000001436,0.3838321250000014,0.9999989841080318,0.7858586301867122,1.708903332999995,4.150402999999997,0.4050388749999989,30.659037590026855,407.796875,407.796875,0.0,0.010046708000000848,0.208425333000001,0.08726245799999788,0.026752124999998017,0.00909595899999971,0.00018349999999855982,,,,,,,,,,,,,,,,,
2,7,20460513,5000,3,8.0,80599,481934,0.01927736,1.1401107079999981,0.1849653329999974,0,0.0,48.3594,72.0,79920.01920000001,15.984003840000002,47.952011520000006,0.2498499699939988,1.152e-05,1.28e-06,sparse,Random sampling,random_sampling,0.0,1.0,1.0,0.016838249999999277,0.0513120839999992,9.987500000008254e-05,0.04529612500000013,0.09671258399999871,1.0547579924966959,0.8570858955600937,1.421784124999995,1.2441679999999877,0.11795337499999903,21.34793472290039,407.796875,407.80078125,0.00390625,,,,,,,0.017666667000000302,0.03362500000000068,243467.0,170522.0,0.7,337578.0,,,,,,,,,,,
2,7,20460513,5000,3,8.0,80599,481934,0.01927736,1.1401107079999981,0.1849653329999974,0,0.0,48.3594,72.0,79920.01920000001,15.984003840000002,47.952011520000006,0.2498499699939988,1.152e-05,1.28e-06,sparse,CountSketch random projection,countsketch_random_projection,0.0,1.0,1.0,0.017154083000001208,0.31561212500000124,0.000225291999999655,0.04127558300000089,0.35711804199999975,0.9999989168309572,0.7858744397857935,1.6821890409999973,3.9442159999999973,0.37850133300000266,24.557809829711914,407.80078125,407.8046875,0.00390625,,,,,,,,,,,,,0.0006229160000010836,162.0,18.0,43.0,0.0,0.006247166000001414,0.18844654100000113,0.08657325000000071,0.025815292000000767,0.007641291999998856,0.0002091659999976514
2,8,20460514,5000,3,8.0,79802,477200,0.019088,1.1230211249999975,0.1833180419999998,0,0.0,47.8812,76.0,79920.01920000001,15.984003840000002,47.952011520000006,0.2498499699939988,1.152e-05,1.28e-06,sparse,Non-random,non_random,0.0,1.0,1.0,0.01740208400000043,0.03476050000000086,0.00011616699999805746,0.046079875000000214,0.08096366700000246,0.9999999999999999,0.7843869436439875,1.3872957089999964,0.8794409999999999,0.10369633299999848,16.42487335205078,407.8828125,408.01171875,0.12890625,,,,,,,,,,,,,,,,,,,,,,,
2,8,20460514,5000,3,8.0,79802,477200,0.019088,1.1230211249999975,0.1833180419999998,0,0.0,47.8812,76.0,79920.01920000001,15.984003840000002,47.952011520000006,0.2498499699939988,1.152e-05,1.28e-06,sparse,Gaussian random projection,gaussian_random_projection,0.0,1.0,1.0,0.016867500000000035,0.3366904589999997,0.00023770800000022518,0.04090104099999792,0.3778341249999997,0.9999990142295541,0.7843331577382249,1.6841683749999952,3.9209069999999997,0.3994602500000006,30.60486125946045,408.01171875,414.203125,6.19140625,0.010160875000000402,0.20566179099999715,0.08554191700000047,0.026110334000001956,0.008857834000000508,0.00030612500000160026,,,,,,,,,,,,,,,,,
2,8,20460514,5000,3,8.0,79802,477200,0.019088,1.1230211249999975,0.1833180419999998,0,0.0,47.8812,76.0,79920.01920000001,15.984003840000002,47.952011520000006,0.2498499699939988,1.152e-05,1.28e-06,sparse,Random sampling,random_sampling,0.0,1.0,1.0,0.017060916999998454,0.08076275000000166,0.00012608399999791686,0.046154875000002704,0.12704941700000205,1.0588126095180945,0.8614629393821754,1.4333828759999996,1.4407469999999876,0.1498650409999982,21.137011528015137,414.203125,414.20703125,0.00390625,,,,,,,0.017709582999998474,0.06302454100000077,241100.0,168852.0,0.7,334159.0,,,,,,,,,,,
2,8,20460514,5000,3,8.0,79802,477200,0.019088,1.1230211249999975,0.1833180419999998,0,0.0,47.8812,76.0,79920.01920000001,15.984003840000002,47.952011520000006,0.2498499699939988,1.152e-05,1.28e-06,sparse,CountSketch random projection,countsketch_random_projection,0.0,1.0,1.0,0.01688941699999802,0.3086418749999993,0.00020712499999930856,0.040762332999999984,0.34961629100000025,0.9999990351879073,0.7843294865526128,1.6559504999999959,3.7128250000000094,0.37058233300000154,24.503633499145508,414.20703125,414.234375,0.02734375,,,,,,,,,,,,,0.0006064999999999543,162.0,16.0,51.0,0.0,0.006268208000001607,0.17945612500000152,0.08784416700000008,0.02586949999999888,0.008376334000001151,0.00017329199999949196
2,9,20460515,5000,3,8.0,79859,477614,0.01910456,1.1077995409999986,0.18187287499999982,0,0.0,47.9154,73.0,79920.01920000001,15.984003840000002,47.952011520000006,0.2498499699939988,1.152e-05,1.28e-06,sparse,Non-random,non_random,0.0,1.0,1.0,0.017172500000000923,0.03525195799999992,0.00012258399999964809,0.043627790999998695,0.07900979100000072,1.0,0.7839602271707853,1.3686747489999966,0.9646479999999968,0.10055249999999916,16.4390869140625,414.234375,414.234375,0.0,,,,,,,,,,,,,,,,,,,,,,,
2,9,20460515,5000,3,8.0,79859,477614,0.01910456,1.1077995409999986,0.18187287499999982,0,0.0,47.9154,73.0,79920.01920000001,15.984003840000002,47.952011520000006,0.2498499699939988,1.152e-05,1.28e-06,sparse,Gaussian random projection,gaussian_random_projection,0.0,1.0,1.0,0.017076792000001006,0.3447166250000002,0.0002479579999992154,0.0427933340000024,0.38776341599999853,0.9999990656160127,0.7839143445641958,1.6774303330000002,4.053602999999995,0.4091282079999985,30.609599113464355,414.234375,420.44921875,6.21484375,0.010398208000001574,0.20608608299999887,0.09139437500000014,0.026707916999999526,0.00975000000000037,0.00031991699999878165,,,,,,,,,,,,,,,,,
2,9,20460515,5000,3,8.0,79859,477614,0.01910456,1.1077995409999986,0.18187287499999982,0,0.0,47.9154,73.0,79920.01920000001,15.984003840000002,47.952011520000006,0.2498499699939988,1.152e-05,1.28e-06,sparse,Random sampling,random_sampling,0.0,1.0,1.0,0.01688895799999912,0.05173891600000147,9.98340000002429e-05,0.04332041700000033,0.09516349999999818,1.0510244718527946,0.85239388209612,1.3848315830000004,1.207053000000002,0.11618129100000019,21.14021873474121,420.44921875,420.44921875,0.0,,,,,,,0.017729207999998664,0.03398687500000008,241307.0,168740.0,0.7,334044.0,,,,,,,,,,,
2,9,20460515,5000,3,8.0,79859,477614,0.01910456,1.1077995409999986,0.18187287499999982,0,0.0,47.9154,73.0,79920.01920000001,15.984003840000002,47.952011520000006,0.2498499699939988,1.152e-05,1.28e-06,sparse,CountSketch random projection,countsketch_random_projection,0.0,1.0,1.0,0.017187041999999764,0.3042286670000003,0.0002193750000003547,0.03983566699999841,0.3442883750000014,0.999998888275324,0.7839195030153703,1.6339561249999974,3.784768000000014,0.3655658750000015,24.508371353149414,420.44921875,420.44921875,0.0,,,,,,,,,,,,,0.0006265419999991195,162.0,17.0,50.0,0.0,0.006224833000000984,0.17969275000000096,0.0836411659999996,0.02590379099999751,0.007888833000002649,0.00019845799999984592
2,10,20460516,5000,3,8.0,80039,478654,0.01914616,1.131280541999999,0.1855269160000006,0,0.0,48.0234,77.0,79920.01920000001,15.984003840000002,47.952011520000006,0.2498499699939988,1.152e-05,1.28e-06,sparse,Non-random,non_random,0.0,1.0,1.0,0.019117000000001383,0.03407608299999865,0.0001254579999994121,0.043325415999998285,0.07753424999999936,1.0000000000000002,0.786692303939771,1.3943344149999959,0.9512809999999945,0.10112904100000009,16.47479248046875,424.55078125,424.55078125,0.0,,,,,,,,,,,,,,,,,,,,,,,
2,10,20460516,5000,3,8.0,80039,478654,0.01914616,1.131280541999999,0.1855269160000006,0,0.0,48.0234,77.0,79920.01920000001,15.984003840000002,47.952011520000006,0.2498499699939988,1.152e-05,1.28e-06,sparse,Gaussian random projection,gaussian_random_projection,0.0,1.0,1.0,0.016580332999996727,0.340580291000002,0.0003586250000005009,0.0427884590000005,0.38373424999999983,0.9999989632732886,0.7866288145922243,1.7005348330000025,4.042472000000004,0.4049034589999998,30.621500968933105,424.55078125,437.12890625,12.578125,0.009343665999999473,0.21255049999999898,0.08377029100000044,0.026105416000000048,0.00850091699999922,0.00024554199999826665,,,,,,,,,,,,,,,,,
2,10,20460516,5000,3,8.0,80039,478654,0.01914616,1.131280541999999,0.1855269160000006,0,0.0,48.0234,77.0,79920.01920000001,15.984003840000002,47.952011520000006,0.2498499699939988,1.152e-05,1.28e-06,sparse,Random sampling,random_sampling,0.0,1.0,1.0,0.01672754099999807,0.051541625000002256,9.666600000102221e-05,0.0438547079999978,0.09549762499999659,1.060244436363486,0.8626389465167051,1.4123004570000006,1.1892310000000066,0.1163526250000011,21.220714569091797,437.12890625,437.17578125,0.046875,,,,,,,0.017706374999999497,0.03381095800000011,241827.0,169645.0,0.7,335736.0,,,,,,,,,,,
2,10,20460516,5000,3,8.0,80039,478654,0.01914616,1.131280541999999,0.1855269160000006,0,0.0,48.0234,77.0,79920.01920000001,15.984003840000002,47.952011520000006,0.2498499699939988,1.152e-05,1.28e-06,sparse,CountSketch random projection,countsketch_random_projection,0.0,1.0,1.0,0.01677187499999988,0.3057935409999999,0.00021354200000089918,0.041772832999999565,0.3477844579999996,0.999998760044379,0.7866445696214047,1.664587374,3.8601910000000146,0.36862800000000107,24.520273208618164,437.17578125,437.734375,0.55859375,,,,,,,,,,,,,0.0006040829999989228,162.0,17.0,45.0,0.0,0.006208916999998593,0.17895491599999858,0.08520654199999811,0.025998291000000506,0.00857520799999989,0.0001966250000009495
3,1,20560507,5000,3,8.0,50231,303784,0.01215136,0.7543499589999989,0.11371441600000054,0,0.0,30.1386,53.0,50311.728588800004,10.062345717760001,30.187037153280002,0.11097779555911182,1.152e-05,1.28e-06,sparse,Non-random,non_random,0.0002,0.999399999976,0.9984674336385791,0.018317125000002932,0.05622079199999774,0.0001316670000015563,0.05964812499999894,0.11600733299999888,1.0,0.6672646120806289,0.9840649589999977,1.3662860000000023,0.13752816600000273,10.471107482910156,437.734375,437.8125,0.078125,,,,,,,,,,,,,,,,,,,,,,,
3,1,20560507,5000,3,8.0,50231,303784,0.01215136,0.7543499589999989,0.11371441600000054,0,0.0,30.1386,53.0,50311.728588800004,10.062345717760001,30.187037153280002,0.11097779555911182,1.152e-05,1.28e-06,sparse,Gaussian random projection,gaussian_random_projection,0.0012,0.9964036034571487,0.9916576255300417,0.01685879199999718,0.28111637499999986,0.00023741700000101673,0.0590275420000026,0.34038583299999914,0.9999976857694923,0.6656540757822779,1.208445709000003,3.789272000000011,0.3602279579999994,28.777819633483887,437.8125,450.3359375,12.5234375,0.009433250000000726,0.15423595799999745,0.08845733300000092,0.019709708000000603,0.009014332999999652,0.0002193750000003547,,,,,,,,,,,,,,,,,
3,1,20560507,5000,3,8.0,50231,303784,0.01215136,0.7543499589999989,0.11371441600000054,0,0.0,30.1386,53.0,50311.728588800004,10.062345717760001,30.187037153280002,0.11097779555911182,1.152e-05,1.28e-06,sparse,Random sampling,random_sampling,0.006,0.9820847299955261,0.963862554026981,0.017066041999999726,0.06866841600000129,0.00011508299999718474,0.06328320800000142,0.1320712499999992,1.0597430233474259,0.7627359826660718,1.0001310819999993,1.5753909999999962,0.1520125830000012,13.51197624206543,450.3359375,450.50390625,0.16796875,,,,,,,0.011437416999999783,0.05720695800000186,154392.0,108015.0,0.7,212510.0,,,,,,,,,,,
3,1,20560507,5000,3,8.0,50231,303784,0.01215136,0.7543499589999989,0.11371441600000054,0,0.0,30.1386,53.0,50311.728588800004,10.062345717760001,30.187037153280002,0.11097779555911182,1.152e-05,1.28e-06,sparse,CountSketch random projection,countsketch_random_projection,0.001,0.9970010810328207,0.9925897572265608,0.017136791000002205,0.26222066700000113,0.00023600000000101318,0.05957429200000064,0.32203616700000026,0.9999970391753484,0.6655299230435964,1.1900953340000022,3.5780499999999904,0.34203325000000007,22.638444900512695,450.50390625,450.6796875,0.17578125,,,,,,,,,,,,,0.0006055410000023187,163.0,19.0,46.0,0.0,0.0035566250000016453,0.13569099999999779,0.09396791700000051,0.019552666999999246,0.008450249999999215,0.0003545000000002574
3,2,20560508,5000,3,8.0,49992,302306,0.01209224,0.7392150409999978,0.11319445899999891,0,0.0,29.9952,55.0,50311.728588800004,10.062345717760001,30.187037153280002,0.11097779555911182,1.152e-05,1.28e-06,sparse,Non-random,non_random,0.0004,0.998800180384414,0.9969349211745164,0.017458459000003757,0.05573041699999948,0.00014079200000338687,0.058819833000001154,0.11469783300000103,0.9999999999999992,0.6701393393302963,0.9671005420000007,1.3466889999999978,0.13524233300000077,10.420364379882812,450.6796875,450.6796875,0.0,,,,,,,,,,,,,,,,,,,,,,,
3,2,20560508,5000,3,8.0,49992,302306,0.01209224,0.7392150409999978,0.11319445899999891,0,0.0,29.9952,55.0,50311.728588800004,10.062345717760001,30.187037153280002,0.11097779555911182,1.152e-05,1.28e-06,sparse,Gaussian random projection,gaussian_random_projection,0.0014,0.9958018045874661,0.9901245088990102,0.01689724999999953,0.2734947910000045,0.0002227080000025694,0.05487487500000299,0.32859708299999824,0.9999969336619556,0.6684513285215372,1.1810018740000068,3.6634670000000256,0.34845058300000176,28.760905265808105,450.6796875,450.6796875,0.0,0.009467166000000304,0.1498061249999978,0.08725583400000403,0.019267249999998626,0.007477833999999461,0.00018525000000124692,,,,,,,,,,,,,,,,,
3,2,20560508,5000,3,8.0,49992,302306,0.01209224,0.7392150409999978,0.11319445899999891,0,0.0,29.9952,55.0,50311.728588800004,10.062345717760001,30.187037153280002,0.11097779555911182,1.152e-05,1.28e-06,sparse,Random sampling,random_sampling,0.004,0.9880304439176907,0.9739436326198097,0.016740375000004803,0.06879179100000243,0.00010808300000064719,0.06644462500000259,0.13534954099999652,1.0592703271734631,0.7603495770089185,0.9877539990000024,1.6049649999999929,0.15497125000000267,13.456056594848633,450.6796875,450.6796875,0.0,,,,,,,0.011411375000001556,0.057356124999998315,153653.0,107618.0,0.7,211739.0,,,,,,,,,,,
3,2,20560508,5000,3,8.0,49992,302306,0.01209224,0.7392150409999978,0.11319445899999891,0,0.0,29.9952,55.0,50311.728588800004,10.062345717760001,30.187037153280002,0.11097779555911182,1.152e-05,1.28e-06,sparse,CountSketch random projection,countsketch_random_projection,0.001,0.9970018034820842,0.9929373811756004,0.017074000000000922,0.25231595799999695,0.00038329099999856453,0.055680707999997026,0.30838587499999903,0.9999970905403172,0.6686458176071881,1.1607894569999893,3.457929000000007,0.3283117080000011,22.621530532836914,450.6796875,450.69140625,0.01171875,,,,,,,,,,,,,0.0006086250000052473,163.0,19.0,49.0,0.0,0.0035645829999992884,0.1288646249999985,0.09060358400000013,0.019907125000003134,0.008491791000004412,0.00020966700000002447
3,3,20560509,5000,3,8.0,50845,307398,0.01229592,0.7686696670000046,0.11419570900000053,0,0.0,30.507,51.0,50311.728588800004,10.062345717760001,30.187037153280002,0.11097779555911182,1.152e-05,1.28e-06,sparse,Non-random,non_random,0.0,1.0,1.0,0.017420583000003376,0.05443170900000638,0.00013283399999863832,0.06024891699999557,0.11482079200000328,0.9999999999999991,0.6711056167607198,0.9976788360000057,1.3576910000000169,0.13533458399999887,10.595184326171875,450.69140625,450.69140625,0.0,,,,,,,,,,,,,,,,,,,,,,,
3,3,20560509,5000,3,8.0,50845,307398,0.01229592,0.7686696670000046,0.11419570900000053,0,0.0,30.507,51.0,50311.728588800004,10.062345717760001,30.187037153280002,0.11097779555911182,1.152e-05,1.28e-06,sparse,Gaussian random projection,gaussian_random_projection,0.0004,0.998799999952,0.9969348672771586,0.018384832999998935,0.2809102920000015,0.00023933299999612245,0.05903670900000435,0.34019100000000435,0.9999973397280708,0.6696315833080498,1.2230517100000071,3.7702670000000182,0.36159695900000344,28.819178581237793,450.69140625,450.69140625,0.0,0.009331833000004508,0.15604937500000204,0.08567291700000368,0.01981708400000315,0.009793209000001468,0.00020583300000254212,,,,,,,,,,,,,,,,,
3,3,20560509,5000,3,8.0,50845,307398,0.01229592,0.7686696670000046,0.11419570900000053,0,0.0,30.507,51.0,50311.728588800004,10.062345717760001,30.187037153280002,0.11097779555911182,1.152e-05,1.28e-06,sparse,Random sampling,random_sampling,0.0034,0.9898230488126099,0.9773274936963611,0.01693283299999848,0.07161520800000432,0.0001666660000054776,0.062224083000003816,0.13401141700000352,1.0588146511879235,0.7645694541418356,1.0168713330000188,1.625756999999993,0.15385987500000198,13.677257537841797,450.69140625,450.6953125,0.00390625,,,,,,,0.011572749999999132,0.06000800000000339,156199.0,109370.0,0.7,215231.0,,,,,,,,,,,
3,3,20560509,5000,3,8.0,50845,307398,0.01229592,0.7686696670000046,0.11419570900000053,0,0.0,30.507,51.0,50311.728588800004,10.062345717760001,30.187037153280002,0.11097779555911182,1.152e-05,1.28e-06,sparse,CountSketch random projection,countsketch_random_projection,0.0006,0.9982005402522053,0.995402464606113,0.017151874999996153,0.2535334579999997,0.00038604200000236233,0.05445399999999978,0.3083795000000009,0.9999969736265082,0.6696073373401593,1.191238876000007,3.4588030000000174,0.3283990839999973,22.6798038482666,450.6953125,450.703125,0.0078125,,,,,,,,,,,,,0.0006080830000030346,163.0,18.0,45.0,0.0,0.0036879580000004353,0.12980883300000556,0.0900643750000043,0.020001957999994602,0.009014500000006365,0.0002666250000018522
3,4,20560510,5000,3,8.0,50284,304032,0.01216128,0.7853838750000008,0.13329162500000535,0,0.0,30.1704,52.0,50311.728588800004,10.062345717760001,30.187037153280002,0.11097779555911182,1.152e-05,1.28e-06,sparse,Non-random,non_random,0.0006,0.9982003607207199,0.9956546715661859,0.01807141700000159,0.061255457999997986,0.0002211250000030418,0.08029562499999798,0.14178454099999982,0.9999999999999997,0.6688265610174091,1.0604477080000052,1.3150520000000085,0.16357541600000047,10.479621887207031,450.71875,450.7265625,0.0078125,,,,,,,,,,,,,,,,,,,,,,,
3,4,20560510,5000,3,8.0,50284,304032,0.01216128,0.7853838750000008,0.13329162500000535,0,0.0,30.1704,52.0,50311.728588800004,10.062345717760001,30.187037153280002,0.11097779555911182,1.152e-05,1.28e-06,sparse,Gaussian random projection,gaussian_random_projection,0.0004,0.998799999952,0.9969348672771591,0.017691583999997818,0.28492375000000436,0.0003788750000026653,0.05753887499999877,0.34284749999999775,0.9999977246194148,0.6672896979113822,1.261517000000012,3.6572699999999827,0.3636353750000012,28.78065776824951,450.7265625,450.7265625,0.0,0.009494875000001457,0.1520441250000033,0.09157716600000043,0.021876750000004108,0.009478708999999697,0.0003693330000018591,,,,,,,,,,,,,,,,,
3,4,20560510,5000,3,8.0,50284,304032,0.01216128,0.7853838750000008,0.13329162500000535,0,0.0,30.1704,52.0,50311.728588800004,10.062345717760001,30.187037153280002,0.11097779555911182,1.152e-05,1.28e-06,sparse,Random sampling,random_sampling,0.0058,0.982670475136366,0.964506377151666,0.016921791000001463,0.07154733400000168,0.00011045899999828634,0.06857570900000098,0.14023795800000016,1.0567447783121553,0.7587968775656071,1.0589090020000071,1.6299270000000092,0.16021154099999535,13.530777931213379,450.7265625,450.7265625,0.0,,,,,,,0.011536042000003022,0.05998620900000162,154516.0,108202.0,0.7,212919.0,,,,,,,,,,,
3,4,20560510,5000,3,8.0,50284,304032,0.01216128,0.7853838750000008,0.13329162500000535,0,0.0,30.1704,52.0,50311.728588800004,10.062345717760001,30.187037153280002,0.11097779555911182,1.152e-05,1.28e-06,sparse,CountSketch random projection,countsketch_random_projection,0.0012,0.9964023410085868,0.9910575744161888,0.017587209000005544,0.2651831250000001,0.00024312500000434056,0.05788274999999743,0.3233139999999963,0.999997454275673,0.6670177490871715,1.241984500000008,3.4903389999999774,0.34390320900000404,22.64128303527832,450.7265625,450.7265625,0.0,,,,,,,,,,,,,0.0006197090000057415,163.0,18.0,55.0,0.0,0.0035753749999969386,0.14091095900000283,0.09084204200000556,0.019977457999999615,0.008995667000000651,0.00020879099999859818
3,5,20560511,5000,3,8.0,49997,302364,0.01209456,0.745543167000001,0.11342541700000197,0,0.0,29.9982,52.0,50311.728588800004,10.062345717760001,30.187037153280002,0.11097779555911182,1.152e-05,1.28e-06,sparse,Non-random,non_random,0.0008,0.997601080624432,0.9943745870662383,0.017213832999999568,0.05721450000000061,0.00013033399999784478,0.0568656660000002,0.11421779199999804,1.0000000000000004,0.6676208458212086,0.9731790840000016,1.3174180000000035,0.13472841700000515,10.422355651855469,450.734375,450.734375,0.0,,,,,,,,,,,,,,,,,,,,,,,
3,5,20560511,5000,3,8.0,49997,302364,0.01209456,0.745543167000001,0.11342541700000197,0,0.0,29.9982,52.0,50311.728588800004,10.062345717760001,30.187037153280002,0.11097779555911182,1.152e-05,1.28e-06,sparse,Gaussian random projection,gaussian_random_projection,0.0008,0.9976001812734939,0.9941220493004859,0.017321041999998954,0.28292179199999623,0.00023466600000432436,0.05915566700000596,0.34231741700000384,0.9999968949285023,0.6658816623447329,1.2012807090000095,3.725986999999975,0.3626369170000032,28.761569023132324,450.734375,450.734375,0.0,0.0093846250000027,0.15807566699999853,0.08524454199999809,0.021074833000000126,0.00889179100000348,0.0002010410000039542,,,,,,,,,,,,,,,,,
3,5,20560511,5000,3,8.0,49997,302364,0.01209456,0.745543167000001,0.11342541700000197,0,0.0,29.9982,52.0,50311.728588800004,10.062345717760001,30.187037153280002,0.11097779555911182,1.152e-05,1.28e-06,sparse,Random sampling,random_sampling,0.0038,0.9886288520550396,0.9758400726199404,0.017124166999998636,0.09524554200000068,0.00011841599999939945,0.06463541699999809,0.16000391600000086,1.0586208020651053,0.7602395371968781,1.0189679590000011,1.8759429999999782,0.18007183299999951,13.470088958740234,450.734375,450.734375,0.0,,,,,,,0.011424791999999684,0.08379670800000127,153682.0,107794.0,0.7,212099.0,,,,,,,,,,,
3,5,20560511,5000,3,8.0,49997,302364,0.01209456,0.745543167000001,0.11342541700000197,0,0.0,29.9982,52.0,50311.728588800004,10.062345717760001,30.187037153280002,0.11097779555911182,1.152e-05,1.28e-06,sparse,CountSketch random projection,countsketch_random_projection,0.001,0.9970010810328207,0.9925897572265605,0.01710791699999703,0.2595847919999983,0.00022891599999752543,0.06036075000000096,0.32017904099999583,0.9999969869060213,0.6660188495162792,1.1791430419999998,3.5317850000000135,0.3402079579999935,22.622194290161133,450.734375,450.734375,0.0,,,,,,,,,,,,,0.0006181250000025784,163.0,17.0,46.0,0.0,0.0035487920000036866,0.13939912500000418,0.08857387500000158,0.019657500000000994,0.007559665999998799,0.0001797919999972919
3,6,20560512,5000,3,8.0,50130,303224,0.01212896,0.7521903330000015,0.11706087499999995,0,0.0,30.078,52.0,50311.728588800004,10.062345717760001,30.187037153280002,0.11097779555911182,1.152e-05,1.28e-06,sparse,Non-random,non_random,0.0002,0.999399819940018,0.9984673789514549,0.01706349999999901,0.05747508299999993,0.0001439589999989721,0.05998195899999814,0.11760820900000368,1.0,0.6699268754585355,0.9868522089999985,1.346539999999976,0.13780654199999987,10.451881408691406,450.76171875,450.76171875,0.0,,,,,,,,,,,,,,,,,,,,,,,
3,6,20560512,5000,3,8.0,50130,303224,0.01212896,0.7521903330000015,0.11706087499999995,0,0.0,30.078,52.0,50311.728588800004,10.062345717760001,30.187037153280002,0.11097779555911182,1.152e-05,1.28e-06,sparse,Gaussian random projection,gaussian_random_projection,0.0006,0.998200360072072,0.9954024101881654,0.017582875000002218,0.28819691599999686,0.00023587500000132877,0.05954866699999428,0.34798679100000385,0.9999973438623776,0.6681989663776235,1.217232665999994,3.757795999999985,0.3686391250000014,28.771410942077637,450.76171875,450.76171875,0.0,0.009538125000005948,0.16123233299999384,0.08895458300000314,0.019988916999999162,0.008222249999995768,0.00021183300000160443,,,,,,,,,,,,,,,,,
3,6,20560512,5000,3,8.0,50130,303224,0.01212896,0.7521903330000015,0.11706087499999995,0,0.0,30.078,52.0,50311.728588800004,10.062345717760001,30.187037153280002,0.11097779555911182,1.152e-05,1.28e-06,sparse,Random sampling,random_sampling,0.0044,0.9868416095499905,0.9725898358682536,0.016940957999999284,0.07109504099999953,0.00010608299999859128,0.06402983299999931,0.13523558400000013,1.0548574275692164,0.7600220943153138,1.0044821649999989,1.6149130000000014,0.15520645899999863,13.475056648254395,450.76171875,450.76171875,0.0,,,,,,,0.011436750000001439,0.05963700000000216,154112.0,107622.0,0.7,211776.0,,,,,,,,,,,
3,6,20560512,5000,3,8.0,50130,303224,0.01212896,0.7521903330000015,0.11706087499999995,0,0.0,30.078,52.0,50311.728588800004,10.062345717760001,30.187037153280002,0.11097779555911182,1.152e-05,1.28e-06,sparse,CountSketch random projection,countsketch_random_projection,0.0008,0.997601080624432,0.9941223244661187,0.016993541999994477,0.2586359159999958,0.0003560409999963099,0.05442754199999911,0.3134252090000018,0.9999973930963894,0.6685200698718291,1.1826707069999927,3.4249790000000075,0.333375249999996,22.632036209106445,450.76171875,450.76953125,0.0078125,,,,,,,,,,,,,0.0006415829999966149,163.0,14.0,46.0,0.0,0.0036894580000037536,0.13630908300000044,0.08782183299999957,0.020137666000003662,0.009749042000002817,0.00021541599999608252
3,7,20560513,5000,3,8.0,50219,303756,0.01215024,0.7494092499999994,0.11618237500000106,0,0.0,30.1314,53.0,50311.728588800004,10.062345717760001,30.187037153280002,0.11097779555911182,1.152e-05,1.28e-06,sparse,Non-random,non_random,0.0004,0.998800180384414,0.9969349211745167,0.018267459000000486,0.05703608299999985,0.0001298329999954717,0.05993379099999885,0.11710641700000224,0.9999999999999989,0.6694262853498364,0.9826913319999946,1.350137999999987,0.138441291999996,10.470146179199219,450.76953125,450.76953125,0.0,,,,,,,,,,,,,,,,,,,,,,,
3,7,20560513,5000,3,8.0,50219,303756,0.01215024,0.7494092499999994,0.11618237500000106,0,0.0,30.1314,53.0,50311.728588800004,10.062345717760001,30.187037153280002,0.11097779555911182,1.152e-05,1.28e-06,sparse,Gaussian random projection,gaussian_random_projection,0.0004,0.998800180384414,0.9969349211745167,0.0171387080000045,0.2787903749999998,0.00023300000000148202,0.0596375000000009,0.33866579200000047,0.9999969628077574,0.6676382034357138,1.2042525000000026,3.6995370000000207,0.3589529159999998,28.777499198913574,450.76953125,457.33984375,6.5703125,0.009650166000000127,0.15187654100000003,0.08855512499999918,0.020480458000001533,0.007993583000001081,0.00018937500000504315,,,,,,,,,,,,,,,,,
3,7,20560513,5000,3,8.0,50219,303756,0.01215024,0.7494092499999994,0.11618237500000106,0,0.0,30.1314,53.0,50311.728588800004,10.062345717760001,30.187037153280002,0.11097779555911182,1.152e-05,1.28e-06,sparse,Random sampling,random_sampling,0.0054,0.9838573049273298,0.9663286754527454,0.017402791999998612,0.07062495899999988,0.00018845900000030724,0.06504212499999795,0.13586175000000367,1.0583762220883715,0.7609957199526567,1.0014471679999986,1.5880810000000167,0.15620562499999835,13.522829055786133,457.33984375,457.33984375,0.0,,,,,,,0.01157437499999503,0.05901137500000431,154378.0,108173.0,0.7,212841.0,,,,,,,,,,,
3,7,20560513,5000,3,8.0,50219,303756,0.01215024,0.7494092499999994,0.11618237500000106,0,0.0,30.1314,53.0,50311.728588800004,10.062345717760001,30.187037153280002,0.11097779555911182,1.152e-05,1.28e-06,sparse,CountSketch random projection,countsketch_random_projection,0.0008,0.9976003617778857,0.9941221030711908,0.017130040999994378,0.2576420420000005,0.00039670900000032816,0.05835916600000246,0.31640391700000237,0.9999972751931195,0.667644840665882,1.1819895420000037,3.4069080000000156,0.336446500000001,22.638124465942383,457.33984375,457.34375,0.00390625,,,,,,,,,,,,,0.000605417000002717,163.0,17.0,43.0,0.0,0.0035570420000041736,0.13085462499999778,0.09255179200000185,0.01985379199999926,0.009912874999997712,0.00023533299999911605
3,8,20560514,5000,3,8.0,50036,302552,0.01210208,0.7641840419999966,0.11603316699999766,0,0.0,30.0216,54.0,50311.728588800004,10.062345717760001,30.187037153280002,0.11097779555911182,1.152e-05,1.28e-06,sparse,Non-random,non_random,0.001,0.9970010806725185,0.9923374952715333,0.017371458999996037,0.05676366600000193,0.000129624999999578,0.05868208300000077,0.11558304100000072,0.9999999999999993,0.6689863573817917,0.9957925829999965,1.335538999999983,0.1360876669999982,10.428810119628906,457.34375,457.34375,0.0,,,,,,,,,,,,,,,,,,,,,,,
3,8,20560514,5000,3,8.0,50036,302552,0.01210208,0.7641840419999966,0.11603316699999766,0,0.0,30.0216,54.0,50311.728588800004,10.062345717760001,30.187037153280002,0.11097779555911182,1.152e-05,1.28e-06,sparse,Gaussian random projection,gaussian_random_projection,0.0012,0.99640216158495,0.9914049279900137,0.017231332999998017,0.27452129200000286,0.0003792500000017185,0.05691762500000408,0.33182387499999777,0.9999973526927105,0.6668449706774786,1.2120353760000029,3.632251000000025,0.3521110419999971,28.763720512390137,457.34375,457.34375,0.0,0.009351125000002014,0.14928170900000026,0.08720412499999952,0.019533000000002687,0.008753458000001046,0.00032716700000179344,,,,,,,,,,,,,,,,,
3,8,20560514,5000,3,8.0,50036,302552,0.01210208,0.7641840419999966,0.11603316699999766,0,0.0,30.0216,54.0,50311.728588800004,10.062345717760001,30.187037153280002,0.11097779555911182,1.152e-05,1.28e-06,sparse,Random sampling,random_sampling,0.006,0.9820738848113897,0.9635672217300226,0.017142082999995978,0.07063025000000067,0.0001091669999979672,0.06293470800000023,0.1336796249999992,1.057885300665342,0.763456490485816,1.013891333999993,1.5726209999999696,0.15376308400000482,13.447938919067383,457.34375,457.34375,0.0,,,,,,,0.011639250000001766,0.05896574999999871,153776.0,107435.0,0.7,211366.0,,,,,,,,,,,
3,8,20560514,5000,3,8.0,50036,302552,0.01210208,0.7641840419999966,0.11603316699999766,0,0.0,30.0216,54.0,50311.728588800004,10.062345717760001,30.187037153280002,0.11097779555911182,1.152e-05,1.28e-06,sparse,CountSketch random projection,countsketch_random_projection,0.0012,0.9964019808645365,0.9910574650781269,0.01735454199999964,0.2553946660000008,0.00023683300000243435,0.056666915999997514,0.31230304199999637,0.999996955180604,0.6673787790836326,1.192515623999995,3.3553339999999707,0.33261170899999826,22.624345779418945,457.34375,457.34375,0.0,,,,,,,,,,,,,0.000624041999998326,163.0,18.0,44.0,0.0,0.0035622500000016544,0.13053312499999947,0.09120887499999952,0.019892749999996795,0.009320125000002122,0.00020600000000570162
3,9,20560515,5000,3,8.0,50500,305434,0.01221736,0.7663597089999996,0.1166797079999995,0,0.0,30.3,53.0,50311.728588800004,10.062345717760001,30.187037153280002,0.11097779555911182,1.152e-05,1.28e-06,sparse,Non-random,non_random,0.001,0.9970009011409898,0.9925897020864111,0.016971624999996493,0.058488625000002514,0.00015091699999914,0.06415945899999542,0.12280674999999519,0.9999999999999993,0.6682523502080977,1.0058384179999962,1.3911469999999895,0.14300383300000163,10.527755737304688,457.34375,457.34375,0.0,,,,,,,,,,,,,,,,,,,,,,,
3,9,20560515,5000,3,8.0,50500,305434,0.01221736,0.7663597089999996,0.1166797079999995,0,0.0,30.3,53.0,50311.728588800004,10.062345717760001,30.187037153280002,0.11097779555911182,1.152e-05,1.28e-06,sparse,Gaussian random projection,gaussian_random_projection,0.0014,0.9958028814888351,0.9897774339731775,0.018368833000003804,0.28100633300000055,0.00024833300000182135,0.057117458000000454,0.33837691699999795,0.9999975241433863,0.6668825759106138,1.221411541000002,3.7076149999999757,0.36026241600000475,28.79670238494873,457.34375,457.34375,0.0,0.009346291999996481,0.15380508299999462,0.08796587500000186,0.0203574169999996,0.009275457999997627,0.00021387500000003,,,,,,,,,,,,,,,,,
3,9,20560515,5000,3,8.0,50500,305434,0.01221736,0.7663597089999996,0.1166797079999995,0,0.0,30.3,53.0,50311.728588800004,10.062345717760001,30.187037153280002,0.11097779555911182,1.152e-05,1.28e-06,sparse,Random sampling,random_sampling,0.0048,0.9856493874378129,0.9701540206430408,0.019794208999996954,0.09757425000000097,0.00012620799999751853,0.0669533750000042,0.16466399999999481,1.059386357169806,0.7617021496884432,1.0476932500000018,1.9280689999999936,0.18736549999999852,13.596715927124023,457.34375,457.37890625,0.03515625,,,,,,,0.011610375000003614,0.08593625000000316,155217.0,108770.0,0.7,214017.0,,,,,,,,,,,
3,9,20560515,5000,3,8.0,50500,305434,0.01221736,0.7663597089999996,0.1166797079999995,0,0.0,30.3,53.0,50311.728588800004,10.062345717760001,30.187037153280002,0.11097779555911182,1.152e-05,1.28e-06,sparse,CountSketch random projection,countsketch_random_projection,0.0006,0.998200540684594,0.995654726374031,0.01743179199999645,0.2600621249999975,0.00039950000000033015,0.06139520899999695,0.32186395800000156,0.9999973106294702,0.666474516181906,1.2048962509999939,3.5124759999999924,0.3423203749999999,22.65732765197754,457.37890625,457.37890625,0.0,,,,,,,,,,,,,0.0006224169999953233,163.0,14.0,44.0,0.0,0.0036049169999969877,0.13641687500000188,0.09059012499999852,0.020689874999995084,0.007685874999999953,0.0003735829999982343
3,10,20560516,5000,3,8.0,50191,303504,0.01214016,0.7512248749999983,0.1153263749999951,0,0.0,30.1146,55.0,50311.728588800004,10.062345717760001,30.187037153280002,0.11097779555911182,1.152e-05,1.28e-06,sparse,Non-random,non_random,0.0008,0.997601081777295,0.9943745848697844,0.017642874999999947,0.06028162500000178,0.0001402080000048045,0.058442958000000544,0.11887195799999972,0.9999999999999994,0.6675396907483263,0.9854160410000006,1.3467200000000048,0.13975762499999433,10.461494445800781,457.42578125,457.42578125,0.0,,,,,,,,,,,,,,,,,,,,,,,
3,10,20560516,5000,3,8.0,50191,303504,0.01214016,0.7512248749999983,0.1153263749999951,0,0.0,30.1146,55.0,50311.728588800004,10.062345717760001,30.187037153280002,0.11097779555911182,1.152e-05,1.28e-06,sparse,Gaussian random projection,gaussian_random_projection,0.0012,0.9964021620172088,0.9913097802553122,0.019790917000001684,0.2811249579999995,0.000367582999999172,0.05844733400000024,0.33994662499999606,0.9999974286797432,0.6663479340235664,1.2064911249999923,3.6442649999999617,0.36277354199999934,28.77461528778076,457.42578125,457.43359375,0.0078125,0.009489457999997342,0.1546055000000024,0.0855328750000055,0.02060250000000252,0.010438042000004089,0.00038424999999620013,,,,,,,,,,,,,,,,,
3,10,20560516,5000,3,8.0,50191,303504,0.01214016,0.7512248749999983,0.1153263749999951,0,0.0,30.1146,55.0,50311.728588800004,10.062345717760001,30.187037153280002,0.11097779555911182,1.152e-05,1.28e-06,sparse,Random sampling,random_sampling,0.0038,0.9886309733001155,0.9752241210896048,0.01738683399999985,0.07336912499999926,0.00010941600000080598,0.06480412500000199,0.13828750000000412,1.0579440331233854,0.7558615027090368,1.0048339159999955,1.5663750000000505,0.15862795799999674,13.505794525146484,457.43359375,457.43359375,0.0,,,,,,,0.012114625000002377,0.06122708299999857,154252.0,108001.0,0.7,212492.0,,,,,,,,,,,
3,10,20560516,5000,3,8.0,50191,303504,0.01214016,0.7512248749999983,0.1153263749999951,0,0.0,30.1146,55.0,50311.728588800004,10.062345717760001,30.187037153280002,0.11097779555911182,1.152e-05,1.28e-06,sparse,CountSketch random projection,countsketch_random_projection,0.001,0.997001081753425,0.992589755870669,0.01732220800000306,0.26620070900000314,0.00037874999999587544,0.056700082999995516,0.32328641600000196,0.9999971862785587,0.6655957021074672,1.189830791999988,3.52642800000001,0.34346124999999716,22.63524055480957,457.43359375,457.44140625,0.0078125,,,,,,,,,,,,,0.0005974580000014384,163.0,17.0,47.0,0.0,0.0035645829999992884,0.1434608329999989,0.0894155000000012,0.01987404199999787,0.008980209000000627,0.00023862500000149112
4,1,20660507,5000,3,8.0,39948,243152,0.00972608,0.6206261669999975,0.09046795800000496,0,0.0,23.9688,43.0,39952.0192,7.990403840000001,23.97121152,0.0623875075135075,1.152e-05,1.28e-06,sparse,Non-random,non_random,0.0294,0.9231037608368152,0.8813888063420544,0.017906625000001952,0.07674479100000298,0.0001328330000021083,0.07949449999999558,0.15638120900000274,0.9999999999999996,0.5975206329220695,0.8674662490000031,1.7407400000000166,0.17705995799999386,8.389472961425781,457.44140625,457.44140625,0.0,,,,,,,,,,,,,,,,,,,,,,,
4,1,20660507,5000,3,8.0,39948,243152,0.00972608,0.6206261669999975,0.09046795800000496,0,0.0,23.9688,43.0,39952.0192,7.990403840000001,23.97121152,0.0623875075135075,1.152e-05,1.28e-06,sparse,Gaussian random projection,gaussian_random_projection,0.0568,0.8542138250984904,0.7986555582597878,0.01717125000000408,0.24809904199999977,0.00026033299999994597,0.08034554200000343,0.32871029100000015,0.9999943545616734,0.5859191925774254,1.0397990420000056,3.523850999999979,0.34862637500000204,28.2415189743042,457.44140625,470.0,12.55859375,0.01037016699999782,0.11581954100000047,0.09640383400000019,0.015466000000003532,0.009727374999997096,0.00025554199999788807,,,,,,,,,,,,,,,,,
4,1,20660507,5000,3,8.0,39948,243152,0.00972608,0.6206261669999975,0.09046795800000496,0,0.0,23.9688,43.0,39952.0192,7.990403840000001,23.97121152,0.0623875075135075,1.152e-05,1.28e-06,sparse,Random sampling,random_sampling,0.0952,0.7620463550049819,0.6989473603957793,0.01721874999999784,0.13648508400000026,0.00012304199999846333,0.09489858299999554,0.23151112500000437,1.0614597194068838,0.7116859743094047,0.9426008339999967,2.6110760000000255,0.25116387500000315,10.877912521362305,470.0,470.0,0.0,,,,,,,0.00930850000000305,0.127153916999994,124076.0,87191.0,0.7,170901.0,,,,,,,,,,,
4,1,20660507,5000,3,8.0,39948,243152,0.00972608,0.6206261669999975,0.09046795800000496,0,0.0,23.9688,43.0,39952.0192,7.990403840000001,23.97121152,0.0623875075135075,1.152e-05,1.28e-06,sparse,CountSketch random projection,countsketch_random_projection,0.062,0.841383948325579,0.7840653273966613,0.017241125000005297,0.2254742080000014,0.0002469160000018178,0.0812519169999959,0.30697825000000023,0.9999940495278781,0.584388579713532,1.0180671660000016,3.3507809999999836,0.3273822910000064,22.063997268676758,470.0,473.38671875,3.38671875,,,,,,,,,,,,,0.001088291000002073,164.0,15.0,46.0,0.0,0.004118583000000342,0.10245437500000065,0.09307470800000317,0.01544674999999529,0.009015708999996264,0.00022008300000209147
4,2,20660508,5000,3,8.0,39729,241836,0.00967344,0.6225286250000011,0.09000908300000532,0,0.0,23.8374,44.0,39952.0192,7.990403840000001,23.97121152,0.0623875075135075,1.152e-05,1.28e-06,sparse,Non-random,non_random,0.027,0.92927858461052,0.8898302899749947,0.017307457999997666,0.07691700000000168,0.00013766599999343043,0.07710991599999772,0.1541714999999968,0.9999999999999999,0.5991614357967948,0.8667022899999992,1.6687200000000075,0.17416870899999992,8.344291687011719,473.38671875,473.38671875,0.0,,,,,,,,,,,,,,,,,,,,,,,
4,2,20660508,5000,3,8.0,39729,241836,0.00967344,0.6225286250000011,0.09000908300000532,0,0.0,23.8374,44.0,39952.0192,7.990403840000001,23.97121152,0.0623875075135075,1.152e-05,1.28e-06,sparse,Gaussian random projection,gaussian_random_projection,0.055,0.858631085715703,0.8034731606001028,0.017759790999996028,0.23675070900000605,0.0004111669999957712,0.08546837500000493,0.3226364160000017,0.999994780744705,0.5864548679918726,1.0351679590000131,3.4945559999999887,0.34305241699999556,28.22645854949951,473.38671875,473.38671875,0.0,0.009550415999996176,0.11073629100000204,0.09008974999999708,0.015844917000002567,0.01022716700000359,0.0002235420000005206,,,,,,,,,,,,,,,,,
4,2,20660508,5000,3,8.0,39729,241836,0.00967344,0.6225286250000011,0.09000908300000532,0,0.0,23.8374,44.0,39952.0192,7.990403840000001,23.97121152,0.0623875075135075,1.152e-05,1.28e-06,sparse,Random sampling,random_sampling,0.0956,0.7611433693500187,0.6978901302555848,0.01771954200000181,0.1139602500000052,0.0001201250000022469,0.0937359169999965,0.2078212079999986,1.0621073904162637,0.7101358299887784,0.9203540000000103,2.3715310000000045,0.22810074999999586,10.804204940795898,473.38671875,473.38671875,0.0,,,,,,,0.00927487500000268,0.1046634169999976,123418.0,86521.0,0.7,169511.0,,,,,,,,,,,
4,2,20660508,5000,3,8.0,39729,241836,0.00967344,0.6225286250000011,0.09000908300000532,0,0.0,23.8374,44.0,39952.0192,7.990403840000001,23.97121152,0.0623875075135075,1.152e-05,1.28e-06,sparse,CountSketch random projection,countsketch_random_projection,0.0576,0.8522154140063893,0.795924803717085,0.0173459170000001,0.22379533300000531,0.00024616699999313596,0.08139033300000165,0.30543679199999474,0.9999946985089845,0.5871386649977695,1.0179695410000065,3.3480969999999957,0.32530600000000476,22.04893684387207,473.38671875,473.38671875,0.0,,,,,,,,,,,,,0.0006270419999978571,164.0,12.0,47.0,0.0,0.0027929160000041975,0.10215470800000048,0.09392720900000029,0.01526324999999673,0.008746500000000879,0.00023104099999926575
4,3,20660509,5000,3,8.0,39863,242592,0.00970368,0.6188408330000001,0.09001604200000202,0,0.0,23.9178,46.0,39952.0192,7.990403840000001,23.97121152,0.0623875075135075,1.152e-05,1.28e-06,sparse,Non-random,non_random,0.026,0.9318447546547739,0.8931249973232613,0.017596915999995133,0.0747160419999986,0.00014483400000386837,0.08260108399999666,0.15746966599999723,0.9999999999999988,0.6007936188138565,0.8663188350000013,1.7748949999999581,0.17775212499999782,8.370246887207031,473.38671875,473.38671875,0.0,,,,,,,,,,,,,,,,,,,,,,,
4,3,20660509,5000,3,8.0,39863,242592,0.00970368,0.6188408330000001,0.09001604200000202,0,0.0,23.9178,46.0,39952.0192,7.990403840000001,23.97121152,0.0623875075135075,1.152e-05,1.28e-06,sparse,Gaussian random projection,gaussian_random_projection,0.0548,0.8591309614708195,0.8036980617961451,0.017178417000003776,0.23850362499999989,0.0003984159999959047,0.08292012500000112,0.3218302499999979,0.9999919129097385,0.5873501564818885,1.030679040999999,3.520668999999998,0.3416034589999981,28.23511028289795,473.38671875,473.39453125,0.0078125,0.009538708000000895,0.11283395799999596,0.0911084159999973,0.0157054169999995,0.009029249999997546,0.00022612500000462887,,,,,,,,,,,,,,,,,
4,3,20660509,5000,3,8.0,39863,242592,0.00970368,0.6188408330000001,0.09001604200000202,0,0.0,23.9178,46.0,39952.0192,7.990403840000001,23.97121152,0.0623875075135075,1.152e-05,1.28e-06,sparse,Random sampling,random_sampling,0.0814,0.7946729609988977,0.7334523536826206,0.01755545800000391,0.13512716599999663,0.00012087500000035334,0.09304379200000312,0.228296708000002,1.0642957532527682,0.7159418330794352,0.9371487080000023,2.572243999999955,0.24834691699999922,10.842512130737305,473.39453125,473.40234375,0.0078125,,,,,,,0.009559041999999351,0.12554525000000183,123796.0,86867.0,0.7,170182.0,,,,,,,,,,,
4,3,20660509,5000,3,8.0,39863,242592,0.00970368,0.6188408330000001,0.09001604200000202,0,0.0,23.9178,46.0,39952.0192,7.990403840000001,23.97121152,0.0623875075135075,1.152e-05,1.28e-06,sparse,CountSketch random projection,countsketch_random_projection,0.0568,0.8542453230584924,0.79844599623767,0.01711308299999814,0.21723516699999834,0.00024512499999929105,0.08315316699999897,0.3006380830000026,0.9999956034086228,0.5898313022618759,1.0094903339999988,3.3066180000000145,0.3202804160000028,22.057588577270508,473.40234375,473.40625,0.00390625,,,,,,,,,,,,,0.0006177080000000501,164.0,16.0,47.0,0.0,0.002813791000001231,0.09401629100000264,0.09555233300000054,0.015347749999996552,0.008548375000003716,0.00029208399999447465
4,4,20660510,5000,3,8.0,39824,242388,0.00969552,0.6263965419999948,0.09326349999999906,0,0.0,23.8944,42.0,39952.0192,7.990403840000001,23.97121152,0.0623875075135075,1.152e-05,1.28e-06,sparse,Non-random,non_random,0.0254,0.9333869252057182,0.8954307225320187,0.01756516700000077,0.07671079200000008,0.0001409999999992806,0.08362766700000179,0.16048650000000464,0.9999999999999984,0.5985840979876268,0.880139500999995,1.7077059999999733,0.1807335420000058,8.363243103027344,473.40625,473.40625,0.0,,,,,,,,,,,,,,,,,,,,,,,
4,4,20660510,5000,3,8.0,39824,242388,0.00969552,0.6263965419999948,0.09326349999999906,0,0.0,23.8944,42.0,39952.0192,7.990403840000001,23.97121152,0.0623875075135075,1.152e-05,1.28e-06,sparse,Gaussian random projection,gaussian_random_projection,0.0604,0.8453974829026284,0.7885657788047565,0.017380959000000473,0.23419616700000034,0.0002592080000027863,0.08691516599999716,0.32137579100000124,0.9999942634569414,0.5865631691756749,1.0410305829999942,3.4695259999999735,0.3413819579999995,28.232775688171387,473.40625,473.40625,0.0,0.009799833999998953,0.10999712499999958,0.08987233300000241,0.015325499999995884,0.008924249999999745,0.00023600000000101318,,,,,,,,,,,,,,,,,
4,4,20660510,5000,3,8.0,39824,242388,0.00969552,0.6263965419999948,0.09326349999999906,0,0.0,23.8944,42.0,39952.0192,7.990403840000001,23.97121152,0.0623875075135075,1.152e-05,1.28e-06,sparse,Random sampling,random_sampling,0.0916,0.7706126622065581,0.7077217878778045,0.01726412500000407,0.15873987500000197,0.00012133300000272129,0.09607708400000092,0.2549431670000004,1.0592870733584614,0.7099423398970988,0.9745983339999995,2.6962350000000015,0.2747191249999972,10.819289207458496,473.40625,473.40625,0.0,,,,,,,0.00939650000000114,0.149319792,123694.0,86570.0,0.7,169642.0,,,,,,,,,,,
4,4,20660510,5000,3,8.0,39824,242388,0.00969552,0.6263965419999948,0.09326349999999906,0,0.0,23.8944,42.0,39952.0192,7.990403840000001,23.97121152,0.0623875075135075,1.152e-05,1.28e-06,sparse,CountSketch random projection,countsketch_random_projection,0.0614,0.8429061536118233,0.7855618442803391,0.01799504200000257,0.2177199999999999,0.0004024999999998613,0.08739183299999809,0.305520707999996,0.9999946160214556,0.5867287295887778,1.0251743749999918,3.3537640000000124,0.3260133330000059,22.055253982543945,473.40625,473.4375,0.03125,,,,,,,,,,,,,0.0006133750000003602,164.0,18.0,46.0,0.0,0.002834083000003318,0.0942171669999965,0.09572237500000114,0.015898832999994283,0.008128040999999087,0.00024050000000386262
4,5,20660511,5000,3,8.0,39937,243132,0.00972528,0.6230182919999976,0.09151862499999908,0,0.0,23.9622,42.0,39952.0192,7.990403840000001,23.97121152,0.0623875075135075,1.152e-05,1.28e-06,sparse,Non-random,non_random,0.023,0.9395890936265716,0.9033089406068765,0.017209125000000824,0.08106695800000097,0.00015149999999408692,0.09588600000000014,0.1771123750000001,1.0000000000000007,0.600002408499232,0.8916413749999919,1.7295839999999885,0.1970264579999963,8.388786315917969,473.4765625,473.4765625,0.0,,,,,,,,,,,,,,,,,,,,,,,
4,5,20660511,5000,3,8.0,39937,243132,0.00972528,0.6230182919999976,0.09151862499999908,0,0.0,23.9622,42.0,39952.0192,7.990403840000001,23.97121152,0.0623875075135075,1.152e-05,1.28e-06,sparse,Gaussian random projection,gaussian_random_projection,0.0526,0.8646224767685526,0.8106663573070665,0.017289583999996694,0.2368893330000006,0.0003541660000010438,0.08261674999999968,0.31986662499999596,0.999994763796455,0.5900077874663014,1.034397165999998,3.488841999999977,0.33975670899999955,28.24129009246826,473.4765625,473.4765625,0.0,0.01082533299999966,0.11246070800000041,0.08967958299999879,0.015446416999999713,0.007999083000001406,0.000389499999997156,,,,,,,,,,,,,,,,,
4,5,20660511,5000,3,8.0,39937,243132,0.00972528,0.6230182919999976,0.09151862499999908,0,0.0,23.9622,42.0,39952.0192,7.990403840000001,23.97121152,0.0623875075135075,1.152e-05,1.28e-06,sparse,Random sampling,random_sampling,0.082,0.7932216445042897,0.7312836195877668,0.01739225000000033,0.11948908400000136,0.00012345799999735618,0.09490229200000044,0.2145198330000042,1.0631861189761522,0.7142841617602688,0.9290517509999958,2.2805629999999724,0.23458545800000508,10.85162353515625,473.4765625,473.4765625,0.0,,,,,,,0.009554457999996657,0.10991087499999708,124066.0,86847.0,0.7,170140.0,,,,,,,,,,,
4,5,20660511,5000,3,8.0,39937,243132,0.00972528,0.6230182919999976,0.09151862499999908,0,0.0,23.9622,42.0,39952.0192,7.990403840000001,23.97121152,0.0623875075135075,1.152e-05,1.28e-06,sparse,CountSketch random projection,countsketch_random_projection,0.0536,0.8621722119051413,0.8077207991521151,0.01736383299999744,0.2259683329999973,0.00024070799999975634,0.08481004200000086,0.3110235839999973,0.9999941310265893,0.5890265237708041,1.0255559999999946,3.415488000000039,0.33084495800000013,22.06376838684082,473.4765625,473.4765625,0.0,,,,,,,,,,,,,0.0005993750000001796,164.0,18.0,46.0,0.0,0.0027711249999953225,0.10203349999999745,0.09648433299999937,0.015450458000003664,0.008362249999997573,0.00021983300000272266
4,6,20660512,5000,3,8.0,39923,243002,0.00972008,0.621221792,0.09167095800000169,0,0.0,23.9538,40.0,39952.0192,7.990403840000001,23.97121152,0.0623875075135075,1.152e-05,1.28e-06,sparse,Non-random,non_random,0.0208,0.9452788330370951,0.9116502267798082,0.01730791700000367,0.07702808400000549,0.0001452919999991309,0.07812220799999636,0.15530329199999926,1.0000000000000002,0.6013689318077505,0.8681883340000027,1.7365159999999946,0.17535437499999773,8.384323120117188,473.51171875,473.51171875,0.0,,,,,,,,,,,,,,,,,,,,,,,
4,6,20660512,5000,3,8.0,39923,243002,0.00972008,0.621221792,0.09167095800000169,0,0.0,23.9538,40.0,39952.0192,7.990403840000001,23.97121152,0.0623875075135075,1.152e-05,1.28e-06,sparse,Gaussian random projection,gaussian_random_projection,0.0484,0.8750540441792971,0.8223301811858865,0.017318166999999107,0.24015849999999972,0.00027570799999665496,0.08665208400000068,0.32709179100000085,0.9999946857975057,0.5904211517563367,1.0399790419999988,3.54612800000001,0.34699325000000414,28.239802360534668,473.51171875,473.51171875,0.0,0.00947583399999985,0.11389012500000462,0.09193595800000054,0.015429832999998894,0.009093083999999862,0.0002772499999963429,,,,,,,,,,,,,,,,,
4,6,20660512,5000,3,8.0,39923,243002,0.00972008,0.621221792,0.09167095800000169,0,0.0,23.9538,40.0,39952.0192,7.990403840000001,23.97121152,0.0623875075135075,1.152e-05,1.28e-06,sparse,Random sampling,random_sampling,0.0804,0.7969997654033691,0.7351551293930909,0.017282292000004418,0.15872995899999864,0.00012366699999688535,0.09756162499999732,0.25641987499999885,1.0598670008494067,0.7113177769792892,0.9693080009999946,2.8610909999999876,0.276447417,10.83978271484375,473.51171875,473.51171875,0.0,,,,,,,0.009484749999998598,0.14921975000000032,124001.0,86700.0,0.7,169881.0,,,,,,,,,,,
4,6,20660512,5000,3,8.0,39923,243002,0.00972008,0.621221792,0.09167095800000169,0,0.0,23.9538,40.0,39952.0192,7.990403840000001,23.97121152,0.0623875075135075,1.152e-05,1.28e-06,sparse,CountSketch random projection,countsketch_random_projection,0.0508,0.8690551624263869,0.8151464562449245,0.017232292000002758,0.2222785829999978,0.0002536249999991469,0.0864813750000053,0.3090186669999966,0.9999947434985089,0.592257892555613,1.021906333000004,3.2820009999999797,0.3287249579999951,22.062280654907227,473.51171875,479.79296875,6.28125,,,,,,,,,,,,,0.0006092500000036694,164.0,16.0,50.0,0.0,0.005247957999998221,0.09550729200000063,0.09610887499999876,0.01549345899999821,0.009010540999994987,0.00023866600000133076
4,7,20660513,5000,3,8.0,40062,243886,0.00975544,0.6225883749999994,0.09167049999999932,0,0.0,24.0372,44.0,39952.0192,7.990403840000001,23.97121152,0.0623875075135075,1.152e-05,1.28e-06,sparse,Non-random,non_random,0.0232,0.9390624818675387,0.9025598798947186,0.01758025000000174,0.07266166700000554,0.00016445800000042254,0.08312470900000335,0.15595795899999843,1.000000000000001,0.5968054547232374,0.870209709000008,1.7633900000000153,0.17621345900000307,8.4146728515625,479.8203125,479.8203125,0.0,,,,,,,,,,,,,,,,,,,,,,,
4,7,20660513,5000,3,8.0,40062,243886,0.00975544,0.6225883749999994,0.09167049999999932,0,0.0,24.0372,44.0,39952.0192,7.990403840000001,23.97121152,0.0623875075135075,1.152e-05,1.28e-06,sparse,Gaussian random projection,gaussian_random_projection,0.0668,0.8297590975057892,0.771348293423366,0.01734333299999946,0.235116749999996,0.0003450829999991356,0.08374799999999993,0.31921616700000044,0.9999943188704118,0.5853317567827295,1.0334687079999938,3.505113999999992,0.33912166700000057,28.249918937683105,479.8203125,479.8203125,0.0,0.00964075000000264,0.11025141700000063,0.09053841699999765,0.015391417000003571,0.00886120799999901,0.0003672089999966488,,,,,,,,,,,,,,,,,
4,7,20660513,5000,3,8.0,40062,243886,0.00975544,0.6225883749999994,0.09167049999999932,0,0.0,24.0372,44.0,39952.0192,7.990403840000001,23.97121152,0.0623875075135075,1.152e-05,1.28e-06,sparse,Random sampling,random_sampling,0.089,0.776629503679294,0.7133217696034843,0.01773483400000231,0.13608079200000134,0.00011858299999545352,0.09473804200000302,0.23094187499999919,1.0620381715106155,0.7101675765050967,0.9451962919999986,2.60844400000002,0.2511865829999991,10.898268699645996,479.8203125,479.8203125,0.0,,,,,,,0.00938250000000096,0.12667691600000097,124443.0,87293.0,0.7,171064.0,,,,,,,,,,,
4,7,20660513,5000,3,8.0,40062,243886,0.00975544,0.6225883749999994,0.09167049999999932,0,0.0,24.0372,44.0,39952.0192,7.990403840000001,23.97121152,0.0623875075135075,1.152e-05,1.28e-06,sparse,CountSketch random projection,countsketch_random_projection,0.0514,0.8675988299183124,0.8137588985997993,0.017469333999997616,0.21574041699999924,0.00036695800000074996,0.08428891699999497,0.30040320800000586,0.9999958367357681,0.5861441046798385,1.0146551669999937,3.327631999999994,0.3203689580000031,22.072397232055664,479.8203125,479.8203125,0.0,,,,,,,,,,,,,0.0006088750000046161,164.0,14.0,51.0,0.0,0.002786083000003714,0.09482304200000158,0.09286670800000252,0.015457249999997202,0.008860957999999641,0.0002586659999934682
4,8,20660514,5000,3,8.0,39619,241274,0.00965096,0.6226629579999923,0.0902040840000069,0,0.0,23.7714,45.0,39952.0192,7.990403840000001,23.97121152,0.0623875075135075,1.152e-05,1.28e-06,sparse,Non-random,non_random,0.0278,0.9272130275104739,0.887012075389798,0.01779058299999292,0.07718037499999753,0.00019320799999889005,0.07915729199999078,0.15654054100001247,0.9999999999999993,0.6003544826281599,0.8693979169999864,1.7626549999999952,0.17710575000000972,8.324996948242188,479.82421875,479.82421875,0.0,,,,,,,,,,,,,,,,,,,,,,,
4,8,20660514,5000,3,8.0,39619,241274,0.00965096,0.6226629579999923,0.0902040840000069,0,0.0,23.7714,45.0,39952.0192,7.990403840000001,23.97121152,0.0623875075135075,1.152e-05,1.28e-06,sparse,Gaussian random projection,gaussian_random_projection,0.0534,0.8625902348217468,0.8078919364916687,0.017267541999999025,0.23476887500000032,0.0002294999999890024,0.08254287500000146,0.3175455000000085,0.9999940103342332,0.5891667615176348,1.03040829199999,3.483824000000027,0.3373636670000053,28.220026969909668,479.82421875,479.82421875,0.0,0.009551125000001548,0.10866041699999585,0.09277829200000554,0.015524749999997312,0.00799470799999824,0.00021466700000871697,,,,,,,,,,,,,,,,,
4,8,20660514,5000,3,8.0,39619,241274,0.00965096,0.6226629579999923,0.0902040840000069,0,0.0,23.7714,45.0,39952.0192,7.990403840000001,23.97121152,0.0623875075135075,1.152e-05,1.28e-06,sparse,Random sampling,random_sampling,0.0874,0.7804724597429034,0.7178339746898613,0.017177999999987037,0.1159050419999943,0.00012162499999135434,0.09407554100000937,0.21010704199998997,1.0653013069131596,0.7145945091104097,0.9229692499999942,2.4005829999999833,0.22976262499999223,10.804142951965332,479.82421875,479.82421875,0.0,,,,,,,0.00936699999999746,0.10651591699999585,123137.0,86681.0,0.7,169823.0,,,,,,,,,,,
4,8,20660514,5000,3,8.0,39619,241274,0.00965096,0.6226629579999923,0.0902040840000069,0,0.0,23.7714,45.0,39952.0192,7.990403840000001,23.97121152,0.0623875075135075,1.152e-05,1.28e-06,sparse,CountSketch random projection,countsketch_random_projection,0.0544,0.8602522449166081,0.8056943891481348,0.01743916700000625,0.21819620799999484,0.00023508399999627727,0.08780612500000018,0.3062422920000074,0.9999952992495529,0.5910651320701182,1.0191044589999905,3.3801149999999893,0.326108167000001,22.042505264282227,479.82421875,479.82421875,0.0,,,,,,,,,,,,,0.0006137499999994134,164.0,15.0,49.0,0.0,0.002855834000001778,0.09494608400000004,0.09513762499999245,0.01522124999999619,0.00914770800000042,0.00022704199999168395
4,9,20660515,5000,3,8.0,39881,242778,0.00971112,0.6205098329999998,0.09012841700000251,0,0.0,23.9286,42.0,39952.0192,7.990403840000001,23.97121152,0.0623875075135075,1.152e-05,1.28e-06,sparse,Non-random,non_random,0.0284,0.9256763506516228,0.8847928197881523,0.01704566699999077,0.07355695900000114,0.00012891600000841663,0.08545954100000586,0.15915195799999537,0.9999999999999991,0.5936454109580588,0.8697836660000178,1.7899549999999635,0.1788617919999922,8.376632690429688,479.82421875,479.82421875,0.0,,,,,,,,,,,,,,,,,,,,,,,
4,9,20660515,5000,3,8.0,39881,242778,0.00971112,0.6205098329999998,0.09012841700000251,0,0.0,23.9286,42.0,39952.0192,7.990403840000001,23.97121152,0.0623875075135075,1.152e-05,1.28e-06,sparse,Gaussian random projection,gaussian_random_projection,0.0582,0.8508023347776721,0.7949667966022506,0.01720104199999639,0.24463999999998975,0.00023508299999264182,0.08781612499998914,0.33269579200000976,0.9999949742251628,0.5822429375897485,1.043329457999974,3.479264999999998,0.3524138749999963,28.237238883972168,479.82421875,479.84375,0.01953125,0.009475916999988954,0.12005579099999864,0.09165550000000167,0.015374374999993279,0.007681207999993944,0.00035566700000799756,,,,,,,,,,,,,,,,,
4,9,20660515,5000,3,8.0,39881,242778,0.00971112,0.6205098329999998,0.09012841700000251,0,0.0,23.9286,42.0,39952.0192,7.990403840000001,23.97121152,0.0623875075135075,1.152e-05,1.28e-06,sparse,Random sampling,random_sampling,0.104,0.7417372725352859,0.679153671228451,0.017173374999998714,0.1346694169999978,0.00011962499999640386,0.09956645799999819,0.23436012499999492,1.0569038567717197,0.7088068965093852,0.9449937499999947,2.6502360000000067,0.2540175419999997,10.822635650634766,479.84375,479.84375,0.0,,,,,,,0.009613000000001648,0.1250316670000018,123889.0,86512.0,0.7,169517.0,,,,,,,,,,,
4,9,20660515,5000,3,8.0,39881,242778,0.00971112,0.6205098329999998,0.09012841700000251,0,0.0,23.9286,42.0,39952.0192,7.990403840000001,23.97121152,0.0623875075135075,1.152e-05,1.28e-06,sparse,CountSketch random projection,countsketch_random_projection,0.0604,0.8454322746924839,0.7897551161643869,0.01756279099998892,0.22172045800000717,0.00024254199999518278,0.08495874999999842,0.3069267919999987,0.9999951116309299,0.5820162959362043,1.0175600000000031,3.3954029999999875,0.3269439160000047,22.059717178344727,479.84375,479.84375,0.0,,,,,,,,,,,,,0.0006035830000001852,164.0,18.0,49.0,0.0,0.0027744999999868014,0.09991125000000523,0.09343616699999302,0.015670124999999757,0.009046707999999626,0.0002266670000068416
4,10,20660516,5000,3,8.0,39819,242432,0.00969728,0.6253096669999962,0.09194095899999866,0,0.0,23.8914,44.0,39952.0192,7.990403840000001,23.97121152,0.0623875075135075,1.152e-05,1.28e-06,sparse,Non-random,non_random,0.0262,0.9313365516558736,0.8923281372592671,0.017289583999996694,0.07721058299999584,0.00025562500000830823,0.08395612500000027,0.16143237500000396,1.0,0.5990171011097797,0.8786729589999993,1.7980840000000171,0.1815050409999941,8.364753723144531,479.84375,479.84375,0.0,,,,,,,,,,,,,,,,,,,,,,,
4,10,20660516,5000,3,8.0,39819,242432,0.00969728,0.6253096669999962,0.09194095899999866,0,0.0,23.8914,44.0,39952.0192,7.990403840000001,23.97121152,0.0623875075135075,1.152e-05,1.28e-06,sparse,Gaussian random projection,gaussian_random_projection,0.0554,0.8576715344024537,0.8027874536058377,0.01719170900000222,0.2401320409999954,0.0003622089999879563,0.08954674999999668,0.3300474589999993,0.9999947303878364,0.5879973013960286,1.047291625999975,3.5451120000000174,0.3497847080000014,28.23327922821045,479.84375,479.84375,0.0,0.00996225000000095,0.11146954099999107,0.09350316600000497,0.015678458000010664,0.009176375000009784,0.00026791700000217133,,,,,,,,,,,,,,,,,
4,10,20660516,5000,3,8.0,39819,242432,0.00969728,0.6253096669999962,0.09194095899999866,0,0.0,23.8914,44.0,39952.0192,7.990403840000001,23.97121152,0.0623875075135075,1.152e-05,1.28e-06,sparse,Random sampling,random_sampling,0.1028,0.7447112001426642,0.6808114659598127,0.017181917000002045,0.13703600000000904,0.00012191599999766822,0.10283141699999021,0.23999458300001208,1.0618834374718025,0.7128695314689194,0.9572399589999918,2.7112449999999626,0.2596296670000129,10.820516586303711,479.84375,479.84375,0.0,,,,,,,0.009483791000008068,0.12752587500000345,123716.0,86591.0,0.7,169643.0,,,,,,,,,,,
4,10,20660516,5000,3,8.0,39819,242432,0.00969728,0.6253096669999962,0.09194095899999866,0,0.0,23.8914,44.0,39952.0192,7.990403840000001,23.97121152,0.0623875075135075,1.152e-05,1.28e-06,sparse,CountSketch random projection,countsketch_random_projection,0.0572,0.8532873721034765,0.7975221875179488,0.020356167000002756,0.2212912079999967,0.0003586250000040536,0.08722933299999625,0.30888562500000205,0.9999936336363128,0.5867936795273601,1.0261297919999919,3.3391490000000204,0.3317334580000022,22.055757522583008,479.84375,479.87109375,0.02734375,,,,,,,,,,,,,0.0006400829999932967,164.0,17.0,43.0,0.0,0.0027803330000040205,0.09450625000000912,0.09599729199999274,0.015988375000006272,0.010908000000000584,0.00039270800000679174
5,1,20760507,5000,3,8.0,35243,215382,0.00861528,0.5665994170000062,0.07968566700000679,0,0.0,21.1458,40.0,35158.419200000004,7.03168384,21.095051520000002,0.03990401921920999,1.152e-05,1.28e-06,sparse,Non-random,non_random,0.1694,0.6211481218746715,0.573180132507189,0.017611916000007,0.0949034169999976,0.00014658299998870916,0.1270869159999961,0.2221435830000047,1.0,0.5612991179605216,0.8684219999999954,2.3994089999999915,0.24254929199999253,7.436065673828125,479.87109375,479.87109375,0.0,,,,,,,,,,,,,,,,,,,,,,,
5,1,20760507,5000,3,8.0,35243,215382,0.00861528,0.5665994170000062,0.07968566700000679,0,0.0,21.1458,40.0,35158.419200000004,7.03168384,21.095051520000002,0.03990401921920999,1.152e-05,1.28e-06,sparse,Gaussian random projection,gaussian_random_projection,0.2992,0.3929687424636616,0.367059019862734,0.017354166000004057,0.24294595800000707,0.0002524589999950422,0.17846520800000576,0.42166849999999556,0.9999928516571727,0.5431847719703868,1.0679487090000208,4.469175000000007,0.44140908299999637,28.081324577331543,479.87109375,492.52734375,12.65625,0.009575249999997482,0.1153954999999911,0.09300783300000148,0.01566599999999596,0.00882641600000511,0.0004332919999967544,,,,,,,,,,,,,,,,,
5,1,20760507,5000,3,8.0,35243,215382,0.00861528,0.5665994170000062,0.07968566700000679,0,0.0,21.1458,40.0,35158.419200000004,7.03168384,21.095051520000002,0.03990401921920999,1.152e-05,1.28e-06,sparse,Random sampling,random_sampling,0.5234,0.13842345163547273,0.14263894661427642,0.017383500000008212,0.3147727080000067,0.00013500000000021828,0.3466971249999915,0.6616093330000012,1.057897499937632,0.6953580318479218,1.3078899170000113,7.0534339999999816,0.6813124580000078,9.631802558898926,492.52734375,492.52734375,0.0,,,,,,,0.008392583000002674,0.30635516700000665,110191.0,77091.0,0.7,150699.0,,,,,,,,,,,
5,1,20760507,5000,3,8.0,35243,215382,0.00861528,0.5665994170000062,0.07968566700000679,0,0.0,21.1458,40.0,35158.419200000004,7.03168384,21.095051520000002,0.03990401921920999,1.152e-05,1.28e-06,sparse,CountSketch random projection,countsketch_random_projection,0.3452,0.3246630329104097,0.30619359086339704,0.017543250000002786,0.21802608400000167,0.00029395800000031613,0.1942178339999998,0.412542791000007,0.9999913506661198,0.5399813002895105,1.0588229600000147,4.449631999999951,0.4323937080000064,21.86565589904785,492.52734375,492.52734375,0.0,,,,,,,,,,,,,0.0006236669999992728,165.0,18.0,48.0,0.0,0.0024540840000071285,0.09644787499999552,0.09434012500000222,0.015316916000003289,0.00835320800000261,0.00042874999999753527
5,2,20760508,5000,3,8.0,35067,214250,0.00857,0.5592707919999924,0.08015804100000423,0,0.0,21.0402,41.0,35158.419200000004,7.03168384,21.095051520000002,0.03990401921920999,1.152e-05,1.28e-06,sparse,Non-random,non_random,0.1472,0.665648185858204,0.6147297505548239,0.017386791999996376,0.11332050000000038,0.00014691600000560356,0.11395641600000772,0.22743099999999572,1.0000000000000002,0.5674336091333767,0.8668526650000103,2.489562000000035,0.24739574999999547,7.3972015380859375,492.52734375,492.52734375,0.0,,,,,,,,,,,,,,,,,,,,,,,
5,2,20760508,5000,3,8.0,35067,214250,0.00857,0.5592707919999924,0.08015804100000423,0,0.0,21.0402,41.0,35158.419200000004,7.03168384,21.095051520000002,0.03990401921920999,1.152e-05,1.28e-06,sparse,Gaussian random projection,gaussian_random_projection,0.294,0.40040839553433416,0.373859603382704,0.017288125000007426,0.23463154099999883,0.00025483400000325673,0.16688595800000883,0.40178095799998914,0.9999912626695822,0.5437797137465153,1.0412011660000076,4.3569760000000315,0.4215468750000042,28.06836986541748,492.52734375,492.52734375,0.0,0.009562791999996989,0.10814387499999611,0.09290533400000811,0.015426916999999207,0.00830412499999511,0.00024362499999597276,,,,,,,,,,,,,,,,,
5,2,20760508,5000,3,8.0,35067,214250,0.00857,0.5592707919999924,0.08015804100000423,0,0.0,21.0402,41.0,35158.419200000004,7.03168384,21.095051520000002,0.03990401921920999,1.152e-05,1.28e-06,sparse,Random sampling,random_sampling,0.4052,0.25570407689763314,0.25037496208273774,0.01708316700000978,0.32864812500000085,0.0001337910000103193,0.21688837499999636,0.545675249999988,1.061628581908456,0.6979214552276144,1.1850991240000042,5.856287000000009,0.5650377500000019,9.581050872802734,492.52734375,492.52734375,0.0,,,,,,,0.008356874999989827,0.32026916600000277,109625.0,76696.0,0.7,149867.0,,,,,,,,,,,
5,2,20760508,5000,3,8.0,35067,214250,0.00857,0.5592707919999924,0.08015804100000423,0,0.0,21.0402,41.0,35158.419200000004,7.03168384,21.095051520000002,0.03990401921920999,1.152e-05,1.28e-06,sparse,CountSketch random projection,countsketch_random_projection,0.2618,0.452427848652254,0.4192853515869447,0.017553499999991118,0.2244093330000112,0.00025279099999409027,0.14931183299999873,0.3739785839999996,0.9999917506700158,0.5485502883664153,1.0134027900000007,3.865497000000005,0.39377462500000604,21.85270118713379,492.52734375,492.52734375,0.0,,,,,,,,,,,,,0.0005972090000057051,165.0,16.0,44.0,0.0,0.0024320829999879834,0.09462629099999731,0.10121695799999486,0.015608458000002656,0.009634624999989683,0.0002460000000041873
5,3,20760509,5000,3,8.0,34801,212712,0.00850848,0.5632400420000039,0.07791970799999604,0,0.0,20.8806,42.0,35158.419200000004,7.03168384,21.095051520000002,0.03990401921920999,1.152e-05,1.28e-06,sparse,Non-random,non_random,0.164,0.6320663624369229,0.5826641265101428,0.017510291999997207,0.10958270800000491,0.0001463330000035512,0.11661270799999102,0.22634995899998955,0.9999999999999994,0.5656135618661122,0.8675014989999994,2.455929000000026,0.2463312920000078,7.344398498535156,492.52734375,492.52734375,0.0,,,,,,,,,,,,,,,,,,,,,,,
5,3,20760509,5000,3,8.0,34801,212712,0.00850848,0.5632400420000039,0.07791970799999604,0,0.0,20.8806,42.0,35158.419200000004,7.03168384,21.095051520000002,0.03990401921920999,1.152e-05,1.28e-06,sparse,Gaussian random projection,gaussian_random_projection,0.2972,0.39616821839118227,0.3691826068256921,0.017545042000008948,0.2348267920000069,0.000372541999993814,0.17489683299999115,0.41010233299999754,0.9999923097164775,0.5453418109785133,1.0512559169999918,4.4309599999999705,0.4300014169999997,28.050768852233887,492.52734375,492.5703125,0.04296875,0.009789208000000826,0.10551795800000718,0.09589162500000725,0.015373875000008752,0.007957207999993443,0.00023729200000843775,,,,,,,,,,,,,,,,,
5,3,20760509,5000,3,8.0,34801,212712,0.00850848,0.5632400420000039,0.07791970799999604,0,0.0,20.8806,42.0,35158.419200000004,7.03168384,21.095051520000002,0.03990401921920999,1.152e-05,1.28e-06,sparse,Random sampling,random_sampling,0.402,0.24805348686943834,0.2374462101120269,0.017191749999994954,0.3011014159999945,0.00013737499999422198,0.22457408300000736,0.525818000000001,1.0619270967808894,0.6984741016225118,1.166972623999996,5.610022000000015,0.5453208330000052,9.524633407592773,492.5703125,492.5703125,0.0,,,,,,,0.008287375000008979,0.2927912499999934,108856.0,76311.0,0.7,149114.0,,,,,,,,,,,
5,3,20760509,5000,3,8.0,34801,212712,0.00850848,0.5632400420000039,0.07791970799999604,0,0.0,20.8806,42.0,35158.419200000004,7.03168384,21.095051520000002,0.03990401921920999,1.152e-05,1.28e-06,sparse,CountSketch random projection,countsketch_random_projection,0.3116,0.3733857923712474,0.34875175968919936,0.01726450000001023,0.21578137500000594,0.0002730839999998125,0.18073391699999775,0.3967971659999989,0.9999918664710542,0.5464608059401361,1.0379481260000034,4.263200999999981,0.41634020799999405,21.835100173950195,492.5703125,492.5703125,0.0,,,,,,,,,,,,,0.0006135000000000446,165.0,18.0,45.0,0.0,0.002442667000011056,0.09403787499999794,0.09407733300000132,0.015497334000002638,0.008750582999994094,0.0002989580000019032
5,4,20760510,5000,3,8.0,34799,212712,0.00850848,0.5526050419999962,0.0784633340000056,0,0.0,20.8794,39.0,35158.419200000004,7.03168384,21.095051520000002,0.03990401921920999,1.152e-05,1.28e-06,sparse,Non-random,non_random,0.1514,0.657182619521243,0.6065606186947178,0.017378042000004257,0.11506020900000635,0.00014787499999613374,0.11302183400000843,0.2282383330000073,0.9999999999999999,0.5679474074038706,0.8592982940000127,2.4782560000000444,0.24838112500000875,7.344398498535156,492.5703125,492.5703125,0.0,,,,,,,,,,,,,,,,,,,,,,,
5,4,20760510,5000,3,8.0,34799,212712,0.00850848,0.5526050419999962,0.0784633340000056,0,0.0,20.8794,39.0,35158.419200000004,7.03168384,21.095051520000002,0.03990401921920999,1.152e-05,1.28e-06,sparse,Gaussian random projection,gaussian_random_projection,0.2742,0.4324117998006566,0.401712782088266,0.017944499999998698,0.2336704590000096,0.0002949579999977914,0.15943424999998967,0.39340475000000197,0.9999909626335777,0.5461211872016037,1.0244680429999988,4.201839000000064,0.4136322089999993,28.050768852233887,492.5703125,492.5703125,0.0,0.010096458000006692,0.10623245899999745,0.09333820899999523,0.015677125000010506,0.008013666000010744,0.00024274999999818192,,,,,,,,,,,,,,,,,
5,4,20760510,5000,3,8.0,34799,212712,0.00850848,0.5526050419999962,0.0784633340000056,0,0.0,20.8794,39.0,35158.419200000004,7.03168384,21.095051520000002,0.03990401921920999,1.152e-05,1.28e-06,sparse,Random sampling,random_sampling,0.4056,0.24594068266651456,0.23881191828027237,0.017279333000004726,0.30846591600000295,0.0001302910000049451,0.2129610839999998,0.5215658750000074,1.0559185677881315,0.6966923024040439,1.1526256670000095,5.54094699999996,0.5410734590000033,9.497554779052734,492.5703125,492.5703125,0.0,,,,,,,0.008253457999998659,0.3001906669999954,108856.0,75909.0,0.7,148344.0,,,,,,,,,,,
5,4,20760510,5000,3,8.0,34799,212712,0.00850848,0.5526050419999962,0.0784633340000056,0,0.0,20.8794,39.0,35158.419200000004,7.03168384,21.095051520000002,0.03990401921920999,1.152e-05,1.28e-06,sparse,CountSketch random projection,countsketch_random_projection,0.2862,0.41329966505775384,0.38466426632458883,0.017321749999993585,0.21835225000000946,0.0002493329999992966,0.1762459999999919,0.39485229199999594,0.9999927988296802,0.5463669760162749,1.0259159590000024,4.245046000000002,0.41440562500000055,21.835100173950195,492.5703125,492.5703125,0.0,,,,,,,,,,,,,0.0006084590000057233,165.0,16.0,46.0,0.0,0.0024486670000101185,0.09402712499999666,0.09522470800000349,0.016493082999986086,0.009267833999999198,0.00023654200001033132
5,5,20760511,5000,3,8.0,35301,215750,0.00863,0.5626385000000056,0.07906695799999852,0,0.0,21.1806,38.0,35158.419200000004,7.03168384,21.095051520000002,0.03990401921920999,1.152e-05,1.28e-06,sparse,Non-random,non_random,0.1496,0.6609086225064088,0.6100435361834967,0.020733875000004787,0.1262569999999954,0.00014770800000007966,0.12390604200000155,0.25031812500000683,1.0000000000000009,0.5651280666638284,0.8920162080000011,2.5256619999998975,0.2736005000000006,7.448699951171875,492.59765625,492.63671875,0.0390625,,,,,,,,,,,,,,,,,,,,,,,
5,5,20760511,5000,3,8.0,35301,215750,0.00863,0.5626385000000056,0.07906695799999852,0,0.0,21.1806,38.0,35158.419200000004,7.03168384,21.095051520000002,0.03990401921920999,1.152e-05,1.28e-06,sparse,Gaussian random projection,gaussian_random_projection,0.283,0.4183215874622033,0.3888986679134248,0.017345290999998042,0.2385717920000019,0.00038449999999556894,0.1699605409999947,0.40892270899999517,0.9999930457078934,0.5451649055822639,1.0506222909999963,4.33122800000001,0.42863037500001155,28.085536003112793,492.63671875,492.63671875,0.0,0.009683625000008078,0.11511079100000643,0.0883432499999941,0.016027124999993703,0.00909920899999861,0.0002468330000056085,,,,,,,,,,,,,,,,,
5,5,20760511,5000,3,8.0,35301,215750,0.00863,0.5626385000000056,0.07906695799999852,0,0.0,21.1806,38.0,35158.419200000004,7.03168384,21.095051520000002,0.03990401921920999,1.152e-05,1.28e-06,sparse,Random sampling,random_sampling,0.3984,0.2535401032998814,0.24481885055946068,0.01787029199999779,0.34691974999999786,0.0001312079999991056,0.20770670800000346,0.554762457999999,1.059723414066167,0.696073224993923,1.1964631240000045,5.891425000000027,0.5749319580000076,9.646061897277832,492.63671875,492.63671875,0.0,,,,,,,0.008336208999992323,0.338561624999997,110375.0,77200.0,0.7,150896.0,,,,,,,,,,,
5,5,20760511,5000,3,8.0,35301,215750,0.00863,0.5626385000000056,0.07906695799999852,0,0.0,21.1806,38.0,35158.419200000004,7.03168384,21.095051520000002,0.03990401921920999,1.152e-05,1.28e-06,sparse,CountSketch random projection,countsketch_random_projection,0.2956,0.397529893536018,0.3696854084566177,0.01736666600000092,0.21989429200000643,0.00042962500000953696,0.17652508300000136,0.3968579999999946,0.9999925480291689,0.5413787156091074,1.0385544580000214,4.275848999999994,0.4165031249999913,21.8698673248291,492.63671875,492.63671875,0.0,,,,,,,,,,,,,0.0006064589999965619,165.0,18.0,44.0,0.0,0.002463874999989457,0.09835387500000081,0.0932350409999998,0.015674207999992973,0.009210624999994366,0.00027954200000124274
5,6,20760512,5000,3,8.0,35122,214720,0.0085888,0.5609125420000112,0.08103516599999239,0,0.0,21.0732,39.0,35158.419200000004,7.03168384,21.095051520000002,0.03990401921920999,1.152e-05,1.28e-06,sparse,Non-random,non_random,0.1686,0.6229450204013671,0.5744485453204885,0.017371125000011034,0.11508033300000875,0.00015120799999124301,0.12453108299999371,0.23976966600000083,0.9999999999999999,0.5641734834916732,0.8817103319999973,2.581275000000005,0.2595215829999944,7.413337707519531,492.63671875,492.63671875,0.0,,,,,,,,,,,,,,,,,,,,,,,
5,6,20760512,5000,3,8.0,35122,214720,0.0085888,0.5609125420000112,0.08103516599999239,0,0.0,21.0732,39.0,35158.419200000004,7.03168384,21.095051520000002,0.03990401921920999,1.152e-05,1.28e-06,sparse,Gaussian random projection,gaussian_random_projection,0.3086,0.3775979595690931,0.3524313453060895,0.01720695899999214,0.23771183299999166,0.0002895420000044169,0.16402583299999662,0.4020322909999976,0.9999922134078161,0.5453059393822308,1.0439749159999963,4.340647999999987,0.4215794999999929,28.07374858856201,492.63671875,492.63671875,0.0,0.010107167000001027,0.11268149999999366,0.09080949999999177,0.015442374999992126,0.008322875000004615,0.0002944999999954234,,,,,,,,,,,,,,,,,
5,6,20760512,5000,3,8.0,35122,214720,0.0085888,0.5609125420000112,0.08103516599999239,0,0.0,21.0732,39.0,35158.419200000004,7.03168384,21.095051520000002,0.03990401921920999,1.152e-05,1.28e-06,sparse,Random sampling,random_sampling,0.4162,0.23156907855740488,0.22323469890690503,0.017247624999995992,0.36577620799999977,0.0001311250000100017,0.251983249999995,0.6178952079999931,1.0657888399329398,0.6993247781650535,1.2598382910000083,6.407007000000021,0.6374765000000053,9.610235214233398,492.63671875,492.66015625,0.0234375,,,,,,,0.008293792000003464,0.35745991599999627,109860.0,77007.0,0.7,150427.0,,,,,,,,,,,
5,6,20760512,5000,3,8.0,35122,214720,0.0085888,0.5609125420000112,0.08103516599999239,0,0.0,21.0732,39.0,35158.419200000004,7.03168384,21.095051520000002,0.03990401921920999,1.152e-05,1.28e-06,sparse,CountSketch random projection,countsketch_random_projection,0.313,0.3719471852452763,0.34941026791959257,0.017579167000008056,0.22679433400000448,0.00038516699999036064,0.17218770899999924,0.3993728749999974,0.9999929492310261,0.542686718589534,1.0413149179999976,4.184740000000033,0.41924587500000143,21.85807991027832,492.66015625,492.66015625,0.0,,,,,,,,,,,,,0.0006126669999986234,165.0,17.0,43.0,0.0,0.0024311250000010887,0.10362395900000365,0.09359987499999534,0.01584241599999814,0.010325207999997588,0.0002864590000086764
5,7,20760513,5000,3,8.0,35412,216420,0.0086568,0.5668684170000091,0.07992612500000007,0,0.0,21.2472,41.0,35158.419200000004,7.03168384,21.095051520000002,0.03990401921920999,1.152e-05,1.28e-06,sparse,Non-random,non_random,0.1486,0.6629341794225581,0.6124441459492329,0.017628834000007032,0.11189174999999807,0.00014345900000023448,0.11406741599999748,0.22611004100001253,1.0000000000000004,0.5644300765245923,0.872897167000005,2.4324679999999717,0.24678554099999417,7.471702575683594,492.66015625,492.66015625,0.0,,,,,,,,,,,,,,,,,,,,,,,
5,7,20760513,5000,3,8.0,35412,216420,0.0086568,0.5668684170000091,0.07992612500000007,0,0.0,21.2472,41.0,35158.419200000004,7.03168384,21.095051520000002,0.03990401921920999,1.152e-05,1.28e-06,sparse,Gaussian random projection,gaussian_random_projection,0.2746,0.4323895057445332,0.40162134064466853,0.017541832999995677,0.2408897499999938,0.00025066700000309083,0.17216145800000504,0.4133066670000005,0.9999913638285896,0.5429246424360135,1.0600964170000111,4.107055000000059,0.43322687500000256,28.0932035446167,492.66015625,492.66015625,0.0,0.009524333000001661,0.11234424999999248,0.09366829200000382,0.01564162500000066,0.009395582999999874,0.0002635419999990063,,,,,,,,,,,,,,,,,
5,7,20760513,5000,3,8.0,35412,216420,0.0086568,0.5668684170000091,0.07992612500000007,0,0.0,21.2472,41.0,35158.419200000004,7.03168384,21.095051520000002,0.03990401921920999,1.152e-05,1.28e-06,sparse,Random sampling,random_sampling,0.4094,0.24442603213619687,0.2365622536690228,0.017561709000005976,0.34970858299999463,0.00013250000000653017,0.28791616600000225,0.637761832999999,1.0568025263193215,0.6941390406663986,1.2845517910000126,6.61582999999996,0.6576715000000064,9.667715072631836,492.66015625,492.66015625,0.0,,,,,,,0.008552459000000567,0.341130457999995,110710.0,77299.0,0.7,151145.0,,,,,,,,,,,
5,7,20760513,5000,3,8.0,35412,216420,0.0086568,0.5668684170000091,0.07992612500000007,0,0.0,21.2472,41.0,35158.419200000004,7.03168384,21.095051520000002,0.03990401921920999,1.152e-05,1.28e-06,sparse,CountSketch random projection,countsketch_random_projection,0.2868,0.41235178103466086,0.383158376300029,0.017213707999999883,0.21789779200000226,0.00042066700000020774,0.200952958000002,0.4192773330000108,0.9999945424042688,0.5430952242644674,1.0660659590000137,4.282857000000035,0.4387875839999964,21.877534866333008,492.66015625,492.66015625,0.0,,,,,,,,,,,,,0.0006117500000044629,165.0,15.0,47.0,0.0,0.0024775830000010046,0.0955369999999931,0.09415249999999276,0.015551458000004459,0.009048375000006104,0.0004405829999996058
5,8,20760514,5000,3,8.0,35376,216100,0.008644,0.5679312089999939,0.07983745800000008,0,0.0,21.2256,39.0,35158.419200000004,7.03168384,21.095051520000002,0.03990401921920999,1.152e-05,1.28e-06,sparse,Non-random,non_random,0.1574,0.6449999178994887,0.5963088047266041,0.019472125000007168,0.11178695799999616,0.00014658300000292002,0.11744133300000215,0.22938141699999903,0.9999999999999996,0.5653805343179564,0.8771435409999953,2.522424000000001,0.25139345799999546,7.460716247558594,492.6875,492.6875,0.0,,,,,,,,,,,,,,,,,,,,,,,
5,8,20760514,5000,3,8.0,35376,216100,0.008644,0.5679312089999939,0.07983745800000008,0,0.0,21.2256,39.0,35158.419200000004,7.03168384,21.095051520000002,0.03990401921920999,1.152e-05,1.28e-06,sparse,Gaussian random projection,gaussian_random_projection,0.2894,0.40835597733115225,0.3801967215598628,0.01710574999999892,0.2445512080000043,0.00038170899999556696,0.1548959999999937,0.3998344999999972,0.9999925712284237,0.5450661380419594,1.0475975839999876,4.249732999999992,0.41930516700000453,28.0895414352417,492.6875,492.69140625,0.00390625,0.009582875000006652,0.1158728329999974,0.09363841700000819,0.016118167000001904,0.009031125000007023,0.00025066600001366623,,,,,,,,,,,,,,,,,
5,8,20760514,5000,3,8.0,35376,216100,0.008644,0.5679312089999939,0.07983745800000008,0,0.0,21.2256,39.0,35158.419200000004,7.03168384,21.095051520000002,0.03990401921920999,1.152e-05,1.28e-06,sparse,Random sampling,random_sampling,0.3874,0.2682052510017475,0.2564147060133852,0.01760387499999183,0.3039033749999902,0.00013579200000890523,0.22104879200000482,0.5250929589999913,1.059718922675721,0.6976073908207859,1.172856625999998,5.605694000000085,0.5450201249999935,9.649971008300781,492.69140625,492.69140625,0.0,,,,,,,0.008523083000000042,0.2953566249999966,110550.0,77163.0,0.7,150810.0,,,,,,,,,,,
5,8,20760514,5000,3,8.0,35376,216100,0.008644,0.5679312089999939,0.07983745800000008,0,0.0,21.2256,39.0,35158.419200000004,7.03168384,21.095051520000002,0.03990401921920999,1.152e-05,1.28e-06,sparse,CountSketch random projection,countsketch_random_projection,0.2906,0.40540729972296263,0.37648302988893445,0.017921083999993925,0.21844033299998955,0.0004044169999986025,0.17495908399999394,0.39381037500000105,0.9999929965688821,0.5441369841992346,1.0415725009999761,4.189145000000053,0.41406966600000317,21.873872756958008,492.69140625,492.69140625,0.0,,,,,,,,,,,,,0.0006249590000066974,165.0,14.0,49.0,0.0,0.0026028329999974176,0.09552958399999056,0.09439866600000357,0.015428416000005996,0.009511166999999432,0.00026562500001148237
5,9,20760515,5000,3,8.0,35086,214374,0.00857496,0.5574036669999884,0.07905470900000466,0,0.0,21.0516,43.0,35158.419200000004,7.03168384,21.095051520000002,0.03990401921920999,1.152e-05,1.28e-06,sparse,Non-random,non_random,0.1654,0.629314651397775,0.5808434393456702,0.017159583000008638,0.11622529099999213,0.00015058399999645644,0.11746074999999223,0.2338440420000012,0.9999999999999994,0.5614540365542244,0.8702950009999739,2.468132999999966,0.2534949590000082,7.401458740234375,492.69140625,492.69140625,0.0,,,,,,,,,,,,,,,,,,,,,,,
5,9,20760515,5000,3,8.0,35086,214374,0.00857496,0.5574036669999884,0.07905470900000466,0,0.0,21.0516,43.0,35158.419200000004,7.03168384,21.095051520000002,0.03990401921920999,1.152e-05,1.28e-06,sparse,Gaussian random projection,gaussian_random_projection,0.3096,0.3764725542789924,0.35158500855873637,0.017561333999992712,0.24606074999999805,0.0002710420000084923,0.2126560420000061,0.4589929589999997,0.9999917543009065,0.5391835670447518,1.0954462100000057,4.760966999999937,0.47891941600001076,28.069788932800293,492.69140625,498.98828125,6.296875,0.009649333000012916,0.11242708300000004,0.09795808299999464,0.015645458000008716,0.009906999999998334,0.0003865000000047303,,,,,,,,,,,,,,,,,
5,9,20760515,5000,3,8.0,35086,214374,0.00857496,0.5574036669999884,0.07905470900000466,0,0.0,21.0516,43.0,35158.419200000004,7.03168384,21.095051520000002,0.03990401921920999,1.152e-05,1.28e-06,sparse,Random sampling,random_sampling,0.4334,0.21629047279454103,0.21304311447888793,0.017533875000012245,0.3755145420000048,0.00020583399999907215,0.32234012500001086,0.6980667079999989,1.0636387330181492,0.6975469370853365,1.3345188770000078,7.198062999999934,0.7178547499999866,9.599937438964844,498.98828125,498.98828125,0.0,,,,,,,0.008372042000004853,0.36711008300000003,109687.0,76934.0,0.7,150339.0,,,,,,,,,,,
5,9,20760515,5000,3,8.0,35086,214374,0.00857496,0.5574036669999884,0.07905470900000466,0,0.0,21.0516,43.0,35158.419200000004,7.03168384,21.095051520000002,0.03990401921920999,1.152e-05,1.28e-06,sparse,CountSketch random projection,countsketch_random_projection,0.321,0.35932843595589875,0.33603127426188073,0.017398000000000025,0.22019070800000407,0.00026666600000169183,0.19677958299999432,0.4172420839999944,0.9999904226447097,0.5432345703890381,1.0536953329999932,4.328515999999922,0.43699754099999666,21.8541202545166,498.98828125,498.98828125,0.0,,,,,,,,,,,,,0.0006380840000019816,165.0,16.0,44.0,0.0,0.002443541999994636,0.09613095900000701,0.0957987910000071,0.015720041999998102,0.009123250000001804,0.0002794159999979229
5,10,20760516,5000,3,8.0,35188,215034,0.00860136,0.5668620829999895,0.07917037499998969,0,0.0,21.1128,38.0,35158.419200000004,7.03168384,21.095051520000002,0.03990401921920999,1.152e-05,1.28e-06,sparse,Non-random,non_random,0.1812,0.5982153149723661,0.5522619439741558,0.017258416999993642,0.13181420799999444,0.00016020900000057736,0.13324504200001286,0.2652259170000093,0.9999999999999999,0.5607805563678642,0.9112519169999871,2.6034740000000056,0.2849851250000057,7.4241180419921875,498.98828125,498.98828125,0.0,,,,,,,,,,,,,,,,,,,,,,,
5,10,20760516,5000,3,8.0,35188,215034,0.00860136,0.5668620829999895,0.07917037499998969,0,0.0,21.1128,38.0,35158.419200000004,7.03168384,21.095051520000002,0.03990401921920999,1.152e-05,1.28e-06,sparse,Gaussian random projection,gaussian_random_projection,0.319,0.3618662938720846,0.3381686443231774,0.017229083000003698,0.24133020799999372,0.0003917089999987411,0.1953655000000083,0.4370931250000041,0.9999928770171381,0.5407061156788838,1.08311987499998,4.610047000000009,0.45656254200000035,28.07734203338623,498.98828125,498.98828125,0.0,0.00989016599999104,0.11257962499999508,0.09361187499999346,0.015163375000000201,0.009743540999991751,0.0002806660000089778,,,,,,,,,,,,,,,,,
5,10,20760516,5000,3,8.0,35188,215034,0.00860136,0.5668620829999895,0.07917037499998969,0,0.0,21.1128,38.0,35158.419200000004,7.03168384,21.095051520000002,0.03990401921920999,1.152e-05,1.28e-06,sparse,Random sampling,random_sampling,0.5718,0.13802140940568372,0.14267633340937066,0.017459958999992864,0.34653874999999346,0.00013195799999721203,0.30178658299999483,0.6484620419999914,1.0570285568696274,0.6955655694824477,1.2944897489999647,6.702049999999986,0.6682300830000116,9.614569664001465,498.98828125,498.98828125,0.0,,,,,,,0.008586749999992094,0.3379264579999983,110017.0,76927.0,0.7,150408.0,,,,,,,,,,,
5,10,20760516,5000,3,8.0,35188,215034,0.00860136,0.5668620829999895,0.07917037499998969,0,0.0,21.1128,38.0,35158.419200000004,7.03168384,21.095051520000002,0.03990401921920999,1.152e-05,1.28e-06,sparse,CountSketch random projection,countsketch_random_projection,0.3096,0.3770369831128261,0.35253787555654925,0.01762837500000103,0.2185019580000045,0.00025383300000214604,0.18469529100001125,0.403455749999992,0.9999930883738418,0.542829291806375,1.049483539999997,4.27827400000001,0.4233974170000039,21.86167335510254,498.98828125,499.015625,0.02734375,,,,,,,,,,,,,0.000629500000002281,165.0,18.0,51.0,0.0,0.0024607919999937167,0.09860329200000706,0.09176604200000327,0.01583666700000208,0.008915999999999258,0.00024150000000133787
6,1,20860507,5000,3,8.0,32487,199004,0.00796016,0.528281750000005,0.07269975000001239,0,0.0,19.4922,37.0,32555.284142080003,6.511056828416001,19.533170485248004,0.027694498899779957,1.152e-05,1.28e-06,sparse,Non-random,non_random,0.52,0.15132358353072733,0.16124849203118452,0.0177920419999964,0.29734512499999255,0.000143167000004496,0.4292122500000062,0.7267072089999971,0.9999999999999999,0.5571567229491687,1.3276820420000206,7.54543799999999,0.7468362500000012,6.873771667480469,499.015625,499.015625,0.0,,,,,,,,,,,,,,,,,,,,,,,
6,1,20860507,5000,3,8.0,32487,199004,0.00796016,0.528281750000005,0.07269975000001239,0,0.0,19.4922,37.0,32555.284142080003,6.511056828416001,19.533170485248004,0.027694498899779957,1.152e-05,1.28e-06,sparse,Gaussian random projection,gaussian_random_projection,0.6812,0.05352801594083912,0.06770640719410201,0.017440958999998202,0.22150400000001014,0.00026170799999647443,0.4767126659999974,0.6984838329999974,0.9999903387678505,0.5403150447160643,1.2994598740000214,7.462762999999995,0.7210220000000049,28.05153179168701,499.015625,511.69921875,12.68359375,0.00962441699999772,0.09120695800000078,0.096873875,0.013926958999988415,0.009571833999999058,0.0002541669999942542,,,,,,,,,,,,,,,,,
6,1,20860507,5000,3,8.0,32487,199004,0.00796016,0.528281750000005,0.07269975000001239,0,0.0,19.4922,37.0,32555.284142080003,6.511056828416001,19.533170485248004,0.027694498899779957,1.152e-05,1.28e-06,sparse,Random sampling,random_sampling,0.777,0.012124837773957738,0.01891223321200599,0.01740666699998883,0.4663905000000028,0.00014166600000464769,0.5307324999999992,0.9972693340000092,1.060849919341335,0.7036523118872343,1.598246166000024,10.49364700000001,1.0168132919999948,8.90351676940918,511.69921875,511.69921875,0.0,,,,,,,0.007838290999998776,0.458529666000004,102002.0,71233.0,0.7,138973.0,,,,,,,,,,,
6,1,20860507,5000,3,8.0,32487,199004,0.00796016,0.528281750000005,0.07269975000001239,0,0.0,19.4922,37.0,32555.284142080003,6.511056828416001,19.533170485248004,0.027694498899779957,1.152e-05,1.28e-06,sparse,CountSketch random projection,countsketch_random_projection,0.6246,0.06702657099202727,0.07864611874436211,0.017310167000005094,0.20492258300001254,0.00039249999998958174,0.7217133749999931,0.9270341670000022,0.9999893528845857,0.5401586807501382,1.5280099580000126,9.564359999999965,0.9465506669999968,21.79771614074707,511.69921875,511.703125,0.00390625,,,,,,,,,,,,,0.0006147499999968886,166.0,15.0,50.0,0.0,0.0022782079999927873,0.08134837500000458,0.09612574999999879,0.013879583000004914,0.010337332999995397,0.00027024999999980537
6,2,20860508,5000,3,8.0,32565,199546,0.00798184,0.5411014589999894,0.07352670800000283,0,0.0,19.539,34.0,32555.284142080003,6.511056828416001,19.533170485248004,0.027694498899779957,1.152e-05,1.28e-06,sparse,Non-random,non_random,0.5152,0.14916249582199848,0.15838780821715495,0.02860729199998957,0.3418471670000116,0.00015633300000672534,0.4303349589999925,0.7723453750000004,0.9999999999999996,0.556055974189265,1.386966626000003,7.77403599999991,0.8034156660000065,6.8923797607421875,511.72265625,511.72265625,0.0,,,,,,,,,,,,,,,,,,,,,,,
6,2,20860508,5000,3,8.0,32565,199546,0.00798184,0.5411014589999894,0.07352670800000283,0,0.0,19.539,34.0,32555.284142080003,6.511056828416001,19.533170485248004,0.027694498899779957,1.152e-05,1.28e-06,sparse,Gaussian random projection,gaussian_random_projection,0.74,0.02781932372079292,0.03929365799235537,0.0176795840000068,0.27299304199999597,0.0002911250000039445,0.5664245829999999,0.8397143330000034,0.9999917943492889,0.539218737937738,1.454336916999992,7.850671000000034,0.8605937079999961,28.057734489440918,511.72265625,518.078125,6.35546875,0.010282000000003677,0.13721099999999353,0.0971410000000077,0.015996749999999338,0.012022125000001438,0.0002740000000045484,,,,,,,,,,,,,,,,,
6,2,20860508,5000,3,8.0,32565,199546,0.00798184,0.5411014589999894,0.07352670800000283,0,0.0,19.539,34.0,32555.284142080003,6.511056828416001,19.533170485248004,0.027694498899779957,1.152e-05,1.28e-06,sparse,Random sampling,random_sampling,0.7694,0.012823836324985363,0.019273102458624247,0.017570667000001094,0.4500090420000049,0.0001417910000043321,0.4765138329999985,0.9266694159999957,1.0618933405776172,0.7029916101301964,1.541292833,9.635718999999995,0.946402875000004,8.954452514648438,518.078125,518.11328125,0.03515625,,,,,,,0.008021083000002704,0.4419643339999908,102273.0,71804.0,0.7,140137.0,,,,,,,,,,,
6,2,20860508,5000,3,8.0,32565,199546,0.00798184,0.5411014589999894,0.07352670800000283,0,0.0,19.539,34.0,32555.284142080003,6.511056828416001,19.533170485248004,0.027694498899779957,1.152e-05,1.28e-06,sparse,CountSketch random projection,countsketch_random_projection,0.706,0.03817610946056896,0.04862979521816225,0.017451041000001055,0.20542475000000593,0.00026145800001131647,0.5023422499999981,0.7080332499999997,0.9999909465418856,0.5398896700289713,1.3226566250000076,7.572149999999965,0.727641833000007,21.803918838500977,518.11328125,518.11328125,0.0,,,,,,,,,,,,,0.0006127919999983078,166.0,15.0,46.0,0.0,0.0022890409999973826,0.08289495799999713,0.09625320899999679,0.013249957999988737,0.009819750000005456,0.0002574170000002596
6,3,20860509,5000,3,8.0,32610,199804,0.00799216,0.5295659580000063,0.0733156669999886,0,0.0,19.566,37.0,32555.284142080003,6.511056828416001,19.533170485248004,0.027694498899779957,1.152e-05,1.28e-06,sparse,Non-random,non_random,0.4542,0.2086206340710307,0.21251690487363353,0.01774025000000279,0.26214920800001096,0.00022958299999231713,0.28945870799999796,0.551845833999991,0.9999999999999999,0.5565996462317364,1.154719123999996,5.765423999999939,0.5720515000000006,6.901237487792969,518.11328125,518.11328125,0.0,,,,,,,,,,,,,,,,,,,,,,,
6,3,20860509,5000,3,8.0,32610,199804,0.00799216,0.5295659580000063,0.0733156669999886,0,0.0,19.566,37.0,32555.284142080003,6.511056828416001,19.533170485248004,0.027694498899779957,1.152e-05,1.28e-06,sparse,Gaussian random projection,gaussian_random_projection,0.7082,0.04229243828782751,0.05439624373662385,0.018636125000000447,0.22618870800000934,0.0002640419999977439,0.5988745410000007,0.8253322500000024,0.9999915810673335,0.53853781258168,1.4282089160000027,8.714977999999974,0.8462001249999958,28.06068706512451,518.11328125,518.11328125,0.0,0.00991537500000561,0.09938766700000201,0.09262416699999676,0.01446458300000586,0.009483750000001123,0.0002635410000095817,,,,,,,,,,,,,,,,,
6,3,20860509,5000,3,8.0,32610,199804,0.00799216,0.5295659580000063,0.0733156669999886,0,0.0,19.566,37.0,32555.284142080003,6.511056828416001,19.533170485248004,0.027694498899779957,1.152e-05,1.28e-06,sparse,Random sampling,random_sampling,0.7542,0.01880335742187498,0.02622514977369857,0.017596874999995293,0.4400630829999983,0.00014558300000544477,0.5286694159999996,0.9688831670000013,1.0629284855801273,0.7041156461418865,1.5717597069999982,10.207543999999984,0.9887682909999995,8.963703155517578,518.11328125,518.1328125,0.01953125,,,,,,,0.007858959000003551,0.432181583000002,102402.0,71879.0,0.7,140249.0,,,,,,,,,,,
6,3,20860509,5000,3,8.0,32610,199804,0.00799216,0.5295659580000063,0.0733156669999886,0,0.0,19.566,37.0,32555.284142080003,6.511056828416001,19.533170485248004,0.027694498899779957,1.152e-05,1.28e-06,sparse,CountSketch random projection,countsketch_random_projection,0.716,0.03535246904714653,0.04648523613296244,0.017623958000001494,0.2086146249999956,0.00043445900000449456,0.5814092090000003,0.7904657079999993,0.9999899473660828,0.5396207737454922,1.3933399179999952,8.348729000000048,0.8104408330000012,21.80687141418457,518.1328125,518.1328125,0.0,,,,,,,,,,,,,0.0006675839999985556,166.0,19.0,49.0,0.0,0.0023857919999983324,0.08980762499999173,0.09291583300000639,0.013554166999995232,0.008908791000010297,0.00028937499999415195
6,4,20860510,5000,3,8.0,32502,199110,0.0079644,0.5374698749999993,0.07366583399999627,0,0.0,19.5012,37.0,32555.284142080003,6.511056828416001,19.533170485248004,0.027694498899779957,1.152e-05,1.28e-06,sparse,Non-random,non_random,0.5818,0.1332501642945209,0.1461437517301015,0.017926666999997565,0.35554487500000675,0.00015308300000071995,0.4288364169999994,0.7845417500000025,0.9999999999999999,0.5567507217608743,1.3956700840000025,8.024135999999999,0.8047889169999962,6.877410888671875,518.1328125,518.1328125,0.0,,,,,,,,,,,,,,,,,,,,,,,
6,4,20860510,5000,3,8.0,32502,199110,0.0079644,0.5374698749999993,0.07366583399999627,0,0.0,19.5012,37.0,32555.284142080003,6.511056828416001,19.533170485248004,0.027694498899779957,1.152e-05,1.28e-06,sparse,Gaussian random projection,gaussian_random_projection,0.749,0.0252984400051119,0.0365167670869029,0.017528499999997393,0.21880333299999677,0.0004259589999975333,0.5352604589999999,0.754497666000006,0.9999918083135525,0.5401043099156241,1.3656254599999897,7.373935000000074,0.7742452080000106,28.05274486541748,518.1328125,519.4453125,1.3125,0.009636999999997897,0.09226495900000486,0.09344045800000345,0.013610458000002268,0.009493208999998615,0.00029662500000426917,,,,,,,,,,,,,,,,,
6,4,20860510,5000,3,8.0,32502,199110,0.0079644,0.5374698749999993,0.07366583399999627,0,0.0,19.5012,37.0,32555.284142080003,6.511056828416001,19.533170485248004,0.027694498899779957,1.152e-05,1.28e-06,sparse,Random sampling,random_sampling,0.7692,0.012962814679354884,0.019212525354646265,0.017478832999998417,0.4890196669999938,0.00016716700000074525,0.5090949580000057,0.9982871670000009,1.061849107934719,0.7040913526985663,1.6094175009999958,10.29909299999997,1.0179195420000013,8.905259132385254,519.4453125,519.4453125,0.0,,,,,,,0.00821200000000033,0.48078133300001014,102055.0,71239.0,0.7,138957.0,,,,,,,,,,,
6,4,20860510,5000,3,8.0,32502,199110,0.0079644,0.5374698749999993,0.07366583399999627,0,0.0,19.5012,37.0,32555.284142080003,6.511056828416001,19.533170485248004,0.027694498899779957,1.152e-05,1.28e-06,sparse,CountSketch random projection,countsketch_random_projection,0.702,0.04750583173621583,0.06025228232837122,0.017594000000002552,0.20834429100000307,0.00025929199999552566,0.5847564580000011,0.7933649589999874,0.9999912526059893,0.5414252493795816,1.4044957499999953,8.38902500000006,0.8131549170000056,21.79892921447754,519.4453125,519.45703125,0.01171875,,,,,,,,,,,,,0.0006159160000009933,166.0,16.0,46.0,0.0,0.0023267919999909736,0.08672079200000837,0.0947613329999939,0.013813416000004963,0.009796374999993418,0.0002607079999989992
6,5,20860511,5000,3,8.0,32651,200054,0.00800216,0.5353008750000043,0.07361720900000535,0,0.0,19.5906,35.0,32555.284142080003,6.511056828416001,19.533170485248004,0.027694498899779957,1.152e-05,1.28e-06,sparse,Non-random,non_random,0.5042,0.1609203470594608,0.17031521787724163,0.017887125000001447,0.2628058330000016,0.00014412500000560158,0.3632631660000101,0.6262196250000045,1.0,0.5570034147631351,1.235131208000027,6.566680000000019,0.646484749999999,6.909820556640625,519.45703125,519.45703125,0.0,,,,,,,,,,,,,,,,,,,,,,,
6,5,20860511,5000,3,8.0,32651,200054,0.00800216,0.5353008750000043,0.07361720900000535,0,0.0,19.5906,35.0,32555.284142080003,6.511056828416001,19.533170485248004,0.027694498899779957,1.152e-05,1.28e-06,sparse,Gaussian random projection,gaussian_random_projection,0.6562,0.05948329830227085,0.07007418447509091,0.017344875000006255,0.2377788749999894,0.0002789170000028207,0.689264541,0.9273276670000001,0.9999915586856811,0.5399763966610305,1.536240417000002,9.50814600000001,0.9468375000000009,28.06354808807373,519.45703125,519.45703125,0.0,0.009902875000008748,0.11112466699999857,0.09203962499999818,0.01376170799998988,0.01061912500000517,0.0002768749999972897,,,,,,,,,,,,,,,,,
6,5,20860511,5000,3,8.0,32651,200054,0.00800216,0.5353008750000043,0.07361720900000535,0,0.0,19.5906,35.0,32555.284142080003,6.511056828416001,19.533170485248004,0.027694498899779957,1.152e-05,1.28e-06,sparse,Random sampling,random_sampling,0.7644,0.01123545985527971,0.01643455162922474,0.017633708999994724,0.5421102499999932,0.00014212499999644024,0.6068210420000071,1.1490782919999987,1.0656673198428879,0.7044290987152148,1.7579915010000065,11.813811999999984,1.1689472500000022,8.979175567626953,519.45703125,519.4765625,0.01953125,,,,,,,0.00782970800000271,0.5342575410000023,102527.0,72046.0,0.7,140544.0,,,,,,,,,,,
6,5,20860511,5000,3,8.0,32651,200054,0.00800216,0.5353008750000043,0.07361720900000535,0,0.0,19.5906,35.0,32555.284142080003,6.511056828416001,19.533170485248004,0.027694498899779957,1.152e-05,1.28e-06,sparse,CountSketch random projection,countsketch_random_projection,0.71,0.0445617173254754,0.057677250919466856,0.017750333999998702,0.2100701669999978,0.00039779200000111814,0.6098716670000073,0.8203455839999947,0.9999908595504362,0.5402352159466419,1.429257710000016,8.093533000000093,0.840256791999991,21.80973243713379,519.4765625,519.4921875,0.015625,,,,,,,,,,,,,0.0006028749999984484,166.0,15.0,42.0,0.0,0.0022672090000099843,0.08846908400001041,0.09625716700000453,0.013443417000004843,0.008690832999988629,0.00026333300000658255
6,6,20860512,5000,3,8.0,33143,202996,0.00811984,0.5439484169999957,0.07521495800000366,0,0.0,19.8858,38.0,32555.284142080003,6.511056828416001,19.533170485248004,0.027694498899779957,1.152e-05,1.28e-06,sparse,Non-random,non_random,0.4858,0.17598702850247303,0.1828260879147236,0.017522374999998647,0.30217724999999973,0.00015245800000229792,0.38273091599999987,0.6850678330000051,0.999999999999999,0.555045276756051,1.3042239990000013,6.929268999999977,0.7051839169999994,7.010826110839844,519.4921875,519.4921875,0.0,,,,,,,,,,,,,,,,,,,,,,,
6,6,20860512,5000,3,8.0,33143,202996,0.00811984,0.5439484169999957,0.07521495800000366,0,0.0,19.8858,38.0,32555.284142080003,6.511056828416001,19.533170485248004,0.027694498899779957,1.152e-05,1.28e-06,sparse,Gaussian random projection,gaussian_random_projection,0.7246,0.0344167844387554,0.04684594593002639,0.017585666999991645,0.22609345800000824,0.00044683299999803694,0.613186749999997,0.8397342920000028,0.9999915143795699,0.537853335562043,1.4588904160000027,8.422986000000037,0.8596092079999949,28.097216606140137,519.4921875,519.4921875,0.0,0.009601291999999262,0.09705404199999634,0.09370658400000309,0.014487500000001319,0.01073616699999036,0.0004294170000065378,,,,,,,,,,,,,,,,,
6,6,20860512,5000,3,8.0,33143,202996,0.00811984,0.5439484169999957,0.07521495800000366,0,0.0,19.8858,38.0,32555.284142080003,6.511056828416001,19.533170485248004,0.027694498899779957,1.152e-05,1.28e-06,sparse,Random sampling,random_sampling,0.75,0.016052690396505972,0.022756340551271497,0.017726624999994556,0.41692908399998885,0.00014495800000702275,0.5134769159999877,0.9305554580000006,1.0631410714279175,0.7023907510593667,1.549714332999983,9.43382900000006,0.9505330830000105,9.103775024414062,519.4921875,519.50390625,0.01171875,,,,,,,0.007935917000011727,0.40896820799999034,103998.0,72995.0,0.7,142480.0,,,,,,,,,,,
6,6,20860512,5000,3,8.0,33143,202996,0.00811984,0.5439484169999957,0.07521495800000366,0,0.0,19.8858,38.0,32555.284142080003,6.511056828416001,19.533170485248004,0.027694498899779957,1.152e-05,1.28e-06,sparse,CountSketch random projection,countsketch_random_projection,0.7038,0.037034429498108305,0.048224974786024,0.017362957999992545,0.2077885829999957,0.00026083400000231904,0.7172953339999992,0.9253498750000091,0.999988008748149,0.5384452431586629,1.5445081259999967,9.435272000000055,0.9449540840000026,21.843400955200195,519.50390625,519.50390625,0.0,,,,,,,,,,,,,0.0006231670000005352,166.0,17.0,43.0,0.0,0.0023241250000012315,0.08225774999999658,0.09889270800000816,0.013694959000005724,0.00968650000000082,0.0002597499999978936
6,7,20860513,5000,3,8.0,32337,198158,0.00792632,0.5298860420000011,0.07309491699999171,0,0.0,19.4022,40.0,32555.284142080003,6.511056828416001,19.533170485248004,0.027694498899779957,1.152e-05,1.28e-06,sparse,Non-random,non_random,0.4946,0.16915597160655307,0.17804551365425042,0.01791245900000149,0.29005345899999213,0.00022370900001078553,0.36634091700000226,0.6566261250000025,0.9999999999999997,0.5575410750740661,1.259599043999998,6.782511999999997,0.6773560829999923,6.8447265625,519.50390625,519.50390625,0.0,,,,,,,,,,,,,,,,,,,,,,,
6,7,20860513,5000,3,8.0,32337,198158,0.00792632,0.5298860420000011,0.07309491699999171,0,0.0,19.4022,40.0,32555.284142080003,6.511056828416001,19.533170485248004,0.027694498899779957,1.152e-05,1.28e-06,sparse,Gaussian random projection,gaussian_random_projection,0.6626,0.054125234745422135,0.06742316194696087,0.01741337500000384,0.2185657920000068,0.00028683400000772963,0.5135262910000051,0.7323851249999933,0.9999913630279134,0.5401462134907957,1.3353598760000125,7.725427999999965,0.7520266670000098,28.041850090026855,519.50390625,519.50390625,0.0,0.009520667000003868,0.09112679199999718,0.09485991700000795,0.013407958999991365,0.009164834000003452,0.00044112500000892396,,,,,,,,,,,,,,,,,
6,7,20860513,5000,3,8.0,32337,198158,0.00792632,0.5298860420000011,0.07309491699999171,0,0.0,19.4022,40.0,32555.284142080003,6.511056828416001,19.533170485248004,0.027694498899779957,1.152e-05,1.28e-06,sparse,Random sampling,random_sampling,0.7646,0.013302288832793167,0.019892671081944216,0.017634999999998513,0.5961102499999953,0.0001453329999918651,0.5542551669999938,1.1505156669999934,1.0594056883307674,0.7028293699547654,1.7534917089999738,12.082719999999995,1.170402750000008,8.87500286102295,519.50390625,519.50390625,0.0,,,,,,,0.007781708000010212,0.5883052920000011,101579.0,71061.0,0.7,138629.0,,,,,,,,,,,
6,7,20860513,5000,3,8.0,32337,198158,0.00792632,0.5298860420000011,0.07309491699999171,0,0.0,19.4022,40.0,32555.284142080003,6.511056828416001,19.533170485248004,0.027694498899779957,1.152e-05,1.28e-06,sparse,CountSketch random projection,countsketch_random_projection,0.7196,0.03415219102276561,0.04449045568550388,0.017445957999996153,0.20594466699999714,0.00045399999999062857,0.6013207910000062,0.8077256669999997,0.999990810720883,0.5406764607198601,1.4107004169999868,8.573367000000076,0.8273345830000096,21.788034439086914,519.50390625,525.84765625,6.34375,,,,,,,,,,,,,0.0006036670000071354,166.0,18.0,43.0,0.0,0.0022600409999995463,0.08453104199999473,0.0948582080000051,0.013263457999997286,0.010080500000000825,0.0002758339999928694
6,8,20860514,5000,3,8.0,32631,199824,0.00799296,0.5325505420000098,0.075519958000001,0,0.0,19.5786,38.0,32555.284142080003,6.511056828416001,19.533170485248004,0.027694498899779957,1.152e-05,1.28e-06,sparse,Non-random,non_random,0.4796,0.18617589782011307,0.19441680047130316,0.017676334000000793,0.2882899580000071,0.00015341599998919264,0.3651071249999944,0.6535572920000021,1.0000000000000007,0.556401522729138,1.2616209990000016,6.670920000000024,0.673670541000007,6.901924133300781,525.84765625,525.84765625,0.0,,,,,,,,,,,,,,,,,,,,,,,
6,8,20860514,5000,3,8.0,32631,199824,0.00799296,0.5325505420000098,0.075519958000001,0,0.0,19.5786,38.0,32555.284142080003,6.511056828416001,19.533170485248004,0.027694498899779957,1.152e-05,1.28e-06,sparse,Gaussian random projection,gaussian_random_projection,0.6952,0.04971218359251687,0.06284653260808998,0.017766833999999676,0.2210970419999967,0.00026087499999505326,0.5266378750000058,0.7480012919999979,0.9999912677916751,0.5396076700292265,1.3560662920000084,7.811638000000016,0.7679474579999948,28.06091594696045,525.84765625,525.84765625,0.0,0.009690375000005247,0.09269920799999909,0.09386545799999624,0.014119542000003094,0.01041170800000657,0.00026375000000200544,,,,,,,,,,,,,,,,,
6,8,20860514,5000,3,8.0,32631,199824,0.00799296,0.5325505420000098,0.075519958000001,0,0.0,19.5786,38.0,32555.284142080003,6.511056828416001,19.533170485248004,0.027694498899779957,1.152e-05,1.28e-06,sparse,Random sampling,random_sampling,0.762,0.015891746381051546,0.022428736562215255,0.017280333999991626,0.4581014169999804,0.0001415420000228096,0.5410932090000244,0.9993412919999969,1.061336314466648,0.7038940855654024,1.6074066680000385,10.540571,1.0188476250000065,8.947305679321289,525.84765625,525.84765625,0.0,,,,,,,0.007928415999998606,0.4501482919999944,102412.0,71639.0,0.7,139766.0,,,,,,,,,,,
6,8,20860514,5000,3,8.0,32631,199824,0.00799296,0.5325505420000098,0.075519958000001,0,0.0,19.5786,38.0,32555.284142080003,6.511056828416001,19.533170485248004,0.027694498899779957,1.152e-05,1.28e-06,sparse,CountSketch random projection,countsketch_random_projection,0.713,0.045871260148693256,0.059457556017457246,0.017145999999996775,0.20320029199999112,0.00026141600000073595,0.5532881669999767,0.7567554579999864,0.9999903855212959,0.5398749934347624,1.3648203749999794,8.075016000000005,0.776064582999993,21.807100296020508,525.84765625,525.84765625,0.0,,,,,,,,,,,,,0.000601041999999552,166.0,16.0,48.0,0.0,0.002288334000013492,0.08098762499997747,0.09587516600001322,0.013338790999995354,0.00980770799998254,0.00025533299998414805
6,9,20860515,5000,3,8.0,32748,200566,0.00802264,0.539431417000003,0.07339508399999772,0,0.0,19.6488,36.0,32555.284142080003,6.511056828416001,19.533170485248004,0.027694498899779957,1.152e-05,1.28e-06,sparse,Non-random,non_random,0.4818,0.17962652225186768,0.1860448125094975,0.01803758400001243,0.25219858299999487,0.00014229200002091602,0.31472729099999697,0.567074875000003,1.0,0.556653770178239,1.1798946670000134,5.958687999999938,0.5874462499999993,6.927398681640625,525.875,525.875,0.0,,,,,,,,,,,,,,,,,,,,,,,
6,9,20860515,5000,3,8.0,32748,200566,0.00802264,0.539431417000003,0.07339508399999772,0,0.0,19.6488,36.0,32555.284142080003,6.511056828416001,19.533170485248004,0.027694498899779957,1.152e-05,1.28e-06,sparse,Gaussian random projection,gaussian_random_projection,0.6862,0.04627304769875524,0.060312097920525755,0.017784500000004755,0.21910483300001715,0.000262583000022687,0.5782889999999838,0.7976615839999965,0.9999886548257745,0.5392450361095482,1.4104829170000244,8.442703999999935,0.8177920420000078,28.06940746307373,525.875,525.875,0.0,0.009582625000007283,0.09375091699999416,0.09222712499999375,0.01374899999999002,0.009501499999998941,0.0002545829999860416,,,,,,,,,,,,,,,,,
6,9,20860515,5000,3,8.0,32748,200566,0.00802264,0.539431417000003,0.07339508399999772,0,0.0,19.6488,36.0,32555.284142080003,6.511056828416001,19.533170485248004,0.027694498899779957,1.152e-05,1.28e-06,sparse,Random sampling,random_sampling,0.7834,0.008545550345644397,0.012811535043995235,0.018434333000016068,0.45046141699998543,0.00014950000002045272,0.5413421249999999,0.9919578330000149,1.06203847711359,0.7039938134749097,1.6047795430000065,10.379390999999941,1.0126042500000096,8.981744766235352,525.875,525.875,0.0,,,,,,,0.008049833000001172,0.44238924999999085,102783.0,71928.0,0.7,140337.0,,,,,,,,,,,
6,9,20860515,5000,3,8.0,32748,200566,0.00802264,0.539431417000003,0.07339508399999772,0,0.0,19.6488,36.0,32555.284142080003,6.511056828416001,19.533170485248004,0.027694498899779957,1.152e-05,1.28e-06,sparse,CountSketch random projection,countsketch_random_projection,0.6696,0.05387125956648749,0.06549076030386863,0.019723249999998416,0.21217304200001763,0.0002507080000100359,0.6438732500000128,0.8563028750000115,0.9999920033216049,0.5400562122087433,1.4691235010000412,8.84170000000006,0.8782464999999888,21.81559181213379,525.875,526.32421875,0.44921875,,,,,,,,,,,,,0.000606415999982346,166.0,15.0,44.0,0.0,0.002286083999990751,0.09105670799999643,0.09549929199999951,0.01381195799999091,0.008609083000010287,0.00025737499998967905
6,10,20860516,5000,3,8.0,32492,199002,0.00796008,0.5482766249999997,0.07360379200000011,0,0.0,19.4952,36.0,32555.284142080003,6.511056828416001,19.533170485248004,0.027694498899779957,1.152e-05,1.28e-06,sparse,Non-random,non_random,0.5414,0.14245711927644353,0.15145781512362091,0.017575750000020207,0.33634812500000066,0.00014354199998933836,0.4343643749999728,0.7708625420000033,0.9999999999999989,0.5568485137303596,1.3927364589999627,7.883703999999966,0.7908817499999827,6.8737030029296875,526.32421875,526.32421875,0.0,,,,,,,,,,,,,,,,,,,,,,,
6,10,20860516,5000,3,8.0,32492,199002,0.00796008,0.5482766249999997,0.07360379200000011,0,0.0,19.4952,36.0,32555.284142080003,6.511056828416001,19.533170485248004,0.027694498899779957,1.152e-05,1.28e-06,sparse,Gaussian random projection,gaussian_random_projection,0.6738,0.04902008988779977,0.0591364711292251,0.01777704200000585,0.22973933399998714,0.00027091599997675075,0.6016875839999898,0.8317030000000045,0.999991570036048,0.5399803468998526,1.4535782509999535,8.534235999999964,0.8516903749999756,28.051508903503418,526.32421875,532.6796875,6.35546875,0.00973395799999821,0.09285833299998103,0.0996897919999924,0.01732275000000527,0.00980237499999248,0.0002809590000083517,,,,,,,,,,,,,,,,,
6,10,20860516,5000,3,8.0,32492,199002,0.00796008,0.5482766249999997,0.07360379200000011,0,0.0,19.4952,36.0,32555.284142080003,6.511056828416001,19.533170485248004,0.027694498899779957,1.152e-05,1.28e-06,sparse,Random sampling,random_sampling,0.7792,0.00955295741328466,0.013994844315645408,0.017608249999994996,0.466566499999999,0.00015066599999613572,0.49258083399999464,0.959303583999997,1.0613785334222599,0.7035943221902209,1.5811784169999896,10.076359000000025,0.9791409999999985,8.91773796081543,532.6796875,532.6796875,0.0,,,,,,,0.007858999999996286,0.4586813749999976,102001.0,71434.0,0.7,139385.0,,,,,,,,,,,
6,10,20860516,5000,3,8.0,32492,199002,0.00796008,0.5482766249999997,0.07360379200000011,0,0.0,19.4952,36.0,32555.284142080003,6.511056828416001,19.533170485248004,0.027694498899779957,1.152e-05,1.28e-06,sparse,CountSketch random projection,countsketch_random_projection,0.7034,0.04574444290929765,0.05760567302388221,0.01769220799999971,0.21287891700001182,0.000267915999984325,0.5592950420000022,0.7724470419999818,0.9999910783553563,0.5391918741480447,1.3943222919999982,8.165738999999917,0.7923235840000018,21.797693252563477,532.6796875,532.6796875,0.0,,,,,,,,,,,,,0.0006060420000153499,166.0,18.0,45.0,0.0,0.0022764580000114165,0.09356149999999275,0.09291058400000907,0.013861000000019885,0.009312999999991689,0.00029033299998104667
8,1,21060507,5000,3,8.0,29783,182980,0.0073192,0.4931047089999936,0.06720979199999988,0,0.0,17.8698,34.0,29968.0192,5.99360384,17.98081152,0.015559414403889181,1.152e-05,1.28e-06,sparse,Non-random,non_random,0.8454,0.0030642749249323014,0.0074997383623416,0.017628958000017292,0.4394685000000038,0.00016158299999347037,0.6862297079999848,1.1258661670000265,1.0000000000000004,0.5650385735017046,1.6861742919999756,11.71327999999994,1.1457978330000174,6.323631286621094,532.69921875,532.69921875,0.0,,,,,,,,,,,,,,,,,,,,,,,
8,1,21060507,5000,3,8.0,29783,182980,0.0073192,0.4931047089999936,0.06720979199999988,0,0.0,17.8698,34.0,29968.0192,5.99360384,17.98081152,0.015559414403889181,1.152e-05,1.28e-06,sparse,Gaussian random projection,gaussian_random_projection,0.8494,0.0023145058763973715,0.006222051596153941,0.018696207999994385,0.21614154200000257,0.0002604169999926853,0.7517801250000105,0.9681873749999852,0.999987239941531,0.5485309005543213,1.5284965849999992,10.08412599999997,0.988979999999998,28.183520317077637,532.69921875,546.69140625,13.9921875,0.009696875000003047,0.08343804100002217,0.09988933399998245,0.013099458999988656,0.009512540999992325,0.00045600000001400076,,,,,,,,,,,,,,,,,
8,1,21060507,5000,3,8.0,29783,182980,0.0073192,0.4931047089999936,0.06720979199999988,0,0.0,17.8698,34.0,29968.0192,5.99360384,17.98081152,0.015559414403889181,1.152e-05,1.28e-06,sparse,Random sampling,random_sampling,0.8348,0.0030565833579404454,0.007293818796308184,0.01777291600001263,0.5434377080000274,0.00017087499998069688,0.7034274999999752,1.2470413750000091,1.065188096806479,0.7134921740024929,1.8073505839999768,12.802774,1.267001209,8.234274864196777,546.69140625,546.69140625,0.0,,,,,,,0.007242832999992288,0.5361702500000263,93990.0,66126.0,0.7,128743.0,,,,,,,,,,,
8,1,21060507,5000,3,8.0,29783,182980,0.0073192,0.4931047089999936,0.06720979199999988,0,0.0,17.8698,34.0,29968.0192,5.99360384,17.98081152,0.015559414403889181,1.152e-05,1.28e-06,sparse,CountSketch random projection,countsketch_random_projection,0.8434,0.0024723561140008736,0.006461157782047505,0.018303584000022965,0.20308170800001335,0.00040349999997602026,0.670973416999999,0.8744649999999865,0.9999885818300416,0.548227746160342,1.4347731259999819,9.174396999999999,0.8955055419999951,21.853410720825195,546.69140625,546.73046875,0.0390625,,,,,,,,,,,,,0.0010517499999878055,168.0,14.0,44.0,0.0,0.0039029589999870495,0.07939833300000032,0.0962721249999845,0.013206959000001461,0.008817292000003363,0.0003526250000049913
8,2,21060508,5000,3,8.0,29908,183752,0.00735008,0.5062424159999921,0.06823837500002128,0,0.0,17.9448,35.0,29968.0192,5.99360384,17.98081152,0.015559414403889181,1.152e-05,1.28e-06,sparse,Non-random,non_random,0.8376,0.0035229248785337134,0.008302338579378008,0.017896667000002253,0.4195598329999939,0.0001604999999926804,0.6513264999999819,1.0710530830000096,0.9999999999999994,0.5645383367157872,1.6455276239999819,10.927189999999882,1.0912217500000168,6.350135803222656,546.73046875,546.73046875,0.0,,,,,,,,,,,,,,,,,,,,,,,
8,2,21060508,5000,3,8.0,29908,183752,0.00735008,0.5062424159999921,0.06823837500002128,0,0.0,17.9448,35.0,29968.0192,5.99360384,17.98081152,0.015559414403889181,1.152e-05,1.28e-06,sparse,Gaussian random projection,gaussian_random_projection,0.8484,0.001490734788483333,0.004688024906663452,0.01727662500002225,0.21224637500000654,0.00041425000000572254,0.7405597499999885,0.9532271660000049,0.9999874718296776,0.5476570809427247,1.5277011660000142,9.953995999999961,0.9726231250000126,28.192355155944824,546.73046875,546.73046875,0.0,0.009658666999996512,0.08410749999998757,0.09558941600002413,0.013227709000005916,0.009237624999997252,0.000359542000012425,,,,,,,,,,,,,,,,,
8,2,21060508,5000,3,8.0,29908,183752,0.00735008,0.5062424159999921,0.06823837500002128,0,0.0,17.9448,35.0,29968.0192,5.99360384,17.98081152,0.015559414403889181,1.152e-05,1.28e-06,sparse,Random sampling,random_sampling,0.8494,0.0015279881750411995,0.004896985912288675,0.0179896660000054,0.765253916000006,0.00016195800000673444,0.6658534590000045,1.4312742919999835,1.063460234806018,0.7128688678365931,2.0057501240000306,13.765662999999904,1.4514775829999849,8.247390747070312,546.73046875,546.73046875,0.0,,,,,,,0.007290500000010525,0.7579393340000138,94376.0,66093.0,0.7,128689.0,,,,,,,,,,,
8,2,21060508,5000,3,8.0,29908,183752,0.00735008,0.5062424159999921,0.06823837500002128,0,0.0,17.9448,35.0,29968.0192,5.99360384,17.98081152,0.015559414403889181,1.152e-05,1.28e-06,sparse,CountSketch random projection,countsketch_random_projection,0.8512,0.000842633076761616,0.0037352462588180506,0.01735154200000011,0.20761387499999273,0.00027966700000092715,0.7273229590000199,0.9352227500000083,0.9999876800014385,0.5469471321997105,1.509697292000027,9.685790999999881,0.9547582909999903,21.862245559692383,546.73046875,546.74609375,0.015625,,,,,,,,,,,,,0.0006262500000104865,168.0,18.0,45.0,0.0,0.0021145409999974163,0.08444049999999947,0.09694129199999679,0.013230542000002288,0.009873125000012806,0.0003257910000229458
8,3,21060509,5000,3,8.0,30100,184906,0.00739624,0.5102929170000152,0.06734933399999932,0,0.0,18.06,35.0,29968.0192,5.99360384,17.98081152,0.015559414403889181,1.152e-05,1.28e-06,sparse,Non-random,non_random,0.8362,0.003735454355190169,0.008597696288776588,0.019461042000017414,0.44338412499999436,0.00016445800000042254,0.6937149169999941,1.1372697919999837,0.9999999999999994,0.5637388410468407,1.7149057510000034,11.487086999999974,1.1592219999999998,6.3897552490234375,546.74609375,546.74609375,0.0,,,,,,,,,,,,,,,,,,,,,,,
8,3,21060509,5000,3,8.0,30100,184906,0.00739624,0.5102929170000152,0.06734933399999932,0,0.0,18.06,35.0,29968.0192,5.99360384,17.98081152,0.015559414403889181,1.152e-05,1.28e-06,sparse,Gaussian random projection,gaussian_random_projection,0.8448,0.0017420273289156592,0.00530405888983366,0.017591832999983126,0.21095916599998077,0.00029370799998673647,0.6244274579999853,0.835685667000007,0.9999885797069493,0.5469570862278536,1.4133225829999674,8.88993000000005,0.8553748750000238,28.205561637878418,546.74609375,546.74609375,0.0,0.009761207999986254,0.08404058300001793,0.09487066700000923,0.01332029100001364,0.00854966700001114,0.0003641669999865371,,,,,,,,,,,,,,,,,
8,3,21060509,5000,3,8.0,30100,184906,0.00739624,0.5102929170000152,0.06734933399999932,0,0.0,18.06,35.0,29968.0192,5.99360384,17.98081152,0.015559414403889181,1.152e-05,1.28e-06,sparse,Random sampling,random_sampling,0.844,0.002080468854187171,0.005785660243869386,0.01771633399999928,0.4993735420000007,0.00017483400000628535,0.718897625000011,1.2184517910000068,1.05850900471524,0.710318214424725,1.7960882520000325,12.600338000000193,1.2387945419999937,8.290667533874512,546.74609375,546.74609375,0.0,,,,,,,0.010580041999986634,0.4887641250000172,94953.0,66371.0,0.7,129296.0,,,,,,,,,,,
8,3,21060509,5000,3,8.0,30100,184906,0.00739624,0.5102929170000152,0.06734933399999932,0,0.0,18.06,35.0,29968.0192,5.99360384,17.98081152,0.015559414403889181,1.152e-05,1.28e-06,sparse,CountSketch random projection,countsketch_random_projection,0.8496,0.0017871565869642572,0.0054125001029204966,0.018457208000000946,0.20367924999999332,0.00029075000000489126,0.8246374580000122,1.0286127080000256,0.9999895363136369,0.5465338863897394,1.606249709000025,10.180074000000104,1.049219667000017,21.875452041625977,546.74609375,546.77734375,0.03125,,,,,,,,,,,,,0.0006255419999945389,168.0,15.0,44.0,0.0,0.00220595799999046,0.0784800829999881,0.09879141700000105,0.012973625000000766,0.01011941699999852,0.0004207499999893116
8,4,21060510,5000,3,8.0,29716,182492,0.00729968,0.4993504580000092,0.06665000000000987,0,0.0,17.8296,35.0,29968.0192,5.99360384,17.98081152,0.015559414403889181,1.152e-05,1.28e-06,sparse,Non-random,non_random,0.8434,0.003924286693103824,0.008946162444917477,0.01831724999999551,0.40743304199997965,0.00016520799999852898,0.6900163330000169,1.0976221669999973,0.9999999999999997,0.5652055936430973,1.6636150410000141,10.392603000000008,1.118267584000023,6.306877136230469,546.77734375,546.79296875,0.015625,,,,,,,,,,,,,,,,,,,,,,,
8,4,21060510,5000,3,8.0,29716,182492,0.00729968,0.4993504580000092,0.06665000000000987,0,0.0,17.8296,35.0,29968.0192,5.99360384,17.98081152,0.015559414403889181,1.152e-05,1.28e-06,sparse,Gaussian random projection,gaussian_random_projection,0.841,0.0024409813477043944,0.006395621258092961,0.01777879200000143,0.22970983300001535,0.00026750000000674845,0.7069395000000043,0.9369222500000092,0.9999908369600295,0.5484636055672084,1.5029172910000455,9.378868000000011,0.956847874999994,28.17793560028076,546.79296875,546.79296875,0.0,0.009754040999979452,0.09714195899999822,0.10039562500000443,0.013270833000007087,0.008728999999988218,0.00036962499999049214,,,,,,,,,,,,,,,,,
8,4,21060510,5000,3,8.0,29716,182492,0.00729968,0.4993504580000092,0.06665000000000987,0,0.0,17.8296,35.0,29968.0192,5.99360384,17.98081152,0.015559414403889181,1.152e-05,1.28e-06,sparse,Random sampling,random_sampling,0.851,0.001961091400692274,0.005757189417158714,0.01994929100001741,0.6291961670000035,0.00032745900000463735,0.7104571659999976,1.339988792000014,1.05946207182872,0.7126174251549571,1.9059812500000248,8.816197000000102,1.3620097090000058,8.176194190979004,546.79296875,546.79296875,0.0,,,,,,,0.007228916000002528,0.6219307920000006,93746.0,65428.0,0.7,127349.0,,,,,,,,,,,
8,4,21060510,5000,3,8.0,29716,182492,0.00729968,0.4993504580000092,0.06665000000000987,0,0.0,17.8296,35.0,29968.0192,5.99360384,17.98081152,0.015559414403889181,1.152e-05,1.28e-06,sparse,CountSketch random projection,countsketch_random_projection,0.845,0.0024381372790136598,0.006471922449501644,0.01782875000000672,0.2492143750000082,0.0002940419999788446,0.7623147920000122,1.0118291250000198,0.9999888553439029,0.5489609554485219,1.5778236670000183,9.449470999999903,1.0317684999999983,21.847999572753906,546.79296875,546.828125,0.03515625,,,,,,,,,,,,,0.0006318749999820739,168.0,14.0,49.0,0.0,0.0021865000000218515,0.12901737500001786,0.09394504200000142,0.012905000000017708,0.009946458000001712,0.0005203750000077889
8,5,21060511,5000,3,8.0,30068,184596,0.00738384,0.5064180409999892,0.07414266700001804,0,0.0,18.0408,33.0,29968.0192,5.99360384,17.98081152,0.015559414403889181,1.152e-05,1.28e-06,sparse,Non-random,non_random,0.8442,0.003052015464014928,0.00739122809419952,0.017906750000008742,0.5868003750000241,0.00019595800000615782,0.8362417080000171,1.4232457919999888,0.9999999999999992,0.563723011814919,2.0037987490000546,13.421811000000162,1.4433939580000015,6.379112243652344,546.828125,546.828125,0.0,,,,,,,,,,,,,,,,,,,,,,,
8,5,21060511,5000,3,8.0,30068,184596,0.00738384,0.5064180409999892,0.07414266700001804,0,0.0,18.0408,33.0,29968.0192,5.99360384,17.98081152,0.015559414403889181,1.152e-05,1.28e-06,sparse,Gaussian random projection,gaussian_random_projection,0.8518,0.001876431656303847,0.0056787190107283865,0.019180250000005117,0.24435854099999688,0.00028212500001245644,0.7008876659999999,0.9455342500000086,0.9999845330750952,0.5468421247308237,1.5260890400000164,9.660160000000133,0.9686247909999963,28.202013969421387,546.828125,559.67578125,12.84765625,0.01493458400000236,0.11141970799999967,0.09432595800001309,0.013132791999993287,0.010101624999975911,0.0003787499999816646,,,,,,,,,,,,,,,,,
8,5,21060511,5000,3,8.0,30068,184596,0.00738384,0.5064180409999892,0.07414266700001804,0,0.0,18.0408,33.0,29968.0192,5.99360384,17.98081152,0.015559414403889181,1.152e-05,1.28e-06,sparse,Random sampling,random_sampling,0.8488,0.0012448947114655166,0.00441316013315534,0.022232999999999947,0.7494838749999815,0.00026324999998905696,0.8495619579999811,1.5993163750000008,1.0625844842365824,0.7118202732608248,2.179869790999959,12.363812000000053,1.6236751250000054,8.281864166259766,559.67578125,559.73828125,0.0625,,,,,,,0.0073043749999897045,0.7421450829999969,94798.0,66355.0,0.7,129203.0,,,,,,,,,,,
8,5,21060511,5000,3,8.0,30068,184596,0.00738384,0.5064180409999892,0.07414266700001804,0,0.0,18.0408,33.0,29968.0192,5.99360384,17.98081152,0.015559414403889181,1.152e-05,1.28e-06,sparse,CountSketch random projection,countsketch_random_projection,0.851,0.001783412593889675,0.005396966413770849,0.019412082999991753,0.22406662500000607,0.00027358300002333635,0.7865832909999995,1.0109291249999899,0.9999888333350688,0.5471763861011655,1.5914842070000361,7.826634000000013,1.032566083000006,21.871904373168945,559.73828125,559.73828125,0.0,,,,,,,,,,,,,0.0006740830000069309,168.0,16.0,46.0,0.0,0.002446541000011848,0.08756041699999173,0.10227070799999183,0.01929337499998951,0.011384875000004513,0.0003708749999873362
8,6,21060512,5000,3,8.0,30048,184546,0.00738184,0.5299357499999928,0.07149700000002213,0,0.0,18.0288,33.0,29968.0192,5.99360384,17.98081152,0.015559414403889181,1.152e-05,1.28e-06,sparse,Non-random,non_random,0.8474,0.0025668063690945687,0.00662340147499298,0.021343875000013668,0.5299638330000107,0.00021962499999972351,0.7819801659999825,1.3121712909999985,1.0000000000000007,0.5629263251014164,1.913596374000008,10.30054999999993,1.3358379579999848,6.3773956298828125,559.73828125,559.73828125,0.0,,,,,,,,,,,,,,,,,,,,,,,
8,6,21060512,5000,3,8.0,30048,184546,0.00738184,0.5299357499999928,0.07149700000002213,0,0.0,18.0288,33.0,29968.0192,5.99360384,17.98081152,0.015559414403889181,1.152e-05,1.28e-06,sparse,Gaussian random projection,gaussian_random_projection,0.8402,0.003342703765804646,0.007841214106309944,0.017720459000003075,0.29672624999997765,0.0002819999999985612,0.6763407090000157,0.9733542079999893,0.9999858782949117,0.546948327384587,1.574781709000007,5.544700000000148,0.9941836659999979,28.201441764831543,559.73828125,559.73828125,0.0,0.011249541000012186,0.14535804199999802,0.11186016599998538,0.015679625000018405,0.012075457999998207,0.0004405839999890304,,,,,,,,,,,,,,,,,
8,6,21060512,5000,3,8.0,30048,184546,0.00738184,0.5299357499999928,0.07149700000002213,0,0.0,18.0288,33.0,29968.0192,5.99360384,17.98081152,0.015559414403889181,1.152e-05,1.28e-06,sparse,Random sampling,random_sampling,0.8518,0.0009405390211244794,0.003990894503318428,0.03041620800001965,0.5906058329999837,0.0001627500000154214,0.7156715830000167,1.306445416999992,1.0645353743536108,0.7130662766406761,1.9078729160000307,9.998504000000139,1.3390276659999927,8.273493766784668,559.73828125,559.73828125,0.0,,,,,,,0.007402458999990813,0.5831779170000004,94773.0,66263.0,0.7,128982.0,,,,,,,,,,,
8,6,21060512,5000,3,8.0,30048,184546,0.00738184,0.5299357499999928,0.07149700000002213,0,0.0,18.0288,33.0,29968.0192,5.99360384,17.98081152,0.015559414403889181,1.152e-05,1.28e-06,sparse,CountSketch random projection,countsketch_random_projection,0.8452,0.0019727502976999212,0.005539704280734939,0.020516874999998436,0.21206270900000845,0.0002811249999865595,0.6547529589999783,0.8671023329999912,0.9999841973771237,0.5467085780142291,1.4685295429999883,6.9153949999999895,0.8898367920000112,21.8713321685791,559.73828125,559.73828125,0.0,,,,,,,,,,,,,0.0007226669999909063,168.0,17.0,50.0,0.0,0.0021532079999815323,0.08815837500000612,0.09709304099999372,0.01299012500001595,0.010538250000024618,0.00034454200002187463
8,7,21060513,5000,3,8.0,30049,184574,0.00738296,0.5057055839999975,0.08262024999999085,0,0.0,18.0294,39.0,29968.0192,5.99360384,17.98081152,0.015559414403889181,1.152e-05,1.28e-06,sparse,Non-random,non_random,0.8438,0.003687647481942775,0.008467293760569638,0.018544749999989563,0.4243753330000004,0.00016237500000215732,0.7041834999999992,1.1287280420000059,0.9999999999999999,0.5633835571352014,1.7170470419999901,10.733741000000009,1.149612832999992,6.37835693359375,559.73828125,559.73828125,0.0,,,,,,,,,,,,,,,,,,,,,,,
8,7,21060513,5000,3,8.0,30049,184574,0.00738296,0.5057055839999975,0.08262024999999085,0,0.0,18.0294,39.0,29968.0192,5.99360384,17.98081152,0.015559414403889181,1.152e-05,1.28e-06,sparse,Gaussian random projection,gaussian_random_projection,0.8462,0.0015560142095785924,0.004941872793477118,0.01834779200001435,0.21594812499998284,0.00029324999999857937,0.6362004169999977,0.8524475000000109,0.9999863857745449,0.5471612723615262,1.4407676259999675,8.780933000000005,0.8728760839999836,28.201762199401855,559.73828125,559.73828125,0.0,0.009754708000002665,0.08448829100001376,0.09735929199999305,0.012834292000007963,0.011056416999991825,0.00039508300000079544,,,,,,,,,,,,,,,,,
8,7,21060513,5000,3,8.0,30049,184574,0.00738296,0.5057055839999975,0.08262024999999085,0,0.0,18.0294,39.0,29968.0192,5.99360384,17.98081152,0.015559414403889181,1.152e-05,1.28e-06,sparse,Random sampling,random_sampling,0.852,0.0011162872088928306,0.004187951770662215,0.017536082999981772,0.5626781670000014,0.00016174999998952444,0.7607563749999997,1.3236015000000236,1.0624126753162293,0.7128605476542378,1.911922125999979,12.94698100000005,1.3432765420000123,8.279571533203125,559.73828125,559.73828125,0.0,,,,,,,0.0075470419999987826,0.5551047909999909,94787.0,66334.0,0.7,129146.0,,,,,,,,,,,
8,7,21060513,5000,3,8.0,30049,184574,0.00738296,0.5057055839999975,0.08262024999999085,0,0.0,18.0294,39.0,29968.0192,5.99360384,17.98081152,0.015559414403889181,1.152e-05,1.28e-06,sparse,CountSketch random projection,countsketch_random_projection,0.8514,0.001916463043262771,0.005706905383809842,0.017712375000002112,0.20035941699998716,0.00025462499999662214,0.8749299170000029,1.0755488329999991,0.9999886182726421,0.5474905379909547,1.663869792999975,10.676347999999962,1.0954167090000055,21.871846199035645,559.73828125,559.73828125,0.0,,,,,,,,,,,,,0.000627334000000701,168.0,19.0,44.0,0.0,0.0021056249999844567,0.07481004100000632,0.09939433299999223,0.014056541999991623,0.008982833000004575,0.0003345419999902788
8,8,21060514,5000,3,8.0,29954,184092,0.00736368,0.5255725410000025,0.06791150000000812,0,0.0,17.9724,34.0,29968.0192,5.99360384,17.98081152,0.015559414403889181,1.152e-05,1.28e-06,sparse,Non-random,non_random,0.8478,0.001688048886316568,0.005212771926702537,0.018377665999992132,0.4120460829999786,0.00017558400000439178,0.7360079999999982,1.148237542000004,0.9999999999999996,0.564038166009489,1.7417137079999918,10.74748899999986,1.1689125839999974,6.361808776855469,559.73828125,559.73828125,0.0,,,,,,,,,,,,,,,,,,,,,,,
8,8,21060514,5000,3,8.0,29954,184092,0.00736368,0.5255725410000025,0.06791150000000812,0,0.0,17.9724,34.0,29968.0192,5.99360384,17.98081152,0.015559414403889181,1.152e-05,1.28e-06,sparse,Gaussian random projection,gaussian_random_projection,0.849,0.0016551926584479585,0.0052115932840835575,0.017729750000000877,0.22932329199997525,0.00027537500000107684,0.7411475419999931,0.9707515830000091,0.9999854989008057,0.54709185496415,1.56423024999998,9.071182999999792,0.9905781670000238,28.19624614715576,559.73828125,559.73828125,0.0,0.010605291000018724,0.08731829100000255,0.10356616699999677,0.016205541999994466,0.011146334000017077,0.00042600000000447835,,,,,,,,,,,,,,,,,
8,8,21060514,5000,3,8.0,29954,184092,0.00736368,0.5255725410000025,0.06791150000000812,0,0.0,17.9724,34.0,29968.0192,5.99360384,17.98081152,0.015559414403889181,1.152e-05,1.28e-06,sparse,Random sampling,random_sampling,0.8444,0.00204921304264558,0.005775971486862035,0.01779508300000998,0.5231414579999978,0.00016174999998952444,0.6800177499999904,1.203325709000012,1.0606511789131159,0.7114341598700186,1.7968049989999884,12.285803999999871,1.2232084590000056,8.26924991607666,559.73828125,559.76953125,0.03125,,,,,,,0.0072962909999887415,0.5158219580000036,94546.0,66300.0,0.7,129133.0,,,,,,,,,,,
8,8,21060514,5000,3,8.0,29954,184092,0.00736368,0.5255725410000025,0.06791150000000812,0,0.0,17.9724,34.0,29968.0192,5.99360384,17.98081152,0.015559414403889181,1.152e-05,1.28e-06,sparse,CountSketch random projection,countsketch_random_projection,0.8494,0.0018839436375994781,0.005578907220909,0.019310499999988906,0.20437770899999919,0.00027312499997833584,0.7206539169999928,0.9253100419999782,0.9999872838714403,0.5472821183901782,1.518788791999981,9.538360999999895,0.9467012920000002,21.86613655090332,559.76953125,560.2578125,0.48828125,,,,,,,,,,,,,0.0006107090000000426,168.0,13.0,45.0,0.0,0.002111374999998361,0.0813060830000154,0.0972192500000233,0.013286332999996375,0.009440500000010843,0.0003469579999944017
8,9,21060515,5000,3,8.0,30021,184418,0.00737672,0.5246475000000146,0.07513391599999864,0,0.0,18.0126,36.0,29968.0192,5.99360384,17.98081152,0.015559414403889181,1.152e-05,1.28e-06,sparse,Non-random,non_random,0.836,0.00412898397770348,0.009287469408149498,0.018117042000000083,0.4103371250000123,0.0001650000000097407,0.720269916999996,1.1307796669999846,1.0000000000000002,0.5642355568659787,1.7305534580000312,9.261021000000028,1.1513815419999958,6.3730010986328125,560.2578125,560.2578125,0.0,,,,,,,,,,,,,,,,,,,,,,,
8,9,21060515,5000,3,8.0,30021,184418,0.00737672,0.5246475000000146,0.07513391599999864,0,0.0,18.0126,36.0,29968.0192,5.99360384,17.98081152,0.015559414403889181,1.152e-05,1.28e-06,sparse,Gaussian random projection,gaussian_random_projection,0.8434,0.003656185000839629,0.00840513319000935,0.01796816600000284,0.22072433400001046,0.00026295800000752934,0.6728212080000162,0.8938137499999925,0.9999896685190032,0.5466472486031303,1.4935899160000474,9.157031000000188,0.9138990840000076,28.199976921081543,560.2578125,560.2578125,0.0,0.00978624999999056,0.08989195800000971,0.09772770899999728,0.012996708000002855,0.009936459000016384,0.00033966699999155026,,,,,,,,,,,,,,,,,
8,9,21060515,5000,3,8.0,30021,184418,0.00737672,0.5246475000000146,0.07513391599999864,0,0.0,18.0126,36.0,29968.0192,5.99360384,17.98081152,0.015559414403889181,1.152e-05,1.28e-06,sparse,Random sampling,random_sampling,0.8578,0.0013047060086876225,0.0046856337102993036,0.017858415999995714,0.609487458999979,0.0001627919999975802,0.6718386670000029,1.2814939579999987,1.059258592486567,0.7110177627723486,1.8812703339999928,12.930127999999968,1.301404333000022,8.269845962524414,560.2578125,560.2578125,0.0,,,,,,,0.007406374999987975,0.6020575409999935,94709.0,66222.0,0.7,128964.0,,,,,,,,,,,
8,9,21060515,5000,3,8.0,30021,184418,0.00737672,0.5246475000000146,0.07513391599999864,0,0.0,18.0126,36.0,29968.0192,5.99360384,17.98081152,0.015559414403889181,1.152e-05,1.28e-06,sparse,CountSketch random projection,countsketch_random_projection,0.8392,0.0033135237997664125,0.007992163798196929,0.01771291700001143,0.20031949999997778,0.0002732909999849653,0.7703918340000087,0.9709892500000024,0.9999890235321066,0.5466360859311038,1.5707660409999846,10.1729049999999,0.9908162499999946,21.8698673248291,560.2578125,560.2578125,0.0,,,,,,,,,,,,,0.0006172910000259435,168.0,16.0,44.0,0.0,0.0021125000000097316,0.07571112499999799,0.09796895899998503,0.014036290999996481,0.009463916000015615,0.0003578330000095775
8,10,21060516,5000,3,8.0,30130,185062,0.00740248,0.5049532920000104,0.0690674169999852,0,0.0,18.078,37.0,29968.0192,5.99360384,17.98081152,0.015559414403889181,1.152e-05,1.28e-06,sparse,Non-random,non_random,0.8346,0.004316905658512153,0.009267067098259387,0.019381957999996757,0.4119966659999932,0.00017212500000596265,0.7336086669999986,1.1457841670000164,1.0000000000000004,0.563098280961741,1.7197981669999933,11.430280000000039,1.1673899580000011,6.395111083984375,560.2578125,560.2578125,0.0,,,,,,,,,,,,,,,,,,,,,,,
8,10,21060516,5000,3,8.0,30130,185062,0.00740248,0.5049532920000104,0.0690674169999852,0,0.0,18.078,37.0,29968.0192,5.99360384,17.98081152,0.015559414403889181,1.152e-05,1.28e-06,sparse,Gaussian random projection,gaussian_random_projection,0.84,0.0030802364367116222,0.0075199386212076195,0.01869437499999549,0.23051754200000119,0.00029454099998815764,0.6950717499999826,0.9258897919999924,0.9999890558951232,0.5461875589413173,1.4999045419999675,9.350335000000086,0.9467379999999821,28.20734691619873,560.2578125,560.2578125,0.0,0.009738041999980851,0.08662504200000853,0.10512420899999597,0.019124874999988606,0.009417958000000226,0.00041991599999846585,,,,,,,,,,,,,,,,,
8,10,21060516,5000,3,8.0,30130,185062,0.00740248,0.5049532920000104,0.0690674169999852,0,0.0,18.078,37.0,29968.0192,5.99360384,17.98081152,0.015559414403889181,1.152e-05,1.28e-06,sparse,Random sampling,random_sampling,0.8458,0.001763269444486689,0.005385175066657323,0.017706542000013314,0.5285509160000004,0.00016450000001100307,0.7345559580000156,1.2632771659999946,1.0642482412009882,0.7123884368308482,1.8372920830000226,12.991822000000184,1.2830946250000181,8.312604904174805,560.2578125,560.2578125,0.0,,,,,,,0.008102416999975048,0.5204218330000003,95031.0,66668.0,0.7,129823.0,,,,,,,,,,,
8,10,21060516,5000,3,8.0,30130,185062,0.00740248,0.5049532920000104,0.0690674169999852,0,0.0,18.078,37.0,29968.0192,5.99360384,17.98081152,0.015559414403889181,1.152e-05,1.28e-06,sparse,CountSketch random projection,countsketch_random_projection,0.8508,0.0020473282393938044,0.005915173760160829,0.017625915999985864,0.21340145799999277,0.0002822080000157712,0.7269074169999783,0.94059575,0.9999871802470697,0.5468014932003309,1.5146117919999824,9.719898000000057,0.9606009169999936,21.87723731994629,560.2578125,560.26953125,0.01171875,,,,,,,,,,,,,0.0006419999999991433,168.0,16.0,41.0,0.0,0.00215283299999669,0.0916408330000138,0.09525862500001381,0.0135068330000081,0.009741707999978644,0.0003993329999900652
10,1,21260507,5000,3,8.0,28699,176520,0.0070608,0.49883970899998076,0.09169458299999178,0,0.0,17.2194,36.0,28771.219200000003,5.754243840000001,17.262731520000003,0.009946046832415702,1.152e-05,1.28e-06,sparse,Non-random,non_random,0.8762,0.0009272891303483795,0.005264236797509472,0.01881416700001637,0.5214139160000002,0.0001929580000137321,0.7382311249999987,1.2598452909999764,1.0,0.5684606095513651,1.8503722909999851,12.454503000000159,1.2809286250000014,6.101844787597656,560.2734375,560.28125,0.0078125,,,,,,,,,,,,,,,,,,,,,,,
10,1,21260507,5000,3,8.0,28699,176520,0.0070608,0.49883970899998076,0.09169458299999178,0,0.0,17.2194,36.0,28771.219200000003,5.754243840000001,17.262731520000003,0.009946046832415702,1.152e-05,1.28e-06,sparse,Gaussian random projection,gaussian_random_projection,0.8772,0.0009065452059864855,0.0052381318921047035,0.018144457999994756,0.23085487500000568,0.00048524999999699503,0.7704017920000013,1.0017485409999836,0.9999880216870151,0.551848533639778,1.5922762089999765,10.171695999999883,1.021958374999997,28.425082206726074,560.28125,573.33203125,13.05078125,0.011303040999990799,0.09030512500001464,0.10374350000000732,0.014257666000020208,0.010769667000005256,0.0004092089999971904,,,,,,,,,,,,,,,,,
10,1,21260507,5000,3,8.0,28699,176520,0.0070608,0.49883970899998076,0.09169458299999178,0,0.0,17.2194,36.0,28771.219200000003,5.754243840000001,17.262731520000003,0.009946046832415702,1.152e-05,1.28e-06,sparse,Random sampling,random_sampling,0.8766,0.0009621871299808071,0.005442458887908605,0.02029466700000171,0.6282437499999958,0.0001853330000187725,0.8849702079999986,1.5134047500000065,1.0639132375129292,0.7181737730557286,2.1039335829999857,15.279903999999988,1.536124832999974,7.919615745544434,573.33203125,573.33203125,0.0,,,,,,,0.0071484579999889775,0.6210710829999755,90760.0,63428.0,0.7,123327.0,,,,,,,,,,,
10,1,21260507,5000,3,8.0,28699,176520,0.0070608,0.49883970899998076,0.09169458299999178,0,0.0,17.2194,36.0,28771.219200000003,5.754243840000001,17.262731520000003,0.009946046832415702,1.152e-05,1.28e-06,sparse,CountSketch random projection,countsketch_random_projection,0.8714,0.0014358460923624885,0.006183554120427115,0.01786754199997631,0.22614124999998353,0.00028575000001751505,0.7790505419999931,1.00548279100002,0.9999870153560574,0.5516557157450345,1.5960118339999667,10.077549999999974,1.026052333999985,22.018678665161133,573.33203125,573.44921875,0.1171875,,,,,,,,,,,,,0.0006669999999928677,170.0,16.0,47.0,0.0,0.0021730409999918265,0.10502650000000813,0.09396591700001977,0.013910957999996754,0.00994483400000945,0.0003976669999872229
10,2,21260508,5000,3,8.0,28456,175166,0.00700664,0.48683104099998786,0.06566812499997354,0,0.0,17.0736,35.0,28771.219200000003,5.754243840000001,17.262731520000003,0.009946046832415702,1.152e-05,1.28e-06,sparse,Non-random,non_random,0.872,0.0010285329176557415,0.005506082025463353,0.017970999999988635,0.5396124579999935,0.0001787919999856058,0.8538729160000003,1.393670874999998,0.9999999999999993,0.5692574326349329,1.9461633319999407,13.618939999999839,1.4138867080000068,6.05535888671875,573.44921875,573.46875,0.01953125,,,,,,,,,,,,,,,,,,,,,,,
10,2,21260508,5000,3,8.0,28456,175166,0.00700664,0.48683104099998786,0.06566812499997354,0,0.0,17.0736,35.0,28771.219200000003,5.754243840000001,17.262731520000003,0.009946046832415702,1.152e-05,1.28e-06,sparse,Gaussian random projection,gaussian_random_projection,0.8786,0.00035331972743279173,0.004151842631011492,0.017969249999993053,0.2156215000000259,0.0004687089999890759,0.6927612499999896,0.9088588330000107,0.999986706956404,0.5526874197351277,1.461350624999966,9.07924099999991,0.9289252079999812,28.409586906433105,573.46875,573.46875,0.0,0.009828624999983049,0.08455804199999761,0.09690512500000636,0.013217708000013317,0.01048637499999927,0.0005550410000125794,,,,,,,,,,,,,,,,,
10,2,21260508,5000,3,8.0,28456,175166,0.00700664,0.48683104099998786,0.06566812499997354,0,0.0,17.0736,35.0,28771.219200000003,5.754243840000001,17.262731520000003,0.009946046832415702,1.152e-05,1.28e-06,sparse,Random sampling,random_sampling,0.877,0.0004486272334815736,0.004351943325326761,0.02011612499998705,0.8318893329999923,0.0001799169999969763,0.8072330419999787,1.639308457999988,1.059561322430536,0.7162719421847124,2.1918014579999294,15.881795999999895,1.6614688750000255,7.872564315795898,573.46875,573.48828125,0.01953125,,,,,,,0.006924624999982143,0.8249424170000168,90083.0,63104.0,0.7,122753.0,,,,,,,,,,,
10,2,21260508,5000,3,8.0,28456,175166,0.00700664,0.48683104099998786,0.06566812499997354,0,0.0,17.0736,35.0,28771.219200000003,5.754243840000001,17.262731520000003,0.009946046832415702,1.152e-05,1.28e-06,sparse,CountSketch random projection,countsketch_random_projection,0.8812,0.00034769573822410644,0.0042453517354773705,0.018877709000008736,0.20899491599999465,0.00029362499998342173,0.8084630829999924,1.0177572499999883,0.999982803778123,0.5523795423147551,1.5702507899999318,10.536769999999933,1.038693708000011,22.003183364868164,573.48828125,573.48828125,0.0,,,,,,,,,,,,,0.00062766600001396,170.0,13.0,43.0,0.0,0.002014542000011943,0.08345337500000483,0.09869362499998147,0.013627834000004668,0.010123749999991105,0.0003936249999867414
10,3,21260509,5000,3,8.0,28645,176308,0.00705232,0.491974416000005,0.06460679099998856,0,0.0,17.187,34.0,28771.219200000003,5.754243840000001,17.262731520000003,0.009946046832415702,1.152e-05,1.28e-06,sparse,Non-random,non_random,0.8742,0.0014384332424226787,0.006376503535525986,0.01787420799999495,0.5700222920000044,0.00019400000002178786,0.7806936249999978,1.350917250000009,1.0000000000000004,0.5684070922609085,1.9074911240000176,13.432640999999876,1.3710642919999998,6.094566345214844,573.48828125,573.51171875,0.0234375,,,,,,,,,,,,,,,,,,,,,,,
10,3,21260509,5000,3,8.0,28645,176308,0.00705232,0.491974416000005,0.06460679099998856,0,0.0,17.187,34.0,28771.219200000003,5.754243840000001,17.262731520000003,0.009946046832415702,1.152e-05,1.28e-06,sparse,Gaussian random projection,gaussian_random_projection,0.8744,0.0009350723690556945,0.00531410305581977,0.021478709000007257,0.22246416699999827,0.00028304199997819524,0.7939857079999797,1.0167385000000024,0.9999883498711631,0.5519250282652559,1.5733141239999497,10.50696599999992,1.0402384590000224,28.422656059265137,573.51171875,573.515625,0.00390625,0.00990458300000796,0.08640283299999396,0.10271512500000313,0.01358179199999654,0.009404541999998628,0.000406916000002866,,,,,,,,,,,,,,,,,
10,3,21260509,5000,3,8.0,28645,176308,0.00705232,0.491974416000005,0.06460679099998856,0,0.0,17.187,34.0,28771.219200000003,5.754243840000001,17.262731520000003,0.009946046832415702,1.152e-05,1.28e-06,sparse,Random sampling,random_sampling,0.8768,0.001012086454943136,0.005519690689343145,0.018016250000016498,0.7582231250000007,0.00018020800001750104,0.7579332919999899,1.5163414159999888,1.0642981102526494,0.7166328926556372,2.0729178320000017,15.09131699999989,1.5373521669999946,7.935293197631836,573.515625,573.515625,0.0,,,,,,,0.008218583000001445,0.7499767500000019,90654.0,63697.0,0.7,123906.0,,,,,,,,,,,
10,3,21260509,5000,3,8.0,28645,176308,0.00705232,0.491974416000005,0.06460679099998856,0,0.0,17.187,34.0,28771.219200000003,5.754243840000001,17.262731520000003,0.009946046832415702,1.152e-05,1.28e-06,sparse,CountSketch random projection,countsketch_random_projection,0.879,0.000829381678052293,0.005245373558269419,0.017502042000018037,0.20020491699997933,0.00044179200000371566,0.7157231250000109,0.916376750000012,0.9999856370781685,0.5514535386616981,1.4729510409999875,9.495079000000032,0.9359114169999998,22.016252517700195,573.515625,573.515625,0.0,,,,,,,,,,,,,0.0006180409999956282,170.0,13.0,47.0,0.0,0.00200516699999298,0.07339295899998888,0.10018783300000678,0.013025459000004957,0.010519625000000588,0.0003846670000200447
10,4,21260510,5000,3,8.0,28366,174612,0.00698448,0.48970645899999,0.06695979200000579,0,0.0,17.0196,35.0,28771.219200000003,5.754243840000001,17.262731520000003,0.009946046832415702,1.152e-05,1.28e-06,sparse,Non-random,non_random,0.8754,0.0008959042909367734,0.005265370822630878,0.017765249999996513,0.5705034169999976,0.00018591699998182776,0.752452667,1.3231492090000074,1.0000000000000004,0.5700048272200015,1.8798082519999753,13.314447999999857,1.3433977920000189,6.036338806152344,573.515625,573.515625,0.0,,,,,,,,,,,,,,,,,,,,,,,
10,4,21260510,5000,3,8.0,28366,174612,0.00698448,0.48970645899999,0.06695979200000579,0,0.0,17.0196,35.0,28771.219200000003,5.754243840000001,17.262731520000003,0.009946046832415702,1.152e-05,1.28e-06,sparse,Gaussian random projection,gaussian_random_projection,0.8696,0.003279776900858759,0.009720138213634186,0.01761058299999263,0.23555404199998975,0.0004481670000018312,0.8349632910000082,1.0709745409999982,0.9999871399306892,0.5528857382158165,1.6276317509999956,9.98693900000012,1.0905872080000165,28.403246879577637,573.515625,573.59375,0.078125,0.009906749999998965,0.10357645899998147,0.09862779200000205,0.013003290999989758,0.009987917000017887,0.0003875410000091506,,,,,,,,,,,,,,,,,
10,4,21260510,5000,3,8.0,28366,174612,0.00698448,0.48970645899999,0.06695979200000579,0,0.0,17.0196,35.0,28771.219200000003,5.754243840000001,17.262731520000003,0.009946046832415702,1.152e-05,1.28e-06,sparse,Random sampling,random_sampling,0.8796,0.0008202468853938567,0.005200263998380072,0.017628875000013977,0.6714878329999863,0.0001814999999965039,0.7975097500000174,1.469184250000012,1.0599851822673252,0.7181726722990012,2.025845333999996,15.300527999999986,1.4888648339999975,7.830130577087402,573.59375,573.59375,0.0,,,,,,,0.006954250000006823,0.6645091659999878,89806.0,62670.0,0.7,121833.0,,,,,,,,,,,
10,4,21260510,5000,3,8.0,28366,174612,0.00698448,0.48970645899999,0.06695979200000579,0,0.0,17.0196,35.0,28771.219200000003,5.754243840000001,17.262731520000003,0.009946046832415702,1.152e-05,1.28e-06,sparse,CountSketch random projection,countsketch_random_projection,0.8736,0.0013520858412704945,0.006202480929739707,0.01812624999999457,0.19746083300000805,0.00029979199999274897,0.8518080409999982,1.049574583000009,0.9999864093326055,0.5526246404777924,1.6062349169999948,11.118220000000065,1.0702552500000024,21.996843338012695,573.59375,573.59375,0.0,,,,,,,,,,,,,0.0010412499999858937,170.0,12.0,49.0,0.0,0.0023908330000210753,0.0727903339999898,0.098273708999983,0.012852041000002146,0.009663791999997784,0.0003889170000093145
10,5,21260511,5000,3,8.0,28994,178290,0.0071316,0.4812005829999748,0.06410383299999012,0,0.0,17.3964,39.0,28771.219200000003,5.754243840000001,17.262731520000003,0.009946046832415702,1.152e-05,1.28e-06,sparse,Non-random,non_random,0.873,0.001136069081348589,0.0056638553446414245,0.017626082999981918,0.5945715409999934,0.0001799169999969763,0.817089832999983,1.411847707999982,0.9999999999999993,0.5671052656474719,1.9571457069999383,14.504163999999946,1.4316793749999874,6.1626129150390625,573.59375,573.69140625,0.09765625,,,,,,,,,,,,,,,,,,,,,,,
10,5,21260511,5000,3,8.0,28994,178290,0.0071316,0.4812005829999748,0.06410383299999012,0,0.0,17.3964,39.0,28771.219200000003,5.754243840000001,17.262731520000003,0.009946046832415702,1.152e-05,1.28e-06,sparse,Gaussian random projection,gaussian_random_projection,0.876,0.0014511201424135423,0.006266326322606893,0.01778012500000159,0.2253822080000134,0.00044950000000199,0.7981167500000197,1.023954625000016,0.9999889355654016,0.5501044096601795,1.569252874,10.804076000000123,1.0437525829999856,28.445338249206543,573.69140625,573.69140625,0.0,0.009849750000000768,0.08862841699999535,0.10115095799997675,0.014351000000004888,0.010905374999993,0.00043225000001712033,,,,,,,,,,,,,,,,,
10,5,21260511,5000,3,8.0,28994,178290,0.0071316,0.4812005829999748,0.06410383299999012,0,0.0,17.3964,39.0,28771.219200000003,5.754243840000001,17.262731520000003,0.009946046832415702,1.152e-05,1.28e-06,sparse,Random sampling,random_sampling,0.8784,0.0009191598275660002,0.005375707103805951,0.017824333000021397,0.6334646250000162,0.00017870900001071277,0.689706875000013,1.3233552080000095,1.0640188155343715,0.7164905407011374,1.868654625000005,13.840168999999833,1.3432032919999983,8.013039588928223,573.69140625,573.69140625,0.0,,,,,,,0.007111417000004394,0.6263298329999998,91645.0,64261.0,0.7,125024.0,,,,,,,,,,,
10,5,21260511,5000,3,8.0,28994,178290,0.0071316,0.4812005829999748,0.06410383299999012,0,0.0,17.3964,39.0,28771.219200000003,5.754243840000001,17.262731520000003,0.009946046832415702,1.152e-05,1.28e-06,sparse,CountSketch random projection,countsketch_random_projection,0.8764,0.0014070864207227163,0.006267755805596891,0.018014749999991864,0.19897787499999708,0.0004585420000182694,0.7688645000000065,0.9683067080000001,0.9999861864166049,0.5499762276106694,1.5136053329999868,10.11212999999998,0.9883531249999749,22.0389347076416,573.69140625,573.6953125,0.00390625,,,,,,,,,,,,,0.0005999159999987569,170.0,14.0,42.0,0.0,0.002041665999996667,0.0749329580000051,0.09759516699998017,0.01323429199999282,0.010025625000025684,0.0004689170000062859
10,6,21260512,5000,3,8.0,28863,177560,0.0071024,0.4966340420000108,0.06599637499999744,0,0.0,17.3178,33.0,28771.219200000003,5.754243840000001,17.262731520000003,0.009946046832415702,1.152e-05,1.28e-06,sparse,Non-random,non_random,0.8724,0.0017166874222544872,0.0069211342404316804,0.017764458000016248,0.6333400830000073,0.0001830829999960315,0.8783687079999822,1.5118988750000142,0.9999999999999997,0.5673364595171505,2.074522290999994,15.214776999999913,1.5322470000000123,6.137550354003906,573.6953125,573.6953125,0.0,,,,,,,,,,,,,,,,,,,,,,,
10,6,21260512,5000,3,8.0,28863,177560,0.0071024,0.4966340420000108,0.06599637499999744,0,0.0,17.3178,33.0,28771.219200000003,5.754243840000001,17.262731520000003,0.009946046832415702,1.152e-05,1.28e-06,sparse,Gaussian random projection,gaussian_random_projection,0.8718,0.001356206636648815,0.006136794009544274,0.017999500000001944,0.21638008400000786,0.0002777910000020256,0.8631822500000226,1.0798453749999908,0.9999866609865675,0.551068483565129,1.6424705420000407,11.2221219999999,1.0999292080000203,28.436984062194824,573.6953125,573.71875,0.0234375,0.009854790999980878,0.08731241699999259,0.09559091700000977,0.013331458999999768,0.0098687919999918,0.00038137500001766966,,,,,,,,,,,,,,,,,
10,6,21260512,5000,3,8.0,28863,177560,0.0071024,0.4966340420000108,0.06599637499999744,0,0.0,17.3178,33.0,28771.219200000003,5.754243840000001,17.262731520000003,0.009946046832415702,1.152e-05,1.28e-06,sparse,Random sampling,random_sampling,0.8784,0.0007549896959708614,0.005046357155269973,0.017657832999987022,0.8456158330000108,0.00018133399998987443,0.8617808330000116,1.707582957999989,1.0589292036847697,0.7149517788320878,2.2702084170000205,17.62697800000001,1.7272665000000131,7.971437454223633,573.71875,573.71875,0.0,,,,,,,0.007199249999985113,0.8383906249999882,91280.0,63855.0,0.7,124247.0,,,,,,,,,,,
10,6,21260512,5000,3,8.0,28863,177560,0.0071024,0.4966340420000108,0.06599637499999744,0,0.0,17.3178,33.0,28771.219200000003,5.754243840000001,17.262731520000003,0.009946046832415702,1.152e-05,1.28e-06,sparse,CountSketch random projection,countsketch_random_projection,0.8732,0.0008969796529232551,0.005270846016937711,0.01786799999999289,0.20752066700001137,0.00028533299999367046,0.7928850410000052,1.0006961249999904,0.9999875275220589,0.5508520206250305,1.5633214580000185,10.100934999999936,1.0206248329999994,22.030580520629883,573.71875,573.71875,0.0,,,,,,,,,,,,,0.0006219169999894802,170.0,16.0,42.0,0.0,0.0021167910000201573,0.08081991599999583,0.10048141699999746,0.013163958000006915,0.00988091700000382,0.00038570799998183247
10,7,21260513,5000,3,8.0,28808,177196,0.00708784,0.4970123330000149,0.06450287499998808,0,0.0,17.2848,34.0,28771.219200000003,5.754243840000001,17.262731520000003,0.009946046832415702,1.152e-05,1.28e-06,sparse,Non-random,non_random,0.8782,0.0008585116335672738,0.005158674073522144,0.01804574999999886,0.5668852499999844,0.00017950000000155342,0.8452537500000119,1.412324582999986,0.9999999999999986,0.5682873112606416,1.9738337080000008,13.820440999999846,1.432671708000015,6.125053405761719,573.71875,573.71875,0.0,,,,,,,,,,,,,,,,,,,,,,,
10,7,21260513,5000,3,8.0,28808,177196,0.00708784,0.4970123330000149,0.06450287499998808,0,0.0,17.2848,34.0,28771.219200000003,5.754243840000001,17.262731520000003,0.009946046832415702,1.152e-05,1.28e-06,sparse,Gaussian random projection,gaussian_random_projection,0.8748,0.0010976715600238011,0.005736857617129853,0.017578541999995423,0.2185047920000045,0.00030083300001138014,0.8746315840000136,1.093442333000013,0.9999875676732386,0.5506676000939249,1.6549524170000325,11.316771000000017,1.1131060419999983,28.43281841278076,573.71875,573.71875,0.0,0.00989058400000431,0.08556304199998976,0.09963304100000414,0.013329166999994868,0.009611542000016016,0.0004229999999836309,,,,,,,,,,,,,,,,,
10,7,21260513,5000,3,8.0,28808,177196,0.00708784,0.4970123330000149,0.06450287499998808,0,0.0,17.2848,34.0,28771.219200000003,5.754243840000001,17.262731520000003,0.009946046832415702,1.152e-05,1.28e-06,sparse,Random sampling,random_sampling,0.8806,0.0003788799434315898,0.004344407682549095,0.018058458000012934,0.7473707919999981,0.00023704199998064723,0.9321315839999897,1.6797461669999905,1.0607616679321081,0.7152266398989706,2.2412546259999715,16.181370000000015,1.6998887919999959,7.954790115356445,573.71875,573.73828125,0.01953125,,,,,,,0.007010959000012917,0.7403164589999847,91098.0,63725.0,0.7,123969.0,,,,,,,,,,,
10,7,21260513,5000,3,8.0,28808,177196,0.00708784,0.4970123330000149,0.06450287499998808,0,0.0,17.2848,34.0,28771.219200000003,5.754243840000001,17.262731520000003,0.009946046832415702,1.152e-05,1.28e-06,sparse,CountSketch random projection,countsketch_random_projection,0.8726,0.0013332456136216945,0.006156022074887563,0.017896332999981723,0.200092374999997,0.0004301669999904334,0.8156422919999784,1.0161716249999984,0.999988046171189,0.5517051959736018,1.5776800419999688,10.735644999999977,1.0362361249999879,22.02641487121582,573.73828125,573.73828125,0.0,,,,,,,,,,,,,0.0006931249999979627,170.0,18.0,45.0,0.0,0.0020356249999906595,0.07726033299999813,0.09763620800001149,0.013193374999985963,0.008817415999999412,0.00038208399999462017
10,8,21260514,5000,3,8.0,29022,178510,0.0071404,0.4845812079999803,0.06365270899999587,0,0.0,17.4132,33.0,28771.219200000003,5.754243840000001,17.262731520000003,0.009946046832415702,1.152e-05,1.28e-06,sparse,Non-random,non_random,0.87,0.0016383940988947418,0.006688730563243882,0.01769737499998314,0.683519375000003,0.0002153339999892978,0.7697281250000003,1.4534697500000107,0.9999999999999997,0.5669181700654777,2.001696750999969,14.637145000000146,1.4734207500000025,6.170166015625,573.73828125,573.73828125,0.0,,,,,,,,,,,,,,,,,,,,,,,
10,8,21260514,5000,3,8.0,29022,178510,0.0071404,0.4845812079999803,0.06365270899999587,0,0.0,17.4132,33.0,28771.219200000003,5.754243840000001,17.262731520000003,0.009946046832415702,1.152e-05,1.28e-06,sparse,Gaussian random projection,gaussian_random_projection,0.8658,0.003058670558422913,0.009476468597872233,0.01898287500000606,0.213145916000002,0.0002919589999805794,0.8646616249999965,1.0781058750000057,0.9999870838917302,0.550171357952795,1.6263334169999553,11.276399000000083,1.0991788340000141,28.447855949401855,573.73828125,573.73828125,0.0,0.009924957999999151,0.0829705419999982,0.0972432920000017,0.01322862499998223,0.009183874999990849,0.0005369999999800257,,,,,,,,,,,,,,,,,
10,8,21260514,5000,3,8.0,29022,178510,0.0071404,0.4845812079999803,0.06365270899999587,0,0.0,17.4132,33.0,28771.219200000003,5.754243840000001,17.262731520000003,0.009946046832415702,1.152e-05,1.28e-06,sparse,Random sampling,random_sampling,0.8752,0.0005902975760979101,0.004629628259737394,0.017627125000018395,0.5824822090000055,0.00017758399999934227,0.7053852500000062,1.2880500410000195,1.0622023399089366,0.716541990264357,1.8362789599999871,13.345540000000028,1.3077050419999807,8.00959300994873,573.73828125,573.73828125,0.0,,,,,,,0.007068583000005901,0.575391207999985,91755.0,64157.0,0.7,124797.0,,,,,,,,,,,
10,8,21260514,5000,3,8.0,29022,178510,0.0071404,0.4845812079999803,0.06365270899999587,0,0.0,17.4132,33.0,28771.219200000003,5.754243840000001,17.262731520000003,0.009946046832415702,1.152e-05,1.28e-06,sparse,CountSketch random projection,countsketch_random_projection,0.8784,0.0008414105023349912,0.005217284922699704,0.01774449999999206,0.2066315829999894,0.00031129199999213597,0.7128342910000072,0.91978229099999,0.9999833509697625,0.5496577483831269,1.4680110829999649,9.80978499999992,0.9396054169999957,22.041452407836914,573.73828125,573.73828125,0.0,,,,,,,,,,,,,0.0006259170000078029,170.0,15.0,47.0,0.0,0.0020328330000154438,0.08087216700002386,0.09999658300000647,0.013181542000012314,0.009464874999991935,0.0004021660000148586
10,9,21260515,5000,3,8.0,28775,177014,0.00708056,0.48011716700000306,0.0650158329999897,0,0.0,17.265,36.0,28771.219200000003,5.754243840000001,17.262731520000003,0.009946046832415702,1.152e-05,1.28e-06,sparse,Non-random,non_random,0.8796,0.0006983804089190591,0.004964593786015482,0.017579915999988316,0.566984208000008,0.00017975000000092223,0.884647125000015,1.4518179169999996,0.9999999999999997,0.5680175932435428,1.9969440830000167,14.96797800000013,1.471614790999979,6.118804931640625,573.73828125,573.73828125,0.0,,,,,,,,,,,,,,,,,,,,,,,
10,9,21260515,5000,3,8.0,28775,177014,0.00708056,0.48011716700000306,0.0650158329999897,0,0.0,17.265,36.0,28771.219200000003,5.754243840000001,17.262731520000003,0.009946046832415702,1.152e-05,1.28e-06,sparse,Gaussian random projection,gaussian_random_projection,0.8802,0.0004386615226673095,0.004518104446359997,0.017773375000018632,0.231828084,0.0004344999999830179,0.769012124999989,1.0012809170000025,0.9999882525756845,0.5512992991406506,1.5464077089999648,10.481102999999848,1.021828209000006,28.43073558807373,573.73828125,573.73828125,0.0,0.009809875000001966,0.09809441699999866,0.10119925000000762,0.01332862499998555,0.008955708000002005,0.0003809580000222468,,,,,,,,,,,,,,,,,
10,9,21260515,5000,3,8.0,28775,177014,0.00708056,0.48011716700000306,0.0650158329999897,0,0.0,17.265,36.0,28771.219200000003,5.754243840000001,17.262731520000003,0.009946046832415702,1.152e-05,1.28e-06,sparse,Random sampling,random_sampling,0.877,0.00034083726148468593,0.004153907528674906,0.019251791000016283,0.5860631250000097,0.00017904099999555,0.6878460000000075,1.274093416999989,1.0616677808257542,0.7167878063008862,1.8192211660000055,13.357716999999866,1.2953540000000032,7.937536239624023,573.73828125,573.73828125,0.0,,,,,,,0.0069843329999912385,0.5790549580000004,91007.0,63544.0,0.7,123566.0,,,,,,,,,,,
10,9,21260515,5000,3,8.0,28775,177014,0.00708056,0.48011716700000306,0.0650158329999897,0,0.0,17.265,36.0,28771.219200000003,5.754243840000001,17.262731520000003,0.009946046832415702,1.152e-05,1.28e-06,sparse,CountSketch random projection,countsketch_random_projection,0.8762,0.0013725443731172496,0.006307405001504124,0.01786258299998167,0.20368274999998448,0.0002774590000171884,0.8231295829999965,1.0270947500000034,0.9999872741461479,0.5514223136146978,1.572222791999991,10.883922999999868,1.047006500000009,22.02433204650879,573.73828125,573.73828125,0.0,,,,,,,,,,,,,0.0006331669999894984,170.0,17.0,43.0,0.0,0.0020369160000086595,0.08025104200001465,0.09891512499999067,0.012837041000011595,0.008592582999995102,0.00036737499999617285
10,10,21260516,5000,3,8.0,28554,175652,0.00702608,0.47431016699999873,0.06336525000000393,0,0.0,17.1324,35.0,28771.219200000003,5.754243840000001,17.262731520000003,0.009946046832415702,1.152e-05,1.28e-06,sparse,Non-random,non_random,0.8676,0.002407019078769178,0.008283976707735992,0.01732579099999043,0.48391633299999626,0.00018066600000565813,0.7530302080000126,1.2371339999999975,0.9999999999999999,0.5689477373843413,1.7748026240000172,12.881403999999975,1.256621666000001,6.072044372558594,573.73828125,573.73828125,0.0,,,,,,,,,,,,,,,,,,,,,,,
10,10,21260516,5000,3,8.0,28554,175652,0.00702608,0.47431016699999873,0.06336525000000393,0,0.0,17.1324,35.0,28771.219200000003,5.754243840000001,17.262731520000003,0.009946046832415702,1.152e-05,1.28e-06,sparse,Gaussian random projection,gaussian_random_projection,0.8778,0.0013283593580179708,0.006215335775782283,0.019337917000001426,0.21203645800000004,0.00028174999999919237,0.8211354160000042,1.033460041000012,0.9999831515679682,0.5519158775625576,1.571129041000006,10.971005000000105,1.0548776250000174,28.415148735046387,573.73828125,573.73828125,0.0,0.009844583000017337,0.08219966699999759,0.0960377499999936,0.013412417000012056,0.010103332999989334,0.00039508400001864175,,,,,,,,,,,,,,,,,
10,10,21260516,5000,3,8.0,28554,175652,0.00702608,0.47431016699999873,0.06336525000000393,0,0.0,17.1324,35.0,28771.219200000003,5.754243840000001,17.262731520000003,0.009946046832415702,1.152e-05,1.28e-06,sparse,Random sampling,random_sampling,0.8754,0.00050772680698378,0.004440321800715173,0.017886708999981238,0.617634124999995,0.00017625000000975888,0.7387733749999938,1.3565890840000066,1.0596216543486896,0.7158666353983894,1.8942591670000013,14.00743199999988,1.3766005840000162,7.878582954406738,573.73828125,573.73828125,0.0,,,,,,,0.006995082999992519,0.6106163339999853,90326.0,63072.0,0.7,122642.0,,,,,,,,,,,
10,10,21260516,5000,3,8.0,28554,175652,0.00702608,0.47431016699999873,0.06336525000000393,0,0.0,17.1324,35.0,28771.219200000003,5.754243840000001,17.262731520000003,0.009946046832415702,1.152e-05,1.28e-06,sparse,CountSketch random projection,countsketch_random_projection,0.878,0.0007041152692636199,0.0049326431062809125,0.01819691699998316,0.2210320420000187,0.00029520799998294933,0.9051040829999977,1.126436708,0.9999855421780913,0.5522260933053796,1.664106750000002,10.537843000000066,1.1466882080000005,22.008745193481445,573.73828125,573.73828125,0.0,,,,,,,,,,,,,0.0006060000000047694,170.0,15.0,47.0,0.0,0.002040708000009772,0.07807662500002266,0.11342370899998855,0.01662954100001457,0.009732583000015893,0.00046070799999142764
12,1,21460507,5000,3,8.0,28368,174592,0.00698368,0.49706004099999745,0.06521887499999934,0,0.0,17.0208,34.0,28121.506355200003,5.62430127104,16.87290381312,0.0068986897019259795,1.152e-05,1.28e-06,sparse,Non-random,non_random,0.8956,0.0002447666583560372,0.005469879974393539,0.018092792000004465,0.7542320839999945,0.0001943329999960497,0.8532001670000113,1.6076329580000106,0.9999999999999992,0.5686017179561474,2.1699054999999987,16.429161000000022,1.6278863750000028,6.035652160644531,573.73828125,573.828125,0.08984375,,,,,,,,,,,,,,,,,,,,,,,
12,1,21460507,5000,3,8.0,28368,174592,0.00698368,0.49706004099999745,0.06521887499999934,0,0.0,17.0208,34.0,28121.506355200003,5.62430127104,16.87290381312,0.0068986897019259795,1.152e-05,1.28e-06,sparse,Gaussian random projection,gaussian_random_projection,0.8912,0.000674882732760526,0.006300386094326965,0.017895542000019304,0.21681083400000034,0.0003129590000128246,0.9312338750000038,1.1483624999999904,0.9999830526054181,0.5519434924615032,1.7106365840000137,11.792559999999867,1.1683147500000075,28.71863079071045,573.828125,586.953125,13.125,0.00993404199999759,0.08204845900002056,0.10059816699998692,0.012969624999982443,0.010755499999987705,0.000457874999995056,,,,,,,,,,,,,,,,,
12,1,21460507,5000,3,8.0,28368,174592,0.00698368,0.49706004099999745,0.06521887499999934,0,0.0,17.0208,34.0,28121.506355200003,5.62430127104,16.87290381312,0.0068986897019259795,1.152e-05,1.28e-06,sparse,Random sampling,random_sampling,0.8896,0.0010826415062215255,0.0073567064338716185,0.018099207999995315,0.8372739170000045,0.00035162500000751606,0.7382664999999804,1.5758985420000045,1.066210396484943,0.7181517510247626,2.1381709579999892,13.550279999999702,1.5961278750000076,7.863777160644531,586.953125,587.0,0.046875,,,,,,,0.007501375000003918,0.8297321670000031,89796.0,63157.0,0.7,122812.0,,,,,,,,,,,
12,1,21460507,5000,3,8.0,28368,174592,0.00698368,0.49706004099999745,0.06521887499999934,0,0.0,17.0208,34.0,28121.506355200003,5.62430127104,16.87290381312,0.0068986897019259795,1.152e-05,1.28e-06,sparse,CountSketch random projection,countsketch_random_projection,0.8922,0.0007819915055445846,0.0065606021917404035,0.019055374999993546,0.2024166670000227,0.0003111250000245036,0.9133125000000177,1.1160455410000054,0.9999877573615905,0.5523005475074843,1.6783192080000617,10.914225999999871,1.1371599999999944,22.235933303833008,587.0,587.0,0.0,,,,,,,,,,,,,0.0006284579999942252,172.0,18.0,42.0,0.0,0.0020640410000112297,0.07545487499999126,0.1003771249999943,0.012852750000007518,0.010557790999996541,0.0004272079999907419
12,2,21460508,5000,3,8.0,27932,171988,0.00687952,0.4758241250000026,0.06409770900000922,0,0.0,16.7592,32.0,28121.506355200003,5.62430127104,16.87290381312,0.0068986897019259795,1.152e-05,1.28e-06,sparse,Non-random,non_random,0.8922,0.0013525695626027264,0.00796118194424758,0.017569291999990355,0.644486124999986,0.0001972910000063166,0.8772038749999922,1.521894207999992,0.9999999999999987,0.5704862163284122,2.0618091249999964,13.135977999999795,1.541661916999999,5.946250915527344,587.0,587.0234375,0.0234375,,,,,,,,,,,,,,,,,,,,,,,
12,2,21460508,5000,3,8.0,27932,171988,0.00687952,0.4758241250000026,0.06409770900000922,0,0.0,16.7592,32.0,28121.506355200003,5.62430127104,16.87290381312,0.0068986897019259795,1.152e-05,1.28e-06,sparse,Gaussian random projection,gaussian_random_projection,0.89,0.0007600895080147489,0.006490704534100097,0.01854995799999415,0.21339404200000445,0.0002939999999966858,0.8441861670000321,1.0578790410000067,0.9999866659201538,0.553450376878644,1.597796043000045,10.197869999999966,1.0801075000000253,28.688830375671387,587.0234375,587.046875,0.0234375,0.01048954199998775,0.07995537499999728,0.09956700000003593,0.012441540999986955,0.010468833000004452,0.0004260420000150589,,,,,,,,,,,,,,,,,
12,2,21460508,5000,3,8.0,27932,171988,0.00687952,0.4758241250000026,0.06409770900000922,0,0.0,16.7592,32.0,28121.506355200003,5.62430127104,16.87290381312,0.0068986897019259795,1.152e-05,1.28e-06,sparse,Random sampling,random_sampling,0.8936,0.00015658468038768446,0.005158207817070111,0.018635333000020182,0.7351750830000015,0.00019854099997473895,0.7572285410000177,1.4926079170000435,1.0643366646152486,0.7204869502987971,2.0325239990000057,9.612982999999986,1.5132479160000116,7.732112884521484,587.046875,587.1171875,0.0703125,,,,,,,0.006837125000004107,0.7283151670000052,88494.0,62007.0,0.7,120486.0,,,,,,,,,,,
12,2,21460508,5000,3,8.0,27932,171988,0.00687952,0.4758241250000026,0.06409770900000922,0,0.0,16.7592,32.0,28121.506355200003,5.62430127104,16.87290381312,0.0068986897019259795,1.152e-05,1.28e-06,sparse,CountSketch random projection,countsketch_random_projection,0.8934,0.0006639022995234531,0.006348736620885697,0.018408875000034186,0.22290545799995698,0.00046633300001985845,0.9191491249999899,1.142529207999985,0.9999875325242829,0.5535675336493728,1.6824427499999786,8.097217,1.1644676669999967,22.206132888793945,587.1171875,587.140625,0.0234375,,,,,,,,,,,,,0.000903457999982038,172.0,14.0,43.0,0.0,0.0021236669999780133,0.08850912499997321,0.10526083299998845,0.014279582999961349,0.011057499999992615,0.000660957999969014
12,3,21460509,5000,3,8.0,28046,172710,0.0069084,0.4849561670000071,0.0648137499999848,0,0.0,16.8276,37.0,28121.506355200003,5.62430127104,16.87290381312,0.0068986897019259795,1.152e-05,1.28e-06,sparse,Non-random,non_random,0.8874,0.0014522120134733713,0.008103340397904637,0.017545417000008,0.6149607079999555,0.00019691700003932056,0.8381930420000003,1.4533579160000158,1.0,0.5698517418426119,2.003120583999987,11.252281000000039,1.4730266250000454,5.971038818359375,587.140625,587.140625,0.0,,,,,,,,,,,,,,,,,,,,,,,
12,3,21460509,5000,3,8.0,28046,172710,0.0069084,0.4849561670000071,0.0648137499999848,0,0.0,16.8276,37.0,28121.506355200003,5.62430127104,16.87290381312,0.0068986897019259795,1.152e-05,1.28e-06,sparse,Gaussian random projection,gaussian_random_projection,0.8912,0.0008810798334223515,0.006648172071626366,0.01807537500002354,0.21558425000000625,0.0004849580000154674,1.0031702079999718,1.219247542000005,0.9999853779460194,0.5533968528215873,1.7690093329999854,7.835950000000139,1.2393588749999935,28.69709300994873,587.140625,587.296875,0.15625,0.009912083000017446,0.0797475829999712,0.1017906250000351,0.012770291000038014,0.01084016699996937,0.00045462500003168316,,,,,,,,,,,,,,,,,
12,3,21460509,5000,3,8.0,28046,172710,0.0069084,0.4849561670000071,0.0648137499999848,0,0.0,16.8276,37.0,28121.506355200003,5.62430127104,16.87290381312,0.0068986897019259795,1.152e-05,1.28e-06,sparse,Random sampling,random_sampling,0.8936,0.000811125397181434,0.006815961521303183,0.01829412499995442,0.8816388330000109,0.00029045800005178535,0.9057391250000251,1.7876747079999973,1.0600488665834822,0.717236653969147,2.3374383330000796,15.402615999999853,1.8080375830000435,7.752998352050781,587.296875,587.30859375,0.01171875,,,,,,,0.0069150420000028134,0.8746902919999684,88855.0,62082.0,0.7,120694.0,,,,,,,,,,,
12,3,21460509,5000,3,8.0,28046,172710,0.0069084,0.4849561670000071,0.0648137499999848,0,0.0,16.8276,37.0,28121.506355200003,5.62430127104,16.87290381312,0.0068986897019259795,1.152e-05,1.28e-06,sparse,CountSketch random projection,countsketch_random_projection,0.8878,0.0013928270054877733,0.007765633474369193,0.019160333000002083,0.21430504100004555,0.00046474999999190914,0.909565208999993,1.1243416249999996,0.9999862390149653,0.5528186168416624,1.6741049170000224,11.272875999999997,1.1456289159999642,22.21439552307129,587.30859375,587.33203125,0.0234375,,,,,,,,,,,,,0.0006592500000124346,172.0,18.0,47.0,0.0,0.0020570410000004813,0.08924183400000629,0.09869991599998684,0.01319462500003965,0.009900000000016007,0.00046974999997928535
12,4,21460510,5000,3,8.0,28129,173164,0.00692656,0.4854258749999758,0.06452608299997564,0,0.0,16.8774,34.0,28121.506355200003,5.62430127104,16.87290381312,0.0068986897019259795,1.152e-05,1.28e-06,sparse,Non-random,non_random,0.8942,0.00048463730169635963,0.005993807270407457,0.017935875000034684,0.5652882080000268,0.00020100000000411455,0.9116764170000238,1.4771722500000237,1.0,0.5699662808710111,2.027117583000006,11.793916999999965,1.4974619159999634,5.986625671386719,587.33203125,587.33203125,0.0,,,,,,,,,,,,,,,,,,,,,,,
12,4,21460510,5000,3,8.0,28129,173164,0.00692656,0.4854258749999758,0.06452608299997564,0,0.0,16.8774,34.0,28121.506355200003,5.62430127104,16.87290381312,0.0068986897019259795,1.152e-05,1.28e-06,sparse,Gaussian random projection,gaussian_random_projection,0.8902,0.0005991139264445142,0.0062411867971309005,0.026495957999998154,0.2220358750000173,0.00034462499996834595,0.918220749999989,1.1406069170000137,0.9999900591966382,0.5527253490592395,1.6905532079999261,9.45889999999963,1.169226832999982,28.70228862762451,587.33203125,587.33203125,0.0,0.010017291999986355,0.08264545800000178,0.10301954199996999,0.013159834000020965,0.012583667000001242,0.0005529999999680513,,,,,,,,,,,,,,,,,
12,4,21460510,5000,3,8.0,28129,173164,0.00692656,0.4854258749999758,0.06452608299997564,0,0.0,16.8774,34.0,28121.506355200003,5.62430127104,16.87290381312,0.0068986897019259795,1.152e-05,1.28e-06,sparse,Random sampling,random_sampling,0.8896,0.000663761506709715,0.006177256319966605,0.018812166000031993,0.789275707999991,0.00020062499999085048,1.0767959589999805,1.8662776249999524,1.0633118205204626,0.7185073239718164,2.416224249999914,17.64675199999965,1.8872154590000036,7.78680419921875,587.33203125,587.35546875,0.0234375,,,,,,,0.006974999999954434,0.782273416999999,89082.0,62447.0,0.7,121406.0,,,,,,,,,,,
12,4,21460510,5000,3,8.0,28129,173164,0.00692656,0.4854258749999758,0.06452608299997564,0,0.0,16.8774,34.0,28121.506355200003,5.62430127104,16.87290381312,0.0068986897019259795,1.152e-05,1.28e-06,sparse,CountSketch random projection,countsketch_random_projection,0.8944,0.0007205258592559712,0.006499759405518388,0.01784233299997595,0.2041454580000277,0.0004288339999902746,0.8019957079999926,1.0065762909999876,0.9999888097960289,0.5538033505869049,1.556521957999962,10.187717000000248,1.026506917000006,22.21959114074707,587.35546875,587.35546875,0.0,,,,,,,,,,,,,0.0006242499999871143,172.0,18.0,43.0,0.0,0.0019998749999672327,0.07834429100000762,0.09950983300001326,0.013073292000001402,0.009945415999993656,0.0005631249999851207
12,5,21460511,5000,3,8.0,28144,173276,0.00693104,0.49465879199999563,0.06391166699995665,0,0.0,16.8864,35.0,28121.506355200003,5.62430127104,16.87290381312,0.0068986897019259795,1.152e-05,1.28e-06,sparse,Non-random,non_random,0.8926,0.0005577093989839939,0.006180355901927528,0.01940416700000469,0.5812299579999944,0.0002013749999605352,0.8598364579999611,1.441275709000024,0.999999999999999,0.5696612007090117,1.9998382499998684,14.2149959999997,1.4629437910000433,5.990470886230469,587.35546875,587.35546875,0.0,,,,,,,,,,,,,,,,,,,,,,,
12,5,21460511,5000,3,8.0,28144,173276,0.00693104,0.49465879199999563,0.06391166699995665,0,0.0,16.8864,35.0,28121.506355200003,5.62430127104,16.87290381312,0.0068986897019259795,1.152e-05,1.28e-06,sparse,Gaussian random projection,gaussian_random_projection,0.8924,0.0007257296282191882,0.006713378528680685,0.018005415999994057,0.254762707999987,0.0003252920000136328,0.8361698340000316,1.0912636669999642,0.9999869719823081,0.5530204623658528,1.6498282929999846,9.245844000000034,1.111317500000041,28.70357036590576,587.35546875,587.35546875,0.0,0.01048487500003148,0.11276837499997328,0.10592950000000201,0.014058709000039471,0.011026624999999513,0.0004353329999844391,,,,,,,,,,,,,,,,,
12,5,21460511,5000,3,8.0,28144,173276,0.00693104,0.49465879199999563,0.06391166699995665,0,0.0,16.8864,35.0,28121.506355200003,5.62430127104,16.87290381312,0.0068986897019259795,1.152e-05,1.28e-06,sparse,Random sampling,random_sampling,0.8932,0.0003259924811657276,0.005659630483508043,0.017724666999981764,0.7245435840000027,0.000317416999962461,0.8322539999999776,1.5571221669999886,1.060250774972452,0.716991443390565,2.115685459999895,16.034913999999844,1.5771406669999806,7.787978172302246,587.35546875,587.35546875,0.0,,,,,,,0.008604208000008384,0.7158921249999821,89138.0,62414.0,0.7,121388.0,,,,,,,,,,,
12,5,21460511,5000,3,8.0,28144,173276,0.00693104,0.49465879199999563,0.06391166699995665,0,0.0,16.8864,35.0,28121.506355200003,5.62430127104,16.87290381312,0.0068986897019259795,1.152e-05,1.28e-06,sparse,CountSketch random projection,countsketch_random_projection,0.8912,0.0007240276980834163,0.006438698072435343,0.01952512499997283,0.2067607920000114,0.00031950000004599133,0.8616189589999976,1.0687054170000465,0.9999863921317252,0.5524339087914464,1.6272697100000073,10.908894000000146,1.0906853339999998,22.22087287902832,587.35546875,587.35546875,0.0,,,,,,,,,,,,,0.000640042000043195,172.0,16.0,45.0,0.0,0.002008915999965666,0.07406920800002581,0.10475258299999268,0.014981832999978906,0.009668792000013582,0.000524624999968637
12,6,21460512,5000,3,8.0,28136,173286,0.00693144,0.5060451660000354,0.06535420799997382,0,0.0,16.8816,35.0,28121.506355200003,5.62430127104,16.87290381312,0.0068986897019259795,1.152e-05,1.28e-06,sparse,Non-random,non_random,0.8944,0.0006096708146006933,0.0062017718027915615,0.018068916000004265,0.6737658750000151,0.00020883299998786242,0.9816609580000204,1.6556429579999872,0.9999999999999999,0.5695398472364417,2.2270350400000325,17.062852999999905,1.6759677919999945,5.990814208984375,587.35546875,587.35546875,0.0,,,,,,,,,,,,,,,,,,,,,,,
12,6,21460512,5000,3,8.0,28136,173286,0.00693144,0.5060451660000354,0.06535420799997382,0,0.0,16.8816,35.0,28121.506355200003,5.62430127104,16.87290381312,0.0068986897019259795,1.152e-05,1.28e-06,sparse,Gaussian random projection,gaussian_random_projection,0.8942,0.00047344516605034824,0.005905226764707514,0.018071625000004587,0.22016591700003119,0.0003002910000304837,0.8531397090000041,1.0736113339999633,0.999984861705116,0.5525922412362749,1.645005291000075,10.65825599999971,1.0937545000000455,28.70368480682373,587.35546875,587.35546875,0.0,0.009897375000036845,0.08658379100000957,0.10014454200000955,0.013614582999991853,0.009457542000006924,0.0004256670000017948,,,,,,,,,,,,,,,,,
12,6,21460512,5000,3,8.0,28136,173286,0.00693144,0.5060451660000354,0.06535420799997382,0,0.0,16.8816,35.0,28121.506355200003,5.62430127104,16.87290381312,0.0068986897019259795,1.152e-05,1.28e-06,sparse,Random sampling,random_sampling,0.8936,0.00033034576822123983,0.005611498742997342,0.017738499999950363,0.6636604170000169,0.0003025830000069618,0.7603298329999575,1.4242994589999967,1.060720220368382,0.7171088101557678,1.9956922069999905,12.923581000000013,1.4440725000000043,7.789746284484863,587.35546875,587.37890625,0.0234375,,,,,,,0.007074790999979541,0.6565477500000156,89143.0,62455.0,0.7,121422.0,,,,,,,,,,,
12,6,21460512,5000,3,8.0,28136,173286,0.00693144,0.5060451660000354,0.06535420799997382,0,0.0,16.8816,35.0,28121.506355200003,5.62430127104,16.87290381312,0.0068986897019259795,1.152e-05,1.28e-06,sparse,CountSketch random projection,countsketch_random_projection,0.887,0.0011931831735320598,0.007379130500585677,0.017872000000011212,0.21397787500001186,0.00045712499996852785,0.8903758750000179,1.1048178750000375,0.9999860707769953,0.5527816788432721,1.6762102490000075,11.44838000000027,1.1247284169999716,22.22098731994629,587.37890625,587.37890625,0.0,,,,,,,,,,,,,0.0006342920000292906,172.0,18.0,40.0,0.0,0.002070292000041718,0.08842262499996423,0.10032487500001253,0.013115083000002414,0.008905334000019138,0.00043499999998175554
12,7,21460513,5000,3,8.0,28475,175270,0.0070108,0.4825862920000077,0.06446904200004155,0,0.0,17.085,34.0,28121.506355200003,5.62430127104,16.87290381312,0.0068986897019259795,1.152e-05,1.28e-06,sparse,Non-random,non_random,0.8942,0.0006785475257785193,0.006505830074570755,0.018971958000008726,0.5942193330000123,0.00033470800002532997,0.9027803749999634,1.4973437080000167,1.0,0.5683276142573079,2.0443897500000503,15.448436000000129,1.5185019999999554,6.058929443359375,587.37890625,587.37890625,0.0,,,,,,,,,,,,,,,,,,,,,,,
12,7,21460513,5000,3,8.0,28475,175270,0.0070108,0.4825862920000077,0.06446904200004155,0,0.0,17.085,34.0,28121.506355200003,5.62430127104,16.87290381312,0.0068986897019259795,1.152e-05,1.28e-06,sparse,Gaussian random projection,gaussian_random_projection,0.892,0.0009758413378510361,0.007024933563038387,0.018103749999966112,0.2152944160000061,0.00048258399999667745,0.886649540999997,1.102433000000019,0.9999866988869494,0.5510620717036716,1.649481875000049,11.233128999999735,1.1226144579999868,28.72638988494873,587.37890625,587.37890625,0.0,0.010164040999995905,0.083562416999996,0.09840920800002095,0.012953958000025523,0.009710541999993438,0.00043279199996959505,,,,,,,,,,,,,,,,,
12,7,21460513,5000,3,8.0,28475,175270,0.0070108,0.4825862920000077,0.06446904200004155,0,0.0,17.085,34.0,28121.506355200003,5.62430127104,16.87290381312,0.0068986897019259795,1.152e-05,1.28e-06,sparse,Random sampling,random_sampling,0.8978,-1.933737946429532e-05,0.004980610438622792,0.020418750000033015,0.9561957500000062,0.0001972910000063166,0.8778606669999931,1.8342595000000301,1.0621662211199003,0.7153446831600577,2.381309042000055,17.56496100000004,1.8567586670000082,7.881988525390625,587.37890625,587.42578125,0.046875,,,,,,,0.007456582999964212,0.9487138329999993,90135.0,63214.0,0.7,122963.0,,,,,,,,,,,
12,7,21460513,5000,3,8.0,28475,175270,0.0070108,0.4825862920000077,0.06446904200004155,0,0.0,17.085,34.0,28121.506355200003,5.62430127104,16.87290381312,0.0068986897019259795,1.152e-05,1.28e-06,sparse,CountSketch random projection,countsketch_random_projection,0.8924,0.00035697900290912536,0.005508338163737596,0.01763295799997877,0.1980527090000237,0.00030650000002196975,0.9053039579999904,1.103668291999952,0.9999860576426689,0.5510809505546851,1.6507185010000853,11.161903000000166,1.1234731250000323,22.24369239807129,587.42578125,587.42578125,0.0,,,,,,,,,,,,,0.0006907080000360111,172.0,14.0,44.0,0.0,0.0020923750000179098,0.07233520799996995,0.0998808339999755,0.012879666000003454,0.009711499999980333,0.0004114999999842439
12,8,21460514,5000,3,8.0,28132,173264,0.00693056,0.47130683299997145,0.0627597499999979,0,0.0,16.8792,35.0,28121.506355200003,5.62430127104,16.87290381312,0.0068986897019259795,1.152e-05,1.28e-06,sparse,Non-random,non_random,0.8944,0.0005375026532973716,0.006045623313905523,0.017512333000013314,0.5952026250000131,0.00020141599998169113,0.8314944169999876,1.4269054159999541,0.9999999999999997,0.5699996512966633,1.9609650409999517,14.873499000000265,1.4465979999999945,5.990058898925781,587.42578125,587.42578125,0.0,,,,,,,,,,,,,,,,,,,,,,,
12,8,21460514,5000,3,8.0,28132,173264,0.00693056,0.47130683299997145,0.0627597499999979,0,0.0,16.8792,35.0,28121.506355200003,5.62430127104,16.87290381312,0.0068986897019259795,1.152e-05,1.28e-06,sparse,Gaussian random projection,gaussian_random_projection,0.893,0.00087516292702163,0.006873343197123802,0.019378791999997702,0.21447179099999403,0.0004587090000427452,0.8302777499999934,1.0452143750000005,0.9999871925560728,0.5526232161978696,1.5792748329999995,10.622151999999915,1.0665862920000109,28.7034330368042,587.42578125,587.42578125,0.0,0.00998854200003052,0.0831049999999891,0.09840704199996253,0.012831750000032116,0.0096005830000081,0.00047724999996034967,,,,,,,,,,,,,,,,,
12,8,21460514,5000,3,8.0,28132,173264,0.00693056,0.47130683299997145,0.0627597499999979,0,0.0,16.8792,35.0,28121.506355200003,5.62430127104,16.87290381312,0.0068986897019259795,1.152e-05,1.28e-06,sparse,Random sampling,random_sampling,0.895,0.0003366618903326427,0.005737051017243564,0.018090333000031933,0.7533670419999794,0.00019133300003204567,0.7846269589999793,1.5381900410000071,1.0612558327617791,0.71774382455404,2.07225191699996,15.799892999999884,1.5584245830000327,7.791019439697266,587.42578125,587.42578125,0.0,,,,,,,0.006937084000014693,0.7464074580000215,89132.0,62481.0,0.7,121470.0,,,,,,,,,,,
12,8,21460514,5000,3,8.0,28132,173264,0.00693056,0.47130683299997145,0.0627597499999979,0,0.0,16.8792,35.0,28121.506355200003,5.62430127104,16.87290381312,0.0068986897019259795,1.152e-05,1.28e-06,sparse,CountSketch random projection,countsketch_random_projection,0.8898,0.0012723942828889905,0.007590930469168675,0.017919500000004973,0.2000119580000046,0.00043775000000323416,0.808744000000047,1.009201040999983,0.9999849527340476,0.5532936630270661,1.5432602910000242,10.410773999999947,1.0292122910000217,22.220735549926758,587.42578125,587.42578125,0.0,,,,,,,,,,,,,0.0006401670000286686,172.0,16.0,42.0,0.0,0.001998000000014599,0.07382354200001373,0.1000576669999873,0.013028499999961696,0.009930499999995845,0.00045145800004320336
12,9,21460515,5000,3,8.0,27840,171516,0.00686064,0.4679802910000035,0.06303583300001492,0,0.0,16.704,35.0,28121.506355200003,5.62430127104,16.87290381312,0.0068986897019259795,1.152e-05,1.28e-06,sparse,Non-random,non_random,0.8868,0.0013752234499394863,0.007882663526998282,0.017721042000005127,0.5661288329999934,0.000205166000000645,0.8091869169999768,1.375527792000014,0.9999999999999989,0.5715900792647518,1.9065370399999892,13.776237000000037,1.3955021250000073,5.930046081542969,587.42578125,587.42578125,0.0,,,,,,,,,,,,,,,,,,,,,,,
12,9,21460515,5000,3,8.0,27840,171516,0.00686064,0.4679802910000035,0.06303583300001492,0,0.0,16.704,35.0,28121.506355200003,5.62430127104,16.87290381312,0.0068986897019259795,1.152e-05,1.28e-06,sparse,Gaussian random projection,gaussian_random_projection,0.8904,0.0007035420573653783,0.006343618479178802,0.018044750000001386,0.2179215830000203,0.00041833400001678456,0.8808046249999961,1.0991510840000274,0.9999862311522887,0.5544066989168904,1.6301606660000516,11.209272000000055,1.119240375000004,28.68342876434326,587.42578125,587.42578125,0.0,0.01028804200001332,0.08745645800001967,0.09704049999999143,0.012893707999978687,0.009726583000031042,0.0004535830000236274,,,,,,,,,,,,,,,,,
12,9,21460515,5000,3,8.0,27840,171516,0.00686064,0.4679802910000035,0.06303583300001492,0,0.0,16.704,35.0,28121.506355200003,5.62430127104,16.87290381312,0.0068986897019259795,1.152e-05,1.28e-06,sparse,Random sampling,random_sampling,0.8946,0.0006083136792334605,0.0061189793069705515,0.017695624999987558,0.6538118330000202,0.00019687499997189661,0.8287540000000035,1.4827675840000438,1.0615721543540977,0.7189976299782564,2.013778832000014,15.254535999999916,1.5024425839999935,7.703241348266602,587.42578125,587.42578125,0.0,,,,,,,0.006887000000006083,0.646901707999973,88258.0,61721.0,0.7,119924.0,,,,,,,,,,,
12,9,21460515,5000,3,8.0,27840,171516,0.00686064,0.4679802910000035,0.06303583300001492,0,0.0,16.704,35.0,28121.506355200003,5.62430127104,16.87290381312,0.0068986897019259795,1.152e-05,1.28e-06,sparse,CountSketch random projection,countsketch_random_projection,0.891,0.0015066383481000742,0.008170826330356231,0.017955457999960345,0.19847754099998838,0.00031483300000445524,0.8307007500000054,1.0294985000000452,0.9999866058965601,0.5546155791642664,1.5605092480000167,10.742759000000206,1.049471208,22.20073127746582,587.42578125,587.42578125,0.0,,,,,,,,,,,,,0.0006178330000352616,172.0,15.0,44.0,0.0,0.0019828750000101536,0.07357004200002848,0.09887724999998682,0.012969250000026022,0.009967958999993698,0.00043879200001128993
12,10,21460516,5000,3,8.0,28285,174094,0.00696376,0.48752050000001645,0.0637164579999876,0,0.0,16.971,33.0,28121.506355200003,5.62430127104,16.87290381312,0.0068986897019259795,1.152e-05,1.28e-06,sparse,Non-random,non_random,0.8938,0.0005048728351958105,0.0060235167004971035,0.020134208999991188,0.64108487499999,0.00032991699998774493,0.8622309999999516,1.5036554580000256,0.9999999999999996,0.5690452833518332,2.0548827499999334,14.489640000000236,1.5261316659999693,6.0185546875,587.42578125,587.42578125,0.0,,,,,,,,,,,,,,,,,,,,,,,
12,10,21460516,5000,3,8.0,28285,174094,0.00696376,0.48752050000001645,0.0637164579999876,0,0.0,16.971,33.0,28121.506355200003,5.62430127104,16.87290381312,0.0068986897019259795,1.152e-05,1.28e-06,sparse,Gaussian random projection,gaussian_random_projection,0.8932,0.0008763294616917075,0.006897528394320412,0.017730500000027405,0.22816179199998032,0.00030266599998185484,0.9146764999999846,1.1431459170000267,0.9999890158116499,0.5517826902620145,1.6943779159999508,10.477037999999993,1.1630699160000404,28.712931632995605,587.42578125,587.47265625,0.046875,0.009988082999996095,0.0956422500000258,0.09931554100000994,0.013499792000004618,0.009245625000005475,0.0004297500000234322,,,,,,,,,,,,,,,,,
12,10,21460516,5000,3,8.0,28285,174094,0.00696376,0.48752050000001645,0.0637164579999876,0,0.0,16.971,33.0,28121.506355200003,5.62430127104,16.87290381312,0.0068986897019259795,1.152e-05,1.28e-06,sparse,Random sampling,random_sampling,0.895,0.0001976065161382107,0.005294513758900359,0.017874458999983744,0.8060560000000123,0.00020125000003190507,0.9480321249999974,1.7542942919999973,1.0646945319912113,0.7180380298541063,2.3055263330000457,16.77927499999987,1.7741625410000097,7.814557075500488,587.47265625,587.47265625,0.0,,,,,,,0.006919167000035031,0.7991092089999938,89547.0,62619.0,0.7,121660.0,,,,,,,,,,,
12,10,21460516,5000,3,8.0,28285,174094,0.00696376,0.48752050000001645,0.0637164579999876,0,0.0,16.971,33.0,28121.506355200003,5.62430127104,16.87290381312,0.0068986897019259795,1.152e-05,1.28e-06,sparse,CountSketch random projection,countsketch_random_projection,0.8912,0.0009797109848195915,0.00704368107463617,0.01791425000004665,0.20090025000001788,0.00031254200001740173,0.9603190420000374,1.1615374170000337,0.9999858989222572,0.5517826842060723,1.7127687920000767,11.938407999999981,1.181513332999998,22.230234146118164,587.47265625,587.47265625,0.0,,,,,,,,,,,,,0.0006247919999964324,172.0,16.0,41.0,0.0,0.0019945410000445918,0.07391395799999145,0.09977695800000674,0.013511082999968949,0.010588874999996278,0.0004393749999849206
