dataset,alpha,tau_label,tau_value,group,group_n,method,rep,r,ell,k,q,test_matrix_scaling,embedding_wall_sec,clustering_wall_sec,total_method_wall_sec,exact_eigsh_sec,eigen_decomposition_wall_sec,ARI_true,NMI_true,F1_macro_true,rp_draw_omega_sec,rp_test_matrix_entry_std,rp_power_iter_sec,rp_qr_sec,rp_build_core_sec,rp_small_eigh_sec,rp_lift_sec,ds_bucket_build_sec,ds_draw_and_initial_multiply_sec,ds_power_iter_sec,ds_qr_sec,ds_build_core_sec,ds_small_eigh_sec,ds_lift_sec,ds_num_buckets,ds_min_bucket_dim,ds_max_bucket_dim,ds_bucket_summary
polblogs,0.5,0,0.0,all,1222,Exact spectral,1,0,2,2,1,by_dim,0.006799299968406558,0.11918969999533147,0.12598899996373802,0.006799299968406558,0.006799299968406558,-0.00024081082708013297,0.0005978453430448398,0.33031488031643624,,,,,,,,,,,,,,,,,,
polblogs,0.5,0,0.0,low_deg_1_2,242,Exact spectral,1,0,2,2,1,by_dim,0.006799299968406558,0.11918969999533147,0.12598899996373802,0.006799299968406558,0.006799299968406558,0.0034424824275672895,0.017798216811149955,0.3726958525345622,,,,,,,,,,,,,,,,,,
polblogs,0.5,0,0.0,mid_deg_3_8,271,Exact spectral,1,0,2,2,1,by_dim,0.006799299968406558,0.11918969999533147,0.12598899996373802,0.006799299968406558,0.006799299968406558,0.0008465349010664863,0.002279836505596332,0.36076595902750697,,,,,,,,,,,,,,,,,,
polblogs,0.5,0,0.0,high_deg_9_plus,709,Exact spectral,1,0,2,2,1,by_dim,0.006799299968406558,0.11918969999533147,0.12598899996373802,0.006799299968406558,0.006799299968406558,0.0007890575452106661,0.0033422915763340476,0.36306046274400705,,,,,,,,,,,,,,,,,,
polblogs,0.5,0,0.0,all,1222,Gaussian RP,1,0,2,2,1,by_dim,0.0009880999568849802,0.032551500014960766,0.033539599971845746,,0.000966200022958219,0.5252924042925932,0.4241866551995702,0.86186776187772,4.700000863522291e-05,0.7071067811865475,0.00042990001384168863,0.00020480004604905844,0.000157299917191267,0.00010790000669658184,1.9300030544400215e-05,,,,,,,,,,,
polblogs,0.5,0,0.0,low_deg_1_2,242,Gaussian RP,1,0,2,2,1,by_dim,0.0009880999568849802,0.032551500014960766,0.033539599971845746,,0.000966200022958219,0.12267668994909435,0.09570806050888833,0.6773333333333333,4.700000863522291e-05,0.7071067811865475,0.00042990001384168863,0.00020480004604905844,0.000157299917191267,0.00010790000669658184,1.9300030544400215e-05,,,,,,,,,,,
polblogs,0.5,0,0.0,mid_deg_3_8,271,Gaussian RP,1,0,2,2,1,by_dim,0.0009880999568849802,0.032551500014960766,0.033539599971845746,,0.000966200022958219,0.3959273860291657,0.3198123441032768,0.815495642701525,4.700000863522291e-05,0.7071067811865475,0.00042990001384168863,0.00020480004604905844,0.000157299917191267,0.00010790000669658184,1.9300030544400215e-05,,,,,,,,,,,
polblogs,0.5,0,0.0,high_deg_9_plus,709,Gaussian RP,1,0,2,2,1,by_dim,0.0009880999568849802,0.032551500014960766,0.033539599971845746,,0.000966200022958219,0.78671272596526,0.6842751310054077,0.9426375404530745,4.700000863522291e-05,0.7071067811865475,0.00042990001384168863,0.00020480004604905844,0.000157299917191267,0.00010790000669658184,1.9300030544400215e-05,,,,,,,,,,,
polblogs,0.5,0,0.0,all,1222,Degree-stratified RP,1,0,2,2,1,by_dim,0.0016247000312432647,0.027548199985176325,0.02917290001641959,,0.001581600052304566,0.511139413894617,0.40931614354554297,0.8571939005781342,,,,,,,,0.0002901999978348613,0.0006817999528720975,0.0003483000909909606,4.549999721348286e-05,0.0001596000511199236,4.6200002543628216e-05,9.999959729611874e-06,2.0,1.0,1.0,"[1,64):n=1055,ell=1;[64,512):n=167,ell=1"
polblogs,0.5,0,0.0,low_deg_1_2,242,Degree-stratified RP,1,0,2,2,1,by_dim,0.0016247000312432647,0.027548199985176325,0.02917290001641959,,0.001581600052304566,0.20316790920724848,0.19021661632345457,0.7260753241407697,,,,,,,,0.0002901999978348613,0.0006817999528720975,0.0003483000909909606,4.549999721348286e-05,0.0001596000511199236,4.6200002543628216e-05,9.999959729611874e-06,2.0,1.0,1.0,"[1,64):n=1055,ell=1;[64,512):n=167,ell=1"
polblogs,0.5,0,0.0,mid_deg_3_8,271,Degree-stratified RP,1,0,2,2,1,by_dim,0.0016247000312432647,0.027548199985176325,0.02917290001641959,,0.001581600052304566,0.3683751147675096,0.28586617265186387,0.8037439365990298,,,,,,,,0.0002901999978348613,0.0006817999528720975,0.0003483000909909606,4.549999721348286e-05,0.0001596000511199236,4.6200002543628216e-05,9.999959729611874e-06,2.0,1.0,1.0,"[1,64):n=1055,ell=1;[64,512):n=167,ell=1"
polblogs,0.5,0,0.0,high_deg_9_plus,709,Degree-stratified RP,1,0,2,2,1,by_dim,0.0016247000312432647,0.027548199985176325,0.02917290001641959,,0.001581600052304566,0.7133601971843406,0.6120088092815323,0.9217478553153062,,,,,,,,0.0002901999978348613,0.0006817999528720975,0.0003483000909909606,4.549999721348286e-05,0.0001596000511199236,4.6200002543628216e-05,9.999959729611874e-06,2.0,1.0,1.0,"[1,64):n=1055,ell=1;[64,512):n=167,ell=1"
polblogs,0.5,0,0.0,all,1222,Exact spectral,2,0,2,2,1,by_dim,0.006799299968406558,0.011700599920004606,0.018499899888411164,0.006799299968406558,0.006799299968406558,-0.00024081082708013297,0.0005978453430448398,0.33031488031643624,,,,,,,,,,,,,,,,,,
polblogs,0.5,0,0.0,low_deg_1_2,242,Exact spectral,2,0,2,2,1,by_dim,0.006799299968406558,0.011700599920004606,0.018499899888411164,0.006799299968406558,0.006799299968406558,0.0034424824275672895,0.017798216811149955,0.3726958525345622,,,,,,,,,,,,,,,,,,
polblogs,0.5,0,0.0,mid_deg_3_8,271,Exact spectral,2,0,2,2,1,by_dim,0.006799299968406558,0.011700599920004606,0.018499899888411164,0.006799299968406558,0.006799299968406558,0.0008465349010664863,0.002279836505596332,0.36076595902750697,,,,,,,,,,,,,,,,,,
polblogs,0.5,0,0.0,high_deg_9_plus,709,Exact spectral,2,0,2,2,1,by_dim,0.006799299968406558,0.011700599920004606,0.018499899888411164,0.006799299968406558,0.006799299968406558,0.0007890575452106661,0.0033422915763340476,0.36306046274400705,,,,,,,,,,,,,,,,,,
polblogs,0.5,0,0.0,all,1222,Gaussian RP,2,0,2,2,1,by_dim,0.0009922001045197248,0.017605099943466485,0.01859730004798621,,0.0009716999484226108,0.5276540532269031,0.45792559215023104,0.8609246655394746,3.760005347430706e-05,0.7071067811865475,0.0005262999329715967,0.00016069994308054447,0.00015410000924021006,7.910002022981644e-05,1.3899989426136017e-05,,,,,,,,,,,
polblogs,0.5,0,0.0,low_deg_1_2,242,Gaussian RP,2,0,2,2,1,by_dim,0.0009922001045197248,0.017605099943466485,0.01859730004798621,,0.0009716999484226108,0.2594188630850581,0.22826349475741117,0.7558606774618265,3.760005347430706e-05,0.7071067811865475,0.0005262999329715967,0.00016069994308054447,0.00015410000924021006,7.910002022981644e-05,1.3899989426136017e-05,,,,,,,,,,,
polblogs,0.5,0,0.0,mid_deg_3_8,271,Gaussian RP,2,0,2,2,1,by_dim,0.0009922001045197248,0.017605099943466485,0.01859730004798621,,0.0009716999484226108,0.42446975912765306,0.3660868793684357,0.8262275400084588,3.760005347430706e-05,0.7071067811865475,0.0005262999329715967,0.00016069994308054447,0.00015410000924021006,7.910002022981644e-05,1.3899989426136017e-05,,,,,,,,,,,
polblogs,0.5,0,0.0,high_deg_9_plus,709,Gaussian RP,2,0,2,2,1,by_dim,0.0009922001045197248,0.017605099943466485,0.01859730004798621,,0.0009716999484226108,0.6847046335613686,0.6190140588980153,0.9104725708525072,3.760005347430706e-05,0.7071067811865475,0.0005262999329715967,0.00016069994308054447,0.00015410000924021006,7.910002022981644e-05,1.3899989426136017e-05,,,,,,,,,,,
polblogs,0.5,0,0.0,all,1222,Degree-stratified RP,2,0,2,2,1,by_dim,0.001918399939313531,0.033039200003258884,0.034957599942572415,,0.0018660998903214931,0.0011133362340188001,0.0007254003840658783,0.43651998619042137,,,,,,,,0.00035909994039684534,0.0008717000018805265,0.00037329993210732937,5.100003909319639e-05,0.0001490999711677432,4.900002386420965e-05,1.2899981811642647e-05,2.0,1.0,1.0,"[1,64):n=1055,ell=1;[64,512):n=167,ell=1"
polblogs,0.5,0,0.0,low_deg_1_2,242,Degree-stratified RP,2,0,2,2,1,by_dim,0.001918399939313531,0.033039200003258884,0.034957599942572415,,0.0018660998903214931,-0.004592108679905425,0.0005069803654877538,0.4868960722975322,,,,,,,,0.00035909994039684534,0.0008717000018805265,0.00037329993210732937,5.100003909319639e-05,0.0001490999711677432,4.900002386420965e-05,1.2899981811642647e-05,2.0,1.0,1.0,"[1,64):n=1055,ell=1;[64,512):n=167,ell=1"
polblogs,0.5,0,0.0,mid_deg_3_8,271,Degree-stratified RP,2,0,2,2,1,by_dim,0.001918399939313531,0.033039200003258884,0.034957599942572415,,0.0018660998903214931,-0.00117337184068926,0.0002947626621893404,0.4678752454449975,,,,,,,,0.00035909994039684534,0.0008717000018805265,0.00037329993210732937,5.100003909319639e-05,0.0001490999711677432,4.900002386420965e-05,1.2899981811642647e-05,2.0,1.0,1.0,"[1,64):n=1055,ell=1;[64,512):n=167,ell=1"
polblogs,0.5,0,0.0,high_deg_9_plus,709,Degree-stratified RP,2,0,2,2,1,by_dim,0.001918399939313531,0.033039200003258884,0.034957599942572415,,0.0018660998903214931,-0.0024013065188781537,0.0011608789048364412,0.3351004784688995,,,,,,,,0.00035909994039684534,0.0008717000018805265,0.00037329993210732937,5.100003909319639e-05,0.0001490999711677432,4.900002386420965e-05,1.2899981811642647e-05,2.0,1.0,1.0,"[1,64):n=1055,ell=1;[64,512):n=167,ell=1"
polblogs,0.5,0,0.0,all,1222,Exact spectral,3,0,2,2,1,by_dim,0.006799299968406558,0.009256700053811073,0.01605600002221763,0.006799299968406558,0.006799299968406558,-0.00024081082708013297,0.0005978453430448398,0.33031488031643624,,,,,,,,,,,,,,,,,,
polblogs,0.5,0,0.0,low_deg_1_2,242,Exact spectral,3,0,2,2,1,by_dim,0.006799299968406558,0.009256700053811073,0.01605600002221763,0.006799299968406558,0.006799299968406558,0.0034424824275672895,0.017798216811149955,0.3726958525345622,,,,,,,,,,,,,,,,,,
polblogs,0.5,0,0.0,mid_deg_3_8,271,Exact spectral,3,0,2,2,1,by_dim,0.006799299968406558,0.009256700053811073,0.01605600002221763,0.006799299968406558,0.006799299968406558,0.0008465349010664863,0.002279836505596332,0.36076595902750697,,,,,,,,,,,,,,,,,,
polblogs,0.5,0,0.0,high_deg_9_plus,709,Exact spectral,3,0,2,2,1,by_dim,0.006799299968406558,0.009256700053811073,0.01605600002221763,0.006799299968406558,0.006799299968406558,0.0007890575452106661,0.0033422915763340476,0.36306046274400705,,,,,,,,,,,,,,,,,,
polblogs,0.5,0,0.0,all,1222,Gaussian RP,3,0,2,2,1,by_dim,0.0008370999712496996,0.02924860001076013,0.030085699982009828,,0.0008194999536499381,0.23885085913939363,0.18360423330391137,0.744674695696897,4.2199972085654736e-05,0.7071067811865475,0.00042340008076280355,0.00010459998156875372,0.00017479993402957916,6.0399994254112244e-05,1.4099990949034691e-05,,,,,,,,,,,
polblogs,0.5,0,0.0,low_deg_1_2,242,Gaussian RP,3,0,2,2,1,by_dim,0.0008370999712496996,0.02924860001076013,0.030085699982009828,,0.0008194999536499381,0.0026536092244511134,0.003726272450408739,0.5355407625140486,4.2199972085654736e-05,0.7071067811865475,0.00042340008076280355,0.00010459998156875372,0.00017479993402957916,6.0399994254112244e-05,1.4099990949034691e-05,,,,,,,,,,,
polblogs,0.5,0,0.0,mid_deg_3_8,271,Gaussian RP,3,0,2,2,1,by_dim,0.0008370999712496996,0.02924860001076013,0.030085699982009828,,0.0008194999536499381,0.13571743147709836,0.10118218441725801,0.6838674260618953,4.2199972085654736e-05,0.7071067811865475,0.00042340008076280355,0.00010459998156875372,0.00017479993402957916,6.0399994254112244e-05,1.4099990949034691e-05,,,,,,,,,,,
polblogs,0.5,0,0.0,high_deg_9_plus,709,Gaussian RP,3,0,2,2,1,by_dim,0.0008370999712496996,0.02924860001076013,0.030085699982009828,,0.0008194999536499381,0.4518683185038315,0.36753004139246764,0.8357275254865617,4.2199972085654736e-05,0.7071067811865475,0.00042340008076280355,0.00010459998156875372,0.00017479993402957916,6.0399994254112244e-05,1.4099990949034691e-05,,,,,,,,,,,
polblogs,0.5,0,0.0,all,1222,Degree-stratified RP,3,0,2,2,1,by_dim,0.0015817000530660152,0.014965399983339012,0.016547100036405027,,0.0015445000026375055,0.6560511733359324,0.5644092687658077,0.9042402559501934,,,,,,,,0.00023469992447644472,0.0007053000153973699,0.0003464000765234232,4.549999721348286e-05,0.00015979993622750044,4.2499974370002747e-05,1.0300078429281712e-05,2.0,1.0,1.0,"[1,64):n=1055,ell=1;[64,512):n=167,ell=1"
polblogs,0.5,0,0.0,low_deg_1_2,242,Degree-stratified RP,3,0,2,2,1,by_dim,0.0015817000530660152,0.014965399983339012,0.016547100036405027,,0.0015445000026375055,0.3415885201450691,0.27782807372334933,0.7933319669331147,,,,,,,,0.00023469992447644472,0.0007053000153973699,0.0003464000765234232,4.549999721348286e-05,0.00015979993622750044,4.2499974370002747e-05,1.0300078429281712e-05,2.0,1.0,1.0,"[1,64):n=1055,ell=1;[64,512):n=167,ell=1"
polblogs,0.5,0,0.0,mid_deg_3_8,271,Degree-stratified RP,3,0,2,2,1,by_dim,0.0015817000530660152,0.014965399983339012,0.016547100036405027,,0.0015445000026375055,0.5159810593139182,0.45643490600582964,0.8595471903982542,,,,,,,,0.00023469992447644472,0.0007053000153973699,0.0003464000765234232,4.549999721348286e-05,0.00015979993622750044,4.2499974370002747e-05,1.0300078429281712e-05,2.0,1.0,1.0,"[1,64):n=1055,ell=1;[64,512):n=167,ell=1"
polblogs,0.5,0,0.0,high_deg_9_plus,709,Degree-stratified RP,3,0,2,2,1,by_dim,0.0015817000530660152,0.014965399983339012,0.016547100036405027,,0.0015445000026375055,0.8479914557894438,0.7723748903061096,0.9595873233014136,,,,,,,,0.00023469992447644472,0.0007053000153973699,0.0003464000765234232,4.549999721348286e-05,0.00015979993622750044,4.2499974370002747e-05,1.0300078429281712e-05,2.0,1.0,1.0,"[1,64):n=1055,ell=1;[64,512):n=167,ell=1"
polblogs,0.5,0,0.0,all,1222,Exact spectral,4,0,2,2,1,by_dim,0.006799299968406558,0.010150599991902709,0.016949899960309267,0.006799299968406558,0.006799299968406558,-0.00024081082708013297,0.0005978453430448398,0.33031488031643624,,,,,,,,,,,,,,,,,,
polblogs,0.5,0,0.0,low_deg_1_2,242,Exact spectral,4,0,2,2,1,by_dim,0.006799299968406558,0.010150599991902709,0.016949899960309267,0.006799299968406558,0.006799299968406558,0.0034424824275672895,0.017798216811149955,0.3726958525345622,,,,,,,,,,,,,,,,,,
polblogs,0.5,0,0.0,mid_deg_3_8,271,Exact spectral,4,0,2,2,1,by_dim,0.006799299968406558,0.010150599991902709,0.016949899960309267,0.006799299968406558,0.006799299968406558,0.0008465349010664863,0.002279836505596332,0.36076595902750697,,,,,,,,,,,,,,,,,,
polblogs,0.5,0,0.0,high_deg_9_plus,709,Exact spectral,4,0,2,2,1,by_dim,0.006799299968406558,0.010150599991902709,0.016949899960309267,0.006799299968406558,0.006799299968406558,0.0007890575452106661,0.0033422915763340476,0.36306046274400705,,,,,,,,,,,,,,,,,,
polblogs,0.5,0,0.0,all,1222,Gaussian RP,4,0,2,2,1,by_dim,0.0006240999791771173,0.01834810001309961,0.018972199992276728,,0.0006136000156402588,0.5205564427226985,0.4192372589331078,0.8608107202680066,3.130000550299883e-05,0.7071067811865475,0.0003448999486863613,7.040007039904594e-05,0.0001230000052601099,3.569992259144783e-05,8.300063200294971e-06,,,,,,,,,,,
polblogs,0.5,0,0.0,low_deg_1_2,242,Gaussian RP,4,0,2,2,1,by_dim,0.0006240999791771173,0.01834810001309961,0.018972199992276728,,0.0006136000156402588,0.22658216933218023,0.17378647393464708,0.7389160030824558,3.130000550299883e-05,0.7071067811865475,0.0003448999486863613,7.040007039904594e-05,0.0001230000052601099,3.569992259144783e-05,8.300063200294971e-06,,,,,,,,,,,
polblogs,0.5,0,0.0,mid_deg_3_8,271,Gaussian RP,4,0,2,2,1,by_dim,0.0006240999791771173,0.01834810001309961,0.018972199992276728,,0.0006136000156402588,0.3594110141042801,0.27839223392762674,0.7997536945812808,3.130000550299883e-05,0.7071067811865475,0.0003448999486863613,7.040007039904594e-05,0.0001230000052601099,3.569992259144783e-05,8.300063200294971e-06,,,,,,,,,,,
polblogs,0.5,0,0.0,high_deg_9_plus,709,Gaussian RP,4,0,2,2,1,by_dim,0.0006240999791771173,0.01834810001309961,0.018972199992276728,,0.0006136000156402588,0.7229458241194284,0.6283074455679535,0.924707612591944,3.130000550299883e-05,0.7071067811865475,0.0003448999486863613,7.040007039904594e-05,0.0001230000052601099,3.569992259144783e-05,8.300063200294971e-06,,,,,,,,,,,
polblogs,0.5,0,0.0,all,1222,Degree-stratified RP,4,0,2,2,1,by_dim,0.001523599959909916,0.01312529994174838,0.014648899901658297,,0.0014889001613482833,0.3524346192349177,0.2744328386440166,0.7970344374941398,,,,,,,,0.00024300010409206152,0.000673100003041327,0.00033930002246052027,4.3199979700148106e-05,0.0001412000274285674,3.929995000362396e-05,9.800074622035027e-06,2.0,1.0,1.0,"[1,64):n=1055,ell=1;[64,512):n=167,ell=1"
polblogs,0.5,0,0.0,low_deg_1_2,242,Degree-stratified RP,4,0,2,2,1,by_dim,0.001523599959909916,0.01312529994174838,0.014648899901658297,,0.0014889001613482833,0.11680007057956351,0.09802141713179172,0.673503543676885,,,,,,,,0.00024300010409206152,0.000673100003041327,0.00033930002246052027,4.3199979700148106e-05,0.0001412000274285674,3.929995000362396e-05,9.800074622035027e-06,2.0,1.0,1.0,"[1,64):n=1055,ell=1;[64,512):n=167,ell=1"
polblogs,0.5,0,0.0,mid_deg_3_8,271,Degree-stratified RP,4,0,2,2,1,by_dim,0.001523599959909916,0.01312529994174838,0.014648899901658297,,0.0014889001613482833,0.2237243033419212,0.16976513632149373,0.7374926668212887,,,,,,,,0.00024300010409206152,0.000673100003041327,0.00033930002246052027,4.3199979700148106e-05,0.0001412000274285674,3.929995000362396e-05,9.800074622035027e-06,2.0,1.0,1.0,"[1,64):n=1055,ell=1;[64,512):n=167,ell=1"
polblogs,0.5,0,0.0,high_deg_9_plus,709,Degree-stratified RP,4,0,2,2,1,by_dim,0.001523599959909916,0.01312529994174838,0.014648899901658297,,0.0014889001613482833,0.5228407530443133,0.46002037736247314,0.861655782096209,,,,,,,,0.00024300010409206152,0.000673100003041327,0.00033930002246052027,4.3199979700148106e-05,0.0001412000274285674,3.929995000362396e-05,9.800074622035027e-06,2.0,1.0,1.0,"[1,64):n=1055,ell=1;[64,512):n=167,ell=1"
polblogs,0.5,0,0.0,all,1222,Exact spectral,5,0,2,2,1,by_dim,0.006799299968406558,0.00954760005697608,0.016346900025382638,0.006799299968406558,0.006799299968406558,-0.00024081082708013297,0.0005978453430448398,0.33031488031643624,,,,,,,,,,,,,,,,,,
polblogs,0.5,0,0.0,low_deg_1_2,242,Exact spectral,5,0,2,2,1,by_dim,0.006799299968406558,0.00954760005697608,0.016346900025382638,0.006799299968406558,0.006799299968406558,0.0034424824275672895,0.017798216811149955,0.3726958525345622,,,,,,,,,,,,,,,,,,
polblogs,0.5,0,0.0,mid_deg_3_8,271,Exact spectral,5,0,2,2,1,by_dim,0.006799299968406558,0.00954760005697608,0.016346900025382638,0.006799299968406558,0.006799299968406558,0.0008465349010664863,0.002279836505596332,0.36076595902750697,,,,,,,,,,,,,,,,,,
polblogs,0.5,0,0.0,high_deg_9_plus,709,Exact spectral,5,0,2,2,1,by_dim,0.006799299968406558,0.00954760005697608,0.016346900025382638,0.006799299968406558,0.006799299968406558,0.0007890575452106661,0.0033422915763340476,0.36306046274400705,,,,,,,,,,,,,,,,,,
polblogs,0.5,0,0.0,all,1222,Gaussian RP,5,0,2,2,1,by_dim,0.0008105000015348196,0.020928299985826015,0.021738799987360835,,0.0007954000029712915,0.3275099504060264,0.3049424705220603,0.7773179033356025,3.759993705898523e-05,0.7071067811865475,0.00043450004886835814,0.00010639999527484179,0.0001487999688833952,5.519995465874672e-05,1.2900098226964474e-05,,,,,,,,,,,
polblogs,0.5,0,0.0,low_deg_1_2,242,Gaussian RP,5,0,2,2,1,by_dim,0.0008105000015348196,0.020928299985826015,0.021738799987360835,,0.0007954000029712915,0.21081663410073193,0.191440946352348,0.7306276222279304,3.759993705898523e-05,0.7071067811865475,0.00043450004886835814,0.00010639999527484179,0.0001487999688833952,5.519995465874672e-05,1.2900098226964474e-05,,,,,,,,,,,
polblogs,0.5,0,0.0,mid_deg_3_8,271,Gaussian RP,5,0,2,2,1,by_dim,0.0008105000015348196,0.020928299985826015,0.021738799987360835,,0.0007954000029712915,0.2836701941823559,0.2681954929386702,0.7650191998018085,3.759993705898523e-05,0.7071067811865475,0.00043450004886835814,0.00010639999527484179,0.0001487999688833952,5.519995465874672e-05,1.2900098226964474e-05,,,,,,,,,,,
polblogs,0.5,0,0.0,high_deg_9_plus,709,Gaussian RP,5,0,2,2,1,by_dim,0.0008105000015348196,0.020928299985826015,0.021738799987360835,,0.0007954000029712915,0.38779498648597505,0.37533599352033414,0.7951156449282447,3.759993705898523e-05,0.7071067811865475,0.00043450004886835814,0.00010639999527484179,0.0001487999688833952,5.519995465874672e-05,1.2900098226964474e-05,,,,,,,,,,,
polblogs,0.5,0,0.0,all,1222,Degree-stratified RP,5,0,2,2,1,by_dim,0.0015825999435037374,0.017279500025324523,0.01886209996882826,,0.0015428999904543161,0.12871969177235962,0.1395712203015707,0.6509017845726706,,,,,,,,0.00024019996635615826,0.0006596000166609883,0.00039059994742274284,5.170004442334175e-05,0.00014379993081092834,4.579999949783087e-05,1.1200085282325745e-05,2.0,1.0,1.0,"[1,64):n=1055,ell=1;[64,512):n=167,ell=1"
polblogs,0.5,0,0.0,low_deg_1_2,242,Degree-stratified RP,5,0,2,2,1,by_dim,0.0015825999435037374,0.017279500025324523,0.01886209996882826,,0.0015428999904543161,0.06526329281579116,0.10241409049989177,0.6190594103185412,,,,,,,,0.00024019996635615826,0.0006596000166609883,0.00039059994742274284,5.170004442334175e-05,0.00014379993081092834,4.579999949783087e-05,1.1200085282325745e-05,2.0,1.0,1.0,"[1,64):n=1055,ell=1;[64,512):n=167,ell=1"
polblogs,0.5,0,0.0,mid_deg_3_8,271,Degree-stratified RP,5,0,2,2,1,by_dim,0.0015825999435037374,0.017279500025324523,0.01886209996882826,,0.0015428999904543161,0.07739616592510122,0.08297732911299298,0.6340947369886276,,,,,,,,0.00024019996635615826,0.0006596000166609883,0.00039059994742274284,5.170004442334175e-05,0.00014379993081092834,4.579999949783087e-05,1.1200085282325745e-05,2.0,1.0,1.0,"[1,64):n=1055,ell=1;[64,512):n=167,ell=1"
polblogs,0.5,0,0.0,high_deg_9_plus,709,Degree-stratified RP,5,0,2,2,1,by_dim,0.0015825999435037374,0.017279500025324523,0.01886209996882826,,0.0015428999904543161,0.17215947915995256,0.188201228811134,0.6626606971686662,,,,,,,,0.00024019996635615826,0.0006596000166609883,0.00039059994742274284,5.170004442334175e-05,0.00014379993081092834,4.579999949783087e-05,1.1200085282325745e-05,2.0,1.0,1.0,"[1,64):n=1055,ell=1;[64,512):n=167,ell=1"
polblogs,0.5,0,0.0,all,1222,Exact spectral,6,0,2,2,1,by_dim,0.006799299968406558,0.012980900006368756,0.019780199974775314,0.006799299968406558,0.006799299968406558,-0.00024081082708013297,0.0005978453430448398,0.33031488031643624,,,,,,,,,,,,,,,,,,
polblogs,0.5,0,0.0,low_deg_1_2,242,Exact spectral,6,0,2,2,1,by_dim,0.006799299968406558,0.012980900006368756,0.019780199974775314,0.006799299968406558,0.006799299968406558,0.0034424824275672895,0.017798216811149955,0.3726958525345622,,,,,,,,,,,,,,,,,,
polblogs,0.5,0,0.0,mid_deg_3_8,271,Exact spectral,6,0,2,2,1,by_dim,0.006799299968406558,0.012980900006368756,0.019780199974775314,0.006799299968406558,0.006799299968406558,0.0008465349010664863,0.002279836505596332,0.36076595902750697,,,,,,,,,,,,,,,,,,
polblogs,0.5,0,0.0,high_deg_9_plus,709,Exact spectral,6,0,2,2,1,by_dim,0.006799299968406558,0.012980900006368756,0.019780199974775314,0.006799299968406558,0.006799299968406558,0.0007890575452106661,0.0033422915763340476,0.36306046274400705,,,,,,,,,,,,,,,,,,
polblogs,0.5,0,0.0,all,1222,Gaussian RP,6,0,2,2,1,by_dim,0.0007463000947609544,0.012198100099340081,0.012944400194101036,,0.0007328999927267432,0.5964318764159365,0.4883931261224786,0.8860376725540515,3.260001540184021e-05,0.7071067811865475,0.0003917999565601349,9.720004163682461e-05,0.00014589994680136442,5.310005508363247e-05,1.2299977242946625e-05,,,,,,,,,,,
polblogs,0.5,0,0.0,low_deg_1_2,242,Gaussian RP,6,0,2,2,1,by_dim,0.0007463000947609544,0.012198100099340081,0.012944400194101036,,0.0007328999927267432,0.23460536740399413,0.1837858424697833,0.7435213675213675,3.260001540184021e-05,0.7071067811865475,0.0003917999565601349,9.720004163682461e-05,0.00014589994680136442,5.310005508363247e-05,1.2299977242946625e-05,,,,,,,,,,,
polblogs,0.5,0,0.0,mid_deg_3_8,271,Gaussian RP,6,0,2,2,1,by_dim,0.0007463000947609544,0.012198100099340081,0.012944400194101036,,0.0007328999927267432,0.43419559617505543,0.3419434457947389,0.8294198139025726,3.260001540184021e-05,0.7071067811865475,0.0003917999565601349,9.720004163682461e-05,0.00014589994680136442,5.310005508363247e-05,1.2299977242946625e-05,,,,,,,,,,,
polblogs,0.5,0,0.0,high_deg_9_plus,709,Gaussian RP,6,0,2,2,1,by_dim,0.0007463000947609544,0.012198100099340081,0.012944400194101036,,0.0007328999927267432,0.8324954862080575,0.7404549138493913,0.9557125902462515,3.260001540184021e-05,0.7071067811865475,0.0003917999565601349,9.720004163682461e-05,0.00014589994680136442,5.310005508363247e-05,1.2299977242946625e-05,,,,,,,,,,,
polblogs,0.5,0,0.0,all,1222,Degree-stratified RP,6,0,2,2,1,by_dim,0.0014421000378206372,0.014619399909861386,0.016061499947682023,,0.0014075000071898103,0.39035083093406014,0.32711802438736026,0.8086785778503396,,,,,,,,0.00023549993056803942,0.0006075000856071711,0.00031849998049438,4.2599975131452084e-05,0.00015380000695586205,3.9899954572319984e-05,9.70007386058569e-06,2.0,1.0,1.0,"[1,64):n=1055,ell=1;[64,512):n=167,ell=1"
polblogs,0.5,0,0.0,low_deg_1_2,242,Degree-stratified RP,6,0,2,2,1,by_dim,0.0014421000378206372,0.014619399909861386,0.016061499947682023,,0.0014075000071898103,0.16036287953656347,0.15015455921180448,0.7011730808808396,,,,,,,,0.00023549993056803942,0.0006075000856071711,0.00031849998049438,4.2599975131452084e-05,0.00015380000695586205,3.9899954572319984e-05,9.70007386058569e-06,2.0,1.0,1.0,"[1,64):n=1055,ell=1;[64,512):n=167,ell=1"
polblogs,0.5,0,0.0,mid_deg_3_8,271,Degree-stratified RP,6,0,2,2,1,by_dim,0.0014421000378206372,0.014619399909861386,0.016061499947682023,,0.0014075000071898103,0.21674820820894924,0.18974612460242288,0.7327123287671233,,,,,,,,0.00023549993056803942,0.0006075000856071711,0.00031849998049438,4.2599975131452084e-05,0.00015380000695586205,3.9899954572319984e-05,9.70007386058569e-06,2.0,1.0,1.0,"[1,64):n=1055,ell=1;[64,512):n=167,ell=1"
polblogs,0.5,0,0.0,high_deg_9_plus,709,Degree-stratified RP,6,0,2,2,1,by_dim,0.0014421000378206372,0.014619399909861386,0.016061499947682023,,0.0014075000071898103,0.5769436882199704,0.4881578319553249,0.875392081251021,,,,,,,,0.00023549993056803942,0.0006075000856071711,0.00031849998049438,4.2599975131452084e-05,0.00015380000695586205,3.9899954572319984e-05,9.70007386058569e-06,2.0,1.0,1.0,"[1,64):n=1055,ell=1;[64,512):n=167,ell=1"
polblogs,0.5,0,0.0,all,1222,Exact spectral,7,0,2,2,1,by_dim,0.006799299968406558,0.012772000045515597,0.019571300013922155,0.006799299968406558,0.006799299968406558,-0.00024081082708013297,0.0005978453430448398,0.33031488031643624,,,,,,,,,,,,,,,,,,
polblogs,0.5,0,0.0,low_deg_1_2,242,Exact spectral,7,0,2,2,1,by_dim,0.006799299968406558,0.012772000045515597,0.019571300013922155,0.006799299968406558,0.006799299968406558,0.0034424824275672895,0.017798216811149955,0.3726958525345622,,,,,,,,,,,,,,,,,,
polblogs,0.5,0,0.0,mid_deg_3_8,271,Exact spectral,7,0,2,2,1,by_dim,0.006799299968406558,0.012772000045515597,0.019571300013922155,0.006799299968406558,0.006799299968406558,0.0008465349010664863,0.002279836505596332,0.36076595902750697,,,,,,,,,,,,,,,,,,
polblogs,0.5,0,0.0,high_deg_9_plus,709,Exact spectral,7,0,2,2,1,by_dim,0.006799299968406558,0.012772000045515597,0.019571300013922155,0.006799299968406558,0.006799299968406558,0.0007890575452106661,0.0033422915763340476,0.36306046274400705,,,,,,,,,,,,,,,,,,
polblogs,0.5,0,0.0,all,1222,Gaussian RP,7,0,2,2,1,by_dim,0.0007405000505968928,0.021601399988867342,0.022341900039464235,,0.0007270999485626817,0.1946128431700054,0.1493749061959622,0.7209072113024335,3.670004662126303e-05,0.7071067811865475,0.00040739995893090963,8.559995330870152e-05,0.00014260003808885813,4.39999857917428e-05,1.079996582120657e-05,,,,,,,,,,,
polblogs,0.5,0,0.0,low_deg_1_2,242,Gaussian RP,7,0,2,2,1,by_dim,0.0007405000505968928,0.021601399988867342,0.022341900039464235,,0.0007270999485626817,0.06596883941463115,0.06174959052796891,0.6314699792960663,3.670004662126303e-05,0.7071067811865475,0.00040739995893090963,8.559995330870152e-05,0.00014260003808885813,4.39999857917428e-05,1.079996582120657e-05,,,,,,,,,,,
polblogs,0.5,0,0.0,mid_deg_3_8,271,Gaussian RP,7,0,2,2,1,by_dim,0.0007405000505968928,0.021601399988867342,0.022341900039464235,,0.0007270999485626817,0.09504636804097794,0.07806375383602449,0.6563586534135067,3.670004662126303e-05,0.7071067811865475,0.00040739995893090963,8.559995330870152e-05,0.00014260003808885813,4.39999857917428e-05,1.079996582120657e-05,,,,,,,,,,,
polblogs,0.5,0,0.0,high_deg_9_plus,709,Gaussian RP,7,0,2,2,1,by_dim,0.0007405000505968928,0.021601399988867342,0.022341900039464235,,0.0007270999485626817,0.3026818989684464,0.30427100051046047,0.7751608045713374,3.670004662126303e-05,0.7071067811865475,0.00040739995893090963,8.559995330870152e-05,0.00014260003808885813,4.39999857917428e-05,1.079996582120657e-05,,,,,,,,,,,
polblogs,0.5,0,0.0,all,1222,Degree-stratified RP,7,0,2,2,1,by_dim,0.0015162999043241143,0.020553800044581294,0.02207009994890541,,0.0014815001050010324,0.005121520211663371,0.0036340074724334785,0.4988720750250387,,,,,,,,0.0002335000317543745,0.0006668000714853406,0.0003358999965712428,4.23000892624259e-05,0.000152299995534122,3.979995381087065e-05,1.0899966582655907e-05,2.0,1.0,1.0,"[1,64):n=1055,ell=1;[64,512):n=167,ell=1"
polblogs,0.5,0,0.0,low_deg_1_2,242,Degree-stratified RP,7,0,2,2,1,by_dim,0.0015162999043241143,0.020553800044581294,0.02207009994890541,,0.0014815001050010324,0.017726711770123253,0.02597298569989057,0.5697889159288216,,,,,,,,0.0002335000317543745,0.0006668000714853406,0.0003358999965712428,4.23000892624259e-05,0.000152299995534122,3.979995381087065e-05,1.0899966582655907e-05,2.0,1.0,1.0,"[1,64):n=1055,ell=1;[64,512):n=167,ell=1"
polblogs,0.5,0,0.0,mid_deg_3_8,271,Degree-stratified RP,7,0,2,2,1,by_dim,0.0015162999043241143,0.020553800044581294,0.02207009994890541,,0.0014815001050010324,0.011274403137750005,0.019024555283118694,0.5478583946722748,,,,,,,,0.0002335000317543745,0.0006668000714853406,0.0003358999965712428,4.23000892624259e-05,0.000152299995534122,3.979995381087065e-05,1.0899966582655907e-05,2.0,1.0,1.0,"[1,64):n=1055,ell=1;[64,512):n=167,ell=1"
polblogs,0.5,0,0.0,high_deg_9_plus,709,Degree-stratified RP,7,0,2,2,1,by_dim,0.0015162999043241143,0.020553800044581294,0.02207009994890541,,0.0014815001050010324,-0.0058619372202042405,0.002826836169323004,0.4412540688709954,,,,,,,,0.0002335000317543745,0.0006668000714853406,0.0003358999965712428,4.23000892624259e-05,0.000152299995534122,3.979995381087065e-05,1.0899966582655907e-05,2.0,1.0,1.0,"[1,64):n=1055,ell=1;[64,512):n=167,ell=1"
polblogs,0.5,0,0.0,all,1222,Exact spectral,8,0,2,2,1,by_dim,0.006799299968406558,0.015042199986055493,0.02184149995446205,0.006799299968406558,0.006799299968406558,-0.00024081082708013297,0.0005978453430448398,0.33031488031643624,,,,,,,,,,,,,,,,,,
polblogs,0.5,0,0.0,low_deg_1_2,242,Exact spectral,8,0,2,2,1,by_dim,0.006799299968406558,0.015042199986055493,0.02184149995446205,0.006799299968406558,0.006799299968406558,0.0034424824275672895,0.017798216811149955,0.3726958525345622,,,,,,,,,,,,,,,,,,
polblogs,0.5,0,0.0,mid_deg_3_8,271,Exact spectral,8,0,2,2,1,by_dim,0.006799299968406558,0.015042199986055493,0.02184149995446205,0.006799299968406558,0.006799299968406558,0.0008465349010664863,0.002279836505596332,0.36076595902750697,,,,,,,,,,,,,,,,,,
polblogs,0.5,0,0.0,high_deg_9_plus,709,Exact spectral,8,0,2,2,1,by_dim,0.006799299968406558,0.015042199986055493,0.02184149995446205,0.006799299968406558,0.006799299968406558,0.0007890575452106661,0.0033422915763340476,0.36306046274400705,,,,,,,,,,,,,,,,,,
polblogs,0.5,0,0.0,all,1222,Gaussian RP,8,0,2,2,1,by_dim,0.0007170999888330698,0.018285099999047816,0.019002199987880886,,0.0007043000077828765,0.5276739017537465,0.42460178371984525,0.8631994492422724,3.370002377778292e-05,0.7071067811865475,0.00039950001519173384,8.020002860575914e-05,0.00014000001829117537,4.1499966755509377e-05,9.399955160915852e-06,,,,,,,,,,,
polblogs,0.5,0,0.0,low_deg_1_2,242,Gaussian RP,8,0,2,2,1,by_dim,0.0007170999888330698,0.018285099999047816,0.019002199987880886,,0.0007043000077828765,0.23460188233365661,0.17846391291710437,0.7426768196473897,3.370002377778292e-05,0.7071067811865475,0.00039950001519173384,8.020002860575914e-05,0.00014000001829117537,4.1499966755509377e-05,9.399955160915852e-06,,,,,,,,,,,
polblogs,0.5,0,0.0,mid_deg_3_8,271,Gaussian RP,8,0,2,2,1,by_dim,0.0007170999888330698,0.018285099999047816,0.019002199987880886,,0.0007043000077828765,0.3866339611988452,0.3011878051887417,0.8111498257839722,3.370002377778292e-05,0.7071067811865475,0.00039950001519173384,8.020002860575914e-05,0.00014000001829117537,4.1499966755509377e-05,9.399955160915852e-06,,,,,,,,,,,
polblogs,0.5,0,0.0,high_deg_9_plus,709,Gaussian RP,8,0,2,2,1,by_dim,0.0007170999888330698,0.018285099999047816,0.019002199987880886,,0.0007043000077828765,0.718133837627524,0.613667248390795,0.9230648661683145,3.370002377778292e-05,0.7071067811865475,0.00039950001519173384,8.020002860575914e-05,0.00014000001829117537,4.1499966755509377e-05,9.399955160915852e-06,,,,,,,,,,,
polblogs,0.5,0,0.0,all,1222,Degree-stratified RP,8,0,2,2,1,by_dim,0.0016594999469816685,0.017015099991112947,0.018674599938094616,,0.0016180999809876084,0.17333665403846635,0.17759740377003533,0.686937248128958,,,,,,,,0.00025610008742660284,0.0007618999807164073,0.00037379993591457605,3.6100042052567005e-05,0.00013539998326450586,4.439998883754015e-05,1.0399962775409222e-05,2.0,1.0,1.0,"[1,64):n=1055,ell=1;[64,512):n=167,ell=1"
polblogs,0.5,0,0.0,low_deg_1_2,242,Degree-stratified RP,8,0,2,2,1,by_dim,0.0016594999469816685,0.017015099991112947,0.018674599938094616,,0.0016180999809876084,0.0701529421143137,0.08060596170200952,0.631429560401523,,,,,,,,0.00025610008742660284,0.0007618999807164073,0.00037379993591457605,3.6100042052567005e-05,0.00013539998326450586,4.439998883754015e-05,1.0399962775409222e-05,2.0,1.0,1.0,"[1,64):n=1055,ell=1;[64,512):n=167,ell=1"
polblogs,0.5,0,0.0,mid_deg_3_8,271,Degree-stratified RP,8,0,2,2,1,by_dim,0.0016594999469816685,0.017015099991112947,0.018674599938094616,,0.0016180999809876084,0.08607326298456959,0.10776197789417626,0.6360461993016384,,,,,,,,0.00025610008742660284,0.0007618999807164073,0.00037379993591457605,3.6100042052567005e-05,0.00013539998326450586,4.439998883754015e-05,1.0399962775409222e-05,2.0,1.0,1.0,"[1,64):n=1055,ell=1;[64,512):n=167,ell=1"
polblogs,0.5,0,0.0,high_deg_9_plus,709,Degree-stratified RP,8,0,2,2,1,by_dim,0.0016594999469816685,0.017015099991112947,0.018674599938094616,,0.0016180999809876084,0.25792041112113895,0.26869734951915536,0.7238182731127158,,,,,,,,0.00025610008742660284,0.0007618999807164073,0.00037379993591457605,3.6100042052567005e-05,0.00013539998326450586,4.439998883754015e-05,1.0399962775409222e-05,2.0,1.0,1.0,"[1,64):n=1055,ell=1;[64,512):n=167,ell=1"
polblogs,0.5,0,0.0,all,1222,Exact spectral,9,0,2,2,1,by_dim,0.006799299968406558,0.011139100068248808,0.017938400036655366,0.006799299968406558,0.006799299968406558,-0.00024081082708013297,0.0005978453430448398,0.33031488031643624,,,,,,,,,,,,,,,,,,
polblogs,0.5,0,0.0,low_deg_1_2,242,Exact spectral,9,0,2,2,1,by_dim,0.006799299968406558,0.011139100068248808,0.017938400036655366,0.006799299968406558,0.006799299968406558,0.0034424824275672895,0.017798216811149955,0.3726958525345622,,,,,,,,,,,,,,,,,,
polblogs,0.5,0,0.0,mid_deg_3_8,271,Exact spectral,9,0,2,2,1,by_dim,0.006799299968406558,0.011139100068248808,0.017938400036655366,0.006799299968406558,0.006799299968406558,0.0008465349010664863,0.002279836505596332,0.36076595902750697,,,,,,,,,,,,,,,,,,
polblogs,0.5,0,0.0,high_deg_9_plus,709,Exact spectral,9,0,2,2,1,by_dim,0.006799299968406558,0.011139100068248808,0.017938400036655366,0.006799299968406558,0.006799299968406558,0.0007890575452106661,0.0033422915763340476,0.36306046274400705,,,,,,,,,,,,,,,,,,
polblogs,0.5,0,0.0,all,1222,Gaussian RP,9,0,2,2,1,by_dim,0.0007407000521197915,0.03112419997341931,0.0318649000255391,,0.0007287999615073204,0.08378182041104362,0.11672548626373427,0.596381264040337,3.5100034438073635e-05,0.7071067811865475,0.0004107999848201871,8.699996396899223e-05,0.0001431000418961048,4.2199972085654736e-05,1.0599964298307896e-05,,,,,,,,,,,
polblogs,0.5,0,0.0,low_deg_1_2,242,Gaussian RP,9,0,2,2,1,by_dim,0.0007407000521197915,0.03112419997341931,0.0318649000255391,,0.0007287999615073204,0.12217306921310639,0.14721123868390462,0.6711956521739131,3.5100034438073635e-05,0.7071067811865475,0.0004107999848201871,8.699996396899223e-05,0.0001431000418961048,4.2199972085654736e-05,1.0599964298307896e-05,,,,,,,,,,,
polblogs,0.5,0,0.0,mid_deg_3_8,271,Gaussian RP,9,0,2,2,1,by_dim,0.0007407000521197915,0.03112419997341931,0.0318649000255391,,0.0007287999615073204,0.16474510463185021,0.17087878943581053,0.6985539488320356,3.5100034438073635e-05,0.7071067811865475,0.0004107999848201871,8.699996396899223e-05,0.0001431000418961048,4.2199972085654736e-05,1.0599964298307896e-05,,,,,,,,,,,
polblogs,0.5,0,0.0,high_deg_9_plus,709,Gaussian RP,9,0,2,2,1,by_dim,0.0007407000521197915,0.03112419997341931,0.0318649000255391,,0.0007287999615073204,0.03887866741402467,0.07122620666311107,0.48332516264094444,3.5100034438073635e-05,0.7071067811865475,0.0004107999848201871,8.699996396899223e-05,0.0001431000418961048,4.2199972085654736e-05,1.0599964298307896e-05,,,,,,,,,,,
polblogs,0.5,0,0.0,all,1222,Degree-stratified RP,9,0,2,2,1,by_dim,0.002275100094266236,0.023856099927797914,0.02613120002206415,,0.0022342000156641006,0.4971792292496074,0.3970200112742634,0.852557915057915,,,,,,,,0.0008456000359728932,0.0007293999660760164,0.00038330000825226307,5.64999645575881e-05,0.00014929997269064188,5.810009315609932e-05,1.1999974958598614e-05,2.0,1.0,1.0,"[1,64):n=1055,ell=1;[64,512):n=167,ell=1"
polblogs,0.5,0,0.0,low_deg_1_2,242,Degree-stratified RP,9,0,2,2,1,by_dim,0.002275100094266236,0.023856099927797914,0.02613120002206415,,0.0022342000156641006,0.2427610151041926,0.1931899272683547,0.7478262355011189,,,,,,,,0.0008456000359728932,0.0007293999660760164,0.00038330000825226307,5.64999645575881e-05,0.00014929997269064188,5.810009315609932e-05,1.1999974958598614e-05,2.0,1.0,1.0,"[1,64):n=1055,ell=1;[64,512):n=167,ell=1"
polblogs,0.5,0,0.0,mid_deg_3_8,271,Degree-stratified RP,9,0,2,2,1,by_dim,0.002275100094266236,0.023856099927797914,0.02613120002206415,,0.0022342000156641006,0.32464176865041483,0.24965728070178703,0.7851323272090989,,,,,,,,0.0008456000359728932,0.0007293999660760164,0.00038330000825226307,5.64999645575881e-05,0.00014929997269064188,5.810009315609932e-05,1.1999974958598614e-05,2.0,1.0,1.0,"[1,64):n=1055,ell=1;[64,512):n=167,ell=1"
polblogs,0.5,0,0.0,high_deg_9_plus,709,Degree-stratified RP,9,0,2,2,1,by_dim,0.002275100094266236,0.023856099927797914,0.02613120002206415,,0.0022342000156641006,0.6850150292163129,0.5863491509289889,0.913342723926577,,,,,,,,0.0008456000359728932,0.0007293999660760164,0.00038330000825226307,5.64999645575881e-05,0.00014929997269064188,5.810009315609932e-05,1.1999974958598614e-05,2.0,1.0,1.0,"[1,64):n=1055,ell=1;[64,512):n=167,ell=1"
polblogs,0.5,0,0.0,all,1222,Exact spectral,10,0,2,2,1,by_dim,0.006799299968406558,0.01107220002450049,0.017871499992907047,0.006799299968406558,0.006799299968406558,-0.00024081082708013297,0.0005978453430448398,0.33031488031643624,,,,,,,,,,,,,,,,,,
polblogs,0.5,0,0.0,low_deg_1_2,242,Exact spectral,10,0,2,2,1,by_dim,0.006799299968406558,0.01107220002450049,0.017871499992907047,0.006799299968406558,0.006799299968406558,0.0034424824275672895,0.017798216811149955,0.3726958525345622,,,,,,,,,,,,,,,,,,
polblogs,0.5,0,0.0,mid_deg_3_8,271,Exact spectral,10,0,2,2,1,by_dim,0.006799299968406558,0.01107220002450049,0.017871499992907047,0.006799299968406558,0.006799299968406558,0.0008465349010664863,0.002279836505596332,0.36076595902750697,,,,,,,,,,,,,,,,,,
polblogs,0.5,0,0.0,high_deg_9_plus,709,Exact spectral,10,0,2,2,1,by_dim,0.006799299968406558,0.01107220002450049,0.017871499992907047,0.006799299968406558,0.006799299968406558,0.0007890575452106661,0.0033422915763340476,0.36306046274400705,,,,,,,,,,,,,,,,,,
polblogs,0.5,0,0.0,all,1222,Gaussian RP,10,0,2,2,1,by_dim,0.0007981000235304236,0.021570999990217388,0.02236910001374781,,0.0007846999214962125,0.4389055821701164,0.34543294310958444,0.8308366373227606,3.839994315057993e-05,0.7071067811865475,0.0004304000176489353,0.00010800000745803118,0.00015009997878223658,4.730001091957092e-05,1.0499963536858559e-05,,,,,,,,,,,
polblogs,0.5,0,0.0,low_deg_1_2,242,Gaussian RP,10,0,2,2,1,by_dim,0.0007981000235304236,0.021570999990217388,0.02236910001374781,,0.0007846999214962125,0.03530176836131661,0.02603322324666592,0.594121206881646,3.839994315057993e-05,0.7071067811865475,0.0004304000176489353,0.00010800000745803118,0.00015009997878223658,4.730001091957092e-05,1.0499963536858559e-05,,,,,,,,,,,
polblogs,0.5,0,0.0,mid_deg_3_8,271,Gaussian RP,10,0,2,2,1,by_dim,0.0007981000235304236,0.021570999990217388,0.02236910001374781,,0.0007846999214962125,0.26035231119531416,0.19805804278058192,0.7557091346153846,3.839994315057993e-05,0.7071067811865475,0.0004304000176489353,0.00010800000745803118,0.00015009997878223658,4.730001091957092e-05,1.0499963536858559e-05,,,,,,,,,,,
polblogs,0.5,0,0.0,high_deg_9_plus,709,Gaussian RP,10,0,2,2,1,by_dim,0.0007981000235304236,0.021570999990217388,0.02236910001374781,,0.0007846999214962125,0.7716768621693822,0.6824543359282911,0.9377416094019625,3.839994315057993e-05,0.7071067811865475,0.0004304000176489353,0.00010800000745803118,0.00015009997878223658,4.730001091957092e-05,1.0499963536858559e-05,,,,,,,,,,,
polblogs,0.5,0,0.0,all,1222,Degree-stratified RP,10,0,2,2,1,by_dim,0.0014989000046625733,0.012835700064897537,0.01433460006956011,,0.001465699984692037,0.7102094065258178,0.6040068163427306,0.9211962436016283,,,,,,,,0.0002503000432625413,0.0006430000066757202,0.00034549995325505733,4.12999652326107e-05,0.00013860000763088465,3.77000542357564e-05,9.299954399466515e-06,2.0,1.0,1.0,"[1,64):n=1055,ell=1;[64,512):n=167,ell=1"
polblogs,0.5,0,0.0,low_deg_1_2,242,Degree-stratified RP,10,0,2,2,1,by_dim,0.0014989000046625733,0.012835700064897537,0.01433460006956011,,0.001465699984692037,0.37143155544412704,0.294298950831118,0.805383022774327,,,,,,,,0.0002503000432625413,0.0006430000066757202,0.00034549995325505733,4.12999652326107e-05,0.00013860000763088465,3.77000542357564e-05,9.299954399466515e-06,2.0,1.0,1.0,"[1,64):n=1055,ell=1;[64,512):n=167,ell=1"
polblogs,0.5,0,0.0,mid_deg_3_8,271,Degree-stratified RP,10,0,2,2,1,by_dim,0.0014989000046625733,0.012835700064897537,0.01433460006956011,,0.001465699984692037,0.5932765268324177,0.4863954753322606,0.8851019598725332,,,,,,,,0.0002503000432625413,0.0006430000066757202,0.00034549995325505733,4.12999652326107e-05,0.00013860000763088465,3.77000542357564e-05,9.299954399466515e-06,2.0,1.0,1.0,"[1,64):n=1055,ell=1;[64,512):n=167,ell=1"
polblogs,0.5,0,0.0,high_deg_9_plus,709,Degree-stratified RP,10,0,2,2,1,by_dim,0.0014989000046625733,0.012835700064897537,0.01433460006956011,,0.001465699984692037,0.900857913443295,0.8332051655768955,0.9741278645453219,,,,,,,,0.0002503000432625413,0.0006430000066757202,0.00034549995325505733,4.12999652326107e-05,0.00013860000763088465,3.77000542357564e-05,9.299954399466515e-06,2.0,1.0,1.0,"[1,64):n=1055,ell=1;[64,512):n=167,ell=1"
polblogs,0.5,0,0.0,all,1222,Exact spectral,1,2,2,2,1,by_dim,0.006799299968406558,0.008958499995060265,0.015757799963466823,0.006799299968406558,0.006799299968406558,-0.00024081082708013297,0.0005978453430448398,0.33031488031643624,,,,,,,,,,,,,,,,,,
polblogs,0.5,0,0.0,low_deg_1_2,242,Exact spectral,1,2,2,2,1,by_dim,0.006799299968406558,0.008958499995060265,0.015757799963466823,0.006799299968406558,0.006799299968406558,0.0034424824275672895,0.017798216811149955,0.3726958525345622,,,,,,,,,,,,,,,,,,
polblogs,0.5,0,0.0,mid_deg_3_8,271,Exact spectral,1,2,2,2,1,by_dim,0.006799299968406558,0.008958499995060265,0.015757799963466823,0.006799299968406558,0.006799299968406558,0.0008465349010664863,0.002279836505596332,0.36076595902750697,,,,,,,,,,,,,,,,,,
polblogs,0.5,0,0.0,high_deg_9_plus,709,Exact spectral,1,2,2,2,1,by_dim,0.006799299968406558,0.008958499995060265,0.015757799963466823,0.006799299968406558,0.006799299968406558,0.0007890575452106661,0.0033422915763340476,0.36306046274400705,,,,,,,,,,,,,,,,,,
polblogs,0.5,0,0.0,all,1222,Gaussian RP,1,2,4,2,1,by_dim,0.0007336999988183379,0.016052699997089803,0.01678639999590814,,0.0007222001440823078,0.16933752645634728,0.1706407612251828,0.6988625092068041,4.42001037299633e-05,0.5,0.00035660003777593374,8.889997843652964e-05,0.0001634000800549984,5.859998054802418e-05,1.0499963536858559e-05,,,,,,,,,,,
polblogs,0.5,0,0.0,low_deg_1_2,242,Gaussian RP,1,2,4,2,1,by_dim,0.0007336999988183379,0.016052699997089803,0.01678639999590814,,0.0007222001440823078,0.18130950432920453,0.136513845240472,0.7134620334620334,4.42001037299633e-05,0.5,0.00035660003777593374,8.889997843652964e-05,0.0001634000800549984,5.859998054802418e-05,1.0499963536858559e-05,,,,,,,,,,,
polblogs,0.5,0,0.0,mid_deg_3_8,271,Gaussian RP,1,2,4,2,1,by_dim,0.0007336999988183379,0.016052699997089803,0.01678639999590814,,0.0007222001440823078,0.3331919848744747,0.2699418880603786,0.78498350524074,4.42001037299633e-05,0.5,0.00035660003777593374,8.889997843652964e-05,0.0001634000800549984,5.859998054802418e-05,1.0499963536858559e-05,,,,,,,,,,,
polblogs,0.5,0,0.0,high_deg_9_plus,709,Gaussian RP,1,2,4,2,1,by_dim,0.0007336999988183379,0.016052699997089803,0.01678639999590814,,0.0007222001440823078,0.11319610738042801,0.21903860510402443,0.6591943885708391,4.42001037299633e-05,0.5,0.00035660003777593374,8.889997843652964e-05,0.0001634000800549984,5.859998054802418e-05,1.0499963536858559e-05,,,,,,,,,,,
polblogs,0.5,0,0.0,all,1222,Degree-stratified RP,1,2,4,2,1,by_dim,0.00181639997754246,0.011176600004546344,0.012992999982088804,,0.001777100027538836,0.6801573696282356,0.5804409066786328,0.9119062104390137,,,,,,,,0.0002136999974027276,0.0009477999992668629,0.00035550002939999104,5.4600066505372524e-05,0.00014509994070976973,4.9400026910007e-05,1.0999967344105244e-05,4.0,1.0,1.0,"[1,32):n=871,ell=1;[32,64):n=184,ell=1;[64,128):n=134,ell=1;[128,512):n=33,ell=1"
polblogs,0.5,0,0.0,low_deg_1_2,242,Degree-stratified RP,1,2,4,2,1,by_dim,0.00181639997754246,0.011176600004546344,0.012992999982088804,,0.001777100027538836,0.3714136671883151,0.30957722401433163,0.8057818076259755,,,,,,,,0.0002136999974027276,0.0009477999992668629,0.00035550002939999104,5.4600066505372524e-05,0.00014509994070976973,4.9400026910007e-05,1.0999967344105244e-05,4.0,1.0,1.0,"[1,32):n=871,ell=1;[32,64):n=184,ell=1;[64,128):n=134,ell=1;[128,512):n=33,ell=1"
polblogs,0.5,0,0.0,mid_deg_3_8,271,Degree-stratified RP,1,2,4,2,1,by_dim,0.00181639997754246,0.011176600004546344,0.012992999982088804,,0.001777100027538836,0.5819041824751435,0.4804188340878279,0.881839982559407,,,,,,,,0.0002136999974027276,0.0009477999992668629,0.00035550002939999104,5.4600066505372524e-05,0.00014509994070976973,4.9400026910007e-05,1.0999967344105244e-05,4.0,1.0,1.0,"[1,32):n=871,ell=1;[32,64):n=184,ell=1;[64,128):n=134,ell=1;[128,512):n=33,ell=1"
polblogs,0.5,0,0.0,high_deg_9_plus,709,Degree-stratified RP,1,2,4,2,1,by_dim,0.00181639997754246,0.011176600004546344,0.012992999982088804,,0.001777100027538836,0.8479996031568995,0.7665328635743457,0.9596563104586321,,,,,,,,0.0002136999974027276,0.0009477999992668629,0.00035550002939999104,5.4600066505372524e-05,0.00014509994070976973,4.9400026910007e-05,1.0999967344105244e-05,4.0,1.0,1.0,"[1,32):n=871,ell=1;[32,64):n=184,ell=1;[64,128):n=134,ell=1;[128,512):n=33,ell=1"
polblogs,0.5,0,0.0,all,1222,Exact spectral,2,2,2,2,1,by_dim,0.006799299968406558,0.008292400045320392,0.01509170001372695,0.006799299968406558,0.006799299968406558,-0.00024081082708013297,0.0005978453430448398,0.33031488031643624,,,,,,,,,,,,,,,,,,
polblogs,0.5,0,0.0,low_deg_1_2,242,Exact spectral,2,2,2,2,1,by_dim,0.006799299968406558,0.008292400045320392,0.01509170001372695,0.006799299968406558,0.006799299968406558,0.0034424824275672895,0.017798216811149955,0.3726958525345622,,,,,,,,,,,,,,,,,,
polblogs,0.5,0,0.0,mid_deg_3_8,271,Exact spectral,2,2,2,2,1,by_dim,0.006799299968406558,0.008292400045320392,0.01509170001372695,0.006799299968406558,0.006799299968406558,0.0008465349010664863,0.002279836505596332,0.36076595902750697,,,,,,,,,,,,,,,,,,
polblogs,0.5,0,0.0,high_deg_9_plus,709,Exact spectral,2,2,2,2,1,by_dim,0.006799299968406558,0.008292400045320392,0.01509170001372695,0.006799299968406558,0.006799299968406558,0.0007890575452106661,0.0033422915763340476,0.36306046274400705,,,,,,,,,,,,,,,,,,
polblogs,0.5,0,0.0,all,1222,Gaussian RP,2,2,4,2,1,by_dim,0.0007411999395117164,0.021238200017251074,0.02197939995676279,,0.0007306999759748578,0.348511275846559,0.2945376493160058,0.7902390793864407,4.949991125613451e-05,0.5,0.0004002000205218792,7.509998977184296e-05,0.00015760003589093685,3.799994010478258e-05,1.0300078429281712e-05,,,,,,,,,,,
polblogs,0.5,0,0.0,low_deg_1_2,242,Gaussian RP,2,2,4,2,1,by_dim,0.0007411999395117164,0.021238200017251074,0.02197939995676279,,0.0007306999759748578,0.09970980424314486,0.11765676767163667,0.6551268682655544,4.949991125613451e-05,0.5,0.0004002000205218792,7.509998977184296e-05,0.00015760003589093685,3.799994010478258e-05,1.0300078429281712e-05,,,,,,,,,,,
polblogs,0.5,0,0.0,mid_deg_3_8,271,Gaussian RP,2,2,4,2,1,by_dim,0.0007411999395117164,0.021238200017251074,0.02197939995676279,,0.0007306999759748578,0.19642489731995053,0.18194198726244892,0.7202609521450101,4.949991125613451e-05,0.5,0.0004002000205218792,7.509998977184296e-05,0.00015760003589093685,3.799994010478258e-05,1.0300078429281712e-05,,,,,,,,,,,
polblogs,0.5,0,0.0,high_deg_9_plus,709,Gaussian RP,2,2,4,2,1,by_dim,0.0007411999395117164,0.021238200017251074,0.02197939995676279,,0.0007306999759748578,0.5431155800898104,0.4477583557789267,0.8641194253766561,4.949991125613451e-05,0.5,0.0004002000205218792,7.509998977184296e-05,0.00015760003589093685,3.799994010478258e-05,1.0300078429281712e-05,,,,,,,,,,,
polblogs,0.5,0,0.0,all,1222,Degree-stratified RP,2,2,4,2,1,by_dim,0.0017986999591812491,0.01403670001309365,0.0158353999722749,,0.0017609000205993652,0.6937386215695777,0.5856604181106696,0.9163285636416851,,,,,,,,0.00021109997760504484,0.0009445999749004841,0.00035089999437332153,5.410006269812584e-05,0.00015169999096542597,3.7899939343333244e-05,1.0600080713629723e-05,4.0,1.0,1.0,"[1,32):n=871,ell=1;[32,64):n=184,ell=1;[64,128):n=134,ell=1;[128,512):n=33,ell=1"
polblogs,0.5,0,0.0,low_deg_1_2,242,Degree-stratified RP,2,2,4,2,1,by_dim,0.0017986999591812491,0.01403670001309365,0.0158353999722749,,0.0017609000205993652,0.37143083993344256,0.29228270923734456,0.8052230499186575,,,,,,,,0.00021109997760504484,0.0009445999749004841,0.00035089999437332153,5.410006269812584e-05,0.00015169999096542597,3.7899939343333244e-05,1.0600080713629723e-05,4.0,1.0,1.0,"[1,32):n=871,ell=1;[32,64):n=184,ell=1;[64,128):n=134,ell=1;[128,512):n=33,ell=1"
polblogs,0.5,0,0.0,mid_deg_3_8,271,Degree-stratified RP,2,2,4,2,1,by_dim,0.0017986999591812491,0.01403670001309365,0.0158353999722749,,0.0017609000205993652,0.6163460571653102,0.5086786370863611,0.8925147366549503,,,,,,,,0.00021109997760504484,0.0009445999749004841,0.00035089999437332153,5.410006269812584e-05,0.00015169999096542597,3.7899939343333244e-05,1.0600080713629723e-05,4.0,1.0,1.0,"[1,32):n=871,ell=1;[32,64):n=184,ell=1;[64,128):n=134,ell=1;[128,512):n=33,ell=1"
polblogs,0.5,0,0.0,high_deg_9_plus,709,Degree-stratified RP,2,2,4,2,1,by_dim,0.0017986999591812491,0.01403670001309365,0.0158353999722749,,0.0017609000205993652,0.8584620548464531,0.7715169451966731,0.9627144012944984,,,,,,,,0.00021109997760504484,0.0009445999749004841,0.00035089999437332153,5.410006269812584e-05,0.00015169999096542597,3.7899939343333244e-05,1.0600080713629723e-05,4.0,1.0,1.0,"[1,32):n=871,ell=1;[32,64):n=184,ell=1;[64,128):n=134,ell=1;[128,512):n=33,ell=1"
polblogs,0.5,0,0.0,all,1222,Exact spectral,3,2,2,2,1,by_dim,0.006799299968406558,0.02602009999100119,0.03281939995940775,0.006799299968406558,0.006799299968406558,-0.00024081082708013297,0.0005978453430448398,0.33031488031643624,,,,,,,,,,,,,,,,,,
polblogs,0.5,0,0.0,low_deg_1_2,242,Exact spectral,3,2,2,2,1,by_dim,0.006799299968406558,0.02602009999100119,0.03281939995940775,0.006799299968406558,0.006799299968406558,0.0034424824275672895,0.017798216811149955,0.3726958525345622,,,,,,,,,,,,,,,,,,
polblogs,0.5,0,0.0,mid_deg_3_8,271,Exact spectral,3,2,2,2,1,by_dim,0.006799299968406558,0.02602009999100119,0.03281939995940775,0.006799299968406558,0.006799299968406558,0.0008465349010664863,0.002279836505596332,0.36076595902750697,,,,,,,,,,,,,,,,,,
polblogs,0.5,0,0.0,high_deg_9_plus,709,Exact spectral,3,2,2,2,1,by_dim,0.006799299968406558,0.02602009999100119,0.03281939995940775,0.006799299968406558,0.006799299968406558,0.0007890575452106661,0.0033422915763340476,0.36306046274400705,,,,,,,,,,,,,,,,,,
polblogs,0.5,0,0.0,all,1222,Gaussian RP,3,2,4,2,1,by_dim,0.0008484000572934747,0.06508530001156032,0.0659337000688538,,0.0008350999560207129,0.6828650558227832,0.5744096123416936,0.9130473308433198,6.059999577701092e-05,0.5,0.00044329999946057796,0.0001050999853760004,0.00015490001533180475,5.8399979025125504e-05,1.279998105019331e-05,,,,,,,,,,,
polblogs,0.5,0,0.0,low_deg_1_2,242,Gaussian RP,3,2,4,2,1,by_dim,0.0008484000572934747,0.06508530001156032,0.0659337000688538,,0.0008350999560207129,0.37143083993344256,0.2922827092373445,0.8052230499186575,6.059999577701092e-05,0.5,0.00044329999946057796,0.0001050999853760004,0.00015490001533180475,5.8399979025125504e-05,1.279998105019331e-05,,,,,,,,,,,
polblogs,0.5,0,0.0,mid_deg_3_8,271,Gaussian RP,3,2,4,2,1,by_dim,0.0008484000572934747,0.06508530001156032,0.0659337000688538,,0.0008350999560207129,0.5484494773703993,0.44414408402871614,0.8702764063076986,6.059999577701092e-05,0.5,0.00044329999946057796,0.0001050999853760004,0.00015490001533180475,5.8399979025125504e-05,1.279998105019331e-05,,,,,,,,,,,
polblogs,0.5,0,0.0,high_deg_9_plus,709,Gaussian RP,3,2,4,2,1,by_dim,0.0008484000572934747,0.06508530001156032,0.0659337000688538,,0.0008350999560207129,0.8689670110190162,0.7851643341991716,0.9655825242718447,6.059999577701092e-05,0.5,0.00044329999946057796,0.0001050999853760004,0.00015490001533180475,5.8399979025125504e-05,1.279998105019331e-05,,,,,,,,,,,
polblogs,0.5,0,0.0,all,1222,Degree-stratified RP,3,2,4,2,1,by_dim,0.0021715000038966537,0.03560790000483394,0.03777940000873059,,0.0021292000310495496,0.7954603054225079,0.7038551224464343,0.9457577053758061,,,,,,,,0.0003307000733911991,0.0011468000011518598,0.0003798999823629856,5.779997445642948e-05,0.00015650002751499414,4.569999873638153e-05,1.179997343569994e-05,4.0,1.0,1.0,"[1,32):n=871,ell=1;[32,64):n=184,ell=1;[64,128):n=134,ell=1;[128,512):n=33,ell=1"
polblogs,0.5,0,0.0,low_deg_1_2,242,Degree-stratified RP,3,2,4,2,1,by_dim,0.0021715000038966537,0.03560790000483394,0.03777940000873059,,0.0021292000310495496,0.5030916521833664,0.44263433788045686,0.8553694312108328,,,,,,,,0.0003307000733911991,0.0011468000011518598,0.0003798999823629856,5.779997445642948e-05,0.00015650002751499414,4.569999873638153e-05,1.179997343569994e-05,4.0,1.0,1.0,"[1,32):n=871,ell=1;[32,64):n=184,ell=1;[64,128):n=134,ell=1;[128,512):n=33,ell=1"
polblogs,0.5,0,0.0,mid_deg_3_8,271,Degree-stratified RP,3,2,4,2,1,by_dim,0.0021715000038966537,0.03560790000483394,0.03777940000873059,,0.0021292000310495496,0.816645867141465,0.7237145586628412,0.9519352770236162,,,,,,,,0.0003307000733911991,0.0011468000011518598,0.0003798999823629856,5.779997445642948e-05,0.00015650002751499414,4.569999873638153e-05,1.179997343569994e-05,4.0,1.0,1.0,"[1,32):n=871,ell=1;[32,64):n=184,ell=1;[64,128):n=134,ell=1;[128,512):n=33,ell=1"
polblogs,0.5,0,0.0,high_deg_9_plus,709,Degree-stratified RP,3,2,4,2,1,by_dim,0.0021715000038966537,0.03560790000483394,0.03777940000873059,,0.0021292000310495496,0.9008644576067228,0.8284460060793892,0.9741868932038835,,,,,,,,0.0003307000733911991,0.0011468000011518598,0.0003798999823629856,5.779997445642948e-05,0.00015650002751499414,4.569999873638153e-05,1.179997343569994e-05,4.0,1.0,1.0,"[1,32):n=871,ell=1;[32,64):n=184,ell=1;[64,128):n=134,ell=1;[128,512):n=33,ell=1"
polblogs,0.5,0,0.0,all,1222,Exact spectral,4,2,2,2,1,by_dim,0.006799299968406558,0.014647700008936226,0.021446999977342784,0.006799299968406558,0.006799299968406558,-0.00024081082708013297,0.0005978453430448398,0.33031488031643624,,,,,,,,,,,,,,,,,,
polblogs,0.5,0,0.0,low_deg_1_2,242,Exact spectral,4,2,2,2,1,by_dim,0.006799299968406558,0.014647700008936226,0.021446999977342784,0.006799299968406558,0.006799299968406558,0.0034424824275672895,0.017798216811149955,0.3726958525345622,,,,,,,,,,,,,,,,,,
polblogs,0.5,0,0.0,mid_deg_3_8,271,Exact spectral,4,2,2,2,1,by_dim,0.006799299968406558,0.014647700008936226,0.021446999977342784,0.006799299968406558,0.006799299968406558,0.0008465349010664863,0.002279836505596332,0.36076595902750697,,,,,,,,,,,,,,,,,,
polblogs,0.5,0,0.0,high_deg_9_plus,709,Exact spectral,4,2,2,2,1,by_dim,0.006799299968406558,0.014647700008936226,0.021446999977342784,0.006799299968406558,0.006799299968406558,0.0007890575452106661,0.0033422915763340476,0.36306046274400705,,,,,,,,,,,,,,,,,,
polblogs,0.5,0,0.0,all,1222,Gaussian RP,4,2,4,2,1,by_dim,0.0008321000495925546,0.014991199946962297,0.01582329999655485,,0.0008180999429896474,0.48113448307811213,0.383291145869609,0.8468736325849029,5.7299970649182796e-05,0.5,0.00042669998947530985,9.810004848986864e-05,0.0001580000389367342,5.5299955420196056e-05,2.2699940018355846e-05,,,,,,,,,,,
polblogs,0.5,0,0.0,low_deg_1_2,242,Gaussian RP,4,2,4,2,1,by_dim,0.0008321000495925546,0.014991199946962297,0.01582329999655485,,0.0008180999429896474,0.25949557830630987,0.19769464402792772,0.754989274989275,5.7299970649182796e-05,0.5,0.00042669998947530985,9.810004848986864e-05,0.0001580000389367342,5.5299955420196056e-05,2.2699940018355846e-05,,,,,,,,,,,
polblogs,0.5,0,0.0,mid_deg_3_8,271,Gaussian RP,4,2,4,2,1,by_dim,0.0008321000495925546,0.014991199946962297,0.01582329999655485,,0.0008180999429896474,0.27577036310407094,0.21007994922891265,0.7626710454296661,5.7299970649182796e-05,0.5,0.00042669998947530985,9.810004848986864e-05,0.0001580000389367342,5.5299955420196056e-05,2.2699940018355846e-05,,,,,,,,,,,
polblogs,0.5,0,0.0,high_deg_9_plus,709,Gaussian RP,4,2,4,2,1,by_dim,0.0008321000495925546,0.014991199946962297,0.01582329999655485,,0.0008180999429896474,0.6710439161535916,0.5661155619776163,0.9089186498378135,5.7299970649182796e-05,0.5,0.00042669998947530985,9.810004848986864e-05,0.0001580000389367342,5.5299955420196056e-05,2.2699940018355846e-05,,,,,,,,,,,
polblogs,0.5,0,0.0,all,1222,Degree-stratified RP,4,2,4,2,1,by_dim,0.0018845000304281712,0.012456899974495173,0.014341400004923344,,0.0018451999640092254,0.7240819139576709,0.6231326362659083,0.9251867774043911,,,,,,,,0.0002402999671176076,0.0009672000305727124,0.00036319997161626816,5.4600066505372524e-05,0.0001495999749749899,4.339998122304678e-05,2.6899971999228e-05,4.0,1.0,1.0,"[1,32):n=871,ell=1;[32,64):n=184,ell=1;[64,128):n=134,ell=1;[128,512):n=33,ell=1"
polblogs,0.5,0,0.0,low_deg_1_2,242,Degree-stratified RP,4,2,4,2,1,by_dim,0.0018845000304281712,0.012456899974495173,0.014341400004923344,,0.0018451999640092254,0.4024861406764033,0.3358487718514335,0.8181693989071038,,,,,,,,0.0002402999671176076,0.0009672000305727124,0.00036319997161626816,5.4600066505372524e-05,0.0001495999749749899,4.339998122304678e-05,2.6899971999228e-05,4.0,1.0,1.0,"[1,32):n=871,ell=1;[32,64):n=184,ell=1;[64,128):n=134,ell=1;[128,512):n=33,ell=1"
polblogs,0.5,0,0.0,mid_deg_3_8,271,Degree-stratified RP,4,2,4,2,1,by_dim,0.0018845000304281712,0.012456899974495173,0.014341400004923344,,0.0018451999640092254,0.651769402234881,0.5437762896138979,0.9038377552134513,,,,,,,,0.0002402999671176076,0.0009672000305727124,0.00036319997161626816,5.4600066505372524e-05,0.0001495999749749899,4.339998122304678e-05,2.6899971999228e-05,4.0,1.0,1.0,"[1,32):n=871,ell=1;[32,64):n=184,ell=1;[64,128):n=134,ell=1;[128,512):n=33,ell=1"
polblogs,0.5,0,0.0,high_deg_9_plus,709,Degree-stratified RP,4,2,4,2,1,by_dim,0.0018845000304281712,0.012456899974495173,0.014341400004923344,,0.0018451999640092254,0.8848350443487728,0.8112918786899375,0.9698039048667855,,,,,,,,0.0002402999671176076,0.0009672000305727124,0.00036319997161626816,5.4600066505372524e-05,0.0001495999749749899,4.339998122304678e-05,2.6899971999228e-05,4.0,1.0,1.0,"[1,32):n=871,ell=1;[32,64):n=184,ell=1;[64,128):n=134,ell=1;[128,512):n=33,ell=1"
polblogs,0.5,0,0.0,all,1222,Exact spectral,5,2,2,2,1,by_dim,0.006799299968406558,0.010146400076337159,0.016945700044743717,0.006799299968406558,0.006799299968406558,-0.00024081082708013297,0.0005978453430448398,0.33031488031643624,,,,,,,,,,,,,,,,,,
polblogs,0.5,0,0.0,low_deg_1_2,242,Exact spectral,5,2,2,2,1,by_dim,0.006799299968406558,0.010146400076337159,0.016945700044743717,0.006799299968406558,0.006799299968406558,0.0034424824275672895,0.017798216811149955,0.3726958525345622,,,,,,,,,,,,,,,,,,
polblogs,0.5,0,0.0,mid_deg_3_8,271,Exact spectral,5,2,2,2,1,by_dim,0.006799299968406558,0.010146400076337159,0.016945700044743717,0.006799299968406558,0.006799299968406558,0.0008465349010664863,0.002279836505596332,0.36076595902750697,,,,,,,,,,,,,,,,,,
polblogs,0.5,0,0.0,high_deg_9_plus,709,Exact spectral,5,2,2,2,1,by_dim,0.006799299968406558,0.010146400076337159,0.016945700044743717,0.006799299968406558,0.006799299968406558,0.0007890575452106661,0.0033422915763340476,0.36306046274400705,,,,,,,,,,,,,,,,,,
polblogs,0.5,0,0.0,all,1222,Gaussian RP,5,2,4,2,1,by_dim,0.0008315999293699861,0.029823699966073036,0.030655299895443022,,0.0008179000578820705,0.0417301958526893,0.03329840458150563,0.6024171470393102,5.5200071074068546e-05,0.5,0.00041809992399066687,0.00010429997928440571,0.00017370004206895828,5.419994704425335e-05,1.2400094419717789e-05,,,,,,,,,,,
polblogs,0.5,0,0.0,low_deg_1_2,242,Gaussian RP,5,2,4,2,1,by_dim,0.0008315999293699861,0.029823699966073036,0.030655299895443022,,0.0008179000578820705,-0.0008059558773307835,0.0032302014627640712,0.5289256198347108,5.5200071074068546e-05,0.5,0.00041809992399066687,0.00010429997928440571,0.00017370004206895828,5.419994704425335e-05,1.2400094419717789e-05,,,,,,,,,,,
polblogs,0.5,0,0.0,mid_deg_3_8,271,Gaussian RP,5,2,4,2,1,by_dim,0.0008315999293699861,0.029823699966073036,0.030655299895443022,,0.0008179000578820705,0.023971723996807703,0.019323233243800902,0.5815672610507618,5.5200071074068546e-05,0.5,0.00041809992399066687,0.00010429997928440571,0.00017370004206895828,5.419994704425335e-05,1.2400094419717789e-05,,,,,,,,,,,
polblogs,0.5,0,0.0,high_deg_9_plus,709,Gaussian RP,5,2,4,2,1,by_dim,0.0008315999293699861,0.029823699966073036,0.030655299895443022,,0.0008179000578820705,0.07218819196966389,0.07315170383103238,0.6352182444720973,5.5200071074068546e-05,0.5,0.00041809992399066687,0.00010429997928440571,0.00017370004206895828,5.419994704425335e-05,1.2400094419717789e-05,,,,,,,,,,,
polblogs,0.5,0,0.0,all,1222,Degree-stratified RP,5,2,4,2,1,by_dim,0.0022046000231057405,0.01711229991633445,0.01931689993944019,,0.002161300042644143,0.5205518012146982,0.4208273202400556,0.8601250754115315,,,,,,,,0.00028529996052384377,0.0011538000544533134,0.00043910008389502764,6.509991362690926e-05,0.00015940004959702492,4.640000406652689e-05,1.2199976481497288e-05,4.0,1.0,1.0,"[1,32):n=871,ell=1;[32,64):n=184,ell=1;[64,128):n=134,ell=1;[128,512):n=33,ell=1"
polblogs,0.5,0,0.0,low_deg_1_2,242,Degree-stratified RP,5,2,4,2,1,by_dim,0.0022046000231057405,0.01711229991633445,0.01931689993944019,,0.002161300042644143,0.18848013769739358,0.1558741662633531,0.7189890710382514,,,,,,,,0.00028529996052384377,0.0011538000544533134,0.00043910008389502764,6.509991362690926e-05,0.00015940004959702492,4.640000406652689e-05,1.2199976481497288e-05,4.0,1.0,1.0,"[1,32):n=871,ell=1;[32,64):n=184,ell=1;[64,128):n=134,ell=1;[128,512):n=33,ell=1"
polblogs,0.5,0,0.0,mid_deg_3_8,271,Degree-stratified RP,5,2,4,2,1,by_dim,0.0022046000231057405,0.01711229991633445,0.01931689993944019,,0.002161300042644143,0.31622161430987317,0.2487926957802343,0.7822759644320982,,,,,,,,0.00028529996052384377,0.0011538000544533134,0.00043910008389502764,6.509991362690926e-05,0.00015940004959702492,4.640000406652689e-05,1.2199976481497288e-05,4.0,1.0,1.0,"[1,32):n=871,ell=1;[32,64):n=184,ell=1;[64,128):n=134,ell=1;[128,512):n=33,ell=1"
polblogs,0.5,0,0.0,high_deg_9_plus,709,Degree-stratified RP,5,2,4,2,1,by_dim,0.0022046000231057405,0.01711229991633445,0.01931689993944019,,0.002161300042644143,0.7717466960278696,0.667057134911385,0.9383579231713308,,,,,,,,0.00028529996052384377,0.0011538000544533134,0.00043910008389502764,6.509991362690926e-05,0.00015940004959702492,4.640000406652689e-05,1.2199976481497288e-05,4.0,1.0,1.0,"[1,32):n=871,ell=1;[32,64):n=184,ell=1;[64,128):n=134,ell=1;[128,512):n=33,ell=1"
polblogs,0.5,0,0.0,all,1222,Exact spectral,6,2,2,2,1,by_dim,0.006799299968406558,0.011661099968478084,0.01846039993688464,0.006799299968406558,0.006799299968406558,-0.00024081082708013297,0.0005978453430448398,0.33031488031643624,,,,,,,,,,,,,,,,,,
polblogs,0.5,0,0.0,low_deg_1_2,242,Exact spectral,6,2,2,2,1,by_dim,0.006799299968406558,0.011661099968478084,0.01846039993688464,0.006799299968406558,0.006799299968406558,0.0034424824275672895,0.017798216811149955,0.3726958525345622,,,,,,,,,,,,,,,,,,
polblogs,0.5,0,0.0,mid_deg_3_8,271,Exact spectral,6,2,2,2,1,by_dim,0.006799299968406558,0.011661099968478084,0.01846039993688464,0.006799299968406558,0.006799299968406558,0.0008465349010664863,0.002279836505596332,0.36076595902750697,,,,,,,,,,,,,,,,,,
polblogs,0.5,0,0.0,high_deg_9_plus,709,Exact spectral,6,2,2,2,1,by_dim,0.006799299968406558,0.011661099968478084,0.01846039993688464,0.006799299968406558,0.006799299968406558,0.0007890575452106661,0.0033422915763340476,0.36306046274400705,,,,,,,,,,,,,,,,,,
polblogs,0.5,0,0.0,all,1222,Gaussian RP,6,2,4,2,1,by_dim,0.000822200090624392,0.016586799989454448,0.01740900008007884,,0.0008055999642238021,0.5517312995038292,0.4779799202709019,0.8694759758482864,5.7999975979328156e-05,0.5,0.0004319000290706754,8.979998528957367e-05,0.00013830000534653664,7.239996921271086e-05,1.5199999324977398e-05,,,,,,,,,,,
polblogs,0.5,0,0.0,low_deg_1_2,242,Gaussian RP,6,2,4,2,1,by_dim,0.000822200090624392,0.016586799989454448,0.01740900008007884,,0.0008055999642238021,0.18107925078075696,0.17944007028623282,0.7127126954905976,5.7999975979328156e-05,0.5,0.0004319000290706754,8.979998528957367e-05,0.00013830000534653664,7.239996921271086e-05,1.5199999324977398e-05,,,,,,,,,,,
polblogs,0.5,0,0.0,mid_deg_3_8,271,Gaussian RP,6,2,4,2,1,by_dim,0.000822200090624392,0.016586799989454448,0.01740900008007884,,0.0008055999642238021,0.3594259843517914,0.32594290586532315,0.7995342465753426,5.7999975979328156e-05,0.5,0.0004319000290706754,8.979998528957367e-05,0.00013830000534653664,7.239996921271086e-05,1.5199999324977398e-05,,,,,,,,,,,
polblogs,0.5,0,0.0,high_deg_9_plus,709,Gaussian RP,6,2,4,2,1,by_dim,0.000822200090624392,0.016586799989454448,0.01740900008007884,,0.0008055999642238021,0.8170340226979359,0.7365751079410741,0.9508401990374419,5.7999975979328156e-05,0.5,0.0004319000290706754,8.979998528957367e-05,0.00013830000534653664,7.239996921271086e-05,1.5199999324977398e-05,,,,,,,,,,,
polblogs,0.5,0,0.0,all,1222,Degree-stratified RP,6,2,4,2,1,by_dim,0.001962799928151071,0.014694400015287101,0.016657199943438172,,0.0019200000679120421,0.6937365118025449,0.5928937414045374,0.9160750452469189,,,,,,,,0.00024990004021674395,0.0010162999387830496,0.000377100077457726,6.3000014051795e-05,0.00015360000543296337,4.7699897550046444e-05,1.2400094419717789e-05,4.0,1.0,1.0,"[1,32):n=871,ell=1;[32,64):n=184,ell=1;[64,128):n=134,ell=1;[128,512):n=33,ell=1"
polblogs,0.5,0,0.0,low_deg_1_2,242,Degree-stratified RP,6,2,4,2,1,by_dim,0.001962799928151071,0.014694400015287101,0.016657199943438172,,0.0019200000679120421,0.457021381951055,0.37580899409667107,0.8387080235836966,,,,,,,,0.00024990004021674395,0.0010162999387830496,0.000377100077457726,6.3000014051795e-05,0.00015360000543296337,4.7699897550046444e-05,1.2400094419717789e-05,4.0,1.0,1.0,"[1,32):n=871,ell=1;[32,64):n=184,ell=1;[64,128):n=134,ell=1;[128,512):n=33,ell=1"
polblogs,0.5,0,0.0,mid_deg_3_8,271,Degree-stratified RP,6,2,4,2,1,by_dim,0.001962799928151071,0.014694400015287101,0.016657199943438172,,0.0019200000679120421,0.5266902014493363,0.42940762218528333,0.8634016756351748,,,,,,,,0.00024990004021674395,0.0010162999387830496,0.000377100077457726,6.3000014051795e-05,0.00015360000543296337,4.7699897550046444e-05,1.2400094419717789e-05,4.0,1.0,1.0,"[1,32):n=871,ell=1;[32,64):n=184,ell=1;[64,128):n=134,ell=1;[128,512):n=33,ell=1"
polblogs,0.5,0,0.0,high_deg_9_plus,709,Degree-stratified RP,6,2,4,2,1,by_dim,0.001962799928151071,0.014694400015287101,0.016657199943438172,,0.0019200000679120421,0.8584422568103744,0.780733131264861,0.9625380025687298,,,,,,,,0.00024990004021674395,0.0010162999387830496,0.000377100077457726,6.3000014051795e-05,0.00015360000543296337,4.7699897550046444e-05,1.2400094419717789e-05,4.0,1.0,1.0,"[1,32):n=871,ell=1;[32,64):n=184,ell=1;[64,128):n=134,ell=1;[128,512):n=33,ell=1"
polblogs,0.5,0,0.0,all,1222,Exact spectral,7,2,2,2,1,by_dim,0.006799299968406558,0.013891200069338083,0.02069050003774464,0.006799299968406558,0.006799299968406558,-0.00024081082708013297,0.0005978453430448398,0.33031488031643624,,,,,,,,,,,,,,,,,,
polblogs,0.5,0,0.0,low_deg_1_2,242,Exact spectral,7,2,2,2,1,by_dim,0.006799299968406558,0.013891200069338083,0.02069050003774464,0.006799299968406558,0.006799299968406558,0.0034424824275672895,0.017798216811149955,0.3726958525345622,,,,,,,,,,,,,,,,,,
polblogs,0.5,0,0.0,mid_deg_3_8,271,Exact spectral,7,2,2,2,1,by_dim,0.006799299968406558,0.013891200069338083,0.02069050003774464,0.006799299968406558,0.006799299968406558,0.0008465349010664863,0.002279836505596332,0.36076595902750697,,,,,,,,,,,,,,,,,,
polblogs,0.5,0,0.0,high_deg_9_plus,709,Exact spectral,7,2,2,2,1,by_dim,0.006799299968406558,0.013891200069338083,0.02069050003774464,0.006799299968406558,0.006799299968406558,0.0007890575452106661,0.0033422915763340476,0.36306046274400705,,,,,,,,,,,,,,,,,,
polblogs,0.5,0,0.0,all,1222,Gaussian RP,7,2,4,2,1,by_dim,0.0021991999819874763,0.016030800063163042,0.01823000004515052,,0.002181099960580468,0.5738708851401948,0.46828618377998554,0.8784413042543124,5.9699988923966885e-05,0.5,0.0016765999607741833,0.00016229995526373386,0.0001694000093266368,9.620003402233124e-05,1.6900012269616127e-05,,,,,,,,,,,
polblogs,0.5,0,0.0,low_deg_1_2,242,Gaussian RP,7,2,4,2,1,by_dim,0.0021991999819874763,0.016030800063163042,0.01823000004515052,,0.002181099960580468,0.26798424372139623,0.23832328282496748,0.7599206349206349,5.9699988923966885e-05,0.5,0.0016765999607741833,0.00016229995526373386,0.0001694000093266368,9.620003402233124e-05,1.6900012269616127e-05,,,,,,,,,,,
polblogs,0.5,0,0.0,mid_deg_3_8,271,Gaussian RP,7,2,4,2,1,by_dim,0.0021991999819874763,0.016030800063163042,0.01823000004515052,,0.002181099960580468,0.35940876850680314,0.2788960446970342,0.8002784146740911,5.9699988923966885e-05,0.5,0.0016765999607741833,0.00016229995526373386,0.0001694000093266368,9.620003402233124e-05,1.6900012269616127e-05,,,,,,,,,,,
polblogs,0.5,0,0.0,high_deg_9_plus,709,Gaussian RP,7,2,4,2,1,by_dim,0.0021991999819874763,0.016030800063163042,0.01823000004515052,,0.002181099960580468,0.8069175686582598,0.7109874882676307,0.9486182239829936,5.9699988923966885e-05,0.5,0.0016765999607741833,0.00016229995526373386,0.0001694000093266368,9.620003402233124e-05,1.6900012269616127e-05,,,,,,,,,,,
polblogs,0.5,0,0.0,all,1222,Degree-stratified RP,7,2,4,2,1,by_dim,0.002314699930138886,0.01924050005618483,0.021555199986323714,,0.002272200188599527,0.522916278701585,0.42704041471515,0.8606336063056953,,,,,,,,0.00022850011009722948,0.0013609000016003847,0.00039790000300854445,6.10999995842576e-05,0.0001561000244691968,5.2600051276385784e-05,1.5099998563528061e-05,4.0,1.0,1.0,"[1,32):n=871,ell=1;[32,64):n=184,ell=1;[64,128):n=134,ell=1;[128,512):n=33,ell=1"
polblogs,0.5,0,0.0,low_deg_1_2,242,Degree-stratified RP,7,2,4,2,1,by_dim,0.002314699930138886,0.01924050005618483,0.021555199986323714,,0.002272200188599527,0.2265513542680225,0.18653219532376678,0.739664976179499,,,,,,,,0.00022850011009722948,0.0013609000016003847,0.00039790000300854445,6.10999995842576e-05,0.0001561000244691968,5.2600051276385784e-05,1.5099998563528061e-05,4.0,1.0,1.0,"[1,32):n=871,ell=1;[32,64):n=184,ell=1;[64,128):n=134,ell=1;[128,512):n=33,ell=1"
polblogs,0.5,0,0.0,mid_deg_3_8,271,Degree-stratified RP,7,2,4,2,1,by_dim,0.002314699930138886,0.01924050005618483,0.021555199986323714,,0.002272200188599527,0.3162240113002505,0.2543429092648621,0.7822403813415049,,,,,,,,0.00022850011009722948,0.0013609000016003847,0.00039790000300854445,6.10999995842576e-05,0.0001561000244691968,5.2600051276385784e-05,1.5099998563528061e-05,4.0,1.0,1.0,"[1,32):n=871,ell=1;[32,64):n=184,ell=1;[64,128):n=134,ell=1;[128,512):n=33,ell=1"
polblogs,0.5,0,0.0,high_deg_9_plus,709,Degree-stratified RP,7,2,4,2,1,by_dim,0.002314699930138886,0.01924050005618483,0.021555199986323714,,0.002272200188599527,0.751978206770002,0.6483897087227691,0.9323084361040633,,,,,,,,0.00022850011009722948,0.0013609000016003847,0.00039790000300854445,6.10999995842576e-05,0.0001561000244691968,5.2600051276385784e-05,1.5099998563528061e-05,4.0,1.0,1.0,"[1,32):n=871,ell=1;[32,64):n=184,ell=1;[64,128):n=134,ell=1;[128,512):n=33,ell=1"
polblogs,0.5,0,0.0,all,1222,Exact spectral,8,2,2,2,1,by_dim,0.006799299968406558,0.011099499999545515,0.017898799967952073,0.006799299968406558,0.006799299968406558,-0.00024081082708013297,0.0005978453430448398,0.33031488031643624,,,,,,,,,,,,,,,,,,
polblogs,0.5,0,0.0,low_deg_1_2,242,Exact spectral,8,2,2,2,1,by_dim,0.006799299968406558,0.011099499999545515,0.017898799967952073,0.006799299968406558,0.006799299968406558,0.0034424824275672895,0.017798216811149955,0.3726958525345622,,,,,,,,,,,,,,,,,,
polblogs,0.5,0,0.0,mid_deg_3_8,271,Exact spectral,8,2,2,2,1,by_dim,0.006799299968406558,0.011099499999545515,0.017898799967952073,0.006799299968406558,0.006799299968406558,0.0008465349010664863,0.002279836505596332,0.36076595902750697,,,,,,,,,,,,,,,,,,
polblogs,0.5,0,0.0,high_deg_9_plus,709,Exact spectral,8,2,2,2,1,by_dim,0.006799299968406558,0.011099499999545515,0.017898799967952073,0.006799299968406558,0.006799299968406558,0.0007890575452106661,0.0033422915763340476,0.36306046274400705,,,,,,,,,,,,,,,,,,
polblogs,0.5,0,0.0,all,1222,Gaussian RP,8,2,4,2,1,by_dim,0.0007819999009370804,0.015734200016595423,0.016516199917532504,,0.0007688000332564116,0.4410400843108946,0.3999128980001724,0.8272862968695598,5.340005736798048e-05,0.5,0.0004094999749213457,9.740004315972328e-05,0.00014929997269064188,4.7900015488266945e-05,1.1299969628453255e-05,,,,,,,,,,,
polblogs,0.5,0,0.0,low_deg_1_2,242,Gaussian RP,8,2,4,2,1,by_dim,0.0007819999009370804,0.015734200016595423,0.016516199917532504,,0.0007688000332564116,0.23442410165323133,0.22541513484710649,0.7423763736263735,5.340005736798048e-05,0.5,0.0004094999749213457,9.740004315972328e-05,0.00014929997269064188,4.7900015488266945e-05,1.1299969628453255e-05,,,,,,,,,,,
polblogs,0.5,0,0.0,mid_deg_3_8,271,Gaussian RP,8,2,4,2,1,by_dim,0.0007819999009370804,0.015734200016595423,0.016516199917532504,,0.0007688000332564116,0.3418235920460461,0.30814247002970657,0.7921095890410959,5.340005736798048e-05,0.5,0.0004094999749213457,9.740004315972328e-05,0.00014929997269064188,4.7900015488266945e-05,1.1299969628453255e-05,,,,,,,,,,,
polblogs,0.5,0,0.0,high_deg_9_plus,709,Gaussian RP,8,2,4,2,1,by_dim,0.0007819999009370804,0.015734200016595423,0.016516199917532504,,0.0007688000332564116,0.5680679478679614,0.5310443363767079,0.869992433455508,5.340005736798048e-05,0.5,0.0004094999749213457,9.740004315972328e-05,0.00014929997269064188,4.7900015488266945e-05,1.1299969628453255e-05,,,,,,,,,,,
polblogs,0.5,0,0.0,all,1222,Degree-stratified RP,8,2,4,2,1,by_dim,0.0024130999809131026,0.01708279992453754,0.019495899905450642,,0.002367800218053162,0.40068997151422603,0.3153600806088992,0.8166762661237392,,,,,,,,0.0003157000755891204,0.00134379998780787,0.0004319000290706754,5.8600096963346004e-05,0.00015390000771731138,5.1900045946240425e-05,1.1999974958598614e-05,4.0,1.0,1.0,"[1,32):n=871,ell=1;[32,64):n=184,ell=1;[64,128):n=134,ell=1;[128,512):n=33,ell=1"
polblogs,0.5,0,0.0,low_deg_1_2,242,Degree-stratified RP,8,2,4,2,1,by_dim,0.0024130999809131026,0.01708279992453754,0.019495899905450642,,0.002367800218053162,0.10557617390101658,0.07808107115132255,0.6627496860107014,,,,,,,,0.0003157000755891204,0.00134379998780787,0.0004319000290706754,5.8600096963346004e-05,0.00015390000771731138,5.1900045946240425e-05,1.1999974958598614e-05,4.0,1.0,1.0,"[1,32):n=871,ell=1;[32,64):n=184,ell=1;[64,128):n=134,ell=1;[128,512):n=33,ell=1"
polblogs,0.5,0,0.0,mid_deg_3_8,271,Degree-stratified RP,8,2,4,2,1,by_dim,0.0024130999809131026,0.01708279992453754,0.019495899905450642,,0.002367800218053162,0.11454833112415118,0.08954083975988983,0.6609499978913926,,,,,,,,0.0003157000755891204,0.00134379998780787,0.0004319000290706754,5.8600096963346004e-05,0.00015390000771731138,5.1900045946240425e-05,1.1999974958598614e-05,4.0,1.0,1.0,"[1,32):n=871,ell=1;[32,64):n=184,ell=1;[64,128):n=134,ell=1;[128,512):n=33,ell=1"
polblogs,0.5,0,0.0,high_deg_9_plus,709,Degree-stratified RP,8,2,4,2,1,by_dim,0.0024130999809131026,0.01708279992453754,0.019495899905450642,,0.002367800218053162,0.7181138831872992,0.6091860242728375,0.9228291542368782,,,,,,,,0.0003157000755891204,0.00134379998780787,0.0004319000290706754,5.8600096963346004e-05,0.00015390000771731138,5.1900045946240425e-05,1.1999974958598614e-05,4.0,1.0,1.0,"[1,32):n=871,ell=1;[32,64):n=184,ell=1;[64,128):n=134,ell=1;[128,512):n=33,ell=1"
polblogs,0.5,0,0.0,all,1222,Exact spectral,9,2,2,2,1,by_dim,0.006799299968406558,0.017100300057791173,0.02389960002619773,0.006799299968406558,0.006799299968406558,-0.00024081082708013297,0.0005978453430448398,0.33031488031643624,,,,,,,,,,,,,,,,,,
polblogs,0.5,0,0.0,low_deg_1_2,242,Exact spectral,9,2,2,2,1,by_dim,0.006799299968406558,0.017100300057791173,0.02389960002619773,0.006799299968406558,0.006799299968406558,0.0034424824275672895,0.017798216811149955,0.3726958525345622,,,,,,,,,,,,,,,,,,
polblogs,0.5,0,0.0,mid_deg_3_8,271,Exact spectral,9,2,2,2,1,by_dim,0.006799299968406558,0.017100300057791173,0.02389960002619773,0.006799299968406558,0.006799299968406558,0.0008465349010664863,0.002279836505596332,0.36076595902750697,,,,,,,,,,,,,,,,,,
polblogs,0.5,0,0.0,high_deg_9_plus,709,Exact spectral,9,2,2,2,1,by_dim,0.006799299968406558,0.017100300057791173,0.02389960002619773,0.006799299968406558,0.006799299968406558,0.0007890575452106661,0.0033422915763340476,0.36306046274400705,,,,,,,,,,,,,,,,,,
polblogs,0.5,0,0.0,all,1222,Gaussian RP,9,2,4,2,1,by_dim,0.000929499976336956,0.0228419000050053,0.023771399981342256,,0.0009144002106040716,0.5276568950308796,0.45117097704331166,0.8612197488852302,6.120000034570694e-05,0.5,0.0004539000801742077,0.00010900001507252455,0.00020359992049634457,7.150007877498865e-05,1.5200115740299225e-05,,,,,,,,,,,
polblogs,0.5,0,0.0,low_deg_1_2,242,Gaussian RP,9,2,4,2,1,by_dim,0.000929499976336956,0.0228419000050053,0.023771399981342256,,0.0009144002106040716,0.16701962754774508,0.17433621422606654,0.7034467284557897,6.120000034570694e-05,0.5,0.0004539000801742077,0.00010900001507252455,0.00020359992049634457,7.150007877498865e-05,1.5200115740299225e-05,,,,,,,,,,,
polblogs,0.5,0,0.0,mid_deg_3_8,271,Gaussian RP,9,2,4,2,1,by_dim,0.000929499976336956,0.0228419000050053,0.023771399981342256,,0.0009144002106040716,0.39593025098426277,0.3286689407475498,0.8153749727490734,6.120000034570694e-05,0.5,0.0004539000801742077,0.00010900001507252455,0.00020359992049634457,7.150007877498865e-05,1.5200115740299225e-05,,,,,,,,,,,
polblogs,0.5,0,0.0,high_deg_9_plus,709,Gaussian RP,9,2,4,2,1,by_dim,0.000929499976336956,0.0228419000050053,0.023771399981342256,,0.0009144002106040716,0.7568282367302174,0.6711496369289743,0.9332391713747645,6.120000034570694e-05,0.5,0.0004539000801742077,0.00010900001507252455,0.00020359992049634457,7.150007877498865e-05,1.5200115740299225e-05,,,,,,,,,,,
polblogs,0.5,0,0.0,all,1222,Degree-stratified RP,9,2,4,2,1,by_dim,0.0023020999506115913,0.019720499985851347,0.02202259993646294,,0.0022359000286087394,0.48113330593416015,0.3905180853794406,0.8469671552033002,,,,,,,,0.0002565999748185277,0.0012002999428659678,0.00042630010284483433,8.490006439387798e-05,0.00018540001474320889,6.7099928855896e-05,1.5300000086426735e-05,4.0,1.0,1.0,"[1,32):n=871,ell=1;[32,64):n=184,ell=1;[64,128):n=134,ell=1;[128,512):n=33,ell=1"
polblogs,0.5,0,0.0,low_deg_1_2,242,Degree-stratified RP,9,2,4,2,1,by_dim,0.0023020999506115913,0.019720499985851347,0.02202259993646294,,0.0022359000286087394,0.09460473894793477,0.06858336094537129,0.6447407983869542,,,,,,,,0.0002565999748185277,0.0012002999428659678,0.00042630010284483433,8.490006439387798e-05,0.00018540001474320889,6.7099928855896e-05,1.5300000086426735e-05,4.0,1.0,1.0,"[1,32):n=871,ell=1;[32,64):n=184,ell=1;[64,128):n=134,ell=1;[128,512):n=33,ell=1"
polblogs,0.5,0,0.0,mid_deg_3_8,271,Degree-stratified RP,9,2,4,2,1,by_dim,0.0023020999506115913,0.019720499985851347,0.02202259993646294,,0.0022359000286087394,0.2916548343530532,0.23919008479025314,0.7647305925842949,,,,,,,,0.0002565999748185277,0.0012002999428659678,0.00042630010284483433,8.490006439387798e-05,0.00018540001474320889,6.7099928855896e-05,1.5300000086426735e-05,4.0,1.0,1.0,"[1,32):n=871,ell=1;[32,64):n=184,ell=1;[64,128):n=134,ell=1;[128,512):n=33,ell=1"
polblogs,0.5,0,0.0,high_deg_9_plus,709,Degree-stratified RP,9,2,4,2,1,by_dim,0.0023020999506115913,0.019720499985851347,0.02202259993646294,,0.0022359000286087394,0.7767347998625249,0.673333555590315,0.9399385226062542,,,,,,,,0.0002565999748185277,0.0012002999428659678,0.00042630010284483433,8.490006439387798e-05,0.00018540001474320889,6.7099928855896e-05,1.5300000086426735e-05,4.0,1.0,1.0,"[1,32):n=871,ell=1;[32,64):n=184,ell=1;[64,128):n=134,ell=1;[128,512):n=33,ell=1"
polblogs,0.5,0,0.0,all,1222,Exact spectral,10,2,2,2,1,by_dim,0.006799299968406558,0.009346099919639528,0.016145399888046086,0.006799299968406558,0.006799299968406558,-0.00024081082708013297,0.0005978453430448398,0.33031488031643624,,,,,,,,,,,,,,,,,,
polblogs,0.5,0,0.0,low_deg_1_2,242,Exact spectral,10,2,2,2,1,by_dim,0.006799299968406558,0.009346099919639528,0.016145399888046086,0.006799299968406558,0.006799299968406558,0.0034424824275672895,0.017798216811149955,0.3726958525345622,,,,,,,,,,,,,,,,,,
polblogs,0.5,0,0.0,mid_deg_3_8,271,Exact spectral,10,2,2,2,1,by_dim,0.006799299968406558,0.009346099919639528,0.016145399888046086,0.006799299968406558,0.006799299968406558,0.0008465349010664863,0.002279836505596332,0.36076595902750697,,,,,,,,,,,,,,,,,,
polblogs,0.5,0,0.0,high_deg_9_plus,709,Exact spectral,10,2,2,2,1,by_dim,0.006799299968406558,0.009346099919639528,0.016145399888046086,0.006799299968406558,0.006799299968406558,0.0007890575452106661,0.0033422915763340476,0.36306046274400705,,,,,,,,,,,,,,,,,,
polblogs,0.5,0,0.0,all,1222,Gaussian RP,10,2,4,2,1,by_dim,0.0008282000198960304,0.01988759997766465,0.02071579999756068,,0.0008166000479832292,0.2805725511580383,0.24882567671723602,0.7628905777274777,5.530007183551788e-05,0.5,0.00041290000081062317,0.00011009990703314543,0.0001794000854715705,4.8699905164539814e-05,1.0200077667832375e-05,,,,,,,,,,,
polblogs,0.5,0,0.0,low_deg_1_2,242,Gaussian RP,10,2,4,2,1,by_dim,0.0008282000198960304,0.01988759997766465,0.02071579999756068,,0.0008166000479832292,0.04498232837099711,0.033324218968795824,0.5782721542454579,5.530007183551788e-05,0.5,0.00041290000081062317,0.00011009990703314543,0.0001794000854715705,4.8699905164539814e-05,1.0200077667832375e-05,,,,,,,,,,,
polblogs,0.5,0,0.0,mid_deg_3_8,271,Gaussian RP,10,2,4,2,1,by_dim,0.0008282000198960304,0.01988759997766465,0.02071579999756068,,0.0008166000479832292,0.08172407430058642,0.07435639780535944,0.6180408738548273,5.530007183551788e-05,0.5,0.00041290000081062317,0.00011009990703314543,0.0001794000854715705,4.8699905164539814e-05,1.0200077667832375e-05,,,,,,,,,,,
polblogs,0.5,0,0.0,high_deg_9_plus,709,Gaussian RP,10,2,4,2,1,by_dim,0.0008282000198960304,0.01988759997766465,0.02071579999756068,,0.0008166000479832292,0.5269390125643041,0.46299595489224393,0.8630557331087203,5.530007183551788e-05,0.5,0.00041290000081062317,0.00011009990703314543,0.0001794000854715705,4.8699905164539814e-05,1.0200077667832375e-05,,,,,,,,,,,
polblogs,0.5,0,0.0,all,1222,Degree-stratified RP,10,2,4,2,1,by_dim,0.002270099939778447,0.012724400032311678,0.014994499972090125,,0.0022248001769185066,0.5348394663276959,0.43068831073201536,0.8655863928422917,,,,,,,,0.0002794000320136547,0.0012046999763697386,0.00043720006942749023,7.529999129474163e-05,0.0001615999499335885,5.350005812942982e-05,1.3100099749863148e-05,4.0,1.0,1.0,"[1,32):n=871,ell=1;[32,64):n=184,ell=1;[64,128):n=134,ell=1;[128,512):n=33,ell=1"
polblogs,0.5,0,0.0,low_deg_1_2,242,Degree-stratified RP,10,2,4,2,1,by_dim,0.002270099939778447,0.012724400032311678,0.014994499972090125,,0.0022248001769185066,0.12267269523406232,0.09228771402043956,0.6762708376209097,,,,,,,,0.0002794000320136547,0.0012046999763697386,0.00043720006942749023,7.529999129474163e-05,0.0001615999499335885,5.350005812942982e-05,1.3100099749863148e-05,4.0,1.0,1.0,"[1,32):n=871,ell=1;[32,64):n=184,ell=1;[64,128):n=134,ell=1;[128,512):n=33,ell=1"
polblogs,0.5,0,0.0,mid_deg_3_8,271,Degree-stratified RP,10,2,4,2,1,by_dim,0.002270099939778447,0.012724400032311678,0.014994499972090125,,0.0022248001769185066,0.4742138592017621,0.37861120624287803,0.8438940092165899,,,,,,,,0.0002794000320136547,0.0012046999763697386,0.00043720006942749023,7.529999129474163e-05,0.0001615999499335885,5.350005812942982e-05,1.3100099749863148e-05,4.0,1.0,1.0,"[1,32):n=871,ell=1;[32,64):n=184,ell=1;[64,128):n=134,ell=1;[128,512):n=33,ell=1"
polblogs,0.5,0,0.0,high_deg_9_plus,709,Degree-stratified RP,10,2,4,2,1,by_dim,0.002270099939778447,0.012724400032311678,0.014994499972090125,,0.0022248001769185066,0.7667960309651959,0.6614726288610807,0.9369920341256119,,,,,,,,0.0002794000320136547,0.0012046999763697386,0.00043720006942749023,7.529999129474163e-05,0.0001615999499335885,5.350005812942982e-05,1.3100099749863148e-05,4.0,1.0,1.0,"[1,32):n=871,ell=1;[32,64):n=184,ell=1;[64,128):n=134,ell=1;[128,512):n=33,ell=1"
polblogs,0.5,0,0.0,all,1222,Exact spectral,1,5,2,2,1,by_dim,0.006799299968406558,0.009825599961914122,0.01662489993032068,0.006799299968406558,0.006799299968406558,-0.00024081082708013297,0.0005978453430448398,0.33031488031643624,,,,,,,,,,,,,,,,,,
polblogs,0.5,0,0.0,low_deg_1_2,242,Exact spectral,1,5,2,2,1,by_dim,0.006799299968406558,0.009825599961914122,0.01662489993032068,0.006799299968406558,0.006799299968406558,0.0034424824275672895,0.017798216811149955,0.3726958525345622,,,,,,,,,,,,,,,,,,
polblogs,0.5,0,0.0,mid_deg_3_8,271,Exact spectral,1,5,2,2,1,by_dim,0.006799299968406558,0.009825599961914122,0.01662489993032068,0.006799299968406558,0.006799299968406558,0.0008465349010664863,0.002279836505596332,0.36076595902750697,,,,,,,,,,,,,,,,,,
polblogs,0.5,0,0.0,high_deg_9_plus,709,Exact spectral,1,5,2,2,1,by_dim,0.006799299968406558,0.009825599961914122,0.01662489993032068,0.006799299968406558,0.006799299968406558,0.0007890575452106661,0.0033422915763340476,0.36306046274400705,,,,,,,,,,,,,,,,,,
polblogs,0.5,0,0.0,all,1222,Gaussian RP,1,5,7,2,1,by_dim,0.000993699999526143,0.02164609997998923,0.022639799979515374,,0.0009802000131458044,0.3072611576486134,0.23538193005364416,0.7762001206584503,8.390005677938461e-05,0.3779644730092272,0.00047699990682303905,0.0001580000389367342,0.00019019993487745523,5.710008554160595e-05,1.3999990187585354e-05,,,,,,,,,,,
polblogs,0.5,0,0.0,low_deg_1_2,242,Gaussian RP,1,5,7,2,1,by_dim,0.000993699999526143,0.02164609997998923,0.022639799979515374,,0.0009802000131458044,0.09486549811785873,0.07907104266917357,0.6570189368714034,8.390005677938461e-05,0.3779644730092272,0.00047699990682303905,0.0001580000389367342,0.00019019993487745523,5.710008554160595e-05,1.3999990187585354e-05,,,,,,,,,,,
polblogs,0.5,0,0.0,mid_deg_3_8,271,Gaussian RP,1,5,7,2,1,by_dim,0.000993699999526143,0.02164609997998923,0.022639799979515374,,0.0009802000131458044,0.17081895019376497,0.1420652162924041,0.7077070107174551,8.390005677938461e-05,0.3779644730092272,0.00047699990682303905,0.0001580000389367342,0.00019019993487745523,5.710008554160595e-05,1.3999990187585354e-05,,,,,,,,,,,
polblogs,0.5,0,0.0,high_deg_9_plus,709,Gaussian RP,1,5,7,2,1,by_dim,0.000993699999526143,0.02164609997998923,0.022639799979515374,,0.0009802000131458044,0.47490419027325625,0.37485682734625836,0.8430961501319771,8.390005677938461e-05,0.3779644730092272,0.00047699990682303905,0.0001580000389367342,0.00019019993487745523,5.710008554160595e-05,1.3999990187585354e-05,,,,,,,,,,,
polblogs,0.5,0,0.0,all,1222,Degree-stratified RP,1,5,7,2,1,by_dim,0.0033526000333949924,0.02040200005285442,0.02375460008624941,,0.003284399979747832,0.7751366825517688,0.6792727956434755,0.9400111496439578,,,,,,,,0.0003781999694183469,0.0019254999933764338,0.0005674000130966306,0.00013719999697059393,0.00020080001559108496,6.0699996538460255e-05,1.4599994756281376e-05,7.0,1.0,1.0,"[1,8):n=486,ell=1;[8,16):n=189,ell=1;[16,32):n=196,ell=1;[32,64):n=184,ell=1;[64,128):n=134,ell=1;[128,256):n=28,ell=1;[256,512):n=5,ell=1"
polblogs,0.5,0,0.0,low_deg_1_2,242,Degree-stratified RP,1,5,7,2,1,by_dim,0.0033526000333949924,0.02040200005285442,0.02375460008624941,,0.003284399979747832,0.4913724999146243,0.4205364810661723,0.8512295081967213,,,,,,,,0.0003781999694183469,0.0019254999933764338,0.0005674000130966306,0.00013719999697059393,0.00020080001559108496,6.0699996538460255e-05,1.4599994756281376e-05,7.0,1.0,1.0,"[1,8):n=486,ell=1;[8,16):n=189,ell=1;[16,32):n=196,ell=1;[32,64):n=184,ell=1;[64,128):n=134,ell=1;[128,256):n=28,ell=1;[256,512):n=5,ell=1"
polblogs,0.5,0,0.0,mid_deg_3_8,271,Degree-stratified RP,1,5,7,2,1,by_dim,0.0033526000333949924,0.02040200005285442,0.02375460008624941,,0.003284399979747832,0.7510451896040264,0.647650606039496,0.933426138224697,,,,,,,,0.0003781999694183469,0.0019254999933764338,0.0005674000130966306,0.00013719999697059393,0.00020080001559108496,6.0699996538460255e-05,1.4599994756281376e-05,7.0,1.0,1.0,"[1,8):n=486,ell=1;[8,16):n=189,ell=1;[16,32):n=196,ell=1;[32,64):n=184,ell=1;[64,128):n=134,ell=1;[128,256):n=28,ell=1;[256,512):n=5,ell=1"
polblogs,0.5,0,0.0,high_deg_9_plus,709,Degree-stratified RP,1,5,7,2,1,by_dim,0.0033526000333949924,0.02040200005285442,0.02375460008624941,,0.003284399979747832,0.8955050183160871,0.8226269388170118,0.972722210410149,,,,,,,,0.0003781999694183469,0.0019254999933764338,0.0005674000130966306,0.00013719999697059393,0.00020080001559108496,6.0699996538460255e-05,1.4599994756281376e-05,7.0,1.0,1.0,"[1,8):n=486,ell=1;[8,16):n=189,ell=1;[16,32):n=196,ell=1;[32,64):n=184,ell=1;[64,128):n=134,ell=1;[128,256):n=28,ell=1;[256,512):n=5,ell=1"
polblogs,0.5,0,0.0,all,1222,Exact spectral,2,5,2,2,1,by_dim,0.006799299968406558,0.024313900037668645,0.031113200006075203,0.006799299968406558,0.006799299968406558,-0.00024081082708013297,0.0005978453430448398,0.33031488031643624,,,,,,,,,,,,,,,,,,
polblogs,0.5,0,0.0,low_deg_1_2,242,Exact spectral,2,5,2,2,1,by_dim,0.006799299968406558,0.024313900037668645,0.031113200006075203,0.006799299968406558,0.006799299968406558,0.0034424824275672895,0.017798216811149955,0.3726958525345622,,,,,,,,,,,,,,,,,,
polblogs,0.5,0,0.0,mid_deg_3_8,271,Exact spectral,2,5,2,2,1,by_dim,0.006799299968406558,0.024313900037668645,0.031113200006075203,0.006799299968406558,0.006799299968406558,0.0008465349010664863,0.002279836505596332,0.36076595902750697,,,,,,,,,,,,,,,,,,
polblogs,0.5,0,0.0,high_deg_9_plus,709,Exact spectral,2,5,2,2,1,by_dim,0.006799299968406558,0.024313900037668645,0.031113200006075203,0.006799299968406558,0.006799299968406558,0.0007890575452106661,0.0033422915763340476,0.36306046274400705,,,,,,,,,,,,,,,,,,
polblogs,0.5,0,0.0,all,1222,Gaussian RP,2,5,7,2,1,by_dim,0.0010865000076591969,0.015373399946838617,0.016459899954497814,,0.001070799888111651,0.640225746651488,0.5382318068443297,0.8995694022289766,9.31998947635293e-05,0.3779644730092272,0.0005182999884709716,0.00015710003208369017,0.00022040004841983318,6.569991819560528e-05,1.610000617802143e-05,,,,,,,,,,,
polblogs,0.5,0,0.0,low_deg_1_2,242,Gaussian RP,2,5,7,2,1,by_dim,0.0010865000076591969,0.015373399946838617,0.016459899954497814,,0.001070799888111651,0.3223709673747239,0.267595081000713,0.7851239669421488,9.31998947635293e-05,0.3779644730092272,0.0005182999884709716,0.00015710003208369017,0.00022040004841983318,6.569991819560528e-05,1.610000617802143e-05,,,,,,,,,,,
polblogs,0.5,0,0.0,mid_deg_3_8,271,Gaussian RP,2,5,7,2,1,by_dim,0.0010865000076591969,0.015373399946838617,0.016459899954497814,,0.001070799888111651,0.4948741241464332,0.40363003358726335,0.8523804335984312,9.31998947635293e-05,0.3779644730092272,0.0005182999884709716,0.00015710003208369017,0.00022040004841983318,6.569991819560528e-05,1.610000617802143e-05,,,,,,,,,,,
polblogs,0.5,0,0.0,high_deg_9_plus,709,Gaussian RP,2,5,7,2,1,by_dim,0.0010865000076591969,0.015373399946838617,0.016459899954497814,,0.001070799888111651,0.8376327140086767,0.7476596457556733,0.956879774242203,9.31998947635293e-05,0.3779644730092272,0.0005182999884709716,0.00015710003208369017,0.00022040004841983318,6.569991819560528e-05,1.610000617802143e-05,,,,,,,,,,,
polblogs,0.5,0,0.0,all,1222,Degree-stratified RP,2,5,7,2,1,by_dim,0.004409700050018728,0.012998700025491416,0.017408400075510144,,0.004344000015407801,0.42597577610858356,0.33434962568383203,0.8263459888459889,,,,,,,,0.00029630004428327084,0.0029860999202355742,0.0006383000873029232,0.00011119991540908813,0.00020610005594789982,9.019998833537102e-05,1.580000389367342e-05,7.0,1.0,1.0,"[1,8):n=486,ell=1;[8,16):n=189,ell=1;[16,32):n=196,ell=1;[32,64):n=184,ell=1;[64,128):n=134,ell=1;[128,256):n=28,ell=1;[256,512):n=5,ell=1"
polblogs,0.5,0,0.0,low_deg_1_2,242,Degree-stratified RP,2,5,7,2,1,by_dim,0.004409700050018728,0.012998700025491416,0.017408400075510144,,0.004344000015407801,0.11681314080955268,0.08597553324276039,0.6705780994227621,,,,,,,,0.00029630004428327084,0.0029860999202355742,0.0006383000873029232,0.00011119991540908813,0.00020610005594789982,9.019998833537102e-05,1.580000389367342e-05,7.0,1.0,1.0,"[1,8):n=486,ell=1;[8,16):n=189,ell=1;[16,32):n=196,ell=1;[32,64):n=184,ell=1;[64,128):n=134,ell=1;[128,256):n=28,ell=1;[256,512):n=5,ell=1"
polblogs,0.5,0,0.0,mid_deg_3_8,271,Degree-stratified RP,2,5,7,2,1,by_dim,0.004409700050018728,0.012998700025491416,0.017408400075510144,,0.004344000015407801,0.20306313053526162,0.1527889517731772,0.7255883962780515,,,,,,,,0.00029630004428327084,0.0029860999202355742,0.0006383000873029232,0.00011119991540908813,0.00020610005594789982,9.019998833537102e-05,1.580000389367342e-05,7.0,1.0,1.0,"[1,8):n=486,ell=1;[8,16):n=189,ell=1;[16,32):n=196,ell=1;[32,64):n=184,ell=1;[64,128):n=134,ell=1;[128,256):n=28,ell=1;[256,512):n=5,ell=1"
polblogs,0.5,0,0.0,high_deg_9_plus,709,Degree-stratified RP,2,5,7,2,1,by_dim,0.004409700050018728,0.012998700025491416,0.017408400075510144,,0.004344000015407801,0.6943668234883911,0.5843500383276365,0.9157110588557692,,,,,,,,0.00029630004428327084,0.0029860999202355742,0.0006383000873029232,0.00011119991540908813,0.00020610005594789982,9.019998833537102e-05,1.580000389367342e-05,7.0,1.0,1.0,"[1,8):n=486,ell=1;[8,16):n=189,ell=1;[16,32):n=196,ell=1;[32,64):n=184,ell=1;[64,128):n=134,ell=1;[128,256):n=28,ell=1;[256,512):n=5,ell=1"
polblogs,0.5,0,0.0,all,1222,Exact spectral,3,5,2,2,1,by_dim,0.006799299968406558,0.01102040009573102,0.017819700064137578,0.006799299968406558,0.006799299968406558,-0.00024081082708013297,0.0005978453430448398,0.33031488031643624,,,,,,,,,,,,,,,,,,
polblogs,0.5,0,0.0,low_deg_1_2,242,Exact spectral,3,5,2,2,1,by_dim,0.006799299968406558,0.01102040009573102,0.017819700064137578,0.006799299968406558,0.006799299968406558,0.0034424824275672895,0.017798216811149955,0.3726958525345622,,,,,,,,,,,,,,,,,,
polblogs,0.5,0,0.0,mid_deg_3_8,271,Exact spectral,3,5,2,2,1,by_dim,0.006799299968406558,0.01102040009573102,0.017819700064137578,0.006799299968406558,0.006799299968406558,0.0008465349010664863,0.002279836505596332,0.36076595902750697,,,,,,,,,,,,,,,,,,
polblogs,0.5,0,0.0,high_deg_9_plus,709,Exact spectral,3,5,2,2,1,by_dim,0.006799299968406558,0.01102040009573102,0.017819700064137578,0.006799299968406558,0.006799299968406558,0.0007890575452106661,0.0033422915763340476,0.36306046274400705,,,,,,,,,,,,,,,,,,
polblogs,0.5,0,0.0,all,1222,Gaussian RP,3,5,7,2,1,by_dim,0.0010364999761804938,0.01756609999574721,0.018602599971927702,,0.0010195999639108777,0.6801569465885666,0.5822961405335109,0.9118601291689894,9.710004087537527e-05,0.3779644730092272,0.0005052000051364303,0.00014110002666711807,0.00018599990289658308,7.260008715093136e-05,1.759990118443966e-05,,,,,,,,,,,
polblogs,0.5,0,0.0,low_deg_1_2,242,Gaussian RP,3,5,7,2,1,by_dim,0.0010364999761804938,0.01756609999574721,0.018602599971927702,,0.0010195999639108777,0.33187874337771667,0.28639649900579367,0.7891661968943782,9.710004087537527e-05,0.3779644730092272,0.0005052000051364303,0.00014110002666711807,0.00018599990289658308,7.260008715093136e-05,1.759990118443966e-05,,,,,,,,,,,
polblogs,0.5,0,0.0,mid_deg_3_8,271,Gaussian RP,3,5,7,2,1,by_dim,0.0010364999761804938,0.01756609999574721,0.018602599971927702,,0.0010195999639108777,0.5594908757978311,0.4644546192739552,0.8745233685586665,9.710004087537527e-05,0.3779644730092272,0.0005052000051364303,0.00014110002666711807,0.00018599990289658308,7.260008715093136e-05,1.759990118443966e-05,,,,,,,,,,,
polblogs,0.5,0,0.0,high_deg_9_plus,709,Gaussian RP,3,5,7,2,1,by_dim,0.0010364999761804938,0.01756609999574721,0.018602599971927702,,0.0010195999639108777,0.8795277780818429,0.8028607574611898,0.9683785011109489,9.710004087537527e-05,0.3779644730092272,0.0005052000051364303,0.00014110002666711807,0.00018599990289658308,7.260008715093136e-05,1.759990118443966e-05,,,,,,,,,,,
polblogs,0.5,0,0.0,all,1222,Degree-stratified RP,3,5,7,2,1,by_dim,0.0027169999666512012,0.02149209997151047,0.02420909993816167,,0.0026623999001458287,0.5813443841154909,0.474209895603802,0.8811809350354298,,,,,,,,0.00020499993115663528,0.0016114000463858247,0.00046559993643313646,9.129999671131372e-05,0.0002071000635623932,6.579991895705462e-05,1.6200006939470768e-05,7.0,1.0,1.0,"[1,8):n=486,ell=1;[8,16):n=189,ell=1;[16,32):n=196,ell=1;[32,64):n=184,ell=1;[64,128):n=134,ell=1;[128,256):n=28,ell=1;[256,512):n=5,ell=1"
polblogs,0.5,0,0.0,low_deg_1_2,242,Degree-stratified RP,3,5,7,2,1,by_dim,0.0027169999666512012,0.02149209997151047,0.02420909993816167,,0.0026623999001458287,0.21869571651356304,0.16950673990073534,0.7350848385331143,,,,,,,,0.00020499993115663528,0.0016114000463858247,0.00046559993643313646,9.129999671131372e-05,0.0002071000635623932,6.579991895705462e-05,1.6200006939470768e-05,7.0,1.0,1.0,"[1,8):n=486,ell=1;[8,16):n=189,ell=1;[16,32):n=196,ell=1;[32,64):n=184,ell=1;[64,128):n=134,ell=1;[128,256):n=28,ell=1;[256,512):n=5,ell=1"
polblogs,0.5,0,0.0,mid_deg_3_8,271,Degree-stratified RP,3,5,7,2,1,by_dim,0.0027169999666512012,0.02149209997151047,0.02420909993816167,,0.0026623999001458287,0.43420041859528963,0.34573243003191806,0.8285564968643415,,,,,,,,0.00020499993115663528,0.0016114000463858247,0.00046559993643313646,9.129999671131372e-05,0.0002071000635623932,6.579991895705462e-05,1.6200006939470768e-05,7.0,1.0,1.0,"[1,8):n=486,ell=1;[8,16):n=189,ell=1;[16,32):n=196,ell=1;[32,64):n=184,ell=1;[64,128):n=134,ell=1;[128,256):n=28,ell=1;[256,512):n=5,ell=1"
polblogs,0.5,0,0.0,high_deg_9_plus,709,Degree-stratified RP,3,5,7,2,1,by_dim,0.0027169999666512012,0.02149209997151047,0.02420909993816167,,0.0026623999001458287,0.8119946695332866,0.7147337461330793,0.9499654203892676,,,,,,,,0.00020499993115663528,0.0016114000463858247,0.00046559993643313646,9.129999671131372e-05,0.0002071000635623932,6.579991895705462e-05,1.6200006939470768e-05,7.0,1.0,1.0,"[1,8):n=486,ell=1;[8,16):n=189,ell=1;[16,32):n=196,ell=1;[32,64):n=184,ell=1;[64,128):n=134,ell=1;[128,256):n=28,ell=1;[256,512):n=5,ell=1"
polblogs,0.5,0,0.0,all,1222,Exact spectral,4,5,2,2,1,by_dim,0.006799299968406558,0.012334099970757961,0.01913339993916452,0.006799299968406558,0.006799299968406558,-0.00024081082708013297,0.0005978453430448398,0.33031488031643624,,,,,,,,,,,,,,,,,,
polblogs,0.5,0,0.0,low_deg_1_2,242,Exact spectral,4,5,2,2,1,by_dim,0.006799299968406558,0.012334099970757961,0.01913339993916452,0.006799299968406558,0.006799299968406558,0.0034424824275672895,0.017798216811149955,0.3726958525345622,,,,,,,,,,,,,,,,,,
polblogs,0.5,0,0.0,mid_deg_3_8,271,Exact spectral,4,5,2,2,1,by_dim,0.006799299968406558,0.012334099970757961,0.01913339993916452,0.006799299968406558,0.006799299968406558,0.0008465349010664863,0.002279836505596332,0.36076595902750697,,,,,,,,,,,,,,,,,,
polblogs,0.5,0,0.0,high_deg_9_plus,709,Exact spectral,4,5,2,2,1,by_dim,0.006799299968406558,0.012334099970757961,0.01913339993916452,0.006799299968406558,0.006799299968406558,0.0007890575452106661,0.0033422915763340476,0.36306046274400705,,,,,,,,,,,,,,,,,,
polblogs,0.5,0,0.0,all,1222,Gaussian RP,4,5,7,2,1,by_dim,0.001017899950966239,0.01368870004080236,0.014706599991768599,,0.0010043000802397728,0.578846759310243,0.47277190924449525,0.8801075196559371,0.00010240008123219013,0.3779644730092272,0.0004981999518349767,0.0001401000190526247,0.00019289995543658733,5.679996684193611e-05,1.3900105841457844e-05,,,,,,,,,,,
polblogs,0.5,0,0.0,low_deg_1_2,242,Gaussian RP,4,5,7,2,1,by_dim,0.001017899950966239,0.01368870004080236,0.014706599991768599,,0.0010043000802397728,0.2510415955194317,0.20591770829284645,0.7520661157024794,0.00010240008123219013,0.3779644730092272,0.0004981999518349767,0.0001401000190526247,0.00019289995543658733,5.679996684193611e-05,1.3900105841457844e-05,,,,,,,,,,,
polblogs,0.5,0,0.0,mid_deg_3_8,271,Gaussian RP,4,5,7,2,1,by_dim,0.001017899950966239,0.01368870004080236,0.014706599991768599,,0.0010043000802397728,0.3505566861260671,0.271495885247038,0.7957015776416245,0.00010240008123219013,0.3779644730092272,0.0004981999518349767,0.0001401000190526247,0.00019289995543658733,5.679996684193611e-05,1.3900105841457844e-05,,,,,,,,,,,
polblogs,0.5,0,0.0,high_deg_9_plus,709,Gaussian RP,4,5,7,2,1,by_dim,0.001017899950966239,0.01368870004080236,0.014706599991768599,,0.0010043000802397728,0.8324732627740289,0.7396952558571938,0.9554941327744535,0.00010240008123219013,0.3779644730092272,0.0004981999518349767,0.0001401000190526247,0.00019289995543658733,5.679996684193611e-05,1.3900105841457844e-05,,,,,,,,,,,
polblogs,0.5,0,0.0,all,1222,Degree-stratified RP,4,5,7,2,1,by_dim,0.003408699994906783,0.022412899998016655,0.02582159999292344,,0.0033472999930381775,0.5566269072259499,0.4509703207721426,0.8729865167620111,,,,,,,,0.00020140002015978098,0.0019812999526038766,0.0005259000463411212,0.0001175999641418457,0.0004268999909982085,7.690000347793102e-05,1.7300015315413475e-05,7.0,1.0,1.0,"[1,8):n=486,ell=1;[8,16):n=189,ell=1;[16,32):n=196,ell=1;[32,64):n=184,ell=1;[64,128):n=134,ell=1;[128,256):n=28,ell=1;[256,512):n=5,ell=1"
polblogs,0.5,0,0.0,low_deg_1_2,242,Degree-stratified RP,4,5,7,2,1,by_dim,0.003408699994906783,0.022412899998016655,0.02582159999292344,,0.0033472999930381775,0.2265267004486717,0.16907975435962957,0.7363880003458114,,,,,,,,0.00020140002015978098,0.0019812999526038766,0.0005259000463411212,0.0001175999641418457,0.0004268999909982085,7.690000347793102e-05,1.7300015315413475e-05,7.0,1.0,1.0,"[1,8):n=486,ell=1;[8,16):n=189,ell=1;[16,32):n=196,ell=1;[32,64):n=184,ell=1;[64,128):n=134,ell=1;[128,256):n=28,ell=1;[256,512):n=5,ell=1"
polblogs,0.5,0,0.0,mid_deg_3_8,271,Degree-stratified RP,4,5,7,2,1,by_dim,0.003408699994906783,0.022412899998016655,0.02582159999292344,,0.0033472999930381775,0.2997151270815414,0.2294126283135356,0.7736750592133186,,,,,,,,0.00020140002015978098,0.0019812999526038766,0.0005259000463411212,0.0001175999641418457,0.0004268999909982085,7.690000347793102e-05,1.7300015315413475e-05,7.0,1.0,1.0,"[1,8):n=486,ell=1;[8,16):n=189,ell=1;[16,32):n=196,ell=1;[32,64):n=184,ell=1;[64,128):n=134,ell=1;[128,256):n=28,ell=1;[256,512):n=5,ell=1"
polblogs,0.5,0,0.0,high_deg_9_plus,709,Degree-stratified RP,4,5,7,2,1,by_dim,0.003408699994906783,0.022412899998016655,0.02582159999292344,,0.0033472999930381775,0.832476875851878,0.7390484429346227,0.9555276325986358,,,,,,,,0.00020140002015978098,0.0019812999526038766,0.0005259000463411212,0.0001175999641418457,0.0004268999909982085,7.690000347793102e-05,1.7300015315413475e-05,7.0,1.0,1.0,"[1,8):n=486,ell=1;[8,16):n=189,ell=1;[16,32):n=196,ell=1;[32,64):n=184,ell=1;[64,128):n=134,ell=1;[128,256):n=28,ell=1;[256,512):n=5,ell=1"
polblogs,0.5,0,0.0,all,1222,Exact spectral,5,5,2,2,1,by_dim,0.006799299968406558,0.060487200040370226,0.06728650000877678,0.006799299968406558,0.006799299968406558,-0.00024081082708013297,0.0005978453430448398,0.33031488031643624,,,,,,,,,,,,,,,,,,
polblogs,0.5,0,0.0,low_deg_1_2,242,Exact spectral,5,5,2,2,1,by_dim,0.006799299968406558,0.060487200040370226,0.06728650000877678,0.006799299968406558,0.006799299968406558,0.0034424824275672895,0.017798216811149955,0.3726958525345622,,,,,,,,,,,,,,,,,,
polblogs,0.5,0,0.0,mid_deg_3_8,271,Exact spectral,5,5,2,2,1,by_dim,0.006799299968406558,0.060487200040370226,0.06728650000877678,0.006799299968406558,0.006799299968406558,0.0008465349010664863,0.002279836505596332,0.36076595902750697,,,,,,,,,,,,,,,,,,
polblogs,0.5,0,0.0,high_deg_9_plus,709,Exact spectral,5,5,2,2,1,by_dim,0.006799299968406558,0.060487200040370226,0.06728650000877678,0.006799299968406558,0.006799299968406558,0.0007890575452106661,0.0033422915763340476,0.36306046274400705,,,,,,,,,,,,,,,,,,
polblogs,0.5,0,0.0,all,1222,Gaussian RP,5,5,7,2,1,by_dim,0.0017110999906435609,0.0974671000149101,0.09917820000555366,,0.001694300095550716,0.463108308150232,0.3746848579267174,0.8388977792921887,9.290000889450312e-05,0.3779644730092272,0.001133000012487173,0.0001767000649124384,0.0001908999402076006,8.460006210952997e-05,1.6200006939470768e-05,,,,,,,,,,,
polblogs,0.5,0,0.0,low_deg_1_2,242,Gaussian RP,5,5,7,2,1,by_dim,0.0017110999906435609,0.0974671000149101,0.09917820000555366,,0.001694300095550716,0.053539962025489364,0.043849590247381526,0.61960087479497,9.290000889450312e-05,0.3779644730092272,0.001133000012487173,0.0001767000649124384,0.0001908999402076006,8.460006210952997e-05,1.6200006939470768e-05,,,,,,,,,,,
polblogs,0.5,0,0.0,mid_deg_3_8,271,Gaussian RP,5,5,7,2,1,by_dim,0.0017110999906435609,0.0974671000149101,0.09917820000555366,,0.001694300095550716,0.3418129607114949,0.28643142736430266,0.7930169121658484,9.290000889450312e-05,0.3779644730092272,0.001133000012487173,0.0001767000649124384,0.0001908999402076006,8.460006210952997e-05,1.6200006939470768e-05,,,,,,,,,,,
polblogs,0.5,0,0.0,high_deg_9_plus,709,Gaussian RP,5,5,7,2,1,by_dim,0.0017110999906435609,0.0974671000149101,0.09917820000555366,,0.001694300095550716,0.7519363743815266,0.6583659208219909,0.9319501312067962,9.290000889450312e-05,0.3779644730092272,0.001133000012487173,0.0001767000649124384,0.0001908999402076006,8.460006210952997e-05,1.6200006939470768e-05,,,,,,,,,,,
polblogs,0.5,0,0.0,all,1222,Degree-stratified RP,5,5,7,2,1,by_dim,0.002819300047121942,0.032789899967610836,0.03560920001473278,,0.0027608999516814947,0.7493922269961208,0.6501640954079526,0.9326080581941832,,,,,,,,0.00023609993513673544,0.0016135000623762608,0.00048049993347376585,0.00010619999375194311,0.0002397000789642334,6.889994256198406e-05,1.6000005416572094e-05,7.0,1.0,1.0,"[1,8):n=486,ell=1;[8,16):n=189,ell=1;[16,32):n=196,ell=1;[32,64):n=184,ell=1;[64,128):n=134,ell=1;[128,256):n=28,ell=1;[256,512):n=5,ell=1"
polblogs,0.5,0,0.0,low_deg_1_2,242,Degree-stratified RP,5,5,7,2,1,by_dim,0.002819300047121942,0.032789899967610836,0.03560920001473278,,0.0027608999516814947,0.4458370044554332,0.3716279685429244,0.8346655735464918,,,,,,,,0.00023609993513673544,0.0016135000623762608,0.00048049993347376585,0.00010619999375194311,0.0002397000789642334,6.889994256198406e-05,1.6000005416572094e-05,7.0,1.0,1.0,"[1,8):n=486,ell=1;[8,16):n=189,ell=1;[16,32):n=196,ell=1;[32,64):n=184,ell=1;[64,128):n=134,ell=1;[128,256):n=28,ell=1;[256,512):n=5,ell=1"
polblogs,0.5,0,0.0,mid_deg_3_8,271,Degree-stratified RP,5,5,7,2,1,by_dim,0.002819300047121942,0.032789899967610836,0.03560920001473278,,0.0027608999516814947,0.7255702353562171,0.620030568504353,0.9260290424718856,,,,,,,,0.00023609993513673544,0.0016135000623762608,0.00048049993347376585,0.00010619999375194311,0.0002397000789642334,6.889994256198406e-05,1.6000005416572094e-05,7.0,1.0,1.0,"[1,8):n=486,ell=1;[8,16):n=189,ell=1;[16,32):n=196,ell=1;[32,64):n=184,ell=1;[64,128):n=134,ell=1;[128,256):n=28,ell=1;[256,512):n=5,ell=1"
polblogs,0.5,0,0.0,high_deg_9_plus,709,Degree-stratified RP,5,5,7,2,1,by_dim,0.002819300047121942,0.032789899967610836,0.03560920001473278,,0.0027608999516814947,0.8795277780818429,0.8028607574611898,0.9683785011109489,,,,,,,,0.00023609993513673544,0.0016135000623762608,0.00048049993347376585,0.00010619999375194311,0.0002397000789642334,6.889994256198406e-05,1.6000005416572094e-05,7.0,1.0,1.0,"[1,8):n=486,ell=1;[8,16):n=189,ell=1;[16,32):n=196,ell=1;[32,64):n=184,ell=1;[64,128):n=134,ell=1;[128,256):n=28,ell=1;[256,512):n=5,ell=1"
polblogs,0.5,0,0.0,all,1222,Exact spectral,6,5,2,2,1,by_dim,0.006799299968406558,0.010936700040474534,0.017736000008881092,0.006799299968406558,0.006799299968406558,-0.00024081082708013297,0.0005978453430448398,0.33031488031643624,,,,,,,,,,,,,,,,,,
polblogs,0.5,0,0.0,low_deg_1_2,242,Exact spectral,6,5,2,2,1,by_dim,0.006799299968406558,0.010936700040474534,0.017736000008881092,0.006799299968406558,0.006799299968406558,0.0034424824275672895,0.017798216811149955,0.3726958525345622,,,,,,,,,,,,,,,,,,
polblogs,0.5,0,0.0,mid_deg_3_8,271,Exact spectral,6,5,2,2,1,by_dim,0.006799299968406558,0.010936700040474534,0.017736000008881092,0.006799299968406558,0.006799299968406558,0.0008465349010664863,0.002279836505596332,0.36076595902750697,,,,,,,,,,,,,,,,,,
polblogs,0.5,0,0.0,high_deg_9_plus,709,Exact spectral,6,5,2,2,1,by_dim,0.006799299968406558,0.010936700040474534,0.017736000008881092,0.006799299968406558,0.006799299968406558,0.0007890575452106661,0.0033422915763340476,0.36306046274400705,,,,,,,,,,,,,,,,,,
polblogs,0.5,0,0.0,all,1222,Gaussian RP,6,5,7,2,1,by_dim,0.0010198999661952257,0.033292400068603456,0.03431230003479868,,0.001006099977530539,0.020821975400073117,0.04230689057410632,0.4785953649274477,8.709996473044157e-05,0.3779644730092272,0.0004916000179946423,0.00013619998935610056,0.0002071999479085207,6.680004298686981e-05,1.7200014553964138e-05,,,,,,,,,,,
polblogs,0.5,0,0.0,low_deg_1_2,242,Gaussian RP,6,5,7,2,1,by_dim,0.0010198999661952257,0.033292400068603456,0.03431230003479868,,0.001006099977530539,0.04118153326513048,0.08055409623307844,0.5891928595679288,8.709996473044157e-05,0.3779644730092272,0.0004916000179946423,0.00013619998935610056,0.0002071999479085207,6.680004298686981e-05,1.7200014553964138e-05,,,,,,,,,,,
polblogs,0.5,0,0.0,mid_deg_3_8,271,Gaussian RP,6,5,7,2,1,by_dim,0.0010198999661952257,0.033292400068603456,0.03431230003479868,,0.001006099977530539,0.009718990026965595,0.040586809710046176,0.508880028996013,8.709996473044157e-05,0.3779644730092272,0.0004916000179946423,0.00013619998935610056,0.0002071999479085207,6.680004298686981e-05,1.7200014553964138e-05,,,,,,,,,,,
polblogs,0.5,0,0.0,high_deg_9_plus,709,Gaussian RP,6,5,7,2,1,by_dim,0.0010198999661952257,0.033292400068603456,0.03431230003479868,,0.001006099977530539,0.005275752343067665,0.010327086347660433,0.3859066215705819,8.709996473044157e-05,0.3779644730092272,0.0004916000179946423,0.00013619998935610056,0.0002071999479085207,6.680004298686981e-05,1.7200014553964138e-05,,,,,,,,,,,
polblogs,0.5,0,0.0,all,1222,Degree-stratified RP,6,5,7,2,1,by_dim,0.002714499947614968,0.05647900002077222,0.059193499968387187,,0.0026641000295057893,0.7268729149161831,0.6251051037024725,0.926033234603372,,,,,,,,0.00022250006441026926,0.0015935000265017152,0.0004675999516621232,0.0001129999291151762,0.00019370007794350386,5.8399979025125504e-05,1.5400000847876072e-05,7.0,1.0,1.0,"[1,8):n=486,ell=1;[8,16):n=189,ell=1;[16,32):n=196,ell=1;[32,64):n=184,ell=1;[64,128):n=134,ell=1;[128,256):n=28,ell=1;[256,512):n=5,ell=1"
polblogs,0.5,0,0.0,low_deg_1_2,242,Degree-stratified RP,6,5,7,2,1,by_dim,0.002714499947614968,0.05647900002077222,0.059193499968387187,,0.0026641000295057893,0.45701829151162876,0.3798705737547466,0.8387741505662891,,,,,,,,0.00022250006441026926,0.0015935000265017152,0.0004675999516621232,0.0001129999291151762,0.00019370007794350386,5.8399979025125504e-05,1.5400000847876072e-05,7.0,1.0,1.0,"[1,8):n=486,ell=1;[8,16):n=189,ell=1;[16,32):n=196,ell=1;[32,64):n=184,ell=1;[64,128):n=134,ell=1;[128,256):n=28,ell=1;[256,512):n=5,ell=1"
polblogs,0.5,0,0.0,mid_deg_3_8,271,Degree-stratified RP,6,5,7,2,1,by_dim,0.002714499947614968,0.05647900002077222,0.059193499968387187,,0.0026641000295057893,0.6517690671323946,0.5469334825683034,0.9039531079607415,,,,,,,,0.00022250006441026926,0.0015935000265017152,0.0004675999516621232,0.0001129999291151762,0.00019370007794350386,5.8399979025125504e-05,1.5400000847876072e-05,7.0,1.0,1.0,"[1,8):n=486,ell=1;[8,16):n=189,ell=1;[16,32):n=196,ell=1;[32,64):n=184,ell=1;[64,128):n=134,ell=1;[128,256):n=28,ell=1;[256,512):n=5,ell=1"
polblogs,0.5,0,0.0,high_deg_9_plus,709,Degree-stratified RP,6,5,7,2,1,by_dim,0.002714499947614968,0.05647900002077222,0.059193499968387187,,0.0026641000295057893,0.8637021978035919,0.7794720723468344,0.9641081715923012,,,,,,,,0.00022250006441026926,0.0015935000265017152,0.0004675999516621232,0.0001129999291151762,0.00019370007794350386,5.8399979025125504e-05,1.5400000847876072e-05,7.0,1.0,1.0,"[1,8):n=486,ell=1;[8,16):n=189,ell=1;[16,32):n=196,ell=1;[32,64):n=184,ell=1;[64,128):n=134,ell=1;[128,256):n=28,ell=1;[256,512):n=5,ell=1"
polblogs,0.5,0,0.0,all,1222,Exact spectral,7,5,2,2,1,by_dim,0.006799299968406558,0.02341870008967817,0.030218000058084726,0.006799299968406558,0.006799299968406558,-0.00024081082708013297,0.0005978453430448398,0.33031488031643624,,,,,,,,,,,,,,,,,,
polblogs,0.5,0,0.0,low_deg_1_2,242,Exact spectral,7,5,2,2,1,by_dim,0.006799299968406558,0.02341870008967817,0.030218000058084726,0.006799299968406558,0.006799299968406558,0.0034424824275672895,0.017798216811149955,0.3726958525345622,,,,,,,,,,,,,,,,,,
polblogs,0.5,0,0.0,mid_deg_3_8,271,Exact spectral,7,5,2,2,1,by_dim,0.006799299968406558,0.02341870008967817,0.030218000058084726,0.006799299968406558,0.006799299968406558,0.0008465349010664863,0.002279836505596332,0.36076595902750697,,,,,,,,,,,,,,,,,,
polblogs,0.5,0,0.0,high_deg_9_plus,709,Exact spectral,7,5,2,2,1,by_dim,0.006799299968406558,0.02341870008967817,0.030218000058084726,0.006799299968406558,0.006799299968406558,0.0007890575452106661,0.0033422915763340476,0.36306046274400705,,,,,,,,,,,,,,,,,,
polblogs,0.5,0,0.0,all,1222,Gaussian RP,7,5,7,2,1,by_dim,0.001421599998138845,0.04202250007074326,0.04344410006888211,,0.0014021999668329954,0.588855305141792,0.498817469147829,0.8825880907336587,0.0001452999422326684,0.3779644730092272,0.0006753000197932124,0.00027540000155568123,0.00020889996085315943,8.070003241300583e-05,1.6600009985268116e-05,,,,,,,,,,,
polblogs,0.5,0,0.0,low_deg_1_2,242,Gaussian RP,7,5,7,2,1,by_dim,0.001421599998138845,0.04202250007074326,0.04344410006888211,,0.0014021999668329954,0.259434881861729,0.22435783490398034,0.7559941895240536,0.0001452999422326684,0.3779644730092272,0.0006753000197932124,0.00027540000155568123,0.00020889996085315943,8.070003241300583e-05,1.6600009985268116e-05,,,,,,,,,,,
polblogs,0.5,0,0.0,mid_deg_3_8,271,Gaussian RP,7,5,7,2,1,by_dim,0.001421599998138845,0.04202250007074326,0.04344410006888211,,0.0014021999668329954,0.46404382849277714,0.3862204881331512,0.8412938372488934,0.0001452999422326684,0.3779644730092272,0.0006753000197932124,0.00027540000155568123,0.00020889996085315943,8.070003241300583e-05,1.6600009985268116e-05,,,,,,,,,,,
polblogs,0.5,0,0.0,high_deg_9_plus,709,Gaussian RP,7,5,7,2,1,by_dim,0.001421599998138845,0.04202250007074326,0.04344410006888211,,0.0014021999668329954,0.7866529097784457,0.6999109473382988,0.9421120527768252,0.0001452999422326684,0.3779644730092272,0.0006753000197932124,0.00027540000155568123,0.00020889996085315943,8.070003241300583e-05,1.6600009985268116e-05,,,,,,,,,,,
polblogs,0.5,0,0.0,all,1222,Degree-stratified RP,7,5,7,2,1,by_dim,0.005704600014723837,0.03719000006094575,0.04289460007566959,,0.005639499984681606,0.6376104043582774,0.5296430492478565,0.8992626967164167,,,,,,,,0.0022102000657469034,0.002535099978558719,0.00048479996621608734,9.919994045048952e-05,0.00022280006669461727,7.059995550662279e-05,1.680001150816679e-05,7.0,1.0,1.0,"[1,8):n=486,ell=1;[8,16):n=189,ell=1;[16,32):n=196,ell=1;[32,64):n=184,ell=1;[64,128):n=134,ell=1;[128,256):n=28,ell=1;[256,512):n=5,ell=1"
polblogs,0.5,0,0.0,low_deg_1_2,242,Degree-stratified RP,7,5,7,2,1,by_dim,0.005704600014723837,0.03719000006094575,0.04289460007566959,,0.005639499984681606,0.2945529091366012,0.22335966711263247,0.7694160040191951,,,,,,,,0.0022102000657469034,0.002535099978558719,0.00048479996621608734,9.919994045048952e-05,0.00022280006669461727,7.059995550662279e-05,1.680001150816679e-05,7.0,1.0,1.0,"[1,8):n=486,ell=1;[8,16):n=189,ell=1;[16,32):n=196,ell=1;[32,64):n=184,ell=1;[64,128):n=134,ell=1;[128,256):n=28,ell=1;[256,512):n=5,ell=1"
polblogs,0.5,0,0.0,mid_deg_3_8,271,Degree-stratified RP,7,5,7,2,1,by_dim,0.005704600014723837,0.03719000006094575,0.04289460007566959,,0.005639499984681606,0.4742212677994176,0.38926962357140127,0.8426857585139318,,,,,,,,0.0022102000657469034,0.002535099978558719,0.00048479996621608734,9.919994045048952e-05,0.00022280006669461727,7.059995550662279e-05,1.680001150816679e-05,7.0,1.0,1.0,"[1,8):n=486,ell=1;[8,16):n=189,ell=1;[16,32):n=196,ell=1;[32,64):n=184,ell=1;[64,128):n=134,ell=1;[128,256):n=28,ell=1;[256,512):n=5,ell=1"
polblogs,0.5,0,0.0,high_deg_9_plus,709,Degree-stratified RP,7,5,7,2,1,by_dim,0.005704600014723837,0.03719000006094575,0.04289460007566959,,0.005639499984681606,0.8584527116036367,0.7744845540463493,0.9626291376765761,,,,,,,,0.0022102000657469034,0.002535099978558719,0.00048479996621608734,9.919994045048952e-05,0.00022280006669461727,7.059995550662279e-05,1.680001150816679e-05,7.0,1.0,1.0,"[1,8):n=486,ell=1;[8,16):n=189,ell=1;[16,32):n=196,ell=1;[32,64):n=184,ell=1;[64,128):n=134,ell=1;[128,256):n=28,ell=1;[256,512):n=5,ell=1"
polblogs,0.5,0,0.0,all,1222,Exact spectral,8,5,2,2,1,by_dim,0.006799299968406558,0.014151599956676364,0.020950899925082922,0.006799299968406558,0.006799299968406558,-0.00024081082708013297,0.0005978453430448398,0.33031488031643624,,,,,,,,,,,,,,,,,,
polblogs,0.5,0,0.0,low_deg_1_2,242,Exact spectral,8,5,2,2,1,by_dim,0.006799299968406558,0.014151599956676364,0.020950899925082922,0.006799299968406558,0.006799299968406558,0.0034424824275672895,0.017798216811149955,0.3726958525345622,,,,,,,,,,,,,,,,,,
polblogs,0.5,0,0.0,mid_deg_3_8,271,Exact spectral,8,5,2,2,1,by_dim,0.006799299968406558,0.014151599956676364,0.020950899925082922,0.006799299968406558,0.006799299968406558,0.0008465349010664863,0.002279836505596332,0.36076595902750697,,,,,,,,,,,,,,,,,,
polblogs,0.5,0,0.0,high_deg_9_plus,709,Exact spectral,8,5,2,2,1,by_dim,0.006799299968406558,0.014151599956676364,0.020950899925082922,0.006799299968406558,0.006799299968406558,0.0007890575452106661,0.0033422915763340476,0.36306046274400705,,,,,,,,,,,,,,,,,,
polblogs,0.5,0,0.0,all,1222,Gaussian RP,8,5,7,2,1,by_dim,0.0012993999989703298,0.046125900000333786,0.047425299999304116,,0.001284400001168251,0.5493043357309234,0.46359501939717884,0.869130118861704,9.26000066101551e-05,0.3779644730092272,0.0005615000845864415,0.0002992999507114291,0.0002391999587416649,7.720000576227903e-05,1.4599994756281376e-05,,,,,,,,,,,
polblogs,0.5,0,0.0,low_deg_1_2,242,Gaussian RP,8,5,7,2,1,by_dim,0.0012993999989703298,0.046125900000333786,0.047425299999304116,,0.001284400001168251,0.18104847835276935,0.18403152284850727,0.7122770741793745,9.26000066101551e-05,0.3779644730092272,0.0005615000845864415,0.0002992999507114291,0.0002391999587416649,7.720000576227903e-05,1.4599994756281376e-05,,,,,,,,,,,
polblogs,0.5,0,0.0,mid_deg_3_8,271,Gaussian RP,8,5,7,2,1,by_dim,0.0012993999989703298,0.046125900000333786,0.047425299999304116,,0.001284400001168251,0.4244640230169635,0.34653467920155256,0.8265588191238749,9.26000066101551e-05,0.3779644730092272,0.0005615000845864415,0.0002992999507114291,0.0002391999587416649,7.720000576227903e-05,1.4599994756281376e-05,,,,,,,,,,,
polblogs,0.5,0,0.0,high_deg_9_plus,709,Gaussian RP,8,5,7,2,1,by_dim,0.0012993999989703298,0.046125900000333786,0.047425299999304116,,0.001284400001168251,0.7766683944667465,0.6826335524088946,0.9393276283618582,9.26000066101551e-05,0.3779644730092272,0.0005615000845864415,0.0002992999507114291,0.0002391999587416649,7.720000576227903e-05,1.4599994756281376e-05,,,,,,,,,,,
polblogs,0.5,0,0.0,all,1222,Degree-stratified RP,8,5,7,2,1,by_dim,0.004840799956582487,0.03485970001202077,0.03970049996860325,,0.004647499998100102,0.7809166378722785,0.6860420425553094,0.9416546797906987,,,,,,,,0.0012698000064119697,0.002440200070850551,0.0004759998992085457,0.0001276000402867794,0.000202000024728477,7.800001185387373e-05,5.389994475990534e-05,7.0,1.0,1.0,"[1,8):n=486,ell=1;[8,16):n=189,ell=1;[16,32):n=196,ell=1;[32,64):n=184,ell=1;[64,128):n=134,ell=1;[128,256):n=28,ell=1;[256,512):n=5,ell=1"
polblogs,0.5,0,0.0,low_deg_1_2,242,Degree-stratified RP,8,5,7,2,1,by_dim,0.004840799956582487,0.03485970001202077,0.03970049996860325,,0.004647499998100102,0.5149757310287676,0.4280458855387743,0.8593504273504273,,,,,,,,0.0012698000064119697,0.002440200070850551,0.0004759998992085457,0.0001276000402867794,0.000202000024728477,7.800001185387373e-05,5.389994475990534e-05,7.0,1.0,1.0,"[1,8):n=486,ell=1;[8,16):n=189,ell=1;[16,32):n=196,ell=1;[32,64):n=184,ell=1;[64,128):n=134,ell=1;[128,256):n=28,ell=1;[256,512):n=5,ell=1"
polblogs,0.5,0,0.0,mid_deg_3_8,271,Degree-stratified RP,8,5,7,2,1,by_dim,0.004840799956582487,0.03485970001202077,0.03970049996860325,,0.004647499998100102,0.7769574821221844,0.6765576669537819,0.9408232339775084,,,,,,,,0.0012698000064119697,0.002440200070850551,0.0004759998992085457,0.0001276000402867794,0.000202000024728477,7.800001185387373e-05,5.389994475990534e-05,7.0,1.0,1.0,"[1,8):n=486,ell=1;[8,16):n=189,ell=1;[16,32):n=196,ell=1;[32,64):n=184,ell=1;[64,128):n=134,ell=1;[128,256):n=28,ell=1;[256,512):n=5,ell=1"
polblogs,0.5,0,0.0,high_deg_9_plus,709,Degree-stratified RP,8,5,7,2,1,by_dim,0.004840799956582487,0.03485970001202077,0.03970049996860325,,0.004647499998100102,0.8848322592470858,0.813802400543072,0.9697796342866886,,,,,,,,0.0012698000064119697,0.002440200070850551,0.0004759998992085457,0.0001276000402867794,0.000202000024728477,7.800001185387373e-05,5.389994475990534e-05,7.0,1.0,1.0,"[1,8):n=486,ell=1;[8,16):n=189,ell=1;[16,32):n=196,ell=1;[32,64):n=184,ell=1;[64,128):n=134,ell=1;[128,256):n=28,ell=1;[256,512):n=5,ell=1"
polblogs,0.5,0,0.0,all,1222,Exact spectral,9,5,2,2,1,by_dim,0.006799299968406558,0.018381800036877394,0.025181100005283952,0.006799299968406558,0.006799299968406558,-0.00024081082708013297,0.0005978453430448398,0.33031488031643624,,,,,,,,,,,,,,,,,,
polblogs,0.5,0,0.0,low_deg_1_2,242,Exact spectral,9,5,2,2,1,by_dim,0.006799299968406558,0.018381800036877394,0.025181100005283952,0.006799299968406558,0.006799299968406558,0.0034424824275672895,0.017798216811149955,0.3726958525345622,,,,,,,,,,,,,,,,,,
polblogs,0.5,0,0.0,mid_deg_3_8,271,Exact spectral,9,5,2,2,1,by_dim,0.006799299968406558,0.018381800036877394,0.025181100005283952,0.006799299968406558,0.006799299968406558,0.0008465349010664863,0.002279836505596332,0.36076595902750697,,,,,,,,,,,,,,,,,,
polblogs,0.5,0,0.0,high_deg_9_plus,709,Exact spectral,9,5,2,2,1,by_dim,0.006799299968406558,0.018381800036877394,0.025181100005283952,0.006799299968406558,0.006799299968406558,0.0007890575452106661,0.0033422915763340476,0.36306046274400705,,,,,,,,,,,,,,,,,,
polblogs,0.5,0,0.0,all,1222,Gaussian RP,9,5,7,2,1,by_dim,0.0011248000664636493,0.019480600021779537,0.020605400088243186,,0.0011090999469161034,0.5813304596965476,0.5056998522452881,0.8795997757657091,0.0001050999853760004,0.3779644730092272,0.0005050000036135316,0.0001832999987527728,0.00022359995637089014,7.639999967068434e-05,1.5700003132224083e-05,,,,,,,,,,,
polblogs,0.5,0,0.0,low_deg_1_2,242,Gaussian RP,9,5,7,2,1,by_dim,0.0011248000664636493,0.019480600021779537,0.020605400088243186,,0.0011090999469161034,0.2425480445564495,0.24253739764289534,0.7460213684771949,0.0001050999853760004,0.3779644730092272,0.0005050000036135316,0.0001832999987527728,0.00022359995637089014,7.639999967068434e-05,1.5700003132224083e-05,,,,,,,,,,,
polblogs,0.5,0,0.0,mid_deg_3_8,271,Gaussian RP,9,5,7,2,1,by_dim,0.0011248000664636493,0.019480600021779537,0.020605400088243186,,0.0011090999469161034,0.3774633497611115,0.338433430685513,0.8071702244116037,0.0001050999853760004,0.3779644730092272,0.0005050000036135316,0.0001832999987527728,0.00022359995637089014,7.639999967068434e-05,1.5700003132224083e-05,,,,,,,,,,,
polblogs,0.5,0,0.0,high_deg_9_plus,709,Gaussian RP,9,5,7,2,1,by_dim,0.0011248000664636493,0.019480600021779537,0.020605400088243186,,0.0011090999469161034,0.8272963550567711,0.7441851274293737,0.9538140837730441,0.0001050999853760004,0.3779644730092272,0.0005050000036135316,0.0001832999987527728,0.00022359995637089014,7.639999967068434e-05,1.5700003132224083e-05,,,,,,,,,,,
polblogs,0.5,0,0.0,all,1222,Degree-stratified RP,9,5,7,2,1,by_dim,0.002919799997471273,0.015021999948658049,0.017941799946129322,,0.00285799999255687,0.7809172174083014,0.6818234537764767,0.9417233400165905,,,,,,,,0.0002722999779507518,0.0017232999671250582,0.00047960004303604364,0.0001012999564409256,0.0001935999607667327,6.870005745440722e-05,1.9200029782950878e-05,7.0,1.0,1.0,"[1,8):n=486,ell=1;[8,16):n=189,ell=1;[16,32):n=196,ell=1;[32,64):n=184,ell=1;[64,128):n=134,ell=1;[128,256):n=28,ell=1;[256,512):n=5,ell=1"
polblogs,0.5,0,0.0,low_deg_1_2,242,Degree-stratified RP,9,5,7,2,1,by_dim,0.002919799997471273,0.015021999948658049,0.017941799946129322,,0.00285799999255687,0.5149768352513973,0.42405535610354717,0.859263820470717,,,,,,,,0.0002722999779507518,0.0017232999671250582,0.00047960004303604364,0.0001012999564409256,0.0001935999607667327,6.870005745440722e-05,1.9200029782950878e-05,7.0,1.0,1.0,"[1,8):n=486,ell=1;[8,16):n=189,ell=1;[16,32):n=196,ell=1;[32,64):n=184,ell=1;[64,128):n=134,ell=1;[128,256):n=28,ell=1;[256,512):n=5,ell=1"
polblogs,0.5,0,0.0,mid_deg_3_8,271,Degree-stratified RP,9,5,7,2,1,by_dim,0.002919799997471273,0.015021999948658049,0.017941799946129322,,0.00285799999255687,0.700533236900354,0.5931987291995464,0.9184984689413824,,,,,,,,0.0002722999779507518,0.0017232999671250582,0.00047960004303604364,0.0001012999564409256,0.0001935999607667327,6.870005745440722e-05,1.9200029782950878e-05,7.0,1.0,1.0,"[1,8):n=486,ell=1;[8,16):n=189,ell=1;[16,32):n=196,ell=1;[32,64):n=184,ell=1;[64,128):n=134,ell=1;[128,256):n=28,ell=1;[256,512):n=5,ell=1"
polblogs,0.5,0,0.0,high_deg_9_plus,709,Degree-stratified RP,9,5,7,2,1,by_dim,0.002919799997471273,0.015021999948658049,0.017941799946129322,,0.00285799999255687,0.9170257239260463,0.8539068002663439,0.9784649029553807,,,,,,,,0.0002722999779507518,0.0017232999671250582,0.00047960004303604364,0.0001012999564409256,0.0001935999607667327,6.870005745440722e-05,1.9200029782950878e-05,7.0,1.0,1.0,"[1,8):n=486,ell=1;[8,16):n=189,ell=1;[16,32):n=196,ell=1;[32,64):n=184,ell=1;[64,128):n=134,ell=1;[128,256):n=28,ell=1;[256,512):n=5,ell=1"
polblogs,0.5,0,0.0,all,1222,Exact spectral,10,5,2,2,1,by_dim,0.006799299968406558,0.009847700013779104,0.016646999982185662,0.006799299968406558,0.006799299968406558,-0.00024081082708013297,0.0005978453430448398,0.33031488031643624,,,,,,,,,,,,,,,,,,
polblogs,0.5,0,0.0,low_deg_1_2,242,Exact spectral,10,5,2,2,1,by_dim,0.006799299968406558,0.009847700013779104,0.016646999982185662,0.006799299968406558,0.006799299968406558,0.0034424824275672895,0.017798216811149955,0.3726958525345622,,,,,,,,,,,,,,,,,,
polblogs,0.5,0,0.0,mid_deg_3_8,271,Exact spectral,10,5,2,2,1,by_dim,0.006799299968406558,0.009847700013779104,0.016646999982185662,0.006799299968406558,0.006799299968406558,0.0008465349010664863,0.002279836505596332,0.36076595902750697,,,,,,,,,,,,,,,,,,
polblogs,0.5,0,0.0,high_deg_9_plus,709,Exact spectral,10,5,2,2,1,by_dim,0.006799299968406558,0.009847700013779104,0.016646999982185662,0.006799299968406558,0.006799299968406558,0.0007890575452106661,0.0033422915763340476,0.36306046274400705,,,,,,,,,,,,,,,,,,
polblogs,0.5,0,0.0,all,1222,Gaussian RP,10,5,7,2,1,by_dim,0.0016539000207558274,0.04228020005393773,0.04393410007469356,,0.0016357999993488193,0.2946577189199192,0.22941235879600833,0.7690314425017428,0.00011770008131861687,0.3779644730092272,0.0010265999007970095,0.00018610002007335424,0.0002125999890267849,7.239996921271086e-05,2.0400038920342922e-05,,,,,,,,,,,
polblogs,0.5,0,0.0,low_deg_1_2,242,Gaussian RP,10,5,7,2,1,by_dim,0.0016539000207558274,0.04228020005393773,0.04393410007469356,,0.0016357999993488193,0.08437596173911756,0.09369824390363103,0.6443330163395867,0.00011770008131861687,0.3779644730092272,0.0010265999007970095,0.00018610002007335424,0.0002125999890267849,7.239996921271086e-05,2.0400038920342922e-05,,,,,,,,,,,
polblogs,0.5,0,0.0,mid_deg_3_8,271,Gaussian RP,10,5,7,2,1,by_dim,0.0016539000207558274,0.04228020005393773,0.04393410007469356,,0.0016357999993488193,0.086001651917658,0.08089405784344189,0.6456638727170128,0.00011770008131861687,0.3779644730092272,0.0010265999007970095,0.00018610002007335424,0.0002125999890267849,7.239996921271086e-05,2.0400038920342922e-05,,,,,,,,,,,
polblogs,0.5,0,0.0,high_deg_9_plus,709,Gaussian RP,10,5,7,2,1,by_dim,0.0016539000207558274,0.04228020005393773,0.04393410007469356,,0.0016357999993488193,0.5187318716208357,0.41417926939638716,0.8587436230265343,0.00011770008131861687,0.3779644730092272,0.0010265999007970095,0.00018610002007335424,0.0002125999890267849,7.239996921271086e-05,2.0400038920342922e-05,,,,,,,,,,,
polblogs,0.5,0,0.0,all,1222,Degree-stratified RP,10,5,7,2,1,by_dim,0.0030527999624609947,0.03320130007341504,0.036254100035876036,,0.0029915999621152878,0.704698446764076,0.5967987950996326,0.9196796737716133,,,,,,,,0.00025379995349794626,0.001802799990400672,0.0004966000560671091,0.00011539994738996029,0.0002386999549344182,6.810005288571119e-05,1.6200006939470768e-05,7.0,1.0,1.0,"[1,8):n=486,ell=1;[8,16):n=189,ell=1;[16,32):n=196,ell=1;[32,64):n=184,ell=1;[64,128):n=134,ell=1;[128,256):n=28,ell=1;[256,512):n=5,ell=1"
polblogs,0.5,0,0.0,low_deg_1_2,242,Degree-stratified RP,10,5,7,2,1,by_dim,0.0030527999624609947,0.03320130007341504,0.036254100035876036,,0.0029915999621152878,0.25938176430991766,0.19623089451788722,0.7509897277594656,,,,,,,,0.00025379995349794626,0.001802799990400672,0.0004966000560671091,0.00011539994738996029,0.0002386999549344182,6.810005288571119e-05,1.6200006939470768e-05,7.0,1.0,1.0,"[1,8):n=486,ell=1;[8,16):n=189,ell=1;[16,32):n=196,ell=1;[32,64):n=184,ell=1;[64,128):n=134,ell=1;[128,256):n=28,ell=1;[256,512):n=5,ell=1"
polblogs,0.5,0,0.0,mid_deg_3_8,271,Degree-stratified RP,10,5,7,2,1,by_dim,0.0030527999624609947,0.03320130007341504,0.036254100035876036,,0.0029915999621152878,0.7005324341217806,0.5950229054065194,0.9186852154937262,,,,,,,,0.00025379995349794626,0.001802799990400672,0.0004966000560671091,0.00011539994738996029,0.0002386999549344182,6.810005288571119e-05,1.6200006939470768e-05,7.0,1.0,1.0,"[1,8):n=486,ell=1;[8,16):n=189,ell=1;[16,32):n=196,ell=1;[32,64):n=184,ell=1;[64,128):n=134,ell=1;[128,256):n=28,ell=1;[256,512):n=5,ell=1"
polblogs,0.5,0,0.0,high_deg_9_plus,709,Degree-stratified RP,10,5,7,2,1,by_dim,0.0030527999624609947,0.03320130007341504,0.036254100035876036,,0.0029915999621152878,0.9062334885942371,0.8379673020615146,0.9755935566827649,,,,,,,,0.00025379995349794626,0.001802799990400672,0.0004966000560671091,0.00011539994738996029,0.0002386999549344182,6.810005288571119e-05,1.6200006939470768e-05,7.0,1.0,1.0,"[1,8):n=486,ell=1;[8,16):n=189,ell=1;[16,32):n=196,ell=1;[32,64):n=184,ell=1;[64,128):n=134,ell=1;[128,256):n=28,ell=1;[256,512):n=5,ell=1"
polblogs,0.5,0,0.0,all,1222,Exact spectral,1,10,2,2,1,by_dim,0.006799299968406558,0.016345400013960898,0.023144699982367456,0.006799299968406558,0.006799299968406558,-0.00024081082708013297,0.0005978453430448398,0.33031488031643624,,,,,,,,,,,,,,,,,,
polblogs,0.5,0,0.0,low_deg_1_2,242,Exact spectral,1,10,2,2,1,by_dim,0.006799299968406558,0.016345400013960898,0.023144699982367456,0.006799299968406558,0.006799299968406558,0.0034424824275672895,0.017798216811149955,0.3726958525345622,,,,,,,,,,,,,,,,,,
polblogs,0.5,0,0.0,mid_deg_3_8,271,Exact spectral,1,10,2,2,1,by_dim,0.006799299968406558,0.016345400013960898,0.023144699982367456,0.006799299968406558,0.006799299968406558,0.0008465349010664863,0.002279836505596332,0.36076595902750697,,,,,,,,,,,,,,,,,,
polblogs,0.5,0,0.0,high_deg_9_plus,709,Exact spectral,1,10,2,2,1,by_dim,0.006799299968406558,0.016345400013960898,0.023144699982367456,0.006799299968406558,0.006799299968406558,0.0007890575452106661,0.0033422915763340476,0.36306046274400705,,,,,,,,,,,,,,,,,,
polblogs,0.5,0,0.0,all,1222,Gaussian RP,1,10,12,2,1,by_dim,0.003041599993593991,0.02401549997739494,0.02705709997098893,,0.0030226000817492604,0.44763514981380464,0.36261830715247706,0.834668874260898,0.00015080010052770376,0.2886751345948129,0.0010282000293955207,0.0013366000493988395,0.00036619999445974827,0.0001191999763250351,2.159993164241314e-05,,,,,,,,,,,
polblogs,0.5,0,0.0,low_deg_1_2,242,Gaussian RP,1,10,12,2,1,by_dim,0.003041599993593991,0.02401549997739494,0.02705709997098893,,0.0030226000817492604,0.17412945518797573,0.12844503246812652,0.7049191750278707,0.00015080010052770376,0.2886751345948129,0.0010282000293955207,0.0013366000493988395,0.00036619999445974827,0.0001191999763250351,2.159993164241314e-05,,,,,,,,,,,
polblogs,0.5,0,0.0,mid_deg_3_8,271,Gaussian RP,1,10,12,2,1,by_dim,0.003041599993593991,0.02401549997739494,0.02705709997098893,,0.0030226000817492604,0.21676026726532321,0.17167257620982976,0.7274555816292323,0.00015080010052770376,0.2886751345948129,0.0010282000293955207,0.0013366000493988395,0.00036619999445974827,0.0001191999763250351,2.159993164241314e-05,,,,,,,,,,,
polblogs,0.5,0,0.0,high_deg_9_plus,709,Gaussian RP,1,10,12,2,1,by_dim,0.003041599993593991,0.02401549997739494,0.02705709997098893,,0.0030226000817492604,0.6896994490750539,0.5905064024784878,0.9147426647426647,0.00015080010052770376,0.2886751345948129,0.0010282000293955207,0.0013366000493988395,0.00036619999445974827,0.0001191999763250351,2.159993164241314e-05,,,,,,,,,,,
polblogs,0.5,0,0.0,all,1222,Degree-stratified RP,1,10,12,2,1,by_dim,0.006647099973633885,0.012227399973198771,0.018874499946832657,,0.006563700153492391,0.6667149465238669,0.559071759432763,0.9080452356381149,,,,,,,,0.0008156000403687358,0.00255580001976341,0.0010683999862521887,0.0017140000127255917,0.00030289997812360525,8.860009256750345e-05,1.8400023691356182e-05,9.0,1.0,2.0,"[1,2):n=135,ell=1;[2,4):n=182,ell=1;[4,8):n=169,ell=1;[8,16):n=189,ell=1;[16,32):n=196,ell=1;[32,64):n=184,ell=2;[64,128):n=134,ell=2;[128,256):n=28,ell=2;[256,512):n=5,ell=1"
polblogs,0.5,0,0.0,low_deg_1_2,242,Degree-stratified RP,1,10,12,2,1,by_dim,0.006647099973633885,0.012227399973198771,0.018874499946832657,,0.006563700153492391,0.18850785107879764,0.1416721763457291,0.717445054945055,,,,,,,,0.0008156000403687358,0.00255580001976341,0.0010683999862521887,0.0017140000127255917,0.00030289997812360525,8.860009256750345e-05,1.8400023691356182e-05,9.0,1.0,2.0,"[1,2):n=135,ell=1;[2,4):n=182,ell=1;[4,8):n=169,ell=1;[8,16):n=189,ell=1;[16,32):n=196,ell=1;[32,64):n=184,ell=2;[64,128):n=134,ell=2;[128,256):n=28,ell=2;[256,512):n=5,ell=1"
polblogs,0.5,0,0.0,mid_deg_3_8,271,Degree-stratified RP,1,10,12,2,1,by_dim,0.006647099973633885,0.012227399973198771,0.018874499946832657,,0.006563700153492391,0.6881775560414535,0.583136118302258,0.9150134304140931,,,,,,,,0.0008156000403687358,0.00255580001976341,0.0010683999862521887,0.0017140000127255917,0.00030289997812360525,8.860009256750345e-05,1.8400023691356182e-05,9.0,1.0,2.0,"[1,2):n=135,ell=1;[2,4):n=182,ell=1;[4,8):n=169,ell=1;[8,16):n=189,ell=1;[16,32):n=196,ell=1;[32,64):n=184,ell=2;[64,128):n=134,ell=2;[128,256):n=28,ell=2;[256,512):n=5,ell=1"
polblogs,0.5,0,0.0,high_deg_9_plus,709,Degree-stratified RP,1,10,12,2,1,by_dim,0.006647099973633885,0.012227399973198771,0.018874499946832657,,0.006563700153492391,0.8848350443487728,0.8112918786899375,0.9698039048667855,,,,,,,,0.0008156000403687358,0.00255580001976341,0.0010683999862521887,0.0017140000127255917,0.00030289997812360525,8.860009256750345e-05,1.8400023691356182e-05,9.0,1.0,2.0,"[1,2):n=135,ell=1;[2,4):n=182,ell=1;[4,8):n=169,ell=1;[8,16):n=189,ell=1;[16,32):n=196,ell=1;[32,64):n=184,ell=2;[64,128):n=134,ell=2;[128,256):n=28,ell=2;[256,512):n=5,ell=1"
polblogs,0.5,0,0.0,all,1222,Exact spectral,2,10,2,2,1,by_dim,0.006799299968406558,0.0093073999742046,0.016106699942611158,0.006799299968406558,0.006799299968406558,-0.00024081082708013297,0.0005978453430448398,0.33031488031643624,,,,,,,,,,,,,,,,,,
polblogs,0.5,0,0.0,low_deg_1_2,242,Exact spectral,2,10,2,2,1,by_dim,0.006799299968406558,0.0093073999742046,0.016106699942611158,0.006799299968406558,0.006799299968406558,0.0034424824275672895,0.017798216811149955,0.3726958525345622,,,,,,,,,,,,,,,,,,
polblogs,0.5,0,0.0,mid_deg_3_8,271,Exact spectral,2,10,2,2,1,by_dim,0.006799299968406558,0.0093073999742046,0.016106699942611158,0.006799299968406558,0.006799299968406558,0.0008465349010664863,0.002279836505596332,0.36076595902750697,,,,,,,,,,,,,,,,,,
polblogs,0.5,0,0.0,high_deg_9_plus,709,Exact spectral,2,10,2,2,1,by_dim,0.006799299968406558,0.0093073999742046,0.016106699942611158,0.006799299968406558,0.006799299968406558,0.0007890575452106661,0.0033422915763340476,0.36306046274400705,,,,,,,,,,,,,,,,,,
polblogs,0.5,0,0.0,all,1222,Gaussian RP,2,10,12,2,1,by_dim,0.001525099971331656,0.01622759993188083,0.017752699903212488,,0.0015100999735295773,0.6142740516327141,0.5139799742208758,0.8912521135534395,0.00014340004418045282,0.2886751345948129,0.0005817000055685639,0.00039569998625665903,0.00028819998260587454,8.160003926604986e-05,1.9499915651977062e-05,,,,,,,,,,,
polblogs,0.5,0,0.0,low_deg_1_2,242,Gaussian RP,2,10,12,2,1,by_dim,0.001525099971331656,0.01622759993188083,0.017752699903212488,,0.0015100999735295773,0.4238847086411602,0.35566969116442,0.8264344262295082,0.00014340004418045282,0.2886751345948129,0.0005817000055685639,0.00039569998625665903,0.00028819998260587454,8.160003926604986e-05,1.9499915651977062e-05,,,,,,,,,,,
polblogs,0.5,0,0.0,mid_deg_3_8,271,Gaussian RP,2,10,12,2,1,by_dim,0.001525099971331656,0.01622759993188083,0.017752699903212488,,0.0015100999735295773,0.43419341828090735,0.34894044862834983,0.8302374986381958,0.00014340004418045282,0.2886751345948129,0.0005817000055685639,0.00039569998625665903,0.00028819998260587454,8.160003926604986e-05,1.9499915651977062e-05,,,,,,,,,,,
polblogs,0.5,0,0.0,high_deg_9_plus,709,Gaussian RP,2,10,12,2,1,by_dim,0.001525099971331656,0.01622759993188083,0.017752699903212488,,0.0015100999735295773,0.7667480141454107,0.6672930909622697,0.9365491319133703,0.00014340004418045282,0.2886751345948129,0.0005817000055685639,0.00039569998625665903,0.00028819998260587454,8.160003926604986e-05,1.9499915651977062e-05,,,,,,,,,,,
polblogs,0.5,0,0.0,all,1222,Degree-stratified RP,2,10,12,2,1,by_dim,0.004982199985533953,0.025986199965700507,0.03096839995123446,,0.004921100102365017,0.7722555565182649,0.6709196938718004,0.939287248898915,,,,,,,,0.00046120001934468746,0.0027801000978797674,0.0009476999985054135,0.00035539991222321987,0.00028899998869746923,6.950006354600191e-05,1.8200022168457508e-05,9.0,1.0,2.0,"[1,2):n=135,ell=1;[2,4):n=182,ell=1;[4,8):n=169,ell=1;[8,16):n=189,ell=1;[16,32):n=196,ell=1;[32,64):n=184,ell=2;[64,128):n=134,ell=2;[128,256):n=28,ell=2;[256,512):n=5,ell=1"
polblogs,0.5,0,0.0,low_deg_1_2,242,Degree-stratified RP,2,10,12,2,1,by_dim,0.004982199985533953,0.025986199965700507,0.03096839995123446,,0.004921100102365017,0.42389782467643344,0.33854297655232407,0.8260184868195823,,,,,,,,0.00046120001934468746,0.0027801000978797674,0.0009476999985054135,0.00035539991222321987,0.00028899998869746923,6.950006354600191e-05,1.8200022168457508e-05,9.0,1.0,2.0,"[1,2):n=135,ell=1;[2,4):n=182,ell=1;[4,8):n=169,ell=1;[8,16):n=189,ell=1;[16,32):n=196,ell=1;[32,64):n=184,ell=2;[64,128):n=134,ell=2;[128,256):n=28,ell=2;[256,512):n=5,ell=1"
polblogs,0.5,0,0.0,mid_deg_3_8,271,Degree-stratified RP,2,10,12,2,1,by_dim,0.004982199985533953,0.025986199965700507,0.03096839995123446,,0.004921100102365017,0.7769579420506469,0.6762492700557045,0.9407261592300962,,,,,,,,0.00046120001934468746,0.0027801000978797674,0.0009476999985054135,0.00035539991222321987,0.00028899998869746923,6.950006354600191e-05,1.8200022168457508e-05,9.0,1.0,2.0,"[1,2):n=135,ell=1;[2,4):n=182,ell=1;[4,8):n=169,ell=1;[8,16):n=189,ell=1;[16,32):n=196,ell=1;[32,64):n=184,ell=2;[64,128):n=134,ell=2;[128,256):n=28,ell=2;[256,512):n=5,ell=1"
polblogs,0.5,0,0.0,high_deg_9_plus,709,Degree-stratified RP,2,10,12,2,1,by_dim,0.004982199985533953,0.025986199965700507,0.03096839995123446,,0.004921100102365017,0.9116244658259642,0.8437961359550491,0.9770550161812297,,,,,,,,0.00046120001934468746,0.0027801000978797674,0.0009476999985054135,0.00035539991222321987,0.00028899998869746923,6.950006354600191e-05,1.8200022168457508e-05,9.0,1.0,2.0,"[1,2):n=135,ell=1;[2,4):n=182,ell=1;[4,8):n=169,ell=1;[8,16):n=189,ell=1;[16,32):n=196,ell=1;[32,64):n=184,ell=2;[64,128):n=134,ell=2;[128,256):n=28,ell=2;[256,512):n=5,ell=1"
polblogs,0.5,0,0.0,all,1222,Exact spectral,3,10,2,2,1,by_dim,0.006799299968406558,0.012451399932615459,0.019250699901022017,0.006799299968406558,0.006799299968406558,-0.00024081082708013297,0.0005978453430448398,0.33031488031643624,,,,,,,,,,,,,,,,,,
polblogs,0.5,0,0.0,low_deg_1_2,242,Exact spectral,3,10,2,2,1,by_dim,0.006799299968406558,0.012451399932615459,0.019250699901022017,0.006799299968406558,0.006799299968406558,0.0034424824275672895,0.017798216811149955,0.3726958525345622,,,,,,,,,,,,,,,,,,
polblogs,0.5,0,0.0,mid_deg_3_8,271,Exact spectral,3,10,2,2,1,by_dim,0.006799299968406558,0.012451399932615459,0.019250699901022017,0.006799299968406558,0.006799299968406558,0.0008465349010664863,0.002279836505596332,0.36076595902750697,,,,,,,,,,,,,,,,,,
polblogs,0.5,0,0.0,high_deg_9_plus,709,Exact spectral,3,10,2,2,1,by_dim,0.006799299968406558,0.012451399932615459,0.019250699901022017,0.006799299968406558,0.006799299968406558,0.0007890575452106661,0.0033422915763340476,0.36306046274400705,,,,,,,,,,,,,,,,,,
polblogs,0.5,0,0.0,all,1222,Gaussian RP,3,10,12,2,1,by_dim,0.0018202998908236623,0.022661600029096007,0.02448189991991967,,0.0018070000223815441,0.029319772852222384,0.06616486471267041,0.4946385844681417,0.00012159999459981918,0.2886751345948129,0.0005434000631794333,0.0007290999637916684,0.000318199978210032,7.579999510198832e-05,1.8900027498602867e-05,,,,,,,,,,,
polblogs,0.5,0,0.0,low_deg_1_2,242,Gaussian RP,3,10,12,2,1,by_dim,0.0018202998908236623,0.022661600029096007,0.02448189991991967,,0.0018070000223815441,0.06507475391845913,0.1174541749283413,0.6151385737004806,0.00012159999459981918,0.2886751345948129,0.0005434000631794333,0.0007290999637916684,0.000318199978210032,7.579999510198832e-05,1.8900027498602867e-05,,,,,,,,,,,
polblogs,0.5,0,0.0,mid_deg_3_8,271,Gaussian RP,3,10,12,2,1,by_dim,0.0018202998908236623,0.022661600029096007,0.02448189991991967,,0.0018070000223815441,0.024288074937801236,0.09163421782219333,0.5313356085765446,0.00012159999459981918,0.2886751345948129,0.0005434000631794333,0.0007290999637916684,0.000318199978210032,7.579999510198832e-05,1.8900027498602867e-05,,,,,,,,,,,
polblogs,0.5,0,0.0,high_deg_9_plus,709,Gaussian RP,3,10,12,2,1,by_dim,0.0018202998908236623,0.022661600029096007,0.02448189991991967,,0.0018070000223815441,0.008120254726480603,0.015036680869535968,0.39853142767253197,0.00012159999459981918,0.2886751345948129,0.0005434000631794333,0.0007290999637916684,0.000318199978210032,7.579999510198832e-05,1.8900027498602867e-05,,,,,,,,,,,
polblogs,0.5,0,0.0,all,1222,Degree-stratified RP,3,10,12,2,1,by_dim,0.00487139995675534,0.014601000002585351,0.01947239995934069,,0.004800299997441471,0.7896269360672342,0.6949907175820562,0.9441374432944226,,,,,,,,0.00019079993944615126,0.0021530999802052975,0.0016087000258266926,0.00045329995919018984,0.00029200001154094934,6.430002395063639e-05,3.8100057281553745e-05,9.0,1.0,2.0,"[1,2):n=135,ell=1;[2,4):n=182,ell=1;[4,8):n=169,ell=1;[8,16):n=189,ell=1;[16,32):n=196,ell=1;[32,64):n=184,ell=2;[64,128):n=134,ell=2;[128,256):n=28,ell=2;[256,512):n=5,ell=1"
polblogs,0.5,0,0.0,low_deg_1_2,242,Degree-stratified RP,3,10,12,2,1,by_dim,0.00487139995675534,0.014601000002585351,0.01947239995934069,,0.004800299997441471,0.6148336687581389,0.5277290392316423,0.8924444444444444,,,,,,,,0.00019079993944615126,0.0021530999802052975,0.0016087000258266926,0.00045329995919018984,0.00029200001154094934,6.430002395063639e-05,3.8100057281553745e-05,9.0,1.0,2.0,"[1,2):n=135,ell=1;[2,4):n=182,ell=1;[4,8):n=169,ell=1;[8,16):n=189,ell=1;[16,32):n=196,ell=1;[32,64):n=184,ell=2;[64,128):n=134,ell=2;[128,256):n=28,ell=2;[256,512):n=5,ell=1"
polblogs,0.5,0,0.0,mid_deg_3_8,271,Degree-stratified RP,3,10,12,2,1,by_dim,0.00487139995675534,0.014601000002585351,0.01947239995934069,,0.004800299997441471,0.712996661446837,0.6073091896532348,0.9223569859612263,,,,,,,,0.00019079993944615126,0.0021530999802052975,0.0016087000258266926,0.00045329995919018984,0.00029200001154094934,6.430002395063639e-05,3.8100057281553745e-05,9.0,1.0,2.0,"[1,2):n=135,ell=1;[2,4):n=182,ell=1;[4,8):n=169,ell=1;[8,16):n=189,ell=1;[16,32):n=196,ell=1;[32,64):n=184,ell=2;[64,128):n=134,ell=2;[128,256):n=28,ell=2;[256,512):n=5,ell=1"
polblogs,0.5,0,0.0,high_deg_9_plus,709,Degree-stratified RP,3,10,12,2,1,by_dim,0.00487139995675534,0.014601000002585351,0.01947239995934069,,0.004800299997441471,0.8848377289589278,0.809312740853533,0.969827647350876,,,,,,,,0.00019079993944615126,0.0021530999802052975,0.0016087000258266926,0.00045329995919018984,0.00029200001154094934,6.430002395063639e-05,3.8100057281553745e-05,9.0,1.0,2.0,"[1,2):n=135,ell=1;[2,4):n=182,ell=1;[4,8):n=169,ell=1;[8,16):n=189,ell=1;[16,32):n=196,ell=1;[32,64):n=184,ell=2;[64,128):n=134,ell=2;[128,256):n=28,ell=2;[256,512):n=5,ell=1"
polblogs,0.5,0,0.0,all,1222,Exact spectral,4,10,2,2,1,by_dim,0.006799299968406558,0.009335000067949295,0.016134300036355853,0.006799299968406558,0.006799299968406558,-0.00024081082708013297,0.0005978453430448398,0.33031488031643624,,,,,,,,,,,,,,,,,,
polblogs,0.5,0,0.0,low_deg_1_2,242,Exact spectral,4,10,2,2,1,by_dim,0.006799299968406558,0.009335000067949295,0.016134300036355853,0.006799299968406558,0.006799299968406558,0.0034424824275672895,0.017798216811149955,0.3726958525345622,,,,,,,,,,,,,,,,,,
polblogs,0.5,0,0.0,mid_deg_3_8,271,Exact spectral,4,10,2,2,1,by_dim,0.006799299968406558,0.009335000067949295,0.016134300036355853,0.006799299968406558,0.006799299968406558,0.0008465349010664863,0.002279836505596332,0.36076595902750697,,,,,,,,,,,,,,,,,,
polblogs,0.5,0,0.0,high_deg_9_plus,709,Exact spectral,4,10,2,2,1,by_dim,0.006799299968406558,0.009335000067949295,0.016134300036355853,0.006799299968406558,0.006799299968406558,0.0007890575452106661,0.0033422915763340476,0.36306046274400705,,,,,,,,,,,,,,,,,,
polblogs,0.5,0,0.0,all,1222,Gaussian RP,4,10,12,2,1,by_dim,0.0015551999676972628,0.010948700015433133,0.012503899983130395,,0.0015434999950230122,0.6828628711501562,0.5812607710749815,0.9127838705507196,0.00013440009206533432,0.2886751345948129,0.0007377999136224389,0.00041280000004917383,0.00019210006576031446,5.389994475990534e-05,1.2499978765845299e-05,,,,,,,,,,,
polblogs,0.5,0,0.0,low_deg_1_2,242,Gaussian RP,4,10,12,2,1,by_dim,0.0015551999676972628,0.010948700015433133,0.012503899983130395,,0.0015434999950230122,0.34157502902807185,0.2846696158917065,0.7933884297520661,0.00013440009206533432,0.2886751345948129,0.0007377999136224389,0.00041280000004917383,0.00019210006576031446,5.389994475990534e-05,1.2499978765845299e-05,,,,,,,,,,,
polblogs,0.5,0,0.0,mid_deg_3_8,271,Gaussian RP,4,10,12,2,1,by_dim,0.0015551999676972628,0.010948700015433133,0.012503899983130395,,0.0015434999950230122,0.5594905730105526,0.4590390104377575,0.87445498146937,0.00013440009206533432,0.2886751345948129,0.0007377999136224389,0.00041280000004917383,0.00019210006576031446,5.389994475990534e-05,1.2499978765845299e-05,,,,,,,,,,,
polblogs,0.5,0,0.0,high_deg_9_plus,709,Gaussian RP,4,10,12,2,1,by_dim,0.0015551999676972628,0.010948700015433133,0.012503899983130395,,0.0015434999950230122,0.8795277780818429,0.8028607574611898,0.9683785011109489,0.00013440009206533432,0.2886751345948129,0.0007377999136224389,0.00041280000004917383,0.00019210006576031446,5.389994475990534e-05,1.2499978765845299e-05,,,,,,,,,,,
polblogs,0.5,0,0.0,all,1222,Degree-stratified RP,4,10,12,2,1,by_dim,0.004275499959476292,0.011293299961835146,0.015568799921311438,,0.004214299959130585,0.7296696270918395,0.6255359653084513,0.9269218803649673,,,,,,,,0.00020759995095431805,0.00216180004645139,0.0010608999291434884,0.0003755000652745366,0.00031299993861466646,7.589999586343765e-05,1.9600032828748226e-05,9.0,1.0,2.0,"[1,2):n=135,ell=1;[2,4):n=182,ell=1;[4,8):n=169,ell=1;[8,16):n=189,ell=1;[16,32):n=196,ell=1;[32,64):n=184,ell=2;[64,128):n=134,ell=2;[128,256):n=28,ell=2;[256,512):n=5,ell=1"
polblogs,0.5,0,0.0,low_deg_1_2,242,Degree-stratified RP,4,10,12,2,1,by_dim,0.004275499959476292,0.011293299961835146,0.015568799921311438,,0.004214299959130585,0.4131303676961697,0.33032276251839915,0.8219461697722568,,,,,,,,0.00020759995095431805,0.00216180004645139,0.0010608999291434884,0.0003755000652745366,0.00031299993861466646,7.589999586343765e-05,1.9600032828748226e-05,9.0,1.0,2.0,"[1,2):n=135,ell=1;[2,4):n=182,ell=1;[4,8):n=169,ell=1;[8,16):n=189,ell=1;[16,32):n=196,ell=1;[32,64):n=184,ell=2;[64,128):n=134,ell=2;[128,256):n=28,ell=2;[256,512):n=5,ell=1"
polblogs,0.5,0,0.0,mid_deg_3_8,271,Degree-stratified RP,4,10,12,2,1,by_dim,0.004275499959476292,0.011293299961835146,0.015568799921311438,,0.004214299959130585,0.6881779418412244,0.580358780733483,0.9149020410949553,,,,,,,,0.00020759995095431805,0.00216180004645139,0.0010608999291434884,0.0003755000652745366,0.00031299993861466646,7.589999586343765e-05,1.9600032828748226e-05,9.0,1.0,2.0,"[1,2):n=135,ell=1;[2,4):n=182,ell=1;[4,8):n=169,ell=1;[8,16):n=189,ell=1;[16,32):n=196,ell=1;[32,64):n=184,ell=2;[64,128):n=134,ell=2;[128,256):n=28,ell=2;[256,512):n=5,ell=1"
polblogs,0.5,0,0.0,high_deg_9_plus,709,Degree-stratified RP,4,10,12,2,1,by_dim,0.004275499959476292,0.011293299961835146,0.015568799921311438,,0.004214299959130585,0.8742365509076663,0.7947784077379585,0.9669540899557213,,,,,,,,0.00020759995095431805,0.00216180004645139,0.0010608999291434884,0.0003755000652745366,0.00031299993861466646,7.589999586343765e-05,1.9600032828748226e-05,9.0,1.0,2.0,"[1,2):n=135,ell=1;[2,4):n=182,ell=1;[4,8):n=169,ell=1;[8,16):n=189,ell=1;[16,32):n=196,ell=1;[32,64):n=184,ell=2;[64,128):n=134,ell=2;[128,256):n=28,ell=2;[256,512):n=5,ell=1"
polblogs,0.5,0,0.0,all,1222,Exact spectral,5,10,2,2,1,by_dim,0.006799299968406558,0.010115599958226085,0.016914899926632643,0.006799299968406558,0.006799299968406558,-0.00024081082708013297,0.0005978453430448398,0.33031488031643624,,,,,,,,,,,,,,,,,,
polblogs,0.5,0,0.0,low_deg_1_2,242,Exact spectral,5,10,2,2,1,by_dim,0.006799299968406558,0.010115599958226085,0.016914899926632643,0.006799299968406558,0.006799299968406558,0.0034424824275672895,0.017798216811149955,0.3726958525345622,,,,,,,,,,,,,,,,,,
polblogs,0.5,0,0.0,mid_deg_3_8,271,Exact spectral,5,10,2,2,1,by_dim,0.006799299968406558,0.010115599958226085,0.016914899926632643,0.006799299968406558,0.006799299968406558,0.0008465349010664863,0.002279836505596332,0.36076595902750697,,,,,,,,,,,,,,,,,,
polblogs,0.5,0,0.0,high_deg_9_plus,709,Exact spectral,5,10,2,2,1,by_dim,0.006799299968406558,0.010115599958226085,0.016914899926632643,0.006799299968406558,0.006799299968406558,0.0007890575452106661,0.0033422915763340476,0.36306046274400705,,,,,,,,,,,,,,,,,,
polblogs,0.5,0,0.0,all,1222,Gaussian RP,5,10,12,2,1,by_dim,0.0017707999795675278,0.026450600009411573,0.0282213999889791,,0.0017585000023245811,0.03920843485538439,0.08940196434064457,0.5139996805288877,0.00016430008690804243,0.2886751345948129,0.0008978999685496092,0.00037599995266646147,0.0002501000417396426,5.779997445642948e-05,1.2399978004395962e-05,,,,,,,,,,,
polblogs,0.5,0,0.0,low_deg_1_2,242,Gaussian RP,5,10,12,2,1,by_dim,0.0017707999795675278,0.026450600009411573,0.0282213999889791,,0.0017585000023245811,0.052262623959876894,0.11822141091849583,0.5966666666666667,0.00016430008690804243,0.2886751345948129,0.0008978999685496092,0.00037599995266646147,0.0002501000417396426,5.779997445642948e-05,1.2399978004395962e-05,,,,,,,,,,,
polblogs,0.5,0,0.0,mid_deg_3_8,271,Gaussian RP,5,10,12,2,1,by_dim,0.0017707999795675278,0.026450600009411573,0.0282213999889791,,0.0017585000023245811,0.057875575121119294,0.1263292830266652,0.5905616779239247,0.00016430008690804243,0.2886751345948129,0.0008978999685496092,0.00037599995266646147,0.0002501000417396426,5.779997445642948e-05,1.2399978004395962e-05,,,,,,,,,,,
polblogs,0.5,0,0.0,high_deg_9_plus,709,Gaussian RP,5,10,12,2,1,by_dim,0.0017707999795675278,0.026450600009411573,0.0282213999889791,,0.0017585000023245811,0.015562265479306028,0.05042134345858065,0.416966882971582,0.00016430008690804243,0.2886751345948129,0.0008978999685496092,0.00037599995266646147,0.0002501000417396426,5.779997445642948e-05,1.2399978004395962e-05,,,,,,,,,,,
polblogs,0.5,0,0.0,all,1222,Degree-stratified RP,5,10,12,2,1,by_dim,0.0033764999825507402,0.011731699923984706,0.015108199906535447,,0.0033340000081807375,0.7296685544389281,0.6309868509290602,0.9267975351934927,,,,,,,,0.0002714000875130296,0.0015242999652400613,0.0009203000226989388,0.0003565999213606119,0.0001965999836102128,5.240004975348711e-05,1.2399978004395962e-05,9.0,1.0,2.0,"[1,2):n=135,ell=1;[2,4):n=182,ell=1;[4,8):n=169,ell=1;[8,16):n=189,ell=1;[16,32):n=196,ell=1;[32,64):n=184,ell=2;[64,128):n=134,ell=2;[128,256):n=28,ell=2;[256,512):n=5,ell=1"
polblogs,0.5,0,0.0,low_deg_1_2,242,Degree-stratified RP,5,10,12,2,1,by_dim,0.0033764999825507402,0.011731699923984706,0.015108199906535447,,0.0033340000081807375,0.4131136661353423,0.3479396860174692,0.8223110154875946,,,,,,,,0.0002714000875130296,0.0015242999652400613,0.0009203000226989388,0.0003565999213606119,0.0001965999836102128,5.240004975348711e-05,1.2399978004395962e-05,9.0,1.0,2.0,"[1,2):n=135,ell=1;[2,4):n=182,ell=1;[4,8):n=169,ell=1;[8,16):n=189,ell=1;[16,32):n=196,ell=1;[32,64):n=184,ell=2;[64,128):n=134,ell=2;[128,256):n=28,ell=2;[256,512):n=5,ell=1"
polblogs,0.5,0,0.0,mid_deg_3_8,271,Degree-stratified RP,5,10,12,2,1,by_dim,0.0033764999825507402,0.011731699923984706,0.015108199906535447,,0.0033340000081807375,0.6517690671323946,0.5469334825683034,0.9039531079607415,,,,,,,,0.0002714000875130296,0.0015242999652400613,0.0009203000226989388,0.0003565999213606119,0.0001965999836102128,5.240004975348711e-05,1.2399978004395962e-05,9.0,1.0,2.0,"[1,2):n=135,ell=1;[2,4):n=182,ell=1;[4,8):n=169,ell=1;[8,16):n=189,ell=1;[16,32):n=196,ell=1;[32,64):n=184,ell=2;[64,128):n=134,ell=2;[128,256):n=28,ell=2;[256,512):n=5,ell=1"
polblogs,0.5,0,0.0,high_deg_9_plus,709,Degree-stratified RP,5,10,12,2,1,by_dim,0.0033764999825507402,0.011731699923984706,0.015108199906535447,,0.0033340000081807375,0.8901609621521632,0.8177503261619835,0.9712531828281354,,,,,,,,0.0002714000875130296,0.0015242999652400613,0.0009203000226989388,0.0003565999213606119,0.0001965999836102128,5.240004975348711e-05,1.2399978004395962e-05,9.0,1.0,2.0,"[1,2):n=135,ell=1;[2,4):n=182,ell=1;[4,8):n=169,ell=1;[8,16):n=189,ell=1;[16,32):n=196,ell=1;[32,64):n=184,ell=2;[64,128):n=134,ell=2;[128,256):n=28,ell=2;[256,512):n=5,ell=1"
polblogs,0.5,0,0.0,all,1222,Exact spectral,6,10,2,2,1,by_dim,0.006799299968406558,0.010867000091820955,0.017666300060227513,0.006799299968406558,0.006799299968406558,-0.00024081082708013297,0.0005978453430448398,0.33031488031643624,,,,,,,,,,,,,,,,,,
polblogs,0.5,0,0.0,low_deg_1_2,242,Exact spectral,6,10,2,2,1,by_dim,0.006799299968406558,0.010867000091820955,0.017666300060227513,0.006799299968406558,0.006799299968406558,0.0034424824275672895,0.017798216811149955,0.3726958525345622,,,,,,,,,,,,,,,,,,
polblogs,0.5,0,0.0,mid_deg_3_8,271,Exact spectral,6,10,2,2,1,by_dim,0.006799299968406558,0.010867000091820955,0.017666300060227513,0.006799299968406558,0.006799299968406558,0.0008465349010664863,0.002279836505596332,0.36076595902750697,,,,,,,,,,,,,,,,,,
polblogs,0.5,0,0.0,high_deg_9_plus,709,Exact spectral,6,10,2,2,1,by_dim,0.006799299968406558,0.010867000091820955,0.017666300060227513,0.006799299968406558,0.006799299968406558,0.0007890575452106661,0.0033422915763340476,0.36306046274400705,,,,,,,,,,,,,,,,,,
polblogs,0.5,0,0.0,all,1222,Gaussian RP,6,10,12,2,1,by_dim,0.0013423999771475792,0.01820299995597452,0.0195453999331221,,0.0013322999002411962,0.4879676781677354,0.39871083329147633,0.8479112554112554,0.00012049998622387648,0.2886751345948129,0.0005297999596223235,0.0003988000098615885,0.0002180000301450491,5.319993942975998e-05,1.1999974958598614e-05,,,,,,,,,,,
polblogs,0.5,0,0.0,low_deg_1_2,242,Gaussian RP,6,10,12,2,1,by_dim,0.0013423999771475792,0.01820299995597452,0.0195453999331221,,0.0013322999002411962,0.16043170381839295,0.1415886982446384,0.7019704433497538,0.00012049998622387648,0.2886751345948129,0.0005297999596223235,0.0003988000098615885,0.0002180000301450491,5.319993942975998e-05,1.1999974958598614e-05,,,,,,,,,,,
polblogs,0.5,0,0.0,mid_deg_3_8,271,Gaussian RP,6,10,12,2,1,by_dim,0.0013423999771475792,0.01820299995597452,0.0195453999331221,,0.0013322999002411962,0.23805006951574129,0.189098956555162,0.7453319713993871,0.00012049998622387648,0.2886751345948129,0.0005297999596223235,0.0003988000098615885,0.0002180000301450491,5.319993942975998e-05,1.1999974958598614e-05,,,,,,,,,,,
polblogs,0.5,0,0.0,high_deg_9_plus,709,Gaussian RP,6,10,12,2,1,by_dim,0.0013423999771475792,0.01820299995597452,0.0195453999331221,,0.0013322999002411962,0.7716970109365714,0.6756659602326147,0.9379105000437866,0.00012049998622387648,0.2886751345948129,0.0005297999596223235,0.0003988000098615885,0.0002180000301450491,5.319993942975998e-05,1.1999974958598614e-05,,,,,,,,,,,
polblogs,0.5,0,0.0,all,1222,Degree-stratified RP,6,10,12,2,1,by_dim,0.0034632000606507063,0.009885699953883886,0.013348900014534593,,0.0034191999584436417,0.8071925278368209,0.7113356277333936,0.9491325598882802,,,,,,,,0.00021520000882446766,0.0017422999953851104,0.0008765000384300947,0.0002946999156847596,0.00022000004537403584,5.7699973694980145e-05,1.279998105019331e-05,9.0,1.0,2.0,"[1,2):n=135,ell=1;[2,4):n=182,ell=1;[4,8):n=169,ell=1;[8,16):n=189,ell=1;[16,32):n=196,ell=1;[32,64):n=184,ell=2;[64,128):n=134,ell=2;[128,256):n=28,ell=2;[256,512):n=5,ell=1"
polblogs,0.5,0,0.0,low_deg_1_2,242,Degree-stratified RP,6,10,12,2,1,by_dim,0.0034632000606507063,0.009885699953883886,0.013348900014534593,,0.0034191999584436417,0.5763549307398422,0.47182836748794343,0.8795709995709995,,,,,,,,0.00021520000882446766,0.0017422999953851104,0.0008765000384300947,0.0002946999156847596,0.00022000004537403584,5.7699973694980145e-05,1.279998105019331e-05,9.0,1.0,2.0,"[1,2):n=135,ell=1;[2,4):n=182,ell=1;[4,8):n=169,ell=1;[8,16):n=189,ell=1;[16,32):n=196,ell=1;[32,64):n=184,ell=2;[64,128):n=134,ell=2;[128,256):n=28,ell=2;[256,512):n=5,ell=1"
polblogs,0.5,0,0.0,mid_deg_3_8,271,Degree-stratified RP,6,10,12,2,1,by_dim,0.0034632000606507063,0.009885699953883886,0.013348900014534593,,0.0034191999584436417,0.7900782073973769,0.6919928355539716,0.9444041741318708,,,,,,,,0.00021520000882446766,0.0017422999953851104,0.0008765000384300947,0.0002946999156847596,0.00022000004537403584,5.7699973694980145e-05,1.279998105019331e-05,9.0,1.0,2.0,"[1,2):n=135,ell=1;[2,4):n=182,ell=1;[4,8):n=169,ell=1;[8,16):n=189,ell=1;[16,32):n=196,ell=1;[32,64):n=184,ell=2;[64,128):n=134,ell=2;[128,256):n=28,ell=2;[256,512):n=5,ell=1"
polblogs,0.5,0,0.0,high_deg_9_plus,709,Degree-stratified RP,6,10,12,2,1,by_dim,0.0034632000606507063,0.009885699953883886,0.013348900014534593,,0.0034191999584436417,0.900857913443295,0.8332051655768956,0.9741278645453219,,,,,,,,0.00021520000882446766,0.0017422999953851104,0.0008765000384300947,0.0002946999156847596,0.00022000004537403584,5.7699973694980145e-05,1.279998105019331e-05,9.0,1.0,2.0,"[1,2):n=135,ell=1;[2,4):n=182,ell=1;[4,8):n=169,ell=1;[8,16):n=189,ell=1;[16,32):n=196,ell=1;[32,64):n=184,ell=2;[64,128):n=134,ell=2;[128,256):n=28,ell=2;[256,512):n=5,ell=1"
polblogs,0.5,0,0.0,all,1222,Exact spectral,7,10,2,2,1,by_dim,0.006799299968406558,0.010973099968396127,0.017772399936802685,0.006799299968406558,0.006799299968406558,-0.00024081082708013297,0.0005978453430448398,0.33031488031643624,,,,,,,,,,,,,,,,,,
polblogs,0.5,0,0.0,low_deg_1_2,242,Exact spectral,7,10,2,2,1,by_dim,0.006799299968406558,0.010973099968396127,0.017772399936802685,0.006799299968406558,0.006799299968406558,0.0034424824275672895,0.017798216811149955,0.3726958525345622,,,,,,,,,,,,,,,,,,
polblogs,0.5,0,0.0,mid_deg_3_8,271,Exact spectral,7,10,2,2,1,by_dim,0.006799299968406558,0.010973099968396127,0.017772399936802685,0.006799299968406558,0.006799299968406558,0.0008465349010664863,0.002279836505596332,0.36076595902750697,,,,,,,,,,,,,,,,,,
polblogs,0.5,0,0.0,high_deg_9_plus,709,Exact spectral,7,10,2,2,1,by_dim,0.006799299968406558,0.010973099968396127,0.017772399936802685,0.006799299968406558,0.006799299968406558,0.0007890575452106661,0.0033422915763340476,0.36306046274400705,,,,,,,,,,,,,,,,,,
polblogs,0.5,0,0.0,all,1222,Gaussian RP,7,10,12,2,1,by_dim,0.001602599979378283,0.01892000006046146,0.020522600039839745,,0.0015874000964686275,0.23565568385361432,0.18061091204117619,0.743043501553627,0.0001414999132975936,0.2886751345948129,0.0007687000324949622,0.0003741000546142459,0.000215600011870265,6.870005745440722e-05,1.880002673715353e-05,,,,,,,,,,,
polblogs,0.5,0,0.0,low_deg_1_2,242,Gaussian RP,7,10,12,2,1,by_dim,0.001602599979378283,0.01892000006046146,0.020522600039839745,,0.0015874000964686275,-0.003886323334929868,5.985106915188652e-05,0.5045334893243638,0.0001414999132975936,0.2886751345948129,0.0007687000324949622,0.0003741000546142459,0.000215600011870265,6.870005745440722e-05,1.880002673715353e-05,,,,,,,,,,,
polblogs,0.5,0,0.0,mid_deg_3_8,271,Gaussian RP,7,10,12,2,1,by_dim,0.001602599979378283,0.01892000006046146,0.020522600039839745,,0.0015874000964686275,0.13571398588283914,0.10123767139864569,0.6846291808710177,0.0001414999132975936,0.2886751345948129,0.0007687000324949622,0.0003741000546142459,0.000215600011870265,6.870005745440722e-05,1.880002673715353e-05,,,,,,,,,,,
polblogs,0.5,0,0.0,high_deg_9_plus,709,Gaussian RP,7,10,12,2,1,by_dim,0.001602599979378283,0.01892000006046146,0.020522600039839745,,0.0015874000964686275,0.4749597707814893,0.39321293069063934,0.8443810359964881,0.0001414999132975936,0.2886751345948129,0.0007687000324949622,0.0003741000546142459,0.000215600011870265,6.870005745440722e-05,1.880002673715353e-05,,,,,,,,,,,
polblogs,0.5,0,0.0,all,1222,Degree-stratified RP,7,10,12,2,1,by_dim,0.0040966999949887395,0.012605199939571321,0.01670189993456006,,0.004044299945235252,0.6349935382794892,0.5304125200472364,0.8980219235904725,,,,,,,,0.00021229998674243689,0.001816999982111156,0.0012866000179201365,0.0003312999615445733,0.00029959995299577713,8.220004383474588e-05,1.5300000086426735e-05,9.0,1.0,2.0,"[1,2):n=135,ell=1;[2,4):n=182,ell=1;[4,8):n=169,ell=1;[8,16):n=189,ell=1;[16,32):n=196,ell=1;[32,64):n=184,ell=2;[64,128):n=134,ell=2;[128,256):n=28,ell=2;[256,512):n=5,ell=1"
polblogs,0.5,0,0.0,low_deg_1_2,242,Degree-stratified RP,7,10,12,2,1,by_dim,0.0040966999949887395,0.012605199939571321,0.01670189993456006,,0.004044299945235252,0.2510654670297147,0.1971079000138421,0.7517948717948718,,,,,,,,0.00021229998674243689,0.001816999982111156,0.0012866000179201365,0.0003312999615445733,0.00029959995299577713,8.220004383474588e-05,1.5300000086426735e-05,9.0,1.0,2.0,"[1,2):n=135,ell=1;[2,4):n=182,ell=1;[4,8):n=169,ell=1;[8,16):n=189,ell=1;[16,32):n=196,ell=1;[32,64):n=184,ell=2;[64,128):n=134,ell=2;[128,256):n=28,ell=2;[256,512):n=5,ell=1"
polblogs,0.5,0,0.0,mid_deg_3_8,271,Degree-stratified RP,7,10,12,2,1,by_dim,0.0040966999949887395,0.012605199939571321,0.01670189993456006,,0.004044299945235252,0.515976068909923,0.42620452111404605,0.859776688453159,,,,,,,,0.00021229998674243689,0.001816999982111156,0.0012866000179201365,0.0003312999615445733,0.00029959995299577713,8.220004383474588e-05,1.5300000086426735e-05,9.0,1.0,2.0,"[1,2):n=135,ell=1;[2,4):n=182,ell=1;[4,8):n=169,ell=1;[8,16):n=189,ell=1;[16,32):n=196,ell=1;[32,64):n=184,ell=2;[64,128):n=134,ell=2;[128,256):n=28,ell=2;[256,512):n=5,ell=1"
polblogs,0.5,0,0.0,high_deg_9_plus,709,Degree-stratified RP,7,10,12,2,1,by_dim,0.0040966999949887395,0.012605199939571321,0.01670189993456006,,0.004044299945235252,0.8584559495007115,0.7731652361409392,0.9626582073346621,,,,,,,,0.00021229998674243689,0.001816999982111156,0.0012866000179201365,0.0003312999615445733,0.00029959995299577713,8.220004383474588e-05,1.5300000086426735e-05,9.0,1.0,2.0,"[1,2):n=135,ell=1;[2,4):n=182,ell=1;[4,8):n=169,ell=1;[8,16):n=189,ell=1;[16,32):n=196,ell=1;[32,64):n=184,ell=2;[64,128):n=134,ell=2;[128,256):n=28,ell=2;[256,512):n=5,ell=1"
polblogs,0.5,0,0.0,all,1222,Exact spectral,8,10,2,2,1,by_dim,0.006799299968406558,0.011973499902524054,0.018772799870930612,0.006799299968406558,0.006799299968406558,-0.00024081082708013297,0.0005978453430448398,0.33031488031643624,,,,,,,,,,,,,,,,,,
polblogs,0.5,0,0.0,low_deg_1_2,242,Exact spectral,8,10,2,2,1,by_dim,0.006799299968406558,0.011973499902524054,0.018772799870930612,0.006799299968406558,0.006799299968406558,0.0034424824275672895,0.017798216811149955,0.3726958525345622,,,,,,,,,,,,,,,,,,
polblogs,0.5,0,0.0,mid_deg_3_8,271,Exact spectral,8,10,2,2,1,by_dim,0.006799299968406558,0.011973499902524054,0.018772799870930612,0.006799299968406558,0.006799299968406558,0.0008465349010664863,0.002279836505596332,0.36076595902750697,,,,,,,,,,,,,,,,,,
polblogs,0.5,0,0.0,high_deg_9_plus,709,Exact spectral,8,10,2,2,1,by_dim,0.006799299968406558,0.011973499902524054,0.018772799870930612,0.006799299968406558,0.006799299968406558,0.0007890575452106661,0.0033422915763340476,0.36306046274400705,,,,,,,,,,,,,,,,,,
polblogs,0.5,0,0.0,all,1222,Gaussian RP,8,10,12,2,1,by_dim,0.0017152000218629837,0.01266040001064539,0.014375600032508373,,0.001701400033198297,0.6693902823728112,0.5716892159534523,0.9085405199843839,0.00014260003808885813,0.2886751345948129,0.0007639999967068434,0.0004170999163761735,0.00029340002220124006,6.760004907846451e-05,1.6700010746717453e-05,,,,,,,,,,,
polblogs,0.5,0,0.0,low_deg_1_2,242,Gaussian RP,8,10,12,2,1,by_dim,0.0017152000218629837,0.01266040001064539,0.014375600032508373,,0.001701400033198297,0.35133131316063676,0.3158576252169249,0.7972402236547372,0.00014260003808885813,0.2886751345948129,0.0007639999967068434,0.0004170999163761735,0.00029340002220124006,6.760004907846451e-05,1.6700010746717453e-05,,,,,,,,,,,
polblogs,0.5,0,0.0,mid_deg_3_8,271,Gaussian RP,8,10,12,2,1,by_dim,0.0017152000218629837,0.01266040001064539,0.014375600032508373,,0.001701400033198297,0.5484479565253573,0.45235102534564675,0.8708205652025877,0.00014260003808885813,0.2886751345948129,0.0007639999967068434,0.0004170999163761735,0.00029340002220124006,6.760004907846451e-05,1.6700010746717453e-05,,,,,,,,,,,
polblogs,0.5,0,0.0,high_deg_9_plus,709,Gaussian RP,8,10,12,2,1,by_dim,0.0017152000218629837,0.01266040001064539,0.014375600032508373,,0.001701400033198297,0.8532254942586999,0.7669757070660614,0.961206975165412,0.00014260003808885813,0.2886751345948129,0.0007639999967068434,0.0004170999163761735,0.00029340002220124006,6.760004907846451e-05,1.6700010746717453e-05,,,,,,,,,,,
polblogs,0.5,0,0.0,all,1222,Degree-stratified RP,8,10,12,2,1,by_dim,0.0038379000034183264,0.012532499968074262,0.01637039997149259,,0.0037658000364899635,0.6882907888718244,0.5806749751760305,0.9146446302306088,,,,,,,,0.0001724999165162444,0.0017359000630676746,0.0009832000359892845,0.00033920002169907093,0.00039659999310970306,0.00011550006456673145,2.289994154125452e-05,9.0,1.0,2.0,"[1,2):n=135,ell=1;[2,4):n=182,ell=1;[4,8):n=169,ell=1;[8,16):n=189,ell=1;[16,32):n=196,ell=1;[32,64):n=184,ell=2;[64,128):n=134,ell=2;[128,256):n=28,ell=2;[256,512):n=5,ell=1"
polblogs,0.5,0,0.0,low_deg_1_2,242,Degree-stratified RP,8,10,12,2,1,by_dim,0.0038379000034183264,0.012532499968074262,0.01637039997149259,,0.0037658000364899635,0.3319205731482601,0.2563258986093073,0.7882110682110681,,,,,,,,0.0001724999165162444,0.0017359000630676746,0.0009832000359892845,0.00033920002169907093,0.00039659999310970306,0.00011550006456673145,2.289994154125452e-05,9.0,1.0,2.0,"[1,2):n=135,ell=1;[2,4):n=182,ell=1;[4,8):n=169,ell=1;[8,16):n=189,ell=1;[16,32):n=196,ell=1;[32,64):n=184,ell=2;[64,128):n=134,ell=2;[128,256):n=28,ell=2;[256,512):n=5,ell=1"
polblogs,0.5,0,0.0,mid_deg_3_8,271,Degree-stratified RP,8,10,12,2,1,by_dim,0.0038379000034183264,0.012532499968074262,0.01637039997149259,,0.0037658000364899635,0.593275268793232,0.48707664723871663,0.8853841221332388,,,,,,,,0.0001724999165162444,0.0017359000630676746,0.0009832000359892845,0.00033920002169907093,0.00039659999310970306,0.00011550006456673145,2.289994154125452e-05,9.0,1.0,2.0,"[1,2):n=135,ell=1;[2,4):n=182,ell=1;[4,8):n=169,ell=1;[8,16):n=189,ell=1;[16,32):n=196,ell=1;[32,64):n=184,ell=2;[64,128):n=134,ell=2;[128,256):n=28,ell=2;[256,512):n=5,ell=1"
polblogs,0.5,0,0.0,high_deg_9_plus,709,Degree-stratified RP,8,10,12,2,1,by_dim,0.0038379000034183264,0.012532499968074262,0.01637039997149259,,0.0037658000364899635,0.8795305338863472,0.8012237689758468,0.9684030985139449,,,,,,,,0.0001724999165162444,0.0017359000630676746,0.0009832000359892845,0.00033920002169907093,0.00039659999310970306,0.00011550006456673145,2.289994154125452e-05,9.0,1.0,2.0,"[1,2):n=135,ell=1;[2,4):n=182,ell=1;[4,8):n=169,ell=1;[8,16):n=189,ell=1;[16,32):n=196,ell=1;[32,64):n=184,ell=2;[64,128):n=134,ell=2;[128,256):n=28,ell=2;[256,512):n=5,ell=1"
polblogs,0.5,0,0.0,all,1222,Exact spectral,9,10,2,2,1,by_dim,0.006799299968406558,0.01090620004106313,0.017705500009469688,0.006799299968406558,0.006799299968406558,-0.00024081082708013297,0.0005978453430448398,0.33031488031643624,,,,,,,,,,,,,,,,,,
polblogs,0.5,0,0.0,low_deg_1_2,242,Exact spectral,9,10,2,2,1,by_dim,0.006799299968406558,0.01090620004106313,0.017705500009469688,0.006799299968406558,0.006799299968406558,0.0034424824275672895,0.017798216811149955,0.3726958525345622,,,,,,,,,,,,,,,,,,
polblogs,0.5,0,0.0,mid_deg_3_8,271,Exact spectral,9,10,2,2,1,by_dim,0.006799299968406558,0.01090620004106313,0.017705500009469688,0.006799299968406558,0.006799299968406558,0.0008465349010664863,0.002279836505596332,0.36076595902750697,,,,,,,,,,,,,,,,,,
polblogs,0.5,0,0.0,high_deg_9_plus,709,Exact spectral,9,10,2,2,1,by_dim,0.006799299968406558,0.01090620004106313,0.017705500009469688,0.006799299968406558,0.006799299968406558,0.0007890575452106661,0.0033422915763340476,0.36306046274400705,,,,,,,,,,,,,,,,,,
polblogs,0.5,0,0.0,all,1222,Gaussian RP,9,10,12,2,1,by_dim,0.001692199963144958,0.022626399993896484,0.024318599957041442,,0.0016784999752417207,0.002239402892737185,0.002462404030825232,0.41524276377217556,0.00013239996042102575,0.2886751345948129,0.0007592999609187245,0.0004026000387966633,0.00029879994690418243,6.940006278455257e-05,1.6000005416572094e-05,,,,,,,,,,,
polblogs,0.5,0,0.0,low_deg_1_2,242,Gaussian RP,9,10,12,2,1,by_dim,0.001692199963144958,0.022626399993896484,0.024318599957041442,,0.0016784999752417207,0.0018354660229433252,0.0016583514118141784,0.503245492371706,0.00013239996042102575,0.2886751345948129,0.0007592999609187245,0.0004026000387966633,0.00029879994690418243,6.940006278455257e-05,1.6000005416572094e-05,,,,,,,,,,,
polblogs,0.5,0,0.0,mid_deg_3_8,271,Gaussian RP,9,10,12,2,1,by_dim,0.001692199963144958,0.022626399993896484,0.024318599957041442,,0.0016784999752417207,-0.0029203413306317675,0.015113707627654106,0.42057712402539993,0.00013239996042102575,0.2886751345948129,0.0007592999609187245,0.0004026000387966633,0.00029879994690418243,6.940006278455257e-05,1.6000005416572094e-05,,,,,,,,,,,
polblogs,0.5,0,0.0,high_deg_9_plus,709,Gaussian RP,9,10,12,2,1,by_dim,0.001692199963144958,0.022626399993896484,0.024318599957041442,,0.0016784999752417207,0.0012528162247257225,0.0009539888041213094,0.3716695254431103,0.00013239996042102575,0.2886751345948129,0.0007592999609187245,0.0004026000387966633,0.00029879994690418243,6.940006278455257e-05,1.6000005416572094e-05,,,,,,,,,,,
polblogs,0.5,0,0.0,all,1222,Degree-stratified RP,9,10,12,2,1,by_dim,0.004384699976071715,0.012880199938081205,0.01726489991415292,,0.004327000002376735,0.7983852837320872,0.705883559816432,0.9465964749504994,,,,,,,,0.0002712000859901309,0.002207899931818247,0.0011128999758511782,0.00035660003777593374,0.00029090000316500664,6.919994484633207e-05,1.8300022929906845e-05,9.0,1.0,2.0,"[1,2):n=135,ell=1;[2,4):n=182,ell=1;[4,8):n=169,ell=1;[8,16):n=189,ell=1;[16,32):n=196,ell=1;[32,64):n=184,ell=2;[64,128):n=134,ell=2;[128,256):n=28,ell=2;[256,512):n=5,ell=1"
polblogs,0.5,0,0.0,low_deg_1_2,242,Degree-stratified RP,9,10,12,2,1,by_dim,0.004384699976071715,0.012880199938081205,0.01726489991415292,,0.004327000002376735,0.5513928077986423,0.4658759219841339,0.8717935572075537,,,,,,,,0.0002712000859901309,0.002207899931818247,0.0011128999758511782,0.00035660003777593374,0.00029090000316500664,6.919994484633207e-05,1.8300022929906845e-05,9.0,1.0,2.0,"[1,2):n=135,ell=1;[2,4):n=182,ell=1;[4,8):n=169,ell=1;[8,16):n=189,ell=1;[16,32):n=196,ell=1;[32,64):n=184,ell=2;[64,128):n=134,ell=2;[128,256):n=28,ell=2;[256,512):n=5,ell=1"
polblogs,0.5,0,0.0,mid_deg_3_8,271,Degree-stratified RP,9,10,12,2,1,by_dim,0.004384699976071715,0.012880199938081205,0.01726489991415292,,0.004327000002376735,0.8300942337912074,0.7379382624881324,0.955583479020979,,,,,,,,0.0002712000859901309,0.002207899931818247,0.0011128999758511782,0.00035660003777593374,0.00029090000316500664,6.919994484633207e-05,1.8300022929906845e-05,9.0,1.0,2.0,"[1,2):n=135,ell=1;[2,4):n=182,ell=1;[4,8):n=169,ell=1;[8,16):n=189,ell=1;[16,32):n=196,ell=1;[32,64):n=184,ell=2;[64,128):n=134,ell=2;[128,256):n=28,ell=2;[256,512):n=5,ell=1"
polblogs,0.5,0,0.0,high_deg_9_plus,709,Degree-stratified RP,9,10,12,2,1,by_dim,0.004384699976071715,0.012880199938081205,0.01726489991415292,,0.004327000002376735,0.8795249171609295,0.8049583158521062,0.9683533517286155,,,,,,,,0.0002712000859901309,0.002207899931818247,0.0011128999758511782,0.00035660003777593374,0.00029090000316500664,6.919994484633207e-05,1.8300022929906845e-05,9.0,1.0,2.0,"[1,2):n=135,ell=1;[2,4):n=182,ell=1;[4,8):n=169,ell=1;[8,16):n=189,ell=1;[16,32):n=196,ell=1;[32,64):n=184,ell=2;[64,128):n=134,ell=2;[128,256):n=28,ell=2;[256,512):n=5,ell=1"
polblogs,0.5,0,0.0,all,1222,Exact spectral,10,10,2,2,1,by_dim,0.006799299968406558,0.010726100066676736,0.017525400035083294,0.006799299968406558,0.006799299968406558,-0.00024081082708013297,0.0005978453430448398,0.33031488031643624,,,,,,,,,,,,,,,,,,
polblogs,0.5,0,0.0,low_deg_1_2,242,Exact spectral,10,10,2,2,1,by_dim,0.006799299968406558,0.010726100066676736,0.017525400035083294,0.006799299968406558,0.006799299968406558,0.0034424824275672895,0.017798216811149955,0.3726958525345622,,,,,,,,,,,,,,,,,,
polblogs,0.5,0,0.0,mid_deg_3_8,271,Exact spectral,10,10,2,2,1,by_dim,0.006799299968406558,0.010726100066676736,0.017525400035083294,0.006799299968406558,0.006799299968406558,0.0008465349010664863,0.002279836505596332,0.36076595902750697,,,,,,,,,,,,,,,,,,
polblogs,0.5,0,0.0,high_deg_9_plus,709,Exact spectral,10,10,2,2,1,by_dim,0.006799299968406558,0.010726100066676736,0.017525400035083294,0.006799299968406558,0.006799299968406558,0.0007890575452106661,0.0033422915763340476,0.36306046274400705,,,,,,,,,,,,,,,,,,
polblogs,0.5,0,0.0,all,1222,Gaussian RP,10,10,12,2,1,by_dim,0.0016409000381827354,0.012373299920000136,0.014014199958182871,,0.0016270000487565994,0.6855738603251564,0.5816793151947218,0.9136770508512206,0.00012910005170851946,0.2886751345948129,0.0006927000358700752,0.0003966999938711524,0.0002894999925047159,0.00010249996557831764,1.650000922381878e-05,,,,,,,,,,,
polblogs,0.5,0,0.0,low_deg_1_2,242,Gaussian RP,10,10,12,2,1,by_dim,0.0016409000381827354,0.012373299920000136,0.014014199958182871,,0.0016270000487565994,0.37143155544412704,0.294298950831118,0.805383022774327,0.00012910005170851946,0.2886751345948129,0.0006927000358700752,0.0003966999938711524,0.0002894999925047159,0.00010249996557831764,1.650000922381878e-05,,,,,,,,,,,
polblogs,0.5,0,0.0,mid_deg_3_8,271,Gaussian RP,10,10,12,2,1,by_dim,0.0016409000381827354,0.012373299920000136,0.014014199958182871,,0.0016270000487565994,0.5375143022672221,0.4384134665701916,0.8670699803793329,0.00012910005170851946,0.2886751345948129,0.0006927000358700752,0.0003966999938711524,0.0002894999925047159,0.00010249996557831764,1.650000922381878e-05,,,,,,,,,,,
polblogs,0.5,0,0.0,high_deg_9_plus,709,Gaussian RP,10,10,12,2,1,by_dim,0.0016409000381827354,0.012373299920000136,0.014014199958182871,,0.0016270000487565994,0.8795219511086383,0.807579876315221,0.9683276478232619,0.00012910005170851946,0.2886751345948129,0.0006927000358700752,0.0003966999938711524,0.0002894999925047159,0.00010249996557831764,1.650000922381878e-05,,,,,,,,,,,
polblogs,0.5,0,0.0,all,1222,Degree-stratified RP,10,10,12,2,1,by_dim,0.003938399953767657,0.01942530006635934,0.023363700020127,,0.0036967999767512083,0.6937361348544411,0.594627486982553,0.916033434650456,,,,,,,,0.00015600002370774746,0.0018226999090984464,0.0009796000085771084,0.0003386000171303749,0.00029500003438442945,8.269993122667074e-05,2.220005262643099e-05,9.0,1.0,2.0,"[1,2):n=135,ell=1;[2,4):n=182,ell=1;[4,8):n=169,ell=1;[8,16):n=189,ell=1;[16,32):n=196,ell=1;[32,64):n=184,ell=2;[64,128):n=134,ell=2;[128,256):n=28,ell=2;[256,512):n=5,ell=1"
polblogs,0.5,0,0.0,low_deg_1_2,242,Degree-stratified RP,10,10,12,2,1,by_dim,0.003938399953767657,0.01942530006635934,0.023363700020127,,0.0036967999767512083,0.3318901520164268,0.2819502082871394,0.7892238066774827,,,,,,,,0.00015600002370774746,0.0018226999090984464,0.0009796000085771084,0.0003386000171303749,0.00029500003438442945,8.269993122667074e-05,2.220005262643099e-05,9.0,1.0,2.0,"[1,2):n=135,ell=1;[2,4):n=182,ell=1;[4,8):n=169,ell=1;[8,16):n=189,ell=1;[16,32):n=196,ell=1;[32,64):n=184,ell=2;[64,128):n=134,ell=2;[128,256):n=28,ell=2;[256,512):n=5,ell=1"
polblogs,0.5,0,0.0,mid_deg_3_8,271,Degree-stratified RP,10,10,12,2,1,by_dim,0.003938399953767657,0.01942530006635934,0.023363700020127,,0.0036967999767512083,0.6163446331452348,0.5154138848812277,0.8929364484708127,,,,,,,,0.00015600002370774746,0.0018226999090984464,0.0009796000085771084,0.0003386000171303749,0.00029500003438442945,8.269993122667074e-05,2.220005262643099e-05,9.0,1.0,2.0,"[1,2):n=135,ell=1;[2,4):n=182,ell=1;[4,8):n=169,ell=1;[8,16):n=189,ell=1;[16,32):n=196,ell=1;[32,64):n=184,ell=2;[64,128):n=134,ell=2;[128,256):n=28,ell=2;[256,512):n=5,ell=1"
polblogs,0.5,0,0.0,high_deg_9_plus,709,Degree-stratified RP,10,10,12,2,1,by_dim,0.003938399953767657,0.01942530006635934,0.023363700020127,,0.0036967999767512083,0.8795277780818429,0.8028607574611898,0.9683785011109489,,,,,,,,0.00015600002370774746,0.0018226999090984464,0.0009796000085771084,0.0003386000171303749,0.00029500003438442945,8.269993122667074e-05,2.220005262643099e-05,9.0,1.0,2.0,"[1,2):n=135,ell=1;[2,4):n=182,ell=1;[4,8):n=169,ell=1;[8,16):n=189,ell=1;[16,32):n=196,ell=1;[32,64):n=184,ell=2;[64,128):n=134,ell=2;[128,256):n=28,ell=2;[256,512):n=5,ell=1"
polblogs,0.5,0,0.0,all,1222,Exact spectral,1,20,2,2,1,by_dim,0.006799299968406558,0.01135049993172288,0.018149799900129437,0.006799299968406558,0.006799299968406558,-0.00024081082708013297,0.0005978453430448398,0.33031488031643624,,,,,,,,,,,,,,,,,,
polblogs,0.5,0,0.0,low_deg_1_2,242,Exact spectral,1,20,2,2,1,by_dim,0.006799299968406558,0.01135049993172288,0.018149799900129437,0.006799299968406558,0.006799299968406558,0.0034424824275672895,0.017798216811149955,0.3726958525345622,,,,,,,,,,,,,,,,,,
polblogs,0.5,0,0.0,mid_deg_3_8,271,Exact spectral,1,20,2,2,1,by_dim,0.006799299968406558,0.01135049993172288,0.018149799900129437,0.006799299968406558,0.006799299968406558,0.0008465349010664863,0.002279836505596332,0.36076595902750697,,,,,,,,,,,,,,,,,,
polblogs,0.5,0,0.0,high_deg_9_plus,709,Exact spectral,1,20,2,2,1,by_dim,0.006799299968406558,0.01135049993172288,0.018149799900129437,0.006799299968406558,0.006799299968406558,0.0007890575452106661,0.0033422915763340476,0.36306046274400705,,,,,,,,,,,,,,,,,,
polblogs,0.5,0,0.0,all,1222,Gaussian RP,1,20,22,2,1,by_dim,0.003676299937069416,0.011936300084926188,0.015612600021995604,,0.0036600999301299453,0.6774580258294357,0.5763057194305474,0.9111164989695721,0.00021410000044852495,0.21320071635561041,0.0016744999447837472,0.001096599968150258,0.0005344999954104424,0.0001194999786093831,2.0900042727589607e-05,,,,,,,,,,,
polblogs,0.5,0,0.0,low_deg_1_2,242,Gaussian RP,1,20,22,2,1,by_dim,0.003676299937069416,0.011936300084926188,0.015612600021995604,,0.0036600999301299453,0.3415660346429157,0.2886558725480022,0.7933743169398907,0.00021410000044852495,0.21320071635561041,0.0016744999447837472,0.001096599968150258,0.0005344999954104424,0.0001194999786093831,2.0900042727589607e-05,,,,,,,,,,,
polblogs,0.5,0,0.0,mid_deg_3_8,271,Gaussian RP,1,20,22,2,1,by_dim,0.003676299937069416,0.011936300084926188,0.015612600021995604,,0.0036600999301299453,0.5932749892279116,0.49025676685826775,0.8855090832277144,0.00021410000044852495,0.21320071635561041,0.0016744999447837472,0.001096599968150258,0.0005344999954104424,0.0001194999786093831,2.0900042727589607e-05,,,,,,,,,,,
polblogs,0.5,0,0.0,high_deg_9_plus,709,Gaussian RP,1,20,22,2,1,by_dim,0.003676299937069416,0.011936300084926188,0.015612600021995604,,0.0036600999301299453,0.853222072718598,0.7683987012133628,0.9611764491144386,0.00021410000044852495,0.21320071635561041,0.0016744999447837472,0.001096599968150258,0.0005344999954104424,0.0001194999786093831,2.0900042727589607e-05,,,,,,,,,,,
polblogs,0.5,0,0.0,all,1222,Degree-stratified RP,1,20,22,2,1,by_dim,0.005695900064893067,0.01257109991274774,0.018266999977640808,,0.005632100044749677,0.7722546904982291,0.6763607310886195,0.9391828817849946,,,,,,,,0.0005298000760376453,0.00201189995277673,0.001711999997496605,0.0007443999638780951,0.0005213000113144517,9.430001955479383e-05,1.8400023691356182e-05,9.0,1.0,4.0,"[1,2):n=135,ell=1;[2,4):n=182,ell=2;[4,8):n=169,ell=2;[8,16):n=189,ell=2;[16,32):n=196,ell=3;[32,64):n=184,ell=3;[64,128):n=134,ell=4;[128,256):n=28,ell=3;[256,512):n=5,ell=2"
polblogs,0.5,0,0.0,low_deg_1_2,242,Degree-stratified RP,1,20,22,2,1,by_dim,0.005695900064893067,0.01257109991274774,0.018266999977640808,,0.005632100044749677,0.45700840186905517,0.3897257965395168,0.8388402233492136,,,,,,,,0.0005298000760376453,0.00201189995277673,0.001711999997496605,0.0007443999638780951,0.0005213000113144517,9.430001955479383e-05,1.8400023691356182e-05,9.0,1.0,4.0,"[1,2):n=135,ell=1;[2,4):n=182,ell=2;[4,8):n=169,ell=2;[8,16):n=189,ell=2;[16,32):n=196,ell=3;[32,64):n=184,ell=3;[64,128):n=134,ell=4;[128,256):n=28,ell=3;[256,512):n=5,ell=2"
polblogs,0.5,0,0.0,mid_deg_3_8,271,Degree-stratified RP,1,20,22,2,1,by_dim,0.005695900064893067,0.01257109991274774,0.018266999977640808,,0.005632100044749677,0.7769576814247511,0.6757974546109904,0.9407779720279721,,,,,,,,0.0005298000760376453,0.00201189995277673,0.001711999997496605,0.0007443999638780951,0.0005213000113144517,9.430001955479383e-05,1.8400023691356182e-05,9.0,1.0,4.0,"[1,2):n=135,ell=1;[2,4):n=182,ell=2;[4,8):n=169,ell=2;[8,16):n=189,ell=2;[16,32):n=196,ell=3;[32,64):n=184,ell=3;[64,128):n=134,ell=4;[128,256):n=28,ell=3;[256,512):n=5,ell=2"
polblogs,0.5,0,0.0,high_deg_9_plus,709,Degree-stratified RP,1,20,22,2,1,by_dim,0.005695900064893067,0.01257109991274774,0.018266999977640808,,0.005632100044749677,0.8955026734947081,0.824342249090844,0.9727012047460306,,,,,,,,0.0005298000760376453,0.00201189995277673,0.001711999997496605,0.0007443999638780951,0.0005213000113144517,9.430001955479383e-05,1.8400023691356182e-05,9.0,1.0,4.0,"[1,2):n=135,ell=1;[2,4):n=182,ell=2;[4,8):n=169,ell=2;[8,16):n=189,ell=2;[16,32):n=196,ell=3;[32,64):n=184,ell=3;[64,128):n=134,ell=4;[128,256):n=28,ell=3;[256,512):n=5,ell=2"
polblogs,0.5,0,0.0,all,1222,Exact spectral,2,20,2,2,1,by_dim,0.006799299968406558,0.017306299996562302,0.02410559996496886,0.006799299968406558,0.006799299968406558,-0.00024081082708013297,0.0005978453430448398,0.33031488031643624,,,,,,,,,,,,,,,,,,
polblogs,0.5,0,0.0,low_deg_1_2,242,Exact spectral,2,20,2,2,1,by_dim,0.006799299968406558,0.017306299996562302,0.02410559996496886,0.006799299968406558,0.006799299968406558,0.0034424824275672895,0.017798216811149955,0.3726958525345622,,,,,,,,,,,,,,,,,,
polblogs,0.5,0,0.0,mid_deg_3_8,271,Exact spectral,2,20,2,2,1,by_dim,0.006799299968406558,0.017306299996562302,0.02410559996496886,0.006799299968406558,0.006799299968406558,0.0008465349010664863,0.002279836505596332,0.36076595902750697,,,,,,,,,,,,,,,,,,
polblogs,0.5,0,0.0,high_deg_9_plus,709,Exact spectral,2,20,2,2,1,by_dim,0.006799299968406558,0.017306299996562302,0.02410559996496886,0.006799299968406558,0.006799299968406558,0.0007890575452106661,0.0033422915763340476,0.36306046274400705,,,,,,,,,,,,,,,,,,
polblogs,0.5,0,0.0,all,1222,Gaussian RP,2,20,22,2,1,by_dim,0.0031371000222861767,0.06352109997533262,0.0666581999976188,,0.00311999989207834,0.4743317767872016,0.3803935228127086,0.8434689513269206,0.00024349999148398638,0.21320071635561041,0.0012417999096214771,0.0008690000977367163,0.000600299914367497,0.0001284000463783741,3.699993249028921e-05,,,,,,,,,,,
polblogs,0.5,0,0.0,low_deg_1_2,242,Gaussian RP,2,20,22,2,1,by_dim,0.0031371000222861767,0.06352109997533262,0.0666581999976188,,0.00311999989207834,0.2109019812081912,0.1758512977972369,0.7313636751771839,0.00024349999148398638,0.21320071635561041,0.0012417999096214771,0.0008690000977367163,0.000600299914367497,0.0001284000463783741,3.699993249028921e-05,,,,,,,,,,,
polblogs,0.5,0,0.0,mid_deg_3_8,271,Gaussian RP,2,20,22,2,1,by_dim,0.0031371000222861767,0.06352109997533262,0.0666581999976188,,0.00311999989207834,0.19639015492091066,0.15025549662956572,0.7231115046658947,0.00024349999148398638,0.21320071635561041,0.0012417999096214771,0.0008690000977367163,0.000600299914367497,0.0001284000463783741,3.699993249028921e-05,,,,,,,,,,,
polblogs,0.5,0,0.0,high_deg_9_plus,709,Gaussian RP,2,20,22,2,1,by_dim,0.0031371000222861767,0.06352109997533262,0.0666581999976188,,0.00311999989207834,0.7373393603954184,0.632473925585873,0.9279576972475573,0.00024349999148398638,0.21320071635561041,0.0012417999096214771,0.0008690000977367163,0.000600299914367497,0.0001284000463783741,3.699993249028921e-05,,,,,,,,,,,
polblogs,0.5,0,0.0,all,1222,Degree-stratified RP,2,20,22,2,1,by_dim,0.015348499990068376,0.03086029994301498,0.046208799933083355,,0.015250699943862855,0.7896272143148398,0.6927679376940288,0.9441703216374269,,,,,,,,0.00026999996043741703,0.002559299929998815,0.004783400101587176,0.006877299980260432,0.0005800999933853745,0.00015209999401122332,2.8499984182417393e-05,9.0,1.0,4.0,"[1,2):n=135,ell=1;[2,4):n=182,ell=2;[4,8):n=169,ell=2;[8,16):n=189,ell=2;[16,32):n=196,ell=3;[32,64):n=184,ell=3;[64,128):n=134,ell=4;[128,256):n=28,ell=3;[256,512):n=5,ell=2"
polblogs,0.5,0,0.0,low_deg_1_2,242,Degree-stratified RP,2,20,22,2,1,by_dim,0.015348499990068376,0.03086029994301498,0.046208799933083355,,0.015250699943862855,0.5391182597411467,0.4469668479168133,0.8675424192665572,,,,,,,,0.00026999996043741703,0.002559299929998815,0.004783400101587176,0.006877299980260432,0.0005800999933853745,0.00015209999401122332,2.8499984182417393e-05,9.0,1.0,4.0,"[1,2):n=135,ell=1;[2,4):n=182,ell=2;[4,8):n=169,ell=2;[8,16):n=189,ell=2;[16,32):n=196,ell=3;[32,64):n=184,ell=3;[64,128):n=134,ell=4;[128,256):n=28,ell=3;[256,512):n=5,ell=2"
polblogs,0.5,0,0.0,mid_deg_3_8,271,Degree-stratified RP,2,20,22,2,1,by_dim,0.015348499990068376,0.03086029994301498,0.046208799933083355,,0.015250699943862855,0.7510454120608618,0.646954854996522,0.9333752185314685,,,,,,,,0.00026999996043741703,0.002559299929998815,0.004783400101587176,0.006877299980260432,0.0005800999933853745,0.00015209999401122332,2.8499984182417393e-05,9.0,1.0,4.0,"[1,2):n=135,ell=1;[2,4):n=182,ell=2;[4,8):n=169,ell=2;[8,16):n=189,ell=2;[16,32):n=196,ell=3;[32,64):n=184,ell=3;[64,128):n=134,ell=4;[128,256):n=28,ell=3;[256,512):n=5,ell=2"
polblogs,0.5,0,0.0,high_deg_9_plus,709,Degree-stratified RP,2,20,22,2,1,by_dim,0.015348499990068376,0.03086029994301498,0.046208799933083355,,0.015250699943862855,0.9008601813205231,0.8310774649705021,0.9741479896932277,,,,,,,,0.00026999996043741703,0.002559299929998815,0.004783400101587176,0.006877299980260432,0.0005800999933853745,0.00015209999401122332,2.8499984182417393e-05,9.0,1.0,4.0,"[1,2):n=135,ell=1;[2,4):n=182,ell=2;[4,8):n=169,ell=2;[8,16):n=189,ell=2;[16,32):n=196,ell=3;[32,64):n=184,ell=3;[64,128):n=134,ell=4;[128,256):n=28,ell=3;[256,512):n=5,ell=2"
polblogs,0.5,0,0.0,all,1222,Exact spectral,3,20,2,2,1,by_dim,0.006799299968406558,0.011151500046253204,0.017950800014659762,0.006799299968406558,0.006799299968406558,-0.00024081082708013297,0.0005978453430448398,0.33031488031643624,,,,,,,,,,,,,,,,,,
polblogs,0.5,0,0.0,low_deg_1_2,242,Exact spectral,3,20,2,2,1,by_dim,0.006799299968406558,0.011151500046253204,0.017950800014659762,0.006799299968406558,0.006799299968406558,0.0034424824275672895,0.017798216811149955,0.3726958525345622,,,,,,,,,,,,,,,,,,
polblogs,0.5,0,0.0,mid_deg_3_8,271,Exact spectral,3,20,2,2,1,by_dim,0.006799299968406558,0.011151500046253204,0.017950800014659762,0.006799299968406558,0.006799299968406558,0.0008465349010664863,0.002279836505596332,0.36076595902750697,,,,,,,,,,,,,,,,,,
polblogs,0.5,0,0.0,high_deg_9_plus,709,Exact spectral,3,20,2,2,1,by_dim,0.006799299968406558,0.011151500046253204,0.017950800014659762,0.006799299968406558,0.006799299968406558,0.0007890575452106661,0.0033422915763340476,0.36306046274400705,,,,,,,,,,,,,,,,,,
polblogs,0.5,0,0.0,all,1222,Gaussian RP,3,20,22,2,1,by_dim,0.0031923999777063727,0.03312250005546957,0.036314900033175945,,0.0031739999540150166,0.014632431525165896,0.018126013566047188,0.48790042848398285,0.00029310001991689205,0.21320071635561041,0.0012709998991340399,0.0009345000144094229,0.0005342999938875437,0.00011869997251778841,2.2400054149329662e-05,,,,,,,,,,,
polblogs,0.5,0,0.0,low_deg_1_2,242,Gaussian RP,3,20,22,2,1,by_dim,0.0031923999777063727,0.03312250005546957,0.036314900033175945,,0.0031739999540150166,-0.0028081826753576845,0.00015234922341560167,0.5010309278350515,0.00029310001991689205,0.21320071635561041,0.0012709998991340399,0.0009345000144094229,0.0005342999938875437,0.00011869997251778841,2.2400054149329662e-05,,,,,,,,,,,
polblogs,0.5,0,0.0,mid_deg_3_8,271,Gaussian RP,3,20,22,2,1,by_dim,0.0031923999777063727,0.03312250005546957,0.036314900033175945,,0.0031739999540150166,0.015217764657211835,0.037726751030412314,0.5354762148937106,0.00029310001991689205,0.21320071635561041,0.0012709998991340399,0.0009345000144094229,0.0005342999938875437,0.00011869997251778841,2.2400054149329662e-05,,,,,,,,,,,
polblogs,0.5,0,0.0,high_deg_9_plus,709,Gaussian RP,3,20,22,2,1,by_dim,0.0031923999777063727,0.03312250005546957,0.036314900033175945,,0.0031739999540150166,0.01935353590032238,0.036471025804142784,0.435949379546778,0.00029310001991689205,0.21320071635561041,0.0012709998991340399,0.0009345000144094229,0.0005342999938875437,0.00011869997251778841,2.2400054149329662e-05,,,,,,,,,,,
polblogs,0.5,0,0.0,all,1222,Degree-stratified RP,3,20,22,2,1,by_dim,0.005952699924819171,0.011636900017037988,0.01758959994185716,,0.005879700067453086,0.7550754159673541,0.658355439928067,0.9342227437512952,,,,,,,,0.0002628000220283866,0.0022839000448584557,0.0018252999288961291,0.0008774000452831388,0.0005055000074207783,0.00010599999222904444,1.880002673715353e-05,9.0,1.0,4.0,"[1,2):n=135,ell=1;[2,4):n=182,ell=2;[4,8):n=169,ell=2;[8,16):n=189,ell=2;[16,32):n=196,ell=3;[32,64):n=184,ell=3;[64,128):n=134,ell=4;[128,256):n=28,ell=3;[256,512):n=5,ell=2"
polblogs,0.5,0,0.0,low_deg_1_2,242,Degree-stratified RP,3,20,22,2,1,by_dim,0.005952699924819171,0.011636900017037988,0.01758959994185716,,0.005879700067453086,0.44583195783578267,0.37634918237479165,0.8346994535519126,,,,,,,,0.0002628000220283866,0.0022839000448584557,0.0018252999288961291,0.0008774000452831388,0.0005055000074207783,0.00010599999222904444,1.880002673715353e-05,9.0,1.0,4.0,"[1,2):n=135,ell=1;[2,4):n=182,ell=2;[4,8):n=169,ell=2;[8,16):n=189,ell=2;[16,32):n=196,ell=3;[32,64):n=184,ell=3;[64,128):n=134,ell=4;[128,256):n=28,ell=3;[256,512):n=5,ell=2"
polblogs,0.5,0,0.0,mid_deg_3_8,271,Degree-stratified RP,3,20,22,2,1,by_dim,0.005952699924819171,0.011636900017037988,0.01758959994185716,,0.005879700067453086,0.7639465874528462,0.662725267324871,0.9371461314924212,,,,,,,,0.0002628000220283866,0.0022839000448584557,0.0018252999288961291,0.0008774000452831388,0.0005055000074207783,0.00010599999222904444,1.880002673715353e-05,9.0,1.0,4.0,"[1,2):n=135,ell=1;[2,4):n=182,ell=2;[4,8):n=169,ell=2;[8,16):n=189,ell=2;[16,32):n=196,ell=3;[32,64):n=184,ell=3;[64,128):n=134,ell=4;[128,256):n=28,ell=3;[256,512):n=5,ell=2"
polblogs,0.5,0,0.0,high_deg_9_plus,709,Degree-stratified RP,3,20,22,2,1,by_dim,0.005952699924819171,0.011636900017037988,0.01758959994185716,,0.005879700067453086,0.8742336191677006,0.7965336554385779,0.9669280862826698,,,,,,,,0.0002628000220283866,0.0022839000448584557,0.0018252999288961291,0.0008774000452831388,0.0005055000074207783,0.00010599999222904444,1.880002673715353e-05,9.0,1.0,4.0,"[1,2):n=135,ell=1;[2,4):n=182,ell=2;[4,8):n=169,ell=2;[8,16):n=189,ell=2;[16,32):n=196,ell=3;[32,64):n=184,ell=3;[64,128):n=134,ell=4;[128,256):n=28,ell=3;[256,512):n=5,ell=2"
polblogs,0.5,0,0.0,all,1222,Exact spectral,4,20,2,2,1,by_dim,0.006799299968406558,0.018459699931554496,0.025258999899961054,0.006799299968406558,0.006799299968406558,-0.00024081082708013297,0.0005978453430448398,0.33031488031643624,,,,,,,,,,,,,,,,,,
polblogs,0.5,0,0.0,low_deg_1_2,242,Exact spectral,4,20,2,2,1,by_dim,0.006799299968406558,0.018459699931554496,0.025258999899961054,0.006799299968406558,0.006799299968406558,0.0034424824275672895,0.017798216811149955,0.3726958525345622,,,,,,,,,,,,,,,,,,
polblogs,0.5,0,0.0,mid_deg_3_8,271,Exact spectral,4,20,2,2,1,by_dim,0.006799299968406558,0.018459699931554496,0.025258999899961054,0.006799299968406558,0.006799299968406558,0.0008465349010664863,0.002279836505596332,0.36076595902750697,,,,,,,,,,,,,,,,,,
polblogs,0.5,0,0.0,high_deg_9_plus,709,Exact spectral,4,20,2,2,1,by_dim,0.006799299968406558,0.018459699931554496,0.025258999899961054,0.006799299968406558,0.006799299968406558,0.0007890575452106661,0.0033422915763340476,0.36306046274400705,,,,,,,,,,,,,,,,,,
polblogs,0.5,0,0.0,all,1222,Gaussian RP,4,20,22,2,1,by_dim,0.005143499933183193,0.02142990007996559,0.026573400013148785,,0.00512309989426285,0.7019473843815961,0.605079418275275,0.9184715693707355,0.0005590999498963356,0.21320071635561041,0.0018285999540239573,0.0018035999964922667,0.0007649000035598874,0.00013890000991523266,2.7999980375170708e-05,,,,,,,,,,,
polblogs,0.5,0,0.0,low_deg_1_2,242,Gaussian RP,4,20,22,2,1,by_dim,0.005143499933183193,0.02142990007996559,0.026573400013148785,,0.00512309989426285,0.4024793388429752,0.34036697445274117,0.8181818181818182,0.0005590999498963356,0.21320071635561041,0.0018285999540239573,0.0018035999964922667,0.0007649000035598874,0.00013890000991523266,2.7999980375170708e-05,,,,,,,,,,,
polblogs,0.5,0,0.0,mid_deg_3_8,271,Gaussian RP,4,20,22,2,1,by_dim,0.005143499933183193,0.02142990007996559,0.026573400013148785,,0.00512309989426285,0.5819044698562685,0.486280390746717,0.881904346878745,0.0005590999498963356,0.21320071635561041,0.0018285999540239573,0.0018035999964922667,0.0007649000035598874,0.00013890000991523266,2.7999980375170708e-05,,,,,,,,,,,
polblogs,0.5,0,0.0,high_deg_9_plus,709,Gaussian RP,4,20,22,2,1,by_dim,0.005143499933183193,0.02142990007996559,0.026573400013148785,,0.00512309989426285,0.8742305776855287,0.7987420564828822,0.9669015042187541,0.0005590999498963356,0.21320071635561041,0.0018285999540239573,0.0018035999964922667,0.0007649000035598874,0.00013890000991523266,2.7999980375170708e-05,,,,,,,,,,,
polblogs,0.5,0,0.0,all,1222,Degree-stratified RP,4,20,22,2,1,by_dim,0.006042500026524067,0.016036499990150332,0.0220790000166744,,0.005953700048848987,0.7780243397087648,0.6799357564404718,0.9408749412001882,,,,,,,,0.00027570000384002924,0.002368799992837012,0.0017552999779582024,0.0008840999798849225,0.0005212000105530024,0.0001210999907925725,2.750009298324585e-05,9.0,1.0,4.0,"[1,2):n=135,ell=1;[2,4):n=182,ell=2;[4,8):n=169,ell=2;[8,16):n=189,ell=2;[16,32):n=196,ell=3;[32,64):n=184,ell=3;[64,128):n=134,ell=4;[128,256):n=28,ell=3;[256,512):n=5,ell=2"
polblogs,0.5,0,0.0,low_deg_1_2,242,Degree-stratified RP,4,20,22,2,1,by_dim,0.006042500026524067,0.016036499990150332,0.0220790000166744,,0.005953700048848987,0.47979123179218797,0.39692247707860934,0.8469794069896608,,,,,,,,0.00027570000384002924,0.002368799992837012,0.0017552999779582024,0.0008840999798849225,0.0005212000105530024,0.0001210999907925725,2.750009298324585e-05,9.0,1.0,4.0,"[1,2):n=135,ell=1;[2,4):n=182,ell=2;[4,8):n=169,ell=2;[8,16):n=189,ell=2;[16,32):n=196,ell=3;[32,64):n=184,ell=3;[64,128):n=134,ell=4;[128,256):n=28,ell=3;[256,512):n=5,ell=2"
polblogs,0.5,0,0.0,mid_deg_3_8,271,Degree-stratified RP,4,20,22,2,1,by_dim,0.006042500026524067,0.016036499990150332,0.0220790000166744,,0.005953700048848987,0.7639470093098586,0.6612694062692503,0.9370499419279907,,,,,,,,0.00027570000384002924,0.002368799992837012,0.0017552999779582024,0.0008840999798849225,0.0005212000105530024,0.0001210999907925725,2.750009298324585e-05,9.0,1.0,4.0,"[1,2):n=135,ell=1;[2,4):n=182,ell=2;[4,8):n=169,ell=2;[8,16):n=189,ell=2;[16,32):n=196,ell=3;[32,64):n=184,ell=3;[64,128):n=134,ell=4;[128,256):n=28,ell=3;[256,512):n=5,ell=2"
polblogs,0.5,0,0.0,high_deg_9_plus,709,Degree-stratified RP,4,20,22,2,1,by_dim,0.006042500026524067,0.016036499990150332,0.0220790000166744,,0.005953700048848987,0.9008601813205231,0.8310774649705021,0.9741479896932277,,,,,,,,0.00027570000384002924,0.002368799992837012,0.0017552999779582024,0.0008840999798849225,0.0005212000105530024,0.0001210999907925725,2.750009298324585e-05,9.0,1.0,4.0,"[1,2):n=135,ell=1;[2,4):n=182,ell=2;[4,8):n=169,ell=2;[8,16):n=189,ell=2;[16,32):n=196,ell=3;[32,64):n=184,ell=3;[64,128):n=134,ell=4;[128,256):n=28,ell=3;[256,512):n=5,ell=2"
polblogs,0.5,0,0.0,all,1222,Exact spectral,5,20,2,2,1,by_dim,0.006799299968406558,0.01184250006917864,0.0186418000375852,0.006799299968406558,0.006799299968406558,-0.00024081082708013297,0.0005978453430448398,0.33031488031643624,,,,,,,,,,,,,,,,,,
polblogs,0.5,0,0.0,low_deg_1_2,242,Exact spectral,5,20,2,2,1,by_dim,0.006799299968406558,0.01184250006917864,0.0186418000375852,0.006799299968406558,0.006799299968406558,0.0034424824275672895,0.017798216811149955,0.3726958525345622,,,,,,,,,,,,,,,,,,
polblogs,0.5,0,0.0,mid_deg_3_8,271,Exact spectral,5,20,2,2,1,by_dim,0.006799299968406558,0.01184250006917864,0.0186418000375852,0.006799299968406558,0.006799299968406558,0.0008465349010664863,0.002279836505596332,0.36076595902750697,,,,,,,,,,,,,,,,,,
polblogs,0.5,0,0.0,high_deg_9_plus,709,Exact spectral,5,20,2,2,1,by_dim,0.006799299968406558,0.01184250006917864,0.0186418000375852,0.006799299968406558,0.006799299968406558,0.0007890575452106661,0.0033422915763340476,0.36306046274400705,,,,,,,,,,,,,,,,,,
polblogs,0.5,0,0.0,all,1222,Gaussian RP,5,20,22,2,1,by_dim,0.003033899934962392,0.016592000029049814,0.019625899964012206,,0.0030177999287843704,0.6040435123784902,0.5044074299485871,0.8879261976694001,0.00022009992972016335,0.21320071635561041,0.0012289000442251563,0.0009987999219447374,0.0004513000603765249,9.829993359744549e-05,2.0400038920342922e-05,,,,,,,,,,,
polblogs,0.5,0,0.0,low_deg_1_2,242,Gaussian RP,5,20,22,2,1,by_dim,0.003033899934962392,0.016592000029049814,0.019625899964012206,,0.0030177999287843704,0.3129913131327504,0.25181721589356165,0.7808982046157262,0.00022009992972016335,0.21320071635561041,0.0012289000442251563,0.0009987999219447374,0.0004513000603765249,9.829993359744549e-05,2.0400038920342922e-05,,,,,,,,,,,
polblogs,0.5,0,0.0,mid_deg_3_8,271,Gaussian RP,5,20,22,2,1,by_dim,0.003033899934962392,0.016592000029049814,0.019625899964012206,,0.0030177999287843704,0.41484119316703694,0.3319304443497899,0.8228565203181175,0.00022009992972016335,0.21320071635561041,0.0012289000442251563,0.0009987999219447374,0.0004513000603765249,9.829993359744549e-05,2.0400038920342922e-05,,,,,,,,,,,
polblogs,0.5,0,0.0,high_deg_9_plus,709,Gaussian RP,5,20,22,2,1,by_dim,0.003033899934962392,0.016592000029049814,0.019625899964012206,,0.0030177999287843704,0.8119344491624464,0.7282278535920348,0.949417119700926,0.00022009992972016335,0.21320071635561041,0.0012289000442251563,0.0009987999219447374,0.0004513000603765249,9.829993359744549e-05,2.0400038920342922e-05,,,,,,,,,,,
polblogs,0.5,0,0.0,all,1222,Degree-stratified RP,5,20,22,2,1,by_dim,0.006398700061254203,0.026211399934254587,0.03261009999550879,,0.006326800095848739,0.7409067846499817,0.6436288246721378,0.9300875336117627,,,,,,,,0.00024670001585036516,0.002437500050291419,0.0022331998916342854,0.0008708999957889318,0.00039510009810328484,0.00011880008969455957,2.459995448589325e-05,9.0,1.0,4.0,"[1,2):n=135,ell=1;[2,4):n=182,ell=2;[4,8):n=169,ell=2;[8,16):n=189,ell=2;[16,32):n=196,ell=3;[32,64):n=184,ell=3;[64,128):n=134,ell=4;[128,256):n=28,ell=3;[256,512):n=5,ell=2"
polblogs,0.5,0,0.0,low_deg_1_2,242,Degree-stratified RP,5,20,22,2,1,by_dim,0.006398700061254203,0.026211399934254587,0.03261009999550879,,0.006326800095848739,0.4131136661353423,0.3479396860174692,0.8223110154875946,,,,,,,,0.00024670001585036516,0.002437500050291419,0.0022331998916342854,0.0008708999957889318,0.00039510009810328484,0.00011880008969455957,2.459995448589325e-05,9.0,1.0,4.0,"[1,2):n=135,ell=1;[2,4):n=182,ell=2;[4,8):n=169,ell=2;[8,16):n=189,ell=2;[16,32):n=196,ell=3;[32,64):n=184,ell=3;[64,128):n=134,ell=4;[128,256):n=28,ell=3;[256,512):n=5,ell=2"
polblogs,0.5,0,0.0,mid_deg_3_8,271,Degree-stratified RP,5,20,22,2,1,by_dim,0.006398700061254203,0.026211399934254587,0.03261009999550879,,0.006326800095848739,0.72557006558805,0.621622048902652,0.9260774686306601,,,,,,,,0.00024670001585036516,0.002437500050291419,0.0022331998916342854,0.0008708999957889318,0.00039510009810328484,0.00011880008969455957,2.459995448589325e-05,9.0,1.0,4.0,"[1,2):n=135,ell=1;[2,4):n=182,ell=2;[4,8):n=169,ell=2;[8,16):n=189,ell=2;[16,32):n=196,ell=3;[32,64):n=184,ell=3;[64,128):n=134,ell=4;[128,256):n=28,ell=3;[256,512):n=5,ell=2"
polblogs,0.5,0,0.0,high_deg_9_plus,709,Degree-stratified RP,5,20,22,2,1,by_dim,0.006398700061254203,0.026211399934254587,0.03261009999550879,,0.006326800095848739,0.8795249171609295,0.8049583158521062,0.9683533517286155,,,,,,,,0.00024670001585036516,0.002437500050291419,0.0022331998916342854,0.0008708999957889318,0.00039510009810328484,0.00011880008969455957,2.459995448589325e-05,9.0,1.0,4.0,"[1,2):n=135,ell=1;[2,4):n=182,ell=2;[4,8):n=169,ell=2;[8,16):n=189,ell=2;[16,32):n=196,ell=3;[32,64):n=184,ell=3;[64,128):n=134,ell=4;[128,256):n=28,ell=3;[256,512):n=5,ell=2"
polblogs,0.5,0,0.0,all,1222,Exact spectral,6,20,2,2,1,by_dim,0.006799299968406558,0.01909039996098727,0.025889699929393828,0.006799299968406558,0.006799299968406558,-0.00024081082708013297,0.0005978453430448398,0.33031488031643624,,,,,,,,,,,,,,,,,,
polblogs,0.5,0,0.0,low_deg_1_2,242,Exact spectral,6,20,2,2,1,by_dim,0.006799299968406558,0.01909039996098727,0.025889699929393828,0.006799299968406558,0.006799299968406558,0.0034424824275672895,0.017798216811149955,0.3726958525345622,,,,,,,,,,,,,,,,,,
polblogs,0.5,0,0.0,mid_deg_3_8,271,Exact spectral,6,20,2,2,1,by_dim,0.006799299968406558,0.01909039996098727,0.025889699929393828,0.006799299968406558,0.006799299968406558,0.0008465349010664863,0.002279836505596332,0.36076595902750697,,,,,,,,,,,,,,,,,,
polblogs,0.5,0,0.0,high_deg_9_plus,709,Exact spectral,6,20,2,2,1,by_dim,0.006799299968406558,0.01909039996098727,0.025889699929393828,0.006799299968406558,0.006799299968406558,0.0007890575452106661,0.0033422915763340476,0.36306046274400705,,,,,,,,,,,,,,,,,,
polblogs,0.5,0,0.0,all,1222,Gaussian RP,6,20,22,2,1,by_dim,0.0041507999412715435,0.046474199974909425,0.05062499991618097,,0.00413080002181232,0.4153440530400928,0.324807338001386,0.8218868279380305,0.00025949999690055847,0.21320071635561041,0.0017027000430971384,0.0015349999302998185,0.0005033999914303422,0.00010210007894784212,2.8099981136620045e-05,,,,,,,,,,,
polblogs,0.5,0,0.0,low_deg_1_2,242,Gaussian RP,6,20,22,2,1,by_dim,0.0041507999412715435,0.046474199974909425,0.05062499991618097,,0.00413080002181232,0.1672500602651896,0.14374578972174687,0.706365889088268,0.00025949999690055847,0.21320071635561041,0.0017027000430971384,0.0015349999302998185,0.0005033999914303422,0.00010210007894784212,2.8099981136620045e-05,,,,,,,,,,,
polblogs,0.5,0,0.0,mid_deg_3_8,271,Gaussian RP,6,20,22,2,1,by_dim,0.0041507999412715435,0.046474199974909425,0.05062499991618097,,0.00413080002181232,0.29162503709130055,0.22295417015923644,0.7698356164383562,0.00025949999690055847,0.21320071635561041,0.0017027000430971384,0.0015349999302998185,0.0005033999914303422,0.00010210007894784212,2.8099981136620045e-05,,,,,,,,,,,
polblogs,0.5,0,0.0,high_deg_9_plus,709,Gaussian RP,6,20,22,2,1,by_dim,0.0041507999412715435,0.046474199974909425,0.05062499991618097,,0.00413080002181232,0.581593974196585,0.47167991297088024,0.879956462146255,0.00025949999690055847,0.21320071635561041,0.0017027000430971384,0.0015349999302998185,0.0005033999914303422,0.00010210007894784212,2.8099981136620045e-05,,,,,,,,,,,
polblogs,0.5,0,0.0,all,1222,Degree-stratified RP,6,20,22,2,1,by_dim,0.006684699910692871,0.021788800018839538,0.02847349992953241,,0.006609500152990222,0.7579256161845127,0.658678111804825,0.9350941772475301,,,,,,,,0.0009832000359892845,0.0023349999682977796,0.001707600080408156,0.0009035000111907721,0.0005109000485390425,0.00014210003428161144,2.719997428357601e-05,9.0,1.0,4.0,"[1,2):n=135,ell=1;[2,4):n=182,ell=2;[4,8):n=169,ell=2;[8,16):n=189,ell=2;[16,32):n=196,ell=3;[32,64):n=184,ell=3;[64,128):n=134,ell=4;[128,256):n=28,ell=3;[256,512):n=5,ell=2"
polblogs,0.5,0,0.0,low_deg_1_2,242,Degree-stratified RP,6,20,22,2,1,by_dim,0.006684699910692871,0.021788800018839538,0.02847349992953241,,0.006609500152990222,0.4458407893598517,0.36745967929333406,0.8346090759978131,,,,,,,,0.0009832000359892845,0.0023349999682977796,0.001707600080408156,0.0009035000111907721,0.0005109000485390425,0.00014210003428161144,2.719997428357601e-05,9.0,1.0,4.0,"[1,2):n=135,ell=1;[2,4):n=182,ell=2;[4,8):n=169,ell=2;[8,16):n=189,ell=2;[16,32):n=196,ell=3;[32,64):n=184,ell=3;[64,128):n=134,ell=4;[128,256):n=28,ell=3;[256,512):n=5,ell=2"
polblogs,0.5,0,0.0,mid_deg_3_8,271,Degree-stratified RP,6,20,22,2,1,by_dim,0.006684699910692871,0.021788800018839538,0.02847349992953241,,0.006609500152990222,0.7510454120608618,0.6469548549965219,0.9333752185314685,,,,,,,,0.0009832000359892845,0.0023349999682977796,0.001707600080408156,0.0009035000111907721,0.0005109000485390425,0.00014210003428161144,2.719997428357601e-05,9.0,1.0,4.0,"[1,2):n=135,ell=1;[2,4):n=182,ell=2;[4,8):n=169,ell=2;[8,16):n=189,ell=2;[16,32):n=196,ell=3;[32,64):n=184,ell=3;[64,128):n=134,ell=4;[128,256):n=28,ell=3;[256,512):n=5,ell=2"
polblogs,0.5,0,0.0,high_deg_9_plus,709,Degree-stratified RP,6,20,22,2,1,by_dim,0.006684699910692871,0.021788800018839538,0.02847349992953241,,0.006609500152990222,0.8848350443487728,0.8112918786899375,0.9698039048667855,,,,,,,,0.0009832000359892845,0.0023349999682977796,0.001707600080408156,0.0009035000111907721,0.0005109000485390425,0.00014210003428161144,2.719997428357601e-05,9.0,1.0,4.0,"[1,2):n=135,ell=1;[2,4):n=182,ell=2;[4,8):n=169,ell=2;[8,16):n=189,ell=2;[16,32):n=196,ell=3;[32,64):n=184,ell=3;[64,128):n=134,ell=4;[128,256):n=28,ell=3;[256,512):n=5,ell=2"
polblogs,0.5,0,0.0,all,1222,Exact spectral,7,20,2,2,1,by_dim,0.006799299968406558,0.021876499988138676,0.028675799956545234,0.006799299968406558,0.006799299968406558,-0.00024081082708013297,0.0005978453430448398,0.33031488031643624,,,,,,,,,,,,,,,,,,
polblogs,0.5,0,0.0,low_deg_1_2,242,Exact spectral,7,20,2,2,1,by_dim,0.006799299968406558,0.021876499988138676,0.028675799956545234,0.006799299968406558,0.006799299968406558,0.0034424824275672895,0.017798216811149955,0.3726958525345622,,,,,,,,,,,,,,,,,,
polblogs,0.5,0,0.0,mid_deg_3_8,271,Exact spectral,7,20,2,2,1,by_dim,0.006799299968406558,0.021876499988138676,0.028675799956545234,0.006799299968406558,0.006799299968406558,0.0008465349010664863,0.002279836505596332,0.36076595902750697,,,,,,,,,,,,,,,,,,
polblogs,0.5,0,0.0,high_deg_9_plus,709,Exact spectral,7,20,2,2,1,by_dim,0.006799299968406558,0.021876499988138676,0.028675799956545234,0.006799299968406558,0.006799299968406558,0.0007890575452106661,0.0033422915763340476,0.36306046274400705,,,,,,,,,,,,,,,,,,
polblogs,0.5,0,0.0,all,1222,Gaussian RP,7,20,22,2,1,by_dim,0.0028228999581187963,0.014649000018835068,0.017471899976953864,,0.002808599965646863,0.5788412353181832,0.48386666995629646,0.8794748049028298,0.0002383999526500702,0.21320071635561041,0.001125600072555244,0.000919699901714921,0.0003784000873565674,0.00011859997175633907,2.789997961372137e-05,,,,,,,,,,,
polblogs,0.5,0,0.0,low_deg_1_2,242,Gaussian RP,7,20,22,2,1,by_dim,0.0028228999581187963,0.014649000018835068,0.017471899976953864,,0.002808599965646863,0.28558776185803375,0.24219019094787822,0.7685318029650885,0.0002383999526500702,0.21320071635561041,0.001125600072555244,0.000919699901714921,0.0003784000873565674,0.00011859997175633907,2.789997961372137e-05,,,,,,,,,,,
polblogs,0.5,0,0.0,mid_deg_3_8,271,Gaussian RP,7,20,22,2,1,by_dim,0.0028228999581187963,0.014649000018835068,0.017471899976953864,,0.002808599965646863,0.37744875820125345,0.2995992322286282,0.8080945636779606,0.0002383999526500702,0.21320071635561041,0.001125600072555244,0.000919699901714921,0.0003784000873565674,0.00011859997175633907,2.789997961372137e-05,,,,,,,,,,,
polblogs,0.5,0,0.0,high_deg_9_plus,709,Gaussian RP,7,20,22,2,1,by_dim,0.0028228999581187963,0.014649000018835068,0.017471899976953864,,0.002808599965646863,0.7967143457971154,0.7128747907524571,0.945006450137984,0.0002383999526500702,0.21320071635561041,0.001125600072555244,0.000919699901714921,0.0003784000873565674,0.00011859997175633907,2.789997961372137e-05,,,,,,,,,,,
polblogs,0.5,0,0.0,all,1222,Degree-stratified RP,7,20,22,2,1,by_dim,0.0051478000823408365,0.011323600076138973,0.01647140015847981,,0.00507900002412498,0.7437298189612561,0.6463541414620744,0.9309180772709653,,,,,,,,0.00015249999705702066,0.0015314000193029642,0.0020827000262215734,0.0008379999781027436,0.00032979995012283325,0.0001183999702334404,2.620008308440447e-05,9.0,1.0,4.0,"[1,2):n=135,ell=1;[2,4):n=182,ell=2;[4,8):n=169,ell=2;[8,16):n=189,ell=2;[16,32):n=196,ell=3;[32,64):n=184,ell=3;[64,128):n=134,ell=4;[128,256):n=28,ell=3;[256,512):n=5,ell=2"
polblogs,0.5,0,0.0,low_deg_1_2,242,Degree-stratified RP,7,20,22,2,1,by_dim,0.0051478000823408365,0.011323600076138973,0.01647140015847981,,0.00507900002412498,0.42388995512693545,0.3513120516958203,0.8263988522238164,,,,,,,,0.00015249999705702066,0.0015314000193029642,0.0020827000262215734,0.0008379999781027436,0.00032979995012283325,0.0001183999702334404,2.620008308440447e-05,9.0,1.0,4.0,"[1,2):n=135,ell=1;[2,4):n=182,ell=2;[4,8):n=169,ell=2;[8,16):n=189,ell=2;[16,32):n=196,ell=3;[32,64):n=184,ell=3;[64,128):n=134,ell=4;[128,256):n=28,ell=3;[256,512):n=5,ell=2"
polblogs,0.5,0,0.0,mid_deg_3_8,271,Degree-stratified RP,7,20,22,2,1,by_dim,0.0051478000823408365,0.011323600076138973,0.01647140015847981,,0.00507900002412498,0.7005323106170026,0.6005673974619979,0.9187649880095923,,,,,,,,0.00015249999705702066,0.0015314000193029642,0.0020827000262215734,0.0008379999781027436,0.00032979995012283325,0.0001183999702334404,2.620008308440447e-05,9.0,1.0,4.0,"[1,2):n=135,ell=1;[2,4):n=182,ell=2;[4,8):n=169,ell=2;[8,16):n=189,ell=2;[16,32):n=196,ell=3;[32,64):n=184,ell=3;[64,128):n=134,ell=4;[128,256):n=28,ell=3;[256,512):n=5,ell=2"
polblogs,0.5,0,0.0,high_deg_9_plus,709,Degree-stratified RP,7,20,22,2,1,by_dim,0.0051478000823408365,0.011323600076138973,0.01647140015847981,,0.00507900002412498,0.8901609621521632,0.8177503261619835,0.9712531828281354,,,,,,,,0.00015249999705702066,0.0015314000193029642,0.0020827000262215734,0.0008379999781027436,0.00032979995012283325,0.0001183999702334404,2.620008308440447e-05,9.0,1.0,4.0,"[1,2):n=135,ell=1;[2,4):n=182,ell=2;[4,8):n=169,ell=2;[8,16):n=189,ell=2;[16,32):n=196,ell=3;[32,64):n=184,ell=3;[64,128):n=134,ell=4;[128,256):n=28,ell=3;[256,512):n=5,ell=2"
polblogs,0.5,0,0.0,all,1222,Exact spectral,8,20,2,2,1,by_dim,0.006799299968406558,0.010140300029888749,0.016939599998295307,0.006799299968406558,0.006799299968406558,-0.00024081082708013297,0.0005978453430448398,0.33031488031643624,,,,,,,,,,,,,,,,,,
polblogs,0.5,0,0.0,low_deg_1_2,242,Exact spectral,8,20,2,2,1,by_dim,0.006799299968406558,0.010140300029888749,0.016939599998295307,0.006799299968406558,0.006799299968406558,0.0034424824275672895,0.017798216811149955,0.3726958525345622,,,,,,,,,,,,,,,,,,
polblogs,0.5,0,0.0,mid_deg_3_8,271,Exact spectral,8,20,2,2,1,by_dim,0.006799299968406558,0.010140300029888749,0.016939599998295307,0.006799299968406558,0.006799299968406558,0.0008465349010664863,0.002279836505596332,0.36076595902750697,,,,,,,,,,,,,,,,,,
polblogs,0.5,0,0.0,high_deg_9_plus,709,Exact spectral,8,20,2,2,1,by_dim,0.006799299968406558,0.010140300029888749,0.016939599998295307,0.006799299968406558,0.006799299968406558,0.0007890575452106661,0.0033422915763340476,0.36306046274400705,,,,,,,,,,,,,,,,,,
polblogs,0.5,0,0.0,all,1222,Gaussian RP,8,20,22,2,1,by_dim,0.00305929989553988,0.012559400056488812,0.015618699952028692,,0.003045600140467286,0.6828622769139947,0.5837931294631707,0.9127182851459636,0.00025020004250109196,0.21320071635561041,0.0012654999736696482,0.0008961000712588429,0.0004963000537827611,0.00011120003182440996,2.629996743053198e-05,,,,,,,,,,,
polblogs,0.5,0,0.0,low_deg_1_2,242,Gaussian RP,8,20,22,2,1,by_dim,0.00305929989553988,0.012559400056488812,0.015618699952028692,,0.003045600140467286,0.361269609963797,0.3291123549383865,0.8013136288998358,0.00025020004250109196,0.21320071635561041,0.0012654999736696482,0.0008961000712588429,0.0004963000537827611,0.00011120003182440996,2.629996743053198e-05,,,,,,,,,,,
polblogs,0.5,0,0.0,mid_deg_3_8,271,Gaussian RP,8,20,22,2,1,by_dim,0.00305929989553988,0.012559400056488812,0.015618699952028692,,0.003045600140467286,0.5484478634120628,0.44602121515804644,0.8706726114997068,0.00025020004250109196,0.21320071635561041,0.0012654999736696482,0.0008961000712588429,0.0004963000537827611,0.00011120003182440996,2.629996743053198e-05,,,,,,,,,,,
polblogs,0.5,0,0.0,high_deg_9_plus,709,Gaussian RP,8,20,22,2,1,by_dim,0.00305929989553988,0.012559400056488812,0.015618699952028692,,0.003045600140467286,0.8742365509076663,0.7947784077379585,0.9669540899557213,0.00025020004250109196,0.21320071635561041,0.0012654999736696482,0.0008961000712588429,0.0004963000537827611,0.00011120003182440996,2.629996743053198e-05,,,,,,,,,,,
polblogs,0.5,0,0.0,all,1222,Degree-stratified RP,8,20,22,2,1,by_dim,0.00520800007507205,0.011468600016087294,0.016676600091159344,,0.0051503999857231975,0.7809164124963304,0.6880233978702361,0.9416292439089207,,,,,,,,0.0001873000292107463,0.001866700011305511,0.0017522999551147223,0.0007510000141337514,0.00046060001477599144,0.00010489998385310173,2.759997732937336e-05,9.0,1.0,4.0,"[1,2):n=135,ell=1;[2,4):n=182,ell=2;[4,8):n=169,ell=2;[8,16):n=189,ell=2;[16,32):n=196,ell=3;[32,64):n=184,ell=3;[64,128):n=134,ell=4;[128,256):n=28,ell=3;[256,512):n=5,ell=2"
polblogs,0.5,0,0.0,low_deg_1_2,242,Degree-stratified RP,8,20,22,2,1,by_dim,0.00520800007507205,0.011468600016087294,0.016676600091159344,,0.0051503999857231975,0.5030978743894536,0.435470695252275,0.8553694312108328,,,,,,,,0.0001873000292107463,0.001866700011305511,0.0017522999551147223,0.0007510000141337514,0.00046060001477599144,0.00010489998385310173,2.759997732937336e-05,9.0,1.0,4.0,"[1,2):n=135,ell=1;[2,4):n=182,ell=2;[4,8):n=169,ell=2;[8,16):n=189,ell=2;[16,32):n=196,ell=3;[32,64):n=184,ell=3;[64,128):n=134,ell=4;[128,256):n=28,ell=3;[256,512):n=5,ell=2"
polblogs,0.5,0,0.0,mid_deg_3_8,271,Degree-stratified RP,8,20,22,2,1,by_dim,0.00520800007507205,0.011468600016087294,0.016676600091159344,,0.0051503999857231975,0.7900777168075563,0.6909775656221823,0.9445013311488839,,,,,,,,0.0001873000292107463,0.001866700011305511,0.0017522999551147223,0.0007510000141337514,0.00046060001477599144,0.00010489998385310173,2.759997732937336e-05,9.0,1.0,4.0,"[1,2):n=135,ell=1;[2,4):n=182,ell=2;[4,8):n=169,ell=2;[8,16):n=189,ell=2;[16,32):n=196,ell=3;[32,64):n=184,ell=3;[64,128):n=134,ell=4;[128,256):n=28,ell=3;[256,512):n=5,ell=2"
polblogs,0.5,0,0.0,high_deg_9_plus,709,Degree-stratified RP,8,20,22,2,1,by_dim,0.00520800007507205,0.011468600016087294,0.016676600091159344,,0.0051503999857231975,0.8848350443487728,0.8112918786899375,0.9698039048667855,,,,,,,,0.0001873000292107463,0.001866700011305511,0.0017522999551147223,0.0007510000141337514,0.00046060001477599144,0.00010489998385310173,2.759997732937336e-05,9.0,1.0,4.0,"[1,2):n=135,ell=1;[2,4):n=182,ell=2;[4,8):n=169,ell=2;[8,16):n=189,ell=2;[16,32):n=196,ell=3;[32,64):n=184,ell=3;[64,128):n=134,ell=4;[128,256):n=28,ell=3;[256,512):n=5,ell=2"
polblogs,0.5,0,0.0,all,1222,Exact spectral,9,20,2,2,1,by_dim,0.006799299968406558,0.009118100046180189,0.015917400014586747,0.006799299968406558,0.006799299968406558,-0.00024081082708013297,0.0005978453430448398,0.33031488031643624,,,,,,,,,,,,,,,,,,
polblogs,0.5,0,0.0,low_deg_1_2,242,Exact spectral,9,20,2,2,1,by_dim,0.006799299968406558,0.009118100046180189,0.015917400014586747,0.006799299968406558,0.006799299968406558,0.0034424824275672895,0.017798216811149955,0.3726958525345622,,,,,,,,,,,,,,,,,,
polblogs,0.5,0,0.0,mid_deg_3_8,271,Exact spectral,9,20,2,2,1,by_dim,0.006799299968406558,0.009118100046180189,0.015917400014586747,0.006799299968406558,0.006799299968406558,0.0008465349010664863,0.002279836505596332,0.36076595902750697,,,,,,,,,,,,,,,,,,
polblogs,0.5,0,0.0,high_deg_9_plus,709,Exact spectral,9,20,2,2,1,by_dim,0.006799299968406558,0.009118100046180189,0.015917400014586747,0.006799299968406558,0.006799299968406558,0.0007890575452106661,0.0033422915763340476,0.36306046274400705,,,,,,,,,,,,,,,,,,
polblogs,0.5,0,0.0,all,1222,Gaussian RP,9,20,22,2,1,by_dim,0.0026223999448120594,0.014602100010961294,0.017224499955773354,,0.002609299961477518,0.0030378591352856555,0.004461729417978236,0.4106707729795587,0.00020979996770620346,0.21320071635561041,0.0009586999658495188,0.0008256000000983477,0.00048749998677521944,0.00010750000365078449,2.0200037397444248e-05,,,,,,,,,,,
polblogs,0.5,0,0.0,low_deg_1_2,242,Gaussian RP,9,20,22,2,1,by_dim,0.0026223999448120594,0.014602100010961294,0.017224499955773354,,0.002609299961477518,0.002654025842550601,0.029473285433784656,0.5135233918128655,0.00020979996770620346,0.21320071635561041,0.0009586999658495188,0.0008256000000983477,0.00048749998677521944,0.00010750000365078449,2.0200037397444248e-05,,,,,,,,,,,
polblogs,0.5,0,0.0,mid_deg_3_8,271,Gaussian RP,9,20,22,2,1,by_dim,0.0026223999448120594,0.014602100010961294,0.017224499955773354,,0.002609299961477518,0.006696852745547332,0.009856891211976311,0.43772108843537416,0.00020979996770620346,0.21320071635561041,0.0009586999658495188,0.0008256000000983477,0.00048749998677521944,0.00010750000365078449,2.0200037397444248e-05,,,,,,,,,,,
polblogs,0.5,0,0.0,high_deg_9_plus,709,Gaussian RP,9,20,22,2,1,by_dim,0.0026223999448120594,0.014602100010961294,0.017224499955773354,,0.002609299961477518,0.0006187858133495564,0.00023167658437433863,0.3710469192568907,0.00020979996770620346,0.21320071635561041,0.0009586999658495188,0.0008256000000983477,0.00048749998677521944,0.00010750000365078449,2.0200037397444248e-05,,,,,,,,,,,
polblogs,0.5,0,0.0,all,1222,Degree-stratified RP,9,20,22,2,1,by_dim,0.005540699930861592,0.011748700053431094,0.017289399984292686,,0.005477999919094145,0.7925411809321286,0.6972296211002056,0.9449754864898467,,,,,,,,0.0001674999948590994,0.0017873999895527959,0.0019252999918535352,0.0009764999849721789,0.00047800003085285425,0.00011679995805025101,2.6499968953430653e-05,9.0,1.0,4.0,"[1,2):n=135,ell=1;[2,4):n=182,ell=2;[4,8):n=169,ell=2;[8,16):n=189,ell=2;[16,32):n=196,ell=3;[32,64):n=184,ell=3;[64,128):n=134,ell=4;[128,256):n=28,ell=3;[256,512):n=5,ell=2"
polblogs,0.5,0,0.0,low_deg_1_2,242,Degree-stratified RP,9,20,22,2,1,by_dim,0.005540699930861592,0.011748700053431094,0.017289399984292686,,0.005477999919094145,0.5149735225684247,0.4326915741985444,0.8594177145981411,,,,,,,,0.0001674999948590994,0.0017873999895527959,0.0019252999918535352,0.0009764999849721789,0.00047800003085285425,0.00011679995805025101,2.6499968953430653e-05,9.0,1.0,4.0,"[1,2):n=135,ell=1;[2,4):n=182,ell=2;[4,8):n=169,ell=2;[8,16):n=189,ell=2;[16,32):n=196,ell=3;[32,64):n=184,ell=3;[64,128):n=134,ell=4;[128,256):n=28,ell=3;[256,512):n=5,ell=2"
polblogs,0.5,0,0.0,mid_deg_3_8,271,Degree-stratified RP,9,20,22,2,1,by_dim,0.005540699930861592,0.011748700053431094,0.017289399984292686,,0.005477999919094145,0.8033078024191159,0.7086313123356305,0.9480842911877394,,,,,,,,0.0001674999948590994,0.0017873999895527959,0.0019252999918535352,0.0009764999849721789,0.00047800003085285425,0.00011679995805025101,2.6499968953430653e-05,9.0,1.0,4.0,"[1,2):n=135,ell=1;[2,4):n=182,ell=2;[4,8):n=169,ell=2;[8,16):n=189,ell=2;[16,32):n=196,ell=3;[32,64):n=184,ell=3;[64,128):n=134,ell=4;[128,256):n=28,ell=3;[256,512):n=5,ell=2"
polblogs,0.5,0,0.0,high_deg_9_plus,709,Degree-stratified RP,9,20,22,2,1,by_dim,0.005540699930861592,0.011748700053431094,0.017289399984292686,,0.005477999919094145,0.895500237500859,0.8266069585223988,0.9726797234509013,,,,,,,,0.0001674999948590994,0.0017873999895527959,0.0019252999918535352,0.0009764999849721789,0.00047800003085285425,0.00011679995805025101,2.6499968953430653e-05,9.0,1.0,4.0,"[1,2):n=135,ell=1;[2,4):n=182,ell=2;[4,8):n=169,ell=2;[8,16):n=189,ell=2;[16,32):n=196,ell=3;[32,64):n=184,ell=3;[64,128):n=134,ell=4;[128,256):n=28,ell=3;[256,512):n=5,ell=2"
polblogs,0.5,0,0.0,all,1222,Exact spectral,10,20,2,2,1,by_dim,0.006799299968406558,0.009351099957711995,0.016150399926118553,0.006799299968406558,0.006799299968406558,-0.00024081082708013297,0.0005978453430448398,0.33031488031643624,,,,,,,,,,,,,,,,,,
polblogs,0.5,0,0.0,low_deg_1_2,242,Exact spectral,10,20,2,2,1,by_dim,0.006799299968406558,0.009351099957711995,0.016150399926118553,0.006799299968406558,0.006799299968406558,0.0034424824275672895,0.017798216811149955,0.3726958525345622,,,,,,,,,,,,,,,,,,
polblogs,0.5,0,0.0,mid_deg_3_8,271,Exact spectral,10,20,2,2,1,by_dim,0.006799299968406558,0.009351099957711995,0.016150399926118553,0.006799299968406558,0.006799299968406558,0.0008465349010664863,0.002279836505596332,0.36076595902750697,,,,,,,,,,,,,,,,,,
polblogs,0.5,0,0.0,high_deg_9_plus,709,Exact spectral,10,20,2,2,1,by_dim,0.006799299968406558,0.009351099957711995,0.016150399926118553,0.006799299968406558,0.006799299968406558,0.0007890575452106661,0.0033422915763340476,0.36306046274400705,,,,,,,,,,,,,,,,,,
polblogs,0.5,0,0.0,all,1222,Gaussian RP,10,20,22,2,1,by_dim,0.003199300030246377,0.0126738001126796,0.015873100142925978,,0.0031857999274507165,0.5468824031259737,0.4519417903586519,0.8687632344150515,0.00022929999977350235,0.21320071635561041,0.0012108999071642756,0.0010728000197559595,0.0005409000441431999,0.00010830000974237919,2.359994687139988e-05,,,,,,,,,,,
polblogs,0.5,0,0.0,low_deg_1_2,242,Gaussian RP,10,20,22,2,1,by_dim,0.003199300030246377,0.0126738001126796,0.015873100142925978,,0.0031857999274507165,0.27675658692527244,0.2293678837946504,0.7644587879719276,0.00022929999977350235,0.21320071635561041,0.0012108999071642756,0.0010728000197559595,0.0005409000441431999,0.00010830000974237919,2.359994687139988e-05,,,,,,,,,,,
polblogs,0.5,0,0.0,mid_deg_3_8,271,Gaussian RP,10,20,22,2,1,by_dim,0.003199300030246377,0.0126738001126796,0.015873100142925978,,0.0031857999274507165,0.30792146341931365,0.2592309866722862,0.7780871274156567,0.00022929999977350235,0.21320071635561041,0.0012108999071642756,0.0010728000197559595,0.0005409000441431999,0.00010830000974237919,2.359994687139988e-05,,,,,,,,,,,
polblogs,0.5,0,0.0,high_deg_9_plus,709,Gaussian RP,10,20,22,2,1,by_dim,0.003199300030246377,0.0126738001126796,0.015873100142925978,,0.0031857999274507165,0.7766978317683128,0.6751552902546839,0.9395836714819022,0.00022929999977350235,0.21320071635561041,0.0012108999071642756,0.0010728000197559595,0.0005409000441431999,0.00010830000974237919,2.359994687139988e-05,,,,,,,,,,,
polblogs,0.5,0,0.0,all,1222,Degree-stratified RP,10,20,22,2,1,by_dim,0.005125200026668608,0.010419599944725633,0.01554479997139424,,0.005071799969300628,0.7838141354144467,0.6944635255551207,0.9424182452172274,,,,,,,,0.00019539997447282076,0.0018165000947192311,0.001587799983099103,0.0008992999792098999,0.0004395999712869525,0.00010920001659542322,2.3999949917197227e-05,9.0,1.0,4.0,"[1,2):n=135,ell=1;[2,4):n=182,ell=2;[4,8):n=169,ell=2;[8,16):n=189,ell=2;[16,32):n=196,ell=3;[32,64):n=184,ell=3;[64,128):n=134,ell=4;[128,256):n=28,ell=3;[256,512):n=5,ell=2"
polblogs,0.5,0,0.0,low_deg_1_2,242,Degree-stratified RP,10,20,22,2,1,by_dim,0.005125200026668608,0.010419599944725633,0.01554479997139424,,0.005071799969300628,0.5149536455202812,0.4593530457241963,0.8594945355191257,,,,,,,,0.00019539997447282076,0.0018165000947192311,0.001587799983099103,0.0008992999792098999,0.0004395999712869525,0.00010920001659542322,2.3999949917197227e-05,9.0,1.0,4.0,"[1,2):n=135,ell=1;[2,4):n=182,ell=2;[4,8):n=169,ell=2;[8,16):n=189,ell=2;[16,32):n=196,ell=3;[32,64):n=184,ell=3;[64,128):n=134,ell=4;[128,256):n=28,ell=3;[256,512):n=5,ell=2"
polblogs,0.5,0,0.0,mid_deg_3_8,271,Degree-stratified RP,10,20,22,2,1,by_dim,0.005125200026668608,0.010419599944725633,0.01554479997139424,,0.005071799969300628,0.7255699524091553,0.6278069447585641,0.9261499890996294,,,,,,,,0.00019539997447282076,0.0018165000947192311,0.001587799983099103,0.0008992999792098999,0.0004395999712869525,0.00010920001659542322,2.3999949917197227e-05,9.0,1.0,4.0,"[1,2):n=135,ell=1;[2,4):n=182,ell=2;[4,8):n=169,ell=2;[8,16):n=189,ell=2;[16,32):n=196,ell=3;[32,64):n=184,ell=3;[64,128):n=134,ell=4;[128,256):n=28,ell=3;[256,512):n=5,ell=2"
polblogs,0.5,0,0.0,high_deg_9_plus,709,Degree-stratified RP,10,20,22,2,1,by_dim,0.005125200026668608,0.010419599944725633,0.01554479997139424,,0.005071799969300628,0.9116225983009979,0.8450249786880667,0.9770379246688474,,,,,,,,0.00019539997447282076,0.0018165000947192311,0.001587799983099103,0.0008992999792098999,0.0004395999712869525,0.00010920001659542322,2.3999949917197227e-05,9.0,1.0,4.0,"[1,2):n=135,ell=1;[2,4):n=182,ell=2;[4,8):n=169,ell=2;[8,16):n=189,ell=2;[16,32):n=196,ell=3;[32,64):n=184,ell=3;[64,128):n=134,ell=4;[128,256):n=28,ell=3;[256,512):n=5,ell=2"
polblogs,0.5,0,0.0,all,1222,Exact spectral,1,40,2,2,1,by_dim,0.006799299968406558,0.008356299949809909,0.015155599918216467,0.006799299968406558,0.006799299968406558,-0.00024081082708013297,0.0005978453430448398,0.33031488031643624,,,,,,,,,,,,,,,,,,
polblogs,0.5,0,0.0,low_deg_1_2,242,Exact spectral,1,40,2,2,1,by_dim,0.006799299968406558,0.008356299949809909,0.015155599918216467,0.006799299968406558,0.006799299968406558,0.0034424824275672895,0.017798216811149955,0.3726958525345622,,,,,,,,,,,,,,,,,,
polblogs,0.5,0,0.0,mid_deg_3_8,271,Exact spectral,1,40,2,2,1,by_dim,0.006799299968406558,0.008356299949809909,0.015155599918216467,0.006799299968406558,0.006799299968406558,0.0008465349010664863,0.002279836505596332,0.36076595902750697,,,,,,,,,,,,,,,,,,
polblogs,0.5,0,0.0,high_deg_9_plus,709,Exact spectral,1,40,2,2,1,by_dim,0.006799299968406558,0.008356299949809909,0.015155599918216467,0.006799299968406558,0.006799299968406558,0.0007890575452106661,0.0033422915763340476,0.36306046274400705,,,,,,,,,,,,,,,,,,
polblogs,0.5,0,0.0,all,1222,Gaussian RP,1,40,42,2,1,by_dim,0.005750600015744567,0.01764269999694079,0.02339330001268536,,0.005738200037740171,0.004384197214840404,0.011755080410295701,0.400630322257472,0.00043789995834231377,0.1543033499620919,0.0021077999845147133,0.0018899000715464354,0.0008549999911338091,0.0004112999886274338,3.630004357546568e-05,,,,,,,,,,,
polblogs,0.5,0,0.0,low_deg_1_2,242,Gaussian RP,1,40,42,2,1,by_dim,0.005750600015744567,0.01764269999694079,0.02339330001268536,,0.005738200037740171,-0.003875401893265591,0.027780640591825275,0.47126436781609193,0.00043789995834231377,0.1543033499620919,0.0021077999845147133,0.0018899000715464354,0.0008549999911338091,0.0004112999886274338,3.630004357546568e-05,,,,,,,,,,,
polblogs,0.5,0,0.0,mid_deg_3_8,271,Gaussian RP,1,40,42,2,1,by_dim,0.005750600015744567,0.01764269999694079,0.02339330001268536,,0.005738200037740171,-0.002098949476817375,0.001369468213387218,0.37467035864978904,0.00043789995834231377,0.1543033499620919,0.0021077999845147133,0.0018899000715464354,0.0008549999911338091,0.0004112999886274338,3.630004357546568e-05,,,,,,,,,,,
polblogs,0.5,0,0.0,high_deg_9_plus,709,Gaussian RP,1,40,42,2,1,by_dim,0.005750600015744567,0.01764269999694079,0.02339330001268536,,0.005738200037740171,0.0015939267546879494,0.006609250340620238,0.3665707718329406,0.00043789995834231377,0.1543033499620919,0.0021077999845147133,0.0018899000715464354,0.0008549999911338091,0.0004112999886274338,3.630004357546568e-05,,,,,,,,,,,
polblogs,0.5,0,0.0,all,1222,Degree-stratified RP,1,40,42,2,1,by_dim,0.008932200027629733,0.010320600005798042,0.019252800033427775,,0.0088825001148507,0.8071919823880553,0.7160579025386281,0.949066492415503,,,,,,,,0.00019539997447282076,0.002159200026653707,0.0035716999555006623,0.0017203000606968999,0.0008348000701516867,0.00037329993210732937,2.780009526759386e-05,9.0,2.0,8.0,"[1,2):n=135,ell=2;[2,4):n=182,ell=2;[4,8):n=169,ell=3;[8,16):n=189,ell=4;[16,32):n=196,ell=6;[32,64):n=184,ell=7;[64,128):n=134,ell=8;[128,256):n=28,ell=6;[256,512):n=5,ell=4"
polblogs,0.5,0,0.0,low_deg_1_2,242,Degree-stratified RP,1,40,42,2,1,by_dim,0.008932200027629733,0.010320600005798042,0.019252800033427775,,0.0088825001148507,0.5763573419618121,0.4909884727428939,0.8800649406135179,,,,,,,,0.00019539997447282076,0.002159200026653707,0.0035716999555006623,0.0017203000606968999,0.0008348000701516867,0.00037329993210732937,2.780009526759386e-05,9.0,2.0,8.0,"[1,2):n=135,ell=2;[2,4):n=182,ell=2;[4,8):n=169,ell=3;[8,16):n=189,ell=4;[16,32):n=196,ell=6;[32,64):n=184,ell=7;[64,128):n=134,ell=8;[128,256):n=28,ell=6;[256,512):n=5,ell=4"
polblogs,0.5,0,0.0,mid_deg_3_8,271,Degree-stratified RP,1,40,42,2,1,by_dim,0.008932200027629733,0.010320600005798042,0.019252800033427775,,0.0088825001148507,0.8166461948182644,0.721907295564014,0.9518617202978752,,,,,,,,0.00019539997447282076,0.002159200026653707,0.0035716999555006623,0.0017203000606968999,0.0008348000701516867,0.00037329993210732937,2.780009526759386e-05,9.0,2.0,8.0,"[1,2):n=135,ell=2;[2,4):n=182,ell=2;[4,8):n=169,ell=3;[8,16):n=189,ell=4;[16,32):n=196,ell=6;[32,64):n=184,ell=7;[64,128):n=134,ell=8;[128,256):n=28,ell=6;[256,512):n=5,ell=4"
polblogs,0.5,0,0.0,high_deg_9_plus,709,Degree-stratified RP,1,40,42,2,1,by_dim,0.008932200027629733,0.010320600005798042,0.019252800033427775,,0.0088825001148507,0.8901583537433908,0.8201422340267639,0.9712303197532868,,,,,,,,0.00019539997447282076,0.002159200026653707,0.0035716999555006623,0.0017203000606968999,0.0008348000701516867,0.00037329993210732937,2.780009526759386e-05,9.0,2.0,8.0,"[1,2):n=135,ell=2;[2,4):n=182,ell=2;[4,8):n=169,ell=3;[8,16):n=189,ell=4;[16,32):n=196,ell=6;[32,64):n=184,ell=7;[64,128):n=134,ell=8;[128,256):n=28,ell=6;[256,512):n=5,ell=4"
polblogs,0.5,0,0.0,all,1222,Exact spectral,2,40,2,2,1,by_dim,0.006799299968406558,0.008669300004839897,0.015468599973246455,0.006799299968406558,0.006799299968406558,-0.00024081082708013297,0.0005978453430448398,0.33031488031643624,,,,,,,,,,,,,,,,,,
polblogs,0.5,0,0.0,low_deg_1_2,242,Exact spectral,2,40,2,2,1,by_dim,0.006799299968406558,0.008669300004839897,0.015468599973246455,0.006799299968406558,0.006799299968406558,0.0034424824275672895,0.017798216811149955,0.3726958525345622,,,,,,,,,,,,,,,,,,
polblogs,0.5,0,0.0,mid_deg_3_8,271,Exact spectral,2,40,2,2,1,by_dim,0.006799299968406558,0.008669300004839897,0.015468599973246455,0.006799299968406558,0.006799299968406558,0.0008465349010664863,0.002279836505596332,0.36076595902750697,,,,,,,,,,,,,,,,,,
polblogs,0.5,0,0.0,high_deg_9_plus,709,Exact spectral,2,40,2,2,1,by_dim,0.006799299968406558,0.008669300004839897,0.015468599973246455,0.006799299968406558,0.006799299968406558,0.0007890575452106661,0.0033422915763340476,0.36306046274400705,,,,,,,,,,,,,,,,,,
polblogs,0.5,0,0.0,all,1222,Gaussian RP,2,40,42,2,1,by_dim,0.0053925999673083425,0.01631239999551326,0.021704999962821603,,0.005380999878980219,0.46534262643209195,0.3753940839182042,0.8398500832270477,0.00043079990427941084,0.1543033499620919,0.002116600051522255,0.0018128999508917332,0.0006197000620886683,0.00037139991763979197,2.95999925583601e-05,,,,,,,,,,,
polblogs,0.5,0,0.0,low_deg_1_2,242,Gaussian RP,2,40,42,2,1,by_dim,0.0053925999673083425,0.01631239999551326,0.021704999962821603,,0.005380999878980219,0.15374574662327073,0.13969410208576244,0.6974740988098296,0.00043079990427941084,0.1543033499620919,0.002116600051522255,0.0018128999508917332,0.0006197000620886683,0.00037139991763979197,2.95999925583601e-05,,,,,,,,,,,
polblogs,0.5,0,0.0,mid_deg_3_8,271,Gaussian RP,2,40,42,2,1,by_dim,0.0053925999673083425,0.01631239999551326,0.021704999962821603,,0.005380999878980219,0.2916308311996419,0.244691972453725,0.7706900316628453,0.00043079990427941084,0.1543033499620919,0.002116600051522255,0.0018128999508917332,0.0006197000620886683,0.00037139991763979197,2.95999925583601e-05,,,,,,,,,,,
polblogs,0.5,0,0.0,high_deg_9_plus,709,Gaussian RP,2,40,42,2,1,by_dim,0.0053925999673083425,0.01631239999551326,0.021704999962821603,,0.005380999878980219,0.6943452517123663,0.5829761381087593,0.9154821724785175,0.00043079990427941084,0.1543033499620919,0.002116600051522255,0.0018128999508917332,0.0006197000620886683,0.00037139991763979197,2.95999925583601e-05,,,,,,,,,,,
polblogs,0.5,0,0.0,all,1222,Degree-stratified RP,2,40,42,2,1,by_dim,0.00851940002758056,0.010810900013893843,0.019330300041474402,,0.008468599990010262,0.7925407845855114,0.7008650640845001,0.9449298894279567,,,,,,,,0.00021379999816417694,0.0020052000181749463,0.0031778999837115407,0.0018481999868527055,0.0008535999804735184,0.00034190004225820303,2.7999980375170708e-05,9.0,2.0,8.0,"[1,2):n=135,ell=2;[2,4):n=182,ell=2;[4,8):n=169,ell=3;[8,16):n=189,ell=4;[16,32):n=196,ell=6;[32,64):n=184,ell=7;[64,128):n=134,ell=8;[128,256):n=28,ell=6;[256,512):n=5,ell=4"
polblogs,0.5,0,0.0,low_deg_1_2,242,Degree-stratified RP,2,40,42,2,1,by_dim,0.00851940002758056,0.010810900013893843,0.019330300041474402,,0.008468599990010262,0.551386679803079,0.4782799546757739,0.8718811373921954,,,,,,,,0.00021379999816417694,0.0020052000181749463,0.0031778999837115407,0.0018481999868527055,0.0008535999804735184,0.00034190004225820303,2.7999980375170708e-05,9.0,2.0,8.0,"[1,2):n=135,ell=2;[2,4):n=182,ell=2;[4,8):n=169,ell=3;[8,16):n=189,ell=4;[16,32):n=196,ell=6;[32,64):n=184,ell=7;[64,128):n=134,ell=8;[128,256):n=28,ell=6;[256,512):n=5,ell=4"
polblogs,0.5,0,0.0,mid_deg_3_8,271,Degree-stratified RP,2,40,42,2,1,by_dim,0.00851940002758056,0.010810900013893843,0.019330300041474402,,0.008468599990010262,0.8166461948182644,0.7219072955640139,0.9518617202978752,,,,,,,,0.00021379999816417694,0.0020052000181749463,0.0031778999837115407,0.0018481999868527055,0.0008535999804735184,0.00034190004225820303,2.7999980375170708e-05,9.0,2.0,8.0,"[1,2):n=135,ell=2;[2,4):n=182,ell=2;[4,8):n=169,ell=3;[8,16):n=189,ell=4;[16,32):n=196,ell=6;[32,64):n=184,ell=7;[64,128):n=134,ell=8;[128,256):n=28,ell=6;[256,512):n=5,ell=4"
polblogs,0.5,0,0.0,high_deg_9_plus,709,Degree-stratified RP,2,40,42,2,1,by_dim,0.00851940002758056,0.010810900013893843,0.019330300041474402,,0.008468599990010262,0.8742305776855287,0.7987420564828822,0.9669015042187541,,,,,,,,0.00021379999816417694,0.0020052000181749463,0.0031778999837115407,0.0018481999868527055,0.0008535999804735184,0.00034190004225820303,2.7999980375170708e-05,9.0,2.0,8.0,"[1,2):n=135,ell=2;[2,4):n=182,ell=2;[4,8):n=169,ell=3;[8,16):n=189,ell=4;[16,32):n=196,ell=6;[32,64):n=184,ell=7;[64,128):n=134,ell=8;[128,256):n=28,ell=6;[256,512):n=5,ell=4"
polblogs,0.5,0,0.0,all,1222,Exact spectral,3,40,2,2,1,by_dim,0.006799299968406558,0.028997099958360195,0.03579639992676675,0.006799299968406558,0.006799299968406558,-0.00024081082708013297,0.0005978453430448398,0.33031488031643624,,,,,,,,,,,,,,,,,,
polblogs,0.5,0,0.0,low_deg_1_2,242,Exact spectral,3,40,2,2,1,by_dim,0.006799299968406558,0.028997099958360195,0.03579639992676675,0.006799299968406558,0.006799299968406558,0.0034424824275672895,0.017798216811149955,0.3726958525345622,,,,,,,,,,,,,,,,,,
polblogs,0.5,0,0.0,mid_deg_3_8,271,Exact spectral,3,40,2,2,1,by_dim,0.006799299968406558,0.028997099958360195,0.03579639992676675,0.006799299968406558,0.006799299968406558,0.0008465349010664863,0.002279836505596332,0.36076595902750697,,,,,,,,,,,,,,,,,,
polblogs,0.5,0,0.0,high_deg_9_plus,709,Exact spectral,3,40,2,2,1,by_dim,0.006799299968406558,0.028997099958360195,0.03579639992676675,0.006799299968406558,0.006799299968406558,0.0007890575452106661,0.0033422915763340476,0.36306046274400705,,,,,,,,,,,,,,,,,,
polblogs,0.5,0,0.0,all,1222,Gaussian RP,3,40,42,2,1,by_dim,0.009023800026625395,0.057605599984526634,0.06662940001115203,,0.008999100071378052,0.0008385472019873797,0.0011711456831089062,0.3741801331531631,0.00048070005141198635,0.1543033499620919,0.002631200011819601,0.003141400055028498,0.0022580999648198485,0.00044440000783652067,4.329998046159744e-05,,,,,,,,,,,
polblogs,0.5,0,0.0,low_deg_1_2,242,Gaussian RP,3,40,42,2,1,by_dim,0.009023800026625395,0.057605599984526634,0.06662940001115203,,0.008999100071378052,-0.004408226673252753,0.0017050468591741901,0.3973134621041279,0.00048070005141198635,0.1543033499620919,0.002631200011819601,0.003141400055028498,0.0022580999648198485,0.00044440000783652067,4.329998046159744e-05,,,,,,,,,,,
polblogs,0.5,0,0.0,mid_deg_3_8,271,Gaussian RP,3,40,42,2,1,by_dim,0.009023800026625395,0.057605599984526634,0.06662940001115203,,0.008999100071378052,0.0007590161359412658,0.0009983621609379626,0.391291275357705,0.00048070005141198635,0.1543033499620919,0.002631200011819601,0.003141400055028498,0.0022580999648198485,0.00044440000783652067,4.329998046159744e-05,,,,,,,,,,,
polblogs,0.5,0,0.0,high_deg_9_plus,709,Gaussian RP,3,40,42,2,1,by_dim,0.009023800026625395,0.057605599984526634,0.06662940001115203,,0.008999100071378052,0.0007890575452106661,0.0033422915763340476,0.36306046274400705,0.00048070005141198635,0.1543033499620919,0.002631200011819601,0.003141400055028498,0.0022580999648198485,0.00044440000783652067,4.329998046159744e-05,,,,,,,,,,,
polblogs,0.5,0,0.0,all,1222,Degree-stratified RP,3,40,42,2,1,by_dim,0.012637799954973161,0.041051600011996925,0.053689399966970086,,0.012535299872979522,0.7838141354144467,0.6944635255551207,0.9424182452172274,,,,,,,,0.0002663999330252409,0.002389600034803152,0.004339099978096783,0.0037562999641522765,0.0012922000605612993,0.0004403999773785472,5.1299924962222576e-05,9.0,2.0,8.0,"[1,2):n=135,ell=2;[2,4):n=182,ell=2;[4,8):n=169,ell=3;[8,16):n=189,ell=4;[16,32):n=196,ell=6;[32,64):n=184,ell=7;[64,128):n=134,ell=8;[128,256):n=28,ell=6;[256,512):n=5,ell=4"
polblogs,0.5,0,0.0,low_deg_1_2,242,Degree-stratified RP,3,40,42,2,1,by_dim,0.012637799954973161,0.041051600011996925,0.053689399966970086,,0.012535299872979522,0.46830609926300665,0.41779156647907295,0.8429322948691672,,,,,,,,0.0002663999330252409,0.002389600034803152,0.004339099978096783,0.0037562999641522765,0.0012922000605612993,0.0004403999773785472,5.1299924962222576e-05,9.0,2.0,8.0,"[1,2):n=135,ell=2;[2,4):n=182,ell=2;[4,8):n=169,ell=3;[8,16):n=189,ell=4;[16,32):n=196,ell=6;[32,64):n=184,ell=7;[64,128):n=134,ell=8;[128,256):n=28,ell=6;[256,512):n=5,ell=4"
polblogs,0.5,0,0.0,mid_deg_3_8,271,Degree-stratified RP,3,40,42,2,1,by_dim,0.012637799954973161,0.041051600011996925,0.053689399966970086,,0.012535299872979522,0.8436517940310782,0.7547268666625394,0.9592676094828175,,,,,,,,0.0002663999330252409,0.002389600034803152,0.004339099978096783,0.0037562999641522765,0.0012922000605612993,0.0004403999773785472,5.1299924962222576e-05,9.0,2.0,8.0,"[1,2):n=135,ell=2;[2,4):n=182,ell=2;[4,8):n=169,ell=3;[8,16):n=189,ell=4;[16,32):n=196,ell=6;[32,64):n=184,ell=7;[64,128):n=134,ell=8;[128,256):n=28,ell=6;[256,512):n=5,ell=4"
polblogs,0.5,0,0.0,high_deg_9_plus,709,Degree-stratified RP,3,40,42,2,1,by_dim,0.012637799954973161,0.041051600011996925,0.053689399966970086,,0.012535299872979522,0.8848322592470858,0.813802400543072,0.9697796342866886,,,,,,,,0.0002663999330252409,0.002389600034803152,0.004339099978096783,0.0037562999641522765,0.0012922000605612993,0.0004403999773785472,5.1299924962222576e-05,9.0,2.0,8.0,"[1,2):n=135,ell=2;[2,4):n=182,ell=2;[4,8):n=169,ell=3;[8,16):n=189,ell=4;[16,32):n=196,ell=6;[32,64):n=184,ell=7;[64,128):n=134,ell=8;[128,256):n=28,ell=6;[256,512):n=5,ell=4"
polblogs,0.5,0,0.0,all,1222,Exact spectral,4,40,2,2,1,by_dim,0.006799299968406558,0.018701299908570945,0.025500599876977503,0.006799299968406558,0.006799299968406558,-0.00024081082708013297,0.0005978453430448398,0.33031488031643624,,,,,,,,,,,,,,,,,,
polblogs,0.5,0,0.0,low_deg_1_2,242,Exact spectral,4,40,2,2,1,by_dim,0.006799299968406558,0.018701299908570945,0.025500599876977503,0.006799299968406558,0.006799299968406558,0.0034424824275672895,0.017798216811149955,0.3726958525345622,,,,,,,,,,,,,,,,,,
polblogs,0.5,0,0.0,mid_deg_3_8,271,Exact spectral,4,40,2,2,1,by_dim,0.006799299968406558,0.018701299908570945,0.025500599876977503,0.006799299968406558,0.006799299968406558,0.0008465349010664863,0.002279836505596332,0.36076595902750697,,,,,,,,,,,,,,,,,,
polblogs,0.5,0,0.0,high_deg_9_plus,709,Exact spectral,4,40,2,2,1,by_dim,0.006799299968406558,0.018701299908570945,0.025500599876977503,0.006799299968406558,0.006799299968406558,0.0007890575452106661,0.0033422915763340476,0.36306046274400705,,,,,,,,,,,,,,,,,,
polblogs,0.5,0,0.0,all,1222,Gaussian RP,4,40,42,2,1,by_dim,0.007200199994258583,0.018334600026719272,0.025534800020977855,,0.007182099972851574,0.6801584977285483,0.5759850566525443,0.9120328042007677,0.0005055000074207783,0.1543033499620919,0.0023045999696478248,0.0029687000205740333,0.000983899924904108,0.00039080006536096334,2.859998494386673e-05,,,,,,,,,,,
polblogs,0.5,0,0.0,low_deg_1_2,242,Gaussian RP,4,40,42,2,1,by_dim,0.007200199994258583,0.018334600026719272,0.025534800020977855,,0.007182099972851574,0.3714286933916154,0.29931887533088447,0.8056224899598394,0.0005055000074207783,0.1543033499620919,0.0023045999696478248,0.0029687000205740333,0.000983899924904108,0.00039080006536096334,2.859998494386673e-05,,,,,,,,,,,
polblogs,0.5,0,0.0,mid_deg_3_8,271,Gaussian RP,4,40,42,2,1,by_dim,0.007200199994258583,0.018334600026719272,0.025534800020977855,,0.007182099972851574,0.5819046135466829,0.4758049849818895,0.8816464679550169,0.0005055000074207783,0.1543033499620919,0.0023045999696478248,0.0029687000205740333,0.000983899924904108,0.00039080006536096334,2.859998494386673e-05,,,,,,,,,,,
polblogs,0.5,0,0.0,high_deg_9_plus,709,Gaussian RP,4,40,42,2,1,by_dim,0.007200199994258583,0.018334600026719272,0.025534800020977855,,0.007182099972851574,0.8479996031568995,0.7665328635743457,0.9596563104586321,0.0005055000074207783,0.1543033499620919,0.0023045999696478248,0.0029687000205740333,0.000983899924904108,0.00039080006536096334,2.859998494386673e-05,,,,,,,,,,,
polblogs,0.5,0,0.0,all,1222,Degree-stratified RP,4,40,42,2,1,by_dim,0.010007099946960807,0.021884400048293173,0.03189149999525398,,0.009897400042973459,0.8101380229389481,0.7223895454752098,0.9498615411209754,,,,,,,,0.00022110005374997854,0.0020044000120833516,0.004085500026121736,0.00184449995867908,0.0013256999664008617,0.0003872000379487872,2.8999987989664078e-05,9.0,2.0,8.0,"[1,2):n=135,ell=2;[2,4):n=182,ell=2;[4,8):n=169,ell=3;[8,16):n=189,ell=4;[16,32):n=196,ell=6;[32,64):n=184,ell=7;[64,128):n=134,ell=8;[128,256):n=28,ell=6;[256,512):n=5,ell=4"
polblogs,0.5,0,0.0,low_deg_1_2,242,Degree-stratified RP,4,40,42,2,1,by_dim,0.010007099946960807,0.021884400048293173,0.03189149999525398,,0.009897400042973459,0.5763515549829719,0.5047789268225537,0.8801468704636666,,,,,,,,0.00022110005374997854,0.0020044000120833516,0.004085500026121736,0.00184449995867908,0.0013256999664008617,0.0003872000379487872,2.8999987989664078e-05,9.0,2.0,8.0,"[1,2):n=135,ell=2;[2,4):n=182,ell=2;[4,8):n=169,ell=3;[8,16):n=189,ell=4;[16,32):n=196,ell=6;[32,64):n=184,ell=7;[64,128):n=134,ell=8;[128,256):n=28,ell=6;[256,512):n=5,ell=4"
polblogs,0.5,0,0.0,mid_deg_3_8,271,Degree-stratified RP,4,40,42,2,1,by_dim,0.010007099946960807,0.021884400048293173,0.03189149999525398,,0.009897400042973459,0.7769572674882528,0.6818435046250282,0.9408942202835333,,,,,,,,0.00022110005374997854,0.0020044000120833516,0.004085500026121736,0.00184449995867908,0.0013256999664008617,0.0003872000379487872,2.8999987989664078e-05,9.0,2.0,8.0,"[1,2):n=135,ell=2;[2,4):n=182,ell=2;[4,8):n=169,ell=3;[8,16):n=189,ell=4;[16,32):n=196,ell=6;[32,64):n=184,ell=7;[64,128):n=134,ell=8;[128,256):n=28,ell=6;[256,512):n=5,ell=4"
polblogs,0.5,0,0.0,high_deg_9_plus,709,Degree-stratified RP,4,40,42,2,1,by_dim,0.010007099946960807,0.021884400048293173,0.03189149999525398,,0.009897400042973459,0.9116225983009979,0.8450249786880669,0.9770379246688474,,,,,,,,0.00022110005374997854,0.0020044000120833516,0.004085500026121736,0.00184449995867908,0.0013256999664008617,0.0003872000379487872,2.8999987989664078e-05,9.0,2.0,8.0,"[1,2):n=135,ell=2;[2,4):n=182,ell=2;[4,8):n=169,ell=3;[8,16):n=189,ell=4;[16,32):n=196,ell=6;[32,64):n=184,ell=7;[64,128):n=134,ell=8;[128,256):n=28,ell=6;[256,512):n=5,ell=4"
polblogs,0.5,0,0.0,all,1222,Exact spectral,5,40,2,2,1,by_dim,0.006799299968406558,0.015938600059598684,0.022737900028005242,0.006799299968406558,0.006799299968406558,-0.00024081082708013297,0.0005978453430448398,0.33031488031643624,,,,,,,,,,,,,,,,,,
polblogs,0.5,0,0.0,low_deg_1_2,242,Exact spectral,5,40,2,2,1,by_dim,0.006799299968406558,0.015938600059598684,0.022737900028005242,0.006799299968406558,0.006799299968406558,0.0034424824275672895,0.017798216811149955,0.3726958525345622,,,,,,,,,,,,,,,,,,
polblogs,0.5,0,0.0,mid_deg_3_8,271,Exact spectral,5,40,2,2,1,by_dim,0.006799299968406558,0.015938600059598684,0.022737900028005242,0.006799299968406558,0.006799299968406558,0.0008465349010664863,0.002279836505596332,0.36076595902750697,,,,,,,,,,,,,,,,,,
polblogs,0.5,0,0.0,high_deg_9_plus,709,Exact spectral,5,40,2,2,1,by_dim,0.006799299968406558,0.015938600059598684,0.022737900028005242,0.006799299968406558,0.006799299968406558,0.0007890575452106661,0.0033422915763340476,0.36306046274400705,,,,,,,,,,,,,,,,,,
polblogs,0.5,0,0.0,all,1222,Gaussian RP,5,40,42,2,1,by_dim,0.008197000017389655,0.061577799962833524,0.06977479998022318,,0.008175099967047572,0.004454272896927484,0.007726759013724528,0.4168742385271423,0.0004929000278934836,0.1543033499620919,0.002428899984806776,0.002324500004760921,0.0024446999887004495,0.0004427999956533313,4.12999652326107e-05,,,,,,,,,,,
polblogs,0.5,0,0.0,low_deg_1_2,242,Gaussian RP,5,40,42,2,1,by_dim,0.008197000017389655,0.061577799962833524,0.06977479998022318,,0.008175099967047572,0.002394717936437344,0.03633445607870291,0.5064886911383017,0.0004929000278934836,0.1543033499620919,0.002428899984806776,0.002324500004760921,0.0024446999887004495,0.0004427999956533313,4.12999652326107e-05,,,,,,,,,,,
polblogs,0.5,0,0.0,mid_deg_3_8,271,Gaussian RP,5,40,42,2,1,by_dim,0.008197000017389655,0.061577799962833524,0.06977479998022318,,0.008175099967047572,0.0016390907597404788,0.0018450644705373205,0.4285379568884724,0.0004929000278934836,0.1543033499620919,0.002428899984806776,0.002324500004760921,0.0024446999887004495,0.0004427999956533313,4.12999652326107e-05,,,,,,,,,,,
polblogs,0.5,0,0.0,high_deg_9_plus,709,Gaussian RP,5,40,42,2,1,by_dim,0.008197000017389655,0.061577799962833524,0.06977479998022318,,0.008175099967047572,0.0022081073657130613,0.0019732924644040558,0.37785293791904856,0.0004929000278934836,0.1543033499620919,0.002428899984806776,0.002324500004760921,0.0024446999887004495,0.0004427999956533313,4.12999652326107e-05,,,,,,,,,,,
polblogs,0.5,0,0.0,all,1222,Degree-stratified RP,5,40,42,2,1,by_dim,0.010157000040635467,0.014056599931791425,0.02421359997242689,,0.01005559996701777,0.7867179324064034,0.693884579360457,0.9432860055302836,,,,,,,,0.00024349999148398638,0.0026721999747678638,0.0037305000005289912,0.0020349000114947557,0.0009091999381780624,0.00042150006629526615,4.379998426884413e-05,9.0,2.0,8.0,"[1,2):n=135,ell=2;[2,4):n=182,ell=2;[4,8):n=169,ell=3;[8,16):n=189,ell=4;[16,32):n=196,ell=6;[32,64):n=184,ell=7;[64,128):n=134,ell=8;[128,256):n=28,ell=6;[256,512):n=5,ell=4"
polblogs,0.5,0,0.0,low_deg_1_2,242,Degree-stratified RP,5,40,42,2,1,by_dim,0.010157000040635467,0.014056599931791425,0.02421359997242689,,0.01005559996701777,0.5269742524385125,0.4471104185956469,0.8635781274022447,,,,,,,,0.00024349999148398638,0.0026721999747678638,0.0037305000005289912,0.0020349000114947557,0.0009091999381780624,0.00042150006629526615,4.379998426884413e-05,9.0,2.0,8.0,"[1,2):n=135,ell=2;[2,4):n=182,ell=2;[4,8):n=169,ell=3;[8,16):n=189,ell=4;[16,32):n=196,ell=6;[32,64):n=184,ell=7;[64,128):n=134,ell=8;[128,256):n=28,ell=6;[256,512):n=5,ell=4"
polblogs,0.5,0,0.0,mid_deg_3_8,271,Degree-stratified RP,5,40,42,2,1,by_dim,0.010157000040635467,0.014056599931791425,0.02421359997242689,,0.01005559996701777,0.7769574821221844,0.6765576669537819,0.9408232339775084,,,,,,,,0.00024349999148398638,0.0026721999747678638,0.0037305000005289912,0.0020349000114947557,0.0009091999381780624,0.00042150006629526615,4.379998426884413e-05,9.0,2.0,8.0,"[1,2):n=135,ell=2;[2,4):n=182,ell=2;[4,8):n=169,ell=3;[8,16):n=189,ell=4;[16,32):n=196,ell=6;[32,64):n=184,ell=7;[64,128):n=134,ell=8;[128,256):n=28,ell=6;[256,512):n=5,ell=4"
polblogs,0.5,0,0.0,high_deg_9_plus,709,Degree-stratified RP,5,40,42,2,1,by_dim,0.010157000040635467,0.014056599931791425,0.02421359997242689,,0.01005559996701777,0.8901583537433908,0.8201422340267639,0.9712303197532868,,,,,,,,0.00024349999148398638,0.0026721999747678638,0.0037305000005289912,0.0020349000114947557,0.0009091999381780624,0.00042150006629526615,4.379998426884413e-05,9.0,2.0,8.0,"[1,2):n=135,ell=2;[2,4):n=182,ell=2;[4,8):n=169,ell=3;[8,16):n=189,ell=4;[16,32):n=196,ell=6;[32,64):n=184,ell=7;[64,128):n=134,ell=8;[128,256):n=28,ell=6;[256,512):n=5,ell=4"
polblogs,0.5,0,0.0,all,1222,Exact spectral,6,40,2,2,1,by_dim,0.006799299968406558,0.010733300005085766,0.017532599973492324,0.006799299968406558,0.006799299968406558,-0.00024081082708013297,0.0005978453430448398,0.33031488031643624,,,,,,,,,,,,,,,,,,
polblogs,0.5,0,0.0,low_deg_1_2,242,Exact spectral,6,40,2,2,1,by_dim,0.006799299968406558,0.010733300005085766,0.017532599973492324,0.006799299968406558,0.006799299968406558,0.0034424824275672895,0.017798216811149955,0.3726958525345622,,,,,,,,,,,,,,,,,,
polblogs,0.5,0,0.0,mid_deg_3_8,271,Exact spectral,6,40,2,2,1,by_dim,0.006799299968406558,0.010733300005085766,0.017532599973492324,0.006799299968406558,0.006799299968406558,0.0008465349010664863,0.002279836505596332,0.36076595902750697,,,,,,,,,,,,,,,,,,
polblogs,0.5,0,0.0,high_deg_9_plus,709,Exact spectral,6,40,2,2,1,by_dim,0.006799299968406558,0.010733300005085766,0.017532599973492324,0.006799299968406558,0.006799299968406558,0.0007890575452106661,0.0033422915763340476,0.36306046274400705,,,,,,,,,,,,,,,,,,
polblogs,0.5,0,0.0,all,1222,Gaussian RP,6,40,42,2,1,by_dim,0.007478400017134845,0.02809229993727058,0.03557069995440543,,0.007457399973645806,0.002303289628586164,0.005622365103400099,0.384095876855415,0.0004783999174833298,0.1543033499620919,0.002310900017619133,0.0022411999525502324,0.0016077000182121992,0.0007782999891787767,4.090007860213518e-05,,,,,,,,,,,
polblogs,0.5,0,0.0,low_deg_1_2,242,Gaussian RP,6,40,42,2,1,by_dim,0.007478400017134845,0.02809229993727058,0.03557069995440543,,0.007457399973645806,-0.006098827482156593,0.025057463038365785,0.4456006833889881,0.0004783999174833298,0.1543033499620919,0.002310900017619133,0.0022411999525502324,0.0016077000182121992,0.0007782999891787767,4.090007860213518e-05,,,,,,,,,,,
polblogs,0.5,0,0.0,mid_deg_3_8,271,Gaussian RP,6,40,42,2,1,by_dim,0.007478400017134845,0.02809229993727058,0.03557069995440543,,0.007457399973645806,0.0017680323778153737,0.002953887582665803,0.3875376668101592,0.0004783999174833298,0.1543033499620919,0.002310900017619133,0.0022411999525502324,0.0016077000182121992,0.0007782999891787767,4.090007860213518e-05,,,,,,,,,,,
polblogs,0.5,0,0.0,high_deg_9_plus,709,Gaussian RP,6,40,42,2,1,by_dim,0.007478400017134845,0.02809229993727058,0.03557069995440543,,0.007457399973645806,0.0009445738434899108,0.0012555696992438315,0.36597087602695466,0.0004783999174833298,0.1543033499620919,0.002310900017619133,0.0022411999525502324,0.0016077000182121992,0.0007782999891787767,4.090007860213518e-05,,,,,,,,,,,
polblogs,0.5,0,0.0,all,1222,Degree-stratified RP,6,40,42,2,1,by_dim,0.010255899978801608,0.011295199976302683,0.02155109995510429,,0.010033399914391339,0.8130896135971465,0.7267027498266475,0.9506780755569906,,,,,,,,0.0002747999969869852,0.002297599916346371,0.003984100068919361,0.002113599912263453,0.0008981000864878297,0.0004246999742463231,4.0499959141016006e-05,9.0,2.0,8.0,"[1,2):n=135,ell=2;[2,4):n=182,ell=2;[4,8):n=169,ell=3;[8,16):n=189,ell=4;[16,32):n=196,ell=6;[32,64):n=184,ell=7;[64,128):n=134,ell=8;[128,256):n=28,ell=6;[256,512):n=5,ell=4"
polblogs,0.5,0,0.0,low_deg_1_2,242,Degree-stratified RP,6,40,42,2,1,by_dim,0.010255899978801608,0.011295199976302683,0.02155109995510429,,0.010033399914391339,0.6018682811955293,0.5244417821281059,0.8883821042382001,,,,,,,,0.0002747999969869852,0.002297599916346371,0.003984100068919361,0.002113599912263453,0.0008981000864878297,0.0004246999742463231,4.0499959141016006e-05,9.0,2.0,8.0,"[1,2):n=135,ell=2;[2,4):n=182,ell=2;[4,8):n=169,ell=3;[8,16):n=189,ell=4;[16,32):n=196,ell=6;[32,64):n=184,ell=7;[64,128):n=134,ell=8;[128,256):n=28,ell=6;[256,512):n=5,ell=4"
polblogs,0.5,0,0.0,mid_deg_3_8,271,Degree-stratified RP,6,40,42,2,1,by_dim,0.010255899978801608,0.011295199976302683,0.02155109995510429,,0.010033399914391339,0.8300940819695464,0.7389003361471042,0.9556174254831313,,,,,,,,0.0002747999969869852,0.002297599916346371,0.003984100068919361,0.002113599912263453,0.0008981000864878297,0.0004246999742463231,4.0499959141016006e-05,9.0,2.0,8.0,"[1,2):n=135,ell=2;[2,4):n=182,ell=2;[4,8):n=169,ell=3;[8,16):n=189,ell=4;[16,32):n=196,ell=6;[32,64):n=184,ell=7;[64,128):n=134,ell=8;[128,256):n=28,ell=6;[256,512):n=5,ell=4"
polblogs,0.5,0,0.0,high_deg_9_plus,709,Degree-stratified RP,6,40,42,2,1,by_dim,0.010255899978801608,0.011295199976302683,0.02155109995510429,,0.010033399914391339,0.8848322592470858,0.813802400543072,0.9697796342866886,,,,,,,,0.0002747999969869852,0.002297599916346371,0.003984100068919361,0.002113599912263453,0.0008981000864878297,0.0004246999742463231,4.0499959141016006e-05,9.0,2.0,8.0,"[1,2):n=135,ell=2;[2,4):n=182,ell=2;[4,8):n=169,ell=3;[8,16):n=189,ell=4;[16,32):n=196,ell=6;[32,64):n=184,ell=7;[64,128):n=134,ell=8;[128,256):n=28,ell=6;[256,512):n=5,ell=4"
polblogs,0.5,0,0.0,all,1222,Exact spectral,7,40,2,2,1,by_dim,0.006799299968406558,0.009918499970808625,0.016717799939215183,0.006799299968406558,0.006799299968406558,-0.00024081082708013297,0.0005978453430448398,0.33031488031643624,,,,,,,,,,,,,,,,,,
polblogs,0.5,0,0.0,low_deg_1_2,242,Exact spectral,7,40,2,2,1,by_dim,0.006799299968406558,0.009918499970808625,0.016717799939215183,0.006799299968406558,0.006799299968406558,0.0034424824275672895,0.017798216811149955,0.3726958525345622,,,,,,,,,,,,,,,,,,
polblogs,0.5,0,0.0,mid_deg_3_8,271,Exact spectral,7,40,2,2,1,by_dim,0.006799299968406558,0.009918499970808625,0.016717799939215183,0.006799299968406558,0.006799299968406558,0.0008465349010664863,0.002279836505596332,0.36076595902750697,,,,,,,,,,,,,,,,,,
polblogs,0.5,0,0.0,high_deg_9_plus,709,Exact spectral,7,40,2,2,1,by_dim,0.006799299968406558,0.009918499970808625,0.016717799939215183,0.006799299968406558,0.006799299968406558,0.0007890575452106661,0.0033422915763340476,0.36306046274400705,,,,,,,,,,,,,,,,,,
polblogs,0.5,0,0.0,all,1222,Gaussian RP,7,40,42,2,1,by_dim,0.006201400072313845,0.028357099974527955,0.0345585000468418,,0.006184900063090026,0.3256777630338074,0.26636470161270637,0.7811604584527221,0.00046820007264614105,0.1543033499620919,0.0022729000775143504,0.0020891999593004584,0.0009348000166937709,0.00038049998693168163,3.929995000362396e-05,,,,,,,,,,,
polblogs,0.5,0,0.0,low_deg_1_2,242,Gaussian RP,7,40,42,2,1,by_dim,0.006201400072313845,0.028357099974527955,0.0345585000468418,,0.006184900063090026,0.03184858429228278,0.038165157614925414,0.5916666666666667,0.00046820007264614105,0.1543033499620919,0.0022729000775143504,0.0020891999593004584,0.0009348000166937709,0.00038049998693168163,3.929995000362396e-05,,,,,,,,,,,
polblogs,0.5,0,0.0,mid_deg_3_8,271,Gaussian RP,7,40,42,2,1,by_dim,0.006201400072313845,0.028357099974527955,0.0345585000468418,,0.006184900063090026,0.1357286591712198,0.11602146766079115,0.6849569867472681,0.00046820007264614105,0.1543033499620919,0.0022729000775143504,0.0020891999593004584,0.0009348000166937709,0.00038049998693168163,3.929995000362396e-05,,,,,,,,,,,
polblogs,0.5,0,0.0,high_deg_9_plus,709,Gaussian RP,7,40,42,2,1,by_dim,0.006201400072313845,0.028357099974527955,0.0345585000468418,,0.006184900063090026,0.6030577981407026,0.5119766046462665,0.8844478828201557,0.00046820007264614105,0.1543033499620919,0.0022729000775143504,0.0020891999593004584,0.0009348000166937709,0.00038049998693168163,3.929995000362396e-05,,,,,,,,,,,
polblogs,0.5,0,0.0,all,1222,Degree-stratified RP,7,40,42,2,1,by_dim,0.009981400100514293,0.013114500092342496,0.02309590019285679,,0.009889899985864758,0.801315224367638,0.712094340429857,0.9473899472607901,,,,,,,,0.0004464000230655074,0.002221600036136806,0.003483799984678626,0.002358999918214977,0.0009241000516340137,0.00041280000004917383,4.2199972085654736e-05,9.0,2.0,8.0,"[1,2):n=135,ell=2;[2,4):n=182,ell=2;[4,8):n=169,ell=3;[8,16):n=189,ell=4;[16,32):n=196,ell=6;[32,64):n=184,ell=7;[64,128):n=134,ell=8;[128,256):n=28,ell=6;[256,512):n=5,ell=4"
polblogs,0.5,0,0.0,low_deg_1_2,242,Degree-stratified RP,7,40,42,2,1,by_dim,0.009981400100514293,0.013114500092342496,0.02309590019285679,,0.009889899985864758,0.5637984222568785,0.4952879886929935,0.8760245901639344,,,,,,,,0.0004464000230655074,0.002221600036136806,0.003483799984678626,0.002358999918214977,0.0009241000516340137,0.00041280000004917383,4.2199972085654736e-05,9.0,2.0,8.0,"[1,2):n=135,ell=2;[2,4):n=182,ell=2;[4,8):n=169,ell=3;[8,16):n=189,ell=4;[16,32):n=196,ell=6;[32,64):n=184,ell=7;[64,128):n=134,ell=8;[128,256):n=28,ell=6;[256,512):n=5,ell=4"
polblogs,0.5,0,0.0,mid_deg_3_8,271,Degree-stratified RP,7,40,42,2,1,by_dim,0.009981400100514293,0.013114500092342496,0.02309590019285679,,0.009889899985864758,0.8166460057741001,0.72204183140994,0.951901153662366,,,,,,,,0.0004464000230655074,0.002221600036136806,0.003483799984678626,0.002358999918214977,0.0009241000516340137,0.00041280000004917383,4.2199972085654736e-05,9.0,2.0,8.0,"[1,2):n=135,ell=2;[2,4):n=182,ell=2;[4,8):n=169,ell=3;[8,16):n=189,ell=4;[16,32):n=196,ell=6;[32,64):n=184,ell=7;[64,128):n=134,ell=8;[128,256):n=28,ell=6;[256,512):n=5,ell=4"
polblogs,0.5,0,0.0,high_deg_9_plus,709,Degree-stratified RP,7,40,42,2,1,by_dim,0.009981400100514293,0.013114500092342496,0.02309590019285679,,0.009889899985864758,0.8848350443487728,0.8112918786899375,0.9698039048667855,,,,,,,,0.0004464000230655074,0.002221600036136806,0.003483799984678626,0.002358999918214977,0.0009241000516340137,0.00041280000004917383,4.2199972085654736e-05,9.0,2.0,8.0,"[1,2):n=135,ell=2;[2,4):n=182,ell=2;[4,8):n=169,ell=3;[8,16):n=189,ell=4;[16,32):n=196,ell=6;[32,64):n=184,ell=7;[64,128):n=134,ell=8;[128,256):n=28,ell=6;[256,512):n=5,ell=4"
polblogs,0.5,0,0.0,all,1222,Exact spectral,8,40,2,2,1,by_dim,0.006799299968406558,0.01041730004362762,0.017216600012034178,0.006799299968406558,0.006799299968406558,-0.00024081082708013297,0.0005978453430448398,0.33031488031643624,,,,,,,,,,,,,,,,,,
polblogs,0.5,0,0.0,low_deg_1_2,242,Exact spectral,8,40,2,2,1,by_dim,0.006799299968406558,0.01041730004362762,0.017216600012034178,0.006799299968406558,0.006799299968406558,0.0034424824275672895,0.017798216811149955,0.3726958525345622,,,,,,,,,,,,,,,,,,
polblogs,0.5,0,0.0,mid_deg_3_8,271,Exact spectral,8,40,2,2,1,by_dim,0.006799299968406558,0.01041730004362762,0.017216600012034178,0.006799299968406558,0.006799299968406558,0.0008465349010664863,0.002279836505596332,0.36076595902750697,,,,,,,,,,,,,,,,,,
polblogs,0.5,0,0.0,high_deg_9_plus,709,Exact spectral,8,40,2,2,1,by_dim,0.006799299968406558,0.01041730004362762,0.017216600012034178,0.006799299968406558,0.006799299968406558,0.0007890575452106661,0.0033422915763340476,0.36306046274400705,,,,,,,,,,,,,,,,,,
polblogs,0.5,0,0.0,all,1222,Gaussian RP,8,40,42,2,1,by_dim,0.006487599923275411,0.01974100002553314,0.02622859994880855,,0.006468900013715029,0.5324352942520628,0.44251334557229227,0.863547679133007,0.0005528000183403492,0.1543033499620919,0.002327800029888749,0.002129600034095347,0.0009313999908044934,0.0004854999715462327,4.179996903985739e-05,,,,,,,,,,,
polblogs,0.5,0,0.0,low_deg_1_2,242,Gaussian RP,8,40,42,2,1,by_dim,0.006487599923275411,0.01974100002553314,0.02622859994880855,,0.006468900013715029,0.19572577443121092,0.1775699177405122,0.7223392413734053,0.0005528000183403492,0.1543033499620919,0.002327800029888749,0.002129600034095347,0.0009313999908044934,0.0004854999715462327,4.179996903985739e-05,,,,,,,,,,,
polblogs,0.5,0,0.0,mid_deg_3_8,271,Gaussian RP,8,40,42,2,1,by_dim,0.006487599923275411,0.01974100002553314,0.02622859994880855,,0.006468900013715029,0.35055606117029253,0.28650573536808366,0.7969484367549895,0.0005528000183403492,0.1543033499620919,0.002327800029888749,0.002129600034095347,0.0009313999908044934,0.0004854999715462327,4.179996903985739e-05,,,,,,,,,,,
polblogs,0.5,0,0.0,high_deg_9_plus,709,Gaussian RP,8,40,42,2,1,by_dim,0.006487599923275411,0.01974100002553314,0.02622859994880855,,0.006468900013715029,0.771703328459575,0.6739019376418652,0.9379645738587228,0.0005528000183403492,0.1543033499620919,0.002327800029888749,0.002129600034095347,0.0009313999908044934,0.0004854999715462327,4.179996903985739e-05,,,,,,,,,,,
polblogs,0.5,0,0.0,all,1222,Degree-stratified RP,8,40,42,2,1,by_dim,0.01021570002194494,0.014377000043168664,0.024592700065113604,,0.010120200109668076,0.7983853781755039,0.7049807315034777,0.9466073878489627,,,,,,,,0.00028989999555051327,0.0023487999569624662,0.0037097000749781728,0.0024009000044316053,0.000924800056964159,0.0004053999437019229,4.070007707923651e-05,9.0,2.0,8.0,"[1,2):n=135,ell=2;[2,4):n=182,ell=2;[4,8):n=169,ell=3;[8,16):n=189,ell=4;[16,32):n=196,ell=6;[32,64):n=184,ell=7;[64,128):n=134,ell=8;[128,256):n=28,ell=6;[256,512):n=5,ell=4"
polblogs,0.5,0,0.0,low_deg_1_2,242,Degree-stratified RP,8,40,42,2,1,by_dim,0.01021570002194494,0.014377000043168664,0.024592700065113604,,0.010120200109668076,0.5638023945961083,0.48769891026449075,0.8759991801598688,,,,,,,,0.00028989999555051327,0.0023487999569624662,0.0037097000749781728,0.0024009000044316053,0.000924800056964159,0.0004053999437019229,4.070007707923651e-05,9.0,2.0,8.0,"[1,2):n=135,ell=2;[2,4):n=182,ell=2;[4,8):n=169,ell=3;[8,16):n=189,ell=4;[16,32):n=196,ell=6;[32,64):n=184,ell=7;[64,128):n=134,ell=8;[128,256):n=28,ell=6;[256,512):n=5,ell=4"
polblogs,0.5,0,0.0,mid_deg_3_8,271,Degree-stratified RP,8,40,42,2,1,by_dim,0.01021570002194494,0.014377000043168664,0.024592700065113604,,0.010120200109668076,0.7900782073973769,0.6919928355539716,0.9444041741318708,,,,,,,,0.00028989999555051327,0.0023487999569624662,0.0037097000749781728,0.0024009000044316053,0.000924800056964159,0.0004053999437019229,4.070007707923651e-05,9.0,2.0,8.0,"[1,2):n=135,ell=2;[2,4):n=182,ell=2;[4,8):n=169,ell=3;[8,16):n=189,ell=4;[16,32):n=196,ell=6;[32,64):n=184,ell=7;[64,128):n=134,ell=8;[128,256):n=28,ell=6;[256,512):n=5,ell=4"
polblogs,0.5,0,0.0,high_deg_9_plus,709,Degree-stratified RP,8,40,42,2,1,by_dim,0.01021570002194494,0.014377000043168664,0.024592700065113604,,0.010120200109668076,0.8901609621521632,0.8177503261619835,0.9712531828281354,,,,,,,,0.00028989999555051327,0.0023487999569624662,0.0037097000749781728,0.0024009000044316053,0.000924800056964159,0.0004053999437019229,4.070007707923651e-05,9.0,2.0,8.0,"[1,2):n=135,ell=2;[2,4):n=182,ell=2;[4,8):n=169,ell=3;[8,16):n=189,ell=4;[16,32):n=196,ell=6;[32,64):n=184,ell=7;[64,128):n=134,ell=8;[128,256):n=28,ell=6;[256,512):n=5,ell=4"
polblogs,0.5,0,0.0,all,1222,Exact spectral,9,40,2,2,1,by_dim,0.006799299968406558,0.011674599954858422,0.01847389992326498,0.006799299968406558,0.006799299968406558,-0.00024081082708013297,0.0005978453430448398,0.33031488031643624,,,,,,,,,,,,,,,,,,
polblogs,0.5,0,0.0,low_deg_1_2,242,Exact spectral,9,40,2,2,1,by_dim,0.006799299968406558,0.011674599954858422,0.01847389992326498,0.006799299968406558,0.006799299968406558,0.0034424824275672895,0.017798216811149955,0.3726958525345622,,,,,,,,,,,,,,,,,,
polblogs,0.5,0,0.0,mid_deg_3_8,271,Exact spectral,9,40,2,2,1,by_dim,0.006799299968406558,0.011674599954858422,0.01847389992326498,0.006799299968406558,0.006799299968406558,0.0008465349010664863,0.002279836505596332,0.36076595902750697,,,,,,,,,,,,,,,,,,
polblogs,0.5,0,0.0,high_deg_9_plus,709,Exact spectral,9,40,2,2,1,by_dim,0.006799299968406558,0.011674599954858422,0.01847389992326498,0.006799299968406558,0.006799299968406558,0.0007890575452106661,0.0033422915763340476,0.36306046274400705,,,,,,,,,,,,,,,,,,
polblogs,0.5,0,0.0,all,1222,Gaussian RP,9,40,42,2,1,by_dim,0.007302300073206425,0.037504299893043935,0.04480659996625036,,0.00727790012024343,0.0057044674197118134,0.018660962663617674,0.40411719498971965,0.0004762000171467662,0.1543033499620919,0.0017767000244930387,0.002202900010161102,0.0021551999961957335,0.0006161000346764922,5.080003757029772e-05,,,,,,,,,,,
polblogs,0.5,0,0.0,low_deg_1_2,242,Gaussian RP,9,40,42,2,1,by_dim,0.007302300073206425,0.037504299893043935,0.04480659996625036,,0.00727790012024343,0.003547983481912272,0.05958284532584183,0.4988505747126437,0.0004762000171467662,0.1543033499620919,0.0017767000244930387,0.002202900010161102,0.0021551999961957335,0.0006161000346764922,5.080003757029772e-05,,,,,,,,,,,
polblogs,0.5,0,0.0,mid_deg_3_8,271,Gaussian RP,9,40,42,2,1,by_dim,0.007302300073206425,0.037504299893043935,0.04480659996625036,,0.00727790012024343,-0.0015273655967290654,0.0006636463413107994,0.36299074768692174,0.0004762000171467662,0.1543033499620919,0.0017767000244930387,0.002202900010161102,0.0021551999961957335,0.0006161000346764922,5.080003757029772e-05,,,,,,,,,,,
polblogs,0.5,0,0.0,high_deg_9_plus,709,Gaussian RP,9,40,42,2,1,by_dim,0.007302300073206425,0.037504299893043935,0.04480659996625036,,0.00727790012024343,0.0015939267546879494,0.006609250340620238,0.3665707718329406,0.0004762000171467662,0.1543033499620919,0.0017767000244930387,0.002202900010161102,0.0021551999961957335,0.0006161000346764922,5.080003757029772e-05,,,,,,,,,,,
polblogs,0.5,0,0.0,all,1222,Degree-stratified RP,9,40,42,2,1,by_dim,0.01680139999371022,0.018027400015853345,0.034828800009563565,,0.016706500086002052,0.8249501315876123,0.7369545037725667,0.954004817825956,,,,,,,,0.00046090001706033945,0.003124099923297763,0.008815500070340931,0.0026539000682532787,0.0011190000222995877,0.0004945999244228005,3.850006032735109e-05,9.0,2.0,8.0,"[1,2):n=135,ell=2;[2,4):n=182,ell=2;[4,8):n=169,ell=3;[8,16):n=189,ell=4;[16,32):n=196,ell=6;[32,64):n=184,ell=7;[64,128):n=134,ell=8;[128,256):n=28,ell=6;[256,512):n=5,ell=4"
polblogs,0.5,0,0.0,low_deg_1_2,242,Degree-stratified RP,9,40,42,2,1,by_dim,0.01680139999371022,0.018027400015853345,0.034828800009563565,,0.016706500086002052,0.6018719067990872,0.5113538558288809,0.8882752252791409,,,,,,,,0.00046090001706033945,0.003124099923297763,0.008815500070340931,0.0026539000682532787,0.0011190000222995877,0.0004945999244228005,3.850006032735109e-05,9.0,2.0,8.0,"[1,2):n=135,ell=2;[2,4):n=182,ell=2;[4,8):n=169,ell=3;[8,16):n=189,ell=4;[16,32):n=196,ell=6;[32,64):n=184,ell=7;[64,128):n=134,ell=8;[128,256):n=28,ell=6;[256,512):n=5,ell=4"
polblogs,0.5,0,0.0,mid_deg_3_8,271,Degree-stratified RP,9,40,42,2,1,by_dim,0.01680139999371022,0.018027400015853345,0.034828800009563565,,0.016706500086002052,0.8710947308829659,0.7895971853364019,0.9666734986677599,,,,,,,,0.00046090001706033945,0.003124099923297763,0.008815500070340931,0.0026539000682532787,0.0011190000222995877,0.0004945999244228005,3.850006032735109e-05,9.0,2.0,8.0,"[1,2):n=135,ell=2;[2,4):n=182,ell=2;[4,8):n=169,ell=3;[8,16):n=189,ell=4;[16,32):n=196,ell=6;[32,64):n=184,ell=7;[64,128):n=134,ell=8;[128,256):n=28,ell=6;[256,512):n=5,ell=4"
polblogs,0.5,0,0.0,high_deg_9_plus,709,Degree-stratified RP,9,40,42,2,1,by_dim,0.01680139999371022,0.018027400015853345,0.034828800009563565,,0.016706500086002052,0.8901583537433908,0.8201422340267639,0.9712303197532868,,,,,,,,0.00046090001706033945,0.003124099923297763,0.008815500070340931,0.0026539000682532787,0.0011190000222995877,0.0004945999244228005,3.850006032735109e-05,9.0,2.0,8.0,"[1,2):n=135,ell=2;[2,4):n=182,ell=2;[4,8):n=169,ell=3;[8,16):n=189,ell=4;[16,32):n=196,ell=6;[32,64):n=184,ell=7;[64,128):n=134,ell=8;[128,256):n=28,ell=6;[256,512):n=5,ell=4"
polblogs,0.5,0,0.0,all,1222,Exact spectral,10,40,2,2,1,by_dim,0.006799299968406558,0.012465599924325943,0.0192648998927325,0.006799299968406558,0.006799299968406558,-0.00024081082708013297,0.0005978453430448398,0.33031488031643624,,,,,,,,,,,,,,,,,,
polblogs,0.5,0,0.0,low_deg_1_2,242,Exact spectral,10,40,2,2,1,by_dim,0.006799299968406558,0.012465599924325943,0.0192648998927325,0.006799299968406558,0.006799299968406558,0.0034424824275672895,0.017798216811149955,0.3726958525345622,,,,,,,,,,,,,,,,,,
polblogs,0.5,0,0.0,mid_deg_3_8,271,Exact spectral,10,40,2,2,1,by_dim,0.006799299968406558,0.012465599924325943,0.0192648998927325,0.006799299968406558,0.006799299968406558,0.0008465349010664863,0.002279836505596332,0.36076595902750697,,,,,,,,,,,,,,,,,,
polblogs,0.5,0,0.0,high_deg_9_plus,709,Exact spectral,10,40,2,2,1,by_dim,0.006799299968406558,0.012465599924325943,0.0192648998927325,0.006799299968406558,0.006799299968406558,0.0007890575452106661,0.0033422915763340476,0.36306046274400705,,,,,,,,,,,,,,,,,,
polblogs,0.5,0,0.0,all,1222,Gaussian RP,10,40,42,2,1,by_dim,0.006799299968406558,0.02481229999102652,0.03161159995943308,,0.006776499911211431,0.0020889003420174633,0.005511469533271389,0.37975028296547825,0.0004779000300914049,0.1543033499620919,0.0025262999115511775,0.002346700057387352,0.0009643000084906816,0.0004156999057158828,4.5599997974932194e-05,,,,,,,,,,,
polblogs,0.5,0,0.0,low_deg_1_2,242,Gaussian RP,10,40,42,2,1,by_dim,0.006799299968406558,0.02481229999102652,0.03161159995943308,,0.006776499911211431,-0.006997794781391688,0.019335443433577546,0.4217957072053394,0.0004779000300914049,0.1543033499620919,0.0025262999115511775,0.002346700057387352,0.0009643000084906816,0.0004156999057158828,4.5599997974932194e-05,,,,,,,,,,,
polblogs,0.5,0,0.0,mid_deg_3_8,271,Gaussian RP,10,40,42,2,1,by_dim,0.006799299968406558,0.02481229999102652,0.03161159995943308,,0.006776499911211431,-0.00010675940439327943,0.00016287064966418857,0.3836531627576404,0.0004779000300914049,0.1543033499620919,0.0025262999115511775,0.002346700057387352,0.0009643000084906816,0.0004156999057158828,4.5599997974932194e-05,,,,,,,,,,,
polblogs,0.5,0,0.0,high_deg_9_plus,709,Gaussian RP,10,40,42,2,1,by_dim,0.006799299968406558,0.02481229999102652,0.03161159995943308,,0.006776499911211431,0.0007890575452106661,0.0033422915763340476,0.36306046274400705,0.0004779000300914049,0.1543033499620919,0.0025262999115511775,0.002346700057387352,0.0009643000084906816,0.0004156999057158828,4.5599997974932194e-05,,,,,,,,,,,
polblogs,0.5,0,0.0,all,1222,Degree-stratified RP,10,40,42,2,1,by_dim,0.009524199995212257,0.010833900072611868,0.020358100067824125,,0.009450700017623603,0.8219771669826909,0.7319017051881767,0.9531971593348667,,,,,,,,0.00020140002015978098,0.0019780000438913703,0.0038627999601885676,0.0018922999734058976,0.0010785999475046992,0.0004059000639244914,3.170000854879618e-05,9.0,2.0,8.0,"[1,2):n=135,ell=2;[2,4):n=182,ell=2;[4,8):n=169,ell=3;[8,16):n=189,ell=4;[16,32):n=196,ell=6;[32,64):n=184,ell=7;[64,128):n=134,ell=8;[128,256):n=28,ell=6;[256,512):n=5,ell=4"
polblogs,0.5,0,0.0,low_deg_1_2,242,Degree-stratified RP,10,40,42,2,1,by_dim,0.009524199995212257,0.010833900072611868,0.020358100067824125,,0.009450700017623603,0.5890471149358558,0.49147089262445215,0.8840123245463882,,,,,,,,0.00020140002015978098,0.0019780000438913703,0.0038627999601885676,0.0018922999734058976,0.0010785999475046992,0.0004059000639244914,3.170000854879618e-05,9.0,2.0,8.0,"[1,2):n=135,ell=2;[2,4):n=182,ell=2;[4,8):n=169,ell=3;[8,16):n=189,ell=4;[16,32):n=196,ell=6;[32,64):n=184,ell=7;[64,128):n=134,ell=8;[128,256):n=28,ell=6;[256,512):n=5,ell=4"
polblogs,0.5,0,0.0,mid_deg_3_8,271,Degree-stratified RP,10,40,42,2,1,by_dim,0.009524199995212257,0.010833900072611868,0.020358100067824125,,0.009450700017623603,0.8989750053739275,0.8269724678393852,0.9740793878527021,,,,,,,,0.00020140002015978098,0.0019780000438913703,0.0038627999601885676,0.0018922999734058976,0.0010785999475046992,0.0004059000639244914,3.170000854879618e-05,9.0,2.0,8.0,"[1,2):n=135,ell=2;[2,4):n=182,ell=2;[4,8):n=169,ell=3;[8,16):n=189,ell=4;[16,32):n=196,ell=6;[32,64):n=184,ell=7;[64,128):n=134,ell=8;[128,256):n=28,ell=6;[256,512):n=5,ell=4"
polblogs,0.5,0,0.0,high_deg_9_plus,709,Degree-stratified RP,10,40,42,2,1,by_dim,0.009524199995212257,0.010833900072611868,0.020358100067824125,,0.009450700017623603,0.8795249171609295,0.8049583158521062,0.9683533517286155,,,,,,,,0.00020140002015978098,0.0019780000438913703,0.0038627999601885676,0.0018922999734058976,0.0010785999475046992,0.0004059000639244914,3.170000854879618e-05,9.0,2.0,8.0,"[1,2):n=135,ell=2;[2,4):n=182,ell=2;[4,8):n=169,ell=3;[8,16):n=189,ell=4;[16,32):n=196,ell=6;[32,64):n=184,ell=7;[64,128):n=134,ell=8;[128,256):n=28,ell=6;[256,512):n=5,ell=4"
