K,rep,seed,n,m,rho_n,num_hyperedges_total,theta_nnz,theta_density,generation_wall_sec,hypergraph_laplacian_build_wall_sec,num_isolated_nodes,isolated_fraction,hypergraph_degree_mean,hypergraph_degree_max,expected_hyperedges_total,expected_hyperedges_per_n,expected_degree_mean,candidate_within_fraction,p_in,p_out,sampling_mode,method,method_key,misclassification_rate,ARI,NMI,metric_wall_sec,non_random_eigensolver,eigen_decomposition_wall_sec,embedding_normalize_wall_sec,kmeans_wall_sec,spectral_clustering_wall_sec,top_eigenvalue_max,top_eigenvalue_min,algorithm_total_wall_sec,cpu_time_sec,wall_clock_sec,peak_traced_memory_mb,rss_before_mb,rss_after_mb,rss_delta_mb,rp_draw_omega_sec,rp_power_iter_sec,rp_qr_sec,rp_build_core_sec,rp_small_eig_sec,rp_core_eigensolver,rp_lift_sec,rs_sample_matrix_wall_sec,rs_eigensolver,rs_eig_wall_sec,rs_original_upper_nnz,rs_sampled_upper_nnz,rs_sampling_probability,rs_sampled_theta_nnz,cs_draw_hash_sec,cs_hash_seed,cs_embedding_dim,cs_bucket_min_load,cs_bucket_max_load,cs_empty_buckets,cs_initial_multiply_sec,cs_sparse_explicit_sketch_sec,cs_power_iter_sec,cs_qr_sec,cs_build_core_sec,cs_small_eig_sec,cs_core_eigensolver,cs_lift_sec
2,1,20460507,5000,3,16.0,159614,936800,0.037472,2.5905108998995274,0.4930432001128793,0,0.0,95.7684,132.0,159840.03840000002,31.968007680000003,95.90402304,0.2498499699939988,2.304e-05,2.56e-06,sparse,Non-random,non_random,0.0,1.0,1.0,0.0426169999409467,eigsh,0.0180911999195814,9.66000370681286e-05,0.8595539999660105,0.877751599997282,1.0000000000000002,0.7820498586511729,3.9612958999350663,0.8125,0.9363508000969888,32.203402519226074,,,,,,,,,,,,,,,,,,,,,,,,,,,,,,,
2,1,20460507,5000,3,16.0,159614,936800,0.037472,2.5905108998995274,0.4930432001128793,0,0.0,95.7684,132.0,159840.03840000002,31.968007680000003,95.90402304,0.2498499699939988,2.304e-05,2.56e-06,sparse,Gaussian random projection,gaussian_random_projection,0.0,1.0,1.0,0.0344189000315964,,0.5302192000672221,0.0001725000329315,0.0378348999656736,0.5682341998908669,0.9999996752608282,0.7820299301207739,3.651780700078234,1.15625,0.6215687000658363,35.86293125152588,,,,0.0073917999397963,0.4252578997984528,0.0425303999800235,0.0499205000232905,0.0032507001888006,eigsh,0.000730900093913,,,,,,,,,,,,,,,,,,,,,
2,1,20460507,5000,3,16.0,159614,936800,0.037472,2.5905108998995274,0.4930432001128793,0,0.0,95.7684,132.0,159840.03840000002,31.968007680000003,95.90402304,0.2498499699939988,2.304e-05,2.56e-06,sparse,Random sampling,random_sampling,0.0,1.0,1.0,0.0339203001931309,,0.0447402999270707,8.979998528957367e-05,0.0394892999902367,0.0843262998387217,1.050363839833892,0.8498454933955852,3.167873499915004,0.78125,0.1404316001571715,41.305057525634766,,,,,,,,,,,0.031542700016871,eigsh,0.0126900000032037,470900.0,329453.0,0.7,655457.0,,,,,,,,,,,,,,
2,1,20460507,5000,3,16.0,159614,936800,0.037472,2.5905108998995274,0.4930432001128793,0,0.0,95.7684,132.0,159840.03840000002,31.968007680000003,95.90402304,0.2498499699939988,2.304e-05,2.56e-06,sparse,CountSketch random projection,countsketch_random_projection,0.0,1.0,1.0,0.0363799999468028,,0.4906079000793397,0.0001779000740498,0.0407036999240517,0.5314962000120431,0.9999996830317196,0.7820326285698679,3.615043600089848,1.390625,0.5911083000246435,36.1122636795044,,,,,,,,,,,,,,,,,,0.0004038999322801,2295358039.0,162.0,18.0,46.0,0.0,0.0228598001413047,0.0228598001413047,0.3713914998807013,0.0419963002204895,0.0492405002005398,0.0029245000332593,eigsh,0.0004602000117301
2,2,20460508,5000,3,16.0,158185,928528,0.03714112,2.7952974000945687,0.4481482999399304,0,0.0,94.911,136.0,159840.03840000002,31.968007680000003,95.90402304,0.2498499699939988,2.304e-05,2.56e-06,sparse,Non-random,non_random,0.0,1.0,1.0,0.0369039999786764,eigsh,0.0173879000358283,9.729992598295212e-05,0.0392036999110132,0.0566962999291718,1.0,0.7832360419896309,3.300134599907324,0.515625,0.1116359999869018,31.919230461120605,,,,,,,,,,,,,,,,,,,,,,,,,,,,,,,
2,2,20460508,5000,3,16.0,158185,928528,0.03714112,2.7952974000945687,0.4481482999399304,0,0.0,94.911,136.0,159840.03840000002,31.968007680000003,95.90402304,0.2498499699939988,2.304e-05,2.56e-06,sparse,Gaussian random projection,gaussian_random_projection,0.0,1.0,1.0,0.0378630999475717,,0.5581207000650465,0.0002395999617874,0.0469806999899446,0.6053488000761718,0.9999996380672502,0.7832210655288814,3.848786700051278,1.296875,0.6665565001312643,35.768309593200684,,,,0.0079632000997662,0.4421154998708516,0.0496119000017643,0.0518299001269042,0.0043272001203149,eigsh,0.0007040998898446,,,,,,,,,,,,,,,,,,,,,
2,2,20460508,5000,3,16.0,158185,928528,0.03714112,2.7952974000945687,0.4481482999399304,0,0.0,94.911,136.0,159840.03840000002,31.968007680000003,95.90402304,0.2498499699939988,2.304e-05,2.56e-06,sparse,Random sampling,random_sampling,0.0,1.0,1.0,0.0340148999821394,,0.0521084000356495,0.0001286000479012,0.0406905999407172,0.0929366000927984,1.058130566503376,0.8562240156081751,3.336373300058767,0.9375,0.1450162997934967,40.93736457824707,,,,,,,,,,,0.0378666000906378,eigsh,0.0133686000481247,466764.0,326539.0,0.7,649517.0,,,,,,,,,,,,,,
2,2,20460508,5000,3,16.0,158185,928528,0.03714112,2.7952974000945687,0.4481482999399304,0,0.0,94.911,136.0,159840.03840000002,31.968007680000003,95.90402304,0.2498499699939988,2.304e-05,2.56e-06,sparse,CountSketch random projection,countsketch_random_projection,0.0,1.0,1.0,0.0349699000362306,,0.5146705999504775,0.0004173999186605,0.0421257999259978,0.5572278001345694,0.9999997163002672,0.7832168988137994,3.800659499829635,1.546875,0.6151259001344442,35.97525882720947,,,,,,,,,,,,,,,,,,0.0004283001180738,2807627918.0,162.0,17.0,49.0,0.0,0.0260387000162154,0.0260387000162154,0.3894561000633985,0.0409224999602884,0.0515353998634964,0.0044428000692278,eigsh,0.0007672999054193
2,3,20460509,5000,3,16.0,159817,937708,0.03750832,2.629249500110745,0.4502193999942392,0,0.0,95.8902,133.0,159840.03840000002,31.968007680000003,95.90402304,0.2498499699939988,2.304e-05,2.56e-06,sparse,Non-random,non_random,0.0,1.0,1.0,0.0342259998433291,eigsh,0.0179927002172917,8.210004307329655e-05,0.0424438000191003,0.0605262001045048,1.0000000000000002,0.7818156431584288,3.13998750038445,0.859375,0.1124867000617086,32.23440074920654,,,,,,,,,,,,,,,,,,,,,,,,,,,,,,,
2,3,20460509,5000,3,16.0,159817,937708,0.03750832,2.629249500110745,0.4502193999942392,0,0.0,95.8902,133.0,159840.03840000002,31.968007680000003,95.90402304,0.2498499699939988,2.304e-05,2.56e-06,sparse,Gaussian random projection,gaussian_random_projection,0.0,1.0,1.0,0.0366823999211192,,0.5322183999232948,0.0002472000196576,0.0404900000430643,0.5729660000652075,0.9999997314985608,0.7817976261453147,3.6524245000910014,1.3125,0.6314489999786019,35.87311840057373,,,,0.0078262998722493,0.4309448997955769,0.0375868999399244,0.0502525998745113,0.0042256000451743,eigsh,0.0005520000122487,,,,,,,,,,,,,,,,,,,,,
2,3,20460509,5000,3,16.0,159817,937708,0.03750832,2.629249500110745,0.4502193999942392,0,0.0,95.8902,133.0,159840.03840000002,31.968007680000003,95.90402304,0.2498499699939988,2.304e-05,2.56e-06,sparse,Random sampling,random_sampling,0.0,1.0,1.0,0.0336001000832766,,0.0437201999593526,0.0002063000574707,0.0420239001978188,0.085962199838832,1.0543107804641847,0.8516836037440818,3.165419300319627,0.640625,0.1361384999472648,41.334588050842285,,,,,,,,,,,0.0285882998723536,eigsh,0.0147120000328868,471354.0,329648.0,0.7,655784.0,,,,,,,,,,,,,,
2,3,20460509,5000,3,16.0,159817,937708,0.03750832,2.629249500110745,0.4502193999942392,0,0.0,95.8902,133.0,159840.03840000002,31.968007680000003,95.90402304,0.2498499699939988,2.304e-05,2.56e-06,sparse,CountSketch random projection,countsketch_random_projection,0.0,1.0,1.0,0.0339242999907583,,0.4824393999297172,0.0002560000866651,0.0386143999639898,0.521320299943909,0.9999996264236148,0.7817972318528722,3.600778700085357,1.125,0.5738685999531299,36.13016986846924,,,,,,,,,,,,,,,,,,0.0002957999240607,2268450243.0,162.0,17.0,42.0,0.0,0.0248338000383228,0.0248338000383228,0.3625941001810133,0.0398222999647259,0.0508721999358385,0.0029307000804692,eigsh,0.000355799915269
2,4,20460510,5000,3,16.0,160375,940968,0.03763872,2.614788100123405,0.4400829998776316,0,0.0,96.225,131.0,159840.03840000002,31.968007680000003,95.90402304,0.2498499699939988,2.304e-05,2.56e-06,sparse,Non-random,non_random,0.0,1.0,1.0,0.0336263000499457,eigsh,0.0177575000561773,8.199992589652538e-05,0.03830620017834,0.0561530999839305,0.9999999999999996,0.7809002461757705,3.111016800161451,0.734375,0.105294199893251,32.34632396697998,,,,,,,,,,,,,,,,,,,,,,,,,,,,,,,
2,4,20460510,5000,3,16.0,160375,940968,0.03763872,2.614788100123405,0.4400829998776316,0,0.0,96.225,131.0,159840.03840000002,31.968007680000003,95.90402304,0.2498499699939988,2.304e-05,2.56e-06,sparse,Gaussian random projection,gaussian_random_projection,0.0,1.0,1.0,0.0348492998164147,,0.5071564000099897,0.0001698001287877,0.0391076998785138,0.5464419000782073,0.9999996638583204,0.7808846704038844,3.6013050000183284,1.359375,0.6028018998913467,35.910277366638184,,,,0.0071340999566018,0.4064910998567939,0.0435277998913079,0.0451759002171456,0.0033277999609708,eigsh,0.0003345001023262,,,,,,,,,,,,,,,,,,,,,
2,4,20460510,5000,3,16.0,160375,940968,0.03763872,2.614788100123405,0.4400829998776316,0,0.0,96.225,131.0,159840.03840000002,31.968007680000003,95.90402304,0.2498499699939988,2.304e-05,2.56e-06,sparse,Random sampling,random_sampling,0.0,1.0,1.0,0.0370342000387609,,0.0484370000194758,0.000149399973452,0.0423612999729812,0.0909563000313937,1.0531127497945534,0.8497482309421257,3.1458187999669462,0.96875,0.1457882998511195,41.52435493469238,,,,,,,,,,,0.0332403001375496,eigsh,0.0149050999898463,472984.0,331443.0,0.7,659414.0,,,,,,,,,,,,,,
2,4,20460510,5000,3,16.0,160375,940968,0.03763872,2.614788100123405,0.4400829998776316,0,0.0,96.225,131.0,159840.03840000002,31.968007680000003,95.90402304,0.2498499699939988,2.304e-05,2.56e-06,sparse,CountSketch random projection,countsketch_random_projection,0.0,1.0,1.0,0.0388108000624924,,0.5060664000920951,0.0001730001531541,0.0401412001810967,0.5463875001296401,0.9999996670207196,0.7808846406189661,3.601251700427383,1.171875,0.6034786000382155,36.166062355041504,,,,,,,,,,,,,,,,,,0.0003745001740753,124847438.0,162.0,17.0,45.0,0.0,0.0223094997927546,0.0223094997927546,0.3885675000492483,0.0395634998567402,0.0499625001102685,0.0035955000203102,eigsh,0.0006049000658094
2,5,20460511,5000,3,16.0,159739,937802,0.03751208,2.52134420000948,0.408518899930641,0,0.0,95.8434,134.0,159840.03840000002,31.968007680000003,95.90402304,0.2498499699939988,2.304e-05,2.56e-06,sparse,Non-random,non_random,0.0,1.0,1.0,0.0341857001185417,eigsh,0.0170593000948429,8.219992741942406e-05,0.0423320999834686,0.0594804999418556,1.0000000000000002,0.7824045670552956,2.989336699945852,0.703125,0.1105365001130849,32.23762798309326,,,,,,,,,,,,,,,,,,,,,,,,,,,,,,,
2,5,20460511,5000,3,16.0,159739,937802,0.03751208,2.52134420000948,0.408518899930641,0,0.0,95.8434,134.0,159840.03840000002,31.968007680000003,95.90402304,0.2498499699939988,2.304e-05,2.56e-06,sparse,Gaussian random projection,gaussian_random_projection,0.0,1.0,1.0,0.0350950001738965,,0.5076842000707984,0.0001810998655855,0.0394720998592674,0.5473446000833064,0.9999996701514532,0.7823884630542949,3.4772004997357726,1.609375,0.6043541999533772,35.87419414520264,,,,0.0071918000467121,0.4046153000090271,0.0422618999145925,0.0488945001270622,0.0030663998331874,eigsh,0.0004209999460726,,,,,,,,,,,,,,,,,,,,,
2,5,20460511,5000,3,16.0,159739,937802,0.03751208,2.52134420000948,0.408518899930641,0,0.0,95.8434,134.0,159840.03840000002,31.968007680000003,95.90402304,0.2498499699939988,2.304e-05,2.56e-06,sparse,Random sampling,random_sampling,0.0,1.0,1.0,0.0339194000698626,,0.0475901998579502,0.0001044999808073,0.038607400143519,0.0863100998103618,1.0537707531417226,0.852524247965076,3.0161651999223977,0.984375,0.1419053000863641,41.31480121612549,,,,,,,,,,,0.0342308999970555,eigsh,0.0128111001104116,471401.0,329337.0,0.7,655163.0,,,,,,,,,,,,,,
2,5,20460511,5000,3,16.0,159739,937802,0.03751208,2.52134420000948,0.408518899930641,0,0.0,95.8434,134.0,159840.03840000002,31.968007680000003,95.90402304,0.2498499699939988,2.304e-05,2.56e-06,sparse,CountSketch random projection,countsketch_random_projection,0.0,1.0,1.0,0.0342590000946074,,0.4896088000386953,0.0002542999573051,0.0407141000032424,0.5305862999521196,0.9999997206410962,0.7823896157947794,3.460440299939364,1.375,0.5857540001161397,36.113450050354,,,,,,,,,,,,,,,,,,0.0004121998790651,3574007263.0,162.0,16.0,46.0,0.0,0.0213174000382423,0.0213174000382423,0.372609400190413,0.0411722999997437,0.0481988999526947,0.0040920998435467,eigsh,0.0004182001575827
2,6,20460512,5000,3,16.0,160064,939478,0.03757912,2.622607700061053,0.4387872999068349,0,0.0,96.0384,132.0,159840.03840000002,31.968007680000003,95.90402304,0.2498499699939988,2.304e-05,2.56e-06,sparse,Non-random,non_random,0.0,1.0,1.0,0.033498500008136,eigsh,0.0184536001179367,9.939982555806635e-05,0.0416892999783158,0.0602496999781578,1.0,0.7820730863224,3.121637299889698,0.8125,0.1115641999058425,32.29516887664795,,,,,,,,,,,,,,,,,,,,,,,,,,,,,,,
2,6,20460512,5000,3,16.0,160064,939478,0.03757912,2.622607700061053,0.4387872999068349,0,0.0,96.0384,132.0,159840.03840000002,31.968007680000003,95.90402304,0.2498499699939988,2.304e-05,2.56e-06,sparse,Gaussian random projection,gaussian_random_projection,0.0,1.0,1.0,0.03468449995853,,0.5127848999109119,0.0003000001888722,0.0458170000929385,0.5589112997986376,0.9999996834190612,0.7820578563369687,3.6202969001606102,1.546875,0.6191072999499738,35.89322566986084,,,,0.007549200206995,0.4032239001244306,0.0461454999167472,0.0490761999972164,0.004505299963057,eigsh,0.0004569999873638,,,,,,,,,,,,,,,,,,,,,
2,6,20460512,5000,3,16.0,160064,939478,0.03757912,2.622607700061053,0.4387872999068349,0,0.0,96.0384,132.0,159840.03840000002,31.968007680000003,95.90402304,0.2498499699939988,2.304e-05,2.56e-06,sparse,Random sampling,random_sampling,0.0,1.0,1.0,0.0341471000574529,,0.0461008001584559,8.209981024265289e-05,0.0385424999985843,0.084731200011447,1.0553186372092476,0.8537738281739737,3.146120399935171,0.921875,0.1424980999436229,41.42465782165527,,,,,,,,,,,0.0326408999972045,eigsh,0.0129603999666869,472239.0,330452.0,0.7,657373.0,,,,,,,,,,,,,,
2,6,20460512,5000,3,16.0,160064,939478,0.03757912,2.622607700061053,0.4387872999068349,0,0.0,96.0384,132.0,159840.03840000002,31.968007680000003,95.90402304,0.2498499699939988,2.304e-05,2.56e-06,sparse,CountSketch random projection,countsketch_random_projection,0.0,1.0,1.0,0.0363478998187929,,0.5293658999726176,0.0001761000603437,0.0463844998739659,0.5759344000834972,0.9999996469083212,0.7820548375795496,3.6373214998748153,1.375,0.6356263000052422,36.14631748199463,,,,,,,,,,,,,,,,,,0.0004373998381197,2320773916.0,162.0,19.0,48.0,0.0,0.0254510000813752,0.0254510000813752,0.3628225000575185,0.0426513000857085,0.0925527999643236,0.0034374999813735,eigsh,0.000630599912256
2,7,20460513,5000,3,16.0,160532,941932,0.03767728,2.566025499952957,0.4556014998815954,0,0.0,96.3192,132.0,159840.03840000002,31.968007680000003,95.90402304,0.2498499699939988,2.304e-05,2.56e-06,sparse,Non-random,non_random,0.0,1.0,1.0,0.0368294999934732,eigsh,0.0206934001762419,9.619980119168758e-05,0.0449963000137358,0.0657935000490397,1.0,0.781537591308703,3.087412899825722,0.765625,0.1229398001451045,32.37942028045654,,,,,,,,,,,,,,,,,,,,,,,,,,,,,,,
2,7,20460513,5000,3,16.0,160532,941932,0.03767728,2.566025499952957,0.4556014998815954,0,0.0,96.3192,132.0,159840.03840000002,31.968007680000003,95.90402304,0.2498499699939988,2.304e-05,2.56e-06,sparse,Gaussian random projection,gaussian_random_projection,0.0,1.0,1.0,0.0360012999735772,,0.5369567000307143,0.0001836000010371,0.038126999977976,0.5752743000630289,0.9999996922305916,0.7815135989865207,3.59689429984428,1.703125,0.6335467000026256,35.92140865325928,,,,0.0073889000341296,0.4329818000551313,0.043395800050348,0.0474493999499827,0.0038507001008838,eigsh,0.0003705001436173,,,,,,,,,,,,,,,,,,,,,
2,7,20460513,5000,3,16.0,160532,941932,0.03767728,2.566025499952957,0.4556014998815954,0,0.0,96.3192,132.0,159840.03840000002,31.968007680000003,95.90402304,0.2498499699939988,2.304e-05,2.56e-06,sparse,Random sampling,random_sampling,0.0,1.0,1.0,0.0345354001037776,,0.0482509001158177,9.640003554522993e-05,0.0377942998893559,0.0861486000940203,1.0565097871098643,0.8540753595507553,3.1077685998752718,0.828125,0.1452230999711901,41.56152057647705,,,,,,,,,,,0.0344533000607043,eigsh,0.0130809000693261,473466.0,331728.0,0.7,659927.0,,,,,,,,,,,,,,
2,7,20460513,5000,3,16.0,160532,941932,0.03767728,2.566025499952957,0.4556014998815954,0,0.0,96.3192,132.0,159840.03840000002,31.968007680000003,95.90402304,0.2498499699939988,2.304e-05,2.56e-06,sparse,CountSketch random projection,countsketch_random_projection,0.0,1.0,1.0,0.0373672000132501,,0.4984307999256998,0.0002103999722748,0.0420570001006126,0.5407054999377578,0.9999996926327432,0.7815138174298965,3.56232519983314,1.453125,0.6007307998370379,36.18243885040283,,,,,,,,,,,,,,,,,,0.0002988998312503,844184980.0,162.0,16.0,53.0,0.0,0.0240177998784929,0.0240177998784929,0.3697339999489486,0.042381800012663,0.0572316001635044,0.0027318000793457,eigsh,0.0003583000507205
2,8,20460514,5000,3,16.0,159602,936700,0.037468,2.633698799880221,0.4456253999378532,0,0.0,95.7612,133.0,159840.03840000002,31.968007680000003,95.90402304,0.2498499699939988,2.304e-05,2.56e-06,sparse,Non-random,non_random,0.0,1.0,1.0,0.0358619000762701,eigsh,0.0169446999207139,0.0001503000967204,0.0445894999429583,0.0616921000182628,1.0,0.7834068315171695,3.1410086997784674,0.875,0.117530999938026,32.19979381561279,,,,,,,,,,,,,,,,,,,,,,,,,,,,,,,
2,8,20460514,5000,3,16.0,159602,936700,0.037468,2.633698799880221,0.4456253999378532,0,0.0,95.7612,133.0,159840.03840000002,31.968007680000003,95.90402304,0.2498499699939988,2.304e-05,2.56e-06,sparse,Gaussian random projection,gaussian_random_projection,0.0,1.0,1.0,0.0348743998911231,,0.5083938001189381,0.0002437001094222,0.0429541000630706,0.5516003000084311,0.9999996867726304,0.7833870540276107,3.6309158001095057,1.609375,0.6108919999096543,35.86158275604248,,,,0.0073508000932633,0.3978313999250531,0.0505256000906229,0.0474640999455004,0.0032108000013977,eigsh,0.0003549999091774,,,,,,,,,,,,,,,,,,,,,
2,8,20460514,5000,3,16.0,159602,936700,0.037468,2.633698799880221,0.4456253999378532,0,0.0,95.7612,133.0,159840.03840000002,31.968007680000003,95.90402304,0.2498499699939988,2.304e-05,2.56e-06,sparse,Random sampling,random_sampling,0.0,1.0,1.0,0.0338204000145196,,0.0484432999510318,9.240000508725645e-05,0.0380007000640034,0.0865432999562472,1.0565361570087903,0.8561201449602934,3.165860599838197,0.90625,0.1441591000184416,41.32208061218262,,,,,,,,,,,0.0351778999902308,eigsh,0.0126961998175829,470850.0,329761.0,0.7,655985.0,,,,,,,,,,,,,,
2,8,20460514,5000,3,16.0,159602,936700,0.037468,2.633698799880221,0.4456253999378532,0,0.0,95.7612,133.0,159840.03840000002,31.968007680000003,95.90402304,0.2498499699939988,2.304e-05,2.56e-06,sparse,CountSketch random projection,countsketch_random_projection,0.0,1.0,1.0,0.0380647999700158,,0.4880730998702347,0.0001724001485854,0.0401620001066476,0.5284140000585467,0.9999996928826104,0.7833913014632645,3.6077316999435434,1.484375,0.5880988000426441,36.11486339569092,,,,,,,,,,,,,,,,,,0.0003245999105274,1283816626.0,162.0,19.0,44.0,0.0,0.024081900017336,0.024081900017336,0.3691592998802662,0.0387705999892205,0.0498204000759869,0.0042486998718231,eigsh,0.0004691998474299
2,9,20460515,5000,3,16.0,159576,936546,0.03746184,2.7441736001055688,0.4310355000197887,0,0.0,95.7456,132.0,159840.03840000002,31.968007680000003,95.90402304,0.2498499699939988,2.304e-05,2.56e-06,sparse,Non-random,non_random,0.0,1.0,1.0,0.0356960999779403,eigsh,0.0182622999418526,0.0001426001545041,0.0398574999999254,0.0582708998117595,1.0,0.7808489933629901,3.23347150022164,0.84375,0.1119373999536037,32.19450664520264,,,,,,,,,,,,,,,,,,,,,,,,,,,,,,,
2,9,20460515,5000,3,16.0,159576,936546,0.03746184,2.7441736001055688,0.4310355000197887,0,0.0,95.7456,132.0,159840.03840000002,31.968007680000003,95.90402304,0.2498499699939988,2.304e-05,2.56e-06,sparse,Gaussian random projection,gaussian_random_projection,0.0,1.0,1.0,0.0407219999469816,,0.589670600136742,0.0002533998340368,0.0463250000029802,0.6362584999296814,0.9999997119293385,0.7808324127392886,3.811458100099117,1.125,0.6921403000596911,35.85982036590576,,,,0.0076194999273866,0.4771004999056458,0.043779999949038,0.0545825001318007,0.0042815001215785,eigsh,0.0008001001551747,,,,,,,,,,,,,,,,,,,,,
2,9,20460515,5000,3,16.0,159576,936546,0.03746184,2.7441736001055688,0.4310355000197887,0,0.0,95.7456,132.0,159840.03840000002,31.968007680000003,95.90402304,0.2498499699939988,2.304e-05,2.56e-06,sparse,Random sampling,random_sampling,0.0,1.0,1.0,0.0377305001020431,,0.0453025999013334,0.0001848000101745,0.0466754999943077,0.0921728000976145,1.0566039904994895,0.853447859178806,3.267372000031173,0.546875,0.1491241999901831,41.28406429290772,,,,,,,,,,,0.0308823999948799,eigsh,0.0139322001487016,470773.0,329267.0,0.7,654974.0,,,,,,,,,,,,,,
2,9,20460515,5000,3,16.0,159576,936546,0.03746184,2.7441736001055688,0.4310355000197887,0,0.0,95.7456,132.0,159840.03840000002,31.968007680000003,95.90402304,0.2498499699939988,2.304e-05,2.56e-06,sparse,CountSketch random projection,countsketch_random_projection,0.0,1.0,1.0,0.0378124001435935,,0.4871948999352753,0.0001758998259902,0.0401240000501275,0.5275019998662174,0.999999669775718,0.7808285193686837,3.7027038999367514,1.296875,0.5842440000269562,36.09922122955322,,,,,,,,,,,,,,,,,,0.0005435000639408,2252070863.0,162.0,15.0,47.0,0.0,0.0232400998938828,0.0232400998938828,0.3739293999969959,0.0376146000344306,0.0474098999984562,0.0030554002150893,eigsh,0.0003200001083314
2,10,20460516,5000,3,16.0,159765,937526,0.03750104,2.4839683000463992,0.4653308999259025,0,0.0,95.859,132.0,159840.03840000002,31.968007680000003,95.90402304,0.2498499699939988,2.304e-05,2.56e-06,sparse,Non-random,non_random,0.0,1.0,1.0,0.0364795001223683,eigsh,0.0180316001642495,9.469990618526936e-05,0.0415263997856527,0.0596603001467883,1.0,0.7827868826125335,3.0089518998283893,0.59375,0.1117442999966442,32.22815227508545,,,,,,,,,,,,,,,,,,,,,,,,,,,,,,,
2,10,20460516,5000,3,16.0,159765,937526,0.03750104,2.4839683000463992,0.4653308999259025,0,0.0,95.859,132.0,159840.03840000002,31.968007680000003,95.90402304,0.2498499699939988,2.304e-05,2.56e-06,sparse,Gaussian random projection,gaussian_random_projection,0.0,1.0,1.0,0.0340533000417053,,0.5171046999748796,0.0003264998085796,0.040872500045225,0.558315800037235,0.999999634159241,0.7827668419689797,3.507602899800986,1.375,0.6121676999609917,35.871283531188965,,,,0.0075785000808537,0.4165921998210251,0.0399390999227762,0.0485793000552803,0.0031986001413315,eigsh,0.0003436000552028,,,,,,,,,,,,,,,,,,,,,
2,10,20460516,5000,3,16.0,159765,937526,0.03750104,2.4839683000463992,0.4653308999259025,0,0.0,95.859,132.0,159840.03840000002,31.968007680000003,95.90402304,0.2498499699939988,2.304e-05,2.56e-06,sparse,Random sampling,random_sampling,0.0,1.0,1.0,0.0367301001679152,,0.0426749000325799,0.0001910999417304,0.0386590000707656,0.0815352001227438,1.0538538463535585,0.8523216629593662,3.0308242000173777,1.0,0.1372207999229431,41.37350082397461,,,,,,,,,,,0.0300169999245554,eigsh,0.012366599868983,471263.0,330250.0,0.7,657009.0,,,,,,,,,,,,,,
2,10,20460516,5000,3,16.0,159765,937526,0.03750104,2.4839683000463992,0.4653308999259025,0,0.0,95.859,132.0,159840.03840000002,31.968007680000003,95.90402304,0.2498499699939988,2.304e-05,2.56e-06,sparse,CountSketch random projection,countsketch_random_projection,0.0,1.0,1.0,0.0372694998513907,,0.4674479998648166,0.0002802000381052,0.0399688000325113,0.5077070998959243,0.9999996254127212,0.7827635071959682,3.456996199907735,1.484375,0.5641399999149144,36.10295200347901,,,,,,,,,,,,,,,,,,0.0002872000914067,244876348.0,162.0,15.0,45.0,0.0,0.022041899850592,0.022041899850592,0.3587394000496715,0.0376083001028746,0.0443052998743951,0.0031423999462276,eigsh,0.0002966001629829
4,1,20660507,5000,3,16.0,80229,480244,0.01920976,1.600200899876654,0.2091654001269489,0,0.0,48.1374,75.0,79904.0384,15.980807680000002,47.94242304,0.0623875075135075,2.304e-05,2.56e-06,sparse,Non-random,non_random,0.0008,0.9978677344007852,0.9953082405591348,0.036126899998635,eigsh,0.0198423000983893,9.380001574754716e-05,0.0570115998852998,0.0769548998214304,1.0000000000000009,0.5756210414640748,1.88631400000304,0.90625,0.122820199932903,16.528620719909668,,,,,,,,,,,,,,,,,,,,,,,,,,,,,,,
4,1,20660507,5000,3,16.0,80229,480244,0.01920976,1.600200899876654,0.2091654001269489,0,0.0,48.1374,75.0,79904.0384,15.980807680000002,47.94242304,0.0623875075135075,2.304e-05,2.56e-06,sparse,Gaussian random projection,gaussian_random_projection,0.0034,0.9909563015626652,0.9822995963960112,0.0346717999782413,,0.3004546000156551,0.0003841000143438,0.058070900151506,0.3589219998102635,0.999998946688882,0.5700039979615451,2.168275900185108,1.5625,0.4040539001580328,30.95323085784912,,,,0.0065272999927401,0.2104901999700814,0.0377178001217544,0.040492899948731,0.0037714000791311,eigsh,0.000547399977222,,,,,,,,,,,,,,,,,,,,,
4,1,20660507,5000,3,16.0,80229,480244,0.01920976,1.600200899876654,0.2091654001269489,0,0.0,48.1374,75.0,79904.0384,15.980807680000002,47.94242304,0.0623875075135075,2.304e-05,2.56e-06,sparse,Random sampling,random_sampling,0.0072,0.980886894869149,0.9644520054338338,0.0343498999718576,,0.0352710001170635,0.0002344001550227,0.0635330998338759,0.0990479998290538,1.056130361899542,0.6770257087000546,1.9084048001095653,1.140625,0.1441882001236081,21.277313232421875,,,,,,,,,,,0.0143852999899536,eigsh,0.0207287000957876,242622.0,169999.0,0.7,336515.0,,,,,,,,,,,,,,
4,1,20660507,5000,3,16.0,80229,480244,0.01920976,1.600200899876654,0.2091654001269489,0,0.0,48.1374,75.0,79904.0384,15.980807680000002,47.94242304,0.0623875075135075,2.304e-05,2.56e-06,sparse,CountSketch random projection,countsketch_random_projection,0.0028,0.9925534017878712,0.9860074173984464,0.0337666000705212,,0.2743303999304771,0.0002878999803215,0.0604071000125259,0.3350402000360191,0.999999111997511,0.5689403061273374,2.144391699926928,1.359375,0.3782267000060528,28.92927646636963,,,,,,,,,,,,,,,,,,0.0004046000540256,1072827196.0,164.0,14.0,46.0,0.0,0.0115374999586492,0.0115374999586492,0.1940589000005275,0.0368724002037197,0.0267356999684125,0.0035586000885814,eigsh,0.0004995001945644
4,2,20660508,5000,3,16.0,80192,480180,0.0192072,1.542783600045368,0.2189523000270128,0,0.0,48.1152,75.0,79904.0384,15.980807680000002,47.94242304,0.0623875075135075,2.304e-05,2.56e-06,sparse,Non-random,non_random,0.001,0.9973345084742768,0.994535025805836,0.03756930003874,eigsh,0.0190989999100565,0.0001475000753998,0.0652161999605596,0.084470700006932,1.0000000000000002,0.5751143667223553,1.846198600018397,0.953125,0.1310247001238167,16.526423454284668,,,,,,,,,,,,,,,,,,,,,,,,,,,,,,,
4,2,20660508,5000,3,16.0,80192,480180,0.0192072,1.542783600045368,0.2189523000270128,0,0.0,48.1152,75.0,79904.0384,15.980807680000002,47.94242304,0.0623875075135075,2.304e-05,2.56e-06,sparse,Gaussian random projection,gaussian_random_projection,0.003,0.9920129245448106,0.9842335013142935,0.0359292000066489,,0.3027610999997705,0.0003670998848974,0.0652850000187754,0.3684225999750197,0.9999989389781448,0.5699642937906007,2.1301490999758244,1.125,0.4127915999852121,30.95234966278076,,,,0.0069005999248474,0.2183219001162797,0.0400214998517185,0.0318487000185996,0.0041655001696199,eigsh,0.0006149997934699,,,,,,,,,,,,,,,,,,,,,
4,2,20660508,5000,3,16.0,80192,480180,0.0192072,1.542783600045368,0.2189523000270128,0,0.0,48.1152,75.0,79904.0384,15.980807680000002,47.94242304,0.0623875075135075,2.304e-05,2.56e-06,sparse,Random sampling,random_sampling,0.0096,0.9745540303430966,0.9540376125765582,0.0330385998822748,,0.0357725000940263,0.0001201999839395,0.0662042999174445,0.1021044000517577,1.0549457104655158,0.6768372591696692,1.8638329000677916,1.03125,0.1449130999390036,21.269614219665527,,,,,,,,,,,0.0137608998920768,eigsh,0.0218441998586058,242590.0,169906.0,0.7,336330.0,,,,,,,,,,,,,,
4,2,20660508,5000,3,16.0,80192,480180,0.0192072,1.542783600045368,0.2189523000270128,0,0.0,48.1152,75.0,79904.0384,15.980807680000002,47.94242304,0.0623875075135075,2.304e-05,2.56e-06,sparse,CountSketch random projection,countsketch_random_projection,0.0028,0.992544653854634,0.9846556835820172,0.0341429999098181,,0.274203399894759,0.0003536001313477,0.0618313997983932,0.3363995000254363,0.9999991235611316,0.5697442149792414,2.098124299896881,1.3125,0.3811648001428693,28.930432319641117,,,,,,,,,,,,,,,,,,0.0004318999126553,2475974038.0,164.0,17.0,45.0,0.0,0.0118264001794159,0.0118264001794159,0.1892930998001247,0.0407467999029904,0.0279220999218523,0.0027713999152183,eigsh,0.0004079998470842
4,3,20660509,5000,3,16.0,79701,477122,0.01908488,1.456811900017783,0.2019485998898744,0,0.0,47.8206,74.0,79904.0384,15.980807680000002,47.94242304,0.0623875075135075,2.304e-05,2.56e-06,sparse,Non-random,non_random,0.0012,0.9968008551696956,0.9931620423908296,0.0372490999288857,eigsh,0.0206465001683682,0.0002119001001119,0.0679595998954027,0.0888261999934911,1.0000000000000009,0.5766956929723174,1.7475785000715405,0.71875,0.1365481000393629,16.421435356140137,,,,,,,,,,,,,,,,,,,,,,,,,,,,,,,
4,3,20660509,5000,3,16.0,79701,477122,0.01908488,1.456811900017783,0.2019485998898744,0,0.0,47.8206,74.0,79904.0384,15.980807680000002,47.94242304,0.0623875075135075,2.304e-05,2.56e-06,sparse,Gaussian random projection,gaussian_random_projection,0.003,0.992014004643428,0.984282687271906,0.0354372998699545,,0.304715699981898,0.0004020000342279,0.0601590001024305,0.3652882000897079,0.9999985661073814,0.5716681292301579,2.024037200026214,1.0625,0.4095760001800954,30.917451858520508,,,,0.0079296000767499,0.2256213999353349,0.0401653000153601,0.0261337000411003,0.0035613998770713,eigsh,0.0003237000200897,,,,,,,,,,,,,,,,,,,,,
4,3,20660509,5000,3,16.0,79701,477122,0.01908488,1.456811900017783,0.2019485998898744,0,0.0,47.8206,74.0,79904.0384,15.980807680000002,47.94242304,0.0623875075135075,2.304e-05,2.56e-06,sparse,Random sampling,random_sampling,0.0092,0.9756099380194384,0.95570080018835,0.0351418999489396,,0.0322406000923365,0.0002091999631375,0.0657349999528378,0.0981925998348742,1.0604604348806208,0.680691315148057,1.7569452999159694,0.921875,0.1428245999850332,21.143675804138184,,,,,,,,,,,0.013986200094223,eigsh,0.0181072000414133,241061.0,168983.0,0.7,334413.0,,,,,,,,,,,,,,
4,3,20660509,5000,3,16.0,79701,477122,0.01908488,1.456811900017783,0.2019485998898744,0,0.0,47.8206,74.0,79904.0384,15.980807680000002,47.94242304,0.0623875075135075,2.304e-05,2.56e-06,sparse,CountSketch random projection,countsketch_random_projection,0.003,0.9920129177209912,0.9836829928785475,0.0347343999892473,,0.2791059999726712,0.000325399916619,0.0599829000420868,0.3394229998812079,0.9999990910413588,0.571100149710361,1.998174799839035,1.296875,0.3837921998929232,28.871766090393063,,,,,,,,,,,,,,,,,,0.0003692999016493,3182904906.0,164.0,18.0,43.0,0.0,0.0132339999545365,0.0132339999545365,0.1918822999577969,0.0418755998834967,0.0272695000749081,0.0031911998521536,eigsh,0.0004259999841451
4,4,20660510,5000,3,16.0,79874,478186,0.01912744,1.5032081999816,0.2130038000177592,0,0.0,47.9244,73.0,79904.0384,15.980807680000002,47.94242304,0.0623875075135075,2.304e-05,2.56e-06,sparse,Non-random,non_random,0.0016,0.9957373890434283,0.9908168865379976,0.0358256001491099,eigsh,0.017382200108841,0.0001215999945998,0.0671409999486059,0.0846520999912172,1.0,0.5743360139767715,1.800856800051406,0.890625,0.1292479000985622,16.45796489715576,,,,,,,,,,,,,,,,,,,,,,,,,,,,,,,
4,4,20660510,5000,3,16.0,79874,478186,0.01912744,1.5032081999816,0.2130038000177592,0,0.0,47.9244,73.0,79904.0384,15.980807680000002,47.94242304,0.0623875075135075,2.304e-05,2.56e-06,sparse,Gaussian random projection,gaussian_random_projection,0.0028,0.9925455092916649,0.9847801932352388,0.0356725000310689,,0.3142379999626428,0.0003410000354051,0.0667272000573575,0.3813151998911053,0.9999988965464364,0.5683159655141308,2.0975182000547647,1.390625,0.4277263998519629,30.92948055267334,,,,0.0072234000544995,0.2305346000939607,0.0420915000140666,0.0289523000828921,0.0039586001075804,eigsh,0.000501399859786,,,,,,,,,,,,,,,,,,,,,
4,4,20660510,5000,3,16.0,79874,478186,0.01912744,1.5032081999816,0.2130038000177592,0,0.0,47.9244,73.0,79904.0384,15.980807680000002,47.94242304,0.0623875075135075,2.304e-05,2.56e-06,sparse,Random sampling,random_sampling,0.0108,0.9713821203031638,0.9499005851858068,0.0340060999151319,,0.0383739999961108,0.000137599883601,0.0691004998516291,0.107619300018996,1.0558679958962034,0.6779034041687394,1.8238240997307005,1.09375,0.1521862000226974,21.15289688110352,,,,,,,,,,,0.0161027999129146,eigsh,0.0220832999330014,241593.0,168804.0,0.7,334088.0,,,,,,,,,,,,,,
4,4,20660510,5000,3,16.0,79874,478186,0.01912744,1.5032081999816,0.2130038000177592,0,0.0,47.9244,73.0,79904.0384,15.980807680000002,47.94242304,0.0623875075135075,2.304e-05,2.56e-06,sparse,CountSketch random projection,countsketch_random_projection,0.002,0.9946756319750732,0.989422475645486,0.0348229999653995,,0.2907807999290526,0.0002687999513,0.0640123998746275,0.3550713001750409,0.9999989875613072,0.5686843969213184,2.0712739997543395,1.4375,0.4010906000621617,28.889981269836422,,,,,,,,,,,,,,,,,,0.0004112999886274,909506684.0,164.0,16.0,45.0,0.0,0.0139189998153597,0.0139189998153597,0.1996734999120235,0.0380786000750958,0.0341809000819921,0.003438799874857,eigsh,0.0003708000294864
4,5,20660511,5000,3,16.0,79865,478162,0.01912648,1.586824300000444,0.2047834999393671,0,0.0,47.919,84.0,79904.0384,15.980807680000002,47.94242304,0.0623875075135075,2.304e-05,2.56e-06,sparse,Non-random,non_random,0.0008,0.9978673083890912,0.9955080086326352,0.0347839999012649,eigsh,0.0176808000542223,9.059999138116837e-05,0.0626407000236213,0.0804192998912185,1.0,0.5787021199975759,1.872019900009036,0.96875,0.1230924997944384,16.457140922546387,,,,,,,,,,,,,,,,,,,,,,,,,,,,,,,
4,5,20660511,5000,3,16.0,79865,478162,0.01912648,1.586824300000444,0.2047834999393671,0,0.0,47.919,84.0,79904.0384,15.980807680000002,47.94242304,0.0623875075135075,2.304e-05,2.56e-06,sparse,Gaussian random projection,gaussian_random_projection,0.0022,0.9941409180183728,0.9881737086860656,0.0358881999272853,,0.2986276999581605,0.00036589987576,0.0631093999836593,0.3621138997841626,0.9999990934143888,0.5739050109776422,2.153710799757391,1.09375,0.408147299895063,30.92915630340576,,,,0.0066571999341249,0.2153346000704914,0.0427985999267548,0.0283188999164849,0.0041761000175029,eigsh,0.0005144998431205,,,,,,,,,,,,,,,,,,,,,
4,5,20660511,5000,3,16.0,79865,478162,0.01912648,1.586824300000444,0.2047834999393671,0,0.0,47.919,84.0,79904.0384,15.980807680000002,47.94242304,0.0623875075135075,2.304e-05,2.56e-06,sparse,Random sampling,random_sampling,0.0078,0.9793028189696588,0.9618119465859614,0.0362358998972922,,0.0392778001260012,0.0001236000098288,0.0713721001520752,0.1107806002255529,1.0548399217117794,0.6796300178141959,1.9023813002277168,0.90625,0.1550027001649141,21.15963363647461,,,,,,,,,,,0.0158640998415648,eigsh,0.0232459001708775,241581.0,168896.0,0.7,334302.0,,,,,,,,,,,,,,
4,5,20660511,5000,3,16.0,79865,478162,0.01912648,1.586824300000444,0.2047834999393671,0,0.0,47.919,84.0,79904.0384,15.980807680000002,47.94242304,0.0623875075135075,2.304e-05,2.56e-06,sparse,CountSketch random projection,countsketch_random_projection,0.0034,0.9909503111267444,0.9815379479713162,0.0361709001008421,,0.2874996999744326,0.000367899890989,0.0607159999199211,0.3485940999817103,0.9999991258982605,0.5736939276472498,2.140191399725154,1.625,0.3957515999209136,28.898972511291504,,,,,,,,,,,,,,,,,,0.0003100000321865,1503566932.0,164.0,19.0,47.0,0.0,0.013572399970144,0.013572399970144,0.202660399954766,0.0402407997753471,0.0267453999258577,0.0029065001290291,eigsh,0.0003496001008898
4,6,20660512,5000,3,16.0,79992,478778,0.01915112,1.509928199928254,0.1937297000549733,0,0.0,47.9952,77.0,79904.0384,15.980807680000002,47.94242304,0.0623875075135075,2.304e-05,2.56e-06,sparse,Non-random,non_random,0.0008,0.9978677344007852,0.9953082405591348,0.0356844998896122,eigsh,0.0175594999454915,0.0001415000297129,0.0611288000363856,0.0788369998335838,0.9999999999999998,0.5788886106798657,1.7824876999948174,0.875,0.1228450001217424,16.47828960418701,,,,,,,,,,,,,,,,,,,,,,,,,,,,,,,
4,6,20660512,5000,3,16.0,79992,478778,0.01915112,1.509928199928254,0.1937297000549733,0,0.0,47.9952,77.0,79904.0384,15.980807680000002,47.94242304,0.0623875075135075,2.304e-05,2.56e-06,sparse,Gaussian random projection,gaussian_random_projection,0.0036,0.9904202838218616,0.9806410925799284,0.0343885999172925,,0.2978161999490112,0.0002764000091701,0.0620222999714314,0.3601246001198888,0.9999988726835012,0.5730942054198082,2.06377279991284,1.609375,0.4053265999536961,30.936305046081543,,,,0.0073957000859081,0.2164136001374572,0.0420599000062793,0.0280943000689148,0.0027925998438149,eigsh,0.0003358998801559,,,,,,,,,,,,,,,,,,,,,
4,6,20660512,5000,3,16.0,79992,478778,0.01915112,1.509928199928254,0.1937297000549733,0,0.0,47.9952,77.0,79904.0384,15.980807680000002,47.94242304,0.0623875075135075,2.304e-05,2.56e-06,sparse,Random sampling,random_sampling,0.0106,0.971930278090152,0.9500736670141224,0.0359710999764502,,0.035185300046578,0.0001909998245537,0.0666918000206351,0.1020764999557286,1.0570439163950185,0.6789893881674103,1.8057259998749944,1.046875,0.1488473999779671,21.213561058044437,,,,,,,,,,,0.0158871000166982,eigsh,0.0191007000394165,241889.0,169503.0,0.7,335502.0,,,,,,,,,,,,,,
4,6,20660512,5000,3,16.0,79992,478778,0.01915112,1.509928199928254,0.1937297000549733,0,0.0,47.9952,77.0,79904.0384,15.980807680000002,47.94242304,0.0623875075135075,2.304e-05,2.56e-06,sparse,CountSketch random projection,countsketch_random_projection,0.003,0.992017612165118,0.9839595253123802,0.0352859999984502,,0.3185566000174731,0.0004858998581767,0.0739325999747961,0.3929876999463886,0.9999988303751652,0.5732293463886454,2.096632999833673,1.03125,0.4379205000586808,28.90429782867432,,,,,,,,,,,,,,,,,,0.0003616998437792,709333497.0,164.0,15.0,46.0,0.0,0.014634600142017,0.014634600142017,0.2192919000517577,0.0422218001913279,0.0364373999182134,0.0041994999628514,eigsh,0.0005733999423682
4,7,20660513,5000,3,16.0,79388,475428,0.01901712,1.7712060001213104,0.2207991001196205,0,0.0,47.6328,79.0,79904.0384,15.980807680000002,47.94242304,0.0623875075135075,2.304e-05,2.56e-06,sparse,Non-random,non_random,0.0006,0.99839968012841,0.9964808772570836,0.0417059999890625,eigsh,0.0198284001089632,0.0001389000099152,0.0651517000515014,0.0851263999938964,1.0,0.5757157978661525,2.077124100411311,0.84375,0.1373432998079806,16.363276481628418,,,,,,,,,,,,,,,,,,,,,,,,,,,,,,,
4,7,20660513,5000,3,16.0,79388,475428,0.01901712,1.7712060001213104,0.2207991001196205,0,0.0,47.6328,79.0,79904.0384,15.980807680000002,47.94242304,0.0623875075135075,2.304e-05,2.56e-06,sparse,Gaussian random projection,gaussian_random_projection,0.005,0.9867088904117453,0.974860270546762,0.0355946000199765,,0.2992158001288771,0.0003563000354915,0.0689368001185357,0.3685188998933881,0.9999988465879288,0.5698021118461912,2.3605140005238354,1.484375,0.4147129999473691,30.89791774749756,,,,0.0076160999014973,0.2186231000814587,0.0402808999642729,0.0277784999925643,0.0034403000026941,eigsh,0.0003843000158667,,,,,,,,,,,,,,,,,,,,,
4,7,20660513,5000,3,16.0,79388,475428,0.01901712,1.7712060001213104,0.2207991001196205,0,0.0,47.6328,79.0,79904.0384,15.980807680000002,47.94242304,0.0623875075135075,2.304e-05,2.56e-06,sparse,Random sampling,random_sampling,0.0102,0.9729700678401548,0.951118831376871,0.0379413999617099,,0.0331030001398175,0.0001083000097423,0.06663169991225,0.0998498999979347,1.058982964821228,0.6792416120746764,2.091848100302741,1.03125,0.1473763000685721,21.087934494018555,,,,,,,,,,,0.0134430001489818,eigsh,0.019485600059852,240214.0,168645.0,0.7,333771.0,,,,,,,,,,,,,,
4,7,20660513,5000,3,16.0,79388,475428,0.01901712,1.7712060001213104,0.2207991001196205,0,0.0,47.6328,79.0,79904.0384,15.980807680000002,47.94242304,0.0623875075135075,2.304e-05,2.56e-06,sparse,CountSketch random projection,countsketch_random_projection,0.0042,0.9888251078222928,0.9777227590910836,0.0363950999453663,,0.2848793999291956,0.0002741001080721,0.0667362001258879,0.3518999998923391,0.9999988294201344,0.570580432219776,2.3438948004040867,1.234375,0.3984961998648941,28.844721794128414,,,,,,,,,,,,,,,,,,0.0004331998061388,2071877431.0,164.0,17.0,48.0,0.0,0.0140579000581055,0.0140579000581055,0.1961660999804735,0.0418390999548137,0.0273376998957246,0.003992399899289,eigsh,0.0004266002215445
4,8,20660514,5000,3,16.0,79317,474916,0.01899664,1.5584486001171172,0.1801859999541193,0,0.0,47.5902,74.0,79904.0384,15.980807680000002,47.94242304,0.0623875075135075,2.304e-05,2.56e-06,sparse,Non-random,non_random,0.001,0.997334507904956,0.9943351417712,0.0368920001201331,eigsh,0.0194196000229567,0.000190099934116,0.0617071001324802,0.0813259999267757,1.0,0.5770258600011444,1.8199514001607893,0.703125,0.1285548000596463,16.345698356628418,,,,,,,,,,,,,,,,,,,,,,,,,,,,,,,
4,8,20660514,5000,3,16.0,79317,474916,0.01899664,1.5584486001171172,0.1801859999541193,0,0.0,47.5902,74.0,79904.0384,15.980807680000002,47.94242304,0.0623875075135075,2.304e-05,2.56e-06,sparse,Gaussian random projection,gaussian_random_projection,0.0024,0.9936093956294596,0.9868013068271024,0.034753100015223,,0.2946776000317186,0.0002830999437719,0.0674103000201284,0.3623808000702411,0.9999989249838186,0.571354858249513,2.1010056000668555,1.125,0.4050064999610185,30.89195919036865,,,,0.0070659001357853,0.2124863001517951,0.0398484000470489,0.0311870998702943,0.0027407999150455,eigsh,0.0005025998689234,,,,,,,,,,,,,,,,,,,,,
4,8,20660514,5000,3,16.0,79317,474916,0.01899664,1.5584486001171172,0.1801859999541193,0,0.0,47.5902,74.0,79904.0384,15.980807680000002,47.94242304,0.0623875075135075,2.304e-05,2.56e-06,sparse,Random sampling,random_sampling,0.0092,0.9756046509931946,0.9553862216612028,0.0342463001143187,,0.0339804000686854,0.000133299967274,0.0683183001819998,0.1024390999227762,1.0598127263930932,0.6792999782497477,1.841066600289196,1.125,0.1468297000974416,21.072757720947266,,,,,,,,,,,0.0142181999981403,eigsh,0.0196195999160408,239958.0,168575.0,0.7,333620.0,,,,,,,,,,,,,,
4,8,20660514,5000,3,16.0,79317,474916,0.01899664,1.5584486001171172,0.1801859999541193,0,0.0,47.5902,74.0,79904.0384,15.980807680000002,47.94242304,0.0623875075135075,2.304e-05,2.56e-06,sparse,CountSketch random projection,countsketch_random_projection,0.0034,0.9909507689743132,0.9826976111577864,0.0334508998785167,,0.2970275999978184,0.0003203998785465,0.0596336999442428,0.3569908000063151,0.9999987706545432,0.570694481582699,2.0956162998918444,1.359375,0.4015045999549329,28.82328510284424,,,,,,,,,,,,,,,,,,0.0003911999519914,1363379360.0,164.0,15.0,45.0,0.0,0.0124715000856667,0.0124715000856667,0.1897761998698115,0.0534417000599205,0.0355825999286025,0.0039364998228847,eigsh,0.0005326999817043
4,9,20660515,5000,3,16.0,79374,475228,0.01900912,1.53262780001387,0.22511350014247,0,0.0,47.6244,74.0,79904.0384,15.980807680000002,47.94242304,0.0623875075135075,2.304e-05,2.56e-06,sparse,Non-random,non_random,0.0016,0.9957367518462372,0.9914917366415456,0.0376846001017838,eigsh,0.0168697000481188,0.0001397000160068,0.0597534999251365,0.0767702001612633,1.0000000000000004,0.5751626155172861,1.8345042001456024,0.765625,0.1236298999283462,16.35636615753174,,,,,,,,,,,,,,,,,,,,,,,,,,,,,,,
4,9,20660515,5000,3,16.0,79374,475228,0.01900912,1.53262780001387,0.22511350014247,0,0.0,47.6244,74.0,79904.0384,15.980807680000002,47.94242304,0.0623875075135075,2.304e-05,2.56e-06,sparse,Gaussian random projection,gaussian_random_projection,0.0036,0.9904181553486128,0.9806405073991282,0.036310400115326,,0.2927803001366555,0.0003374000079929,0.0633457000367343,0.356473800027743,0.9999989247562928,0.569900554952449,2.114204700337723,1.296875,0.4021562000270933,30.89543056488037,,,,0.0067718999926,0.2138979998417198,0.0386919002048671,0.0282517001032829,0.0040001000743359,eigsh,0.0004488001577556,,,,,,,,,,,,,,,,,,,,,
4,9,20660515,5000,3,16.0,79374,475228,0.01900912,1.53262780001387,0.22511350014247,0,0.0,47.6244,74.0,79904.0384,15.980807680000002,47.94242304,0.0623875075135075,2.304e-05,2.56e-06,sparse,Random sampling,random_sampling,0.008,0.9787698498670682,0.9610647506765382,0.0364097999408841,,0.0363771999254822,9.520002640783788e-05,0.0708943998906761,0.1073735000099986,1.054008829771746,0.6767560624120835,1.8651080999989065,0.796875,0.1548054998274892,21.03142261505127,,,,,,,,,,,0.0151895999442785,eigsh,0.0210335000883787,240114.0,167876.0,0.7,332268.0,,,,,,,,,,,,,,
4,9,20660515,5000,3,16.0,79374,475228,0.01900912,1.53262780001387,0.22511350014247,0,0.0,47.6244,74.0,79904.0384,15.980807680000002,47.94242304,0.0623875075135075,2.304e-05,2.56e-06,sparse,CountSketch random projection,countsketch_random_projection,0.0038,0.9898934591771908,0.9801181758790792,0.0347535999026149,,0.2859584998805076,0.0003470000810921,0.0657732000108808,0.3520891999360174,0.9999989435027964,0.5694283897751569,2.1098200001288205,1.203125,0.395535800140351,28.83524703979492,,,,,,,,,,,,,,,,,,0.0003082000184804,4043576022.0,164.0,14.0,48.0,0.0,0.0127423000521957,0.0127423000521957,0.1986641001421958,0.0387681000865995,0.0304409000091254,0.0035708998329937,eigsh,0.0004744001198559
4,10,20660516,5000,3,16.0,79655,476870,0.0190748,1.6479901999700814,0.1981376998592168,0,0.0,47.793,72.0,79904.0384,15.980807680000002,47.94242304,0.0623875075135075,2.304e-05,2.56e-06,sparse,Non-random,non_random,0.0008,0.9978673070225296,0.9953081254540675,0.0350287999026477,eigsh,0.0174428999889642,0.0001866000238806,0.0613171001896262,0.0789562000427395,1.0000000000000009,0.575588312169148,1.9250745000317693,0.890625,0.1230446000117808,16.4127836227417,,,,,,,,,,,,,,,,,,,,,,,,,,,,,,,
4,10,20660516,5000,3,16.0,79655,476870,0.0190748,1.6479901999700814,0.1981376998592168,0,0.0,47.793,72.0,79904.0384,15.980807680000002,47.94242304,0.0623875075135075,2.304e-05,2.56e-06,sparse,Gaussian random projection,gaussian_random_projection,0.003,0.99201548266767,0.983958941518868,0.0332307000644505,,0.281528600025922,0.000293199904263,0.0593965998850762,0.3412281000055372,0.999998889690691,0.5710339570450604,2.18734629964456,1.796875,0.3851063000038266,30.91422176361084,,,,0.007535699987784,0.2066648001782596,0.0371163999661803,0.0258653000928461,0.0032500999514013,eigsh,0.0003734000492841,,,,,,,,,,,,,,,,,,,,,
4,10,20660516,5000,3,16.0,79655,476870,0.0190748,1.6479901999700814,0.1981376998592168,0,0.0,47.793,72.0,79904.0384,15.980807680000002,47.94242304,0.0623875075135075,2.304e-05,2.56e-06,sparse,Random sampling,random_sampling,0.01,0.973496177386327,0.9522179565242348,0.0339433001354336,,0.0337000999134033,0.0001926000695675,0.064065899932757,0.0979680998716503,1.0557369660356624,0.6787474338691478,1.9440864997450265,1.140625,0.1424865000881254,21.12108421325684,,,,,,,,,,,0.0151870001573115,eigsh,0.0183415999636054,240935.0,168712.0,0.7,333916.0,,,,,,,,,,,,,,
4,10,20660516,5000,3,16.0,79655,476870,0.0190748,1.6479901999700814,0.1981376998592168,0,0.0,47.793,72.0,79904.0384,15.980807680000002,47.94242304,0.0623875075135075,2.304e-05,2.56e-06,sparse,CountSketch random projection,countsketch_random_projection,0.0028,0.9925425335780712,0.9848547462240016,0.0375743999611586,,0.2645127000287175,0.0002943000290542,0.0598883000202477,0.3247058000415563,0.999998579883198,0.5706235393684375,2.1708231999073178,1.21875,0.3733128998428583,28.86077213287353,,,,,,,,,,,,,,,,,,0.0004698999691754,91365931.0,164.0,15.0,46.0,0.0,0.0129831000231206,0.0129831000231206,0.1827959998045116,0.0387079999782145,0.0254325000569224,0.0030539000872522,eigsh,0.0003532997798174
6,1,20860507,5000,3,16.0,65475,394324,0.01577296,1.391158999875188,0.1848718000110238,0,0.0,39.285,65.0,65110.56828416001,13.022113656832,39.06634097049601,0.0276944988997799,2.304e-05,2.56e-06,sparse,Non-random,non_random,0.1276,0.7171744289630555,0.6746432892388718,0.0323598999530077,eigsh,0.0285044000484049,9.569991379976273e-05,0.1000765999779105,0.1286840999964624,1.0000000000000002,0.5033600182247482,1.704707499826327,1.15625,0.16893389984034,13.578791618347168,,,,,,,,,,,,,,,,,,,,,,,,,,,,,,,
6,1,20860507,5000,3,16.0,65475,394324,0.01577296,1.391158999875188,0.1848718000110238,0,0.0,39.285,65.0,65110.56828416001,13.022113656832,39.06634097049601,0.0276944988997799,2.304e-05,2.56e-06,sparse,Gaussian random projection,gaussian_random_projection,0.2964,0.4154637131062463,0.3972473864106701,0.0362433001864701,,0.2968142000027001,0.0003053001128137,0.1598886998835951,0.4570174999535084,0.9999983955431476,0.4832164333035805,2.0330389998853207,2.265625,0.5020435999613255,30.28490257263184,,,,0.0071355002000927,0.2175821999553591,0.0417244001291692,0.0251918998546898,0.004026599926874,eigsh,0.0004042000509798,,,,,,,,,,,,,,,,,,,,,
6,1,20860507,5000,3,16.0,65475,394324,0.01577296,1.391158999875188,0.1848718000110238,0,0.0,39.285,65.0,65110.56828416001,13.022113656832,39.06634097049601,0.0276944988997799,2.304e-05,2.56e-06,sparse,Random sampling,random_sampling,0.3618,0.3210201650317789,0.3137835978330771,0.0323809999972581,,0.0885134998243302,0.0001101000234484,0.1689363999757915,0.2575676999986171,1.0527354519786396,0.6344503775838879,1.833590799709782,1.890625,0.298800699878484,17.481929779052734,,,,,,,,,,,0.0130704001057893,eigsh,0.0753041000571101,199662.0,139599.0,0.7,275744.0,,,,,,,,,,,,,,
6,1,20860507,5000,3,16.0,65475,394324,0.01577296,1.391158999875188,0.1848718000110238,0,0.0,39.285,65.0,65110.56828416001,13.022113656832,39.06634097049601,0.0276944988997799,2.304e-05,2.56e-06,sparse,CountSketch random projection,countsketch_random_projection,0.3384,0.3547828311641108,0.3446328692327121,0.032884299987927,,0.2611452001146972,0.0004329001531004,0.1849225999321788,0.4465146998409182,0.9999986853701064,0.4804762143241575,2.0225315000861883,2.015625,0.4884730000048876,27.620301246643063,,,,,,,,,,,,,,,,,,0.0003913999535143,1854184381.0,166.0,19.0,41.0,0.0,0.0116320999804884,0.0116320999804884,0.1769443000666797,0.0423459999728947,0.0228746000211685,0.0055040000006556,eigsh,0.0005276999436318
6,2,20860508,5000,3,16.0,65422,394028,0.01576112,1.25744660012424,0.177863499848172,0,0.0,39.2532,64.0,65110.56828416001,13.022113656832,39.06634097049601,0.0276944988997799,2.304e-05,2.56e-06,sparse,Non-random,non_random,0.1178,0.737321281919868,0.6939674134659111,0.0345124998129904,eigsh,0.0412470002193003,0.0001841001212596,0.2942017000168562,0.3356431999709457,0.9999999999999996,0.5026554114221182,1.7709429003298285,1.640625,0.3770092001650482,13.568629264831545,,,,,,,,,,,,,,,,,,,,,,,,,,,,,,,
6,2,20860508,5000,3,16.0,65422,394028,0.01576112,1.25744660012424,0.177863499848172,0,0.0,39.2532,64.0,65110.56828416001,13.022113656832,39.06634097049601,0.0276944988997799,2.304e-05,2.56e-06,sparse,Gaussian random projection,gaussian_random_projection,0.3028,0.4058139368550534,0.388292194206895,0.0326912000309675,,0.2912552000489086,0.0004269999917596,0.1508734000381082,0.4425680998247117,0.9999984794523736,0.4818071004613209,1.8778657000511885,2.0,0.4820032001007348,30.281466484069824,,,,0.0071549001149833,0.2117513001430779,0.0422061998397111,0.0234932999592274,0.0050737001001834,eigsh,0.0006484000477939,,,,,,,,,,,,,,,,,,,,,
6,2,20860508,5000,3,16.0,65422,394028,0.01576112,1.25744660012424,0.177863499848172,0,0.0,39.2532,64.0,65110.56828416001,13.022113656832,39.06634097049601,0.0276944988997799,2.304e-05,2.56e-06,sparse,Random sampling,random_sampling,0.413,0.2576430417549719,0.2573005057745586,0.0329475000035017,,0.0825648999307304,0.0001167999580502,0.2186756001319736,0.3013649000786245,1.0578966261881932,0.6351722656217933,1.7366673999931663,2.171875,0.3428201999049634,17.48480796813965,,,,,,,,,,,0.0112161999568343,eigsh,0.071189200039953,199514.0,139753.0,0.7,275975.0,,,,,,,,,,,,,,
6,2,20860508,5000,3,16.0,65422,394028,0.01576112,1.25744660012424,0.177863499848172,0,0.0,39.2532,64.0,65110.56828416001,13.022113656832,39.06634097049601,0.0276944988997799,2.304e-05,2.56e-06,sparse,CountSketch random projection,countsketch_random_projection,0.331,0.3648047603093169,0.3528465402554072,0.0367038999684155,,0.2765756000299006,0.0003301999531686,0.1680364999920129,0.444952700054273,0.9999987793454174,0.4808057318476486,1.8802523999474945,2.625,0.4906220999546349,27.612019538879395,,,,,,,,,,,,,,,,,,0.0004197999369353,764646517.0,166.0,15.0,51.0,0.0,0.0109844000544399,0.0109844000544399,0.1920179000589996,0.0430193999782204,0.0249574000481516,0.0040794000960886,eigsh,0.0004453000146895
6,3,20860509,5000,3,16.0,65016,391546,0.01566184,1.3225982000585643,0.1668779000174254,0,0.0,39.0096,63.0,65110.56828416001,13.022113656832,39.06634097049601,0.0276944988997799,2.304e-05,2.56e-06,sparse,Non-random,non_random,0.1248,0.7227624699107754,0.6806912402678624,0.0349028001073747,eigsh,0.0325978000182658,0.0001090001314878,0.1140993998851627,0.1468139002099633,0.9999999999999994,0.5033539280606872,1.6362823001109064,1.265625,0.1892333999276161,13.483416557312012,,,,,,,,,,,,,,,,,,,,,,,,,,,,,,,
6,3,20860509,5000,3,16.0,65016,391546,0.01566184,1.3225982000585643,0.1668779000174254,0,0.0,39.0096,63.0,65110.56828416001,13.022113656832,39.06634097049601,0.0276944988997799,2.304e-05,2.56e-06,sparse,Gaussian random projection,gaussian_random_projection,0.3198,0.3800100511057807,0.3657022417959555,0.0322712000925093,,0.2970669998321682,0.0003144000656902,0.1609123998787254,0.4583023998420685,0.9999986037773908,0.4813768518019917,1.9477698998525736,2.09375,0.4982057001907378,30.25321102142334,,,,0.0073889999184757,0.2104545999318361,0.046597900101915,0.0248566002119332,0.005761100212112,eigsh,0.0006921000313013,,,,,,,,,,,,,,,,,,,,,
6,3,20860509,5000,3,16.0,65016,391546,0.01566184,1.3225982000585643,0.1668779000174254,0,0.0,39.0096,63.0,65110.56828416001,13.022113656832,39.06634097049601,0.0276944988997799,2.304e-05,2.56e-06,sparse,Random sampling,random_sampling,0.3756,0.3032440293421681,0.2995544139843789,0.0348253999836742,,0.0975516000762581,0.0002058001700788,0.1779160001315176,0.2756831999868154,1.0589046683622396,0.636341146243729,1.7651495004538449,2.359375,0.3189460998401046,17.36807155609131,,,,,,,,,,,0.0119044999592006,eigsh,0.0854690000414848,198273.0,138772.0,0.7,274018.0,,,,,,,,,,,,,,
6,3,20860509,5000,3,16.0,65016,391546,0.01566184,1.3225982000585643,0.1668779000174254,0,0.0,39.0096,63.0,65110.56828416001,13.022113656832,39.06634097049601,0.0276944988997799,2.304e-05,2.56e-06,sparse,CountSketch random projection,countsketch_random_projection,0.319,0.3810196323458318,0.3685977395629237,0.0326078999787569,,0.2475495999678969,0.0002156000118702,0.1573153999634087,0.405087900115177,0.9999983957624932,0.4800350004702168,1.8945567000191657,1.875,0.4453969998285174,27.563252449035645,,,,,,,,,,,,,,,,,,0.0002881998661905,1331761041.0,166.0,17.0,48.0,0.0,0.0094569998327642,0.0094569998327642,0.1700008001644164,0.0394470999017357,0.0217770999297499,0.004650600021705,eigsh,0.0008438997901976
6,4,20860510,5000,3,16.0,65164,392382,0.01569528,1.2874676999635994,0.1546608998905867,0,0.0,39.0984,70.0,65110.56828416001,13.022113656832,39.06634097049601,0.0276944988997799,2.304e-05,2.56e-06,sparse,Non-random,non_random,0.1198,0.7332284197292169,0.6899179447940523,0.0335743001196533,eigsh,0.0307478001341223,0.0001221999991685,0.1099634000565856,0.1408408998977393,1.0000000000000002,0.5036795962337005,1.5829620000440627,1.34375,0.1818831998389214,13.512118339538574,,,,,,,,,,,,,,,,,,,,,,,,,,,,,,,
6,4,20860510,5000,3,16.0,65164,392382,0.01569528,1.2874676999635994,0.1546608998905867,0,0.0,39.0984,70.0,65110.56828416001,13.022113656832,39.06634097049601,0.0276944988997799,2.304e-05,2.56e-06,sparse,Gaussian random projection,gaussian_random_projection,0.3068,0.3994137653638874,0.3837018051970715,0.0358936998527497,,0.3147616998758167,0.0003335999790579,0.2070598001591861,0.522164000198245,0.9999986197793572,0.4824711305910712,1.964283699868247,2.15625,0.5674340999685228,30.262877464294437,,,,0.0077860001474618,0.2182215000502765,0.0484420000575482,0.032301900209859,0.0058408000040799,eigsh,0.0007327001076191,,,,,,,,,,,,,,,,,,,,,
6,4,20860510,5000,3,16.0,65164,392382,0.01569528,1.2874676999635994,0.1546608998905867,0,0.0,39.0984,70.0,65110.56828416001,13.022113656832,39.06634097049601,0.0276944988997799,2.304e-05,2.56e-06,sparse,Random sampling,random_sampling,0.4422,0.2297483005783149,0.2352603807741068,0.0322928000241518,,0.0935959999915212,0.0001103000249713,0.2750678998418152,0.368781000142917,1.053945094473178,0.6349020240596175,1.810902799712494,2.734375,0.4081840000580996,17.384146690368652,,,,,,,,,,,0.014471499947831,eigsh,0.0789729999378323,198691.0,138749.0,0.7,274020.0,,,,,,,,,,,,,,
6,4,20860510,5000,3,16.0,65164,392382,0.01569528,1.2874676999635994,0.1546608998905867,0,0.0,39.0984,70.0,65110.56828416001,13.022113656832,39.06634097049601,0.0276944988997799,2.304e-05,2.56e-06,sparse,CountSketch random projection,countsketch_random_projection,0.2978,0.4136975994404192,0.3960426071352042,0.0344585999846458,,0.2509745999705046,0.0002331999130547,0.1513461000286042,0.4025616999715566,0.999997959855136,0.4822643849461356,1.8446824997663496,2.390625,0.4466564001049846,27.581902503967285,,,,,,,,,,,,,,,,,,0.0005594999529421,1566802680.0,166.0,17.0,42.0,0.0,0.0114060998894274,0.0114060998894274,0.1660505998879671,0.0432404999155551,0.0239675000775605,0.0042003998532891,eigsh,0.0004046999383717
6,5,20860511,5000,3,16.0,65151,392368,0.01569472,1.259582799859345,0.166913199936971,0,0.0,39.0906,62.0,65110.56828416001,13.022113656832,39.06634097049601,0.0276944988997799,2.304e-05,2.56e-06,sparse,Non-random,non_random,0.116,0.7406886015711516,0.6968932406372,0.0381336000282317,eigsh,0.0307193000335246,0.0001405999064445,0.2016990000847727,0.2325667000841349,0.9999999999999984,0.5029810443086625,1.659054899821058,1.34375,0.2775069999042898,13.511637687683104,,,,,,,,,,,,,,,,,,,,,,,,,,,,,,,
6,5,20860511,5000,3,16.0,65151,392368,0.01569472,1.259582799859345,0.166913199936971,0,0.0,39.0906,62.0,65110.56828416001,13.022113656832,39.06634097049601,0.0276944988997799,2.304e-05,2.56e-06,sparse,Gaussian random projection,gaussian_random_projection,0.331,0.3649998103472959,0.3528984983788699,0.0358632998540997,,0.3025983001571148,0.0002653000410646,0.1994777999352663,0.5023502998519689,0.9999985995516834,0.4792974911042542,1.9288373999297617,2.21875,0.5466897001024336,30.262816429138184,,,,0.0068482002243399,0.2089275000616908,0.0482200998812913,0.0312153999693691,0.0052234998438507,eigsh,0.0007044000085443,,,,,,,,,,,,,,,,,,,,,
6,5,20860511,5000,3,16.0,65151,392368,0.01569472,1.259582799859345,0.166913199936971,0,0.0,39.0906,62.0,65110.56828416001,13.022113656832,39.06634097049601,0.0276944988997799,2.304e-05,2.56e-06,sparse,Random sampling,random_sampling,0.3856,0.2958059346154709,0.2950028798694112,0.0330288000404834,,0.1048220000229775,0.0001013001892715,0.2763839999679476,0.3813140999991447,1.0603011555295938,0.6353741704127898,1.8078032999765128,2.390625,0.4245776000898331,17.435688018798828,,,,,,,,,,,0.0154273998923599,eigsh,0.0891913000959903,198684.0,139509.0,0.7,275499.0,,,,,,,,,,,,,,
6,5,20860511,5000,3,16.0,65151,392368,0.01569472,1.259582799859345,0.166913199936971,0,0.0,39.0906,62.0,65110.56828416001,13.022113656832,39.06634097049601,0.0276944988997799,2.304e-05,2.56e-06,sparse,CountSketch random projection,countsketch_random_projection,0.3018,0.4067000777103924,0.3899555412607053,0.0329118999652564,,0.258286900119856,0.0002892001066356,0.1488295001909136,0.4074137001298368,0.9999984844424826,0.4822994020953089,1.8339016002137212,2.140625,0.4496828999835998,27.57833194732666,,,,,,,,,,,,,,,,,,0.0002756998874247,3273290519.0,166.0,17.0,46.0,0.0,0.0099124000407755,0.0099124000407755,0.1717800002079457,0.0468364001717418,0.0236230001319199,0.0043090998660773,eigsh,0.0004592998884618
6,6,20860512,5000,3,16.0,65084,392012,0.01568048,1.3514769999310374,0.1567514999769628,0,0.0,39.0504,64.0,65110.56828416001,13.022113656832,39.06634097049601,0.0276944988997799,2.304e-05,2.56e-06,sparse,Non-random,non_random,0.126,0.7205398366604161,0.6774251247778192,0.0333120999857783,eigsh,0.0344132999889552,0.0001116001512855,0.1105176000855863,0.1450503000523895,1.0,0.5014113362374479,1.653271000133827,1.3125,0.1880189999938011,13.499415397644045,,,,,,,,,,,,,,,,,,,,,,,,,,,,,,,
6,6,20860512,5000,3,16.0,65084,392012,0.01568048,1.3514769999310374,0.1567514999769628,0,0.0,39.0504,64.0,65110.56828416001,13.022113656832,39.06634097049601,0.0276944988997799,2.304e-05,2.56e-06,sparse,Gaussian random projection,gaussian_random_projection,0.3266,0.3703024695987454,0.3578014355397422,0.034532600082457,,0.2701743999496102,0.0002075999509543,0.1671672000084072,0.4375561000779271,0.99999848960697,0.4807528813815003,1.945777699816972,2.21875,0.4788325999397784,30.258543968200684,,,,0.007066800026223,0.1901388000696897,0.0448787999339401,0.0221942998468875,0.0040756000671535,eigsh,0.0005058001261204,,,,,,,,,,,,,,,,,,,,,
6,6,20860512,5000,3,16.0,65084,392012,0.01568048,1.3514769999310374,0.1567514999769628,0,0.0,39.0504,64.0,65110.56828416001,13.022113656832,39.06634097049601,0.0276944988997799,2.304e-05,2.56e-06,sparse,Random sampling,random_sampling,0.4234,0.2447133762414511,0.2465397357320844,0.0349201001226902,,0.0992393000051379,0.0001028000842779,0.2518204001244157,0.3511695000343025,1.0593764221234705,0.636499479706991,1.859391000121832,2.484375,0.393796700052917,17.396422386169434,,,,,,,,,,,0.0134763000532984,eigsh,0.0856240999419242,198506.0,139058.0,0.7,274563.0,,,,,,,,,,,,,,
6,6,20860512,5000,3,16.0,65084,392012,0.01568048,1.3514769999310374,0.1567514999769628,0,0.0,39.0504,64.0,65110.56828416001,13.022113656832,39.06634097049601,0.0276944988997799,2.304e-05,2.56e-06,sparse,CountSketch random projection,countsketch_random_projection,0.308,0.3978140768973227,0.3814300914552516,0.0337824998423457,,0.2880776000674814,0.0003870001528412,0.1793688000179827,0.4678429001942277,0.9999984662340782,0.4817870154708934,1.9760619001463056,2.3125,0.5089415002148598,27.57444477081299,,,,,,,,,,,,,,,,,,0.0002948001492768,4202453993.0,166.0,18.0,45.0,0.0,0.0109609998762607,0.0109609998762607,0.2012986000627279,0.0436923999805003,0.0252692000940442,0.0050770000088959,eigsh,0.0006643999367952
6,7,20860513,5000,3,16.0,65203,392784,0.01571136,1.3037631998304278,0.1621296000666916,0,0.0,39.1218,66.0,65110.56828416001,13.022113656832,39.06634097049601,0.0276944988997799,2.304e-05,2.56e-06,sparse,Non-random,non_random,0.1224,0.7275129382400153,0.6846803283595225,0.0336364000104367,eigsh,0.0320836000610142,0.0001338999718427,0.1114864000119268,0.1437117999885231,1.0000000000000004,0.5029116642885786,1.6095966999419034,1.25,0.1841352998744696,13.525919914245604,,,,,,,,,,,,,,,,,,,,,,,,,,,,,,,
6,7,20860513,5000,3,16.0,65203,392784,0.01571136,1.3037631998304278,0.1621296000666916,0,0.0,39.1218,66.0,65110.56828416001,13.022113656832,39.06634097049601,0.0276944988997799,2.304e-05,2.56e-06,sparse,Gaussian random projection,gaussian_random_projection,0.3008,0.4087752756052277,0.3914598096275589,0.0337530998513102,,0.2653121999464929,0.0003568001557141,0.1659417999908328,0.431620700052008,0.9999982686488652,0.4822814902606326,1.8975035999901595,2.3125,0.4745606000069529,30.26737880706787,,,,0.0079188998788595,0.1840867998544126,0.0441167999524623,0.0235058998223394,0.004438699921593,eigsh,0.0004851999692618,,,,,,,,,,,,,,,,,,,,,
6,7,20860513,5000,3,16.0,65203,392784,0.01571136,1.3037631998304278,0.1621296000666916,0,0.0,39.1218,66.0,65110.56828416001,13.022113656832,39.06634097049601,0.0276944988997799,2.304e-05,2.56e-06,sparse,Random sampling,random_sampling,0.3814,0.2949180026651724,0.2898602223734031,0.035114899976179,,0.0760725999716669,0.0001060999929904,0.1931602000258863,0.2693454998079687,1.0566812832014347,0.636355214528018,1.7352316998876631,1.96875,0.312677799956873,17.420299530029297,,,,,,,,,,,0.011782000074163,eigsh,0.0641434001736342,198892.0,139165.0,0.7,274827.0,,,,,,,,,,,,,,
6,7,20860513,5000,3,16.0,65203,392784,0.01571136,1.3037631998304278,0.1621296000666916,0,0.0,39.1218,66.0,65110.56828416001,13.022113656832,39.06634097049601,0.0276944988997799,2.304e-05,2.56e-06,sparse,CountSketch random projection,countsketch_random_projection,0.3284,0.3677198956345783,0.3557268029509893,0.0369500999804586,,0.258645299822092,0.000395999988541,0.1873631998896598,0.4464138001203537,0.999998175549109,0.4807481016697629,1.9122972995974123,2.234375,0.4915195000357926,27.584603309631348,,,,,,,,,,,,,,,,,,0.0004286000039428,1645430094.0,166.0,10.0,48.0,0.0,0.0118753998540341,0.0118753998540341,0.1703889998607337,0.0437805999536067,0.0257608999963849,0.0051751001738011,eigsh,0.0004864998627454
6,8,20860514,5000,3,16.0,65028,391590,0.0156636,1.343742199940607,0.1557366999331861,0,0.0,39.0168,65.0,65110.56828416001,13.022113656832,39.06634097049601,0.0276944988997799,2.304e-05,2.56e-06,sparse,Non-random,non_random,0.1248,0.7228686252698552,0.6799422612824564,0.0337003001477569,eigsh,0.0301584999542683,0.0001538000069558,0.101835599867627,0.1321557001210749,0.9999999999999998,0.5043320541031543,1.6316267997026443,1.171875,0.1726444999221712,13.4849271774292,,,,,,,,,,,,,,,,,,,,,,,,,,,,,,,
6,8,20860514,5000,3,16.0,65028,391590,0.0156636,1.343742199940607,0.1557366999331861,0,0.0,39.0168,65.0,65110.56828416001,13.022113656832,39.06634097049601,0.0276944988997799,2.304e-05,2.56e-06,sparse,Gaussian random projection,gaussian_random_projection,0.3168,0.3851851467518384,0.3719761705563177,0.0338139999657869,,0.2692114000674337,0.0003283000551164,0.1713786998298019,0.4409275001380592,0.9999985081808472,0.4818679463313489,1.9403972998261447,2.359375,0.483995100017637,30.25391292572021,,,,0.0077243000268936,0.1891202998813241,0.0417665999848395,0.0253087000455707,0.0039784999098628,eigsh,0.0005248000379651,,,,,,,,,,,,,,,,,,,,,
6,8,20860514,5000,3,16.0,65028,391590,0.0156636,1.343742199940607,0.1557366999331861,0,0.0,39.0168,65.0,65110.56828416001,13.022113656832,39.06634097049601,0.0276944988997799,2.304e-05,2.56e-06,sparse,Random sampling,random_sampling,0.3866,0.2920092114261982,0.2889884258702169,0.0330819999799132,,0.103299899958074,0.0001153000630438,0.2043287998531013,0.3077508001588285,1.0552033956313924,0.6351566022012327,1.8072228997480124,2.21875,0.349320099921897,17.371758460998535,,,,,,,,,,,0.0136923999525606,eigsh,0.0894712000153958,198295.0,138795.0,0.7,274108.0,,,,,,,,,,,,,,
6,8,20860514,5000,3,16.0,65028,391590,0.0156636,1.343742199940607,0.1557366999331861,0,0.0,39.0168,65.0,65110.56828416001,13.022113656832,39.06634097049601,0.0276944988997799,2.304e-05,2.56e-06,sparse,CountSketch random projection,countsketch_random_projection,0.3146,0.3874721476622609,0.372140915403015,0.0389324999414384,,0.2663821999449283,0.0003160999622195,0.2183730001561343,0.4850837001577019,0.9999984298969656,0.482529058928055,1.9845501999370756,1.546875,0.5328565998934209,27.56287097930908,,,,,,,,,,,,,,,,,,0.0003891000524163,3451550334.0,166.0,14.0,44.0,0.0,0.0114098000340163,0.0114098000340163,0.1831397002097219,0.0419813001062721,0.0239772999193519,0.0042175999842584,eigsh,0.0004987998399883
6,9,20860515,5000,3,16.0,64851,390530,0.0156212,1.3532650999259204,0.1524807000532746,0,0.0,38.9106,62.0,65110.56828416001,13.022113656832,39.06634097049601,0.0276944988997799,2.304e-05,2.56e-06,sparse,Non-random,non_random,0.1182,0.736330761240588,0.6930625190094151,0.0332072000019252,eigsh,0.0284041000995785,0.0001129999291151,0.1077984999865293,0.1363234999589622,0.9999999999999992,0.5041027435170679,1.642061399994418,1.40625,0.176500900182873,13.448534965515137,,,,,,,,,,,,,,,,,,,,,,,,,,,,,,,
6,9,20860515,5000,3,16.0,64851,390530,0.0156212,1.3532650999259204,0.1524807000532746,0,0.0,38.9106,62.0,65110.56828416001,13.022113656832,39.06634097049601,0.0276944988997799,2.304e-05,2.56e-06,sparse,Gaussian random projection,gaussian_random_projection,0.3104,0.3938862434929365,0.3783047669860633,0.0366027001291513,,0.2751341999974102,0.0003359001129865,0.1567444999236613,0.4322240999899804,0.999998083638268,0.480603637351386,1.937960400013253,2.078125,0.4760237999726087,30.24148464202881,,,,0.0068210000172257,0.1861146001610905,0.0418449998833239,0.0329064999241381,0.0058768999297171,eigsh,0.0007184999994933,,,,,,,,,,,,,,,,,,,,,
6,9,20860515,5000,3,16.0,64851,390530,0.0156212,1.3532650999259204,0.1524807000532746,0,0.0,38.9106,62.0,65110.56828416001,13.022113656832,39.06634097049601,0.0276944988997799,2.304e-05,2.56e-06,sparse,Random sampling,random_sampling,0.374,0.3053115907332011,0.2996524548560379,0.0322811000514775,,0.0774187999777495,0.0001488998532295,0.1723657001275569,0.2499408000148832,1.0607672141825666,0.6376644953689896,1.755679199937731,1.703125,0.2895466000773012,17.325721740722656,,,,,,,,,,,0.0118848998099565,eigsh,0.0653202999383211,197765.0,138464.0,0.7,273361.0,,,,,,,,,,,,,,
6,9,20860515,5000,3,16.0,64851,390530,0.0156212,1.3532650999259204,0.1524807000532746,0,0.0,38.9106,62.0,65110.56828416001,13.022113656832,39.06634097049601,0.0276944988997799,2.304e-05,2.56e-06,sparse,CountSketch random projection,countsketch_random_projection,0.2984,0.4133059530943269,0.3957019759875138,0.0332054998725652,,0.235362600069493,0.0003116999287158,0.1530367999803275,0.3887220998294651,0.9999984435150449,0.481356309595805,1.8944568999577316,2.046875,0.4317373000085354,27.545891761779785,,,,,,,,,,,,,,,,,,0.0004336000420153,1619357863.0,166.0,18.0,49.0,0.0,0.0094451999757438,0.0094451999757438,0.1560372000094503,0.0386930000968277,0.0243144000414758,0.005137899890542,eigsh,0.0006713999900966
6,10,20860516,5000,3,16.0,65009,391538,0.01566152,1.4099680001381785,0.1962729999795556,0,0.0,39.0054,72.0,65110.56828416001,13.022113656832,39.06634097049601,0.0276944988997799,2.304e-05,2.56e-06,sparse,Non-random,non_random,0.1098,0.7539056497648373,0.710379698079529,0.03309249994345,eigsh,0.029767399886623,0.0001067998819053,0.097776300041005,0.1276575999800115,1.0000000000000009,0.506459962557674,1.7338914999272674,1.25,0.1672598000150174,13.483141899108888,,,,,,,,,,,,,,,,,,,,,,,,,,,,,,,
6,10,20860516,5000,3,16.0,65009,391538,0.01566152,1.4099680001381785,0.1962729999795556,0,0.0,39.0054,72.0,65110.56828416001,13.022113656832,39.06634097049601,0.0276944988997799,2.304e-05,2.56e-06,sparse,Gaussian random projection,gaussian_random_projection,0.2928,0.4212354217770097,0.4032923479296408,0.032550600124523,,0.2627312999684363,0.0002237998414784,0.1582419001497328,0.4212040998972952,0.9999985498898762,0.4843449949616382,2.0274380000773817,2.1875,0.4619998999405652,30.25321865081787,,,,0.0073821002151817,0.1875907001085579,0.0404338999651372,0.0218093998264521,0.0040726999286562,eigsh,0.0004146001301705,,,,,,,,,,,,,,,,,,,,,
6,10,20860516,5000,3,16.0,65009,391538,0.01566152,1.4099680001381785,0.1962729999795556,0,0.0,39.0054,72.0,65110.56828416001,13.022113656832,39.06634097049601,0.0276944988997799,2.304e-05,2.56e-06,sparse,Random sampling,random_sampling,0.3498,0.3385469584720526,0.3303127006766698,0.033367799827829,,0.0781594000291079,0.0001228000037372,0.1662420998327434,0.2445314000360667,1.0576948251503449,0.6367460846261037,1.8507652999833224,2.0625,0.2865683001000434,17.37274169921875,,,,,,,,,,,0.012396499980241,eigsh,0.0655549999792128,198269.0,138836.0,0.7,274158.0,,,,,,,,,,,,,,
6,10,20860516,5000,3,16.0,65009,391538,0.01566152,1.4099680001381785,0.1962729999795556,0,0.0,39.0054,72.0,65110.56828416001,13.022113656832,39.06634097049601,0.0276944988997799,2.304e-05,2.56e-06,sparse,CountSketch random projection,countsketch_random_projection,0.3,0.4101592971083149,0.3934650342434279,0.0328251000028103,,0.2515038000419736,0.0003378000110387,0.1529884000774473,0.4048395999707281,0.9999984632185512,0.4820307988242677,2.0110710002481937,1.890625,0.4445064999163151,27.565930366516117,,,,,,,,,,,,,,,,,,0.0003100000321865,2972918689.0,166.0,19.0,45.0,0.0,0.0106377000920474,0.0106377000920474,0.1699175001122057,0.0422833999618887,0.0230141999199986,0.0040355001110583,eigsh,0.0004070999566465
8,1,21060507,5000,3,16.0,60081,362656,0.01450624,1.3438102998770771,0.1307876999489963,0,0.0,36.0486,60.0,59936.0384,11.98720768,35.96162304,0.0155594144038891,2.304e-05,2.56e-06,sparse,Non-random,non_random,0.7946,0.0241317637311355,0.0413945916418705,0.0322428999934345,eigsh,0.1111526999156922,0.000215700129047,0.6205525998957455,0.7319294000044465,1.0,0.4952213109761594,2.2065189997665584,5.34375,0.7707702000625432,12.491557121276855,,,,,,,,,,,,,,,,,,,,,,,,,,,,,,,
8,1,21060507,5000,3,16.0,60081,362656,0.01450624,1.3438102998770771,0.1307876999489963,0,0.0,36.0486,60.0,59936.0384,11.98720768,35.96162304,0.0155594144038891,2.304e-05,2.56e-06,sparse,Gaussian random projection,gaussian_random_projection,0.8256,0.0073218693670293,0.0141400099401336,0.0330511999782174,,0.2929937001317739,0.0002321999054402,0.5343345999717712,0.8275681000668555,0.9999979700863943,0.4776835179597532,2.302158499835059,4.953125,0.8672203000169247,30.238158226013184,,,,0.0074304998852312,0.2091882000677287,0.044355799909681,0.0219956000801175,0.0080256999935954,eigsh,0.0007283999584615,,,,,,,,,,,,,,,,,,,,,
8,1,21060507,5000,3,16.0,60081,362656,0.01450624,1.3438102998770771,0.1307876999489963,0,0.0,36.0486,60.0,59936.0384,11.98720768,35.96162304,0.0155594144038891,2.304e-05,2.56e-06,sparse,Random sampling,random_sampling,0.8216,0.006990214907157,0.0153356511296579,0.032518699998036,,0.1316376999020576,0.0001379000023007,0.4813756998628378,0.6131593000609428,1.0577904430156897,0.6397727931027918,2.08774929959327,4.734375,0.653279900085181,16.124677658081055,,,,,,,,,,,0.0118338998872786,eigsh,0.1196294999681413,183828.0,129011.0,0.7,254530.0,,,,,,,,,,,,,,
8,1,21060507,5000,3,16.0,60081,362656,0.01450624,1.3438102998770771,0.1307876999489963,0,0.0,36.0486,60.0,59936.0384,11.98720768,35.96162304,0.0155594144038891,2.304e-05,2.56e-06,sparse,CountSketch random projection,countsketch_random_projection,0.8166,0.0105964550277815,0.0189989759529571,0.0324055000673979,,0.282417600043118,0.0002682998310774,0.5959794998634607,0.8786732999142259,0.9999979298236352,0.4775535329879043,2.3532633995637298,5.421875,0.919565699994564,27.263168334960938,,,,,,,,,,,,,,,,,,0.0004748001229017,2482775150.0,168.0,15.0,48.0,0.0,0.0125122000463306,0.0125122000463306,0.1881381999701261,0.0446839001961052,0.0246584999840706,0.01021259999834,eigsh,0.0006651000585407
8,2,21060508,5000,3,16.0,60140,363128,0.01452512,1.298781800083816,0.1401126000564545,0,0.0,36.084,65.0,59936.0384,11.98720768,35.96162304,0.0155594144038891,2.304e-05,2.56e-06,sparse,Non-random,non_random,0.8014,0.0191306817869427,0.03341131620289,0.0327637000009417,eigsh,0.1043956000357866,0.0001711000222712,0.554776499979198,0.6593522999901325,1.000000000000001,0.4951105936151698,2.0982376001775265,4.34375,0.700201699975878,12.50776195526123,,,,,,,,,,,,,,,,,,,,,,,,,,,,,,,
8,2,21060508,5000,3,16.0,60140,363128,0.01452512,1.298781800083816,0.1401126000564545,0,0.0,36.084,65.0,59936.0384,11.98720768,35.96162304,0.0155594144038891,2.304e-05,2.56e-06,sparse,Gaussian random projection,gaussian_random_projection,0.8246,0.0078070203446271,0.0150792758680767,0.0341018000617623,,0.2807856001891196,0.0002240999601781,0.5741558000445366,0.8551735999062657,0.9999981669115764,0.4773227380937085,2.294059900334105,5.296875,0.8984627998434007,30.24355983734131,,,,0.0083463001064956,0.1883708999957889,0.0461141001433134,0.0256381998769938,0.010196799878031,eigsh,0.0007402000483125,,,,,,,,,,,,,,,,,,,,,
8,2,21060508,5000,3,16.0,60140,363128,0.01452512,1.298781800083816,0.1401126000564545,0,0.0,36.084,65.0,59936.0384,11.98720768,35.96162304,0.0155594144038891,2.304e-05,2.56e-06,sparse,Random sampling,random_sampling,0.8392,0.0028323295742663,0.0076662969931987,0.0318153998814523,,0.1895395000465214,0.00018380000256,0.492706699995324,0.6824377998709679,1.0590062834420453,0.6394927481426341,2.121324400184676,4.875,0.720758100040257,16.125253677368164,,,,,,,,,,,0.0125748000573366,eigsh,0.1767846001312136,184064.0,128899.0,0.7,254274.0,,,,,,,,,,,,,,
8,2,21060508,5000,3,16.0,60140,363128,0.01452512,1.298781800083816,0.1401126000564545,0,0.0,36.084,65.0,59936.0384,11.98720768,35.96162304,0.0155594144038891,2.304e-05,2.56e-06,sparse,CountSketch random projection,countsketch_random_projection,0.8208,0.0074395446058198,0.0145927861681938,0.0311066000722348,,0.2509484000038355,0.000244699884206,0.4795327999163419,0.7307351001072675,0.9999978518433053,0.4768964428197558,2.169620299944654,5.265625,0.7715656000655144,27.27622604370117,,,,,,,,,,,,,,,,,,0.0003374000079929,1613244605.0,168.0,17.0,45.0,0.0,0.010875699808821,0.010875699808821,0.1562281001824885,0.0464509001467376,0.0245387000031769,0.0107500001322478,eigsh,0.0006565998774021
8,3,21060509,5000,3,16.0,60310,364066,0.01456264,1.2816065999213606,0.1492171001154929,0,0.0,36.186,61.0,59936.0384,11.98720768,35.96162304,0.0155594144038891,2.304e-05,2.56e-06,sparse,Non-random,non_random,0.803,0.0195432419351095,0.0365121359807791,0.0350562999956309,eigsh,0.1803564000874757,0.0001997998915612,0.5002392001915723,0.6808029001113027,1.0000000000000002,0.4943969773435591,2.111619100207463,3.796875,0.724851300008595,12.539965629577637,,,,,,,,,,,,,,,,,,,,,,,,,,,,,,,
8,3,21060509,5000,3,16.0,60310,364066,0.01456264,1.2816065999213606,0.1492171001154929,0,0.0,36.186,61.0,59936.0384,11.98720768,35.96162304,0.0155594144038891,2.304e-05,2.56e-06,sparse,Gaussian random projection,gaussian_random_projection,0.816,0.0083864072423206,0.0160329872495951,0.0318401998374611,,0.2757715999614447,0.0002615998964756,0.4842079998925328,0.7602488999255002,0.9999983860342734,0.4773748852148437,2.191064899787307,5.0,0.7991756000556052,30.254294395446777,,,,0.0076560999732464,0.185232900083065,0.0444445998873561,0.0263199999462813,0.0101256999187171,eigsh,0.0006520999595522,,,,,,,,,,,,,,,,,,,,,
8,3,21060509,5000,3,16.0,60310,364066,0.01456264,1.2816065999213606,0.1492171001154929,0,0.0,36.186,61.0,59936.0384,11.98720768,35.96162304,0.0155594144038891,2.304e-05,2.56e-06,sparse,Random sampling,random_sampling,0.8338,0.0044660772782845,0.0107513485615648,0.0391624998301267,,0.1892423999961465,0.00015340000391,0.5047981000971049,0.6942011998035014,1.058281047344273,0.6390336382011085,2.125017600134015,4.78125,0.7417641999199986,16.158934593200684,,,,,,,,,,,0.0107654999010264,eigsh,0.1781256000977009,184533.0,129119.0,0.7,254715.0,,,,,,,,,,,,,,
8,3,21060509,5000,3,16.0,60310,364066,0.01456264,1.2816065999213606,0.1492171001154929,0,0.0,36.186,61.0,59936.0384,11.98720768,35.96162304,0.0155594144038891,2.304e-05,2.56e-06,sparse,CountSketch random projection,countsketch_random_projection,0.843,0.0054312146043833,0.0118603316295322,0.031371199991554,,0.2732424000278115,0.0004186001606285,0.5012332999613136,0.7749055000022054,0.999998181439238,0.4773414511513297,2.2057180001866072,4.828125,0.8151749998796731,27.297913551330566,,,,,,,,,,,,,,,,,,0.0004318000283092,4128144895.0,168.0,18.0,44.0,0.0,0.0134841001126915,0.0134841001126915,0.1786962000187486,0.0429702999535948,0.0249055000022053,0.01117580011487,eigsh,0.0007362000178545
8,4,21060510,5000,3,16.0,59843,361342,0.01445368,1.357366800075397,0.1413740999996662,0,0.0,35.9058,59.0,59936.0384,11.98720768,35.96162304,0.0155594144038891,2.304e-05,2.56e-06,sparse,Non-random,non_random,0.7812,0.0230620810377908,0.0380793235768674,0.036882699932903,eigsh,0.123510800069198,0.0001855001319199,0.5359283001162112,0.6596343000419438,0.9999999999999996,0.4955018008197704,2.1583655003923923,4.734375,0.7033107001334429,12.446444511413574,,,,,,,,,,,,,,,,,,,,,,,,,,,,,,,
8,4,21060510,5000,3,16.0,59843,361342,0.01445368,1.357366800075397,0.1413740999996662,0,0.0,35.9058,59.0,59936.0384,11.98720768,35.96162304,0.0155594144038891,2.304e-05,2.56e-06,sparse,Gaussian random projection,gaussian_random_projection,0.8262,0.0078010392144078,0.0152668627044322,0.0338745000772178,,0.2627995000220835,0.0004481999203562,0.6097125001251698,0.8729713000357151,0.9999984570466643,0.4782412716889059,2.3717011001426727,5.734375,0.914827600121498,30.222872734069824,,,,0.0068795999977737,0.1777929000090807,0.0414332998916506,0.0239299999084323,0.0109654001425951,eigsh,0.0008076999802142,,,,,,,,,,,,,,,,,,,,,
8,4,21060510,5000,3,16.0,59843,361342,0.01445368,1.357366800075397,0.1413740999996662,0,0.0,35.9058,59.0,59936.0384,11.98720768,35.96162304,0.0155594144038891,2.304e-05,2.56e-06,sparse,Random sampling,random_sampling,0.8426,0.0036435316222365,0.0095956548028044,0.0324772000312805,,0.1484397000167518,0.0001417999155819,0.5458132999483496,0.6944032998289913,1.055930309699851,0.6401816299812708,2.1931356999557465,5.15625,0.7356938000302762,16.014511108398438,,,,,,,,,,,0.0113431001082062,eigsh,0.1369958000723272,183171.0,127806.0,0.7,252098.0,,,,,,,,,,,,,,
8,4,21060510,5000,3,16.0,59843,361342,0.01445368,1.357366800075397,0.1413740999996662,0,0.0,35.9058,59.0,59936.0384,11.98720768,35.96162304,0.0155594144038891,2.304e-05,2.56e-06,sparse,CountSketch random projection,countsketch_random_projection,0.834,0.0061183779025557,0.0127898062471905,0.0342296999879181,,0.2576127999927848,0.0003915999550372,0.5641510998830199,0.8221665001474321,0.9999980629927347,0.4780683657120434,2.320896399905905,4.96875,0.8651714001316577,27.244729042053223,,,,,,,,,,,,,,,,,,0.0005568999331444,439807755.0,168.0,16.0,44.0,0.0,0.0107860998250544,0.0107860998250544,0.1651075000409037,0.0445231001358479,0.0242749999742954,0.0108933998271822,eigsh,0.0006627000402659
8,5,21060511,5000,3,16.0,60000,362192,0.01448768,1.3863977000582963,0.1453750999644398,0,0.0,36.0,57.0,59936.0384,11.98720768,35.96162304,0.0155594144038891,2.304e-05,2.56e-06,sparse,Non-random,non_random,0.7938,0.0185236111290196,0.0317753447381329,0.0340839999262243,eigsh,0.1205162999685853,0.0004988000728189,0.5881229001097381,0.7091477001085877,0.9999999999999996,0.4951971254549407,2.2409108001738787,4.6875,0.7494876000564545,12.475626945495604,,,,,,,,,,,,,,,,,,,,,,,,,,,,,,,
8,5,21060511,5000,3,16.0,60000,362192,0.01448768,1.3863977000582963,0.1453750999644398,0,0.0,36.0,57.0,59936.0384,11.98720768,35.96162304,0.0155594144038891,2.304e-05,2.56e-06,sparse,Gaussian random projection,gaussian_random_projection,0.821,0.0081671042315403,0.0146607358236301,0.0326562002301216,,0.3419172000139951,0.000236100051552,0.634944099932909,0.9771054999437184,0.9999976599738308,0.478228645423742,2.5088702000211924,4.796875,1.0170179000124335,30.232848167419437,,,,0.0072861998341977,0.2529420000500977,0.046539600007236,0.0222765000071376,0.0110562001354992,eigsh,0.0006770000327378,,,,,,,,,,,,,,,,,,,,,
8,5,21060511,5000,3,16.0,60000,362192,0.01448768,1.3863977000582963,0.1453750999644398,0,0.0,36.0,57.0,59936.0384,11.98720768,35.96162304,0.0155594144038891,2.304e-05,2.56e-06,sparse,Random sampling,random_sampling,0.8444,0.0021892694631372,0.0065829232200664,0.0320522000547498,,0.1439468001481145,0.000143599929288,0.5168953000102192,0.6609932000283152,1.0627571968858591,0.6417950057908811,2.192758500110358,3.875,0.7010610001161695,16.086395263671875,,,,,,,,,,,0.0130785999353975,eigsh,0.1306398999877274,183596.0,128629.0,0.7,253668.0,,,,,,,,,,,,,,
8,5,21060511,5000,3,16.0,60000,362192,0.01448768,1.3863977000582963,0.1453750999644398,0,0.0,36.0,57.0,59936.0384,11.98720768,35.96162304,0.0155594144038891,2.304e-05,2.56e-06,sparse,CountSketch random projection,countsketch_random_projection,0.8226,0.007824741740241,0.0150376763928613,0.0331055999267846,,0.2852999998722225,0.0002701000776141,0.5619149000849575,0.8474931998644024,0.9999981567298276,0.4776349848794914,2.3792578000575304,5.34375,0.8902749000117183,27.26627826690674,,,,,,,,,,,,,,,,,,0.0003897999413311,3840268234.0,168.0,18.0,44.0,0.0,0.015285300090909,0.015285300090909,0.1851860999595374,0.0505677000619471,0.0224005000200122,0.009485499933362,eigsh,0.0006804999429732
8,6,21060512,5000,3,16.0,59785,360958,0.01443832,1.4209988999646157,0.1475463001988828,0,0.0,35.871,58.0,59936.0384,11.98720768,35.96162304,0.0155594144038891,2.304e-05,2.56e-06,sparse,Non-random,non_random,0.7942,0.0179556658900667,0.0313983240142511,0.0318039001431316,eigsh,0.1533148998860269,0.0001990001183003,0.7109155999496579,0.8644390997942537,0.9999999999999998,0.4950198170731759,2.432974700117484,5.109375,0.90547059988603,12.433260917663574,,,,,,,,,,,,,,,,,,,,,,,,,,,,,,,
8,6,21060512,5000,3,16.0,59785,360958,0.01443832,1.4209988999646157,0.1475463001988828,0,0.0,35.871,58.0,59936.0384,11.98720768,35.96162304,0.0155594144038891,2.304e-05,2.56e-06,sparse,Gaussian random projection,gaussian_random_projection,0.8278,0.0075503814498189,0.014876973357563,0.0332285000476986,,0.2894163001328707,0.0002373000606894,0.5400647001806647,0.8297266000881791,0.99999777180869,0.47784854427733,2.3982635005377237,5.53125,0.8728986999485642,30.21852779388428,,,,0.0086986999958753,0.1961514998693019,0.047691399930045,0.0234129000455141,0.0112825001124292,eigsh,0.0007087998092174,,,,,,,,,,,,,,,,,,,,,
8,6,21060512,5000,3,16.0,59785,360958,0.01443832,1.4209988999646157,0.1475463001988828,0,0.0,35.871,58.0,59936.0384,11.98720768,35.96162304,0.0155594144038891,2.304e-05,2.56e-06,sparse,Random sampling,random_sampling,0.8406,0.0035629840712434,0.0088792177351452,0.0339053999632597,,0.1632677000015974,0.0001395000144839,0.5547661001328379,0.7181810999754816,1.0553126846649108,0.6394944425250959,2.2867185003124177,4.84375,0.7606686998624355,16.022262573242188,,,,,,,,,,,0.0122958999127149,eigsh,0.1506401998922228,182979.0,128006.0,0.7,252548.0,,,,,,,,,,,,,,
8,6,21060512,5000,3,16.0,59785,360958,0.01443832,1.4209988999646157,0.1475463001988828,0,0.0,35.871,58.0,59936.0384,11.98720768,35.96162304,0.0155594144038891,2.304e-05,2.56e-06,sparse,CountSketch random projection,countsketch_random_projection,0.8248,0.0086059441934922,0.0166532371674056,0.0328951999545097,,0.2833332999143749,0.0003593999426811,0.5637302999384701,0.8474327002186328,0.9999979231893182,0.4784251444613307,2.415968199959025,5.03125,0.8906700001098216,27.241761207580566,,,,,,,,,,,,,,,,,,0.0003244001418352,3477604887.0,168.0,17.0,44.0,0.0,0.0115365998353809,0.0115365998353809,0.1825396998319775,0.0485776998102664,0.0269405001308769,0.0109516999218612,eigsh,0.0008841999806463
8,7,21060513,5000,3,16.0,59465,359058,0.01436232,1.606823500012979,0.1678937000688165,0,0.0,35.679,66.0,59936.0384,11.98720768,35.96162304,0.0155594144038891,2.304e-05,2.56e-06,sparse,Non-random,non_random,0.7826,0.0236338506974494,0.0381799138336321,0.0344046999234706,eigsh,0.1127154999412596,0.000144800171256,0.6390963001176715,0.7519655998330563,0.9999999999999992,0.4958552684393196,2.526673800311982,5.09375,0.7949656001292169,12.368029594421388,,,,,,,,,,,,,,,,,,,,,,,,,,,,,,,
8,7,21060513,5000,3,16.0,59465,359058,0.01436232,1.606823500012979,0.1678937000688165,0,0.0,35.679,66.0,59936.0384,11.98720768,35.96162304,0.0155594144038891,2.304e-05,2.56e-06,sparse,Gaussian random projection,gaussian_random_projection,0.8312,0.0060159933350966,0.0123466501650015,0.0324782999232411,,0.283686599927023,0.0002134998794645,0.4707629999611527,0.754670700058341,0.9999979855347224,0.4785512833082656,2.529380299849436,4.15625,0.7980472000781447,30.196982383728027,,,,0.0091449001338332,0.1924610000569373,0.0480784999672323,0.0218109998386353,0.0101199999917298,eigsh,0.000725399935618,,,,,,,,,,,,,,,,,,,,,
8,7,21060513,5000,3,16.0,59465,359058,0.01436232,1.606823500012979,0.1678937000688165,0,0.0,35.679,66.0,59936.0384,11.98720768,35.96162304,0.0155594144038891,2.304e-05,2.56e-06,sparse,Random sampling,random_sampling,0.8394,0.0028562762784566,0.0077553378637055,0.0422571001108735,,0.1832582000643015,0.0001126998104155,0.5129106000531465,0.6962883002124727,1.0570906043639514,0.6403747610261477,2.470998700009659,4.46875,0.7478809000458568,15.94391632080078,,,,,,,,,,,0.0125750000588595,eigsh,0.1704271000344306,182029.0,127428.0,0.7,251356.0,,,,,,,,,,,,,,
8,7,21060513,5000,3,16.0,59465,359058,0.01436232,1.606823500012979,0.1678937000688165,0,0.0,35.679,66.0,59936.0384,11.98720768,35.96162304,0.0155594144038891,2.304e-05,2.56e-06,sparse,CountSketch random projection,countsketch_random_projection,0.821,0.0086689512094099,0.016600745962671,0.0337342000566422,,0.2879963000304997,0.0004129998851567,0.5067175999283791,0.7951380000449717,0.9999984894680846,0.4788830801255141,2.569844099925831,4.5,0.8365682000294328,27.19961261749268,,,,,,,,,,,,,,,,,,0.0004168997984379,1739515574.0,168.0,18.0,44.0,0.0,0.0116877001710236,0.0116877001710236,0.1874406000133603,0.0491901000496,0.0268508000299334,0.0102201998233795,eigsh,0.0007555000483989
8,8,21060514,5000,3,16.0,59943,361970,0.0144788,1.4030279000289738,0.1805585999973118,0,0.0,35.9658,66.0,59936.0384,11.98720768,35.96162304,0.0155594144038891,2.304e-05,2.56e-06,sparse,Non-random,non_random,0.7802,0.026101477309029,0.040972564314775,0.0318614998832345,eigsh,0.1554046000819653,0.0001262000296264,0.5073222001083195,0.6628602999262512,1.0000000000000009,0.494931238719568,2.246439500246197,4.328125,0.7029345999471843,12.468005180358888,,,,,,,,,,,,,,,,,,,,,,,,,,,,,,,
8,8,21060514,5000,3,16.0,59943,361970,0.0144788,1.4030279000289738,0.1805585999973118,0,0.0,35.9658,66.0,59936.0384,11.98720768,35.96162304,0.0155594144038891,2.304e-05,2.56e-06,sparse,Gaussian random projection,gaussian_random_projection,0.8236,0.0095266997437105,0.0183457005465278,0.0329350000247359,,0.2962432999629527,0.000331399962306,0.6326087999623269,0.9291922999545932,0.9999977551440588,0.477335885592235,2.5127699999138717,4.859375,0.9716151000466198,30.23005962371826,,,,0.0085408999584615,0.203730700071901,0.0455654000397771,0.0250391000881791,0.01097990013659,eigsh,0.0007867999374866,,,,,,,,,,,,,,,,,,,,,
8,8,21060514,5000,3,16.0,59943,361970,0.0144788,1.4030279000289738,0.1805585999973118,0,0.0,35.9658,66.0,59936.0384,11.98720768,35.96162304,0.0155594144038891,2.304e-05,2.56e-06,sparse,Random sampling,random_sampling,0.8336,0.0048668289312205,0.0114908484886694,0.0326974000781774,,0.2304705001879483,0.000141599914059,0.5196531000547111,0.7502731999848038,1.057331378454712,0.6398537098839446,2.333851700183004,4.65625,0.79153270018287,16.06180191040039,,,,,,,,,,,0.0128213998395949,eigsh,0.2173664001747965,183485.0,128312.0,0.7,253102.0,,,,,,,,,,,,,,
8,8,21060514,5000,3,16.0,59943,361970,0.0144788,1.4030279000289738,0.1805585999973118,0,0.0,35.9658,66.0,59936.0384,11.98720768,35.96162304,0.0155594144038891,2.304e-05,2.56e-06,sparse,CountSketch random projection,countsketch_random_projection,0.8314,0.0054236042784618,0.0114424362019654,0.0334252999164164,,0.2670316000003367,0.0002178999129682,0.5710830001626164,0.8383392998948693,0.9999979243382132,0.4775513233762971,2.421919000102207,4.5,0.8801414999179542,27.26082706451416,,,,,,,,,,,,,,,,,,0.0002800000365823,646336567.0,168.0,16.0,42.0,0.0,0.0099732999224215,0.0099732999224215,0.1741357999853789,0.0459509000647813,0.0250669000670313,0.0097762001678347,eigsh,0.0007607999723404
8,9,21060515,5000,3,16.0,59806,361078,0.01444312,1.4725652998313308,0.1968129000160843,0,0.0,35.8836,58.0,59936.0384,11.98720768,35.96162304,0.0155594144038891,2.304e-05,2.56e-06,sparse,Non-random,non_random,0.7978,0.0140927579232426,0.0250735120049178,0.0365021999459713,eigsh,0.141406700015068,0.0001244999002665,0.7841495999600738,0.925689100055024,0.9999999999999996,0.4956087077309172,2.5950589997228235,5.390625,0.9714297999162228,12.43738079071045,,,,,,,,,,,,,,,,,,,,,,,,,,,,,,,
8,9,21060515,5000,3,16.0,59806,361078,0.01444312,1.4725652998313308,0.1968129000160843,0,0.0,35.8836,58.0,59936.0384,11.98720768,35.96162304,0.0155594144038891,2.304e-05,2.56e-06,sparse,Gaussian random projection,gaussian_random_projection,0.8424,0.0060484522164456,0.0131608936839121,0.0331754998769611,,0.3088984999340027,0.0002212000545114,0.5683308998122811,0.8774580000899732,0.9999983076792586,0.4783849063999006,2.5468287996482104,4.5625,0.9211581000126898,30.22004985809326,,,,0.0088465001899749,0.2154623998794704,0.0456159000750631,0.0278677998576313,0.0086615998297929,eigsh,0.0006981999613344,,,,,,,,,,,,,,,,,,,,,
8,9,21060515,5000,3,16.0,59806,361078,0.01444312,1.4725652998313308,0.1968129000160843,0,0.0,35.8836,58.0,59936.0384,11.98720768,35.96162304,0.0155594144038891,2.304e-05,2.56e-06,sparse,Random sampling,random_sampling,0.8438,0.0022560661723199,0.0062719677155479,0.034838399849832,,0.182629199931398,0.0001175999641418,0.6404929000418633,0.823248100001365,1.0611614423711515,0.641543559092405,2.4926178997848183,4.71875,0.8693295998964459,16.042104721069336,,,,,,,,,,,0.0167966999579221,eigsh,0.1655864999629557,183039.0,128288.0,0.7,253032.0,,,,,,,,,,,,,,
8,9,21060515,5000,3,16.0,59806,361078,0.01444312,1.4725652998313308,0.1968129000160843,0,0.0,35.8836,58.0,59936.0384,11.98720768,35.96162304,0.0155594144038891,2.304e-05,2.56e-06,sparse,CountSketch random projection,countsketch_random_projection,0.8052,0.01296666940771,0.0216747261602003,0.0327341000083833,,0.3141071998979896,0.0002887998707592,0.6653673998080194,0.979772499995306,0.9999983635245018,0.4779402983207729,2.649141599424184,5.015625,1.0223473000805825,27.24255084991455,,,,,,,,,,,,,,,,,,0.0004513000603765,2727169700.0,168.0,17.0,46.0,0.0,0.0145473999436944,0.0145473999436944,0.2068413000088185,0.0503644999116659,0.029444099869579,0.0104203000664711,eigsh,0.000757599947974
8,10,21060516,5000,3,16.0,59797,361056,0.01444224,1.561949099879712,0.2034122999757528,0,0.0,35.8782,63.0,59936.0384,11.98720768,35.96162304,0.0155594144038891,2.304e-05,2.56e-06,sparse,Non-random,non_random,0.768,0.0254815447605699,0.0401507388922317,0.0414140000939369,eigsh,0.1346171998884529,0.000154199777171,0.6798279001377523,0.8146077999845147,0.9999999999999998,0.4956012646083313,2.579960699658841,4.75,0.8673172001726925,12.436625480651855,,,,,,,,,,,,,,,,,,,,,,,,,,,,,,,
8,10,21060516,5000,3,16.0,59797,361056,0.01444224,1.561949099879712,0.2034122999757528,0,0.0,35.8782,63.0,59936.0384,11.98720768,35.96162304,0.0155594144038891,2.304e-05,2.56e-06,sparse,Gaussian random projection,gaussian_random_projection,0.8302,0.0097862870762981,0.0192893144988293,0.033801999874413,,0.3111819000914693,0.000286600086838,0.5599553000647575,0.8714320999570191,0.9999980669092644,0.4783277804127441,2.636785200098529,4.390625,0.914943799842149,30.21945095062256,,,,0.0078352000564336,0.2087284999433905,0.0514271999709308,0.0294480000156909,0.0110484000761061,eigsh,0.0007873000577092,,,,,,,,,,,,,,,,,,,,,
8,10,21060516,5000,3,16.0,59797,361056,0.01444224,1.561949099879712,0.2034122999757528,0,0.0,35.8782,63.0,59936.0384,11.98720768,35.96162304,0.0155594144038891,2.304e-05,2.56e-06,sparse,Random sampling,random_sampling,0.8348,0.0035402159787291,0.0089626576457064,0.0328399999998509,,0.177802899852395,0.0001266999170184,0.5392013001255691,0.7171381001826376,1.0555044802173097,0.6393413271264561,2.4824922997504477,4.921875,0.7587393999565393,16.04823398590088,,,,,,,,,,,0.0145316999405622,eigsh,0.1630208999849856,183028.0,128350.0,0.7,253240.0,,,,,,,,,,,,,,
8,10,21060516,5000,3,16.0,59797,361056,0.01444224,1.561949099879712,0.2034122999757528,0,0.0,35.8782,63.0,59936.0384,11.98720768,35.96162304,0.0155594144038891,2.304e-05,2.56e-06,sparse,CountSketch random projection,countsketch_random_projection,0.8158,0.0091407669672584,0.0169377876575435,0.0341492998413741,,0.287521000020206,0.0003241999074816,0.498618199955672,0.7864723999518901,0.9999978057942506,0.478223621116123,2.5518247997388244,4.75,0.830157000105828,27.246662139892575,,,,,,,,,,,,,,,,,,0.0004655998200178,4210927169.0,168.0,14.0,46.0,0.0,0.0142387999221682,0.0142387999221682,0.1844259998761117,0.0480064998846501,0.0267672000918537,0.0111024000216275,eigsh,0.0007532001473009
10,1,21260507,5000,3,16.0,56999,344558,0.01378232,1.5976492001209408,0.1913178001996129,0,0.0,34.1994,57.0,57542.43840000001,11.508487680000002,34.525463040000005,0.0099460468324157,2.304e-05,2.56e-06,sparse,Non-random,non_random,0.8664,0.0031046891134268,0.0096029449171676,0.0336915999650955,eigsh,0.190584999974817,0.000123200006783,0.6832701000384986,0.8739857999607921,0.9999999999999998,0.4984474986458584,2.6629453003406525,5.640625,0.9167220999952406,11.870211601257324,,,,,,,,,,,,,,,,,,,,,,,,,,,,,,,
10,1,21260507,5000,3,16.0,56999,344558,0.01378232,1.5976492001209408,0.1913178001996129,0,0.0,34.1994,57.0,57542.43840000001,11.508487680000002,34.525463040000005,0.0099460468324157,2.304e-05,2.56e-06,sparse,Gaussian random projection,gaussian_random_projection,0.8658,0.0027788973136741,0.0087624332399298,0.0335006001405417,,0.3228027999866754,0.0003565000370144,0.7252865000627935,1.048454500036314,0.9999980625068124,0.4815399325330317,2.837412800407037,6.078125,1.091351999901235,30.346137046813965,,,,0.0085797000210732,0.2151735001243651,0.0535671999678015,0.0284221000038087,0.0145068999845534,eigsh,0.0007354998961091,,,,,,,,,,,,,,,,,,,,,
10,1,21260507,5000,3,16.0,56999,344558,0.01378232,1.5976492001209408,0.1913178001996129,0,0.0,34.1994,57.0,57542.43840000001,11.508487680000002,34.525463040000005,0.0099460468324157,2.304e-05,2.56e-06,sparse,Random sampling,random_sampling,0.875,0.0013230614948566,0.0067513944962444,0.0356741000432521,,0.228136699879542,0.0002681000623852,0.7230911999940872,0.9515045001171528,1.0569143471286366,0.6434872995448919,2.740463000256568,5.0,0.9953326999675484,15.297184944152832,,,,,,,,,,,0.0140622002072632,eigsh,0.2138474001549184,174779.0,122211.0,0.7,240920.0,,,,,,,,,,,,,,
10,1,21260507,5000,3,16.0,56999,344558,0.01378232,1.5976492001209408,0.1913178001996129,0,0.0,34.1994,57.0,57542.43840000001,11.508487680000002,34.525463040000005,0.0099460468324157,2.304e-05,2.56e-06,sparse,CountSketch random projection,countsketch_random_projection,0.8688,0.0018893371602908,0.0071793127597787,0.034421700052917,,0.307972899870947,0.0002326001413166,0.6562566000502557,0.9644687999971212,0.99999794145463,0.4816587336432412,2.753429100383073,5.421875,1.008117400109768,27.177708625793457,,,,,,,,,,,,,,,,,,0.0004135000053793,2890694636.0,170.0,17.0,45.0,0.0,0.0135474000126123,0.0135474000126123,0.1994433000218123,0.0531659999396652,0.0261587998829782,0.0133513999171555,eigsh,0.0007717001717537
10,2,21260508,5000,3,16.0,57557,347876,0.01391504,1.41143780015409,0.1827291999943554,0,0.0,34.5342,57.0,57542.43840000001,11.508487680000002,34.525463040000005,0.0099460468324157,2.304e-05,2.56e-06,sparse,Non-random,non_random,0.8658,0.003506850164061,0.0103704201104175,0.0364848000463098,eigsh,0.1597035999875515,0.0001215001102536,0.7547126000281423,0.9145452999509872,1.0000000000000004,0.4976052315088902,2.508704700274393,4.796875,0.9589609000831842,11.984126091003418,,,,,,,,,,,,,,,,,,,,,,,,,,,,,,,
10,2,21260508,5000,3,16.0,57557,347876,0.01391504,1.41143780015409,0.1827291999943554,0,0.0,34.5342,57.0,57542.43840000001,11.508487680000002,34.525463040000005,0.0099460468324157,2.304e-05,2.56e-06,sparse,Gaussian random projection,gaussian_random_projection,0.8668,0.0027288705516776,0.0085840487606406,0.0635474000591784,,0.3120042001828551,0.0003383001312613,0.8545567998662591,1.1669083000160754,0.9999980289511408,0.4804711392133133,2.761066300328821,4.734375,1.239871900063008,30.38430690765381,,,,0.0086884999182075,0.2090291001368314,0.0497266000602394,0.028116000117734,0.0141229000873863,eigsh,0.0008502998389303,,,,,,,,,,,,,,,,,,,,,
10,2,21260508,5000,3,16.0,57557,347876,0.01391504,1.41143780015409,0.1827291999943554,0,0.0,34.5342,57.0,57542.43840000001,11.508487680000002,34.525463040000005,0.0099460468324157,2.304e-05,2.56e-06,sparse,Random sampling,random_sampling,0.877,0.001107330552648,0.0063739372665347,0.0495294001884758,,0.309950599912554,0.0002736998721957,1.0891811000183225,1.3994158001150936,1.055274558661354,0.641886243581566,2.9935723999515176,4.421875,1.4587944000959396,15.457459449768066,,,,,,,,,,,0.0190224000252783,eigsh,0.2906834001187235,176438.0,123568.0,0.7,243669.0,,,,,,,,,,,,,,
10,2,21260508,5000,3,16.0,57557,347876,0.01391504,1.41143780015409,0.1827291999943554,0,0.0,34.5342,57.0,57542.43840000001,11.508487680000002,34.525463040000005,0.0099460468324157,2.304e-05,2.56e-06,sparse,CountSketch random projection,countsketch_random_projection,0.8672,0.0024611315508353,0.0082725150533426,0.0367234998848289,,0.2863580998964607,0.000600199913606,0.7211251000408083,1.0080919000320137,0.999997956422691,0.4806679834600708,2.6022503999993205,5.390625,1.0538236999418586,27.2308931350708,,,,,,,,,,,,,,,,,,0.0004426001105457,1324623607.0,170.0,15.0,52.0,0.0,0.0151829998940229,0.0151829998940229,0.187768500065431,0.0414332000073045,0.0246723999734967,0.0152511000633239,eigsh,0.0008508001919835
10,3,21260509,5000,3,16.0,57440,347192,0.01388768,1.19493450014852,0.1463021000381559,0,0.0,34.464,59.0,57542.43840000001,11.508487680000002,34.525463040000005,0.0099460468324157,2.304e-05,2.56e-06,sparse,Non-random,non_random,0.8656,0.0023219421370292,0.0079295946161923,0.0321911999490112,eigsh,0.1438159998506307,0.0001792998518794,0.52822560002096,0.6722287000156939,1.0000000000000009,0.4975206827734779,2.013457499910146,5.34375,0.7101934000384063,11.96064281463623,,,,,,,,,,,,,,,,,,,,,,,,,,,,,,,
10,3,21260509,5000,3,16.0,57440,347192,0.01388768,1.19493450014852,0.1463021000381559,0,0.0,34.464,59.0,57542.43840000001,11.508487680000002,34.525463040000005,0.0099460468324157,2.304e-05,2.56e-06,sparse,Gaussian random projection,gaussian_random_projection,0.8782,0.0004626840869608,0.0044790211694952,0.0340301999822258,,0.2432971999514848,0.0003539999015629,0.6544755999930203,0.8981373000424355,0.9999981481145,0.4808431372230184,2.239363400032744,6.1875,0.9403960001654924,30.376280784606934,,,,0.0070948000065982,0.1602622000500559,0.0435462000314146,0.0211615001317113,0.010049199918285,eigsh,0.0004412999842315,,,,,,,,,,,,,,,,,,,,,
10,3,21260509,5000,3,16.0,57440,347192,0.01388768,1.19493450014852,0.1463021000381559,0,0.0,34.464,59.0,57542.43840000001,11.508487680000002,34.525463040000005,0.0099460468324157,2.304e-05,2.56e-06,sparse,Random sampling,random_sampling,0.877,0.0012025372650997,0.0064264927791401,0.0312745999544858,,0.208006199914962,0.000213700113818,0.5572899000253528,0.7655187000054866,1.0625482466448362,0.6433395793421058,2.1067464002408087,4.859375,0.8033169000409544,15.461383819580078,,,,,,,,,,,0.0109788000117987,eigsh,0.1967809000052511,176096.0,123841.0,0.7,244151.0,,,,,,,,,,,,,,
10,3,21260509,5000,3,16.0,57440,347192,0.01388768,1.19493450014852,0.1463021000381559,0,0.0,34.464,59.0,57542.43840000001,11.508487680000002,34.525463040000005,0.0099460468324157,2.304e-05,2.56e-06,sparse,CountSketch random projection,countsketch_random_projection,0.8726,0.0018075683372664,0.0070576922158091,0.0316894000861793,,0.233310499927029,0.0003589000552892,0.5712049000430852,0.8048839000985026,0.9999980364513106,0.4805827715194101,2.1461109002120797,5.71875,0.8442461998201907,27.225213050842285,,,,,,,,,,,,,,,,,,0.000376199837774,547097250.0,170.0,18.0,42.0,0.0,0.0108961998485028,0.0108961998485028,0.1482495998498052,0.042702900012955,0.0204674999695271,0.0093642000574618,eigsh,0.0005075000226497
10,4,21260510,5000,3,16.0,57709,348758,0.01395032,1.2033835998736322,0.1480797999538481,0,0.0,34.6254,57.0,57542.43840000001,11.508487680000002,34.525463040000005,0.0099460468324157,2.304e-05,2.56e-06,sparse,Non-random,non_random,0.8674,0.0033477218552274,0.010084876018382,0.0328690998721867,eigsh,0.1484356999862939,0.0001273998059332,0.664094700012356,0.8126655998639762,0.9999999999999988,0.4972280170117304,2.1641211996320635,5.5,0.8526233001612127,12.01440715789795,,,,,,,,,,,,,,,,,,,,,,,,,,,,,,,
10,4,21260510,5000,3,16.0,57709,348758,0.01395032,1.2033835998736322,0.1480797999538481,0,0.0,34.6254,57.0,57542.43840000001,11.508487680000002,34.525463040000005,0.0099460468324157,2.304e-05,2.56e-06,sparse,Gaussian random projection,gaussian_random_projection,0.8698,0.0028177163423241,0.0091370533445926,0.0353041000198572,,0.2584375999867916,0.0005215001292526,0.5882381000556052,0.8472074999008328,0.9999981334618956,0.4803580233215309,2.1986605999991298,5.125,0.8902353998273611,30.394598960876465,,,,0.0079073999077081,0.172503300011158,0.0453887998592108,0.020996700040996,0.0096656999085098,eigsh,0.0008435000199824,,,,,,,,,,,,,,,,,,,,,
10,4,21260510,5000,3,16.0,57709,348758,0.01395032,1.2033835998736322,0.1480797999538481,0,0.0,34.6254,57.0,57542.43840000001,11.508487680000002,34.525463040000005,0.0099460468324157,2.304e-05,2.56e-06,sparse,Random sampling,random_sampling,0.8728,0.0013474589259859,0.0066923902344604,0.0316765001043677,,0.2652527999598533,0.0002876999787986,0.5662491999100894,0.8317998999264091,1.0585643313886828,0.6423836137489757,2.1832530996762216,5.34375,0.8712053999770433,15.47187614440918,,,,,,,,,,,0.0125303999520838,eigsh,0.2524697999469936,176879.0,123560.0,0.7,243568.0,,,,,,,,,,,,,,
10,4,21260510,5000,3,16.0,57709,348758,0.01395032,1.2033835998736322,0.1480797999538481,0,0.0,34.6254,57.0,57542.43840000001,11.508487680000002,34.525463040000005,0.0099460468324157,2.304e-05,2.56e-06,sparse,CountSketch random projection,countsketch_random_projection,0.8698,0.0015932318027824,0.006544777449667,0.031805400038138,,0.2327197999693453,0.0004227000754326,0.584086999995634,0.8172387999948114,0.9999978376041652,0.4804243053075711,2.1686928998678923,5.953125,0.8568199998699129,27.254273414611816,,,,,,,,,,,,,,,,,,0.0003055001143366,3190282005.0,170.0,13.0,44.0,0.0,0.0098363000433892,0.0098363000433892,0.1471104000229388,0.0437904999125748,0.0201796002220362,0.0097493000794202,eigsh,0.0007267000619322
10,5,21260511,5000,3,16.0,57503,347514,0.01390056,1.3107884000055492,0.1428443000186234,0,0.0,34.5018,57.0,57542.43840000001,11.508487680000002,34.525463040000005,0.0099460468324157,2.304e-05,2.56e-06,sparse,Non-random,non_random,0.8692,0.0032542386263388,0.0099948811525855,0.0328581999056041,eigsh,0.1655021000187844,0.0001287998165935,0.6503848000429571,0.8160238999407738,0.9999999999999988,0.4974676648743514,2.269648399902508,5.296875,0.8566139000467956,11.971697807312012,,,,,,,,,,,,,,,,,,,,,,,,,,,,,,,
10,5,21260511,5000,3,16.0,57503,347514,0.01390056,1.3107884000055492,0.1428443000186234,0,0.0,34.5018,57.0,57542.43840000001,11.508487680000002,34.525463040000005,0.0099460468324157,2.304e-05,2.56e-06,sparse,Gaussian random projection,gaussian_random_projection,0.8702,0.0019784599512147,0.007295401659598,0.031559299910441,,0.2459926998708397,0.0003527000080794,0.6011871001683176,0.847540499875322,0.999998174066032,0.4805496357284655,2.3011652000714093,6.046875,0.8865752001293004,30.380014419555664,,,,0.0074030000250786,0.1623128999490291,0.0439234999939799,0.020659300033003,0.0100132999941706,eigsh,0.000646699918434,,,,,,,,,,,,,,,,,,,,,
10,5,21260511,5000,3,16.0,57503,347514,0.01390056,1.3107884000055492,0.1428443000186234,0,0.0,34.5018,57.0,57542.43840000001,11.508487680000002,34.525463040000005,0.0099460468324157,2.304e-05,2.56e-06,sparse,Random sampling,random_sampling,0.8748,0.0017793176946891,0.0078352530448973,0.0329116999637335,,0.1797295999713242,0.0001608000602573,0.5681622000411153,0.7480600001290441,1.0596749161434045,0.643438413942005,2.201685300096869,5.796875,0.7890236999373883,15.454187393188477,,,,,,,,,,,0.0130485000554472,eigsh,0.1665045998524874,176257.0,123644.0,0.7,243767.0,,,,,,,,,,,,,,
10,5,21260511,5000,3,16.0,57503,347514,0.01390056,1.3107884000055492,0.1428443000186234,0,0.0,34.5018,57.0,57542.43840000001,11.508487680000002,34.525463040000005,0.0099460468324157,2.304e-05,2.56e-06,sparse,CountSketch random projection,countsketch_random_projection,0.8686,0.0024244672132071,0.0082178230359213,0.0314641001168638,,0.2467684000730514,0.0004626999143511,0.6120303000789136,0.8592713000252843,0.9999975700640878,0.4806930993246106,2.312894100090489,5.265625,0.8980237999930978,27.22949504852295,,,,,,,,,,,,,,,,,,0.0003680998925119,3380467229.0,170.0,14.0,47.0,0.0,0.0108401000034064,0.0108401000034064,0.1583292998839169,0.0419938000850379,0.0222336999140679,0.0115424999967217,eigsh,0.0006732998881489
10,6,21260512,5000,3,16.0,57525,347600,0.013904,1.185398500179872,0.1401849000249058,0,0.0,34.515,58.0,57542.43840000001,11.508487680000002,34.525463040000005,0.0099460468324157,2.304e-05,2.56e-06,sparse,Non-random,non_random,0.8572,0.0041631435329945,0.01112151640867,0.0355459998827427,eigsh,0.1413621001411229,0.0001167999580502,0.5422231000848114,0.6837088000029325,1.0,0.4980003082155836,2.0092854003887624,5.28125,0.7253179999534041,11.974650382995604,,,,,,,,,,,,,,,,,,,,,,,,,,,,,,,
10,6,21260512,5000,3,16.0,57525,347600,0.013904,1.185398500179872,0.1401849000249058,0,0.0,34.515,58.0,57542.43840000001,11.508487680000002,34.525463040000005,0.0099460468324157,2.304e-05,2.56e-06,sparse,Gaussian random projection,gaussian_random_projection,0.869,0.0031141802781595,0.0099311586189346,0.0364919998683035,,0.2455992999020964,0.0004634999204427,0.631796000059694,0.8778691999614239,0.9999979704697172,0.4809201989416396,2.203442200087011,5.484375,0.9228604999370872,30.38114833831787,,,,0.0082123999018222,0.1630227998830378,0.0427838999312371,0.0200408999808132,0.0098683000542223,eigsh,0.0006681000813841,,,,,,,,,,,,,,,,,,,,,
10,6,21260512,5000,3,16.0,57525,347600,0.013904,1.185398500179872,0.1401849000249058,0,0.0,34.515,58.0,57542.43840000001,11.508487680000002,34.525463040000005,0.0099460468324157,2.304e-05,2.56e-06,sparse,Random sampling,random_sampling,0.8734,0.0012798229736891,0.0061922830780603,0.0320383000653237,,0.2536719001363963,0.0001558000221848,0.5490703999530524,0.802905400050804,1.0562646702485596,0.6423919606874169,2.1284815003164117,5.734375,0.8427198999561369,15.426177978515623,,,,,,,,,,,0.0123223999980837,eigsh,0.2411928998772055,176300.0,123205.0,0.7,242920.0,,,,,,,,,,,,,,
10,6,21260512,5000,3,16.0,57525,347600,0.013904,1.185398500179872,0.1401849000249058,0,0.0,34.515,58.0,57542.43840000001,11.508487680000002,34.525463040000005,0.0099460468324157,2.304e-05,2.56e-06,sparse,CountSketch random projection,countsketch_random_projection,0.8716,0.0021461612782149,0.0077668245422384,0.0318203999195247,,0.2374134000856429,0.0004252998623996,0.6217906000092626,0.8596379000227898,0.999997804628688,0.4799448758570455,2.185212700162083,6.46875,0.8997796999756247,27.230759620666504,,,,,,,,,,,,,,,,,,0.0004495999310165,490038287.0,170.0,15.0,43.0,0.0,0.0097760001663118,0.0097760001663118,0.1517897001467645,0.0418847999535501,0.0226503999438136,0.009367800084874,eigsh,0.0006339000537991
10,7,21260513,5000,3,16.0,57788,349294,0.01397176,1.3675634998362511,0.1818645999301225,0,0.0,34.6728,62.0,57542.43840000001,11.508487680000002,34.525463040000005,0.0099460468324157,2.304e-05,2.56e-06,sparse,Non-random,non_random,0.8696,0.0031238340132316,0.0096933932973863,0.0312489999923855,eigsh,0.1626635999418795,0.0001536000054329,0.5446549998596311,0.7074812999926507,1.0000000000000004,0.4972077899994052,2.256900299573317,4.9375,0.7468083000276238,12.032809257507324,,,,,,,,,,,,,,,,,,,,,,,,,,,,,,,
10,7,21260513,5000,3,16.0,57788,349294,0.01397176,1.3675634998362511,0.1818645999301225,0,0.0,34.6728,62.0,57542.43840000001,11.508487680000002,34.525463040000005,0.0099460468324157,2.304e-05,2.56e-06,sparse,Gaussian random projection,gaussian_random_projection,0.8756,0.0011711079463178,0.005993440051058,0.0316200000233948,,0.2465882999822497,0.0003692000173032,0.6010382999666035,0.8480054000392556,0.999997939445116,0.4802712346755393,2.39742389973253,6.203125,0.8874953000340611,30.400633811950684,,,,0.0082250998821109,0.1628474001772701,0.0398498000577092,0.0213948001619428,0.0127596999518573,eigsh,0.0007280998397618,,,,,,,,,,,,,,,,,,,,,
10,7,21260513,5000,3,16.0,57788,349294,0.01397176,1.3675634998362511,0.1818645999301225,0,0.0,34.6728,62.0,57542.43840000001,11.508487680000002,34.525463040000005,0.0099460468324157,2.304e-05,2.56e-06,sparse,Random sampling,random_sampling,0.8758,0.0009925094339339,0.0056763336996988,0.032207699958235,,0.2099056001752615,0.0002176000270992,0.4790604999288916,0.6891906999517232,1.0570096148275154,0.6422184536602378,2.238611799897626,4.734375,0.7291466000024229,15.521251678466797,,,,,,,,,,,0.0124708998482674,eigsh,0.1972229999955743,177147.0,124098.0,0.7,244698.0,,,,,,,,,,,,,,
10,7,21260513,5000,3,16.0,57788,349294,0.01397176,1.3675634998362511,0.1818645999301225,0,0.0,34.6728,62.0,57542.43840000001,11.508487680000002,34.525463040000005,0.0099460468324157,2.304e-05,2.56e-06,sparse,CountSketch random projection,countsketch_random_projection,0.8738,0.0018485966728975,0.007045017708241,0.0318950000219047,,0.2313738998491317,0.000367899890989,0.6183229999151081,0.8500733999535441,0.9999977577968728,0.4800392861141921,2.3994928994216025,6.109375,0.8892508000135422,27.26944065093994,,,,,,,,,,,,,,,,,,0.0002800000365823,1739372659.0,170.0,17.0,44.0,0.0,0.0089031001552939,0.0089031001552939,0.1430039000697434,0.0473500001244246,0.0201013998594135,0.0105184998828917,eigsh,0.0006149001419544
10,8,21260514,5000,3,16.0,57222,345878,0.01383512,1.2736721001565456,0.1327403001487255,0,0.0,34.3332,55.0,57542.43840000001,11.508487680000002,34.525463040000005,0.0099460468324157,2.304e-05,2.56e-06,sparse,Non-random,non_random,0.8664,0.0018587517298611,0.0069834318995874,0.0350516999606043,eigsh,0.1660837000235915,0.000129799824208,0.6178484000265598,0.7840694000478834,1.0000000000000004,0.498287001227379,2.1904743001796305,5.859375,0.825391500024125,11.91553020477295,,,,,,,,,,,,,,,,,,,,,,,,,,,,,,,
10,8,21260514,5000,3,16.0,57222,345878,0.01383512,1.2736721001565456,0.1327403001487255,0,0.0,34.3332,55.0,57542.43840000001,11.508487680000002,34.525463040000005,0.0099460468324157,2.304e-05,2.56e-06,sparse,Gaussian random projection,gaussian_random_projection,0.8716,0.001509195987037,0.0064416145585939,0.0315415000077337,,0.2568441999610513,0.0004338000435382,0.5715052001178265,0.8287942002061754,0.999997772465564,0.4808885099911374,2.235195600427687,5.1875,0.8678964001592249,30.36159038543701,,,,0.0078370999544858,0.1727509000338614,0.0411680000834167,0.0191399999894201,0.0143524999730288,eigsh,0.0007954998873174,,,,,,,,,,,,,,,,,,,,,
10,8,21260514,5000,3,16.0,57222,345878,0.01383512,1.2736721001565456,0.1327403001487255,0,0.0,34.3332,55.0,57542.43840000001,11.508487680000002,34.525463040000005,0.0099460468324157,2.304e-05,2.56e-06,sparse,Random sampling,random_sampling,0.8678,0.0022192905174347,0.008152583116974,0.0324452999047935,,0.2431628000922501,0.000266500050202,0.6362849997822195,0.8797226999886334,1.0593931736468924,0.6435961083214611,2.286126700229943,5.46875,0.9203511001542212,15.356667518615724,,,,,,,,,,,0.0107942000031471,eigsh,0.2321480000391602,175439.0,122707.0,0.7,241880.0,,,,,,,,,,,,,,
10,8,21260514,5000,3,16.0,57222,345878,0.01383512,1.2736721001565456,0.1327403001487255,0,0.0,34.3332,55.0,57542.43840000001,11.508487680000002,34.525463040000005,0.0099460468324157,2.304e-05,2.56e-06,sparse,CountSketch random projection,countsketch_random_projection,0.873,0.0017818477880379,0.0070418590763975,0.0324024001602083,,0.2357199001125991,0.0003793002106249,0.6378856000956148,0.8739939997904003,0.9999980279401766,0.4818832351821543,2.28039720072411,6.65625,0.9143024999648331,27.199978828430176,,,,,,,,,,,,,,,,,,0.0003797998651862,2496240593.0,170.0,13.0,43.0,0.0,0.0096815000288188,0.0096815000288188,0.1493863998912274,0.0435542000923305,0.0206057999748736,0.0107800997793674,eigsh,0.0006097999867051
10,9,21260515,5000,3,16.0,57503,347448,0.01389792,1.241230299929157,0.1424236001912504,0,0.0,34.5018,58.0,57542.43840000001,11.508487680000002,34.525463040000005,0.0099460468324157,2.304e-05,2.56e-06,sparse,Non-random,non_random,0.8672,0.0032861589776498,0.0098962580938324,0.033829899970442,eigsh,0.2178328998852521,0.0001588000450283,0.5541258999146521,0.7721255999058485,0.9999999999999996,0.4976687854028734,2.15577149996534,4.6875,0.8124131001532078,11.96943187713623,,,,,,,,,,,,,,,,,,,,,,,,,,,,,,,
10,9,21260515,5000,3,16.0,57503,347448,0.01389792,1.241230299929157,0.1424236001912504,0,0.0,34.5018,58.0,57542.43840000001,11.508487680000002,34.525463040000005,0.0099460468324157,2.304e-05,2.56e-06,sparse,Gaussian random projection,gaussian_random_projection,0.872,0.002267100007733,0.007993568585262,0.0322704000864177,,0.2562853000126779,0.0004571001045405,0.5158297000452876,0.7725818001199514,0.99999837313959,0.4809928240435272,2.156226000282913,5.546875,0.8125700000673532,30.3794584274292,,,,0.0080902001354843,0.1717583001591265,0.044834999833256,0.0205297998618334,0.0093994999770075,eigsh,0.0006426000036299,,,,,,,,,,,,,,,,,,,,,
10,9,21260515,5000,3,16.0,57503,347448,0.01389792,1.241230299929157,0.1424236001912504,0,0.0,34.5018,58.0,57542.43840000001,11.508487680000002,34.525463040000005,0.0099460468324157,2.304e-05,2.56e-06,sparse,Random sampling,random_sampling,0.8782,0.0012484026576406,0.006776179518227,0.0311499999370425,,0.2146701000165194,0.0001530000008642,0.5873205000534654,0.8021517000161111,1.0588260810453407,0.642910050838536,2.1857975001912564,6.203125,0.8415953998919576,15.437667846679688,,,,,,,,,,,0.0111570002045482,eigsh,0.2033522001001984,176224.0,123425.0,0.7,243328.0,,,,,,,,,,,,,,
10,9,21260515,5000,3,16.0,57503,347448,0.01389792,1.241230299929157,0.1424236001912504,0,0.0,34.5018,58.0,57542.43840000001,11.508487680000002,34.525463040000005,0.0099460468324157,2.304e-05,2.56e-06,sparse,CountSketch random projection,countsketch_random_projection,0.8768,0.0009877845613122,0.0054662989712203,0.0316165999975055,,0.2367561999708414,0.0004877999890595,0.5638464000076056,0.8011006999295205,0.9999978971735812,0.4808199227377299,2.184744300087914,5.640625,0.8410437998827547,27.22949314117432,,,,,,,,,,,,,,,,,,0.0003216997720301,2580336929.0,170.0,19.0,42.0,0.0,0.0098115000873804,0.0098115000873804,0.1495442001614719,0.041030199965462,0.0230282000266015,0.0115739000029861,eigsh,0.0005852000322192
10,10,21260516,5000,3,16.0,57848,349540,0.0139816,1.3934160999488086,0.1366976001299917,0,0.0,34.7088,57.0,57542.43840000001,11.508487680000002,34.525463040000005,0.0099460468324157,2.304e-05,2.56e-06,sparse,Non-random,non_random,0.8702,0.00252934544343,0.0083892288980888,0.0338304000906646,eigsh,0.1435512998141348,0.0001351998653262,0.6202197999227792,0.7639132998883724,0.9999999999999988,0.4968384868500232,2.2940199996810406,5.5625,0.8050178999546915,12.041254997253418,,,,,,,,,,,,,,,,,,,,,,,,,,,,,,,
10,10,21260516,5000,3,16.0,57848,349540,0.0139816,1.3934160999488086,0.1366976001299917,0,0.0,34.7088,57.0,57542.43840000001,11.508487680000002,34.525463040000005,0.0099460468324157,2.304e-05,2.56e-06,sparse,Gaussian random projection,gaussian_random_projection,0.871,0.0022444427420358,0.0080454245946865,0.035289199789986,,0.2583639998920262,0.0003729998134076,0.5734506000299007,0.8321970999240875,0.9999975809043334,0.4794399787121233,2.362301299814135,5.390625,0.8745290001388639,30.40320110321045,,,,0.0070837999228388,0.1709976999554783,0.0480053001083433,0.0207323001231998,0.0101860999129712,eigsh,0.000616000033915,,,,,,,,,,,,,,,,,,,,,
10,10,21260516,5000,3,16.0,57848,349540,0.0139816,1.3934160999488086,0.1366976001299917,0,0.0,34.7088,57.0,57542.43840000001,11.508487680000002,34.525463040000005,0.0099460468324157,2.304e-05,2.56e-06,sparse,Random sampling,random_sampling,0.8748,0.0008352231724394,0.0055441186794931,0.0333581999875605,,0.2275467999279499,0.0002484999131411,0.5080082998611033,0.7358125001192093,1.056177441526438,0.6418059291025331,2.2659172997809947,5.046875,0.7770086000673473,15.515803337097168,,,,,,,,,,,0.011964299948886,eigsh,0.2154027000069618,177270.0,123951.0,0.7,244405.0,,,,,,,,,,,,,,
10,10,21260516,5000,3,16.0,57848,349540,0.0139816,1.3934160999488086,0.1366976001299917,0,0.0,34.7088,57.0,57542.43840000001,11.508487680000002,34.525463040000005,0.0099460468324157,2.304e-05,2.56e-06,sparse,CountSketch random projection,countsketch_random_projection,0.8764,0.0009578053140867,0.0054893683324677,0.0324091999791562,,0.2435626001097262,0.0004217999521642,0.703423700062558,0.9474176000803708,0.9999977774995704,0.4807131511260452,2.477521800203249,5.90625,0.9877565000206232,27.271035194396973,,,,,,,,,,,,,,,,,,0.0004365001805126,1172134007.0,170.0,18.0,46.0,0.0,0.0115060999523848,0.0115060999523848,0.1505117998458445,0.0446365000680089,0.0226712001021951,0.0120750998612493,eigsh,0.0007743998430669
12,1,21460507,5000,3,16.0,56869,343960,0.0137584,1.1989823000039903,0.125656200107187,0,0.0,34.1214,58.0,56243.012710400006,11.24860254208,33.74580762624,0.0068986897019259,2.304e-05,2.56e-06,sparse,Non-random,non_random,0.8918,0.0013699677019373,0.0080063785221824,0.0328567000105977,eigsh,0.1608363001141697,0.0001952999737113,0.6578234999906272,0.8188644000329077,1.0000000000000004,0.4976950903832081,2.143493600189686,5.703125,0.8586051999591291,11.84968090057373,,,,,,,,,,,,,,,,,,,,,,,,,,,,,,,
12,1,21460507,5000,3,16.0,56869,343960,0.0137584,1.1989823000039903,0.125656200107187,0,0.0,34.1214,58.0,56243.012710400006,11.24860254208,33.74580762624,0.0068986897019259,2.304e-05,2.56e-06,sparse,Gaussian random projection,gaussian_random_projection,0.8906,0.001074087147715,0.007120571335302,0.0319509000983089,,0.2394091000314802,0.0004137998912483,0.6285902999807149,0.8684233999811113,0.9999972855582224,0.4804382651603334,2.193051700014621,6.125,0.9087799000553788,30.65485572814941,,,,0.007974199950695,0.1572407998610288,0.041925000026822,0.0209343000315129,0.0099023000802844,eigsh,0.0006903000175952,,,,,,,,,,,,,,,,,,,,,
12,1,21460507,5000,3,16.0,56869,343960,0.0137584,1.1989823000039903,0.125656200107187,0,0.0,34.1214,58.0,56243.012710400006,11.24860254208,33.74580762624,0.0068986897019259,2.304e-05,2.56e-06,sparse,Random sampling,random_sampling,0.8926,0.0005490545596883,0.0066370957775759,0.031629400094971,,0.2087549997959286,0.0002907998859882,0.6042109001427889,0.8132654998917133,1.0594243532872594,0.6435882654540923,2.1378951999358837,5.875,0.8522053000051528,15.288847923278809,,,,,,,,,,,0.0124913000036031,eigsh,0.1960493000224232,174480.0,122268.0,0.7,241011.0,,,,,,,,,,,,,,
12,1,21460507,5000,3,16.0,56869,343960,0.0137584,1.1989823000039903,0.125656200107187,0,0.0,34.1214,58.0,56243.012710400006,11.24860254208,33.74580762624,0.0068986897019259,2.304e-05,2.56e-06,sparse,CountSketch random projection,countsketch_random_projection,0.8878,0.0021102244599385,0.0093948266110588,0.0321273999288678,,0.2345223999582231,0.0005389000289142,0.6561901001259685,0.8912639000918716,0.9999980516882112,0.4805730456717864,2.215889900224284,6.296875,0.931617199908942,27.409737586975098,,,,,,,,,,,,,,,,,,0.0004848998505622,3603406407.0,172.0,11.0,44.0,0.0,0.0103388000279665,0.0103388000279665,0.1436050999909639,0.0415711000096052,0.0245952999684959,0.0123141999356448,eigsh,0.0007195000071078
12,2,21460508,5000,3,16.0,55780,337464,0.01349856,1.1738515999168158,0.1340624999720603,0,0.0,33.468,59.0,56243.012710400006,11.24860254208,33.74580762624,0.0068986897019259,2.304e-05,2.56e-06,sparse,Non-random,non_random,0.888,0.0012289290999499,0.0076105834949795,0.0343575000297278,eigsh,0.1776554998941719,0.0001921001821756,0.6688246999401599,0.8466810001991689,1.0000000000000002,0.4999917663579836,2.154586399905384,5.4375,0.8882274001371115,11.62665843963623,,,,,,,,,,,,,,,,,,,,,,,,,,,,,,,
12,2,21460508,5000,3,16.0,55780,337464,0.01349856,1.1738515999168158,0.1340624999720603,0,0.0,33.468,59.0,56243.012710400006,11.24860254208,33.74580762624,0.0068986897019259,2.304e-05,2.56e-06,sparse,Gaussian random projection,gaussian_random_projection,0.8948,0.0005461999490553,0.0062626394031309,0.0317389999981969,,0.2468896000646054,0.0003869999200105,0.6533896001055837,0.900676499819383,0.9999977182730444,0.4822296345542164,2.208580299979076,6.578125,0.9402155000716448,30.58096218109131,,,,0.0074899001047015,0.1624167000409215,0.0433098000939935,0.0205140998587012,0.0117269000038504,eigsh,0.0006663999520242,,,,,,,,,,,,,,,,,,,,,
12,2,21460508,5000,3,16.0,55780,337464,0.01349856,1.1738515999168158,0.1340624999720603,0,0.0,33.468,59.0,56243.012710400006,11.24860254208,33.74580762624,0.0068986897019259,2.304e-05,2.56e-06,sparse,Random sampling,random_sampling,0.8906,0.0009850400521304,0.0075515381553935,0.0326809999532997,,0.2238880000077188,0.0002734998706728,0.613191100070253,0.8373608000110835,1.058428200279348,0.6442751653798705,2.1452666998375207,6.3125,0.8764408000279218,15.005409240722656,,,,,,,,,,,0.009588100016117,eigsh,0.2140955999493599,171232.0,120009.0,0.7,236524.0,,,,,,,,,,,,,,
12,2,21460508,5000,3,16.0,55780,337464,0.01349856,1.1738515999168158,0.1340624999720603,0,0.0,33.468,59.0,56243.012710400006,11.24860254208,33.74580762624,0.0068986897019259,2.304e-05,2.56e-06,sparse,CountSketch random projection,countsketch_random_projection,0.892,0.0011862324438078,0.0074981669617783,0.0332208999898284,,0.2317512999288737,0.0004436001181602,0.6706304000690579,0.9028348000720144,0.9999979790067977,0.4822752115544664,2.210739400004968,6.15625,0.9440423999913036,27.28578186035156,,,,,,,,,,,,,,,,,,0.0004835000727325,1129395574.0,172.0,14.0,48.0,0.0,0.0104443999007344,0.0104443999007344,0.1440590000711381,0.0434399999212473,0.0215566998813301,0.0104499999433755,eigsh,0.0006004001479595
12,3,21460509,5000,3,16.0,55950,338472,0.01353888,1.2352954000234604,0.1421725999098271,0,0.0,33.57,61.0,56243.012710400006,11.24860254208,33.74580762624,0.0068986897019259,2.304e-05,2.56e-06,sparse,Non-random,non_random,0.8918,0.0007645931232054,0.0064496181460204,0.0330298000480979,eigsh,0.151231300085783,0.0001862000208348,0.6813185000792146,0.8327444999013096,1.0,0.4994803591209434,2.21020400011912,5.9375,0.8723829998634756,11.66126537322998,,,,,,,,,,,,,,,,,,,,,,,,,,,,,,,
12,3,21460509,5000,3,16.0,55950,338472,0.01353888,1.2352954000234604,0.1421725999098271,0,0.0,33.57,61.0,56243.012710400006,11.24860254208,33.74580762624,0.0068986897019259,2.304e-05,2.56e-06,sparse,Gaussian random projection,gaussian_random_projection,0.8884,0.0008830739358485,0.0067244482690095,0.0313554999884218,,0.2487504000309854,0.0006254999898374,0.5552223001141101,0.8046081000939012,0.9999980914033436,0.4822910940010692,2.1820662000682205,5.71875,0.844704199815169,30.59249782562256,,,,0.0080017999280244,0.1622173998039215,0.0423814000096172,0.0224075000733137,0.0120366001501679,eigsh,0.0009031000081449,,,,,,,,,,,,,,,,,,,,,
12,3,21460509,5000,3,16.0,55950,338472,0.01353888,1.2352954000234604,0.1421725999098271,0,0.0,33.57,61.0,56243.012710400006,11.24860254208,33.74580762624,0.0068986897019259,2.304e-05,2.56e-06,sparse,Random sampling,random_sampling,0.893,0.0003362786716687,0.0058120378677766,0.0360816000029444,,0.2230171000119298,0.0002142998855561,0.7189294998534024,0.9421683000400662,1.0567673110383615,0.6442728439554732,2.319628899684176,6.109375,0.9856363998260348,15.03145694732666,,,,,,,,,,,0.0117729001212865,eigsh,0.2110339000355452,171736.0,120102.0,0.7,236705.0,,,,,,,,,,,,,,
12,3,21460509,5000,3,16.0,55950,338472,0.01353888,1.2352954000234604,0.1421725999098271,0,0.0,33.57,61.0,56243.012710400006,11.24860254208,33.74580762624,0.0068986897019259,2.304e-05,2.56e-06,sparse,CountSketch random projection,countsketch_random_projection,0.8942,0.0004599847640832,0.0059464327815894,0.0348711998667568,,0.2318251999095082,0.0004537000786513,0.6023605999071151,0.8346491998527199,0.9999978266398928,0.4824217913520051,2.212107499828562,6.046875,0.8750984999351203,27.299450874328613,,,,,,,,,,,,,,,,,,0.0002782000228762,4202473110.0,172.0,13.0,47.0,0.0,0.008432000176981,0.008432000176981,0.1469819000922143,0.0434516000095754,0.0207873000763356,0.0102708998601883,eigsh,0.0007558998186141
12,4,21460510,5000,3,16.0,55773,337386,0.01349544,1.1914870000910014,0.1421338999643921,0,0.0,33.4638,55.0,56243.012710400006,11.24860254208,33.74580762624,0.0068986897019259,2.304e-05,2.56e-06,sparse,Non-random,non_random,0.8868,0.0021287857534905,0.0093259841694407,0.0354741001501679,eigsh,0.1538764000870287,0.0001473999582231,0.6437315999064595,0.797763800015673,0.9999999999999996,0.4995772488280517,2.131376300007105,5.203125,0.8402060999069363,11.623929977416992,,,,,,,,,,,,,,,,,,,,,,,,,,,,,,,
12,4,21460510,5000,3,16.0,55773,337386,0.01349544,1.1914870000910014,0.1421338999643921,0,0.0,33.4638,55.0,56243.012710400006,11.24860254208,33.74580762624,0.0068986897019259,2.304e-05,2.56e-06,sparse,Gaussian random projection,gaussian_random_projection,0.8916,0.0013812290968286,0.0078901976239514,0.0314478001091629,,0.2677693001460284,0.0004821000620722,0.6155284999404103,0.8837906001135707,0.9999985959719376,0.4822366224139163,2.2174008002039045,5.96875,0.920971699990332,30.57972240447998,,,,0.0085757998749613,0.1738100000657141,0.0489496998488903,0.0227274000644683,0.0121641000732779,eigsh,0.0006651000585407,,,,,,,,,,,,,,,,,,,,,
12,4,21460510,5000,3,16.0,55773,337386,0.01349544,1.1914870000910014,0.1421338999643921,0,0.0,33.4638,55.0,56243.012710400006,11.24860254208,33.74580762624,0.0068986897019259,2.304e-05,2.56e-06,sparse,Random sampling,random_sampling,0.887,0.0013212297642452,0.008458071258154,0.0357773001305758,,0.2796072999481112,0.0001563997939229,0.6121187000535429,0.891891400096938,1.06027137112711,0.6449742392192204,2.2255032998509705,5.1875,0.9353124001063406,14.997840881347656,,,,,,,,,,,0.0117269998881965,eigsh,0.2676933999173343,171193.0,119936.0,0.7,236342.0,,,,,,,,,,,,,,
12,4,21460510,5000,3,16.0,55773,337386,0.01349544,1.1914870000910014,0.1421338999643921,0,0.0,33.4638,55.0,56243.012710400006,11.24860254208,33.74580762624,0.0068986897019259,2.304e-05,2.56e-06,sparse,CountSketch random projection,countsketch_random_projection,0.8964,0.0002044541659219,0.0054219414037692,0.0315181000623852,,0.2296335999853909,0.0004163000266999,0.6744587998837233,0.9045182000845672,0.9999978729685092,0.4825090075577465,2.238129599951208,6.0,0.9416261001024396,27.284924507141117,,,,,,,,,,,,,,,,,,0.0002748998813331,2553575558.0,172.0,16.0,43.0,0.0,0.0097346000839024,0.0097346000839024,0.1415373999625444,0.0462760999798774,0.0201517001260072,0.0103386000264436,eigsh,0.0006371000781655
12,5,21460511,5000,3,16.0,56446,341312,0.01365248,1.320924500003457,0.1474607998970896,0,0.0,33.8676,54.0,56243.012710400006,11.24860254208,33.74580762624,0.0068986897019259,2.304e-05,2.56e-06,sparse,Non-random,non_random,0.886,0.0025200473241588,0.0103593099156302,0.0319769000634551,eigsh,0.1720561999827623,0.0001340999733656,0.6401528001297265,0.8123514000326395,0.9999999999999998,0.4983371094060231,2.280728399986401,6.078125,0.8525578000117093,11.758769035339355,,,,,,,,,,,,,,,,,,,,,,,,,,,,,,,
12,5,21460511,5000,3,16.0,56446,341312,0.01365248,1.320924500003457,0.1474607998970896,0,0.0,33.8676,54.0,56243.012710400006,11.24860254208,33.74580762624,0.0068986897019259,2.304e-05,2.56e-06,sparse,Gaussian random projection,gaussian_random_projection,0.89,0.0016561953884405,0.0086268461380304,0.0341493000742048,,0.2505286999512464,0.000387700041756,0.608356999931857,0.859282199991867,0.9999979000025506,0.481258174818356,2.327658699825406,6.296875,0.90143940015696,30.624999046325684,,,,0.007043199846521,0.1653553999494761,0.0417849998921155,0.0224981000646948,0.0123209999874234,eigsh,0.000662500038743,,,,,,,,,,,,,,,,,,,,,
12,5,21460511,5000,3,16.0,56446,341312,0.01365248,1.320924500003457,0.1474607998970896,0,0.0,33.8676,54.0,56243.012710400006,11.24860254208,33.74580762624,0.0068986897019259,2.304e-05,2.56e-06,sparse,Random sampling,random_sampling,0.893,0.000730656743153,0.0069559813346923,0.0328571000136435,,0.2628009000327438,0.0001683998852968,0.6497293000575155,0.9127058000303804,1.055865499351321,0.6423569286919534,2.381083899876103,5.890625,0.954268000088632,15.155525207519531,,,,,,,,,,,0.0105095000471919,eigsh,0.252147999824956,173156.0,121077.0,0.7,238680.0,,,,,,,,,,,,,,
12,5,21460511,5000,3,16.0,56446,341312,0.01365248,1.320924500003457,0.1474607998970896,0,0.0,33.8676,54.0,56243.012710400006,11.24860254208,33.74580762624,0.0068986897019259,2.304e-05,2.56e-06,sparse,CountSketch random projection,countsketch_random_projection,0.8962,0.0003755513515795,0.0057408323376046,0.0321074000094085,,0.2501616000663489,0.000402099918574,0.6546545000746846,0.9052273000124842,0.9999982549938988,0.4810154590352348,2.3736034999601543,6.015625,0.9440059000626206,27.35799121856689,,,,,,,,,,,,,,,,,,0.0002852000761777,727527730.0,172.0,16.0,44.0,0.0,0.0115592998918145,0.0115592998918145,0.1592590000946074,0.0424556001089513,0.0219714001286774,0.0133344000205397,eigsh,0.0006542999763041
12,6,21460512,5000,3,16.0,56639,342418,0.01369672,1.2355308001860976,0.1308593999128788,0,0.0,33.9834,56.0,56243.012710400006,11.24860254208,33.74580762624,0.0068986897019259,2.304e-05,2.56e-06,sparse,Non-random,non_random,0.8924,0.000962383703525,0.0070591541813714,0.0358140000607818,eigsh,0.1984095000661909,0.0001662999857217,0.670293299946934,0.8688767999410629,1.0000000000000004,0.4984458847122097,2.235259300097823,5.328125,0.9109359998255968,11.796740531921388,,,,,,,,,,,,,,,,,,,,,,,,,,,,,,,
12,6,21460512,5000,3,16.0,56639,342418,0.01369672,1.2355308001860976,0.1308593999128788,0,0.0,33.9834,56.0,56243.012710400006,11.24860254208,33.74580762624,0.0068986897019259,2.304e-05,2.56e-06,sparse,Gaussian random projection,gaussian_random_projection,0.8832,0.0021191297232468,0.0096670208159788,0.0332072998862713,,0.266859499970451,0.000409800093621,0.6699973999056965,0.937276099808514,0.99999756645255,0.481572206005965,2.303656900068745,5.78125,0.9781971999909728,30.637507438659668,,,,0.0078354000579565,0.1773434001952409,0.044694900047034,0.0225488001015037,0.0130464001558721,eigsh,0.0006548999808728,,,,,,,,,,,,,,,,,,,,,
12,6,21460512,5000,3,16.0,56639,342418,0.01369672,1.2355308001860976,0.1308593999128788,0,0.0,33.9834,56.0,56243.012710400006,11.24860254208,33.74580762624,0.0068986897019259,2.304e-05,2.56e-06,sparse,Random sampling,random_sampling,0.891,0.0007518990852237,0.0066921920064512,0.0318728000856936,,0.2469836000818759,0.0001465000677853,0.5884223999455571,0.8355595001485199,1.0611192410550947,0.6442908283346667,2.201942700194195,5.984375,0.8767456000205129,15.213388442993164,,,,,,,,,,,0.015588599955663,eigsh,0.2311850998084992,173709.0,121634.0,0.7,239699.0,,,,,,,,,,,,,,
12,6,21460512,5000,3,16.0,56639,342418,0.01369672,1.2355308001860976,0.1308593999128788,0,0.0,33.9834,56.0,56243.012710400006,11.24860254208,33.74580762624,0.0068986897019259,2.304e-05,2.56e-06,sparse,CountSketch random projection,countsketch_random_projection,0.8912,0.0007723595470623,0.0066147025320729,0.0329573000781238,,0.2369266001041978,0.0003783998545259,0.6013533000368625,0.8386668001767248,0.9999978493208704,0.4810314234589679,2.2050485000945628,5.953125,0.8791665998287499,27.37669467926025,,,,,,,,,,,,,,,,,,0.0003892998211085,2713396899.0,172.0,13.0,48.0,0.0,0.0098914999980479,0.0098914999980479,0.1453293000813573,0.0462873999495059,0.0232617000583559,0.0105661998968571,eigsh,0.0005942001007497
12,7,21460513,5000,3,16.0,56301,340402,0.01361608,1.2615654000546783,0.1474625000264495,0,0.0,33.7806,58.0,56243.012710400006,11.24860254208,33.74580762624,0.0068986897019259,2.304e-05,2.56e-06,sparse,Non-random,non_random,0.8864,0.0021423596625526,0.0096804899798766,0.0342689000535756,eigsh,0.1534710999112576,0.0001494998577982,0.7838800000026822,0.937508299946785,1.0,0.4989154306925328,2.346528499852866,7.4375,0.9787767000962048,11.727526664733888,,,,,,,,,,,,,,,,,,,,,,,,,,,,,,,
12,7,21460513,5000,3,16.0,56301,340402,0.01361608,1.2615654000546783,0.1474625000264495,0,0.0,33.7806,58.0,56243.012710400006,11.24860254208,33.74580762624,0.0068986897019259,2.304e-05,2.56e-06,sparse,Gaussian random projection,gaussian_random_projection,0.8878,0.0011702410773214,0.0073099894012442,0.03140510013327,,0.2430855999700725,0.0004523999523371,0.6324973001610488,0.8760454999282956,0.9999976807762232,0.4811298671849595,2.2850632001645863,6.671875,0.9154524998739362,30.614237785339355,,,,0.0082314999308437,0.159322400111705,0.0407727998681366,0.0224364001769572,0.0107307999860495,eigsh,0.000705599784851,,,,,,,,,,,,,,,,,,,,,
12,7,21460513,5000,3,16.0,56301,340402,0.01361608,1.2615654000546783,0.1474625000264495,0,0.0,33.7806,58.0,56243.012710400006,11.24860254208,33.74580762624,0.0068986897019259,2.304e-05,2.56e-06,sparse,Random sampling,random_sampling,0.898,0.0001255860450847,0.005153848771611,0.0316476000007241,,0.2207128000445664,0.0002448998857289,0.626868300139904,0.8478360001463443,1.0576013969644644,0.6440502014397145,2.2568539001513277,6.40625,0.8876497999299318,15.120707511901855,,,,,,,,,,,0.0136193998623639,eigsh,0.206882799975574,172701.0,120847.0,0.7,238182.0,,,,,,,,,,,,,,
12,7,21460513,5000,3,16.0,56301,340402,0.01361608,1.2615654000546783,0.1474625000264495,0,0.0,33.7806,58.0,56243.012710400006,11.24860254208,33.74580762624,0.0068986897019259,2.304e-05,2.56e-06,sparse,CountSketch random projection,countsketch_random_projection,0.8944,0.0004297468250237,0.0058756210071528,0.0308310000691562,,0.2437392999418079,0.0004010999109596,0.6548041999340057,0.8989536999724805,0.9999982113186554,0.4818375369072942,2.307972499867901,5.5625,0.9369824000168592,27.34142780303955,,,,,,,,,,,,,,,,,,0.0005055000074207,1688175880.0,172.0,14.0,42.0,0.0,0.0095478999428451,0.0095478999428451,0.1508001000620424,0.0465436999220401,0.0208862000145018,0.0140426999423652,eigsh,0.0007053001318126
12,8,21460514,5000,3,16.0,56048,339010,0.0135604,1.1965797999873755,0.1394732999615371,0,0.0,33.6288,54.0,56243.012710400006,11.24860254208,33.74580762624,0.0068986897019259,2.304e-05,2.56e-06,sparse,Non-random,non_random,0.8896,0.0013871322531841,0.0079574670906067,0.0318515000399202,eigsh,0.1668298998847603,0.000135299982503,0.6656361999921501,0.8326091000344604,1.0,0.4995793149572979,2.1686544998083264,6.515625,0.8718185999896377,11.679692268371582,,,,,,,,,,,,,,,,,,,,,,,,,,,,,,,
12,8,21460514,5000,3,16.0,56048,339010,0.0135604,1.1965797999873755,0.1394732999615371,0,0.0,33.6288,54.0,56243.012710400006,11.24860254208,33.74580762624,0.0068986897019259,2.304e-05,2.56e-06,sparse,Gaussian random projection,gaussian_random_projection,0.8876,0.0012962664276994,0.0076096686581829,0.0383293000049889,,0.2476464998908341,0.0003850997891277,0.68329369998537,0.9313350999727844,0.9999979623823302,0.4822026886974173,2.2673783996142447,6.1875,0.9776194000151008,30.59835624694824,,,,0.0081202001310884,0.1634241000283509,0.0431192000396549,0.0206024998333305,0.0108998001087456,eigsh,0.0007038000039756,,,,,,,,,,,,,,,,,,,,,
12,8,21460514,5000,3,16.0,56048,339010,0.0135604,1.1965797999873755,0.1394732999615371,0,0.0,33.6288,54.0,56243.012710400006,11.24860254208,33.74580762624,0.0068986897019259,2.304e-05,2.56e-06,sparse,Random sampling,random_sampling,0.8966,0.0001939600254673,0.005482979728239,0.0340506001375615,,0.179903500014916,0.0002415000926703,0.5791233000345528,0.7592753001954406,1.0564585358379446,0.6440041517093085,2.095321400091052,5.5,0.7997143999673426,15.059471130371094,,,,,,,,,,,0.0116883001755923,eigsh,0.1680250999052077,172005.0,120356.0,0.7,237206.0,,,,,,,,,,,,,,
12,8,21460514,5000,3,16.0,56048,339010,0.0135604,1.1965797999873755,0.1394732999615371,0,0.0,33.6288,54.0,56243.012710400006,11.24860254208,33.74580762624,0.0068986897019259,2.304e-05,2.56e-06,sparse,CountSketch random projection,countsketch_random_projection,0.8918,0.000702316926695,0.0064850007174943,0.0309738998766988,,0.2511990999337286,0.0003823998849838,0.6002120999619365,0.8518038000911474,0.9999977526601468,0.4823612170649687,2.187846699729562,6.28125,0.8890629999805242,27.315653800964355,,,,,,,,,,,,,,,,,,0.0002791997976601,4202359600.0,172.0,16.0,41.0,0.0,0.0096990999300032,0.0096990999300032,0.1612951999995857,0.0453459001146256,0.0230407000053673,0.0103211998939514,eigsh,0.0005972001235932
12,9,21460515,5000,3,16.0,56565,342006,0.01368024,1.158498200122267,0.1311230000574141,0,0.0,33.939,60.0,56243.012710400006,11.24860254208,33.74580762624,0.0068986897019259,2.304e-05,2.56e-06,sparse,Non-random,non_random,0.89,0.0011109423194525,0.0072774348139371,0.0386872999370098,eigsh,0.1494658000301569,0.0002145001199096,0.6597156999632716,0.8094052001833916,0.9999999999999992,0.4985049880061185,2.0990172002930194,6.046875,0.85518250009045,11.78259563446045,,,,,,,,,,,,,,,,,,,,,,,,,,,,,,,
12,9,21460515,5000,3,16.0,56565,342006,0.01368024,1.158498200122267,0.1311230000574141,0,0.0,33.939,60.0,56243.012710400006,11.24860254208,33.74580762624,0.0068986897019259,2.304e-05,2.56e-06,sparse,Gaussian random projection,gaussian_random_projection,0.8896,0.0011018301490856,0.007261032035799,0.0366986999288201,,0.2510689001064747,0.0004069998394697,0.671640699962154,0.9231265999842436,0.9999980451377368,0.4811470390054492,2.21273780008778,6.875,0.9675347001757472,30.632742881774902,,,,0.0076329000294208,0.1620471999049186,0.0454223998822271,0.0216694001574069,0.0128029999323189,eigsh,0.0007631999906152,,,,,,,,,,,,,,,,,,,,,
12,9,21460515,5000,3,16.0,56565,342006,0.01368024,1.158498200122267,0.1311230000574141,0,0.0,33.939,60.0,56243.012710400006,11.24860254208,33.74580762624,0.0068986897019259,2.304e-05,2.56e-06,sparse,Random sampling,random_sampling,0.8924,0.0007721748373876,0.0074354971134591,0.031540900003165,,0.211918800137937,0.0001898000482469,0.5343889000359923,0.7465048001613468,1.05896168952035,0.6438125714427988,2.036118700401857,5.609375,0.7856482998467982,15.200403213500977,,,,,,,,,,,0.012118199840188,eigsh,0.199648399837315,173503.0,121544.0,0.7,239569.0,,,,,,,,,,,,,,
12,9,21460515,5000,3,16.0,56565,342006,0.01368024,1.158498200122267,0.1311230000574141,0,0.0,33.939,60.0,56243.012710400006,11.24860254208,33.74580762624,0.0068986897019259,2.304e-05,2.56e-06,sparse,CountSketch random projection,countsketch_random_projection,0.8902,0.001356316761046,0.0078418969902719,0.0318734000902622,,0.2454426998738199,0.0004724999889731,0.6487012000288814,0.8946251999586821,0.9999977120214826,0.4810599483288321,2.184237600071356,6.328125,0.9335835000965744,27.373547554016117,,,,,,,,,,,,,,,,,,0.0002822000533342,3274950866.0,172.0,16.0,46.0,0.0,0.0100143000017851,0.0100143000017851,0.1569578000344336,0.0453806000296026,0.0215300999116152,0.010080800158903,eigsh,0.0006071999669075
12,10,21460516,5000,3,16.0,56398,340976,0.01363904,1.254981999984011,0.1316388000268489,0,0.0,33.8388,55.0,56243.012710400006,11.24860254208,33.74580762624,0.0068986897019259,2.304e-05,2.56e-06,sparse,Non-random,non_random,0.8922,0.0009419001121444,0.0069064284552916,0.0352431000210344,eigsh,0.1578609000425785,0.0001372001133859,0.6465777000412345,0.8045832000207156,0.9999999999999996,0.498883661990134,2.191196600208059,5.453125,0.8464871000032872,11.747233390808104,,,,,,,,,,,,,,,,,,,,,,,,,,,,,,,
12,10,21460516,5000,3,16.0,56398,340976,0.01363904,1.254981999984011,0.1316388000268489,0,0.0,33.8388,55.0,56243.012710400006,11.24860254208,33.74580762624,0.0068986897019259,2.304e-05,2.56e-06,sparse,Gaussian random projection,gaussian_random_projection,0.8926,0.0011785374482524,0.0075756476003027,0.0310474999714642,,0.2436472999397665,0.0004606000147759,0.639584599994123,0.8837016001343727,0.9999982022909764,0.4819914276487036,2.270313299959525,6.71875,0.9217177000828088,30.621054649353027,,,,0.0075167999602854,0.1633850999642163,0.0415136001538485,0.0201499001123011,0.0092754999641329,eigsh,0.0007571000605821,,,,,,,,,,,,,,,,,,,,,
12,10,21460516,5000,3,16.0,56398,340976,0.01363904,1.254981999984011,0.1316388000268489,0,0.0,33.8388,55.0,56243.012710400006,11.24860254208,33.74580762624,0.0068986897019259,2.304e-05,2.56e-06,sparse,Random sampling,random_sampling,0.8906,0.0007685279844573,0.0067644971278829,0.0332001999486237,,0.2083346000872552,0.0001870000269263,0.6732103000395,0.8817398000974208,1.0593935264955952,0.6436693674578386,2.2683527001645416,5.703125,0.9229041999205948,15.1496000289917,,,,,,,,,,,0.0121788000687956,eigsh,0.1959599000401795,172988.0,121105.0,0.7,238689.0,,,,,,,,,,,,,,
12,10,21460516,5000,3,16.0,56398,340976,0.01363904,1.254981999984011,0.1316388000268489,0,0.0,33.8388,55.0,56243.012710400006,11.24860254208,33.74580762624,0.0068986897019259,2.304e-05,2.56e-06,sparse,CountSketch random projection,countsketch_random_projection,0.8922,0.0009572691811253,0.0071329842129638,0.032124700024724,,0.2297203000634908,0.000395999988541,0.6000626001041383,0.8301878001075238,0.999998340788885,0.4814359739782737,2.21679970016703,5.75,0.8703483999706805,27.35021686553955,,,,,,,,,,,,,,,,,,0.0003815998788923,1985397270.0,172.0,12.0,52.0,0.0,0.011192699894309,0.011192699894309,0.145047599915415,0.0420677999500185,0.0200502998195588,0.0096340000163763,eigsh,0.0006353999488055
