n,alpha_n,rep,method,error_P,error_Theta,error_B,time_sec,instance_gen_sec,metric_eval_sec,rp_draw_omega_sec,rp_power_iter_sec,rp_qr_sec,rp_build_core_sec,rp_reconstruct_sec,rp_small_eig_sec,rp_lift_sec,rp_kmeans_sec,algo_total_sec,algo_step_sum_sec,algo_other_sec,pipeline_total_sec,rs_sample_mask_sec,rs_build_sampled_matrix_sec,rs_eig_sec,rs_reconstruct_sec,rs_symmetrize_sec,rs_kmeans_sec,nr_eig_sec,nr_kmeans_sec,nr_copy_sec,sign_draw_omega_sec,sign_embedding_dim,sign_power_parameter,sign_subspace_iter_sec,sign_reconstruct_sec,sign_build_core_sec,sign_small_eig_sec,sign_lift_sec,sign_kmeans_sec
200,0.1414213562373095,1,Random Projection,7.681979539177207,0.77,0.0272827882566409,0.053509874996962,0.0011577080003917,0.0118861249939072,1.2916018022224309e-05,0.000174834014615,9.874999523162842e-05,4.762498429045081e-05,0.000108625012217,0.0001584159908816,2.9170187190175056e-06,0.0528988749720156,0.053509874996962,0.0535029580059926,6.916990969330072e-06,0.066553707991261,,,,,,,,,,,,,,,,,,
200,0.1414213562373095,1,Random Sampling,9.331473627557587,0.57,0.0246626526721027,0.0600329999870155,0.0011577080003917,0.0067172499839216,,,,,,,,,0.0600329999870155,0.0600284179963637,4.581990651786327e-06,0.0679079579713288,0.0002905839937739,0.0004150840104557,0.0065892499987967,9.90410044323653e-05,0.0001039170019794,0.0525305419869255,,,,,,,,,,,,
200,0.1414213562373095,1,Non-random,8.470528968003311,0.22,0.0056213562373094,0.0515171659935731,0.0011577080003917,0.0025467920058872,,,,,,,,,0.0515171659935731,0.0515155419998336,1.6239937394857409e-06,0.0552216659998521,,,,,,,0.018461457977537,0.0330462920246645,7.791997632011771e-06,,,,,,,,,
200,0.1414213562373095,2,Random Projection,8.28312865935521,0.38,0.0173222575402371,0.0401622919889632,0.0003877080162055,0.0017987920145969,1.3457989552989602e-05,0.0001505420077592,6.074999691918492e-05,3.358398680575192e-05,2.8125010430812836e-05,3.474997356534004e-05,2.1250161807984114e-06,0.0398368749883957,0.0401622919889632,0.0401602089696098,2.0830193534493446e-06,0.0423487920197658,,,,,,,,,,,,,,,,,,
200,0.1414213562373095,2,Random Sampling,8.974207851905975,0.41,0.0072456793775871,0.0209418750018812,0.0003877080162055,0.013268708018586,,,,,,,,,0.0209418750018812,0.0209389999799896,2.875021891668439e-06,0.0345982910366728,0.0002827919961418,0.0003430419892538,0.0012335829960647,1.8791004549711943e-05,4.804201307706535e-05,0.0190127499809023,,,,,,,,,,,,
200,0.1414213562373095,2,Non-random,8.880506500190798,0.33,0.0178425129352828,0.0416564580227714,0.0003877080162055,0.0067002089926972,,,,,,,,,0.0416564580227714,0.0416533749958034,3.0830269679427147e-06,0.0487443750316742,,,,,,,0.008718166995095,0.0329237499972805,1.145800342783332e-05,,,,,,,,,
200,0.1414213562373095,3,Random Projection,7.281751599882416,0.34,0.0189907089120024,0.0726719169761054,0.0011370839783921,0.0018985829956363,2.8292008209973577e-05,0.0003058330039493,6.204101373441517e-05,3.4083001082763076e-05,4.645800800062716e-05,3.5792007111012936e-05,2.4170149117708206e-06,0.0721547080029267,0.0726719169761054,0.0726696240599267,2.292916178703308e-06,0.075707583950134,,,,,,,,,,,,,,,,,,
200,0.1414213562373095,3,Random Sampling,9.27202050335867,0.39,0.0207143718474372,0.0640966659993864,0.0011370839783921,0.0027282920200377,,,,,,,,,0.0640966659993864,0.0640917909913696,4.875008016824722e-06,0.0679620419978164,0.0004659580008592,0.0010142920073121,0.0030152499966789,5.208299262449145e-05,9.5208000857383e-05,0.0594489999930374,,,,,,,,,,,,
200,0.1414213562373095,3,Non-random,8.594218062696397,0.16,0.0136001756817539,0.0574391249974723,0.0011370839783921,0.0017403340025339,,,,,,,,,0.0574391249974723,0.0574377079901751,1.4170072972774506e-06,0.0603165429783985,,,,,,,0.0069287079968489,0.0505018749972805,7.124996045604348e-06,,,,,,,,,
200,0.1414213562373095,4,Random Projection,7.595510364725261,0.32,0.0170493567034024,0.0569922080030664,0.001036166009726,0.0051637080032378,0.0001297919952776,0.0006822079885751,0.0001133749901782,7.87499884609133e-05,7.149999146349728e-05,6.987497908994555e-05,5.583016900345683e-06,0.0558374169922899,0.0569922080030664,0.0569884999422356,3.708060830831528e-06,0.0631920820160303,,,,,,,,,,,,,,,,,,
200,0.1414213562373095,4,Random Sampling,9.027521184057564,0.32,0.0224381870582343,0.075429582997458,0.001036166009726,0.0104667499836068,,,,,,,,,0.075429582997458,0.0754250829922966,4.5000051613897085e-06,0.0869324989907909,0.0002894999925047,0.0003852079971693,0.0023936250072438,5.729199619963765e-05,0.0058778329985216,0.0664216250006575,,,,,,,,,,,,
200,0.1414213562373095,4,Non-random,8.530850272304386,0.23,0.0120487403782071,0.0415380829945206,0.001036166009726,0.0069818749907426,,,,,,,,,0.0415380829945206,0.0415367500099819,1.3329845387488604e-06,0.0495561239949893,,,,,,,0.0123965000093448,0.0291332500055432,6.999995093792677e-06,,,,,,,,,
200,0.1414213562373095,5,Random Projection,7.811555669947907,0.22,0.0101507343522234,0.0265883750107605,0.0011873330222442,0.0015250830037984,2.3083004634827375e-05,0.0003072909894399,0.0001227080065291,7.604199345223606e-05,7.208299939520657e-05,7.474998710677028e-05,5.417008651420474e-06,0.02590350000537,0.0265883750107605,0.0265848739945795,3.501016180962324e-06,0.0293007910368032,,,,,,,,,,,,,,,,,,
200,0.1414213562373095,5,Random Sampling,9.477907311837775,0.37,0.0055729112099505,0.0302825830003712,0.0011873330222442,0.0035831249842885,,,,,,,,,0.0302825830003712,0.0302807500120252,1.8329883459955456e-06,0.035053041006904,0.0004127499996684,0.000201749993721,0.0010250000050291,1.8999999156221747e-05,3.0499999411404133e-05,0.0285917500150389,,,,,,,,,,,,
200,0.1414213562373095,5,Non-random,8.738729855885229,0.22,0.0060887918390011,0.0313906669907737,0.0011873330222442,0.0019033339922316,,,,,,,,,0.0313906669907737,0.0313892499834764,1.4170072972774506e-06,0.0344813340052496,,,,,,,0.0168774159974418,0.0145050839928444,6.749993190169334e-06,,,,,,,,,
200,0.1414213562373095,6,Random Projection,7.675993156587879,0.4,0.0181477818500545,0.0273863339971285,0.0009953750122804,0.0026799170009326,2.2082997020334005e-05,0.0003007499908562,9.024998871609569e-05,6.941598257981241e-05,6.933399708941579e-05,5.7124998420476913e-05,4.5000051613897085e-06,0.0267701249977108,0.0273863339971285,0.0273835829575546,2.7510395739227533e-06,0.0310616260103415,,,,,,,,,,,,,,,,,,
200,0.1414213562373095,6,Random Sampling,9.227971501234297,0.46,0.012135342084308,0.0169348749914206,0.0009953750122804,0.002762000018265,,,,,,,,,0.0169348749914206,0.0169295420346315,5.332956789061427e-06,0.0206922500219661,0.0007737500127404,0.0004537090135272,0.0031870840175542,5.0790986279025674e-05,8.550001075491309e-05,0.0123787079937756,,,,,,,,,,,,
200,0.1414213562373095,6,Non-random,8.69684382136839,0.23,0.0159015074660429,0.0315384580171667,0.0009953750122804,0.0020028750004712,,,,,,,,,0.0315384580171667,0.0315369169984478,1.5410187188535929e-06,0.0345367080299183,,,,,,,0.016233166999882,0.0152968750044237,6.874994141981006e-06,,,,,,,,,
200,0.1414213562373095,7,Random Projection,7.298399179550832,0.6799999999999999,0.0225126025555033,0.0247568330087233,0.00121004198445,0.0045830410090275,2.2624997654929757e-05,0.0003354999935254,0.0001148750016,7.604199345223606e-05,7.34579807613045e-05,7.091602310538292e-05,5.7089782785624266e-06,0.0240542920073494,0.0247568330087233,0.0247534169757273,3.4160329960286617e-06,0.0305499160022009,,,,,,,,,,,,,,,,,,
200,0.1414213562373095,7,Random Sampling,10.173386792804775,0.8200000000000001,0.0132354784603526,0.049006624991307,0.00121004198445,0.0075244169856887,,,,,,,,,0.049006624991307,0.0490018329874146,4.792003892362118e-06,0.0577410839614458,0.0033114999823737,0.0004298750136513,0.0017011249728966,4.412501584738493e-05,3.7582998629659414e-05,0.0434776250040158,,,,,,,,,,,,
200,0.1414213562373095,7,Non-random,8.773927533696622,0.31,0.0152965925322055,0.0417294159997254,0.00121004198445,0.0017883330001495,,,,,,,,,0.0417294159997254,0.0417282500129658,1.1659867595881224e-06,0.0447277909843251,,,,,,,0.0150948330119717,0.026626041973941,7.3750270530581474e-06,,,,,,,,,
200,0.1414213562373095,8,Random Projection,7.430721786531227,0.2,0.0067919728863539,0.0250008339935448,0.0004154159978497,0.0031206669809762,1.1249998351559045e-05,0.0001564169942867,4.966699634678662e-05,3.12910124193877e-05,2.562499139457941e-05,3.354201908223331e-05,2.209009835496545e-06,0.0246892499853856,0.0250008339935448,0.0249992510071024,1.5829864423722029e-06,0.0285369169723708,,,,,,,,,,,,,,,,,,
200,0.1414213562373095,8,Random Sampling,8.70393090397469,0.3,0.0055157594369877,0.0514020840055309,0.0004154159978497,0.0055529579985886,,,,,,,,,0.0514020840055309,0.0513988749880809,3.209017449989915e-06,0.0573704580019693,0.0002889579918701,0.0003870420041494,0.0013986249978188,2.054200740531087e-05,5.274999421089888e-05,0.0492509579926263,,,,,,,,,,,,
200,0.1414213562373095,8,Non-random,8.407852125357055,0.16,0.0074444282617453,0.0482067080156412,0.0004154159978497,0.0069662499881815,,,,,,,,,0.0482067080156412,0.0482052500301506,1.4579854905605316e-06,0.0555883740016724,,,,,,,0.0077958750189282,0.0404001669958233,9.208015399053693e-06,,,,,,,,,
200,0.1414213562373095,9,Random Projection,7.541106610557213,0.19,0.0054319537127476,0.0700394170125946,0.0004152499896008,0.0043599159980658,1.09999964479357e-05,0.0001503330131527,4.604199784807861e-05,3.079199814237654e-05,2.6790978154167533e-05,3.220900543965399e-05,2.0840088836848736e-06,0.0697384170198347,0.0700394170125946,0.0700376680179033,1.748994691297412e-06,0.0748145830002613,,,,,,,,,,,,,,,,,,
200,0.1414213562373095,9,Random Sampling,9.130478955176589,0.38,0.0109767188830225,0.1096227499947417,0.0004152499896008,0.0065273330255877,,,,,,,,,0.1096227499947417,0.109619916009251,2.8339854907244444e-06,0.1165653330099303,0.0013047080137766,0.0006457080016843,0.0024759999942034,1.979200169444084e-05,3.233298775739968e-05,0.1051413750101346,,,,,,,,,,,,
200,0.1414213562373095,9,Non-random,8.92782229840451,0.2,0.0132790569858309,0.0933952500054147,0.0004152499896008,0.0017102920101024,,,,,,,,,0.0933952500054147,0.09339379100129,1.4590041246265173e-06,0.0955207920051179,,,,,,,0.0070443750009872,0.0863417079963255,7.708003977313638e-06,,,,,,,,,
200,0.1414213562373095,10,Random Projection,7.2056393852486025,0.3299999999999999,0.0122957763610576,0.0371296659868676,0.0004718330164905,0.0038177499955054,1.1208001524209976e-05,0.0001442499924451,4.483398515731096e-05,3.0458002584055063e-05,2.558401320129633e-05,3.1167000997811556e-05,2.042012056335807e-06,0.0368385420006234,0.0371296659868676,0.0371280850085895,1.5809782780706882e-06,0.0414192489988636,,,,,,,,,,,,,,,,,,
200,0.1414213562373095,10,Random Sampling,9.18538296562345,0.27,0.0089546317780201,0.1157277919992338,0.0004718330164905,0.0030680000199936,,,,,,,,,0.1157277919992338,0.1157242909830529,3.501016180962324e-06,0.119267625035718,0.0002472919877618,0.0003743749985005,0.0029272910032887,8.008300210349262e-05,0.0001600830000825,0.1119351669913157,,,,,,,,,,,,
200,0.1414213562373095,10,Non-random,8.670869095773186,0.2,0.0050739016271279,0.0794123329978901,0.0004718330164905,0.009779999993043,,,,,,,,,0.0794123329978901,0.0794105830136686,1.7499842215329409e-06,0.0896641660074237,,,,,,,0.0049649580032564,0.0744371660111937,8.458999218419194e-06,,,,,,,,,
200,0.1414213562373095,11,Random Projection,6.9948579325339555,0.26,0.0048810614040005,0.0505917080154176,0.0009675409819465,0.0029133339994587,2.4125009076669812e-05,0.0004625829751603,0.0001833330024965,7.666699821129441e-05,9.295900235883892e-05,6.895899423398077e-05,5.08397351950407e-06,0.0496737500070594,0.0505917080154176,0.0505874599621165,4.248053301125765e-06,0.0544725829968228,,,,,,,,,,,,,,,,,,
200,0.1414213562373095,11,Random Sampling,8.984310886389165,0.44,0.0106593693507987,0.0337542089982889,0.0009675409819465,0.0027447920001577,,,,,,,,,0.0337542089982889,0.0337509580131154,3.250985173508525e-06,0.0374665419803932,0.0002452910121064,0.0005427910073194,0.003151709010126,1.8749997252598405e-05,5.4625008488073945e-05,0.0297377919778227,,,,,,,,,,,,
200,0.1414213562373095,11,Non-random,8.663812041267722,0.15,0.0074983113527181,0.0618511670036241,0.0009675409819465,0.0051765829848591,,,,,,,,,0.0618511670036241,0.0618487920146435,2.374988980591297e-06,0.0679952909704297,,,,,,,0.0100460420071613,0.0517971249937545,5.62501372769475e-06,,,,,,,,,
200,0.1414213562373095,12,Random Projection,7.193038512052308,0.68,0.0214473625493721,0.0827799580001737,0.0011155419924762,0.0026554579962976,2.4874985683709383e-05,0.0003049579972866,0.0001478340127505,6.979098543524742e-05,9.06249915715307e-05,6.024999311193824e-05,4.875008016824722e-06,0.0820736660098191,0.0827799580001737,0.0827768739836756,3.0840164981782436e-06,0.0865509579889476,,,,,,,,,,,,,,,,,,
200,0.1414213562373095,12,Random Sampling,8.180063222154391,0.28,0.0054599356854818,0.0267257500090636,0.0011155419924762,0.0217893750232178,,,,,,,,,0.0267257500090636,0.0267209170269779,4.832982085645199e-06,0.0496306670247577,0.00037691599573,0.0004539170186035,0.004026500013424,0.0001037920010276,8.612498641014099e-05,0.0216736670117825,,,,,,,,,,,,
200,0.1414213562373095,12,Non-random,8.629542997735832,0.18,0.0090482423827141,0.092355166998459,0.0011155419924762,0.012402041000314,,,,,,,,,0.092355166998459,0.0923512069857679,3.960012691095471e-06,0.1058727499912493,,,,,,,0.0536301659885793,0.0386510000098496,7.004098733887076e-05,,,,,,,,,
200,0.1414213562373095,13,Random Projection,7.437946339356117,0.21,0.009139584296774,0.035063249990344,0.0004988749860785,0.0169339170097373,1.2083008186891677e-05,0.000145917001646,4.975000047124922e-05,3.383401781320572e-05,2.5667017325758937e-05,3.374999505467713e-05,2.374988980591297e-06,0.0347583330003544,0.035063249990344,0.0350617090298328,1.5409605111926794e-06,0.0524960419861599,,,,,,,,,,,,,,,,,,
200,0.1414213562373095,13,Random Sampling,9.22934898612083,0.31,0.0198567559769816,0.0428485829907003,0.0004988749860785,0.0057452080072835,,,,,,,,,0.0428485829907003,0.0428457930102013,2.789980499073863e-06,0.0490926659840624,0.0008158339769579,0.0002056660014204,0.0010855840228032,3.833300434052944e-05,5.3333991672843695e-05,0.0406470420130062,,,,,,,,,,,,
200,0.1414213562373095,13,Non-random,8.565774748178978,0.16,0.0023126515309371,0.0409473750041797,0.0004988749860785,0.0041250840004067,,,,,,,,,0.0409473750041797,0.040945582994027,1.7920101527124643e-06,0.0455713339906651,,,,,,,0.0194081669906154,0.0215302500000689,7.166003342717886e-06,,,,,,,,,
200,0.1414213562373095,14,Random Projection,7.398503643146033,0.69,0.021806345370354,0.0382756250037346,0.0005586250044871,0.0081327089865226,2.379098441451788e-05,0.0003072080144193,0.0001530830049887,7.083298987708986e-05,9.041701559908688e-05,5.82499778829515e-05,4.750007065013051e-06,0.0375647910113912,0.0382756250037346,0.0382731230056379,2.501998096704483e-06,0.0469669589947443,,,,,,,,,,,,,,,,,,
200,0.1414213562373095,14,Random Sampling,9.498581148022526,0.43,0.0071220420444396,0.0233496250002644,0.0005586250044871,0.0012902499875053,,,,,,,,,0.0233496250002644,0.0233481260365806,1.4989636838436129e-06,0.0251984999922569,0.0003045000194106,0.0002987920015584,0.0010098750062752,2.2042018827050924e-05,5.549998604692519e-05,0.0216574170044623,,,,,,,,,,,,
200,0.1414213562373095,14,Non-random,8.534053694650552,0.29,0.0094579289585838,0.0583514999889303,0.0005586250044871,0.0071800000150687,,,,,,,,,0.0583514999889303,0.0583502920053433,1.207983586937189e-06,0.0660901250084862,,,,,,,0.0167039170046336,0.0416387090226635,7.665978046134114e-06,,,,,,,,,
200,0.1414213562373095,15,Random Projection,8.136124788298561,0.28,0.0206422788124995,0.0649235410091932,0.0013298749981913,0.003183666995028,1.2707983842119576e-05,0.0001435829908587,4.858398460783064e-05,2.995898830704391e-05,2.5542016373947263e-05,3.23750136885792e-05,2.2909953258931637e-06,0.0646271250152494,0.0649235410091932,0.0649221669882536,1.3740209396928549e-06,0.0694370830024126,,,,,,,,,,,,,,,,,,
200,0.1414213562373095,15,Random Sampling,8.882725539875027,0.29,0.0208914205003707,0.0667728749976959,0.0013298749981913,0.0051070000045001,,,,,,,,,0.0667728749976959,0.0667687489767558,4.12602094002068e-06,0.0732097500003874,0.003705874987645,0.0005268749955575,0.0087334580020979,5.3208001190796494e-05,7.712500519119203e-05,0.0536722079850733,,,,,,,,,,,,
200,0.1414213562373095,15,Non-random,8.750722622884425,0.13,0.0110440177239093,0.0751409579825121,0.0013298749981913,0.0016610829916317,,,,,,,,,0.0751409579825121,0.0751402079768013,7.500057108700275e-07,0.0781319159723352,,,,,,,0.0103870829916559,0.0647459999890998,7.124996045604348e-06,,,,,,,,,
200,0.1414213562373095,16,Random Projection,6.9309309005592405,0.36,0.0104984867462278,0.0639317079912871,0.0008072920027188,0.0013116670015733,2.2500025806948543e-05,0.0004079580248799,0.0001690829813014,7.579199154861271e-05,9.566600783728064e-05,7.087501580826938e-05,5.459005478769541e-06,0.0630810000002384,0.0639317079912871,0.0639283330528996,3.3749383874237537e-06,0.0660506669955793,,,,,,,,,,,,,,,,,,
200,0.1414213562373095,16,Random Sampling,9.00768052597726,0.42,0.0136534025226067,0.0541078330134041,0.0008072920027188,0.0012029579957015,,,,,,,,,0.0541078330134041,0.0541042500117328,3.583001671358943e-06,0.0561180830118246,0.0003056669957004,0.0005079170223325,0.0027643749781418,1.679101842455566e-05,4.874999285675585e-05,0.0504607500042766,,,,,,,,,,,,
200,0.1414213562373095,16,Non-random,8.368669692336738,0.23,0.0119709732729125,0.0952610420063138,0.0008072920027188,0.0056112919992301,,,,,,,,,0.0952610420063138,0.0952601250028237,9.170034900307656e-07,0.1016796260082628,,,,,,,0.0098381249990779,0.0854150000086519,6.999995093792677e-06,,,,,,,,,
200,0.1414213562373095,17,Random Projection,7.341267421946085,0.26,0.0104767466481733,0.0579697920184116,0.0007217919919639,0.0053130830056034,2.0333012798801064e-05,0.000296708982205,8.358398918062449e-05,7.262500002980232e-05,7.03750120010227e-05,5.529099144041538e-05,4.5000051613897085e-06,0.0573639160138554,0.0579697920184116,0.0579673330066725,2.4590117391198874e-06,0.064004667015979,,,,,,,,,,,,,,,,,,
200,0.1414213562373095,17,Random Sampling,9.497778494182116,0.38,0.0548440668804053,0.0483982079895213,0.0007217919919639,0.0028358749987091,,,,,,,,,0.0483982079895213,0.0483940840058494,4.123983671888709e-06,0.0519558749801944,0.0003883750177919,0.0003915420093107,0.0021194579894654,5.166701157577336e-05,8.154197712428868e-05,0.0453615000005811,,,,,,,,,,,,
200,0.1414213562373095,17,Non-random,8.412563331937381,0.1699999999999999,0.0032721877851107,0.0570497910084668,0.0007217919919639,0.0015193749859463,,,,,,,,,0.0570497910084668,0.0570483749906998,1.4160177670419216e-06,0.0592909579863771,,,,,,,0.0069503329868894,0.0500911670096684,6.874994141981006e-06,,,,,,,,,
200,0.1414213562373095,18,Random Projection,7.430140072523193,0.54,0.0157704010926245,0.044703457999276,0.0008332500001415,0.0013609160087071,2.008301089517772e-05,0.0003003749880008,8.541700663045049e-05,6.79589866194874e-05,7.004098733887076e-05,6.616697646677494e-05,4.792003892362118e-06,0.0440864999836776,0.044703457999276,0.0447013339435216,2.124055754393339e-06,0.0468976240081246,,,,,,,,,,,,,,,,,,
200,0.1414213562373095,18,Random Sampling,9.041907848640372,0.4499999999999999,0.0038361093086799,0.0533472079841885,0.0008332500001415,0.0017039579979609,,,,,,,,,0.0533472079841885,0.0533430819632485,4.12602094002068e-06,0.0558844159822911,0.0006644579989369,0.000409166997997,0.0030833749915473,4.449998959898949e-05,6.366599700413644e-05,0.049077915988164,,,,,,,,,,,,
200,0.1414213562373095,18,Non-random,8.647765277298609,0.22,0.0016999455378384,0.0455370419949758,0.0008332500001415,0.0018593330169096,,,,,,,,,0.0455370419949758,0.0455362079956103,8.33999365568161e-07,0.0482296250120271,,,,,,,0.0054247500083874,0.0401043749880045,7.0829992182552814e-06,,,,,,,,,
200,0.1414213562373095,19,Random Projection,6.946304654574432,0.47,0.0133764062992191,0.0656923339993227,0.001427249982953,0.0012618750042747,1.966700074262917e-05,0.000303167005768,8.333299774676561e-05,6.779201794415712e-05,6.970798131078482e-05,5.4791016736999154e-05,4.582980182021856e-06,0.0650868750235531,0.0656923339993227,0.0656899160239845,2.417975338175893e-06,0.0683814589865505,,,,,,,,,,,,,,,,,,
200,0.1414213562373095,19,Random Sampling,9.010579539587194,0.27,0.0102787997645055,0.0298974580073263,0.001427249982953,0.0027485000027809,,,,,,,,,0.0298974580073263,0.0298939999775029,3.4580298233777285e-06,0.0340732079930603,0.0002655409916769,0.0011960839910898,0.0011699580063577,1.966700074262917e-05,3.087500226683915e-05,0.0272118749853689,,,,,,,,,,,,
200,0.1414213562373095,19,Non-random,8.695021936911889,0.14,0.0118154024770408,0.0263084580074064,0.001427249982953,0.0044145419960841,,,,,,,,,0.0263084580074064,0.0263071679801214,1.2900272849947214e-06,0.0321502499864436,,,,,,,0.0051477089873515,0.0211452920048031,1.4166987966746092e-05,,,,,,,,,
200,0.1414213562373095,20,Random Projection,7.234702744084163,0.38,0.0153395517991973,0.0420717079832684,0.0006904999900143,0.0045246669906191,1.983300899155438e-05,0.0003151670098304,8.454199996776879e-05,7.162502151913941e-05,6.966700311750174e-05,5.204102490097284e-05,4.542001988738775e-06,0.0414517080062069,0.0420717079832684,0.042069125076523,2.5829067453742027e-06,0.0472868749639019,,,,,,,,,,,,,,,,,,
200,0.1414213562373095,20,Random Sampling,8.798427664369893,0.41,0.0082017327822633,0.0286008330003824,0.0006904999900143,0.00547808301053,,,,,,,,,0.0286008330003824,0.028596458985703,4.374014679342508e-06,0.0347694160009268,0.0002483330026734,0.0004269169876351,0.0027542920142877,4.2832980398088694e-05,5.9542013332247734e-05,0.0250645419873762,,,,,,,,,,,,
200,0.1414213562373095,20,Non-random,8.44985009794602,0.24,0.008019435798352,0.0512261660187505,0.0006904999900143,0.0014956670056562,,,,,,,,,0.0512261660187505,0.0512248330342117,1.3329845387488604e-06,0.0534123330144211,,,,,,,0.0076428750180639,0.0435751250188332,6.832997314631939e-06,,,,,,,,,
400,0.1,1,Random Projection,7.341483178050593,0.305,0.0118218038316527,0.0855269579915329,0.0073769169976003,0.0095382499857805,2.216699067503214e-05,0.0003326250007376,6.379099795594811e-05,8.150000940077007e-05,0.0001621250121388,3.2082985853776336e-05,2.874992787837982e-06,0.0848280419886577,0.0855269579915329,0.0855252079782076,1.7500133253633976e-06,0.1024421249749139,,,,,,,,,,,,,,,,,,
400,0.1,1,Random Sampling,9.41745447643036,0.235,0.0064896190530409,0.1815499580116011,0.0073769169976003,0.009693125000922,,,,,,,,,0.1815499580116011,0.1815449990099296,4.959001671522856e-06,0.1986200000101234,0.0011787499825004,0.0017032909963745,0.0076910000061616,0.0002517079992685,0.0003951250109821,0.1703251250146422,,,,,,,,,,,,
400,0.1,1,Non-random,10.478053876420567,0.065,0.0029606534566724,0.1118572080158628,0.0073769169976003,0.0167657909914851,,,,,,,,,0.1118572080158628,0.1118557089939713,1.499021891504526e-06,0.1359999160049483,,,,,,,0.0229731250146869,0.0888569999951869,2.5583984097465873e-05,,,,,,,,,
400,0.1,2,Random Projection,8.129707651621027,0.335,0.010802434569679,0.1287644580006599,0.0028751250065397,0.0092799580015707,4.237500252202153e-05,0.0013335410039871,0.0002041670086327,0.000157250004122,0.0001932079903781,0.0001142080000136,8.000002708286047e-06,0.1267083749989979,0.1287644580006599,0.1287611240113619,3.3339892979711294e-06,0.1409195410087704,,,,,,,,,,,,,,,,,,
400,0.1,2,Random Sampling,9.467370308312995,0.195,0.0077488489499478,0.1526247079891618,0.0028751250065397,0.0108940830104984,,,,,,,,,0.1526247079891618,0.1526199580694083,4.749919753521681e-06,0.1663939160062,0.0008561670256312,0.0052110830147285,0.0085118749993853,0.0001380409812554,0.0004123750259168,0.1374904170224908,,,,,,,,,,,,
400,0.1,2,Non-random,10.593953686857828,0.1149999999999999,0.0030363231227683,0.1038398749951738,0.0028751250065397,0.0109270829998422,,,,,,,,,0.1038398749951738,0.103838832990732,1.0420044418424368e-06,0.1176420830015558,,,,,,,0.0277864579984452,0.0760254579945467,2.691699774004519e-05,,,,,,,,,
400,0.1,3,Random Projection,8.037796710314819,0.45,0.01151111600866,0.0587305839871987,0.0021215410088188,0.0118557079986203,2.104201121255755e-05,0.0003381670103408,6.500000017695129e-05,7.608399027958512e-05,0.0001571669999975,3.4374999813735485e-05,2.9999937396496534e-06,0.0580334580154158,0.0587305839871987,0.0587282930209767,2.290966222062707e-06,0.072707832994638,,,,,,,,,,,,,,,,,,
400,0.1,3,Random Sampling,9.906676091457456,0.19,0.0048149166122461,0.1540826669952366,0.0021215410088188,0.0176975409849546,,,,,,,,,0.1540826669952366,0.1540786249970551,4.04199818149209e-06,0.1739017489890102,0.0010872499842662,0.0014848750142846,0.0081420000060461,0.0001386670046485,0.0003042079915758,0.1429216249962337,,,,,,,,,,,,
400,0.1,3,Non-random,10.514203648883935,0.095,0.0026166995397764,0.0794958749902434,0.0021215410088188,0.010503667028388,,,,,,,,,0.0794958749902434,0.0794949589762836,9.160139597952366e-07,0.0921210830274503,,,,,,,0.0188045839895494,0.0606086250045336,8.174998220056295e-05,,,,,,,,,
400,0.1,4,Random Projection,7.755547716720161,0.2,0.007372066053945,0.1342266660067252,0.0026364169898442,0.0154483329970389,3.91670037060976e-05,0.0003991249832324,0.000136457994813,0.0001055000175256,0.0001908749982248,6.562497583217919e-05,6.542017217725515e-06,0.1332803329860326,0.1342266660067252,0.1342236249765847,3.041030140593648e-06,0.1523114159936085,,,,,,,,,,,,,,,,,,
400,0.1,4,Random Sampling,10.182982926129608,0.225,0.005699719827709,0.0487469169893302,0.0026364169898442,0.0105702079890761,,,,,,,,,0.0487469169893302,0.0487426669860724,4.250003257766366e-06,0.0619535419682506,0.0007744579925201,0.0015057499986141,0.0020646250050049,0.0001372499973513,0.0002274170110467,0.044033166981535,,,,,,,,,,,,
400,0.1,4,Non-random,10.38460572288066,0.11,0.0011918492887351,0.162383624992799,0.0026364169898442,0.013921541016316,,,,,,,,,0.162383624992799,0.1623827090370468,9.159557521343232e-07,0.1789415829989593,,,,,,,0.02282016701065,0.1395316250273026,3.091699909418821e-05,,,,,,,,,
400,0.1,5,Random Projection,7.109887673252988,0.32,0.011548399064111,0.1252071670023724,0.0026754169957712,0.0095343329885508,6.316701183095574e-05,0.000433624983998,6.125000072643161e-05,7.991702295839787e-05,0.002668667002581,0.0001082500093616,9.833020158112047e-06,0.1217793749819975,0.1252071670023724,0.1252040840336121,3.0829687602818012e-06,0.1374169169866945,,,,,,,,,,,,,,,,,,
400,0.1,5,Random Sampling,9.935788651477544,0.225,0.0072075862170748,0.18130641701282,0.0026754169957712,0.0160228750028181,,,,,,,,,0.18130641701282,0.1813005819858517,5.83502696827054e-06,0.2000047090114094,0.0009205829992424,0.0015034999814815,0.0105917500040959,0.0002434579946566,0.0013522079971153,0.1666890830092597,,,,,,,,,,,,
400,0.1,5,Non-random,10.43749807701904,0.07,0.00359477124183,0.2070638749864883,0.0026754169957712,0.0170547919988166,,,,,,,,,0.2070638749864883,0.2070622910105157,1.5839759726077318e-06,0.2267940839810762,,,,,,,0.0324622080079279,0.1745135830133222,8.6499989265576e-05,,,,,,,,,
400,0.1,6,Random Projection,7.383858596219324,0.15,0.0075421381459392,0.1480068749806378,0.0031738330144435,0.0132441669993568,3.9790989831089973e-05,0.0047574159980285,0.0002714589936658,0.0001395420113112,0.0002157500130124,7.562499376945198e-05,6.66698906570673e-06,0.1424964999896474,0.1480068749806378,0.1480027499783318,4.125002305954695e-06,0.1644248749944381,,,,,,,,,,,,,,,,,,
400,0.1,6,Random Sampling,10.1512442888139,0.215,0.0049471088550535,0.1781665000016801,0.0031738330144435,0.0147533329727593,,,,,,,,,0.1781665000016801,0.1781616660009604,4.8340007197111845e-06,0.196093665988883,0.0008717500022612,0.0016188330191653,0.0043712499900721,0.0001356249849777,0.0004151250177528,0.170749082986731,,,,,,,,,,,,
400,0.1,6,Non-random,10.442707811433522,0.065,0.0014197737638176,0.1766180830018129,0.0031738330144435,0.0137678330065682,,,,,,,,,0.1766180830018129,0.1766167089808732,1.3740209396928549e-06,0.1935597490228247,,,,,,,0.0262267089856322,0.1503047079895623,8.529200567863882e-05,,,,,,,,,
400,0.1,7,Random Projection,7.191807914974809,0.16,0.0066752177164623,0.1310427090211305,0.0028301659913267,0.0110907499911263,2.1832995116710663e-05,0.0003584999940358,7.091599400155246e-05,9.050001972354949e-05,0.004523000010522,0.0001039170019794,9.87498788163066e-06,0.1258612909878138,0.1310427090211305,0.1310398319910746,2.8770300559699535e-06,0.1449636250035837,,,,,,,,,,,,,,,,,,
400,0.1,7,Random Sampling,9.908113181010012,0.205,0.0019207372538853,0.1193880419887136,0.0028301659913267,0.0304458750179037,,,,,,,,,0.1193880419887136,0.1193831239652354,4.918023478239775e-06,0.1526640829979442,0.0009086249920073,0.0018812079797498,0.009494750003796,0.0002472079941071,0.000348166009644,0.1065031669859308,,,,,,,,,,,,
400,0.1,7,Non-random,10.602676888185805,0.1,0.0012348006409652,0.1625163749849889,0.0028301659913267,0.0370946660113986,,,,,,,,,0.1625163749849889,0.1625148330058436,1.541979145258665e-06,0.2024412069877144,,,,,,,0.0293385420227423,0.1331211659999098,5.512498319149017e-05,,,,,,,,,
400,0.1,8,Random Projection,7.515704650079573,0.3249999999999999,0.0106315765774955,0.0607201670063659,0.0026791669952217,0.0065947920083999,3.8749974919483066e-05,0.0076878749823663,0.0008371250005438,0.0009690409933682,0.002674458984984,0.0001023749937303,9.167008101940157e-06,0.0483956249954644,0.0607201670063659,0.0607144169334787,5.7500728871673346e-06,0.0699941260099876,,,,,,,,,,,,,,,,,,
400,0.1,8,Random Sampling,9.69615119415732,0.185,0.0029133692617657,0.0842862499994225,0.0026791669952217,0.0122795409988611,,,,,,,,,0.0842862499994225,0.0842823350103572,3.914989065378904e-06,0.0992449579935055,0.000919584010262,0.0015042919840198,0.003167916991515,7.116698543541133e-05,0.0001173750206362,0.0785020000184886,,,,,,,,,,,,
400,0.1,8,Non-random,10.625988047027445,0.115,0.0016234317746123,0.102478874992812,0.0026791669952217,0.0333309170091524,,,,,,,,,0.102478874992812,0.1024778749851975,1.00000761449337e-06,0.1384889589971862,,,,,,,0.0420912499830592,0.0603604580101091,2.616699202917516e-05,,,,,,,,,
400,0.1,9,Random Projection,7.831610065921519,0.39,0.0110027344521375,0.0699169169820379,0.0067300829978194,0.0176917090138886,2.433298504911363e-05,0.0019689580076374,0.0003047499922104,0.0002547919866628,0.0002233750128652,8.087500464171171e-05,6.833026418462396e-06,0.0670496659877244,0.0699169169820379,0.0699135820032097,3.3349788282066584e-06,0.0943387089937459,,,,,,,,,,,,,,,,,,
400,0.1,9,Random Sampling,10.062466990313911,0.31,0.0111478780793529,0.0660148750175722,0.0067300829978194,0.0216140419943258,,,,,,,,,0.0660148750175722,0.066009790985845,5.084031727164984e-06,0.0943590000097174,0.0009955419809557,0.0015223330119624,0.0080021669855341,8.866601274348795e-05,0.0001860409975051,0.055215041997144,,,,,,,,,,,,
400,0.1,9,Non-random,10.4554265722111,0.12,0.00275,0.1686903749941848,0.0067300829978194,0.0392151249980088,,,,,,,,,0.1686903749941848,0.1686889579868875,1.4170072972774506e-06,0.214635582990013,,,,,,,0.1285730829986278,0.0400218330032657,9.404198499396443e-05,,,,,,,,,
400,0.1,10,Random Projection,7.829647478005174,0.215,0.0099332966438245,0.0650758749980013,0.0030532499949913,0.0611854169983416,4.025001544505358e-05,0.0120767090120352,0.0001608329766895,8.650001836940646e-05,0.0001847499806899,4.445802187547088e-05,3.374996595084667e-06,0.0524750829790718,0.0650758749980013,0.0650719580007717,3.916997229680419e-06,0.1293145419913344,,,,,,,,,,,,,,,,,,
400,0.1,10,Random Sampling,10.553491517655589,0.35,0.0103981107885347,0.1081838750105816,0.0030532499949913,0.0529199999873526,,,,,,,,,0.1081838750105816,0.1081793339981231,4.541012458503246e-06,0.1641571249929256,0.0009462089801672,0.0014915000065229,0.0072074579948093,0.000244124996243,0.0003146670060232,0.0979753750143572,,,,,,,,,,,,
400,0.1,10,Non-random,10.342404437596484,0.115,0.0033706229221771,0.1630590000131633,0.0030532499949913,0.0389458330173511,,,,,,,,,0.1630590000131633,0.1630575420276727,1.4579854905605316e-06,0.2050580830255057,,,,,,,0.0830858330009505,0.0798882920062169,8.34170205052942e-05,,,,,,,,,
400,0.1,11,Random Projection,7.42974144326663,0.245,0.0062660173870857,0.0454259160032961,0.0041099590016528,0.0270888340019155,2.3457978386431932e-05,0.0055036249978002,0.0002929169859271,0.0001412080018781,0.0002263750066049,7.566699059680104e-05,6.958987796679139e-06,0.0391513340000528,0.0454259160032961,0.0454215429490432,4.373054252937436e-06,0.0766247090068645,,,,,,,,,,,,,,,,,,
400,0.1,11,Random Sampling,10.266256217569293,0.225,0.0027402555757802,0.0522104590199887,0.0041099590016528,0.0067607090168166,,,,,,,,,0.0522104590199887,0.0522067080019041,3.7510180845856662e-06,0.0630811270384583,0.000586915994063,0.0008016659994609,0.0042518749833106,0.0001395840081386,0.0003610420098993,0.0460656250070314,,,,,,,,,,,,
400,0.1,11,Non-random,10.561573707312997,0.1,0.0025093710953769,0.1281165420077741,0.0041099590016528,0.0174861249979585,,,,,,,,,0.1281165420077741,0.128111916972557,4.6250352170318365e-06,0.1497126260073855,,,,,,,0.0203784999903291,0.1076849999953992,4.8416986828669906e-05,,,,,,,,,
400,0.1,12,Random Projection,7.384645320732119,0.285,0.0081085861691564,0.1939504999900236,0.002899624989368,0.0156257080088835,2.1249987185001373e-05,0.0013282079889904,6.487499922513962e-05,7.837498560547829e-05,0.0001667080214247,3.291599568910897e-05,2.9579969123005867e-06,0.192253665998578,0.1939504999900236,0.1939489559736102,1.5440164133906364e-06,0.2124758329882752,,,,,,,,,,,,,,,,,,
400,0.1,12,Random Sampling,10.782558815343702,0.25,0.0028721758049796,0.0862501249939668,0.002899624989368,0.0149041659897193,,,,,,,,,0.0862501249939668,0.0862461249926127,4.0000013541430235e-06,0.1040539159730542,0.001074708008673,0.0015044579922687,0.0035487919813022,0.0002587090129964,0.0001227080065291,0.0797367499908432,,,,,,,,,,,,
400,0.1,12,Non-random,10.519052872248029,0.11,0.0017327724358974,0.0981644999992568,0.002899624989368,0.0171642079949378,,,,,,,,,0.0981644999992568,0.0981629579910077,1.5420082490891218e-06,0.1182283329835627,,,,,,,0.0483920419937931,0.04968470800668,8.62079905346036e-05,,,,,,,,,
400,0.1,13,Random Projection,8.374266528542188,0.105,0.0025831914265642,0.2780070419830736,0.0034645000123418,0.0095678750076331,0.0032611249771434,0.0054498339886777,8.170801447704434e-05,8.233299013227224e-05,0.0001729580108076,3.724999260157347e-05,2.9579969123005867e-06,0.268914708023658,0.2780070419830736,0.27800287399441,4.1679886635392904e-06,0.2910394170030486,,,,,,,,,,,,,,,,,,
400,0.1,13,Random Sampling,10.275390112357414,0.2,0.0024360370835887,0.1412551660032477,0.0034645000123418,0.0140148330247029,,,,,,,,,0.1412551660032477,0.1412497929995879,5.373003659769893e-06,0.1587344990402925,0.0013482499925885,0.0015343749837484,0.0065072500146925,0.0001419170002918,0.000334209005814,0.1313837920024525,,,,,,,,,,,,
400,0.1,13,Non-random,10.368914981928624,0.09,0.0017642682537995,0.1174945829843636,0.0034645000123418,0.041331332991831,,,,,,,,,0.1174945829843636,0.1174933750007767,1.207983586937189e-06,0.1622904159885365,,,,,,,0.0363731249817647,0.0810342080076225,8.604201138950884e-05,,,,,,,,,
400,0.1,14,Random Projection,8.246249173974059,0.245,0.0101410067455919,0.1966183749900665,0.0031997920013964,0.0154767910134978,4.341697786003351e-05,0.0026792919961735,0.0001745829940773,0.0017657499993219,0.0002958750119432,4.499999340623617e-05,3.2919924706220627e-06,0.1916074169857893,0.1966183749900665,0.1966146259510424,3.7490390241146088e-06,0.2152949580049608,,,,,,,,,,,,,,,,,,
400,0.1,14,Random Sampling,10.946426778584383,0.28,0.0033815957920281,0.0849272089835722,0.0031997920013964,0.0161382920050527,,,,,,,,,0.0849272089835722,0.0849145830143243,1.26259692478925e-05,0.1042652929900214,0.0010037919855676,0.0015371250046882,0.0074415830022189,0.0003967500233557,0.0032955830101855,0.0712397499883081,,,,,,,,,,,,
400,0.1,14,Non-random,10.619676904585807,0.12,0.0016401168818927,0.1740103749907575,0.0031997920013964,0.0242415420070756,,,,,,,,,0.1740103749907575,0.1740080830059014,2.2919848561286926e-06,0.2014517089992296,,,,,,,0.0240799580060411,0.1499017500027548,2.637499710544944e-05,,,,,,,,,
400,0.1,15,Random Projection,7.81880557808248,0.25,0.0092935095933207,0.095261374983238,0.0122012920037377,0.0152637080173008,2.554198727011681e-05,0.0051493750070221,0.0001557909999974,0.0001977919891942,0.0002209169906564,0.0001835000002756,1.2457981938496232e-05,0.0893115829967428,0.095261374983238,0.0952569579530973,4.417030140757561e-06,0.1227263750042766,,,,,,,,,,,,,,,,,,
400,0.1,15,Random Sampling,10.476856403266751,0.235,0.0011595019498341,0.162134790996788,0.0122012920037377,0.0279675000056158,,,,,,,,,0.162134790996788,0.1621290849871002,5.70600968785584e-06,0.2023035830061417,0.0010069170093629,0.0014637499989476,0.0096894589951261,0.0001416669983882,0.0002442499971948,0.1495830419880803,,,,,,,,,,,,
400,0.1,15,Non-random,10.421569461700376,0.1,0.0037389465590157,0.3024232919851783,0.0122012920037377,0.0306438750121742,,,,,,,,,0.3024232919851783,0.3024219590006396,1.3329845387488604e-06,0.3452684590010904,,,,,,,0.0310871670080814,0.2712423750199377,9.241697262041272e-05,,,,,,,,,
400,0.1,16,Random Projection,7.554318838677145,0.315,0.0117932069247144,0.115578832977917,0.0118638749991077,0.0261594589974265,2.1917017875239253e-05,0.000407332991017,7.449998520314693e-05,7.820798782631755e-05,0.0001612500054761,3.520800964906812e-05,3.2079988159239292e-06,0.1147954580083023,0.115578832977917,0.1155770820041652,1.7509737517684698e-06,0.1536021669744514,,,,,,,,,,,,,,,,,,
400,0.1,16,Random Sampling,10.289379290547982,0.325,0.0056423522712369,0.0974535419954918,0.0118638749991077,0.0182078749930951,,,,,,,,,0.0974535419954918,0.0974489169893786,4.62500611320138e-06,0.1275252919876948,0.0009851669892668,0.0080081250052899,0.0105958339991047,0.000253625010373,0.0003789159818552,0.0772272500034887,,,,,,,,,,,,
400,0.1,16,Non-random,10.511654350272662,0.125,0.0056175737292513,0.1012747090135235,0.0118638749991077,0.0209279590053483,,,,,,,,,0.1012747090135235,0.1012731660157442,1.5429977793246508e-06,0.1340665430179797,,,,,,,0.0589305000030435,0.0422599579906091,8.270802209153771e-05,,,,,,,,,
400,0.1,17,Random Projection,9.131863162309925,0.295,0.008245407083442,0.10119141699397,0.0041347500227857,0.0145568749867379,3.920798189938069e-05,0.0043023329926654,0.0001696250110398,0.0066266669891774,0.0002083749859593,6.154100992716849e-05,3.374996595084667e-06,0.0897753750032279,0.10119141699397,0.1011864989704918,4.918023478239775e-06,0.1198830420034937,,,,,,,,,,,,,,,,,,
400,0.1,17,Random Sampling,9.859581030522945,0.2249999999999999,0.0061625004742561,0.1842593750043306,0.0041347500227857,0.0081673749955371,,,,,,,,,0.1842593750043306,0.1842549999419134,4.375062417238951e-06,0.1965615000226535,0.0009509999945294,0.0016769589856266,0.0026580840058159,9.287497960031033e-05,0.0001250409986823,0.1787510409776587,,,,,,,,,,,,
400,0.1,17,Non-random,10.645307377137684,0.1,0.0045429362880886,0.2011626670137047,0.0041347500227857,0.0123431250103749,,,,,,,,,0.2011626670137047,0.2011609989858698,1.6680278349667788e-06,0.2176405420468654,,,,,,,0.0355895000102464,0.1654814159846864,9.008299093693496e-05,,,,,,,,,
400,0.1,18,Random Projection,8.308616170994673,0.155,0.0035406056277488,0.1990549999754876,0.0026750419929157,0.0192709999973885,2.2374995751306415e-05,0.0017428749997634,0.0001336669956799,0.0001202920102514,0.000131999986479,6.69160217512399e-05,6.500020390376449e-06,0.1968272090016398,0.1990549999754876,0.1990518340317066,3.165943780913949e-06,0.2210010419657919,,,,,,,,,,,,,,,,,,
400,0.1,18,Random Sampling,10.441627365154138,0.22,0.0027301405247617,0.068354166985955,0.0026750419929157,0.0202297090145293,,,,,,,,,0.068354166985955,0.0683472920209169,6.874965038150549e-06,0.0912589179934002,0.0011552500072866,0.0027067499759141,0.0052736250218003,9.129202226176858e-05,0.0001987499999813,0.0589216249936725,,,,,,,,,,,,
400,0.1,18,Non-random,10.574350000171384,0.06,0.0027956330986634,0.0709156670200172,0.0026750419929157,0.0310936250025406,,,,,,,,,0.0709156670200172,0.0709140839753672,1.5830446500331163e-06,0.1046843340154737,,,,,,,0.0346464999893214,0.036237958993297,2.962499274872243e-05,,,,,,,,,
400,0.1,19,Random Projection,8.29980518214379,0.255,0.0082789171154689,0.0510737909935414,0.0015669999993406,0.0261117499903775,2.108400803990662e-05,0.0009409170015715,7.383298361673951e-05,7.18749943189323e-05,0.0001770830131135,3.512500552460551e-05,2.9999937396496534e-06,0.0497491669957526,0.0510737909935414,0.0510720839956775,1.7069978639483452e-06,0.0787525409832596,,,,,,,,,,,,,,,,,,
400,0.1,19,Random Sampling,10.208889060446264,0.215,0.011639117316941,0.0639393330202438,0.0015669999993406,0.0234129590098746,,,,,,,,,0.0639393330202438,0.0639352480066008,4.085013642907143e-06,0.088919292029459,0.0010805829952005,0.0021034580131527,0.0090622499992605,0.0001390829856973,0.0003294160123914,0.0512204580008983,,,,,,,,,,,,
400,0.1,19,Non-random,10.429309578428237,0.155,0.0050692809823097,0.2671558329893742,0.0015669999993406,0.0508572079997975,,,,,,,,,0.2671558329893742,0.2671543750329874,1.4579563867300749e-06,0.3195800409885123,,,,,,,0.0442567090212833,0.2228690000192728,2.86659924313426e-05,,,,,,,,,
400,0.1,20,Random Projection,7.313961205540185,0.16,0.0051522494851735,0.1362127909960691,0.0027871659840457,0.0113067909842357,2.4999986635521058e-05,0.0004372500116005,8.174998220056295e-05,8.158301352523267e-05,0.0001674160012044,3.9416016079485416e-05,3.4580007195472717e-06,0.1353746669774409,0.1362127909960691,0.1362105399894062,2.2510066628456116e-06,0.1503067479643505,,,,,,,,,,,,,,,,,,
400,0.1,20,Random Sampling,10.453680743550269,0.215,0.0025677426284246,0.1539572920009959,0.0027871659840457,0.0187700829992536,,,,,,,,,0.1539572920009959,0.1539537910139188,3.5009870771318674e-06,0.1755145409842953,0.0011603330203797,0.0036192089901305,0.0060608749918174,7.591699250042439e-05,0.0001897909969557,0.1428476660221349,,,,,,,,,,,,
400,0.1,20,Non-random,10.424449327354733,0.11,0.0022956743543415,0.2002320830069948,0.0027871659840457,0.0212390000233426,,,,,,,,,0.2002320830069948,0.2002310840180143,9.989889804273844e-07,0.2242582490143831,,,,,,,0.0496226249961182,0.150528750004014,7.970901788212359e-05,,,,,,,,,
600,0.0816496580927726,1,Random Projection,7.766725263093969,0.1699999999999999,0.0062391270810442,0.139540540985763,0.0088952499791048,0.0232445000146981,3.62499849870801e-05,0.0008334169979207,8.537500980310142e-05,0.0001532919995952,0.0003068749792873,4.5208988012745976e-05,4.041008651256561e-06,0.1380735000129789,0.139540540985763,0.1395379589812364,2.582004526630044e-06,0.171680290979566,,,,,,,,,,,,,,,,,,
600,0.0816496580927726,1,Random Sampling,10.469193043098988,0.1433333333333333,0.0018503698160074,0.1351704999979119,0.0088952499791048,0.0953415000112727,,,,,,,,,0.1351704999979119,0.135164082981646,6.417016265913844e-06,0.2394072499882895,0.0019117500050924,0.0027264999807812,0.0174369169981218,0.0063270409882534,0.0007049580162856,0.1060569169931113,,,,,,,,,,,,
600,0.0816496580927726,1,Non-random,11.85527655138178,0.0433333333333333,0.0006350997545644,0.2217206250061281,0.0088952499791048,0.0602118340029846,,,,,,,,,0.2217206250061281,0.221719500987092,1.1240190360695124e-06,0.2908277089882176,,,,,,,0.0985662089951802,0.1229757920082192,0.0001774999836925,,,,,,,,,
600,0.0816496580927726,2,Random Projection,8.620794483134567,0.3066666666666667,0.0113739987656044,0.0931426660099532,0.0090528329892549,0.0425213330017868,3.5833014408126473e-05,0.0061182919889688,0.0001957080094143,0.0004159999953117,0.001366834010696,6.254200707189739e-05,5.041016265749931e-06,0.0849376659898553,0.0931426660099532,0.093137916031992,4.749977961182594e-06,0.144716832000995,,,,,,,,,,,,,,,,,,
600,0.0816496580927726,2,Random Sampling,10.843134445195544,0.1833333333333333,0.0028468607948011,0.0775302499823737,0.0090528329892549,0.0469457079889252,,,,,,,,,0.0775302499823737,0.0775241249939426,6.124988431110978e-06,0.133528790960554,0.0032456670014653,0.0033824580023065,0.0089812079968396,0.0003222500090487,0.0006637919868808,0.0609287499974016,,,,,,,,,,,,
600,0.0816496580927726,2,Non-random,11.72703982937293,0.0833333333333333,0.0010121977483657,0.2155241659784224,0.0090528329892549,0.3617172500235028,,,,,,,,,0.2155241659784224,0.215522458020132,1.7079582903534174e-06,0.5862942489911802,,,,,,,0.0771460420219227,0.138199082983192,0.0001773330150172,,,,,,,,,
600,0.0816496580927726,3,Random Projection,7.714885800891045,0.1699999999999999,0.0062022966580414,0.2927573340130038,0.0126847089850343,0.3817440419807099,0.0005149159987922,0.0120606670097913,0.0002149999781977,0.005857250012923,0.0022286660096142,0.0001143340195994,1.2500007869675756e-05,0.2717493330128491,0.2927573340130038,0.2927526660496369,4.667963366955519e-06,0.6871860849787481,,,,,,,,,,,,,,,,,,
600,0.0816496580927726,3,Random Sampling,10.558306737684596,0.12,0.0014057750423799,0.1427367920114193,0.0126847089850343,0.5834661669796333,,,,,,,,,0.1427367920114193,0.1427312080340925,5.583977326750755e-06,0.738887667976087,0.0035661669971887,0.0066729170212056,0.0103944580187089,0.0004726249899249,0.0008162079902831,0.1208088330167811,,,,,,,,,,,,
600,0.0816496580927726,3,Non-random,11.848973091740913,0.0366666666666666,0.0008986142026797,0.2777179999975487,0.0126847089850343,0.9577581659832504,,,,,,,,,0.2777179999975487,0.2777159999823197,2.00001522898674e-06,1.2481608749658335,,,,,,,0.162238624994643,0.1152875830011908,0.0001897919864859,,,,,,,,,
600,0.0816496580927726,4,Random Projection,7.74897476698853,0.1766666666666666,0.0071902083785432,0.125793999992311,0.0312489579955581,0.6013370839937124,6.812499486841261e-05,0.0159066660271491,0.0021329999726731,0.0056304589961655,0.0023516250075772,0.0001102499954868,1.200000406242907e-05,0.0995764170074835,0.125793999992311,0.1257885420054663,5.457986844703555e-06,0.7583800419815816,,,,,,,,,,,,,,,,,,
600,0.0816496580927726,4,Random Sampling,10.797176890437289,0.1666666666666666,0.0018027783371732,0.1350639580050483,0.0312489579955581,0.0411969170090742,,,,,,,,,0.1350639580050483,0.1350573770469054,6.580958142876625e-06,0.2075098330096807,0.0015057499986141,0.0026653340028133,0.0115474170015659,0.0006850000063423,0.0007025420200079,0.1179513340175617,,,,,,,,,,,,
600,0.0816496580927726,4,Non-random,11.82711097705961,0.0966666666666666,0.0026884125720901,0.1556855830131098,0.0312489579955581,0.0297271249874029,,,,,,,,,0.1556855830131098,0.1556835839874111,1.999025698751211e-06,0.2166616659960709,,,,,,,0.0795420839858707,0.0759457499952986,0.0001957500062417,,,,,,,,,
600,0.0816496580927726,5,Random Projection,8.344606639550667,0.1766666666666666,0.0112440550528752,0.1366836669913027,0.0095198749913834,0.0347918750194367,6.512500112876296e-05,0.0036794999905396,0.00062316597905,0.002951208007289,0.0003741669934242,0.0001291249936912,9.87498788163066e-06,0.1288452080043498,0.1366836669913027,0.1366773739573545,6.2930339481681585e-06,0.1809954170021228,,,,,,,,,,,,,,,,,,
600,0.0816496580927726,5,Random Sampling,10.567575283881752,0.1433333333333333,0.0056091842499575,0.1111859590164385,0.0095198749913834,0.0433471249998547,,,,,,,,,0.1111859590164385,0.111181749991374,4.209025064483285e-06,0.1640529590076767,0.0017756249872036,0.0016715000092517,0.0135648330033291,0.0005099579866509,0.0010100420040544,0.0926497920008841,,,,,,,,,,,,
600,0.0816496580927726,5,Non-random,11.61324402634975,0.0633333333333333,0.0055109192202116,0.1760857919871341,0.0095198749913834,0.0508700410136953,,,,,,,,,0.1760857919871341,0.1760837489855475,2.043001586571336e-06,0.2364757079922128,,,,,,,0.0699949580011889,0.105900249996921,0.0001885409874375,,,,,,,,,
600,0.0816496580927726,6,Random Projection,10.808884520021774,0.6866666666666666,0.0143002714789304,0.1441853329888545,0.015926041000057,0.0304873329878319,3.583298530429602e-05,0.0016308329941239,9.933300316333772e-05,0.0001499160134699,0.0033963749883696,4.07080224249512e-05,3.875000402331352e-06,0.1388259999803267,0.1441853329888545,0.1441828729875851,2.4600012693554163e-06,0.1905987069767434,,,,,,,,,,,,,,,,,,
600,0.0816496580927726,6,Random Sampling,10.885533864123593,0.1866666666666666,0.0015259071602461,0.2346192919940222,0.015926041000057,0.0328023750043939,,,,,,,,,0.2346192919940222,0.2346154980186838,3.7939753383398056e-06,0.2833477079984732,0.0019926250097341,0.0053719999850727,0.0116838329995516,0.0029232910019345,0.0004473330045584,0.2121964160178322,,,,,,,,,,,,
600,0.0816496580927726,6,Non-random,11.67914218888956,0.0466666666666666,0.002494102537217,0.1582909999997355,0.015926041000057,0.0424806249793618,,,,,,,,,0.1582909999997355,0.1582899160275701,1.0839721653610468e-06,0.2166976659791544,,,,,,,0.1067020829941611,0.0514180000172928,0.0001698330161161,,,,,,,,,
600,0.0816496580927726,7,Random Projection,8.190966624287906,0.2166666666666666,0.0101082607848252,0.0869913329952396,0.0069905420241411,0.0374815000104717,6.975000724196434e-05,0.0044803339987993,0.0002282920177094,0.0001452500000596,0.0091894159850198,0.0001213750219903,1.229200279340148e-05,0.0727396250003948,0.0869913329952396,0.0869863340340089,4.998961230739951e-06,0.1314633750298526,,,,,,,,,,,,,,,,,,
600,0.0816496580927726,7,Random Sampling,10.620260604709554,0.15,0.004257043037046,0.090447958005825,0.0069905420241411,0.0514862909913063,,,,,,,,,0.090447958005825,0.0904435849806759,4.373025149106979e-06,0.1489247910212725,0.0020237920107319,0.0079209589748643,0.0139648749900516,0.0004164589918218,0.0005201250023674,0.0655973750108387,,,,,,,,,,,,
600,0.0816496580927726,7,Non-random,11.560688088956024,0.06,0.0017537163654052,0.1495935409911908,0.0069905420241411,0.0380887500068638,,,,,,,,,0.1495935409911908,0.1495923749753274,1.166015863418579e-06,0.1946728330221958,,,,,,,0.0671891660022083,0.0822103339887689,0.00019287498435,,,,,,,,,
600,0.0816496580927726,8,Random Projection,7.919862602996487,0.1699999999999999,0.0070464786088096,0.1580487500177696,0.0066280830069445,0.0675572080072015,5.945900920778513e-05,0.0014402080269064,0.0001922920055221,0.0008637919963803,0.0013180829992052,9.216699982061982e-05,9.624985978007317e-06,0.1540685830113943,0.1580487500177696,0.1580442090344149,4.5409833546727896e-06,0.2322340410319157,,,,,,,,,,,,,,,,,,
600,0.0816496580927726,8,Random Sampling,11.08187388217775,0.1833333333333333,0.0053192650095034,0.1032632080023177,0.0066280830069445,0.0466488749952986,,,,,,,,,0.1032632080023177,0.1032598750025499,3.3329997677356005e-06,0.1565401660045609,0.0017828340060077,0.0037195410113781,0.0082488750049378,0.0006805409793742,0.0005357500049285,0.0882923339959234,,,,,,,,,,,,
600,0.0816496580927726,8,Non-random,11.773911070685417,0.0466666666666666,0.0008563860044733,0.1685302080004476,0.0066280830069445,0.0454856249853037,,,,,,,,,0.1685302080004476,0.1685287909931503,1.4170072972774506e-06,0.2206439159926958,,,,,,,0.0890902079991065,0.0792532909836154,0.0001852920104283,,,,,,,,,
600,0.0816496580927726,9,Random Projection,7.952850248855345,0.1566666666666666,0.0047897333106503,0.0414415840059518,0.0068166659912094,0.0384771660028491,6.225000834092498e-05,0.0018373329949099,0.0001976659987121,0.0002917910169344,0.0003133749996777,8.77909769769758e-05,9.000010322779417e-06,0.0386377499962691,0.0414415840059518,0.0414369560021441,4.628003807738423e-06,0.0867354160000104,,,,,,,,,,,,,,,,,,
600,0.0816496580927726,9,Random Sampling,10.599856781299067,0.1433333333333333,0.0007796468665899,0.0804123750131111,0.0068166659912094,0.0376246670202817,,,,,,,,,0.0804123750131111,0.080407000001287,5.375011824071407e-06,0.1248537080246023,0.0022986669791862,0.0033712919976096,0.011366666003596,0.0005795829929411,0.0008629170188214,0.0619278750091325,,,,,,,,,,,,
600,0.0816496580927726,9,Non-random,11.595501342542976,0.0433333333333333,0.0016380008819592,0.3852386669896077,0.0068166659912094,0.0410703329835087,,,,,,,,,0.3852386669896077,0.3852366259670816,2.041022526100278e-06,0.4331256659643259,,,,,,,0.1169839999929536,0.2680202089832164,0.0002324169909115,,,,,,,,,
600,0.0816496580927726,10,Random Projection,7.748380599087497,0.12,0.0069125358918888,0.1488550000067334,0.0090007079998031,0.0402248339960351,3.4374999813735485e-05,0.0053376669820863,9.904199396260084e-05,0.0001382089976686,0.0013851660187356,0.0001093750179279,1.0541989468038082e-05,0.1417367499961983,0.1488550000067334,0.1488511259958613,3.874010872095823e-06,0.1980805420025717,,,,,,,,,,,,,,,,,,
600,0.0816496580927726,10,Random Sampling,10.898274490447202,0.15,0.0024963985213315,0.2749375420098658,0.0090007079998031,0.040740917000221,,,,,,,,,0.2749375420098658,0.2749344590702094,3.0829396564513445e-06,0.3246791670098901,0.0075075839995406,0.0022896250011399,0.0061825000157114,0.0004432500281836,0.0004305000184103,0.2580810000072233,,,,,,,,,,,,
600,0.0816496580927726,10,Non-random,11.76625782408128,0.0466666666666666,0.002835922400785,0.290606792026665,0.0090007079998031,0.0372327910154126,,,,,,,,,0.290606792026665,0.2906055000494234,1.2919772416353226e-06,0.3368402910418808,,,,,,,0.0657915830088313,0.2246270830219146,0.0001868340186774,,,,,,,,,
600,0.0816496580927726,11,Random Projection,9.09861962840032,0.3033333333333333,0.0119162185475359,0.1420302080223336,0.0107208749977871,0.0395586250233463,6.354201468639076e-05,0.0043223750253673,0.0016806250205263,0.0049462080060038,0.0019124170066788,0.0001051670114975,1.1416006600484252e-05,0.1289827919972594,0.1420302080223336,0.1420245420886203,5.665933713316917e-06,0.1923097080434672,,,,,,,,,,,,,,,,,,
600,0.0816496580927726,11,Random Sampling,10.80450463787848,0.1699999999999999,0.0038375118848621,0.1485166670172475,0.0107208749977871,0.0775576250161975,,,,,,,,,0.1485166670172475,0.1485104580060579,6.209011189639568e-06,0.2367951670312322,0.001961834001122,0.0017347919929306,0.0050632080237846,0.0005214999837335,0.0008439160010311,0.1383852080034557,,,,,,,,,,,,
600,0.0816496580927726,11,Non-random,11.567399936071336,0.0766666666666666,0.0027101320389762,0.1553714589972514,0.0107208749977871,0.0347795000125188,,,,,,,,,0.1553714589972514,0.1553700420481618,1.416949089616537e-06,0.2008718340075574,,,,,,,0.0774627920181956,0.0777190420194529,0.0001882080105133,,,,,,,,,
600,0.0816496580927726,12,Random Projection,7.999395663492988,0.24,0.0085837634921589,0.1184397079923655,0.0088379170047119,0.0674949169915635,3.4167023841291666e-05,0.0075856250186916,0.0001101249945349,0.0003215420001652,0.0017389170243404,0.0001127920113503,1.1333002476021647e-05,0.1085215409984812,0.1184397079923655,0.1184360420738812,3.6659184843301777e-06,0.194772541988641,,,,,,,,,,,,,,,,,,
600,0.0816496580927726,12,Random Sampling,10.295575807338372,0.15,0.0023665508745319,0.1381467500177677,0.0088379170047119,0.1368870000005699,,,,,,,,,0.1381467500177677,0.1381394589552655,7.291062502190471e-06,0.2838716670230496,0.0085056669777259,0.004520666989265,0.0139233749941922,0.0005132920050527,0.0006813749787397,0.1099950830102898,,,,,,,,,,,,
600,0.0816496580927726,12,Non-random,11.736469526482685,0.0733333333333333,0.0010548100486845,0.1821618329850025,0.0088379170047119,0.0621200420137029,,,,,,,,,0.1821618329850025,0.1821584589779377,3.3740070648491383e-06,0.2531197920034174,,,,,,,0.101223374978872,0.0805268340045586,0.000408249994507,,,,,,,,,
600,0.0816496580927726,13,Random Projection,8.208976205210908,0.2,0.0079763133957058,0.1347640000167302,0.0112812079896684,0.0333004579879343,3.179101622663438e-05,0.0012252919841557,0.0001054590102285,0.0001331249950453,0.0002930419868789,4.1041988879442215e-05,4.292000085115433e-06,0.1329275419993791,0.1347640000167302,0.1347615849808789,2.4150358512997627e-06,0.1793456659943331,,,,,,,,,,,,,,,,,,
600,0.0816496580927726,13,Random Sampling,10.74761085414952,0.1566666666666666,0.0036227194094819,0.1839948330016341,0.0112812079896684,0.0280466249969322,,,,,,,,,0.1839948330016341,0.1839907080284319,4.124973202124238e-06,0.2233226659882348,0.0019822500180453,0.0072325420042034,0.0102962499950081,0.0004651249910239,0.000480333023006,0.1635342079971451,,,,,,,,,,,,
600,0.0816496580927726,13,Non-random,11.78166099629362,0.0733333333333333,0.0023987480449676,0.3191887499997392,0.0112812079896684,0.0559846250107511,,,,,,,,,0.3191887499997392,0.3191871250164695,1.6249832697212696e-06,0.3864545830001589,,,,,,,0.2497558750037569,0.0692311250022612,0.0002001250104513,,,,,,,,,
600,0.0816496580927726,14,Random Projection,8.218680558258216,0.22,0.0071437266008701,0.2713360839989036,0.0035540419921744,0.098511749994941,3.0208990210667253e-05,0.0020976249943487,8.549998165108263e-05,0.000105999992229,0.0002873750054277,3.7959020119160414e-05,3.875000402331352e-06,0.2686855419888161,0.2713360839989036,0.2713340849732049,1.999025698751211e-06,0.3734018759860191,,,,,,,,,,,,,,,,,,
600,0.0816496580927726,14,Random Sampling,10.802383354628748,0.1666666666666666,0.0024906850260749,0.1615832089737523,0.0035540419921744,0.0588864580204244,,,,,,,,,0.1615832089737523,0.1615783750312402,4.833942512050271e-06,0.2240237089863512,0.0023207920021377,0.0017052909824997,0.0040027500072028,0.0003842920123133,0.0004164580022916,0.1527487920247949,,,,,,,,,,,,
600,0.0816496580927726,14,Non-random,11.86856119028325,0.08,0.0028775457098381,0.2019457079877611,0.0035540419921744,0.0791622080141678,,,,,,,,,0.2019457079877611,0.2019437909766566,1.9170111045241356e-06,0.2846619579941034,,,,,,,0.0761227079783566,0.1256313750054687,0.0001897079928312,,,,,,,,,
600,0.0816496580927726,15,Random Projection,8.251047391709735,0.1133333333333333,0.0035523105800783,0.1090697500039823,0.0056986660056281,0.0277957920043263,3.508297959342599e-05,0.0073456249956507,0.000541500019608,0.0077856249990873,0.000848625000799,0.0001154160127043,9.916984708979726e-06,0.0923823330085724,0.1090697500039823,0.1090641240007244,5.626003257930279e-06,0.1425642080139368,,,,,,,,,,,,,,,,,,
600,0.0816496580927726,15,Random Sampling,10.614279894018006,0.16,0.0010809849741195,0.2045609159977175,0.0056986660056281,0.065363416011678,,,,,,,,,0.2045609159977175,0.2045562080165837,4.707981133833528e-06,0.2756229980150237,0.0018275830079801,0.0080294590152334,0.0044078329810872,0.0004517089982982,0.0004533329920377,0.1893862910219468,,,,,,,,,,,,
600,0.0816496580927726,15,Non-random,11.71590406795308,0.0633333333333333,0.0019506524491284,0.1965880000207107,0.0056986660056281,0.0444642080110497,,,,,,,,,0.1965880000207107,0.1965863750083372,1.6250123735517263e-06,0.2467508740373887,,,,,,,0.1381478330004029,0.0582640419888775,0.0001745000190567,,,,,,,,,
600,0.0816496580927726,16,Random Projection,7.959447255391737,0.1933333333333333,0.0071297746720005,0.1188877910026349,0.0067233330046292,0.0820700000040233,6.73340109642595e-05,0.0132470420212484,0.0002214999985881,0.0001607080048415,0.000368916982552,9.112502448260784e-05,8.792005246505141e-06,0.104717417008942,0.1188877910026349,0.1188828350568655,4.955945769324899e-06,0.2076811240112874,,,,,,,,,,,,,,,,,,
600,0.0816496580927726,16,Random Sampling,10.01964144963742,0.15,0.0018796779591801,0.0588301249954383,0.0067233330046292,0.0443064160062931,,,,,,,,,0.0588301249954383,0.0588234580063726,6.66698906570673e-06,0.1098598740063607,0.0031325420131906,0.0016702079738024,0.0047826250083744,0.0064650000131223,0.0012075830018147,0.0415654999960679,,,,,,,,,,,,
600,0.0816496580927726,16,Non-random,11.871622500201743,0.0766666666666666,0.0017497986201636,0.2096558749908581,0.0067233330046292,0.3973614159913268,,,,,,,,,0.2096558749908581,0.2096544580126647,1.4169781934469938e-06,0.6137406239868142,,,,,,,0.121829500014428,0.0876099159941077,0.0002150420041289,,,,,,,,,
600,0.0816496580927726,17,Random Projection,8.895894591788888,0.1233333333333333,0.0048052096405707,0.0946963340102229,0.0070126249920576,0.0394763330114074,3.712502075359225e-05,0.0221112079743761,0.0001306250051129,0.0026142089918721,0.0130177499959245,0.0001473329903092,1.462499494664371e-05,0.0566174169944133,0.0946963340102229,0.0946902919677086,6.042042514309287e-06,0.141185292013688,,,,,,,,,,,,,,,,,,
600,0.0816496580927726,17,Random Sampling,10.697223029662624,0.1466666666666666,0.0048769761905149,0.2183782079955563,0.0070126249920576,0.0362678339879494,,,,,,,,,0.2183782079955563,0.2183731249824632,5.083013093098998e-06,0.2616586669755634,0.001925000018673,0.0067553749831859,0.00815620800131,0.000580458989134,0.0009374580113217,0.2000186249788385,,,,,,,,,,,,
600,0.0816496580927726,17,Non-random,11.828530797166517,0.1,0.0030086906302578,0.1894702920108102,0.0070126249920576,0.0434556249820161,,,,,,,,,0.1894702920108102,0.1894691250054165,1.167005393654108e-06,0.239938541984884,,,,,,,0.0720746669976506,0.1172031669993884,0.0001912910083774,,,,,,,,,
600,0.0816496580927726,18,Random Projection,7.595491331939765,0.1066666666666666,0.0046448736426986,0.1323447500180918,0.006534542015288,0.0340244999970309,3.1249976018443704e-05,0.000583999993978,8.741600322537124e-05,0.003164125024341,0.0013509170094039,3.9166014175862074e-05,3.916997229680419e-06,0.1270822089863941,0.1323447500180918,0.1323430000047665,1.7500133253633976e-06,0.1729037920304108,,,,,,,,,,,,,,,,,,
600,0.0816496580927726,18,Random Sampling,10.67207607438604,0.17,0.0053951137012412,0.1485057079989928,0.006534542015288,0.0425228330132085,,,,,,,,,0.1485057079989928,0.148499331990024,6.376008968800306e-06,0.1975630830274894,0.002040916995611,0.0054628750076517,0.0122483329905662,0.001945041003637,0.0011878329969476,0.1256143329956103,,,,,,,,,,,,
600,0.0816496580927726,18,Non-random,11.895396043029756,0.06,0.0019580864750187,0.2353909169905819,0.006534542015288,0.0455209169886074,,,,,,,,,0.2353909169905819,0.2353888759971596,2.040993422269821e-06,0.2874463759944774,,,,,,,0.1042848330107517,0.1309790840023197,0.0001249589840881,,,,,,,,,
600,0.0816496580927726,19,Random Projection,8.860182354498473,0.2966666666666666,0.0100953286169187,0.1655445419892203,0.0077542910003103,0.0561029170057736,3.762499545700848e-05,0.0033622500195633,0.0006712499889545,0.0024186249938793,0.0004242499999236,9.429198689758778e-05,8.916977094486356e-06,0.15852175001055,0.1655445419892203,0.1655389589723199,5.583016900345683e-06,0.2294017499953042,,,,,,,,,,,,,,,,,,
600,0.0816496580927726,19,Random Sampling,10.564762241488268,0.1566666666666666,0.0030757871074558,0.2227401669952087,0.0077542910003103,0.0559563330025412,,,,,,,,,0.2227401669952087,0.2227340829849708,6.084010237827897e-06,0.2864507909980602,0.0037205409898888,0.0055006670008879,0.0121101250115316,0.0018025829922407,0.0006555419822689,0.1989446250081528,,,,,,,,,,,,
600,0.0816496580927726,19,Non-random,11.695964207138138,0.0733333333333333,0.0004052136483281,0.349164750019554,0.0077542910003103,0.6962117919756565,,,,,,,,,0.349164750019554,0.3491623750014696,2.375018084421754e-06,1.053130832995521,,,,,,,0.0809069169918075,0.268048333004117,0.000207125005545,,,,,,,,,
600,0.0816496580927726,20,Random Projection,8.004777469832856,0.13,0.0043874982973559,0.2796623330214061,0.0123272920027375,0.0461286249919794,3.6667013773694634e-05,0.0047977500071283,0.0003702499961946,0.0020014579931739,0.0041084999975282,0.0001071250007953,1.1584023013710976e-05,0.2682227499899454,0.2796623330214061,0.2796560840215534,6.24899985268712e-06,0.338118250016123,,,,,,,,,,,,,,,,,,
600,0.0816496580927726,20,Random Sampling,10.691273638954142,0.16,0.0013807341730269,0.1779339580098167,0.0123272920027375,0.0374830839864444,,,,,,,,,0.1779339580098167,0.1779291670245584,4.790985258296132e-06,0.2277443339989986,0.0020396250183694,0.0033880000119097,0.0124264999758452,0.0012150000256951,0.0008521669951733,0.1580078749975655,,,,,,,,,,,,
600,0.0816496580927726,20,Non-random,11.687920496209443,0.07,0.0018641510285399,0.2753815829928498,0.0123272920027375,0.0423932909907307,,,,,,,,,0.2753815829928498,0.2753783329972066,3.249995643272996e-06,0.3301021659863181,,,,,,,0.0666562909900676,0.205613166996045,0.0031088750110939,,,,,,,,,
800,0.0707106781186547,1,Random Projection,8.897808714272502,0.1075,0.0056702968611181,0.16992908300017,0.0123340419959276,0.0732069170044269,4.1749997762963176e-05,0.0036508750054053,0.0004368749796412,0.0017092500056605,0.0007869169930927,0.0001099169894587,1.2208998668938875e-05,0.1631766250065993,0.16992908300017,0.16992441797629,4.665023880079389e-06,0.2554700420005247,,,,,,,,,,,,,,,,,,
800,0.0707106781186547,1,Random Sampling,11.387221355891516,0.135,0.0045610465710641,0.1868542080046609,0.0123340419959276,0.0884711669932585,,,,,,,,,0.1868542080046609,0.1868489159678574,5.2920368034392595e-06,0.2876594169938471,0.0041197919927071,0.0092063749907538,0.0127788750105537,0.0004307499912101,0.001231790985912,0.1590813329967204,,,,,,,,,,,,
800,0.0707106781186547,1,Non-random,12.740279650244691,0.05,0.0020363594018695,0.3495901249989401,0.0123340419959276,0.0650897079904098,,,,,,,,,0.3495901249989401,0.3495886660239193,1.4589750207960606e-06,0.4270138749852776,,,,,,,0.2012000829854514,0.1480460830207448,0.000342500017723,,,,,,,,,
800,0.0707106781186547,2,Random Projection,8.236431917965566,0.1525,0.0049006132319602,0.1554304159944877,0.0114957499899901,0.0872325829986948,4.2957981349900365e-05,0.003244249994168,0.0001219169935211,0.0002232079859822,0.001739291998092,0.0001127909927163,1.2750009773299098e-05,0.1499293329834472,0.1554304159944877,0.1554264989390503,3.9170554373413324e-06,0.2541587489831727,,,,,,,,,,,,,,,,,,
800,0.0707106781186547,2,Random Sampling,10.932272459182444,0.0975,0.0010945446146204,0.1524090419989079,0.0114957499899901,0.0700970420148223,,,,,,,,,0.1524090419989079,0.1524035409966018,5.5010023061186075e-06,0.2340018340037204,0.0083610840083565,0.009841666003922,0.0073223749932367,0.0004318330029491,0.0017331670096609,0.1247134159784764,,,,,,,,,,,,
800,0.0707106781186547,2,Non-random,12.603499104675336,0.03,0.0009079651190672,0.2151097079913597,0.0114957499899901,0.0748851249809376,,,,,,,,,0.2151097079913597,0.21510808300809,1.6249832697212696e-06,0.3014905829622876,,,,,,,0.1074331249983515,0.1073650000034831,0.0003099580062553,,,,,,,,,
800,0.0707106781186547,3,Random Projection,8.895260573706965,0.2,0.0066746570432545,0.2440084159898106,0.0065039999899454,0.0759039590193424,3.95829847548157e-05,0.0092097079905215,0.000258499989286,0.0003713750047609,0.0005288329848553,9.045802289620042e-05,1.1000025551766155e-05,0.2334946660266723,0.2440084159898106,0.244004123029299,4.292960511520505e-06,0.3264163749990985,,,,,,,,,,,,,,,,,,
800,0.0707106781186547,3,Random Sampling,11.392567003083034,0.1025,0.0037949282607821,0.1121959170268382,0.0065039999899454,0.0992023340077139,,,,,,,,,0.1121959170268382,0.1121903739986009,5.543028237298131e-06,0.2179022510244976,0.0076667499961331,0.0040274999919347,0.0097535410022828,0.000553249992663,0.0023023330140858,0.0878870000015012,,,,,,,,,,,,
800,0.0707106781186547,3,Non-random,12.578583269616868,0.0425,0.0016651798253638,0.388814750011079,0.0065039999899454,0.0711029999947641,,,,,,,,,0.388814750011079,0.3888129999977536,1.7500133253633976e-06,0.4664217499957885,,,,,,,0.1217130419972818,0.2667199999850709,0.0003799580154009,,,,,,,,,
800,0.0707106781186547,4,Random Projection,8.880019527919739,0.1149999999999999,0.0045193855268935,0.1961217079951893,0.015171624982031,0.0875727910024579,7.804197957739234e-05,0.0065271670173387,0.0001427920069545,0.0001952500024344,0.0024006250023376,0.0001001670025289,1.2625008821487428e-05,0.1866603329835925,0.1961217079951893,0.1961170010035857,4.706991603597999e-06,0.2988661239796784,,,,,,,,,,,,,,,,,,
800,0.0707106781186547,4,Random Sampling,11.088727862418068,0.1075,0.000719556828318,0.2328402920102235,0.015171624982031,0.0786222919996362,,,,,,,,,0.2328402920102235,0.2328347500297241,5.5419804994016886e-06,0.3266342089918908,0.003435749997152,0.0065371250093448,0.0244203330075833,0.0004417090094648,0.0008839580113999,0.197115874994779,,,,,,,,,,,,
800,0.0707106781186547,4,Non-random,12.665566642948924,0.045,0.0003143026817161,0.2338714580109808,0.015171624982031,0.122954334015958,,,,,,,,,0.2338714580109808,0.2338698329986073,1.6250123735517263e-06,0.3719974170089699,,,,,,,0.187932417000411,0.0456252909789327,0.0003121250192634,,,,,,,,,
800,0.0707106781186547,5,Random Projection,8.827634289428872,0.15,0.0070809816361655,0.1137207919964566,0.0173005420074332,0.0801780830079224,5.191698437556624e-05,0.0072157079994212,0.0017178329871967,0.0061281250091269,0.0038257090200204,9.204199886880816e-05,6.54099858365953e-06,0.0946770409937016,0.1137207919964566,0.1137149159912951,5.876005161553621e-06,0.2111994170118123,,,,,,,,,,,,,,,,,,
800,0.0707106781186547,5,Random Sampling,11.22447791587477,0.135,0.0042029291064765,0.1204866670013871,0.0173005420074332,0.0944967919785995,,,,,,,,,0.1204866670013871,0.1204809169576037,5.750043783336878e-06,0.2322840009874198,0.004241082991939,0.0045154999825172,0.0314834579767193,0.0005804170214105,0.00192574999528,0.0777347089897375,,,,,,,,,,,,
800,0.0707106781186547,5,Non-random,12.562724971423474,0.045,0.0021851465724058,0.2401599999866448,0.0173005420074332,0.1175492500187829,,,,,,,,,0.2401599999866448,0.2401584589970298,1.540989615023136e-06,0.375009792012861,,,,,,,0.1733849169977475,0.0664117919804994,0.0003617500187829,,,,,,,,,
800,0.0707106781186547,6,Random Projection,8.950367872944307,0.0825,0.0025144092000853,0.1015580840175971,0.0150790420011617,0.112728749983944,4.816701402887702e-05,0.0061061249871272,0.0008377920021302,0.0008207080245483,0.0053863329812884,0.0001333749969489,1.4707999071106316e-05,0.0882041250006295,0.1015580840175971,0.1015513330057729,6.75101182423532e-06,0.2293658760027028,,,,,,,,,,,,,,,,,,
800,0.0707106781186547,6,Random Sampling,10.82877250620758,0.0824999999999999,0.0012965263635575,0.144465624995064,0.0150790420011617,0.129007499985164,,,,,,,,,0.144465624995064,0.144459292961983,6.332033080980182e-06,0.2885521669813897,0.0031890840036794,0.0103126250032801,0.02325208397815,0.000730083003873,0.002062166982796,0.1049132499902043,,,,,,,,,,,,
800,0.0707106781186547,6,Non-random,12.688474772739829,0.0424999999999999,0.000356714674104,0.1675932500220369,0.0150790420011617,0.0914637499954551,,,,,,,,,0.1675932500220369,0.167591291014105,1.9590079318732023e-06,0.2741360420186538,,,,,,,0.1385619580105412,0.0286923329986166,0.0003370000049471,,,,,,,,,
800,0.0707106781186547,7,Random Projection,8.369322392163951,0.075,0.0050639766312949,0.346337750001112,0.0081345420039724,0.0908244159945752,4.154100315645337e-05,0.0064180410117842,0.0001302919990848,0.0002014169876929,0.0006036669947206,4.529199213720858e-05,4.917004844173789e-06,0.3388897079857997,0.346337750001112,0.3463348749792203,2.875021891668439e-06,0.4452967079996597,,,,,,,,,,,,,,,,,,
800,0.0707106781186547,7,Random Sampling,11.46868132424114,0.1575,0.0035347800668332,0.1280003749998286,0.0081345420039724,0.0664618330192752,,,,,,,,,0.1280003749998286,0.12799399998039,6.375019438564777e-06,0.2025967500230763,0.0036696669994853,0.0145734999969135,0.0093271249788813,0.0005046669975854,0.0009215830068569,0.0989974580006674,,,,,,,,,,,,
800,0.0707106781186547,7,Non-random,12.51470013310338,0.0525,0.0030296998477461,0.254360082995845,0.0081345420039724,0.1009299159923102,,,,,,,,,0.254360082995845,0.2543579169723671,2.166023477911949e-06,0.3634245409921277,,,,,,,0.1484542919788509,0.105543707992183,0.000359917001333,,,,,,,,,
800,0.0707106781186547,8,Random Projection,8.816796379751002,0.1099999999999999,0.0042289861220774,0.0752891250012908,0.0084807090170215,0.0714714159839786,4.4791988329961896e-05,0.007061916985549,0.0002747079997789,0.001687000010861,0.0006607919931411,9.941597818396986e-05,1.2457981938496232e-05,0.0654442500090226,0.0752891250012908,0.0752853329468052,3.792054485529661e-06,0.155241250002291,,,,,,,,,,,,,,,,,,
800,0.0707106781186547,8,Random Sampling,11.503186763318118,0.1124999999999999,0.0012024533078888,0.1663870420015882,0.0084807090170215,0.2020004589867312,,,,,,,,,0.1663870420015882,0.166381375020137,5.66698145121336e-06,0.3768682100053411,0.0161909169983118,0.0063363749941345,0.0125630000256933,0.0064832500065676,0.0008939580002333,0.1239138749951962,,,,,,,,,,,,
800,0.0707106781186547,8,Non-random,12.640772263612142,0.035,0.0013643218813452,0.2539600000018254,0.0084807090170215,0.1152015829866286,,,,,,,,,0.2539600000018254,0.2539583749894518,1.6250123735517263e-06,0.3776422920054756,,,,,,,0.18580354200094,0.0678297909907996,0.0003250419977121,,,,,,,,,
800,0.0707106781186547,9,Random Projection,8.716781463542365,0.1425,0.0048046283109208,0.1249343749950639,0.0097972909861709,0.0688024580013006,8.379097562283278e-05,0.0018894580134656,0.0002477499947417,0.0076144580089021,0.0018980840104632,8.133298251777887e-05,6.374990334734321e-06,0.1131066249799914,0.1249343749950639,0.1249278739560395,6.501039024442434e-06,0.2035341239825356,,,,,,,,,,,,,,,,,,
800,0.0707106781186547,9,Random Sampling,11.424632191986124,0.1375,0.0019085425808737,0.0848743749957066,0.0097972909861709,0.1987620000145398,,,,,,,,,0.0848743749957066,0.084867750032572,6.624963134527206e-06,0.2934336659964174,0.0037855420086998,0.0033765420084819,0.0136996250075753,0.0005867079889867,0.0022430829994846,0.0611762500193435,,,,,,,,,,,,
800,0.0707106781186547,9,Non-random,12.699565656732052,0.0325,0.0003321828065402,0.3739238749840297,0.0097972909861709,0.0968223749950993,,,,,,,,,0.3739238749840297,0.3739222079748288,1.667009200900793e-06,0.4805435409653,,,,,,,0.2998341249767691,0.0737355420133099,0.0003525409847497,,,,,,,,,
800,0.0707106781186547,10,Random Projection,8.313981229735381,0.125,0.0059093456131482,0.0619871249946299,0.0150474580004811,0.0850975830107927,7.341598393395543e-05,0.0051033750060014,0.0002739999908953,0.0004845419898629,0.0038227080076467,7.441698107868433e-05,6.999995093792677e-06,0.0521420000004582,0.0619871249946299,0.0619814579549711,5.667039658874273e-06,0.1621321660059038,,,,,,,,,,,,,,,,,,
800,0.0707106781186547,10,Random Sampling,10.676884751182788,0.1,0.0015815592207055,0.0894746250123716,0.0150474580004811,0.0922205410024616,,,,,,,,,0.0894746250123716,0.0894674589799251,7.166032446548343e-06,0.1967426240153145,0.0075681669986806,0.0073868749896064,0.0101720840029884,0.0005482499836944,0.0035580830008257,0.0602340000041294,,,,,,,,,,,,
800,0.0707106781186547,10,Non-random,12.555988830498752,0.0675,0.0017736118230676,0.3406464580039028,0.0150474580004811,0.1056434159982018,,,,,,,,,0.3406464580039028,0.340644540003268,1.9180006347596645e-06,0.4613373320025857,,,,,,,0.1440482909965794,0.196270040993113,0.0003262080135755,,,,,,,,,
800,0.0707106781186547,11,Random Projection,8.180977740873569,0.1225,0.0048771501414775,0.072315208002692,0.0133284170005936,0.1220432090049143,4.412498674355447e-05,0.0198485830042045,0.0003626249963417,0.0024170000106096,0.0077377499837893,0.0008571670041419,1.4042016118764876e-05,0.041029415995581,0.072315208002692,0.0723107079975307,4.5000051613897085e-06,0.2076868340082001,,,,,,,,,,,,,,,,,,
800,0.0707106781186547,11,Random Sampling,10.763536489684943,0.115,0.0021256093237524,0.1005501670006197,0.0133284170005936,0.0942786249797791,,,,,,,,,0.1005501670006197,0.1005452089593745,4.9580412451177835e-06,0.2081572089809924,0.0068813339748885,0.0032463340030517,0.0241180830053053,0.000583082990488,0.0018139579915441,0.0639024169940967,,,,,,,,,,,,
800,0.0707106781186547,11,Non-random,12.668217732288408,0.035,0.0010510266405505,0.4323598750052042,0.0133284170005936,0.1173980829771608,,,,,,,,,0.4323598750052042,0.4323585419915616,1.333013642579317e-06,0.5630863749829587,,,,,,,0.1624454580014571,0.2695257499872241,0.0003873340028803,,,,,,,,,
800,0.0707106781186547,12,Random Projection,8.86312895773003,0.1525,0.006081078853089,0.1122637499938719,0.0098246249835938,0.080349166993983,7.374997949227691e-05,0.0083334590017329,0.00014179199934,0.0001865829981397,0.0004667080065701,4.7999987145885825e-05,5.125009920448065e-06,0.1030049999826587,0.1122637499938719,0.1122604169650003,3.333028871566057e-06,0.2024375419714488,,,,,,,,,,,,,,,,,,
800,0.0707106781186547,12,Random Sampling,11.368162252127002,0.15,0.0019506495512128,0.0894358329824172,0.0098246249835938,0.0555275839869864,,,,,,,,,0.0894358329824172,0.0894287480041384,7.084978278726339e-06,0.1547880419529974,0.0101789160107728,0.0033355829946231,0.0135314580111298,0.0005063749849796,0.0048895830113906,0.0569868329912424,,,,,,,,,,,,
800,0.0707106781186547,12,Non-random,12.652872867800475,0.0675,0.0015616386298914,0.3114170829940121,0.0098246249835938,0.0655650839908048,,,,,,,,,0.3114170829940121,0.3114156239898875,1.4590041246265173e-06,0.3868067919684108,,,,,,,0.1461379999818746,0.1649453330028336,0.0003322910051792,,,,,,,,,
800,0.0707106781186547,13,Random Projection,8.786864945003222,0.165,0.0072603065444506,0.3418359580100514,0.011648415995296,0.0567273329943418,7.516701589338481e-05,0.0022817080025561,0.0002149160136468,0.0027012079954147,0.0016771660011727,5.3625000873580575e-05,5.208014044910669e-06,0.3348229169787373,0.3418359580100514,0.3418319150223396,4.042987711727619e-06,0.4102117069996893,,,,,,,,,,,,,,,,,,
800,0.0707106781186547,13,Random Sampling,11.748260607152426,0.185,0.0037423619887786,0.1697866249887738,0.011648415995296,0.0714928339875768,,,,,,,,,0.1697866249887738,0.1697816259693354,4.999019438400865e-06,0.2529278749716468,0.0036247500102035,0.0071853339904919,0.0143800829828251,0.0004895830061286,0.0020555419905576,0.1420463339891284,,,,,,,,,,,,
800,0.0707106781186547,13,Non-random,12.634103756321837,0.0625,0.0009749352527179,0.3458041670091916,0.011648415995296,0.0889328329940326,,,,,,,,,0.3458041670091916,0.3458026240114122,1.5429977793246508e-06,0.4463854159985203,,,,,,,0.1330844160111155,0.2123501249880064,0.0003680830122902,,,,,,,,,
800,0.0707106781186547,14,Random Projection,9.209328120131604,0.1925,0.0067609798601211,0.1907420420029666,0.0162416250095702,0.0531334580155089,0.0001975829945877,0.0074690000037662,0.0001382920017931,0.0002561250003054,0.0034526669769547,4.66250057797879e-05,4.6670029405504465e-06,0.1791727499803528,0.1907420420029666,0.1907377089664805,4.333036486059427e-06,0.2601171250280458,,,,,,,,,,,,,,,,,,
800,0.0707106781186547,14,Random Sampling,11.46325449481432,0.09,0.0006625108229722,0.143395708000753,0.0162416250095702,0.0658661659981589,,,,,,,,,0.143395708000753,0.1433903760043904,5.331996362656355e-06,0.2255034990084823,0.0085764169925823,0.0070193749852478,0.0171050420030951,0.0004978750075679,0.0021893749944865,0.1080022920214105,,,,,,,,,,,,
800,0.0707106781186547,14,Non-random,12.949994655699104,0.0375,0.0016238836502925,0.2506734580092598,0.0162416250095702,0.0573819580022245,,,,,,,,,0.2506734580092598,0.2506720000237692,1.4579854905605316e-06,0.3242970410210546,,,,,,,0.1312143330287654,0.1191446669981814,0.0003129999968223,,,,,,,,,
800,0.0707106781186547,15,Random Projection,9.296739492457355,0.2075,0.0076526779354508,0.1801527499919757,0.0089889169903472,0.0999889170052483,4.4666987378150225e-05,0.004630375013221,0.0001230829802807,0.0002488329773768,0.0005060409894213,4.2333005694672465e-05,4.665984306484461e-06,0.1745507500017993,0.1801527499919757,0.1801507479394786,2.0020524971187115e-06,0.2891305839875713,,,,,,,,,,,,,,,,,,
800,0.0707106781186547,15,Random Sampling,11.113973884869798,0.1124999999999999,0.0020671596389611,0.1084697500045877,0.0089889169903472,0.0764205000014044,,,,,,,,,0.1084697500045877,0.108464752061991,4.9979425966739655e-06,0.1938791669963393,0.004524209012743,0.0134113340172916,0.0253979580011218,0.0004474590241443,0.002761375013506,0.061922416993184,,,,,,,,,,,,
800,0.0707106781186547,15,Non-random,12.630665738858587,0.0475,0.000886996106607,0.43661741699907,0.0089889169903472,0.1064377920120023,,,,,,,,,0.43661741699907,0.4366147910186555,2.6259804144501686e-06,0.5520441260014195,,,,,,,0.1362688330118544,0.2999942910100799,0.0003516669967211,,,,,,,,,
800,0.0707106781186547,16,Random Projection,8.654977163756495,0.13,0.0048481560283322,0.0663115410134196,0.0171368330193217,0.1249616249988321,4.637500387616456e-05,0.0039310840074904,0.0008741249912418,0.0002760000061243,0.004192124994006,0.0001148329756688,1.4167017070576549e-05,0.0568569590104743,0.0663115410134196,0.0663056680059526,5.873007467016578e-06,0.2084099990315735,,,,,,,,,,,,,,,,,,
800,0.0707106781186547,16,Random Sampling,11.404523424738189,0.16,0.0028322048026582,0.1759096249879803,0.0171368330193217,0.0725527500035241,,,,,,,,,0.1759096249879803,0.1759052919805981,4.3330073822289705e-06,0.2655992080108262,0.0038898329949006,0.003429167001741,0.0184361250139772,0.0005132919759489,0.0012242500088177,0.1484126249852124,,,,,,,,,,,,
800,0.0707106781186547,16,Non-random,12.685150610649297,0.06,0.0013591841041387,0.3823342499963473,0.0171368330193217,0.0747109579970128,,,,,,,,,0.3823342499963473,0.3823325410194229,1.708976924419403e-06,0.474182041012682,,,,,,,0.1602102910110261,0.2217464169953018,0.0003758330130949,,,,,,,,,
800,0.0707106781186547,17,Random Projection,7.959054142871268,0.09,0.0052551701279126,0.2306968340126332,0.0126463329943362,0.0983095419942401,4.437501775100827e-05,0.0041877920157276,0.0002054999931715,0.0001981249952223,0.0007527919951826,4.3167005060240626e-05,4.665984306484461e-06,0.2252578750194516,0.2306968340126332,0.2306942920258734,2.541986759752035e-06,0.3416527090012096,,,,,,,,,,,,,,,,,,
800,0.0707106781186547,17,Random Sampling,11.153512954756977,0.1375,0.0019780977697101,0.2337181250040885,0.0126463329943362,0.0639966250164434,,,,,,,,,0.2337181250040885,0.2337112090026494,6.9160014390945435e-06,0.3103610830148682,0.0065592910104896,0.0048894999781623,0.0147819590056315,0.0004708750057034,0.0020198340062052,0.2049897499964572,,,,,,,,,,,,
800,0.0707106781186547,17,Non-random,12.612257486223069,0.05,0.0020591979187316,0.3888203749957029,0.0126463329943362,0.0948630409839097,,,,,,,,,0.3888203749957029,0.3888191670121159,1.207983586937189e-06,0.4963297489739489,,,,,,,0.1207227499980945,0.267667625012109,0.0004287920019123,,,,,,,,,
800,0.0707106781186547,18,Random Projection,8.565292981199825,0.1525,0.0055593753158394,0.1638137089903466,0.0110600419866386,0.0785918330075219,4.287500632926822e-05,0.0033401250257156,0.0001219590194523,0.0002506659948267,0.0007016659947112,4.258399712853134e-05,4.6670029405504465e-06,0.1593067089852411,0.1638137089903466,0.1638112510263454,2.457964001223445e-06,0.2534655839845072,,,,,,,,,,,,,,,,,,
800,0.0707106781186547,18,Random Sampling,11.14736945589128,0.0849999999999999,0.0022345133103315,0.2584945829876233,0.0110600419866386,0.0509631250170059,,,,,,,,,0.2584945829876233,0.2584902500675525,4.3329200707376e-06,0.3205177499912679,0.0037025000201538,0.0065822090255096,0.0082107910129707,0.0004423749924171,0.0009176250023301,0.238634750014171,,,,,,,,,,,,
800,0.0707106781186547,18,Non-random,12.698370697016111,0.03,0.0008831418396054,0.200255042000208,0.0110600419866386,0.0779725830070674,,,,,,,,,0.200255042000208,0.2002530840109102,1.9579892978072166e-06,0.2892876669939141,,,,,,,0.1231173340056557,0.0767897079931572,0.0003460420120973,,,,,,,,,
800,0.0707106781186547,19,Random Projection,8.617280560969798,0.1525,0.0057544274223647,0.1488533749943599,0.018522500002291,0.075918290996924,4.420900950208306e-05,0.0010538340138737,0.0001229170011356,0.0027789159794338,0.0023446659906767,0.0001033750013448,1.2582982890307903e-05,0.1423897499917075,0.1488533749943599,0.1488502499705646,3.1250237952917814e-06,0.243294165993575,,,,,,,,,,,,,,,,,,
800,0.0707106781186547,19,Random Sampling,11.44283006755603,0.165,0.0045493519457879,0.248769583995454,0.018522500002291,0.0737813749874476,,,,,,,,,0.248769583995454,0.2487627920345403,6.791960913687944e-06,0.3410734589851927,0.0043089160171803,0.0047725420154165,0.0208738329820334,0.0005374590109568,0.0019664170104078,0.2163036249985452,,,,,,,,,,,,
800,0.0707106781186547,19,Non-random,12.640815030364392,0.0275,0.0007111134393306,0.4058922079857439,0.018522500002291,0.0631897080165799,,,,,,,,,0.4058922079857439,0.4058907080034259,1.4999823179095984e-06,0.4876044160046149,,,,,,,0.1328600829874631,0.2726433330099098,0.000387292006053,,,,,,,,,
800,0.0707106781186547,20,Random Projection,8.585911694585537,0.16,0.0052572070284082,0.1037539170065429,0.0085454999934881,0.0555648750159889,0.0013646250008605,0.0038350409886334,0.0002321669890079,0.0005526250170078,0.0039693340077064,0.0010041249915957,1.4541001291945577e-05,0.0927768340043257,0.1037539170065429,0.1037492920004297,4.62500611320138e-06,0.16786429201602,,,,,,,,,,,,,,,,,,
800,0.0707106781186547,20,Random Sampling,11.024938987514764,0.105,0.00230719388537,0.1347000840178225,0.0085454999934881,0.0561234590131789,,,,,,,,,0.1347000840178225,0.1346957079949788,4.376022843644023e-06,0.1993690430244896,0.0034706250007729,0.0042465830047149,0.007345041987719,0.0004904590023215,0.0018757079960778,0.1172672910033725,,,,,,,,,,,,
800,0.0707106781186547,20,Non-random,12.77324045388327,0.0525,0.0005473591783278,0.2334284590033348,0.0085454999934881,0.0749519589880947,,,,,,,,,0.2334284590033348,0.2334266249672509,1.834036083891988e-06,0.3169259179849177,,,,,,,0.1268320829840377,0.106184292002581,0.0004102499806322,,,,,,,,,
1000,0.0632455532033675,1,Random Projection,9.205610374787447,0.096,0.0035765595478288,0.1245504159887787,0.0163652500195894,0.0973532499920111,5.787500413134694e-05,0.0064552080002613,0.0001510000147391,0.0005253330164123,0.0012005000025965,9.987500379793346e-05,1.420799526385963e-05,0.1160430840100161,0.1245504159887787,0.1245470830472186,3.332941560074687e-06,0.2382689160003792,,,,,,,,,,,,,,,,,,
1000,0.0632455532033675,1,Random Sampling,11.58503688855184,0.086,0.001528076730089,0.1767410419997759,0.0163652500195894,0.1003006669925525,,,,,,,,,0.1767410419997759,0.1767368330329191,4.2089668568223715e-06,0.2934069590119179,0.0088670000259298,0.0126312920183409,0.0198212919931393,0.0009549579990562,0.0033736249897629,0.1310886660066899,,,,,,,,,,,,
1000,0.0632455532033675,1,Non-random,13.353160402263644,0.03,0.0009325504443425,0.4983155829831958,0.0163652500195894,0.108603666012641,,,,,,,,,0.4983155829831958,0.4983125420112628,3.0409719329327345e-06,0.6232844990154263,,,,,,,0.2268632499908562,0.2705560839967802,0.0008932080236263,,,,,,,,,
1000,0.0632455532033675,2,Random Projection,9.185500290190172,0.136,0.0062695665812546,0.1267632079834584,0.0097137919801753,0.097706417000154,4.9458001740276814e-05,0.007543625019025,0.0001562919933348,0.0034357910044491,0.0031742909923195,0.0001074589963536,1.545899431221187e-05,0.1122772079834248,0.1267632079834584,0.1267595829849597,3.6249984987080097e-06,0.2341834169637877,,,,,,,,,,,,,,,,,,
1000,0.0632455532033675,2,Random Sampling,11.594189745753331,0.102,0.0026593266858434,0.1843725409999024,0.0097137919801753,0.1136748749995604,,,,,,,,,0.1843725409999024,0.1843656259879935,6.9150119088590145e-06,0.3077612079796381,0.0067022090079262,0.00601766697946,0.02369416700094,0.0032464159885421,0.0035170420014765,0.1411881250096485,,,,,,,,,,,,
1000,0.0632455532033675,2,Non-random,13.320115270145768,0.024,0.001713648074616,0.454146625008434,0.0097137919801753,0.1123883750115055,,,,,,,,,0.454146625008434,0.4541438739979639,2.7510104700922966e-06,0.5762487920001149,,,,,,,0.178267290990334,0.2749629580066539,0.000913625000976,,,,,,,,,
1000,0.0632455532033675,3,Random Projection,8.713762615095288,0.104,0.0044482277160615,0.14322166601778,0.0153193750011269,0.1071444590052124,5.1042006816715e-05,0.0042965000029653,0.0001497500052209,0.0025118339981418,0.0021411249763332,5.075000808574259e-05,5.917012458667159e-06,0.1340116249921266,0.14322166601778,0.1432185430021491,3.123015630990267e-06,0.2656855000241194,,,,,,,,,,,,,,,,,,
1000,0.0632455532033675,3,Random Sampling,12.043512937031553,0.098,0.0017288773352665,0.3115580830199178,0.0153193750011269,0.0977584589854814,,,,,,,,,0.3115580830199178,0.3115545839827973,3.4990371204912663e-06,0.4246359170065261,0.0100969999912194,0.0101435839897021,0.0207569999911356,0.0019921670027542,0.001292833010666,0.2672719999973196,,,,,,,,,,,,
1000,0.0632455532033675,3,Non-random,13.520099677626556,0.036,0.0012652055087341,0.3595947500143666,0.0153193750011269,0.1403038749995175,,,,,,,,,0.3595947500143666,0.3595930420269724,1.707987394183874e-06,0.5152180000150111,,,,,,,0.2411707920255139,0.117897999996785,0.0005242500046733,,,,,,,,,
1000,0.0632455532033675,4,Random Projection,9.155913122416257,0.0839999999999999,0.0035910192609056,0.1684989169880282,0.0146604580222629,0.1002372079819906,9.76670125965029e-05,0.0096557910146657,0.0001617499801795,0.0004477089969441,0.0027916670078411,0.0001169160241261,7.425001240335405e-05,0.155148208985338,0.1684989169880282,0.1684939590340946,4.957953933626413e-06,0.2833965829922817,,,,,,,,,,,,,,,,,,
1000,0.0632455532033675,4,Random Sampling,11.033940610770577,0.086,0.0010008505809022,0.1581057499861344,0.0146604580222629,0.1143721670086961,,,,,,,,,0.1581057499861344,0.1580988750210963,6.874965038150549e-06,0.2871383750170935,0.0078955839853733,0.0105014590080827,0.0107088330260012,0.0043549579859245,0.0037083330098539,0.1209297080058604,,,,,,,,,,,,
1000,0.0632455532033675,4,Non-random,13.363983909703336,0.0279999999999999,0.0011234821527251,0.4786208329896908,0.0146604580222629,0.0970274590072222,,,,,,,,,0.4786208329896908,0.478619042027276,1.790962414816022e-06,0.5903087500191759,,,,,,,0.2051949999877251,0.2728469170106109,0.0005771250289399,,,,,,,,,
1000,0.0632455532033675,5,Random Projection,9.135922940278084,0.062,0.0017661523193326,0.2859562499797903,0.0248755840002559,0.1059521670104004,5.075000808574259e-05,0.0019387080101296,0.0001488749985583,0.0022295000089798,0.0047240830026566,5.495900404639542e-05,5.54099096916616e-06,0.2768013750028331,0.2859562499797903,0.2859537910262588,2.458953531458974e-06,0.4167840009904466,,,,,,,,,,,,,,,,,,
1000,0.0632455532033675,5,Random Sampling,12.103150802539554,0.082,0.0008845089783823,0.141798500000732,0.0248755840002559,0.0837283330038189,,,,,,,,,0.141798500000732,0.1417934169876389,5.083013093098998e-06,0.2504024170048069,0.0085425419965758,0.00487770800828,0.0180919999838806,0.0008986250031739,0.0026216249971184,0.1067609169986099,,,,,,,,,,,,
1000,0.0632455532033675,5,Non-random,13.561169818540858,0.026,0.0007397544183036,0.4836436249897815,0.0248755840002559,0.1494411669846158,,,,,,,,,0.4836436249897815,0.4836420000065118,1.6249832697212696e-06,0.6579603759746533,,,,,,,0.2428529589960817,0.2402724580024369,0.0005165830079931,,,,,,,,,
1000,0.0632455532033675,6,Random Projection,10.109189910762204,0.188,0.0059781792348128,0.1374370410048868,0.0193054999981541,0.0990277919918298,5.795797915197909e-05,0.0028237920196261,0.0001487080007791,0.0002914159849751,0.0042997919954359,0.0001060409995261,1.5583005733788013e-05,0.1296897080028429,0.1374370410048868,0.1374329979880713,4.043016815558076e-06,0.2557703329948708,,,,,,,,,,,,,,,,,,
1000,0.0632455532033675,6,Random Sampling,11.945234218548553,0.09,0.0007238065907278,0.263939249998657,0.0193054999981541,0.1428717910021077,,,,,,,,,0.263939249998657,0.2639355419960338,3.7080026231706142e-06,0.4261165409989189,0.0046994159929454,0.004757792019518,0.017463707976276,0.0031592080194968,0.0015434589877258,0.2323119590000715,,,,,,,,,,,,
1000,0.0632455532033675,6,Non-random,13.457428504220614,0.024,0.000477853530906,0.2606907910085283,0.0193054999981541,0.0956656670023221,,,,,,,,,0.2606907910085283,0.2606892079929821,1.5830155462026596e-06,0.3756619580090046,,,,,,,0.1802181249950081,0.0799275829922407,0.0005435000057332,,,,,,,,,
1000,0.0632455532033675,7,Random Projection,8.991352380222589,0.0579999999999999,0.0019392758818709,0.0645961250120308,0.0196087500080466,0.1281986249960027,5.283299833536148e-05,0.0133484170073643,0.0003126669907942,0.0012922500027343,0.0008975419914349,9.950000094249845e-05,1.3791985111311078e-05,0.0485744999896269,0.0645961250120308,0.064591500966344,4.6240456867963076e-06,0.2124035000160802,,,,,,,,,,,,,,,,,,
1000,0.0632455532033675,7,Random Sampling,11.436705976311952,0.102,0.0018064048680409,0.1106841250148136,0.0196087500080466,0.1310812919982709,,,,,,,,,0.1106841250148136,0.1106782099814154,5.915033398196101e-06,0.2613741670211311,0.0084493749891407,0.0100425420096144,0.0210165829921606,0.0009017089905682,0.0030935420072637,0.0671744589926675,,,,,,,,,,,,
1000,0.0632455532033675,7,Non-random,13.38764896780336,0.032,0.0004872898152934,0.2825251249887515,0.0196087500080466,0.1075145840004552,,,,,,,,,0.2825251249887515,0.2825232920004055,1.8329883459955456e-06,0.4096484589972533,,,,,,,0.192247667000629,0.0897575829876586,0.0005180420121178,,,,,,,,,
1000,0.0632455532033675,8,Random Projection,9.312811753474604,0.108,0.0030527439497497,0.1420561250124592,0.0152471670007798,0.1128772499796468,5.237502045929432e-05,0.005255375028355,0.0004188750172033,0.0003769999893847,0.0025102499930653,5.4917007219046354e-05,5.832989700138569e-06,0.1333780410059262,0.1420561250124592,0.1420526660513132,3.458961145952344e-06,0.270180541992886,,,,,,,,,,,,,,,,,,
1000,0.0632455532033675,8,Random Sampling,11.334993693897164,0.082,0.0012130502433081,0.3247940830187872,0.0152471670007798,0.1198233340110164,,,,,,,,,0.3247940830187872,0.3247880409762729,6.042042514309287e-06,0.4598645840305835,0.0126870409876573,0.0085557079873979,0.0226558750146068,0.0016316249966621,0.0033878329850267,0.2758699590049218,,,,,,,,,,,,
1000,0.0632455532033675,8,Non-random,13.580874399489916,0.034,0.0007011186915446,0.4378071250102948,0.0152471670007798,0.1140972909925039,,,,,,,,,0.4378071250102948,0.4378052499960176,1.8750142771750689e-06,0.5671515830035787,,,,,,,0.2192613329971209,0.2180235830019228,0.0005203339969739,,,,,,,,,
1000,0.0632455532033675,9,Random Projection,8.732697571087975,0.104,0.0051939699456861,0.2845611670054495,0.0216593329969327,0.1040239169960841,5.345800309441984e-05,0.0047712920058984,0.0001408329990226,0.0003949999809265,0.0035380000190343,4.7457986511290073e-05,6.292015314102173e-06,0.2756060419778805,0.2845611670054495,0.2845583749876823,2.7920177672058344e-06,0.4102444169984665,,,,,,,,,,,,,,,,,,
1000,0.0632455532033675,9,Random Sampling,11.410883646211952,0.072,0.0018596879487403,0.1425895419961307,0.0216593329969327,0.0826897090009879,,,,,,,,,0.1425895419961307,0.1425842909957282,5.251000402495265e-06,0.2469385839940514,0.0042874579958152,0.0046461249876301,0.0235141250013839,0.0009118749876506,0.0029992080235388,0.1062254999997094,,,,,,,,,,,,
1000,0.0632455532033675,9,Non-random,13.510537900457676,0.02,0.0007655532033675,0.4546832079940941,0.0216593329969327,0.1027797090064268,,,,,,,,,0.4546832079940941,0.4546808340237476,2.3739703465253115e-06,0.5791222499974538,,,,,,,0.182604708999861,0.2714977500145323,0.0005783750093542,,,,,,,,,
1000,0.0632455532033675,10,Random Projection,8.845595330317824,0.12,0.0047402339667174,0.1675918330147396,0.0147493339900393,0.1017267919960431,5.812500603497029e-05,0.0076624999928753,0.0004782089963555,0.0006000419962219,0.0037101249909028,6.233301246538758e-05,6.665999535471201e-06,0.1550101659959182,0.1675918330147396,0.1675881659903098,3.667024429887533e-06,0.2840679590008221,,,,,,,,,,,,,,,,,,
1000,0.0632455532033675,10,Random Sampling,11.86719666070274,0.108,0.0023438979867175,0.1596151249832473,0.0147493339900393,0.1128365420154295,,,,,,,,,0.1596151249832473,0.1596108350204303,4.289962816983461e-06,0.2872010009887162,0.0066474589984864,0.009619249991374,0.0174273750162683,0.0008197920105885,0.0012627090036403,0.1238342500000726,,,,,,,,,,,,
1000,0.0632455532033675,10,Non-random,13.381959346991382,0.05,0.0008203007771348,0.4446247080049943,0.0147493339900393,0.1210881659935694,,,,,,,,,0.4446247080049943,0.4446226669824682,2.041022526100278e-06,0.580462207988603,,,,,,,0.1917509170016273,0.2523495829955209,0.0005221669853199,,,,,,,,,
1000,0.0632455532033675,11,Random Projection,9.2557982372457,0.07,0.0028119657738756,0.1670313749928027,0.0178128329862374,0.0978392919932957,5.533298826776445e-05,0.0150456250121351,0.0004199579998385,0.0031438329897355,0.0116591249825432,6.362501881085336e-05,5.916983354836702e-06,0.1366340829990804,0.1670313749928027,0.1670274989737663,3.876019036397338e-06,0.282683499972336,,,,,,,,,,,,,,,,,,
1000,0.0632455532033675,11,Random Sampling,12.17514415979682,0.098,0.0012372964980401,0.1753215829958208,0.0178128329862374,0.1156218339747283,,,,,,,,,0.1753215829958208,0.1753157500061206,5.832989700138569e-06,0.3087562499567866,0.0032958750089164,0.0147287089785095,0.016681792010786,0.0008791659784037,0.0037438330182339,0.1359863750112708,,,,,,,,,,,,
1000,0.0632455532033675,11,Non-random,13.431758758434832,0.0279999999999999,0.0001439663147099,0.4620649580028839,0.0178128329862374,0.1046762090118136,,,,,,,,,0.4620649580028839,0.462063582992414,1.3750104699283838e-06,0.584554000000935,,,,,,,0.190771333000157,0.2707332499849144,0.0005590000073425,,,,,,,,,
1000,0.0632455532033675,12,Random Projection,9.449201387346184,0.172,0.0058963901378187,0.1873149170132819,0.0154155830095987,0.1060724160051904,5.0708011258393526e-05,0.0050873750005848,0.0001529580040369,0.0006917080027051,0.0044830000260844,0.0001112079771701,1.6000005416572094e-05,0.1767180839960929,0.1873149170132819,0.1873110410233494,3.875989932566881e-06,0.3088029160280712,,,,,,,,,,,,,,,,,,
1000,0.0632455532033675,12,Random Sampling,12.144112591381688,0.126,0.0024790644923175,0.2016657500062137,0.0154155830095987,0.0951265409821644,,,,,,,,,0.2016657500062137,0.2016607909754384,4.9590307753533125e-06,0.312207873997977,0.0104821659915614,0.0090668339980766,0.0169774160021916,0.0056092919840011,0.0029724159976467,0.1565526670019608,,,,,,,,,,,,
1000,0.0632455532033675,12,Non-random,13.46462736926592,0.0419999999999999,0.0010209035031655,0.4781281249888707,0.0154155830095987,0.1051005830231588,,,,,,,,,0.4781281249888707,0.4781260419986211,2.082990249618888e-06,0.5986442910216283,,,,,,,0.2122988750052172,0.2650092919939197,0.000817874999484,,,,,,,,,
1000,0.0632455532033675,13,Random Projection,9.70111339061628,0.178,0.0061513204615972,0.2879388330038637,0.0103285830118693,0.2291151249955874,5.054101347923279e-05,0.0060231660027056,0.000307457987219,0.0017300829931627,0.0014441669918596,6.166700040921569e-05,5.584006430581212e-06,0.2783121670072432,0.2879388330038637,0.2879348330025095,4.0000013541430235e-06,0.5273825410113204,,,,,,,,,,,,,,,,,,
1000,0.0632455532033675,13,Random Sampling,11.709399853447373,0.122,0.0031601625103159,0.3120782079931814,0.0103285830118693,0.252817792003043,,,,,,,,,0.3120782079931814,0.3120724589680321,5.749025149270892e-06,0.5752245830080938,0.0044864999945275,0.0107239169883541,0.1385206249833572,0.0007636669906787,0.001351875020191,0.1562258749909233,,,,,,,,,,,,
1000,0.0632455532033675,13,Non-random,13.390717651337049,0.0279999999999999,0.0020381520587265,0.3068189999903552,0.0103285830118693,0.1323540419980418,,,,,,,,,0.3068189999903552,0.3068171670020092,1.8329883459955456e-06,0.4495016250002663,,,,,,,0.1722321250126697,0.1340572499902919,0.0005277919990476,,,,,,,,,
1000,0.0632455532033675,14,Random Projection,9.136996555618188,0.0579999999999999,0.003401563706852,0.1543402499810326,0.0294077080034185,0.1189088329847436,5.416598287411034e-05,0.0059562080132309,0.0003198749909643,0.0054922499984968,0.0052714580087922,0.0001986249990295,1.60830095410347e-05,0.1370266249869018,0.1543402499810326,0.1543352899898309,4.959991201758385e-06,0.3026567909691948,,,,,,,,,,,,,,,,,,
1000,0.0632455532033675,14,Random Sampling,11.880131052041314,0.11,0.0023860680267759,0.2789868749969173,0.0294077080034185,0.115247708017705,,,,,,,,,0.2789868749969173,0.2789818329911213,5.04200579598546e-06,0.4236422910180408,0.0048924160073511,0.0049942909972742,0.0174668749968986,0.0012930420052725,0.0038401249912567,0.2464950839930679,,,,,,,,,,,,
1000,0.0632455532033675,14,Non-random,13.379487768034949,0.0279999999999999,0.0012179643900644,0.4596212090109475,0.0294077080034185,0.1975177089916542,,,,,,,,,0.4596212090109475,0.4596196259954013,1.5830155462026596e-06,0.6865466260060202,,,,,,,0.2251882920099888,0.2339282089960761,0.0005031249893363,,,,,,,,,
1000,0.0632455532033675,15,Random Projection,8.747199075732706,0.08,0.0037695486320576,0.2874356250104029,0.0145618749957066,0.117631708009867,5.3750001825392246e-05,0.0078771249973215,0.0003325410070829,0.0011180419824086,0.0008062080014497,5.383300594985485e-05,5.375011824071407e-06,0.2771850420103874,0.2874356250104029,0.2874319160182494,3.708992153406143e-06,0.4196292080159765,,,,,,,,,,,,,,,,,,
1000,0.0632455532033675,15,Random Sampling,11.654765588255325,0.1099999999999999,0.002875009963383,0.2762720419850666,0.0145618749957066,0.0932842089969199,,,,,,,,,0.2762720419850666,0.2762658749998081,6.166985258460045e-06,0.3841181259776931,0.0054590419749729,0.0088281250209547,0.0225070420128759,0.0051423329859972,0.0029505410057026,0.2313787919993046,,,,,,,,,,,,
1000,0.0632455532033675,15,Non-random,13.473419792055028,0.038,0.0009928328818304,0.4820405000064056,0.0145618749957066,0.1050785830011591,,,,,,,,,0.4820405000064056,0.4820382079924457,2.2920139599591498e-06,0.6016809580032714,,,,,,,0.213808207976399,0.2676779169996734,0.0005520830163732,,,,,,,,,
1000,0.0632455532033675,16,Random Projection,8.952629209835019,0.118,0.0046017973145638,0.1718053749937098,0.0185650829807855,0.0947680829849559,5.270799738354981e-05,0.011326833977364,0.0003597500035539,0.0005289579858072,0.0008583329909015,0.0001060000213328,1.3750017387792468e-05,0.1585542079992592,0.1718053749937098,0.1718005409929901,4.8340007197111845e-06,0.2851385409594513,,,,,,,,,,,,,,,,,,
1000,0.0632455532033675,16,Random Sampling,11.634558716513927,0.0819999999999999,0.0008097999215522,0.3114367910020519,0.0185650829807855,0.1170826660236343,,,,,,,,,0.3114367910020519,0.3114319180021994,4.872999852523208e-06,0.4470845400064718,0.0120214170019607,0.0093313340039458,0.0148105830012355,0.0011391250009182,0.0012660000065807,0.2728634589875582,,,,,,,,,,,,
1000,0.0632455532033675,16,Non-random,13.57570955147101,0.022,0.0017865314486788,0.4193144169985316,0.0185650829807855,0.1465052920102607,,,,,,,,,0.4193144169985316,0.419312957994407,1.4590041246265173e-06,0.5843847919895779,,,,,,,0.2040348330046981,0.214746167010162,0.0005319579795468,,,,,,,,,
1000,0.0632455532033675,17,Random Projection,9.443581658071006,0.162,0.0053275975439493,0.2878619999974035,0.0160949999990407,0.1291117500222753,9.583300561644136e-05,0.0049764160066843,0.0019691670022439,0.0009595419978722,0.0007836669974494,4.820901085622609e-05,5.792011506855488e-06,0.2790189579827711,0.2878619999974035,0.2878575840150006,4.415982402861118e-06,0.4330687500187196,,,,,,,,,,,,,,,,,,
1000,0.0632455532033675,17,Random Sampling,11.888721104979709,0.11,0.0017143481912161,0.1043598749965895,0.0160949999990407,0.1511338750133291,,,,,,,,,0.1043598749965895,0.1043533340271096,6.540969479829073e-06,0.2715887500089593,0.0113738329964689,0.0077440000022761,0.0156723750114906,0.0046957090089563,0.001440874999389,0.0634265420085284,,,,,,,,,,,,
1000,0.0632455532033675,17,Non-random,13.590841672826269,0.0419999999999999,0.0004177486588652,0.3351656659797299,0.0160949999990407,0.1127924169995822,,,,,,,,,0.3351656659797299,0.3351632079866249,2.4579931050539017e-06,0.4640530829783529,,,,,,,0.203469165979186,0.130884167010663,0.0008098749967757,,,,,,,,,
1000,0.0632455532033675,18,Random Projection,9.43592436677642,0.0699999999999999,0.0013617881161026,0.2790351669827942,0.0190287080185953,0.1023373329953756,5.49999822396785e-05,0.0052457500132732,0.0001534999755676,0.0004216250090394,0.0008485410071443,4.741598968394101e-05,5.8340083342045546e-06,0.2722537920053582,0.2790351669827942,0.2790314579906408,3.708992153406143e-06,0.4004012079967651,,,,,,,,,,,,,,,,,,
1000,0.0632455532033675,18,Random Sampling,11.503713487030277,0.072,0.0003407873467838,0.1921074589772615,0.0190287080185953,0.0997823330108076,,,,,,,,,0.1921074589772615,0.1921016249980311,5.833979230374098e-06,0.3109185000066645,0.0069647089985664,0.0068527910043485,0.0212183329858817,0.0008372910087928,0.0033024589938577,0.1529260420065838,,,,,,,,,,,,
1000,0.0632455532033675,18,Non-random,13.537390199940887,0.03,0.0010516991234707,0.4498650419991463,0.0190287080185953,0.192585249984404,,,,,,,,,0.4498650419991463,0.4498616659839172,3.376015229150653e-06,0.6614790000021458,,,,,,,0.1908376250066794,0.2564497499843128,0.0025742909929249,,,,,,,,,
1000,0.0632455532033675,19,Random Projection,9.634384016366148,0.118,0.0032366609984931,0.2877957920136396,0.0176721249881666,0.16126858300413,5.483301356434822e-05,0.0041939170041587,0.0001804160128813,0.0056292079971171,0.0011548330076038,5.170897929929197e-05,5.750014679506421e-06,0.2765213749953545,0.2877957920136396,0.2877920410246588,3.75098898075521e-06,0.4667365000059362,,,,,,,,,,,,,,,,,,
1000,0.0632455532033675,19,Random Sampling,11.847839873467532,0.102,0.0008510709748704,0.3141736670222599,0.0176721249881666,0.098265332984738,,,,,,,,,0.3141736670222599,0.3141686230374034,5.043984856456518e-06,0.4301111249951646,0.0085142080206424,0.0091969160130247,0.0180592079996131,0.0033234579896088,0.0013821670145262,0.2736926659999881,,,,,,,,,,,,
1000,0.0632455532033675,19,Non-random,13.554761187964374,0.0579999999999999,0.000751568770009,0.4435400830116123,0.0176721249881666,0.1652895000006538,,,,,,,,,0.4435400830116123,0.4435385840188246,1.4989927876740694e-06,0.6265017080004327,,,,,,,0.2316942090110387,0.2113332500157412,0.0005111249920446,,,,,,,,,
1000,0.0632455532033675,20,Random Projection,8.893119293151244,0.12,0.0040441273140698,0.2810761250148061,0.0227628750144504,0.1133322909881826,6.120800389908254e-05,0.0101279579976107,0.0005428750009741,0.0004598749801516,0.0016736250254325,5.875001079402864e-05,5.624984623864293e-06,0.2681426670169458,0.2810761250148061,0.2810725830204319,3.541994374245405e-06,0.4171712910174392,,,,,,,,,,,,,,,,,,
1000,0.0632455532033675,20,Random Sampling,11.541301873062505,0.09,0.0022453575810355,0.1339207919954788,0.0227628750144504,0.1244783329893834,,,,,,,,,0.1339207919954788,0.1339166670804843,4.1249149944633245e-06,0.2811619999993127,0.0033587090147193,0.0144474999979138,0.0238751250144559,0.0008958750113379,0.0012762500264216,0.0900632080156356,,,,,,,,,,,,
1000,0.0632455532033675,20,Non-random,13.49187273209858,0.03,0.0003497586734195,0.5015497499844059,0.0227628750144504,0.1368959170067683,,,,,,,,,0.5015497499844059,0.5015485829790123,1.167005393654108e-06,0.6612085420056246,,,,,,,0.2320152079919353,0.2689473750069737,0.0005859999801032,,,,,,,,,
1200,0.0577350269189625,1,Random Projection,9.335048865149538,0.0466666666666666,0.0019994295518421,0.2638325419975444,0.0210651659872382,0.1963790830050129,6.441702134907246e-05,0.0056869590189307,0.0001809170062188,0.0034726250160019,0.0011679170129355,5.57919847778976e-05,6.95799826644361e-06,0.2531932910205796,0.2638325419975444,0.2638288760790601,3.6659184843301777e-06,0.4812767909897957,,,,,,,,,,,,,,,,,,
1200,0.0577350269189625,1,Random Sampling,11.943320040900602,0.06,0.000994531720013,0.1690902909904252,0.0210651659872382,0.1734671249869279,,,,,,,,,0.1690902909904252,0.1690831239684485,7.167021976783872e-06,0.3636225819645915,0.0054594999819528,0.0090197910030838,0.0206995419866871,0.0030509160133078,0.0056277499825228,0.125225625000894,,,,,,,,,,,,
1200,0.0577350269189625,1,Non-random,14.20185957665128,0.0183333333333333,0.000630787254857,0.4760154579998925,0.0210651659872382,0.1984980830166023,,,,,,,,,0.4760154579998925,0.47601433302043,1.1249794624745846e-06,0.6955787070037331,,,,,,,0.3488332920242101,0.1265407079772558,0.0006403330189641,,,,,,,,,
1200,0.0577350269189625,2,Random Projection,10.846495692438175,0.1783333333333333,0.0060374087984996,0.2919791669992264,0.015829791984288,0.2160864579782355,6.729201413691044e-05,0.0083704580029007,0.0001846250088419,0.0044468750129453,0.0028595000039786,6.500000017695129e-05,7.041991921141744e-06,0.2759746669908054,0.2919791669992264,0.2919754590257071,3.7079735193401575e-06,0.52389541696175,,,,,,,,,,,,,,,,,,
1200,0.0577350269189625,2,Random Sampling,12.119201313460843,0.0783333333333333,0.0008688947016172,0.3340462080086581,0.015829791984288,0.1897102080110926,,,,,,,,,0.3340462080086581,0.3340402919857297,5.91602292843163e-06,0.5395862080040388,0.0129740420088637,0.0117453339917119,0.0324779580114409,0.0010743749735411,0.0039952920051291,0.2717732909950427,,,,,,,,,,,,
1200,0.0577350269189625,2,Non-random,14.156634137641236,0.0349999999999999,0.0010512664171649,0.552786666987231,0.015829791984288,0.1828923329885583,,,,,,,,,0.552786666987231,0.5527846670011058,1.9999861251562834e-06,0.7515087919600774,,,,,,,0.2811413749877829,0.2707256670109927,0.0009176250023301,,,,,,,,,
1200,0.0577350269189625,3,Random Projection,9.430002018181924,0.09,0.0036512676699295,0.1936265419935807,0.0244455840147566,0.2070738339971285,6.191700231283903e-05,0.0075888750143349,0.0005547910113818,0.0006962920015212,0.0013337079726625,0.0002551670186221,2.216600114479661e-05,0.1831094580120407,0.1936265419935807,0.193622374034021,4.167959559708834e-06,0.4251459600054659,,,,,,,,,,,,,,,,,,
1200,0.0577350269189625,3,Random Sampling,11.967951826733714,0.0783333333333333,0.0018048034561379,0.1901931249885819,0.0244455840147566,0.1667825840122532,,,,,,,,,0.1901931249885819,0.1901869580033235,6.166985258460045e-06,0.3814212930155918,0.0076080830185674,0.0147211669827811,0.0278449160105083,0.0049192080041393,0.0021889169875066,0.1329046669998206,,,,,,,,,,,,
1200,0.0577350269189625,3,Non-random,14.018954240955374,0.02,0.0006072491411847,0.5718781250179745,0.0244455840147566,0.1779724590014666,,,,,,,,,0.5718781250179745,0.5718755419948138,2.5830231606960297e-06,0.7742961680341978,,,,,,,0.3024073750129901,0.2682124589919112,0.0012557079899124,,,,,,,,,
1200,0.0577350269189625,4,Random Projection,9.22593310286072,0.0916666666666666,0.0036996293813011,0.1432179170078598,0.0220037499966565,0.1633143329818267,6.341602420434356e-05,0.0067342499969527,0.000218249973841,0.0005482910200953,0.0012105829955544,5.329199484549463e-05,6.791990017518401e-06,0.1343805000069551,0.1432179170078598,0.1432153740024659,2.543005393818021e-06,0.3285359999863431,,,,,,,,,,,,,,,,,,
1200,0.0577350269189625,4,Random Sampling,12.176722697182557,0.0666666666666666,0.0018566922617443,0.1927750830072909,0.0220037499966565,0.1492697090143337,,,,,,,,,0.1927750830072909,0.1927699170191772,5.165988113731146e-06,0.3640485420182813,0.0062346670019906,0.0180971249938011,0.0196404580201488,0.0041549170273356,0.002157624985557,0.142485124990344,,,,,,,,,,,,
1200,0.0577350269189625,4,Non-random,14.011805022624728,0.02,0.0005081694658653,0.5972545419936068,0.0220037499966565,0.165479333983967,,,,,,,,,0.5972545419936068,0.5972532909945585,1.2509990483522415e-06,0.7847376259742305,,,,,,,0.3285664999857545,0.2679264580074232,0.0007603330013807,,,,,,,,,
1200,0.0577350269189625,5,Random Projection,10.249418864892116,0.1533333333333333,0.0061213065548241,0.2700498329941183,0.0223078340059146,0.2533961250155698,7.120802183635533e-05,0.0027288749988656,0.0001729580108076,0.0021155420108698,0.0031637500214856,6.612497963942587e-05,6.707996362820268e-06,0.2617212920158636,0.2700498329941183,0.2700464580557309,3.3749383874237537e-06,0.5457537920156028,,,,,,,,,,,,,,,,,,
1200,0.0577350269189625,5,Random Sampling,12.183167467446657,0.0883333333333333,0.0019963654317428,0.2507459170010406,0.0223078340059146,0.1506377920159138,,,,,,,,,0.2507459170010406,0.2507389579550363,6.959046004340053e-06,0.4236915430228691,0.0098115419968962,0.015405499987537,0.0208034999959636,0.0011714579886756,0.0038532500038854,0.1996937079820782,,,,,,,,,,,,
1200,0.0577350269189625,5,Non-random,14.195597740690069,0.0283333333333333,0.0004537165003535,0.3852742500021122,0.0223078340059146,0.2085313750139903,,,,,,,,,0.3852742500021122,0.3852722509764135,1.999025698751211e-06,0.6161134590220172,,,,,,,0.2732062919822056,0.1113236249948386,0.0007423339993692,,,,,,,,,
1200,0.0577350269189625,6,Random Projection,9.326288341686189,0.095,0.0048127973023713,0.1488625409838277,0.0246605419961269,0.1724781249940861,6.195798050612211e-05,0.0091516250104177,0.0004309579962864,0.0031166250118985,0.0030831670155748,0.00012437501573,1.6707985196262598e-05,0.1328709170047659,0.1488625409838277,0.148856333020376,6.207963451743126e-06,0.3460012079740409,,,,,,,,,,,,,,,,,,
1200,0.0577350269189625,6,Random Sampling,11.777422785615665,0.0733333333333333,0.0011688641022353,0.3331828750087879,0.0246605419961269,0.1715573330002371,,,,,,,,,0.3331828750087879,0.3331785009941086,4.374014679342508e-06,0.5294007500051521,0.0085799589869566,0.0203506249818019,0.029551291023381,0.0009937090217135,0.0025239999813493,0.271178916998906,,,,,,,,,,,,
1200,0.0577350269189625,6,Non-random,14.069605513225888,0.025,0.0007861258915567,0.4944034999934956,0.0246605419961269,0.1724436669901479,,,,,,,,,0.4944034999934956,0.4944023749849293,1.125008566305041e-06,0.6915077089797705,,,,,,,0.3012679999810643,0.1924330829933751,0.0007012920104898,,,,,,,,,
1200,0.0577350269189625,7,Random Projection,9.62510252551233,0.0933333333333333,0.0037824058339807,0.0895027910009957,0.0266853749926667,0.1596157499880064,0.0001195420045405,0.0062829579983372,0.00041404197691,0.0009062500030267,0.0011968750040978,0.00012437501573,1.6207981389015913e-05,0.0804340410104487,0.0895027910009957,0.0894942909944802,8.500006515532732e-06,0.275803915981669,,,,,,,,,,,,,,,,,,
1200,0.0577350269189625,7,Random Sampling,12.088235266996945,0.0766666666666666,0.0026127717094039,0.1252174589899368,0.0266853749926667,0.1738299159915186,,,,,,,,,0.1252174589899368,0.1252115419774782,5.917012458667159e-06,0.3257327499741222,0.0106556249957066,0.0106312500138301,0.0263113749970216,0.001481541985413,0.0045279999903868,0.0716037499951198,,,,,,,,,,,,
1200,0.0577350269189625,7,Non-random,14.22061893754456,0.0116666666666666,0.0007990252797302,0.6496413749991916,0.0266853749926667,0.347266958997352,,,,,,,,,0.6496413749991916,0.6496394589776173,1.9160215742886062e-06,1.0235937089892104,,,,,,,0.5945757089939434,0.0539258749922737,0.0011378749914001,,,,,,,,,
1200,0.0577350269189625,8,Random Projection,9.102566355110376,0.05,0.0026823084418432,0.1590894580003805,0.0246175000211223,0.2086006249883212,6.583301001228392e-05,0.00240404199576,0.000190916005522,0.0046359580010175,0.0011746670061256,0.0001102910027839,1.633301144465804e-05,0.1504866660106927,0.1590894580003805,0.1590847060433589,4.751957021653652e-06,0.3923075830098241,,,,,,,,,,,,,,,,,,
1200,0.0577350269189625,8,Random Sampling,11.907376806800432,0.06,0.001362283812391,0.2907742919924203,0.0246175000211223,0.3655613340088166,,,,,,,,,0.2907742919924203,0.2907669589912984,7.333001121878624e-06,0.6809531260223594,0.0073314170003868,0.0115052909823134,0.0395651250146329,0.0063159589772112,0.0079131250095088,0.2181360420072451,,,,,,,,,,,,
1200,0.0577350269189625,8,Non-random,13.984872160268043,0.0216666666666666,0.0002887040831691,0.5640015839890111,0.0246175000211223,0.2312532920041121,,,,,,,,,0.5640015839890111,0.5639997499820311,1.834006980061531e-06,0.8198723760142457,,,,,,,0.3320409169828053,0.2311778750154189,0.0007809579838067,,,,,,,,,
1200,0.0577350269189625,9,Random Projection,9.481168470925333,0.0533333333333333,0.0025057385580278,0.2860950420144945,0.0203476669848896,0.190439250000054,6.362501881085336e-05,0.0078449590073432,0.0001899169874377,0.0065703750005923,0.0018757919897325,6.933300755918026e-05,7.08398874849081e-06,0.2694707500049844,0.2860950420144945,0.2860918350052088,3.2070092856884003e-06,0.4968819589994382,,,,,,,,,,,,,,,,,,
1200,0.0577350269189625,9,Random Sampling,11.823714088955567,0.0716666666666666,0.0003645255424542,0.2068573749857023,0.0203476669848896,0.2619931249937508,,,,,,,,,0.2068573749857023,0.2068504180933814,6.956892320886254e-06,0.4891981669643428,0.0079198750026989,0.0143361670197919,0.0582026250194758,0.0015669590211473,0.0079556250129826,0.1168691670172847,,,,,,,,,,,,
1200,0.0577350269189625,9,Non-random,14.08233684352824,0.0283333333333333,0.0007970308117599,0.5556684589828365,0.0203476669848896,0.4589867499889806,,,,,,,,,0.5556684589828365,0.5556670830119401,1.375970896333456e-06,1.0350028759567067,,,,,,,0.2867191249970346,0.2681514580035582,0.0007965000113472,,,,,,,,,
1200,0.0577350269189625,10,Random Projection,9.322484577868371,0.0566666666666666,0.0028206961156563,0.2921354160062037,0.0229950420034583,0.3354928339831531,6.533399573527277e-05,0.0048645829956512,0.0002075000084005,0.0073532499955035,0.0062818749865982,0.0004000419867224,2.1083018509671092e-05,0.2729359589866362,0.2921354160062037,0.2921296259737573,5.79003244638443e-06,0.6506232919928152,,,,,,,,,,,,,,,,,,
1200,0.0577350269189625,10,Random Sampling,11.93759176335079,0.0616666666666666,0.0009877950550727,0.1384012500056997,0.0229950420034583,0.5681171670148615,,,,,,,,,0.1384012500056997,0.1383950400049798,6.210000719875097e-06,0.7295134590240195,0.0094559580029454,0.0088888750178739,0.0311810409766621,0.0011706670047715,0.0059616660000756,0.0817368330026511,,,,,,,,,,,,
1200,0.0577350269189625,10,Non-random,14.180821774850498,0.0216666666666666,0.0004832355359954,0.6937603330006823,0.0229950420034583,0.2536290000134613,,,,,,,,,0.6937603330006823,0.6937582919781562,2.041022526100278e-06,0.970384375017602,,,,,,,0.6000301250023767,0.0930430419975891,0.0006851249781902,,,,,,,,,
1200,0.0577350269189625,11,Random Projection,9.965926980844566,0.145,0.0049640754703698,0.1829678749782033,0.0195508330070879,0.2050683750130701,0.0001164160203188,0.0066125000012107,0.0007003750069998,0.0010639999818522,0.0054396670020651,7.145898416638374e-05,7.624999852851033e-06,0.1689507919945754,0.1829678749782033,0.1829628339910414,5.040987161919475e-06,0.4075870829983614,,,,,,,,,,,,,,,,,,
1200,0.0577350269189625,11,Random Sampling,11.749305297715438,0.0666666666666666,0.0012328503562923,0.1658009160018991,0.0195508330070879,0.2080770419852342,,,,,,,,,0.1658009160018991,0.1657943330064881,6.582995411008596e-06,0.3934287909942213,0.0052229580178391,0.0075271659879945,0.0291034170077182,0.0055054999829735,0.0034495420113671,0.1149857499985955,,,,,,,,,,,,
1200,0.0577350269189625,11,Non-random,14.1284654504227,0.03,0.0011804898372556,0.4838992090080865,0.0195508330070879,0.2151084160141181,,,,,,,,,0.4838992090080865,0.4838974160084035,1.7929996829479933e-06,0.7185584580292925,,,,,,,0.3192836250236723,0.1638704579963814,0.0007433329883497,,,,,,,,,
1200,0.0577350269189625,12,Random Projection,10.194021927010542,0.1266666666666666,0.005028310681953,0.1812160839908756,0.0266485000029206,0.2066391250118613,6.520797614939511e-05,0.0118146669992711,0.0001935830223374,0.0007477090111933,0.0032557919912505,0.0001120840024668,1.6833015251904726e-05,0.1650062080007046,0.1812160839908756,0.1812120840186253,3.999972250312567e-06,0.4145037090056576,,,,,,,,,,,,,,,,,,
1200,0.0577350269189625,12,Random Sampling,12.05054021249525,0.07,0.0010341477853195,0.1515279159939382,0.0266485000029206,0.1708227500203065,,,,,,,,,0.1515279159939382,0.1515219180146232,5.997979314997792e-06,0.3489991660171654,0.007508125010645,0.0146937090030405,0.030504959024256,0.0012729999725706,0.0054473750060424,0.0920947499980684,,,,,,,,,,,,
1200,0.0577350269189625,12,Non-random,14.132902218227574,0.0283333333333333,0.0003571378039705,0.6921914159902371,0.0266485000029206,0.3332350419950671,,,,,,,,,0.6921914159902371,0.6921870849910192,4.330999217927456e-06,1.052074957988225,,,,,,,0.5850798340106849,0.1016943339782301,0.0054129170021042,,,,,,,,,
1200,0.0577350269189625,13,Random Projection,9.419661876774384,0.0683333333333333,0.0031890577679744,0.2040051670046523,0.0323465830006171,0.3482213339884765,6.787499296478927e-05,0.0245986249938141,0.0013037089956924,0.0169900420005433,0.0065462500206194,9.391602361574768e-05,8.749979315325618e-06,0.1543889580061659,0.2040051670046523,0.2039981250127311,7.041991921141744e-06,0.584573083993746,,,,,,,,,,,,,,,,,,
1200,0.0577350269189625,13,Random Sampling,11.727090134558791,0.0566666666666666,0.0013947953599443,0.1936885830073151,0.0323465830006171,0.1815217499970458,,,,,,,,,0.1936885830073151,0.1936819589463994,6.624060915783048e-06,0.4075569160049781,0.0089053749979939,0.0148377079749479,0.0357447919959668,0.0020139999978709,0.0088494170049671,0.1233306669746525,,,,,,,,,,,,
1200,0.0577350269189625,13,Non-random,14.035797170477084,0.0183333333333333,0.0008318099255877,0.5964028750022408,0.0323465830006171,0.2594679580070078,,,,,,,,,0.5964028750022408,0.5964012079930399,1.667009200900793e-06,0.8882174160098657,,,,,,,0.5267572909942828,0.068743749987334,0.000900167011423,,,,,,,,,
1200,0.0577350269189625,14,Random Projection,9.370959870817234,0.0783333333333333,0.0028716657536751,0.0802700000058393,0.0218225840071681,0.1727084580052178,7.30419997125864e-05,0.0045900839904788,0.0017349580011796,0.0067397500097285,0.0010555420012678,7.154099876061082e-05,6.624992238357663e-06,0.0659935419971589,0.0802700000058393,0.0802650839905254,4.91601531393826e-06,0.2748010420182254,,,,,,,,,,,,,,,,,,
1200,0.0577350269189625,14,Random Sampling,11.910573566948422,0.0816666666666666,0.0009601328812068,0.1666786250134464,0.0218225840071681,0.2391815409937407,,,,,,,,,0.1666786250134464,0.1666722930385731,6.331974873319268e-06,0.4276827500143554,0.0056682919966988,0.0129706669831648,0.0574833340069744,0.0062366250203922,0.0046128750254865,0.0797005000058561,,,,,,,,,,,,
1200,0.0577350269189625,14,Non-random,14.114848819267827,0.03,0.0001911427478099,0.4467076250002719,0.0218225840071681,0.1824304579931777,,,,,,,,,0.4467076250002719,0.4467053739936091,2.2510066628456116e-06,0.6509606670006178,,,,,,,0.3905240829917602,0.0550033749896101,0.0011779160122387,,,,,,,,,
1200,0.0577350269189625,15,Random Projection,8.987188610197057,0.0683333333333333,0.0038348141606412,0.101163292012643,0.0340587499958928,0.2331606250081677,6.741698598489165e-05,0.0035888330021407,0.0001892499858513,0.0059732500230893,0.0017782080103643,0.000123915990116,1.575000351294875e-05,0.0894216659944504,0.101163292012643,0.1011582899955101,5.002017132937908e-06,0.3683826670167036,,,,,,,,,,,,,,,,,,
1200,0.0577350269189625,15,Random Sampling,11.548078366605107,0.0533333333333333,0.0014590574042677,0.1386440840142313,0.0340587499958928,0.1769025000103283,,,,,,,,,0.1386440840142313,0.1386363740311935,7.709983037784696e-06,0.3496053340204526,0.0107878330163657,0.0202083750045858,0.0256513330095913,0.0012889170029666,0.0024451659992337,0.0782547499984502,,,,,,,,,,,,
1200,0.0577350269189625,15,Non-random,14.125828464284249,0.02,0.0010050589351022,0.3513562919979449,0.0340587499958928,0.2065435000113211,,,,,,,,,0.3513562919979449,0.3513540830172132,2.208980731666088e-06,0.591958542005159,,,,,,,0.293348542007152,0.0568843329965602,0.001121208013501,,,,,,,,,
1200,0.0577350269189625,16,Random Projection,9.322901910487577,0.0983333333333333,0.003829842387949,0.0843372499803081,0.0243764580227434,0.1988055830006487,6.770802428945899e-05,0.00688054098282,0.0001802920014597,0.0008479579992126,0.0014559160044882,7.224999717436731e-05,7.333001121878624e-06,0.0748209589801263,0.0843372499803081,0.0843329569906927,4.292989615350962e-06,0.3075192910037003,,,,,,,,,,,,,,,,,,
1200,0.0577350269189625,16,Random Sampling,12.361613157843555,0.06,0.0005563227406177,0.1382917080190964,0.0243764580227434,0.2374644590017851,,,,,,,,,0.1382917080190964,0.1382842080201953,7.499998901039362e-06,0.400132625043625,0.0079429160105064,0.0123395420087035,0.0194782499747816,0.0052435000252444,0.0047453750157728,0.0885346249851863,,,,,,,,,,,,
1200,0.0577350269189625,16,Non-random,14.206310076740047,0.0233333333333333,0.0010171123188535,0.384322041994892,0.0243764580227434,0.2281063749978784,,,,,,,,,0.384322041994892,0.3843200000119395,2.04198295250535e-06,0.636804875015514,,,,,,,0.3076439579890575,0.0754296670202165,0.0012463750026654,,,,,,,,,
1200,0.0577350269189625,17,Random Projection,9.93828453873034,0.0816666666666666,0.0034422536014828,0.161249166005291,0.0236605000100098,0.2222872909915167,6.60410150885582e-05,0.0159634169831406,0.0002022080007009,0.0096762079920154,0.0079848750028759,0.0001955000043381,1.7499987734481692e-05,0.1271358749945648,0.161249166005291,0.1612416239804588,7.542024832218885e-06,0.4071969570068177,,,,,,,,,,,,,,,,,,
1200,0.0577350269189625,17,Random Sampling,12.142335423641889,0.0716666666666666,0.0008319160039071,0.1663955000112764,0.0236605000100098,0.2214042499836068,,,,,,,,,0.1663955000112764,0.16639037601999,5.123991286382079e-06,0.4114602500048931,0.0115382499934639,0.0148342920001596,0.0315543750184588,0.0010255419765599,0.0025975830212701,0.1048403340100776,,,,,,,,,,,,
1200,0.0577350269189625,17,Non-random,14.115713225493003,0.0133333333333333,0.001089818440709,0.4257409999845549,0.0236605000100098,0.2144020830164663,,,,,,,,,0.4257409999845549,0.4257389999984298,1.9999861251562834e-06,0.6638035830110312,,,,,,,0.3411365000065416,0.0834982919914182,0.0011042080004699,,,,,,,,,
1200,0.0577350269189625,18,Random Projection,9.658465930244208,0.085,0.0037614657840224,0.0826801249932032,0.027498583018314,0.1836271659994963,6.883300375193357e-05,0.0057003749825526,0.000413000001572,0.0005626660131383,0.0027051249926444,0.0001134579943027,1.6792007954791188e-05,0.0730953750025946,0.0826801249932032,0.0826756239985115,4.5009946916252375e-06,0.2938058740110136,,,,,,,,,,,,,,,,,,
1200,0.0577350269189625,18,Random Sampling,11.804485916736969,0.0616666666666666,0.0014520219458547,0.233563709014561,0.027498583018314,0.1794490829925052,,,,,,,,,0.233563709014561,0.2335584160173311,5.292997229844332e-06,0.4405113750253804,0.0140119160059839,0.0074150419968646,0.036712583998451,0.001040125003783,0.002484833006747,0.1718939160055015,,,,,,,,,,,,
1200,0.0577350269189625,18,Non-random,14.011229492150836,0.02,0.0007654372816615,0.5204296250012703,0.027498583018314,0.2031044579925947,,,,,,,,,0.5204296250012703,0.5204279179743025,1.707026967778802e-06,0.7510326660121791,,,,,,,0.3051296669873409,0.2145318340044468,0.0007664169825147,,,,,,,,,
1200,0.0577350269189625,19,Random Projection,9.128301159913203,0.0616666666666666,0.0038658801623167,0.1516680000058841,0.0159279590006917,0.1594614170026034,6.325001595541835e-05,0.0095784590230323,0.0010400410101283,0.0015333330084104,0.0055843750014901,7.40000104997307e-05,8.208007784560323e-06,0.1337815409933682,0.1516680000058841,0.1516632070706691,4.792935214936733e-06,0.3270573760091793,,,,,,,,,,,,,,,,,,
1200,0.0577350269189625,19,Random Sampling,11.959497963606378,0.065,0.0017044829693581,0.1670014159753918,0.0159279590006917,0.212008667003829,,,,,,,,,0.1670014159753918,0.1669951670337468,6.248941645026207e-06,0.3949380419799126,0.0101941670000087,0.0115747500094585,0.0266393750207498,0.0013042920036241,0.0045210410025902,0.1127615419973153,,,,,,,,,,,,
1200,0.0577350269189625,19,Non-random,14.142311041456573,0.015,0.0009465561860891,0.3948697090090718,0.0159279590006917,0.1941757499880623,,,,,,,,,0.3948697090090718,0.3948666260112077,3.082997864112258e-06,0.6049734179978259,,,,,,,0.3107243340054992,0.0817775840114336,0.0023647079942747,,,,,,,,,
1200,0.0577350269189625,20,Random Projection,9.821419826083684,0.0816666666666666,0.0023728413263166,0.1018637079978361,0.0243617499945685,0.1833384170022327,6.479199510067701e-05,0.0082823330012615,0.0006080419989302,0.002432166977087,0.0077296250092331,7.308399653993547e-05,7.374997949227691e-06,0.0826622919994406,0.1018637079978361,0.1018597099755425,3.998022293671966e-06,0.3095638749946374,,,,,,,,,,,,,,,,,,
1200,0.0577350269189625,20,Random Sampling,12.62518314216134,0.0866666666666666,0.0010802790577219,0.2027545000019017,0.0243617499945685,0.1964085420186165,,,,,,,,,0.2027545000019017,0.2027492099732626,5.290028639137745e-06,0.4235247920150868,0.010195708979154,0.0127560420078225,0.0369049999862909,0.0014095419901423,0.0060209170042071,0.1354620000056456,,,,,,,,,,,,
1200,0.0577350269189625,20,Non-random,14.222114273382369,0.03,0.0007039167170146,0.4254470840096473,0.0243617499945685,0.2062144999799784,,,,,,,,,0.4254470840096473,0.4254450840235222,1.9999861251562834e-06,0.6560233339841943,,,,,,,0.3280500420078169,0.0966398750024382,0.000755167013267,,,,,,,,,
200,0.1414213562373095,1,SIGN,7.593824962955905,0.81,0.024653330013046273,0.04059566697105765,0.0004469167906790972,0.0018002090509980917,,,,,,,,,0.04059566697105765,0.04059262527152896,3.041699528694153e-06,0.04284279281273484,,,,,,,,,,1.3667158782482147e-05,12.0,2.0,0.0002604159526526928,0.00013924995437264442,3.63329891115427e-05,2.950010821223259e-05,1.959037035703659e-06,0.04011150007136166
200,0.1414213562373095,2,SIGN,8.167552382253387,0.51,0.01960586954851122,0.016875917091965675,0.0003654579631984234,0.001844916958361864,,,,,,,,,0.016875917091965675,0.016872709151357412,3.2079406082630157e-06,0.019086292013525963,,,,,,,,,,1.1667143553495407e-05,12.0,2.0,0.00023241713643074036,0.0007537498604506254,7.77500681579113e-05,7.158401422202587e-05,6.041023880243301e-06,0.01571949990466237
200,0.1414213562373095,3,SIGN,7.265791094373965,0.4,0.021216147557361856,0.0692842910066247,0.0005940420087426901,0.0027856670785695314,,,,,,,,,0.0692842910066247,0.06928050145506859,3.789551556110382e-06,0.07266400009393692,,,,,,,,,,2.591707743704319e-05,12.0,2.0,0.0005215408746153116,0.0003470000810921192,7.229205220937729e-05,5.1167095080018044e-05,4.500150680541992e-06,0.06825808412395418
200,0.1414213562373095,4,SIGN,7.6634645114709015,0.39999999999999997,0.019023244439736978,0.06157358316704631,0.00036383303813636303,0.0023986250162124634,,,,,,,,,0.06157358316704631,0.06157166603952646,1.9171275198459625e-06,0.06433604122139513,,,,,,,,,,1.1082971468567848e-05,12.0,2.0,0.00023604114539921284,0.00013558310456573963,3.104214556515217e-05,2.629193477332592e-05,2.0829029381275177e-06,0.06112954183481634
200,0.1414213562373095,5,SIGN,7.6770210262991,0.28,0.010329126465628807,0.023520583985373378,0.0011507919989526272,0.0018805409781634808,,,,,,,,,0.023520583985373378,0.023518000729382038,2.5832559913396835e-06,0.026551916962489486,,,,,,,,,,2.008303999900818e-05,12.0,2.0,0.00048104114830493927,0.0003028751816600561,7.670815102756023e-05,5.02921175211668e-05,4.542060196399689e-06,0.022582459030672908
200,0.1414213562373095,6,SIGN,7.610287197872241,0.78,0.01675107908155743,0.03083037491887808,0.0010533749591559172,0.002573625184595585,,,,,,,,,0.03083037491887808,0.030827999114990234,2.3758038878440857e-06,0.03445737506262958,,,,,,,,,,1.9999919459223747e-05,12.0,2.0,0.0004753340035676956,0.00019349996000528336,3.7833116948604584e-05,2.9582995921373367e-05,2.0831357687711716e-06,0.030069665983319283
200,0.1414213562373095,7,SIGN,7.243014219951282,0.7,0.03181648659717208,0.021833624923601747,0.0004854579456150532,0.0012995421420782804,,,,,,,,,0.021833624923601747,0.021831625141203403,1.9997823983430862e-06,0.02361862501129508,,,,,,,,,,1.1041993275284767e-05,12.0,2.0,0.00033358391374349594,0.0001680001150816679,3.5207951441407204e-05,2.8833048418164253e-05,2.125045284628868e-06,0.021252833073958755
200,0.1414213562373095,8,SIGN,7.417982996026126,0.23,0.007549233218363732,0.01776275015436113,0.0004600000102072954,0.0013175420463085175,,,,,,,,,0.01776275015436113,0.0177611680701375,1.5820842236280441e-06,0.01954029221087694,,,,,,,,,,1.1082971468567848e-05,12.0,2.0,0.00022962503135204315,0.0001342089381068945,3.179209306836128e-05,2.6209047064185143e-05,1.8749851733446121e-06,0.017326375003904104
200,0.1414213562373095,9,SIGN,7.504339093579228,0.24,0.009483718747848563,0.028548625065013766,0.0003703339025378227,0.002673917217180133,,,,,,,,,0.028548625065013766,0.02854708442464471,1.5406403690576553e-06,0.03159287618473172,,,,,,,,,,1.0708114132285118e-05,12.0,2.0,0.00022612512111663818,0.0001317090354859829,3.083399496972561e-05,2.4041160941123962e-05,1.9581057131290436e-06,0.028121708892285824
200,0.1414213562373095,10,SIGN,7.409725400583353,0.41000000000000003,0.012139861708129973,0.024508375208824873,0.0009255420882254839,0.0034952089190483093,,,,,,,,,0.024508375208824873,0.02450645691715181,1.918291673064232e-06,0.028929126216098666,,,,,,,,,,1.237494871020317e-05,12.0,2.0,0.00023170816712081432,0.00013758288696408272,3.295787610113621e-05,2.8291018679738045e-05,2.00001522898674e-06,0.024061542004346848
200,0.1414213562373095,11,SIGN,7.125051517174363,0.32999999999999996,0.012348056970239107,0.032468208111822605,0.0007239161059260368,0.003619167022407055,,,,,,,,,0.032468208111822605,0.03246433427557349,3.873836249113083e-06,0.0368112912401557,,,,,,,,,,1.9459053874015808e-05,12.0,2.0,0.0004765409976243973,0.00029437500052154064,7.912516593933105e-05,5.337502807378769e-05,4.749977961182594e-06,0.03153670905157924
200,0.1414213562373095,12,SIGN,7.013134177710968,0.73,0.018215101830293137,0.02371970796957612,0.0004365839995443821,0.002790834056213498,,,,,,,,,0.02371970796957612,0.02371750120073557,2.2067688405513763e-06,0.026947126025334,,,,,,,,,,1.3416167348623276e-05,12.0,2.0,0.00024099997244775295,0.00013787508942186832,3.120885230600834e-05,2.733408473432064e-05,2.00001522898674e-06,0.02326466701924801
200,0.1414213562373095,13,SIGN,7.326508527363546,0.32999999999999996,0.010342112024190803,0.016437166137620807,0.001065041869878769,0.0026278330478817225,,,,,,,,,0.016437166137620807,0.01643321057781577,3.955559805035591e-06,0.020130041055381298,,,,,,,,,,2.312520518898964e-05,12.0,2.0,0.0004946670960634947,0.0003195840399712324,7.64171127229929e-05,4.9584079533815384e-05,4.37488779425621e-06,0.01546545815654099
200,0.1414213562373095,14,SIGN,7.440230924931938,0.77,0.023424274601200806,0.015436208108440042,0.00040975003503262997,0.0016620841342955828,,,,,,,,,0.015436208108440042,0.015432917512953281,3.2905954867601395e-06,0.017508042277768254,,,,,,,,,,0.00031520798802375793,12.0,2.0,0.0002858750522136688,0.00018208404071629047,3.995816223323345e-05,4.233303479850292e-05,2.2922176867723465e-06,0.014565167017281055
200,0.1414213562373095,15,SIGN,8.044694033920678,0.38,0.028802285131681926,0.021791958948597312,0.0007464170921593904,0.00380183313973248,,,,,,,,,0.021791958948597312,0.02178891492076218,3.0440278351306915e-06,0.026340209180489182,,,,,,,,,,1.9249971956014633e-05,12.0,2.0,0.0005294580478221178,0.00033237505704164505,7.491582073271275e-05,6.070802919566631e-05,4.458008334040642e-06,0.020767749985679984
200,0.1414213562373095,16,SIGN,6.993318540239252,0.35,0.012266541960242294,0.020627541933208704,0.0017147078178822994,0.0033146250061690807,,,,,,,,,0.020627541933208704,0.020625290693715215,2.2512394934892654e-06,0.025656874757260084,,,,,,,,,,1.587485894560814e-05,12.0,2.0,0.00025237491354346275,0.00014679203741252422,3.6665936931967735e-05,2.8209062293171883e-05,2.040993422269821e-06,0.02014333289116621
200,0.1414213562373095,17,SIGN,7.3574028749629825,0.37,0.016710866847524472,0.026962875155732036,0.000811500009149313,0.0014175830874592066,,,,,,,,,0.026962875155732036,0.026960332179442048,2.542976289987564e-06,0.029191958252340555,,,,,,,,,,1.2375181540846825e-05,12.0,2.0,0.0008415000047534704,0.00023308303207159042,3.658304922282696e-05,3.5084085538983345e-05,2.166023477911949e-06,0.025799540802836418
200,0.1414213562373095,18,SIGN,7.454489404248141,0.66,0.02505318059900362,0.03913799999281764,0.00037212506867945194,0.024005125043913722,,,,,,,,,0.03913799999281764,0.03913304302841425,4.956964403390884e-06,0.06351525010541081,,,,,,,,,,1.1375173926353455e-05,12.0,2.0,0.0002315840683877468,0.001044292002916336,0.00013533304445445538,0.00013145897537469864,8.95792618393898e-06,0.03757004183717072
200,0.1414213562373095,19,SIGN,7.127842460123134,0.57,0.013874050741776278,0.029727624962106347,0.0007877498865127563,0.0012553329579532146,,,,,,,,,0.029727624962106347,0.029720375780016184,7.249182090163231e-06,0.03177070780657232,,,,,,,,,,1.3750046491622925e-05,12.0,2.0,0.000279333908110857,0.0004574169870465994,0.00016137491911649704,0.00012425007298588753,7.958849892020226e-06,0.0286762909963727
200,0.1414213562373095,20,SIGN,7.25476303984603,0.48,0.02185073301890321,0.013771750032901764,0.00038441712968051434,0.001534332986921072,,,,,,,,,0.013771750032901764,0.013769999612122774,1.7504207789897919e-06,0.01569050014950335,,,,,,,,,,1.1666910722851753e-05,12.0,2.0,0.00023483391851186752,0.00013691699132323265,3.0916882678866386e-05,2.6416033506393433e-05,2.0829029381275177e-06,0.013327165972441435
400,0.1,1,SIGN,7.725629999660481,0.36,0.015474264149385603,0.05158108286559582,0.0020558328833431005,0.013472165912389755,,,,,,,,,0.05158108286559582,0.05157641600817442,4.666857421398163e-06,0.06710908166132867,,,,,,,,,,2.3624859750270844e-05,12.0,2.0,0.002575875027105212,0.0007252499926835299,0.00041258311830461025,7.487507537007332e-05,7.417052984237671e-06,0.047756790881976485
400,0.1,2,SIGN,8.462060384642875,0.445,0.013683399149764824,0.05488408310338855,0.0017705841455608606,0.0119312081951648,,,,,,,,,0.05488408310338855,0.05488149984739721,2.5832559913396835e-06,0.06858587544411421,,,,,,,,,,2.02918890863657e-05,12.0,2.0,0.00545929092913866,0.0004005830269306898,0.0004295001272112131,5.066697485744953e-05,3.1669624149799347e-06,0.04851799993775785
400,0.1,3,SIGN,8.433768113292377,0.56,0.015671734491853134,0.08924016705714166,0.002933416049927473,0.01266766618937254,,,,,,,,,0.08924016705714166,0.08923504105769098,5.125999450683594e-06,0.10484124929644167,,,,,,,,,,5.008396692574024e-05,12.0,2.0,0.0019554172176867723,0.0005449580494314432,0.0001374159473925829,3.483286127448082e-05,3.00002284348011e-06,0.08650933299213648
400,0.1,4,SIGN,7.897085139901878,0.28500000000000003,0.012159443819116739,0.05745662492699921,0.0020652918610721827,0.04220404103398323,,,,,,,,,0.05745662492699921,0.05745070893317461,5.915993824601173e-06,0.10172595782205462,,,,,,,,,,2.170889638364315e-05,12.0,2.0,0.0037579170893877745,0.0038014170713722706,0.0007368330843746662,8.324999362230301e-05,4.37488779425621e-06,0.049045207910239697
400,0.1,5,SIGN,7.50868733436146,0.45,0.018539164406958866,0.05940737505443394,0.0027183748316019773,0.01634724996984005,,,,,,,,,0.05940737505443394,0.059399374295026064,8.000759407877922e-06,0.07847299985587597,,,,,,,,,,3.904104232788086e-05,12.0,2.0,0.008802666096016765,0.0011000419035553932,0.0030024999286979437,0.00014375010505318642,1.0417075827717781e-05,0.04630095814354718
400,0.1,6,SIGN,7.924714387743669,0.20500000000000002,0.005995299758746034,0.05939879082143307,0.002913291100412607,0.09605891699902713,,,,,,,,,0.05939879082143307,0.05939483339898288,3.957422450184822e-06,0.1583709989208728,,,,,,,,,,4.116701893508434e-05,12.0,2.0,0.005463541019707918,0.00047087506391108036,0.00013183406554162502,3.320816904306412e-05,3.125052899122238e-06,0.05325108300894499
400,0.1,7,SIGN,7.911926074125995,0.24,0.008198168627713318,0.05717770918272436,0.0027006249874830246,0.0185138750821352,,,,,,,,,0.05717770918272436,0.05717350170016289,4.207482561469078e-06,0.07839220925234258,,,,,,,,,,2.5624874979257584e-05,12.0,2.0,0.0005700839683413506,0.0005799999926239252,0.0035828750114887953,4.470883868634701e-05,3.7499703466892242e-06,0.05236645904369652
400,0.1,8,SIGN,7.974543425208425,0.44,0.01259504036148855,0.05753504089079797,0.005018959054723382,0.021754416869953275,,,,,,,,,0.05753504089079797,0.0575315011665225,3.53972427546978e-06,0.08430841681547463,,,,,,,,,,4.1499966755509377e-05,12.0,2.0,0.005663624964654446,0.0010623750276863575,0.00018737511709332466,3.137486055493355e-05,2.7921050786972046e-06,0.050542459124699235
400,0.1,9,SIGN,8.19557340694063,0.52,0.01719321296207496,0.09964000014588237,0.003206708002835512,0.014218082884326577,,,,,,,,,0.09964000014588237,0.09963308437727392,6.91576860845089e-06,0.11706479103304446,,,,,,,,,,4.441710188984871e-05,12.0,2.0,0.004852375015616417,0.00047187507152557373,0.0002689170651137829,3.283401019871235e-05,3.00002284348011e-06,0.0939596660900861
400,0.1,10,SIGN,8.163921712962123,0.3,0.013640532571586109,0.046310583129525185,0.0012949169613420963,0.016631833976134658,,,,,,,,,0.046310583129525185,0.046308625023812056,1.9581057131290436e-06,0.06423733406700194,,,,,,,,,,2.1208077669143677e-05,12.0,2.0,0.0009832910727709532,0.0004490420687943697,0.00018199998885393143,3.116694279015064e-05,2.874992787837982e-06,0.04463904188014567
400,0.1,11,SIGN,8.025053121265898,0.355,0.012098108383858427,0.05436320905573666,0.0015577080193907022,0.028701249975711107,,,,,,,,,0.05436320905573666,0.05435983184725046,3.377208486199379e-06,0.08462216705083847,,,,,,,,,,2.1082814782857895e-05,12.0,2.0,0.001928415847942233,0.0019838749431073666,0.0008352089207619429,4.7208042815327644e-05,5.125068128108978e-06,0.049538916209712625
400,0.1,12,SIGN,7.889075904832703,0.42500000000000004,0.012766280765950086,0.0770428751129657,0.002756332978606224,0.016762375133112073,,,,,,,,,0.0770428751129657,0.0770397495944053,3.125518560409546e-06,0.096561583224684,,,,,,,,,,2.2999942302703857e-05,12.0,2.0,0.0035732919350266457,0.0005333328153938055,0.0002442088443785906,3.4250086173415184e-05,3.5830307751893997e-06,0.07262808294035494
400,0.1,13,SIGN,8.691075563390097,0.175,0.003977598644735084,0.07964983396232128,0.0027142500039190054,0.013772249920293689,,,,,,,,,0.07964983396232128,0.0796469992492348,2.8347130864858627e-06,0.09613633388653398,,,,,,,,,,2.195802517235279e-05,12.0,2.0,0.000563083216547966,0.0009689999278634787,9.16249118745327e-05,2.850010059773922e-05,2.8330832719802856e-06,0.07796999998390675
400,0.1,14,SIGN,8.608133659985821,0.34,0.011759195331127306,0.0547645001206547,0.0015586670488119125,0.009989083046093583,,,,,,,,,0.0547645001206547,0.05476125003769994,3.250082954764366e-06,0.0663122502155602,,,,,,,,,,2.095801755785942e-05,12.0,2.0,0.0009544580243527889,0.0004516670014709234,0.0003029161598533392,3.2125040888786316e-05,2.9588118195533752e-06,0.05299616698175669
400,0.1,15,SIGN,8.263862828986232,0.37,0.014031517988230852,0.0927556671667844,0.0030644170474261045,0.018987833056598902,,,,,,,,,0.0927556671667844,0.09274695813655853,8.709030225872993e-06,0.11480791727080941,,,,,,,,,,4.8708170652389526e-05,12.0,2.0,0.0014303750358521938,0.00140420813113451,0.0001610829494893551,0.00010179192759096622,4.499917849898338e-06,0.08959629200398922
400,0.1,16,SIGN,8.04046804532752,0.41000000000000003,0.01288422245147712,0.08787895808927715,0.003785459091886878,0.022034374997019768,,,,,,,,,0.08787895808927715,0.0878740418702364,4.916219040751457e-06,0.1136987921781838,,,,,,,,,,3.041699528694153e-05,12.0,2.0,0.0013937919866293669,0.0018897908739745617,0.0006458340212702751,9.125005453824997e-05,1.0791933164000511e-05,0.083812166005373
400,0.1,17,SIGN,9.196238101709294,0.405,0.011639309931823515,0.07585012493655086,0.0021029161289334297,0.017689290922135115,,,,,,,,,0.07585012493655086,0.07584475143812597,5.373498424887657e-06,0.0956423319876194,,,,,,,,,,3.858399577438831e-05,12.0,2.0,0.003713125130161643,0.004046667134389281,0.0007772089447826147,0.00011887494474649429,1.5291152521967888e-05,0.06713500013574958
400,0.1,18,SIGN,8.513002088053875,0.235,0.006667939894350425,0.07881529186852276,0.0031196249183267355,0.01721266587264836,,,,,,,,,0.07881529186852276,0.07881108368746936,4.20818105340004e-06,0.09914758265949786,,,,,,,,,,2.174987457692623e-05,12.0,2.0,0.008400124963372946,0.0017751248087733984,0.0006236250046640635,7.762503810226917e-05,7.541850209236145e-06,0.06790529214777052
400,0.1,19,SIGN,8.20803602300641,0.305,0.01155737328904452,0.06803729105740786,0.0027872498612850904,0.020238999975845218,,,,,,,,,0.06803729105740786,0.06803275062702596,4.540430381894112e-06,0.09106354089453816,,,,,,,,,,3.824988380074501e-05,12.0,2.0,0.003443750087171793,0.0005189999938011169,0.0001763750333338976,5.03340270370245e-05,2.9997900128364563e-06,0.06380204181186855
400,0.1,20,SIGN,7.812604178349061,0.235,0.009765106236482635,0.06049687508493662,0.0030354580376297235,0.015615166164934635,,,,,,,,,0.06049687508493662,0.06049241730943322,4.457775503396988e-06,0.07914749928750098,,,,,,,,,,2.7749920263886452e-05,12.0,2.0,0.0011821670923382044,0.001063792034983635,0.0006968330126255751,7.962505333125591e-05,7.833121344447136e-06,0.05743441707454622
600,0.08164965809277261,1,SIGN,7.813355651289719,0.31,0.011417874129085778,0.06995995785109699,0.008702708873897791,0.034801125060766935,,,,,,,,,0.06995995785109699,0.06995470845140517,5.249399691820145e-06,0.11346379178576171,,,,,,,,,,4.108389839529991e-05,12.0,2.0,0.0016764579340815544,0.0012489999644458294,0.00014262483455240726,3.2916897907853127e-05,3.6249402910470963e-06,0.06680899998173118
600,0.08164965809277261,2,SIGN,9.116299319982973,0.5033333333333334,0.01492075199044511,0.10374820814467967,0.007392624858766794,0.03425679192878306,,,,,,,,,0.10374820814467967,0.1037434998434037,4.708301275968552e-06,0.14539762493222952,,,,,,,,,,3.487500362098217e-05,12.0,2.0,0.0115557920653373,0.003400875022634864,0.0001821247860789299,6.05839304625988e-05,4.458008334040642e-06,0.08850479102693498
600,0.08164965809277261,3,SIGN,8.246110873967273,0.27666666666666667,0.009821889109515286,0.09753012494184077,0.004206999903544784,0.03930179192684591,,,,,,,,,0.09753012494184077,0.09752624994143844,3.875000402331352e-06,0.14103891677223146,,,,,,,,,,3.079208545386791e-05,12.0,2.0,0.005556750111281872,0.001048457808792591,0.00019316677935421467,4.433305002748966e-05,3.875000402331352e-06,0.09064887510612607
600,0.08164965809277261,4,SIGN,8.685571719612552,0.3,0.008739406495820598,0.05514558288268745,0.003508166875690222,0.045903332997113466,,,,,,,,,0.05514558288268745,0.05514091718941927,4.6656932681798935e-06,0.10455708275549114,,,,,,,,,,3.200001083314419e-05,12.0,2.0,0.006504124961793423,0.0014860830269753933,0.0007798341102898121,8.591706864535809e-05,9.167008101940155e-06,0.0462437910027802
600,0.08164965809277261,5,SIGN,8.696029487222598,0.2666666666666667,0.011259896916946746,0.08040162501856685,0.0071310841012746096,0.03605879098176956,,,,,,,,,0.08040162501856685,0.0803957914467901,5.8335717767477036e-06,0.12359150010161102,,,,,,,,,,6.083282642066479e-05,12.0,2.0,0.007217542035505176,0.004526416072621942,0.0003916248679161072,5.704187788069248e-05,4.791887477040291e-06,0.06813754187896848
600,0.08164965809277261,6,SIGN,10.104485779514256,0.8433333333333333,0.0135966653891757,0.07382262498140335,0.0045646249782294035,0.033213917165994644,,,,,,,,,0.07382262498140335,0.07381816790439188,4.457077011466026e-06,0.1116011671256274,,,,,,,,,,3.2667070627212524e-05,12.0,2.0,0.0017399999778717756,0.0010137089993804693,0.00023387488909065723,5.4999953135848045e-05,5.166977643966675e-06,0.07073775003664196
600,0.08164965809277261,7,SIGN,8.622612256526565,0.36,0.013861757969760927,0.08592745801433921,0.006891499971970916,0.04429795895703137,,,,,,,,,0.08592745801433921,0.08591991942375898,7.538590580224991e-06,0.1371169169433415,,,,,,,,,,3.0208146199584007e-05,12.0,2.0,0.009624375030398369,0.001372041879221797,0.0013195842038840055,0.0001346671488136053,1.3208948075771332e-05,0.07342583406716585
600,0.08164965809277261,8,SIGN,8.766083900873634,0.2966666666666667,0.008911575995102283,0.05706987506709993,0.00444216700270772,0.034243332920596004,,,,,,,,,0.05706987506709993,0.05706108291633427,8.792150765657425e-06,0.09575537499040365,,,,,,,,,,6.229104474186897e-05,12.0,2.0,0.007835292024537921,0.0016944999806582928,0.0013743750751018524,0.00012595788575708866,9.541865438222885e-06,0.045959125040099025
600,0.08164965809277261,9,SIGN,8.171279286666875,0.2833333333333333,0.007663395488410676,0.06837195809930563,0.00807220907881856,0.03702520905062556,,,,,,,,,0.06837195809930563,0.06836324976757169,8.708331733942032e-06,0.11346937622874975,,,,,,,,,,3.4458935260772705e-05,12.0,2.0,0.007960167014971375,0.002055124845355749,0.0012235830072313547,0.00012366706505417824,1.3832934200763702e-05,0.056952415965497494
600,0.08164965809277261,10,SIGN,8.393732257235047,0.18,0.00704390033896693,0.07194941700436175,0.006442334037274122,0.043225042056292295,,,,,,,,,0.07194941700436175,0.07194112497381866,8.292030543088913e-06,0.12161679309792817,,,,,,,,,,5.891593173146248e-05,12.0,2.0,0.004942167084664106,0.003061958122998476,0.0004038340412080288,0.0001296249683946371,1.037493348121643e-05,0.06333424989134073
600,0.08164965809277261,11,SIGN,8.478907775901499,0.43666666666666665,0.011946609287356053,0.07053820905275643,0.006491292035207152,0.03541341610252857,,,,,,,,,0.07053820905275643,0.0705341671127826,4.041939973831177e-06,0.11244291719049215,,,,,,,,,,5.866703577339649e-05,12.0,2.0,0.002965667052194476,0.0008630829397588968,0.0011306670494377613,4.570791497826576e-05,4.624947905540466e-06,0.06546575017273426
600,0.08164965809277261,12,SIGN,8.297771125832975,0.32999999999999996,0.009666472401087638,0.10385095910169184,0.005837958073243499,0.045338625088334084,,,,,,,,,0.10385095910169184,0.10384349850937724,7.4605923146009445e-06,0.15502754226326942,,,,,,,,,,5.1999930292367935e-05,12.0,2.0,0.00512495799921453,0.0029451658483594656,0.0019214579369872808,5.0042057409882545e-05,4.582805559039116e-06,0.09374529193155468
600,0.08164965809277261,13,SIGN,8.933062156760112,0.35333333333333333,0.00998600918565877,0.08015404199250042,0.007170625030994415,0.040736666880548,,,,,,,,,0.08015404199250042,0.08014575066044927,8.291332051157951e-06,0.12806133390404284,,,,,,,,,,4.8916786909103394e-05,12.0,2.0,0.0008585001341998577,0.002303167013451457,0.001716666854918003,8.883303962647915e-05,6.791902706027031e-06,0.07512287492863834
600,0.08164965809277261,14,SIGN,8.022856093053553,0.31666666666666665,0.008942552951690427,0.07790254103019834,0.00871212501078844,0.03550237510353327,,,,,,,,,0.07790254103019834,0.07789954333566129,2.9976945370435715e-06,0.12211704114452004,,,,,,,,,,3.533391281962395e-05,12.0,2.0,0.002801917027682066,0.0008143340237438679,0.0001360420137643814,3.4333206713199615e-05,4.00003045797348e-06,0.07407358312048018
600,0.08164965809277261,15,SIGN,8.295669542562749,0.19333333333333336,0.006055078330736582,0.05954066710546613,0.006210082909092307,0.019209666876122355,,,,,,,,,0.05954066710546613,0.05953783309087157,2.834014594554901e-06,0.08496041689068079,,,,,,,,,,3.3292220905423164e-05,12.0,2.0,0.0006592078134417534,0.0008622079622000456,0.00016562500968575478,3.2708048820495605e-05,3.6249402910470963e-06,0.05778116709552705
600,0.08164965809277261,16,SIGN,8.841085745924026,0.29000000000000004,0.009500900928164649,0.06820820807479322,0.005341624841094017,0.0530648329295218,,,,,,,,,0.06820820807479322,0.06820245925337076,5.748821422457695e-06,0.12661466584540904,,,,,,,,,,5.658390000462532e-05,12.0,2.0,0.0037014170084148645,0.002646917011588812,0.0002702081110328436,8.762511424720287e-05,8.875038474798203e-06,0.061430833069607615
600,0.08164965809277261,17,SIGN,8.640854211360804,0.18,0.004479516151040058,0.051466917153447866,0.007386834127828479,0.05638174992054701,,,,,,,,,0.051466917153447866,0.051460959017276764,5.958136171102524e-06,0.11523550120182335,,,,,,,,,,3.174995072185993e-05,12.0,2.0,0.004254166968166828,0.004115208052098751,0.0010219591204077005,8.499994874000549e-05,9.458977729082108e-06,0.04194341599941254
600,0.08164965809277261,18,SIGN,8.549604234135048,0.16666666666666666,0.005756092285132866,0.07074912497773767,0.005296208895742893,0.04279454192146659,,,,,,,,,0.07074912497773767,0.07074308302253485,6.041955202817917e-06,0.11883987579494715,,,,,,,,,,3.600004129111767e-05,12.0,2.0,0.006526250159367919,0.0012220421340316534,0.0025405827909708023,0.0001677079126238823,1.2625008821487427e-05,0.060237874975427985
600,0.08164965809277261,19,SIGN,8.398183710507775,0.45666666666666667,0.01328496835671801,0.08075187494978309,0.005991332931444049,0.04200762487016618,,,,,,,,,0.08075187494978309,0.08074641576968133,5.459180101752281e-06,0.12875083275139332,,,,,,,,,,6.416602991521358e-05,12.0,2.0,0.0037543331272900105,0.001753124874085188,0.0034791668877005577,6.837490946054459e-05,5.1658134907484055e-06,0.07162208412773907
600,0.08164965809277261,20,SIGN,8.454224530710503,0.22,0.005730335956219745,0.062173291109502316,0.006484416080638766,0.03817804204300046,,,,,,,,,0.062173291109502316,0.06216708291321993,6.20819628238678e-06,0.10683574923314154,,,,,,,,,,4.5000109821558e-05,12.0,2.0,0.007674917113035917,0.004038874991238117,0.0007417909801006317,5.9582991525530815e-05,4.37488779425621e-06,0.04960254183970392
800,0.07071067811865475,1,SIGN,8.793800217511036,0.21750000000000003,0.007311466493741564,0.08481004205532372,0.009999249828979373,0.07419991702772677,,,,,,,,,0.08481004205532372,0.08480266598053277,7.37607479095459e-06,0.16900920891202986,,,,,,,,,,7.229112088680267e-05,12.0,2.0,0.009448458906263113,0.00524591701105237,0.003754040924832225,0.0001087910495698452,1.1750031262636185e-05,0.06616141693666577
800,0.07071067811865475,2,SIGN,8.472470646739378,0.24,0.008959131276680334,0.08828320796601474,0.014698792016133666,0.06658620783127844,,,,,,,,,0.08828320796601474,0.08827666938304901,6.538582965731621e-06,0.16956820781342685,,,,,,,,,,4.5625027269124985e-05,12.0,2.0,0.0030739589128643274,0.004879791988059878,0.0037507081869989634,0.00010041706264019012,1.1834083124995232e-05,0.07641433412209153
800,0.07071067811865475,3,SIGN,8.734410087896038,0.3375,0.01069676320779505,0.10219854209572077,0.010359124979004264,0.07069608313031495,,,,,,,,,0.10219854209572077,0.1021934999153018,5.042180418968201e-06,0.18325375020503998,,,,,,,,,,5.7625118643045425e-05,12.0,2.0,0.01526754186488688,0.0020267090294510126,0.0030518330167979,6.849993951618671e-05,5.790963768959045e-06,0.08171549998223782
800,0.07071067811865475,4,SIGN,8.981550327114793,0.27,0.006609752169484631,0.059221416944637895,0.011860999977216125,0.0652437920216471,,,,,,,,,0.059221416944637895,0.059214584063738585,6.832880899310112e-06,0.13632620894350111,,,,,,,,,,8.283299393951893e-05,12.0,2.0,0.005026458064094186,0.001812624977901578,0.002405417151749134,0.00011274986900389194,1.2958887964487076e-05,0.04976154211908579
800,0.07071067811865475,5,SIGN,8.729053529291358,0.255,0.007781481241115107,0.08834866690449417,0.008014707826077938,0.0755081670358777,,,,,,,,,0.08834866690449417,0.08834354183636606,5.125068128108978e-06,0.1718715417664498,,,,,,,,,,4.35409601777792e-05,12.0,2.0,0.005987915908917785,0.0050875418819487095,0.0003705420531332493,6.841705180704594e-05,6.250105798244476e-06,0.07677933387458324
800,0.07071067811865475,6,SIGN,8.891505609305106,0.14250000000000002,0.004025908918404139,0.07176266703754663,0.007204707944765687,0.07825637492351234,,,,,,,,,0.07176266703754663,0.07175483158789575,7.835449650883675e-06,0.15722374990582466,,,,,,,,,,8.012494072318077e-05,12.0,2.0,0.009715374791994691,0.00388587499037385,0.0007435409352183342,7.100007496774197e-05,5.5409036576747894e-06,0.05725337495096028
800,0.07071067811865475,7,SIGN,8.913675318632144,0.185,0.006304099337755539,0.07959720795042813,0.01023741695098579,0.08264104183763266,,,,,,,,,0.07959720795042813,0.07958875107578933,8.456874638795853e-06,0.17247566673904657,,,,,,,,,,4.441710188984871e-05,12.0,2.0,0.00719304196536541,0.004929332993924618,0.002337167039513588,5.88749535381794e-05,5.499925464391708e-06,0.0650204170960933
800,0.07071067811865475,8,SIGN,9.01242188683392,0.23249999999999998,0.005972181543282058,0.08194112498313189,0.007729958975687623,0.09704654198139906,,,,,,,,,0.08194112498313189,0.08193645975552499,4.665227606892586e-06,0.18671762594021857,,,,,,,,,,4.9833906814455986e-05,12.0,2.0,0.005637292051687837,0.002687125001102686,0.00023983302526175976,6.0791848227381706e-05,5.041947588324547e-06,0.07325654197484255
800,0.07071067811865475,9,SIGN,8.783207592168006,0.2625,0.006065810163191937,0.08459041686728597,0.012649334035813808,0.08263512491248548,,,,,,,,,0.08459041686728597,0.08458166639320552,8.750474080443382e-06,0.17987487581558526,,,,,,,,,,4.891608841717243e-05,12.0,2.0,0.007390375016257167,0.0038134169299155474,0.001064833952113986,0.0001025001984089613,1.1916039511561394e-05,0.07214970816858113
800,0.07071067811865475,10,SIGN,9.068447455271386,0.2525,0.00796498126860233,0.12462308304384351,0.01050866604782641,0.07925829105079174,,,,,,,,,0.12462308304384351,0.12461762502789497,5.458015948534012e-06,0.21439004014246166,,,,,,,,,,4.733400419354439e-05,12.0,2.0,0.010219665942713618,0.00514833303168416,0.0004430420231074095,6.537488661706448e-05,5.250098183751106e-06,0.10868862504139543
800,0.07071067811865475,11,SIGN,8.536941322861164,0.2575,0.006470854627539505,0.06450854195281863,0.01821379200555384,0.08316108281724155,,,,,,,,,0.06450854195281863,0.06450474914163351,3.7928111851215363e-06,0.16588341677561402,,,,,,,,,,4.554097540676594e-05,12.0,2.0,0.000993208959698677,0.002875333186239004,0.004653875017538667,5.333311855792999e-05,4.9578957259655e-06,0.0558784999884665
800,0.07071067811865475,12,SIGN,8.84650922847469,0.275,0.008510208661632435,0.09253900009207428,0.016857249895110726,0.06843566708266735,,,,,,,,,0.09253900009207428,0.09253425011411309,4.749977961182594e-06,0.17783191706985235,,,,,,,,,,4.75000124424696e-05,12.0,2.0,0.008189749903976917,0.002479666844010353,0.00025708298198878765,5.945819430053234e-05,5.667097866535187e-06,0.0814951250795275
800,0.07071067811865475,13,SIGN,9.503195117317468,0.2625,0.008597644043774305,0.07664175005629659,0.010088416980579495,0.08417512499727309,,,,,,,,,0.07664175005629659,0.07663425081409514,7.499242201447487e-06,0.17090529203414917,,,,,,,,,,5.516689270734787e-05,12.0,2.0,0.006486415863037109,0.004178541945293546,0.0010082090739160776,9.808293543756008e-05,1.1041993275284767e-05,0.06479679211042821
800,0.07071067811865475,14,SIGN,9.131703871776816,0.39,0.008874420439213687,0.09157491708174348,0.010110583156347275,0.07869437499903142,,,,,,,,,0.09157491708174348,0.09156887442804873,6.0426536947488785e-06,0.18037987523712218,,,,,,,,,,4.583294503390789e-05,12.0,2.0,0.002658416051417589,0.005353833083063364,0.0010123332031071186,9.774998761713505e-05,1.2250151485204697e-05,0.08238845900632441
800,0.07071067811865475,15,SIGN,9.31916281273234,0.38,0.010061091573152818,0.09286383306607604,0.011441458016633987,0.08748141606338322,,,,,,,,,0.09286383306607604,0.09285712381824851,6.709247827529907e-06,0.19178670714609325,,,,,,,,,,4.470790736377239e-05,12.0,2.0,0.005438958061859012,0.0034574999008327723,0.00713758310303092,0.00010233302600681782,1.1249911040067673e-05,0.07666479190811515
800,0.07071067811865475,16,SIGN,8.90106822021123,0.2175,0.005812140703174172,0.07252083299681544,0.009136917069554329,0.07064249995164573,,,,,,,,,0.07252083299681544,0.07251483388245106,5.999114364385605e-06,0.1523002500180155,,,,,,,,,,4.624994471669197e-05,12.0,2.0,0.005232000024989247,0.0048802499659359455,0.0006699590012431145,9.841704741120338e-05,1.2042000889778137e-05,0.06157591589726508
800,0.07071067811865475,17,SIGN,8.63159694486794,0.16,0.006577235266409964,0.06981516582891345,0.011953416978940368,0.07879620790481567,,,,,,,,,0.06981516582891345,0.06980845681391656,6.709014996886253e-06,0.1605647907126695,,,,,,,,,,4.687486216425896e-05,12.0,2.0,0.006062708096578717,0.0032294169068336487,0.0022596658673137426,8.850009180605412e-05,1.1875061318278313e-05,0.058109415927901864
800,0.07071067811865475,18,SIGN,9.025733710208112,0.325,0.008545801139936034,0.08276833407580853,0.010581250069662929,0.06465037493035197,,,,,,,,,0.08276833407580853,0.08276175009086728,6.583984941244125e-06,0.15799995907582343,,,,,,,,,,4.570907913148403e-05,12.0,2.0,0.006268790923058987,0.0056882500648498535,0.0024044159799814224,0.00013449997641146183,1.295912079513073e-05,0.06820712494663894
800,0.07071067811865475,19,SIGN,8.71686036553803,0.325,0.01048441225433537,0.08600916713476181,0.01050450000911951,0.08529991703107953,,,,,,,,,0.08600916713476181,0.08600408467464149,5.08246012032032e-06,0.18181358417496085,,,,,,,,,,4.449998959898949e-05,12.0,2.0,0.005308249965310097,0.0016777499113231897,0.0035244589671492577,0.00010770885273814201,1.1750031262636185e-05,0.07532966695725918
800,0.07071067811865475,20,SIGN,8.829318273375177,0.2975,0.006929078515201345,0.06544120889157057,0.009752916870638728,0.07951254211366177,,,,,,,,,0.06544120889157057,0.06543491571210325,6.293179467320442e-06,0.15470666787587106,,,,,,,,,,4.4082989916205406e-05,12.0,2.0,0.007398209068924189,0.0036669159308075905,0.0009359579998999834,0.0008397498168051243,1.4249933883547783e-05,0.05253574997186661
1000,0.06324555320336758,1,SIGN,8.791331591066005,0.22199999999999998,0.007033974360045249,0.09096329100430012,0.016812165966257453,0.14537520799785852,,,,,,,,,0.09096329100430012,0.09095529280602932,7.99819827079773e-06,0.2531506649684161,,,,,,,,,,5.77499158680439e-05,12.0,2.0,0.012160999933257699,0.014948750147596002,0.020988750038668513,0.00010191695764660835,1.3042008504271507e-05,0.04268408380448818
1000,0.06324555320336758,2,SIGN,9.140323720423527,0.28,0.008253956966082443,0.10136616695672274,0.022365125128999352,0.13244524993933737,,,,,,,,,0.10136616695672274,0.10135808470658958,8.082250133156776e-06,0.25617654202505946,,,,,,,,,,5.5541982874274254e-05,12.0,2.0,0.012698167003691196,0.008498916868120432,0.006202667020261288,9.874999523162842e-05,1.3042008504271507e-05,0.07379099982790649
1000,0.06324555320336758,3,SIGN,8.810385451320922,0.20400000000000001,0.005585183098340829,0.056662665912881494,0.018090832978487015,0.12338495790027082,,,,,,,,,0.056662665912881494,0.056655624182894826,7.041729986667633e-06,0.19813845679163933,,,,,,,,,,8.954107761383057e-05,12.0,2.0,0.0060022498946636915,0.005455042002722621,0.0013205839786678553,0.00010020798072218895,1.4416174963116646e-05,0.04367358307354152
1000,0.06324555320336758,4,SIGN,8.966028077893554,0.172,0.004781671949313747,0.06419979105703533,0.014875124907121062,0.14958070893771946,,,,,,,,,0.06419979105703533,0.06419095979072154,8.831266313791275e-06,0.22865562490187585,,,,,,,,,,5.3541967645287514e-05,12.0,2.0,0.005102124996483326,0.008024459006264806,0.0006440000142902136,0.0001723750028759241,1.9416911527514458e-05,0.050175041891634464
1000,0.06324555320336758,5,SIGN,9.270307782198579,0.126,0.002618926820636809,0.07170691597275436,0.01710133394226432,0.1204670830629766,,,,,,,,,0.07170691597275436,0.07169920788146555,7.708091288805008e-06,0.20927533297799528,,,,,,,,,,5.7916855439543724e-05,12.0,2.0,0.00797008303925395,0.00707962503656745,0.005992500111460686,0.00010429113171994686,1.616682857275009e-05,0.05047862487845123
1000,0.06324555320336758,6,SIGN,9.88692787754138,0.34199999999999997,0.008116241968993548,0.07698283297941089,0.016385334078222513,0.13412491604685783,,,,,,,,,0.07698283297941089,0.07697745878249407,5.374196916818619e-06,0.22749308310449123,,,,,,,,,,5.766679532825947e-05,12.0,2.0,0.0036719171330332756,0.006803457858040929,0.0007117500063031912,9.766686707735062e-05,1.3167038559913635e-05,0.06562183308415115
1000,0.06324555320336758,7,SIGN,9.421785092016808,0.10200000000000001,0.003485409719386573,0.06290054111741483,0.018233333015814424,0.12899316614493728,,,,,,,,,0.06290054111741483,0.06289008422754705,1.0456889867782593e-05,0.21012704027816653,,,,,,,,,,0.00010137492790818214,12.0,2.0,0.011706500081345439,0.00573775009252131,0.002420125063508749,7.333396933972836e-05,6.458023563027382e-06,0.042844542069360614
1000,0.06324555320336758,8,SIGN,9.007059391160142,0.20800000000000002,0.005741715238729982,0.08371629100292921,0.01904341601766646,0.13187020807527006,,,,,,,,,0.08371629100292921,0.08371012518182397,6.1658211052417755e-06,0.23462991509586573,,,,,,,,,,7.116701453924179e-05,12.0,2.0,0.009001417085528374,0.007661791052669287,0.0026920000091195107,5.529192276299e-05,5.958136171102524e-06,0.06422249996103346
1000,0.06324555320336758,9,SIGN,9.086734139398862,0.276,0.008032000195116809,0.0895268339663744,0.021047624992206693,0.1441397920716554,,,,,,,,,0.0895268339663744,0.08951829094439745,8.543021976947784e-06,0.2547142510302365,,,,,,,,,,9.02919564396143e-05,12.0,2.0,0.012755207950249314,0.006526124896481633,0.0012469999492168427,7.487507537007332e-05,6.041023880243301e-06,0.06881875009275973
1000,0.06324555320336758,10,SIGN,8.877621697726035,0.228,0.00592703282641107,0.08200495806522667,0.016453000018373132,0.1489842920564115,,,,,,,,,0.08200495806522667,0.0819993750192225,5.58304600417614e-06,0.2474422501400113,,,,,,,,,,5.495804361999035e-05,12.0,2.0,0.023002707865089178,0.004822874907404184,0.0033032919745892286,5.5167125537991524e-05,5.749985575675964e-06,0.05075462511740625
1000,0.06324555320336758,11,SIGN,8.88627602337468,0.16999999999999998,0.004638691514075477,0.07276337500661612,0.01471170806325972,0.11840266594663262,,,,,,,,,0.07276337500661612,0.0727575826458633,5.792360752820969e-06,0.20587774901650846,,,,,,,,,,5.845795385539532e-05,12.0,2.0,0.005572333931922913,0.0077849579975008965,0.0020816668402403593,5.370797589421272e-05,6.166985258460045e-06,0.05720029096119106
1000,0.06324555320336758,12,SIGN,9.584793424787819,0.316,0.007578596475493214,0.08413899992592633,0.012115000048652291,0.1179682498332113,,,,,,,,,0.08413899992592633,0.08413266716524959,6.3327606767416e-06,0.21422224980778992,,,,,,,,,,5.287514068186283e-05,12.0,2.0,0.009116708999499679,0.004642582964152098,0.005898374831303954,0.00010283291339874268,1.612515188753605e-05,0.06430316716432571
1000,0.06324555320336758,13,SIGN,9.86661886528514,0.28800000000000003,0.008277933421596093,0.09049654216505587,0.015288375085219741,0.13110029115341604,,,,,,,,,0.09049654216505587,0.09048979170620441,6.750458851456642e-06,0.23688520840369165,,,,,,,,,,5.608284845948219e-05,12.0,2.0,0.0019167079590260983,0.0038541669491678476,0.006135750096291304,6.587500683963299e-05,6.208894774317741e-06,0.07845499995164573
1000,0.06324555320336758,14,SIGN,9.003840835708091,0.126,0.004374739943193658,0.07401687488891184,0.014454958029091358,0.134346375009045,,,,,,,,,0.07401687488891184,0.07400929322466254,7.581664249300957e-06,0.2228182079270482,,,,,,,,,,9.41671896725893e-05,12.0,2.0,0.00769687513820827,0.003590499982237816,0.0021219169721007347,0.00010095792822539806,1.391698606312275e-05,0.06039095902815461
1000,0.06324555320336758,15,SIGN,9.233139960152744,0.186,0.0051022860903132405,0.09835962508805096,0.015954000176861882,0.12571837520226836,,,,,,,,,0.09835962508805096,0.09835329209454358,6.332993507385254e-06,0.2400320004671812,,,,,,,,,,8.808402344584465e-05,12.0,2.0,0.009387166006490588,0.00875045801512897,0.0037467079237103462,6.579211913049221e-05,7.2498805820941925e-06,0.07630783412605524
1000,0.06324555320336758,16,SIGN,8.782094891845746,0.222,0.006148841627597483,0.11061524995602667,0.013539791107177734,0.14143341686576605,,,,,,,,,0.11061524995602667,0.11060804291628301,7.2070397436618805e-06,0.26558845792897046,,,,,,,,,,6.620911881327629e-05,12.0,2.0,0.005092541920021176,0.01096012513153255,0.005334499990567565,6.454181857407093e-05,7.166992872953415e-06,0.08908295794390142
1000,0.06324555320336758,17,SIGN,9.768942062828792,0.31999999999999995,0.007424299503664314,0.0689479170832783,0.02017458388581872,0.1040709160733968,,,,,,,,,0.0689479170832783,0.06894245813600719,5.458947271108627e-06,0.19319341704249382,,,,,,,,,,5.4291216656565666e-05,12.0,2.0,0.005589541979134083,0.004242416936904192,0.0033213328570127487,6.420817226171494e-05,6.458023563027382e-06,0.05566420895047486
1000,0.06324555320336758,18,SIGN,9.498182182387563,0.108,0.0025115454218198816,0.0809669999871403,0.01588083291426301,0.1339708750601858,,,,,,,,,0.0809669999871403,0.0809602930676192,6.7069195210933685e-06,0.2308187079615891,,,,,,,,,,5.5541982874274254e-05,12.0,2.0,0.005673000123351812,0.003717124927788973,0.004525250056758523,0.00010058400221168995,1.2666918337345123e-05,0.06687612505629659
1000,0.06324555320336758,19,SIGN,9.20060969994715,0.196,0.004698267023849609,0.07246799999848008,0.014158374862745404,0.13044291688129306,,,,,,,,,0.07246799999848008,0.07245925045572221,8.749542757868767e-06,0.21706929174251854,,,,,,,,,,0.0001032920554280281,12.0,2.0,0.007713250117376447,0.0062933750450611115,0.005640625022351742,0.0001247080508619547,2.150004729628563e-05,0.052562500117346644
1000,0.06324555320336758,20,SIGN,8.718344554395598,0.22799999999999998,0.0061139133397336565,0.08488629199564457,0.019218459026888013,0.14273474994115531,,,,,,,,,0.08488629199564457,0.08487441763281822,1.1874362826347351e-05,0.2468395009636879,,,,,,,,,,6.745895370841026e-05,12.0,2.0,0.005616040900349617,0.008824583841487765,0.005569959059357643,7.699988782405853e-05,0.0012786670122295618,0.06344070797786117
1200,0.05773502691896257,1,SIGN,9.200240768235993,0.09666666666666668,0.002999342432150276,0.06710424995981157,0.029212582856416702,0.21988229197449982,,,,,,,,,0.06710424995981157,0.06709404103457928,1.0208925232291222e-05,0.3161991247907281,,,,,,,,,,6.583402864634991e-05,12.0,2.0,0.006223957985639572,0.010822083102539182,0.0019497920293360949,0.0001113328617066145,7.833121344447136e-06,0.04791320790536702
1200,0.05773502691896257,2,SIGN,10.97684463218193,0.36,0.008517637651432958,0.12250762502662838,0.018827499821782112,0.19598091603256762,,,,,,,,,0.12250762502662838,0.12249799980781972,9.62521880865097e-06,0.3373160408809781,,,,,,,,,,6.649992428719997e-05,12.0,2.0,0.0068272079806774855,0.007869374938309193,0.0005723750218749046,0.0001052499283105135,1.0458054021000862e-05,0.10704683396033943
1200,0.05773502691896257,3,SIGN,9.481042571978314,0.19333333333333333,0.005253462886569922,0.09459299989975989,0.018285792088136077,0.20085866609588265,,,,,,,,,0.09459299989975989,0.094586041290313,6.958609446883202e-06,0.3137374580837786,,,,,,,,,,7.379194721579552e-05,12.0,2.0,0.008172125089913607,0.007081540999934077,0.0026859170757234097,0.00015808292664587498,2.0333100110292435e-05,0.07639425015076995
1200,0.05773502691896257,4,SIGN,9.027988732313135,0.22166666666666668,0.005700615000558636,0.07749724993482232,0.017705250065773726,0.21776800020597875,,,,,,,,,0.07749724993482232,0.07749058329500258,6.666639819741249e-06,0.3129705002065748,,,,,,,,,,6.437511183321476e-05,12.0,2.0,0.0076885828748345375,0.00879950006492436,0.0036692090798169374,6.854208186268806e-05,6.9160014390945435e-06,0.05719345808029175
1200,0.05773502691896257,5,SIGN,10.065521558767308,0.30166666666666664,0.0076631354608163935,0.0924032919574529,0.024686084128916264,0.21572541701607406,,,,,,,,,0.0924032919574529,0.0923945817630738,8.710194379091263e-06,0.3328147931024432,,,,,,,,,,0.00010220799595117569,12.0,2.0,0.003840915858745575,0.008555749896913767,0.003558083903044462,0.00010462501086294651,9.665964171290398e-06,0.07622333313338459
1200,0.05773502691896257,6,SIGN,9.419580092323093,0.23833333333333334,0.0072269107353891485,0.10613679210655391,0.023413583170622587,0.21423504198901355,,,,,,,,,0.10613679210655391,0.10612983303144574,6.959075108170509e-06,0.34378541726619005,,,,,,,,,,6.345799192786217e-05,12.0,2.0,0.007718958891928196,0.005724000046029687,0.002198499860242009,9.637512266635895e-05,8.58306884765625e-06,0.09031995804980397
1200,0.05773502691896257,7,SIGN,9.23712943611774,0.21166666666666667,0.00537585526722751,0.07455254206433892,0.019737333059310913,0.2274560839869082,,,,,,,,,0.07455254206433892,0.07454570732079446,6.834743544459343e-06,0.32174595911055803,,,,,,,,,,0.00011987495236098766,12.0,2.0,0.004474125104025006,0.006641250103712082,0.001951875165104866,6.308290176093578e-05,7.082941010594368e-06,0.06128841615281999
1200,0.05773502691896257,8,SIGN,9.428369183548503,0.15166666666666667,0.004037916961987992,0.08833250007592142,0.020226167049258947,0.15309649985283613,,,,,,,,,0.08833250007592142,0.0883205842692405,1.191580668091774e-05,0.2616551669780165,,,,,,,,,,0.00014341715723276138,12.0,2.0,0.004724791971966624,0.005247167078778148,0.00220074993558228,0.00013612513430416584,1.8707942217588425e-05,0.07584962504915893
1200,0.05773502691896257,9,SIGN,9.235666166428693,0.115,0.0032006207179458776,0.08374537504278123,0.02880866709165275,0.22051124996505678,,,,,,,,,0.08374537504278123,0.0837342469021678,1.1128140613436699e-05,0.33306529209949076,,,,,,,,,,0.00010437518358230591,12.0,2.0,0.005311541026458144,0.005830541020259261,0.0008276249282062054,0.0001296659465879202,7.832888513803482e-06,0.07152266590856016
1200,0.05773502691896257,10,SIGN,9.818624526152176,0.17833333333333334,0.004444501866930468,0.08071804093196988,0.022172958124428988,0.19399862503632903,,,,,,,,,0.08071804093196988,0.0807107500731945,7.2908587753772736e-06,0.2968896240927279,,,,,,,,,,7.433397695422173e-05,12.0,2.0,0.0028439578600227833,0.0074395001865923405,0.002951374975964427,6.758305244147778e-05,6.58305361866951e-06,0.06732741696760058
1200,0.05773502691896257,11,SIGN,9.973850044798954,0.275,0.007283488054429452,0.13092433311976492,0.017377249896526337,0.21548820799216628,,,,,,,,,0.13092433311976492,0.1309167081490159,7.6249707490205765e-06,0.36378979100845754,,,,,,,,,,7.333303801715374e-05,12.0,2.0,0.01642145891673863,0.02157791703939438,0.0013626660220324993,0.00010787509381771088,1.595797948539257e-05,0.09135750005953014
1200,0.05773502691896257,12,SIGN,10.664092181275826,0.3416666666666667,0.007253522603381614,0.12780404184013605,0.021860959008336067,0.22541841608472168,,,,,,,,,0.12780404184013605,0.12779583409428596,8.207745850086212e-06,0.3750834169331938,,,,,,,,,,6.433296948671341e-05,12.0,2.0,0.006185459205880761,0.008739457931369543,0.0005427501164376736,0.00011437502689659595,1.0249903425574303e-05,0.1121392089407891
1200,0.05773502691896257,13,SIGN,9.426635958471499,0.17666666666666667,0.005429661269482244,0.05730729107744992,0.02044604206457734,0.22546362481079996,,,,,,,,,0.05730729107744992,0.0572999999858439,7.2910916060209274e-06,0.3032169579528272,,,,,,,,,,8.445908315479755e-05,12.0,2.0,0.005466124974191189,0.005685833049938083,0.0008621669840067625,0.00010966602712869644,1.537497155368328e-05,0.045076374895870686
1200,0.05773502691896257,14,SIGN,9.52283100657016,0.18833333333333335,0.0050035397053870695,0.09541850001551211,0.026130874874070287,0.1941209170036018,,,,,,,,,0.09541850001551211,0.09541066479869187,7.83521682024002e-06,0.3156702918931842,,,,,,,,,,6.574997678399086e-05,12.0,2.0,0.010571707971394062,0.010609207907691598,0.001419625012204051,0.00015408312901854515,2.27498821914196e-05,0.0725675409194082
1200,0.05773502691896257,15,SIGN,8.779072973958131,0.13833333333333334,0.004493434104198238,0.08169183298014104,0.01649374980479479,0.19321020902134478,,,,,,,,,0.08169183298014104,0.08168570883572102,6.124144420027733e-06,0.2913957918062806,,,,,,,,,,6.554112769663334e-05,12.0,2.0,0.0037530420813709497,0.006591749843209982,0.0030700841452926397,5.8333855122327805e-05,7.207971066236496e-06,0.06813974981196225
1200,0.05773502691896257,16,SIGN,9.38582448414542,0.22833333333333333,0.005503041938143716,0.08559000003151596,0.02148350002244115,0.21511191711761057,,,,,,,,,0.08559000003151596,0.08558262488804758,7.375143468379974e-06,0.3221854171715677,,,,,,,,,,6.987480446696281e-05,12.0,2.0,0.008705625077709556,0.00539066712372005,0.0011472080368548632,6.724987179040909e-05,6.749993190169334e-06,0.07019524998031557
1200,0.05773502691896257,17,SIGN,9.37507701266625,0.20833333333333331,0.005039493958656362,0.10319575015455484,0.02074504178017378,0.2074637080077082,,,,,,,,,0.10319575015455484,0.10318795684725046,7.793307304382324e-06,0.3314044999424368,,,,,,,,,,6.52919989079237e-05,12.0,2.0,0.007443415932357311,0.00881979102268815,0.0022349159698933363,0.00011058291420340538,1.6083940863609314e-05,0.08449787506833673
1200,0.05773502691896257,18,SIGN,9.282546052727083,0.2033333333333333,0.005480725125355183,0.08329216693527997,0.015419665956869721,0.21974820806644857,,,,,,,,,0.08329216693527997,0.083286166889593,6.00004568696022e-06,0.31846004095859826,,,,,,,,,,6.400002166628838e-05,12.0,2.0,0.0042943330481648445,0.008821042021736503,0.0012725829146802425,6.645894609391689e-05,7.3749106377363205e-06,0.06876037502661347
1200,0.05773502691896257,19,SIGN,9.55572268382489,0.16833333333333333,0.004535007784877219,0.08357016695663333,0.016691833967342973,0.20812999992631376,,,,,,,,,0.08357016695663333,0.08356358204036951,6.584916263818741e-06,0.30839200085029006,,,,,,,,,,6.170803681015968e-05,12.0,2.0,0.006069999886676669,0.004805583041161299,0.0029967499431222677,9.504100307822227e-05,7.084105163812637e-06,0.06952741602435708
1200,0.05773502691896257,20,SIGN,9.000841999135059,0.14333333333333334,0.0045923146433639594,0.06762891612015665,0.018109458032995462,0.2529165840242058,,,,,,,,,0.06762891612015665,0.06761870789341629,1.020822674036026e-05,0.3386549581773579,,,,,,,,,,0.00013862503692507744,12.0,2.0,0.00545116700232029,0.005275291856378317,0.001788791036233306,0.00010216701775789261,1.454097218811512e-05,0.05484812497161329
