n,alpha_n,rep,method,error_P,error_Theta,error_B,time_sec,instance_gen_sec,metric_eval_sec,rp_draw_omega_sec,rp_power_iter_sec,rp_qr_sec,rp_build_core_sec,rp_reconstruct_sec,rp_small_eig_sec,rp_lift_sec,rp_kmeans_sec,algo_total_sec,algo_step_sum_sec,algo_other_sec,pipeline_total_sec,rs_sample_mask_sec,rs_build_sampled_matrix_sec,rs_eig_sec,rs_reconstruct_sec,rs_symmetrize_sec,rs_kmeans_sec,nr_eig_sec,nr_kmeans_sec,nr_copy_sec,cs_draw_hash_sec,cs_embedding_dim,cs_bucket_min_load,cs_bucket_max_load,cs_empty_buckets,cs_initial_multiply_sec,cs_sparse_explicit_sketch_sec,cs_power_iter_sec,cs_qr_sec,cs_build_core_sec,cs_reconstruct_sec,cs_small_eig_sec,cs_lift_sec,cs_kmeans_sec,sign_draw_omega_sec,sign_embedding_dim,sign_power_parameter,sign_subspace_iter_sec,sign_reconstruct_sec,sign_build_core_sec,sign_small_eig_sec,sign_lift_sec,sign_kmeans_sec
200,0.1414213562373095,1,Random Projection,7.681979539177215,0.77,0.027282788256641044,0.014679625000042051,0.0006002080000371279,0.011927375000027496,3.6207999983162154e-05,0.0004911670000069535,0.00043225000001712033,9.675000001152512e-05,0.00016375000001289663,0.0002557079999974121,8.874999991803634e-06,0.013187375000029533,0.014679625000042051,0.014672083000050407,7.541999991644843e-06,0.027207208000106675,,,,,,,,,,,,,,,,,,,,,,,,,,,,,,,,
200,0.1414213562373095,1,Random Sampling,9.331473627557582,0.57,0.024662652672103408,0.035497375000034026,0.0006002080000371279,0.010813792000021749,,,,,,,,,0.035497375000034026,0.03549212399991575,5.251000118278171e-06,0.0469113750000929,0.0002488750000111395,0.00025562499996567567,0.02062854099995093,9.608299995989e-05,8.625000003803507e-05,0.01417674999999008,,,,,,,,,,,,,,,,,,,,,,,,,,
200,0.1414213562373095,1,Non-random,8.470528968003332,0.22,0.005621356237309499,0.029442000000017288,0.0006002080000371279,0.012329292000003989,,,,,,,,,0.029442000000017288,0.029438416999994388,3.583000022899796e-06,0.042371500000058404,,,,,,,0.019366917000013473,0.010057749999987209,1.3749999993706297e-05,,,,,,,,,,,,,,,,,,,,,,,
200,0.1414213562373095,1,CountSketch,7.319616892087495,0.69,0.016911980483769254,0.010903041000005942,0.0006002080000371279,0.010546125000018947,,,,,,,,,0.010903041000005942,0.011296582999932525,0.0,0.022049374000062016,,,,,,,,,,8.512499999824286e-05,12.0,9.0,23.0,0.0,0.00043162499997606574,0.00043162499997606574,0.0003212500000131513,0.00035816700000168566,0.00010945799999717565,0.00012987500002736851,0.00025625000000673026,8.624999964013114e-06,0.009164582999972026,,,,,,,,,
200,0.1414213562373095,1,SIGN Bidirectional,7.292098985431742,0.97,0.02160199153050718,0.014137874999960331,0.0006002080000371279,0.011920583000005536,,,,,,,,,0.014137874999960331,0.014132124000013846,5.7509999464855355e-06,0.026658666000002995,,,,,,,,,,,,,,,,,,,,,,,,3.24580000210517e-05,12.0,2.0,0.001670625000031123,0.0004949169999690639,0.0001325410000276861,0.00027562499997202394,9.707999993224803e-06,0.011516249999999673
200,0.1414213562373095,2,Random Projection,8.283128659355206,0.38,0.01732225754023728,0.01728595800000221,0.0008482089999688469,0.011899667000022873,4.683300005581259e-05,0.00044945899998083405,0.00034300000004350295,0.00011295800004518242,0.00011704199999940101,0.0002640000000155851,8.374999993066012e-06,0.01593866700000035,0.01728595800000221,0.017280334000133735,5.6239998684759485e-06,0.03003383399999393,,,,,,,,,,,,,,,,,,,,,,,,,,,,,,,,
200,0.1414213562373095,2,Random Sampling,8.974207851906026,0.41000000000000003,0.007245679377586661,0.024097124999968855,0.0008482089999688469,0.011315125000010084,,,,,,,,,0.024097124999968855,0.024093332999996164,3.7919999726909737e-06,0.03626045899994779,0.00024108299999170413,0.0002581250000162072,0.011551957999984097,4.429199998412514e-05,5.012500002976594e-05,0.011947749999990265,,,,,,,,,,,,,,,,,,,,,,,,,,
200,0.1414213562373095,2,Non-random,8.880506500190801,0.33,0.017842512935282814,0.0300017920000073,0.0008482089999688469,0.012341540999955214,,,,,,,,,0.0300017920000073,0.029999916000008398,1.8759999989015341e-06,0.04319154199993136,,,,,,,0.02002883299996938,0.009957791000033467,1.3292000005549198e-05,,,,,,,,,,,,,,,,,,,,,,,
200,0.1414213562373095,2,CountSketch,7.862709631703179,0.71,0.023462872778686708,0.015191291999997247,0.0008482089999688469,0.012393000000031407,,,,,,,,,0.015191291999997247,0.015431084999931954,0.0,0.0284325009999975,,,,,,,,,,4.949999998871135e-05,12.0,8.0,26.0,0.0,0.0002620419999743717,0.0002620419999743717,0.00034499999998161,0.000265374999969481,9.362500003362584e-05,0.00010520900002575218,0.00022874999996247425,4.9580000336391095e-06,0.013814583999987917,,,,,,,,,
200,0.1414213562373095,2,SIGN Bidirectional,7.977398395030098,0.44000000000000006,0.028028748567587858,0.016371208000009574,0.0008482089999688469,0.012536374999967848,,,,,,,,,0.016371208000009574,0.01636337500008267,7.83299992690445e-06,0.02975579199994627,,,,,,,,,,,,,,,,,,,,,,,,5.454099999724349e-05,12.0,2.0,0.0017007920000082777,0.0004968750000102773,0.00010925000003680907,0.00028037499998845306,1.054200004091399e-05,0.013711000000000695
200,0.1414213562373095,3,Random Projection,7.281751599882418,0.34,0.01899070891200272,0.01884154099997204,0.0005675419999988662,0.010656000000039967,3.4666000033212185e-05,0.000579415999993671,0.0004191250000076252,0.00014299999998002022,0.0001465409999923395,0.00031666699999277625,1.0042000042176369e-05,0.017184374999999363,0.01884154099997204,0.018833832000041184,7.708999930855498e-06,0.030065083000010873,,,,,,,,,,,,,,,,,,,,,,,,,,,,,,,,
200,0.1414213562373095,3,Random Sampling,9.272020503358712,0.39,0.02071437184743702,0.030287458000032075,0.0005675419999988662,0.01188912499998196,,,,,,,,,0.030287458000032075,0.03028174799999306,5.71000003901645e-06,0.0427441250000129,0.00023387499999216743,0.000261791000014,0.012421208000034767,9.325000002036177e-05,8.70409999720323e-05,0.01718458299995973,,,,,,,,,,,,,,,,,,,,,,,,,,
200,0.1414213562373095,3,Non-random,8.594218062696413,0.16,0.013600175681753951,0.028823791999968762,0.0005675419999988662,0.01064233299996431,,,,,,,,,0.028823791999968762,0.028822042999991027,1.748999977735366e-06,0.04003366699993194,,,,,,,0.01815679200001341,0.01065091699996401,1.4334000013604964e-05,,,,,,,,,,,,,,,,,,,,,,,
200,0.1414213562373095,3,CountSketch,7.1753392346482645,0.33,0.025438622648565765,0.012293416999966666,0.0005675419999988662,0.010707500000023629,,,,,,,,,0.012293416999966666,0.012515041000142446,0.0,0.02356845899998916,,,,,,,,,,4.524999997101986e-05,12.0,8.0,25.0,0.0,0.0002467910000518714,0.0002467910000518714,0.0003336249999961183,0.0002467079999632915,0.00011124999997491614,0.00017187500003501555,0.0003393340000457101,1.187500004107278e-05,0.01076154200001156,,,,,,,,,
200,0.1414213562373095,3,SIGN Bidirectional,7.724903086122861,0.48,0.02460881900612695,0.016221458000018174,0.0005675419999988662,0.011388291000002937,,,,,,,,,0.016221458000018174,0.016214167000043744,7.290999974429724e-06,0.028177291000019977,,,,,,,,,,,,,,,,,,,,,,,,5.2459000016824575e-05,12.0,2.0,0.0016578749999780484,0.00046516700001575373,0.00010612500000206637,0.0002461660000108168,1.0375000044859917e-05,0.013675999999975375
200,0.1414213562373095,4,Random Projection,7.595510364725248,0.32,0.01704935670340252,0.011654582999995,0.0008687920000056693,0.010805791999985104,4.899999998997373e-05,0.0005229169999552141,0.00036629100003438,0.0001061670000126469,0.0001377500000216969,0.00032791699999279444,1.1083999993388716e-05,0.010127042000021902,0.011654582999995,0.011648168000021997,6.414999973003432e-06,0.023329166999985773,,,,,,,,,,,,,,,,,,,,,,,,,,,,,,,,
200,0.1414213562373095,4,Random Sampling,9.027521184057601,0.32,0.022438187058234554,0.0173795000000041,0.0008687920000056693,0.011006040999973266,,,,,,,,,0.0173795000000041,0.01737662400012141,2.875999882689939e-06,0.029254332999983035,0.00023720800004412013,0.00026270800003658223,0.007807249999984833,4.2417000031491625e-05,4.7958000038761384e-05,0.008979082999985621,,,,,,,,,,,,,,,,,,,,,,,,,,
200,0.1414213562373095,4,Non-random,8.53085027230438,0.23,0.012048740378207162,0.031717125000000124,0.0008687920000056693,0.011703667000006135,,,,,,,,,0.031717125000000124,0.03171408299999712,3.042000003006251e-06,0.04428958400001193,,,,,,,0.02034400000002279,0.011357125000017732,1.2957999956597632e-05,,,,,,,,,,,,,,,,,,,,,,,
200,0.1414213562373095,4,CountSketch,7.498797944157774,0.31,0.0156384590254513,0.018325457999992523,0.0008687920000056693,0.015567333000035433,,,,,,,,,0.018325457999992523,0.018555167000045003,0.0,0.034761583000033625,,,,,,,,,,5.045799997560607e-05,12.0,9.0,28.0,0.0,0.0002527080000049864,0.0002527080000049864,0.0003106670000079248,0.0002533749999997781,9.045900003457064e-05,0.00012683300002436226,0.0003138339999964046,1.6415999994023878e-05,0.01688770900000236,,,,,,,,,
200,0.1414213562373095,4,SIGN Bidirectional,7.247540929044149,0.34,0.015128989513371577,0.01296104200002901,0.0008687920000056693,0.011131250000005366,,,,,,,,,0.01296104200002901,0.012954583000009734,6.459000019276573e-06,0.024961084000040046,,,,,,,,,,,,,,,,,,,,,,,,3.8917000040328276e-05,12.0,2.0,0.0018127499999991414,0.0005472500000109903,0.00013770900000054098,0.0002892499999802567,9.9160000104348e-06,0.010118790999968041
200,0.1414213562373095,5,Random Projection,7.8115556699478965,0.22,0.010150734352223578,0.011011542000005647,0.0005703749999952379,0.01059845800000403,3.545800001347743e-05,0.0003704169999991791,0.0002690000000029613,9.299999999257125e-05,0.00011412500003871173,0.00019550000001800072,4.916999955639767e-06,0.009926709000012579,0.011011542000005647,0.01100912600003312,2.415999972527061e-06,0.022180375000004915,,,,,,,,,,,,,,,,,,,,,,,,,,,,,,,,
200,0.1414213562373095,5,Random Sampling,9.477907311837836,0.37,0.00557291120994996,0.02213579099998242,0.0005703749999952379,0.01186116700000639,,,,,,,,,0.02213579099998242,0.022130748999984462,5.0419999979567365e-06,0.034567332999984046,0.00022599999999783904,0.0002563329999816233,0.009082207999995262,9.099999999762076e-05,8.445800000345116e-05,0.012390750000008666,,,,,,,,,,,,,,,,,,,,,,,,,,
200,0.1414213562373095,5,Non-random,8.73872985588524,0.22,0.006088791839001156,0.0329856249999807,0.0005703749999952379,0.012832874999958221,,,,,,,,,0.0329856249999807,0.03298158400002649,4.0409999542134756e-06,0.04638887499993416,,,,,,,0.02000279200001387,0.012956292000012581,2.250000000003638e-05,,,,,,,,,,,,,,,,,,,,,,,
200,0.1414213562373095,5,CountSketch,7.848867517510007,0.35,0.01584810412936044,0.01398408299996845,0.0005703749999952379,0.011932750000028136,,,,,,,,,0.01398408299996845,0.01435912699992059,0.0,0.026487207999991824,,,,,,,,,,8.29999999609754e-05,12.0,7.0,22.0,0.0,0.00041229199996450916,0.00041229199996450916,0.0003271250000125292,0.0003417919999719743,0.00011137499996038969,0.00014062500002864908,0.0002847090000273056,1.0958000018490566e-05,0.012234959000011258,,,,,,,,,
200,0.1414213562373095,5,SIGN Bidirectional,7.581432808778804,0.46,0.01172645118405699,0.015098374999979569,0.0005703749999952379,0.012078125000016371,,,,,,,,,0.015098374999979569,0.01509129299995493,7.082000024638546e-06,0.027746874999991178,,,,,,,,,,,,,,,,,,,,,,,,5.2458999959981156e-05,12.0,2.0,0.0014558749999764586,0.0005566250000015316,0.00013699999999516876,0.0002737089999982345,9.042000044701126e-06,0.012606582999978855
200,0.1414213562373095,6,Random Projection,7.675993156587875,0.4,0.018147781850054515,0.010407916000019668,0.000849375000029795,0.011288000000035936,4.7375000008287316e-05,0.0004035830000361784,0.0003602499999715292,9.587499999952342e-05,0.00012895799994794288,0.0002818329999740854,8.33299998248549e-06,0.009076249999964148,0.010407916000019668,0.01040245699988418,5.459000135488168e-06,0.0225452910000854,,,,,,,,,,,,,,,,,,,,,,,,,,,,,,,,
200,0.1414213562373095,6,Random Sampling,9.22797150123431,0.46,0.012135342084308248,0.02249299999999721,0.000849375000029795,0.011336957999958486,,,,,,,,,0.02249299999999721,0.022487792999982048,5.207000015161611e-06,0.03467933299998549,0.00032841699999153207,0.0003918749999911597,0.012315875000012966,4.558399996312801e-05,5.1125000027241185e-05,0.009354916999996021,,,,,,,,,,,,,,,,,,,,,,,,,,
200,0.1414213562373095,6,Non-random,8.696843821368454,0.23,0.015901507466042963,0.025428708999982064,0.000849375000029795,0.0110255419999703,,,,,,,,,0.025428708999982064,0.025426999999979216,1.7090000028474606e-06,0.03730362599998216,,,,,,,0.015995666999970126,0.009416083000019171,1.524999998991916e-05,,,,,,,,,,,,,,,,,,,,,,,
200,0.1414213562373095,6,CountSketch,7.399654128434367,0.51,0.027923277740589045,0.013237291999985246,0.000849375000029795,0.011639500000001135,,,,,,,,,0.013237291999985246,0.013658750000104192,0.0,0.025726167000016176,,,,,,,,,,9.362500003362584e-05,12.0,6.0,29.0,0.0,0.00046254200003659207,0.00046254200003659207,0.00037779199999476987,0.00038162499998861676,0.00014804099998855236,0.00012708299999530936,0.0003294169999890073,5.916000020533829e-06,0.011270167000020592,,,,,,,,,
200,0.1414213562373095,6,SIGN Bidirectional,7.53607869581859,0.38,0.023085771100807548,0.013214375000018208,0.000849375000029795,0.010844750000046588,,,,,,,,,0.013214375000018208,0.013209332999963408,5.042000054800155e-06,0.02490850000009459,,,,,,,,,,,,,,,,,,,,,,,,5.3292000018245744e-05,12.0,2.0,0.0017092919999868172,0.0005118749999724059,0.00011245799998960138,0.00019483300002320902,4.957999976795691e-06,0.010622624999996333
200,0.1414213562373095,7,Random Projection,7.29839917955084,0.6799999999999999,0.022512602555503608,0.015685374999975465,0.0008819170000151644,0.010612792000017635,4.716699999107732e-05,0.00047491700001955905,0.00036491700001306526,0.00010045800001989846,0.0001314579999984744,0.00038412499998230487,1.029200001312347e-05,0.01416604199999938,0.015685374999975465,0.015679376000036882,5.998999938583438e-06,0.027180084000008264,,,,,,,,,,,,,,,,,,,,,,,,,,,,,,,,
200,0.1414213562373095,7,Random Sampling,10.173386792804806,0.8200000000000001,0.013235478460352362,0.020382957999970586,0.0008819170000151644,0.011613542000020516,,,,,,,,,0.020382957999970586,0.02037999999998874,2.957999981845205e-06,0.032878417000006266,0.00033133300001964017,0.00030558299999938754,0.009815124999988711,4.3624999989333446e-05,4.908399995429136e-05,0.009835250000037377,,,,,,,,,,,,,,,,,,,,,,,,,,
200,0.1414213562373095,7,Non-random,8.773927533696622,0.31,0.015296592532205527,0.03257470799997009,0.0008819170000151644,0.011728291999986595,,,,,,,,,0.03257470799997009,0.03257216599996582,2.5420000042686297e-06,0.04518491699997185,,,,,,,0.019403582999984792,0.01315483299998732,1.3749999993706297e-05,,,,,,,,,,,,,,,,,,,,,,,
200,0.1414213562373095,7,CountSketch,6.273424261057868,0.5900000000000001,0.019267163238197813,0.01440362499999992,0.0008819170000151644,0.012010957999962102,,,,,,,,,0.01440362499999992,0.014634291999982452,0.0,0.027296499999977186,,,,,,,,,,4.8084000013659534e-05,12.0,7.0,24.0,0.0,0.0002522500000168293,0.0002522500000168293,0.0003043749999847023,0.0002472919999831902,8.874999997487976e-05,0.00011504200000445053,0.000201083000035851,4.83299999132214e-06,0.013120332999960738,,,,,,,,,
200,0.1414213562373095,7,SIGN Bidirectional,7.653060885751024,0.6799999999999999,0.0188625605745788,0.013299541999970188,0.0008819170000151644,0.012071624999975938,,,,,,,,,0.013299541999970188,0.013294416000007914,5.1259999622743635e-06,0.02625308399996129,,,,,,,,,,,,,,,,,,,,,,,,5.120800000213421e-05,12.0,2.0,0.0017302500000369037,0.0004407499999956599,0.00010274999999637657,0.00023770799998601433,4.875000001902663e-06,0.010726874999988922
200,0.1414213562373095,8,Random Projection,7.430721786531219,0.2,0.006791972886354053,0.012386250000020027,0.0008809999999925822,0.01217933299994911,4.745900002944836e-05,0.00041429200001630306,0.00036329200003137885,9.812499996542101e-05,0.00011129099999607206,0.00027137500001117587,9.583999997175852e-06,0.011065541999982997,0.012386250000020027,0.012380960000029972,5.289999990054639e-06,0.02544658299996172,,,,,,,,,,,,,,,,,,,,,,,,,,,,,,,,
200,0.1414213562373095,8,Random Sampling,8.70393090397471,0.3,0.005515759436988177,0.02943808300000228,0.0008809999999925822,0.011246207999988656,,,,,,,,,0.02943808300000228,0.029432334000034643,5.748999967636337e-06,0.04156529099998352,0.0003383750000125474,0.0003997500000423315,0.01405362499997409,8.858399996825028e-05,8.195800000976305e-05,0.01447004200002766,,,,,,,,,,,,,,,,,,,,,,,,,,
200,0.1414213562373095,8,Non-random,8.407852125357065,0.16,0.007444428261745323,0.03132937499998434,0.0008809999999925822,0.014316291999989517,,,,,,,,,0.03132937499998434,0.03132612400003154,3.2509999527974287e-06,0.04652666699996644,,,,,,,0.019983416000002308,0.01132825000001958,1.4458000009653915e-05,,,,,,,,,,,,,,,,,,,,,,,
200,0.1414213562373095,8,CountSketch,7.301903955353379,0.17,0.009579124518440146,0.015044084000010116,0.0008809999999925822,0.015227666999976464,,,,,,,,,0.015044084000010116,0.015456166999911147,0.0,0.031152750999979162,,,,,,,,,,9.716699997852629e-05,12.0,6.0,29.0,0.0,0.0004567919999658443,0.0004567919999658443,0.000516666000009991,0.0003938340000217977,0.0001745409999784897,0.0001731670000140184,0.00046454199997469914,1.3916000000335771e-05,0.0127087500000016,,,,,,,,,
200,0.1414213562373095,8,SIGN Bidirectional,7.170110093652207,0.46,0.027374090554998426,0.016156041999977333,0.0008809999999925822,0.012323999999978241,,,,,,,,,0.016156041999977333,0.01614508400007253,1.0957999904803728e-05,0.029361041999948156,,,,,,,,,,,,,,,,,,,,,,,,5.7042000037199614e-05,12.0,2.0,0.0021178749999535285,0.0006882499999960601,0.0002161670000191407,0.0003852500000220971,1.379100001486222e-05,0.012666709000029641
200,0.1414213562373095,9,Random Projection,7.541106610557205,0.19,0.005431953712747586,0.010357707999958166,0.0008642920000170307,0.009815166999999292,4.6875000009549694e-05,0.0004989160000263837,0.00028962499999352076,7.808300000533563e-05,0.0001125000000001819,0.00019904099997347657,4.584000009799638e-06,0.009124457999973856,0.010357707999958166,0.010354081999992104,3.6259999660614994e-06,0.021037166999974488,,,,,,,,,,,,,,,,,,,,,,,,,,,,,,,,
200,0.1414213562373095,9,Random Sampling,9.130478955176638,0.38,0.01097671888302243,0.029037040999980945,0.0008642920000170307,0.011562000000026273,,,,,,,,,0.029037040999980945,0.029033167999955367,3.8730000255782215e-06,0.04146333300002425,0.00023304199999074626,0.0002607920000059494,0.010431541000002653,4.354200001444042e-05,5.083399997829474e-05,0.018013416999963283,,,,,,,,,,,,,,,,,,,,,,,,,,
200,0.1414213562373095,9,Non-random,8.927822298404482,0.2,0.013279056985830984,0.030929334000006747,0.0008642920000170307,0.011398417000009431,,,,,,,,,0.030929334000006747,0.030925916000001052,3.418000005694921e-06,0.04319204300003321,,,,,,,0.020172041000023455,0.010739999999998417,1.3874999979179847e-05,,,,,,,,,,,,,,,,,,,,,,,
200,0.1414213562373095,9,CountSketch,8.047127690948493,0.27,0.006862453713024047,0.012770667000040703,0.0008642920000170307,0.012251499999990756,,,,,,,,,0.012770667000040703,0.01299224999991111,0.0,0.02588645900004849,,,,,,,,,,4.66669999923397e-05,12.0,11.0,26.0,0.0,0.0002462499999751344,0.0002462499999751344,0.0003573329999539965,0.00037587500003155583,0.00011858299995992638,0.00014329100002896666,0.00028850000001057197,8.791999960067187e-06,0.011160709000023417,,,,,,,,,
200,0.1414213562373095,9,SIGN Bidirectional,7.84100204879497,0.33999999999999997,0.007002525248657285,0.013361707999990813,0.0008642920000170307,0.010929999999973461,,,,,,,,,0.013361707999990813,0.013354999999990014,6.708000000799075e-06,0.025155999999981304,,,,,,,,,,,,,,,,,,,,,,,,5.358399999977337e-05,12.0,2.0,0.0017098330000067108,0.0004502499999716747,0.00012804099998220408,0.00025616700003183723,8.208999986436538e-06,0.010748916000011377
200,0.1414213562373095,10,Random Projection,7.205639385248607,0.32999999999999996,0.012295776361057525,0.01825624999997899,0.0008401669999784644,0.01155033300000241,4.837500000576256e-05,0.0004164590000073076,0.000353500000016993,0.0001307500000393702,0.00016858300000421877,0.0003262080000467904,1.1666999967019365e-05,0.01679412499998989,0.01825624999997899,0.018249667000077352,6.5829999016386864e-06,0.030646749999959866,,,,,,,,,,,,,,,,,,,,,,,,,,,,,,,,
200,0.1414213562373095,10,Random Sampling,9.185382965623486,0.27,0.008954631778020111,0.020987916000024143,0.0008401669999784644,0.010387999999977637,,,,,,,,,0.020987916000024143,0.020983708000017032,4.208000007110968e-06,0.032216082999980244,0.00034962499995572216,0.0002897080000252572,0.009763333000023522,7.945900000549955e-05,7.358300001669704e-05,0.010427999999990334,,,,,,,,,,,,,,,,,,,,,,,,,,
200,0.1414213562373095,10,Non-random,8.670869095773186,0.2,0.0050739016271279525,0.03655550000001995,0.0008401669999784644,0.012008541999989575,,,,,,,,,0.03655550000001995,0.0365521250000711,3.37499994884638e-06,0.049404208999987986,,,,,,,0.019474833000003855,0.017064042000015434,1.3250000051812094e-05,,,,,,,,,,,,,,,,,,,,,,,
200,0.1414213562373095,10,CountSketch,7.5264983581017555,0.39,0.016566992652673113,0.012830209000014747,0.0008401669999784644,0.012568999999984953,,,,,,,,,0.012830209000014747,0.013202915000078974,0.0,0.026239375999978165,,,,,,,,,,8.262500000455475e-05,12.0,12.0,27.0,0.0,0.00040883299999450173,0.00040883299999450173,0.0003399170000193408,0.0003517079999824091,0.00010558299999274823,0.00014033299999027804,0.0002730000000497057,8.333000039328908e-06,0.011083750000011605,,,,,,,,,
200,0.1414213562373095,10,SIGN Bidirectional,7.27237597118406,0.4,0.020280647829216458,0.012777458000016395,0.0008401669999784644,0.011967665999975452,,,,,,,,,0.012777458000016395,0.012770585000112078,6.872999904317112e-06,0.02558529099997031,,,,,,,,,,,,,,,,,,,,,,,,5.745800001477619e-05,12.0,2.0,0.001697959000011906,0.00047087500001907756,0.00012225000000398722,0.0002865840000367825,9.625000018331775e-06,0.010125834000007217
200,0.1414213562373095,11,Random Projection,6.9948579325339475,0.26,0.004881061404000686,0.012246791999984907,0.0008476250000057917,0.010567915999956767,4.829100004144493e-05,0.00046495899999854373,0.0003604999999993197,9.22499999660431e-05,0.00012533299997130598,0.00027062499998464773,8.33299998248549e-06,0.010871124999994208,0.012246791999984907,0.012241415999937999,5.3760000469083025e-06,0.023662332999947466,,,,,,,,,,,,,,,,,,,,,,,,,,,,,,,,
200,0.1414213562373095,11,Random Sampling,8.98431088638912,0.44000000000000006,0.010659369350798115,0.029556499999955577,0.0008476250000057917,0.012309667000010904,,,,,,,,,0.029556499999955577,0.029552250000108415,4.249999847161234e-06,0.04271379199997227,0.00025354100000640756,0.0002741249999758111,0.01399766700001237,4.829200003086953e-05,5.466700002898506e-05,0.014923958000053972,,,,,,,,,,,,,,,,,,,,,,,,,,
200,0.1414213562373095,11,Non-random,8.663812041267732,0.15000000000000002,0.0074983113527181955,0.03115325000004532,0.0008476250000057917,0.011147459000028448,,,,,,,,,0.03115325000004532,0.031148958999892784,4.291000152534252e-06,0.04314833400007956,,,,,,,0.02077699999995275,0.010357416999966063,1.4541999973971542e-05,,,,,,,,,,,,,,,,,,,,,,,
200,0.1414213562373095,11,CountSketch,7.232022266417543,0.35,0.012446545445918139,0.015710124999998243,0.0008476250000057917,0.012011542000038844,,,,,,,,,0.015710124999998243,0.015955377000011595,0.0,0.02856929200004288,,,,,,,,,,5.2917000004981674e-05,12.0,13.0,21.0,0.0,0.0002696250000440159,0.0002696250000440159,0.0003736669999625519,0.0003174590000298849,8.412500000076761e-05,0.00011133399999607718,0.00026233299996647474,5.6249999715873855e-06,0.014208666999991237,,,,,,,,,
200,0.1414213562373095,11,SIGN Bidirectional,7.562281025679394,0.45999999999999996,0.013799454348599638,0.019863874999998643,0.0008476250000057917,0.01221491699999433,,,,,,,,,0.019863874999998643,0.019855249000045205,8.625999953437713e-06,0.032926416999998764,,,,,,,,,,,,,,,,,,,,,,,,5.649999997103805e-05,12.0,2.0,0.001675458000022445,0.0005929160000164302,0.00014195800002880787,0.000315875000012511,9.874999989278876e-06,0.017062667000004694
200,0.1414213562373095,12,Random Projection,7.193038512052311,0.68,0.02144736254937195,0.011796333000006598,0.0008826669999848491,0.011204499999962536,4.920800000718373e-05,0.00047941700000819765,0.0003629999999930078,0.00010162499995658436,0.00012700000002041634,0.00031750000005104084,9.542000043438748e-06,0.010343707999993512,0.011796333000006598,0.011791000000073382,5.3329999332163425e-06,0.023883499999953983,,,,,,,,,,,,,,,,,,,,,,,,,,,,,,,,
200,0.1414213562373095,12,Random Sampling,8.180063222154317,0.28,0.005459935685482503,0.027628833999983726,0.0008826669999848491,0.013243791999968835,,,,,,,,,0.027628833999983726,0.02762383399999635,4.9999999873762135e-06,0.04175529299993741,0.000349207999988721,0.00041087500000003274,0.012332165999964673,9.516700004041923e-05,8.783399999856556e-05,0.014348584000003939,,,,,,,,,,,,,,,,,,,,,,,,,,
200,0.1414213562373095,12,Non-random,8.629542997735847,0.18,0.009048242382714178,0.032634790999964025,0.0008826669999848491,0.015804041999956553,,,,,,,,,0.032634790999964025,0.03263149999992265,3.291000041372172e-06,0.04932149999990543,,,,,,,0.02133241699999644,0.011284374999945612,1.4707999980601016e-05,,,,,,,,,,,,,,,,,,,,,,,
200,0.1414213562373095,12,CountSketch,7.702016804018033,0.39,0.02062988082960139,0.011968124999953034,0.0008826669999848491,0.013763917000005677,,,,,,,,,0.011968124999953034,0.012363999000001513,0.0,0.02661470899994356,,,,,,,,,,9.887499999194915e-05,12.0,12.0,22.0,0.0,0.000435165999988385,0.000435165999988385,0.00033062500000369255,0.0002655410000329539,0.00010458299999527298,0.0001032499999951142,0.00021275000000287037,4.959000023063709e-06,0.010373083999979826,,,,,,,,,
200,0.1414213562373095,12,SIGN Bidirectional,7.355532134765898,0.35,0.018110690592529913,0.015569749999997384,0.0008826669999848491,0.0123442080000018,,,,,,,,,0.015569749999997384,0.015564040000072055,5.709999925329612e-06,0.028796624999984033,,,,,,,,,,,,,,,,,,,,,,,,5.808299999898736e-05,12.0,2.0,0.0017363750000072287,0.0003800410000280863,9.079099999098617e-05,0.00012987500002736851,4.83299999132214e-06,0.013164042000028076
200,0.1414213562373095,13,Random Projection,7.437946339356126,0.21000000000000002,0.009139584296773973,0.01251524999997855,0.0008585830000242822,0.01186512499998571,4.86670000441336e-05,0.0004071250000379223,0.00038583299999572773,0.00014133299998775328,0.00017558299998654547,0.0001409170000101767,4.83299999132214e-06,0.011205250000045908,0.01251524999997855,0.012509541000099489,5.708999879061594e-06,0.025238957999988543,,,,,,,,,,,,,,,,,,,,,,,,,,,,,,,,
200,0.1414213562373095,13,Random Sampling,9.229348986120822,0.31,0.019856755976981277,0.02490504200000032,0.0008585830000242822,0.012304999999969368,,,,,,,,,0.02490504200000032,0.024898206999978356,6.835000021965243e-06,0.03806862499999397,0.0003679579999698035,0.00042845799998758594,0.010272833000044557,9.716699997852629e-05,8.458299998892471e-05,0.013647208000008959,,,,,,,,,,,,,,,,,,,,,,,,,,
200,0.1414213562373095,13,Non-random,8.56577474817901,0.16,0.0023126515309371543,0.030634167000016532,0.0008585830000242822,0.01224712499998759,,,,,,,,,0.030634167000016532,0.03062987499998826,4.292000028272014e-06,0.043739875000028405,,,,,,,0.020654958000022816,0.009960124999963682,1.4792000001762062e-05,,,,,,,,,,,,,,,,,,,,,,,
200,0.1414213562373095,13,CountSketch,7.079254235638834,0.32,0.011469334154407068,0.014946582999982638,0.0008585830000242822,0.012236125000015363,,,,,,,,,0.014946582999982638,0.015325542999903519,0.0,0.028041291000022284,,,,,,,,,,8.358399998087407e-05,12.0,11.0,23.0,0.0,0.00041579200001251593,0.00041579200001251593,0.0004022499999791762,0.0003695409999977528,0.00013970899999549147,0.0001474579999580783,0.00029545899997174274,1.0832999976173596e-05,0.013045125000019198,,,,,,,,,
200,0.1414213562373095,13,SIGN Bidirectional,7.764707124420929,0.41000000000000003,0.014794198378842105,0.015535458999977436,0.0008585830000242822,0.012147500000025957,,,,,,,,,0.015535458999977436,0.015527625999936845,7.833000040591287e-06,0.028541542000027675,,,,,,,,,,,,,,,,,,,,,,,,5.924999999251668e-05,12.0,2.0,0.0017004589999487507,0.0004651250000051732,0.00012770899996894514,0.00034575000000813816,8.166000043274835e-06,0.012821166999970046
200,0.1414213562373095,14,Random Projection,7.3985036431460385,0.69,0.02180634537035428,0.013460624999993342,0.0005981670000210215,0.011616541000023517,3.2875000044896296e-05,0.00047808300001861426,0.000390999999979158,9.379199997283649e-05,0.00013575000002674642,0.0002829160000032971,9.583000007751252e-06,0.01203058300001203,0.013460624999993342,0.01345458200006533,6.04299992801316e-06,0.02567533300003788,,,,,,,,,,,,,,,,,,,,,,,,,,,,,,,,
200,0.1414213562373095,14,Random Sampling,9.498581148022515,0.43,0.007122042044439406,0.02038433399997075,0.0005981670000210215,0.011005416999978479,,,,,,,,,0.02038433399997075,0.02038083200005758,3.5019999131691293e-06,0.03198791799997025,0.00024945799998477014,0.00026387500003011155,0.009280708000005689,4.875000001902663e-05,5.6207999989510427e-05,0.010481833000028473,,,,,,,,,,,,,,,,,,,,,,,,,,
200,0.1414213562373095,14,Non-random,8.534053694650533,0.29000000000000004,0.009457928958583883,0.03461045799997464,0.0005981670000210215,0.012753125000017462,,,,,,,,,0.03461045799997464,0.03460491699996737,5.5410000072697585e-06,0.047961750000013126,,,,,,,0.02083866699996406,0.01374358300000722,2.2666999996090453e-05,,,,,,,,,,,,,,,,,,,,,,,
200,0.1414213562373095,14,CountSketch,7.192090174525739,0.43000000000000005,0.024367220835590647,0.014489667000020745,0.0005981670000210215,0.012411625000027016,,,,,,,,,0.014489667000020745,0.01473428900004592,0.0,0.027499459000068782,,,,,,,,,,6.395799999836527e-05,12.0,9.0,23.0,0.0,0.0002719160000310694,0.0002719160000310694,0.00031233300001076714,0.0002543339999760974,8.620799997061113e-05,0.00010416600002827181,0.00020354200000838318,4.9160000230585865e-06,0.013160999999968226,,,,,,,,,
200,0.1414213562373095,14,SIGN Bidirectional,7.557052019230601,0.61,0.018988835837977516,0.015040833000000475,0.0005981670000210215,0.012660207999999784,,,,,,,,,0.015040833000000475,0.015035124999997151,5.708000003323832e-06,0.02829920800002128,,,,,,,,,,,,,,,,,,,,,,,,4.0833000014117715e-05,12.0,2.0,0.0014331250000054752,0.0004970420000063314,0.00010249999996858605,0.0002806250000162436,6.499999983589078e-06,0.012674500000002809
200,0.1414213562373095,15,Random Projection,8.136124788298565,0.28,0.020642278812499693,0.011978457999987313,0.0006056669999452424,0.011316500000020824,3.662500000700675e-05,0.00046162500001400986,0.00039741699998785407,0.00010158300000284726,0.00010920899995880973,0.00034237500000244836,1.2167000022600405e-05,0.010510541999963152,0.011978457999987313,0.011971542999958729,6.915000028584473e-06,0.02390062499995338,,,,,,,,,,,,,,,,,,,,,,,,,,,,,,,,
200,0.1414213562373095,15,Random Sampling,8.882725539875052,0.29000000000000004,0.0208914205003711,0.024194792000002963,0.0006056669999452424,0.011941083000010622,,,,,,,,,0.024194792000002963,0.024189291999903162,5.500000099800673e-06,0.03674154199995883,0.00024683299994876506,0.0002787499999499232,0.010789416999955392,0.0001086250000525979,9.354200000188939e-05,0.012672124999994594,,,,,,,,,,,,,,,,,,,,,,,,,,
200,0.1414213562373095,15,Non-random,8.750722622884437,0.13,0.011044017723909338,0.03631558300003235,0.0006056669999452424,0.013244750000012573,,,,,,,,,0.03631558300003235,0.036310458000002654,5.125000029693183e-06,0.05016599999999016,,,,,,,0.020668208000017785,0.015619249999986096,2.2999999998774e-05,,,,,,,,,,,,,,,,,,,,,,,
200,0.1414213562373095,15,CountSketch,7.392534808510423,0.21000000000000002,0.008608647034849148,0.014107207999984439,0.0006056669999452424,0.01166141700002754,,,,,,,,,0.014107207999984439,0.0144887919999519,0.0,0.026374291999957222,,,,,,,,,,0.00011779199996908574,12.0,12.0,22.0,0.0,0.00042849999999816646,0.00042849999999816646,0.0004632920000062768,0.00041704199998093827,0.000123500000029253,0.00013200000000779255,0.0002714999999966494,9.332999979960732e-06,0.01209733299998561,,,,,,,,,
200,0.1414213562373095,15,SIGN Bidirectional,7.61724640834834,0.25,0.004813604259338855,0.015143625000007432,0.0006056669999452424,0.01174491599999783,,,,,,,,,0.015143625000007432,0.01513966499999242,3.960000015013065e-06,0.027494207999950504,,,,,,,,,,,,,,,,,,,,,,,,3.69999999634274e-05,12.0,2.0,0.0012920409999992444,0.00037800000001197986,0.00010900000000901855,0.0002029169999673286,4.791000037585036e-06,0.013115916000003836
200,0.1414213562373095,16,Random Projection,6.930930900559238,0.36,0.010498486746227859,0.01511970800004292,0.0008701249999489846,0.011968540999987454,5.866700001888603e-05,0.0004502500000285181,0.00036550000004353933,0.00013716600000179824,0.00010879100000238395,0.00027812500002255547,8.83299998122311e-06,0.013706584000033217,0.01511970800004292,0.015113916000132122,5.79199991079804e-06,0.027958373999979358,,,,,,,,,,,,,,,,,,,,,,,,,,,,,,,,
200,0.1414213562373095,16,Random Sampling,9.007680525977257,0.42000000000000004,0.013653402522606911,0.028686499999992066,0.0008701249999489846,0.012477292000028228,,,,,,,,,0.028686499999992066,0.028682876999937434,3.6230000546311203e-06,0.04203391699996928,0.00024787499995682083,0.0002687500000320142,0.01512983399999257,4.908399995429136e-05,5.695900000546317e-05,0.012930374999996275,,,,,,,,,,,,,,,,,,,,,,,,,,
200,0.1414213562373095,16,Non-random,8.368669692336727,0.23,0.011970973272912577,0.03405687500003296,0.0008701249999489846,0.0135944590000463,,,,,,,,,0.03405687500003296,0.034052290000033736,4.584999999224237e-06,0.048521459000028244,,,,,,,0.02011179099997662,0.013926958000013201,1.3541000043915119e-05,,,,,,,,,,,,,,,,,,,,,,,
200,0.1414213562373095,16,CountSketch,6.763990486773173,0.5,0.026510816582603847,0.014610291999986202,0.0008701249999489846,0.011805332999983875,,,,,,,,,0.014610291999986202,0.015029209999966042,0.0,0.027285749999919062,,,,,,,,,,0.0001014580000173737,12.0,9.0,26.0,0.0,0.00046079199995574527,0.00046079199995574527,0.0004078339999864511,0.00035966699999789853,0.00011479199997666001,0.00013516699999627235,0.0002797920000148224,9.166000040750077e-06,0.012699750000024324,,,,,,,,,
200,0.1414213562373095,16,SIGN Bidirectional,6.477060630528089,0.51,0.01913976925107881,0.01616324999997687,0.0008701249999489846,0.013723125000012715,,,,,,,,,0.01616324999997687,0.016154582000069695,8.667999907174817e-06,0.03075649999993857,,,,,,,,,,,,,,,,,,,,,,,,3.7791000011111464e-05,12.0,2.0,0.0014709579999703237,0.0006594170000084887,0.00022908300002200122,0.00036962500001891385,7.667000033961813e-06,0.013380041000004894
200,0.1414213562373095,17,Random Projection,7.341267421946085,0.26,0.010476746648173468,0.011432124999998905,0.0008884999999736465,0.01241912500000808,5.0041999998029496e-05,0.0005085000000235596,0.0003900419999922633,0.00011516600000049948,0.0001496660000270822,0.00030375000000049113,8.916000012959557e-06,0.009899082999993425,0.011432124999998905,0.01142516500004831,6.959999950595375e-06,0.02473974999998063,,,,,,,,,,,,,,,,,,,,,,,,,,,,,,,,
200,0.1414213562373095,17,Random Sampling,9.497778494182125,0.38,0.05484406688040552,0.02095687500002441,0.0008884999999736465,0.012319041000012021,,,,,,,,,0.02095687500002441,0.020951959000001352,4.9160000230585865e-06,0.03416441600001008,0.000257290999968518,0.0002678750000200125,0.0076220420000367994,9.779199996273746e-05,8.50000000127693e-05,0.012621959000000516,,,,,,,,,,,,,,,,,,,,,,,,,,
200,0.1414213562373095,17,Non-random,8.412563331937395,0.16999999999999998,0.003272187785110736,0.03320695799999385,0.0008884999999736465,0.012404500000002372,,,,,,,,,0.03320695799999385,0.033201791999943,5.166000050849107e-06,0.046499957999969865,,,,,,,0.019010124999965683,0.01417654199997287,1.512500000444561e-05,,,,,,,,,,,,,,,,,,,,,,,
200,0.1414213562373095,17,CountSketch,7.110021781895496,0.27,0.007507990009177151,0.011963292000018555,0.0008884999999736465,0.012379708000025857,,,,,,,,,0.011963292000018555,0.012207832999933999,0.0,0.02523150000001806,,,,,,,,,,5.549999997356281e-05,12.0,11.0,23.0,0.0,0.00027108299997280483,0.00027108299997280483,0.00040183300001217503,0.0003932089999807431,0.00010770800003001568,0.0001230830000054084,0.00020670800000743839,5.166999983430287e-06,0.010372458999995615,,,,,,,,,
200,0.1414213562373095,17,SIGN Bidirectional,7.0008325066113235,0.29000000000000004,0.011010003966453907,0.015433208000047216,0.0008884999999736465,0.010715333000007377,,,,,,,,,0.015433208000047216,0.015427584999940791,5.6230001064250246e-06,0.02703704100002824,,,,,,,,,,,,,,,,,,,,,,,,5.5959000007987925e-05,12.0,2.0,0.001354542000001402,0.0004606669999702717,9.058400002004419e-05,0.00020820800000365125,4.916999955639767e-06,0.013252707999981794
200,0.1414213562373095,18,Random Projection,7.430140072523185,0.54,0.015770401092624453,0.01156162500001301,0.0006114999999908832,0.011834249999992608,3.3083999994687474e-05,0.0005859159999772601,0.0002691669999990154,9.829199996147509e-05,0.00010720900002070266,0.0002187089999665659,4.95899996622029e-06,0.010240832999954819,0.01156162500001301,0.011558168999840746,3.4560001722638845e-06,0.0240073749999965,,,,,,,,,,,,,,,,,,,,,,,,,,,,,,,,
200,0.1414213562373095,18,Random Sampling,9.041907848640356,0.44999999999999996,0.0038361093086804188,0.02619254199998977,0.0006114999999908832,0.011740332999977454,,,,,,,,,0.02619254199998977,0.026186748999975862,5.793000013909477e-06,0.03854437499995811,0.00025262500003009336,0.00026620799997090216,0.013845333000006121,0.00010120799998958319,8.745799999587689e-05,0.011633916999983285,,,,,,,,,,,,,,,,,,,,,,,,,,
200,0.1414213562373095,18,Non-random,8.647765277298609,0.22,0.001699945537838421,0.03369720799997822,0.0006114999999908832,0.011891999999988911,,,,,,,,,0.03369720799997822,0.033692874999985634,4.332999992584519e-06,0.04620070799995801,,,,,,,0.02043404199997667,0.013245583000013994,1.3249999994968675e-05,,,,,,,,,,,,,,,,,,,,,,,
200,0.1414213562373095,18,CountSketch,7.414112680640745,0.33999999999999997,0.018310601635914553,0.01583079199997428,0.0006114999999908832,0.012666291000016372,,,,,,,,,0.01583079199997428,0.016244210000081694,0.0,0.029108582999981536,,,,,,,,,,9.429099998214951e-05,12.0,8.0,23.0,0.0,0.0004554170000119484,0.0004554170000119484,0.0004524590000301032,0.0003215419999946789,7.999999996854967e-05,0.00017500000001291482,0.0004213750000303662,1.4750000048024958e-05,0.01377395899999101,,,,,,,,,
200,0.1414213562373095,18,SIGN Bidirectional,7.5685352788654265,0.37,0.014984810130386716,0.014511916000003566,0.0006114999999908832,0.014406624999992346,,,,,,,,,0.014511916000003566,0.01450575100000151,6.165000002056331e-06,0.029530040999986795,,,,,,,,,,,,,,,,,,,,,,,,6.666600000926337e-05,12.0,2.0,0.0015312079999603156,0.00039154199998847616,9.587499999952342e-05,0.00013195899998663663,4.917000012483186e-06,0.012283584000044812
200,0.1414213562373095,19,Random Projection,6.946304654574439,0.47000000000000003,0.013376406299219101,0.014928542000006928,0.000576874999978827,0.013646249999965221,3.4416999994846265e-05,0.0005018749999976535,0.0002464999999460815,0.00025329100003546046,0.00019512500000473665,0.0004366669999740225,6.332999987535004e-06,0.013245999999980995,0.014928542000006928,0.014920207999921331,8.334000085596927e-06,0.029151666999950976,,,,,,,,,,,,,,,,,,,,,,,,,,,,,,,,
200,0.1414213562373095,19,Random Sampling,9.010579539587235,0.27,0.010278799764506075,0.026702790999991066,0.000576874999978827,0.011639374999958818,,,,,,,,,0.026702790999991066,0.02669879399996944,3.997000021627173e-06,0.03891904099992871,0.00025533399997357265,0.0002659590000462231,0.012491291000003457,5.34589999574564e-05,5.9458999999151274e-05,0.013573291999989578,,,,,,,,,,,,,,,,,,,,,,,,,,
200,0.1414213562373095,19,Non-random,8.695021936911882,0.14,0.011815402477040882,0.03369662500000459,0.000576874999978827,0.013040166999985559,,,,,,,,,0.03369662500000459,0.033690708999984054,5.916000020533829e-06,0.04731366699996897,,,,,,,0.019039916999986417,0.014625792000003912,2.4999999993724487e-05,,,,,,,,,,,,,,,,,,,,,,,
200,0.1414213562373095,19,CountSketch,7.195618095968578,0.32,0.015177880836023255,0.01439512500002138,0.000576874999978827,0.01215249999995649,,,,,,,,,0.01439512500002138,0.014671040999928664,0.0,0.027124499999956697,,,,,,,,,,6.416700000499986e-05,12.0,10.0,27.0,0.0,0.000303500000029544,0.000303500000029544,0.0004747909999878175,0.0002608749999808424,0.00010987499996417682,0.0001361669999937476,0.00028537499997582927,5.124999972849764e-06,0.012727665999989313,,,,,,,,,
200,0.1414213562373095,19,SIGN Bidirectional,7.737955346607744,0.72,0.025356507635369396,0.015589832999978626,0.000576874999978827,0.011693334000028699,,,,,,,,,0.015589832999978626,0.015580916999965666,8.916000012959557e-06,0.02786004199998615,,,,,,,,,,,,,,,,,,,,,,,,5.575000000135333e-05,12.0,2.0,0.0017173329999877751,0.0004741669999930309,0.00012812500000336513,0.0003295829999956368,8.541999989120086e-06,0.012867416999995385
200,0.1414213562373095,20,Random Projection,7.23470274408416,0.38,0.015339551799197465,0.013647415999969326,0.0005946250000192776,0.011700125000004391,3.591699999105913e-05,0.0006354999999871325,0.00041137499999877036,0.00010829100000364633,0.0001571660000081465,0.0003332499999828542,1.004199998533295e-05,0.011948834000008901,0.013647415999969326,0.013640374999965843,7.0410000034826226e-06,0.025942165999992994,,,,,,,,,,,,,,,,,,,,,,,,,,,,,,,,
200,0.1414213562373095,20,Random Sampling,8.798427664369887,0.41000000000000003,0.008201732782263299,0.024862958999960938,0.0005946250000192776,0.01175029099999847,,,,,,,,,0.024862958999960938,0.02485841699996172,4.541999999219115e-06,0.037207874999978685,0.00025537499999472857,0.0002660000000105356,0.012151208999966912,9.387500000457294e-05,8.529199999429693e-05,0.012006665999990673,,,,,,,,,,,,,,,,,,,,,,,,,,
200,0.1414213562373095,20,Non-random,8.449850097946053,0.24,0.008019435798352015,0.04107662500001652,0.0005946250000192776,0.013135707999992974,,,,,,,,,0.04107662500001652,0.04107020900005409,6.415999962428032e-06,0.05480695800002877,,,,,,,0.027101584000035928,0.013939792000030593,2.8832999987571384e-05,,,,,,,,,,,,,,,,,,,,,,,
200,0.1414213562373095,20,CountSketch,6.781903120488579,0.38,0.015876622502284055,0.015004415999953835,0.0005946250000192776,0.012474666000002799,,,,,,,,,0.015004415999953835,0.015260875000080887,0.0,0.02807370699997591,,,,,,,,,,6.0541000038938364e-05,12.0,9.0,23.0,0.0,0.00028224999999793,0.00028224999999793,0.00030512500001123044,0.00025962500001242006,8.929100005161672e-05,0.00010783400000491383,0.00020058399996969456,5.417000011220807e-06,0.013667957999984992,,,,,,,,,
200,0.1414213562373095,20,SIGN Bidirectional,7.084649465577939,0.36,0.015135697266658504,0.018141375000027438,0.0005946250000192776,0.010999874999981785,,,,,,,,,0.018141375000027438,0.01812537400007841,1.6000999949028483e-05,0.0297358750000285,,,,,,,,,,,,,,,,,,,,,,,,5.525000000261571e-05,12.0,2.0,0.0018365000000244436,0.0006727500000351938,0.00012279100002388077,0.0002973330000486385,1.0832999976173596e-05,0.015129916999967463
400,0.1,1,Random Projection,7.341483178050586,0.305,0.011821803831652808,0.01951883400005272,0.0022279589999811833,0.03381704200000968,6.883300000026793e-05,0.0009065000000418877,0.0006307919999812839,0.00019891599998800302,0.0002290410000114207,0.0003025409999963813,1.4333000024180365e-05,0.017161834000035014,0.01951883400005272,0.01951279000007844,6.043999974281178e-06,0.05556383500004358,,,,,,,,,,,,,,,,,,,,,,,,,,,,,,,,
400,0.1,1,Random Sampling,9.417454476430448,0.23500000000000001,0.00648961905304106,0.03852854199999456,0.0022279589999811833,0.03269745799997281,,,,,,,,,0.03852854199999456,0.0385234999999966,5.0419999979567365e-06,0.07345395899994855,0.0007365839999806667,0.0010087080000289461,0.01660399999997253,0.0002245829999765192,0.00033354200002122525,0.019616083000016715,,,,,,,,,,,,,,,,,,,,,,,,,,
400,0.1,1,Non-random,10.47805387642059,0.065,0.0029606534566724296,0.08085245800003804,0.0022279589999811833,0.03429195900002924,,,,,,,,,0.08085245800003804,0.08084962599997425,2.832000063790474e-06,0.11737237600004846,,,,,,,0.06639145899998766,0.014407916999971349,5.025000001523949e-05,,,,,,,,,,,,,,,,,,,,,,,
400,0.1,1,CountSketch,7.041662831145556,0.245,0.01094475278137727,0.019424082999989878,0.0022279589999811833,0.036444125000002714,,,,,,,,,0.019424082999989878,0.019808292000050187,0.0,0.058096166999973775,,,,,,,,,,5.687499998430212e-05,12.0,18.0,42.0,0.0,0.0004130840000016178,0.0004130840000016178,0.0007957500000088658,0.0006747499999733009,0.0002369580000163296,0.0002807079999911366,0.0002976250000301661,1.3208000041231571e-05,0.01662625000000162,,,,,,,,,
400,0.1,1,SIGN Bidirectional,8.54237770679173,0.43,0.014522541192003649,0.021724000000006072,0.0022279589999811833,0.035192790999985846,,,,,,,,,0.021724000000006072,0.02171908299999359,4.917000012483186e-06,0.0591447499999731,,,,,,,,,,,,,,,,,,,,,,,,6.324999998241765e-05,12.0,2.0,0.0029686670000046433,0.0008909999999673346,0.0001562080000212518,0.0002227499999776228,7.291000031273143e-06,0.017409917000009045
400,0.1,2,Random Projection,8.129707651621034,0.335,0.010802434569679137,0.021029791999978897,0.0026687079999874186,0.0344007079999642,6.770800001731914e-05,0.0008375410000098782,0.0004500000000007276,0.0001641669999798978,0.00018183299999918745,0.00021474999999782085,6.917000007433671e-06,0.01910279100002299,0.021029791999978897,0.021025707000035254,4.084999943643197e-06,0.05809920799993051,,,,,,,,,,,,,,,,,,,,,,,,,,,,,,,,
400,0.1,2,Random Sampling,9.467370308313013,0.195,0.007748848949947873,0.04008908299999803,0.0026687079999874186,0.034017500000004475,,,,,,,,,0.04008908299999803,0.04008316699997749,5.916000020533829e-06,0.07677529099998992,0.0010159159999716394,0.001318959000002451,0.01709708399999954,0.0002403330000220194,0.00032954099998505626,0.020081333999996787,,,,,,,,,,,,,,,,,,,,,,,,,,
400,0.1,2,Non-random,10.593953686857809,0.11499999999999999,0.0030363231227683862,0.07721275000000105,0.0026687079999874186,0.035594000000003234,,,,,,,,,0.07721275000000105,0.07720958200002315,3.167999977904401e-06,0.1154754579999917,,,,,,,0.06399458299995331,0.013168708000023344,4.6291000046494446e-05,,,,,,,,,,,,,,,,,,,,,,,
400,0.1,2,CountSketch,8.215176951108212,0.29000000000000004,0.008094838199016505,0.018308832999991864,0.0026687079999874186,0.03353704099998822,,,,,,,,,0.018308832999991864,0.018693333999806327,0.0,0.054514581999967504,,,,,,,,,,5.549999997356281e-05,12.0,24.0,40.0,0.0,0.00041141599996308287,0.00041141599996308287,0.0008405419999917285,0.0006636249999587562,0.00023229199996421812,0.0002538329999879352,0.00028033400002414055,1.3959000000340893e-05,0.01553041699997948,,,,,,,,,
400,0.1,2,SIGN Bidirectional,8.259208444664045,0.345,0.012120016150823282,0.02452358400000776,0.0026687079999874186,0.03472016699998903,,,,,,,,,0.02452358400000776,0.02451816700005338,5.416999954377388e-06,0.06191245899998421,,,,,,,,,,,,,,,,,,,,,,,,7.500000003801688e-05,12.0,2.0,0.002416749999952117,0.0007927080000058595,0.00018025000002808156,0.00021008400000255278,6.958000028589595e-06,0.020836416999998164
400,0.1,3,Random Projection,8.037796710314817,0.45,0.011511116008660241,0.01910120799999504,0.0026430839999989075,0.033573959000023024,7.320900004970099e-05,0.0008442500000001019,0.0004653330000223832,0.00020233300000427334,0.0001972919999957412,0.00021424999999908323,6.874999996853148e-06,0.01709429199996748,0.01910120799999504,0.01909783400003562,3.3739999594217807e-06,0.05531825100001697,,,,,,,,,,,,,,,,,,,,,,,,,,,,,,,,
400,0.1,3,Random Sampling,9.906676091457474,0.19,0.004814916612245937,0.032756416000040645,0.0026430839999989075,0.03146004100000255,,,,,,,,,0.032756416000040645,0.032752250999976695,4.165000063949265e-06,0.0668595410000421,0.0008085420000156773,0.0010168749999479587,0.01554512499996008,0.0001954170000431077,0.0002602079999860507,0.01492608400002382,,,,,,,,,,,,,,,,,,,,,,,,,,
400,0.1,3,Non-random,10.514203648883933,0.095,0.0026166995397764597,0.08138887499995917,0.0026430839999989075,0.03519229199997653,,,,,,,,,0.08138887499995917,0.08138479199999438,4.0829999647939985e-06,0.11922425099993461,,,,,,,0.06683325000000195,0.014502124999978605,4.9417000013818324e-05,,,,,,,,,,,,,,,,,,,,,,,
400,0.1,3,CountSketch,7.448520446395319,0.22999999999999998,0.007395375332731172,0.018859415999997964,0.0026430839999989075,0.03452833300002567,,,,,,,,,0.018859415999997964,0.01925241899999719,0.0,0.05603083300002254,,,,,,,,,,5.8749999993779056e-05,12.0,24.0,42.0,0.0,0.0004165839999927812,0.0004165839999927812,0.0007181249999916872,0.0004689579999990201,0.00020612500003380774,0.00020420900000317488,0.0002085829999600719,7.167000035224191e-06,0.016547333999994862,,,,,,,,,
400,0.1,3,SIGN Bidirectional,8.236267694863864,0.305,0.011563599281874226,0.022220000000004347,0.0026430839999989075,0.037303250000036314,,,,,,,,,0.022220000000004347,0.0222121670000206,7.832999983747868e-06,0.06216633400003957,,,,,,,,,,,,,,,,,,,,,,,,5.962500000578075e-05,12.0,2.0,0.00241649999998117,0.0007519999999772153,0.00031208400002924463,0.0003050839999900745,1.4166000028126291e-05,0.018352708000008988
400,0.1,4,Random Projection,7.755547716720163,0.2,0.007372066053945289,0.02599950000001172,0.0019646670000383892,0.04145487499999945,6.058399998210007e-05,0.0011580409999965013,0.0006973750000156542,0.0002565830000094138,0.00033783300000322924,0.0003440840000052958,1.5749999988656782e-05,0.02311908299998322,0.02599950000001172,0.02598933299998407,1.016700002764992e-05,0.06941904200004956,,,,,,,,,,,,,,,,,,,,,,,,,,,,,,,,
400,0.1,4,Random Sampling,10.182982926129656,0.225,0.005699719827708602,0.030346333000011327,0.0019646670000383892,0.034522417000005134,,,,,,,,,0.030346333000011327,0.03034229100006769,4.041999943638075e-06,0.06683341700005485,0.0007167910000021038,0.0010050839999848904,0.010346166000033463,0.000202917000024172,0.00022141700003430742,0.017849915999988752,,,,,,,,,,,,,,,,,,,,,,,,,,
400,0.1,4,Non-random,10.384605722880629,0.11,0.001191849288735114,0.09363129199999776,0.0019646670000383892,0.036625500000013744,,,,,,,,,0.09363129199999776,0.09362495900001022,6.332999987535004e-06,0.1322214590000499,,,,,,,0.07518166699998119,0.018358667000029527,8.462499999950523e-05,,,,,,,,,,,,,,,,,,,,,,,
400,0.1,4,CountSketch,7.819706451738031,0.20500000000000002,0.005459258071145057,0.019057666999970024,0.0019646670000383892,0.03471183299996028,,,,,,,,,0.019057666999970024,0.019467083000051844,0.0,0.05573416699996869,,,,,,,,,,5.5457999962982285e-05,12.0,26.0,43.0,0.0,0.0004390000000284999,0.0004390000000284999,0.0007687080000096103,0.0006817920000230515,0.00023504199998569675,0.0002973750000023756,0.00033716600000843755,1.4292000003024441e-05,0.016199249999999665,,,,,,,,,
400,0.1,4,SIGN Bidirectional,7.926149694944978,0.42,0.012685654313921269,0.026656500000001415,0.0019646670000383892,0.03487745799998265,,,,,,,,,0.026656500000001415,0.02664766800006646,8.831999934955093e-06,0.06349862500002246,,,,,,,,,,,,,,,,,,,,,,,,6.8999999996322e-05,12.0,2.0,0.0031772500000215587,0.0010280839999836644,0.00028620899996667504,0.0002921250000440523,1.28330000279675e-05,0.02178216700002622
400,0.1,5,Random Projection,7.109887673252983,0.32,0.011548399064111092,0.021620208999991064,0.002126124999961121,0.03582466700004261,6.158299999015071e-05,0.0008898749999843858,0.00045416599999725804,0.0003070000000207074,0.00031870800000888266,0.0002886249999960455,7.4590000167518156e-06,0.01928637499997876,0.021620208999991064,0.021613790999992943,6.417999998120649e-06,0.059571000999994794,,,,,,,,,,,,,,,,,,,,,,,,,,,,,,,,
400,0.1,5,Random Sampling,9.935788651477578,0.225,0.007207586217074943,0.0321171250000134,0.002126124999961121,0.03177175000001853,,,,,,,,,0.0321171250000134,0.03211233299992955,4.792000083853054e-06,0.06601499999999305,0.0009586250000097607,0.0010062079999784146,0.015843749999987722,0.00018433299999287556,0.00026504199996679745,0.01385437499999398,,,,,,,,,,,,,,,,,,,,,,,,,,
400,0.1,5,Non-random,10.437498077018999,0.07,0.0035947712418300665,0.0829857909999987,0.002126124999961121,0.036010958000019855,,,,,,,,,0.0829857909999987,0.08298300000001291,2.7909999857911316e-06,0.12112287399997967,,,,,,,0.06885770799999591,0.014078874999995605,4.6417000021392596e-05,,,,,,,,,,,,,,,,,,,,,,,
400,0.1,5,CountSketch,7.755553057759731,0.395,0.013695574358561682,0.022937875000025088,0.002126124999961121,0.032556582999973216,,,,,,,,,0.022937875000025088,0.023309789999927943,0.0,0.057620582999959424,,,,,,,,,,5.0999999984924216e-05,12.0,26.0,41.0,0.0,0.00039845800000648524,0.00039845800000648524,0.00072137499995506,0.0005636249999838583,0.00019179100002020277,0.00020491599997285448,0.0002507500000206164,7.2499999532738e-06,0.020522167000024183,,,,,,,,,
400,0.1,5,SIGN Bidirectional,7.73072740094323,0.47,0.0138075059197275,0.025385625000012624,0.002126124999961121,0.035865042000011726,,,,,,,,,0.025385625000012624,0.02537829199997077,7.333000041853666e-06,0.06337679199998547,,,,,,,,,,,,,,,,,,,,,,,,9.733299998515577e-05,12.0,2.0,0.003425999999990381,0.0008102500000291002,0.00017624999998133717,0.00021491699999387492,7.37499999559077e-06,0.02064616699999533
400,0.1,6,Random Projection,7.383858596219319,0.15000000000000002,0.007542138145939362,0.01763999999997168,0.0019932920000087506,0.033763249999992695,6.979200003343067e-05,0.0010865840000064964,0.0004482079999661437,0.00018579100003535132,0.00022100000001046283,0.00022154099997351295,6.917000007433671e-06,0.015396999999950367,0.01763999999997168,0.0176368329999832,3.1669999884798017e-06,0.053396541999973124,,,,,,,,,,,,,,,,,,,,,,,,,,,,,,,,
400,0.1,6,Random Sampling,10.151244288813931,0.215,0.004947108855053575,0.03567733400001316,0.0019932920000087506,0.03542824999999539,,,,,,,,,0.03567733400001316,0.03567254099999673,4.7930000164342346e-06,0.0730988760000173,0.0010135410000202683,0.001298582999993414,0.01696033399997532,0.00015100000001666558,0.00026258299999426526,0.015986499999996795,,,,,,,,,,,,,,,,,,,,,,,,,,
400,0.1,6,Non-random,10.442707811433523,0.065,0.001419773763817661,0.07797070800000938,0.0019932920000087506,0.036631499999998596,,,,,,,,,0.07797070800000938,0.07796670800007632,3.999999933057552e-06,0.11659550000001673,,,,,,,0.06358025000002954,0.014337166000018442,4.9292000028344773e-05,,,,,,,,,,,,,,,,,,,,,,,
400,0.1,6,CountSketch,7.862496112001841,0.16,0.004206479207230468,0.01929841700001589,0.0019932920000087506,0.03369350000002669,,,,,,,,,0.01929841700001589,0.01967187700006434,0.0,0.05498520900005133,,,,,,,,,,5.604199998288095e-05,12.0,22.0,45.0,0.0,0.00040341700002954894,0.00040341700002954894,0.0007679580000399255,0.0004547499999603133,0.0001900839999962045,0.0003419999999891843,0.00037937499996587576,1.645900005087242e-05,0.016658375000019987,,,,,,,,,
400,0.1,6,SIGN Bidirectional,8.279389535962782,0.33,0.010336318515517098,0.02387241699995002,0.0019932920000087506,0.03263145800002576,,,,,,,,,0.02387241699995002,0.023861333999946055,1.1083000003964116e-05,0.05849716699998453,,,,,,,,,,,,,,,,,,,,,,,,0.00010458299999527298,12.0,2.0,0.002778917000000547,0.0012806670000031772,0.00031191699997634714,0.00034441700000797937,1.6249999987394403e-05,0.019024582999975337
400,0.1,7,Random Projection,7.191807914974806,0.16,0.0066752177164624005,0.01703729100000828,0.0022137089999887394,0.033049250000033226,6.287499996915358e-05,0.000801125000009506,0.0004611249999584288,0.00020050000000537693,0.00022533400004931536,0.0002971250000314285,1.8124999996871338e-05,0.014966291000007459,0.01703729100000828,0.01703250000002754,4.790999980741617e-06,0.052300250000030246,,,,,,,,,,,,,,,,,,,,,,,,,,,,,,,,
400,0.1,7,Random Sampling,9.908113181010068,0.20500000000000002,0.001920737253885585,0.031798584000000574,0.0022137089999887394,0.03407758299999841,,,,,,,,,0.031798584000000574,0.0317929999999933,5.584000007274881e-06,0.06808987599998773,0.001021083000011913,0.0013134170000057566,0.012187000000039916,0.00020558299996764617,0.00021545900000319307,0.016850457999964874,,,,,,,,,,,,,,,,,,,,,,,,,,
400,0.1,7,Non-random,10.602676888185815,0.1,0.0012348006409652196,0.07678279200001725,0.0022137089999887394,0.03349337499997773,,,,,,,,,0.07678279200001725,0.07677954199999704,3.2500000202162482e-06,0.11248987599998372,,,,,,,0.062020167000014226,0.014709749999951782,4.962500003102832e-05,,,,,,,,,,,,,,,,,,,,,,,
400,0.1,7,CountSketch,7.25283214232761,0.27999999999999997,0.009591357861385652,0.020363166999970872,0.0022137089999887394,0.035488957999973536,,,,,,,,,0.020363166999970872,0.02101008500011403,0.0,0.05806583399993315,,,,,,,,,,9.958300000789677e-05,12.0,18.0,42.0,0.0,0.0006914170000413833,0.0006914170000413833,0.0007619579999982307,0.0006392500000060863,0.00024383300001318275,0.0002779589999590826,0.0002937090000045828,1.3167000020075648e-05,0.017297792000022127,,,,,,,,,
400,0.1,7,SIGN Bidirectional,8.513661217570691,0.33,0.010330599367810583,0.020096541999976125,0.0022137089999887394,0.03608645899998919,,,,,,,,,0.020096541999976125,0.020089208999991115,7.332999985010247e-06,0.058396709999954055,,,,,,,,,,,,,,,,,,,,,,,,9.575000001404987e-05,12.0,2.0,0.003045250000013766,0.0007437919999802034,0.0001842089999968266,8.300000001781882e-05,6.832999986272625e-06,0.015930374999982178
400,0.1,8,Random Projection,7.515704650079577,0.32499999999999996,0.010631576577495597,0.017828709000013987,0.0020114579999699345,0.03398016699998152,6.962499998053318e-05,0.0009642919999919286,0.0005233750000002146,0.00018812499996556653,0.00024633399999629546,0.0002504999999928259,1.3707999983125774e-05,0.015565666999975747,0.017828709000013987,0.017821625999886237,7.083000127749983e-06,0.05382033399996544,,,,,,,,,,,,,,,,,,,,,,,,,,,,,,,,
400,0.1,8,Random Sampling,9.69615119415733,0.185,0.002913369261765858,0.03583524999999099,0.0020114579999699345,0.03380970800003524,,,,,,,,,0.03583524999999099,0.035829000000035194,6.2499999557985575e-06,0.07165641599999617,0.0007358749999752945,0.001001041999984409,0.016743000000019492,0.0002125830000068163,0.000340917000016816,0.016795583000032366,,,,,,,,,,,,,,,,,,,,,,,,,,
400,0.1,8,Non-random,10.625988047027452,0.115,0.0016234317746123411,0.08335212499997624,0.0020114579999699345,0.03735791600001903,,,,,,,,,0.08335212499997624,0.08334666700000071,5.457999975533312e-06,0.1227214989999652,,,,,,,0.06514937499997586,0.018115709000028346,8.158299999649898e-05,,,,,,,,,,,,,,,,,,,,,,,
400,0.1,8,CountSketch,7.825922640378263,0.195,0.005820325555534911,0.019344334000038543,0.0020114579999699345,0.035724708000032024,,,,,,,,,0.019344334000038543,0.01975345899995773,0.0,0.0570805000000405,,,,,,,,,,6.491699997468459e-05,12.0,23.0,44.0,0.0,0.0004399160000048141,0.0004399160000048141,0.0007597919999966507,0.00048712500000647196,0.00022808400001395057,0.0002712909999900148,0.0003359169999725964,1.5667000013763754e-05,0.016710833999979968,,,,,,,,,
400,0.1,8,SIGN Bidirectional,7.686661578359039,0.28500000000000003,0.013138767321422912,0.023650917000054505,0.0020114579999699345,0.03448274999993828,,,,,,,,,0.023650917000054505,0.02363970900012191,1.1207999932594248e-05,0.06014512499996272,,,,,,,,,,,,,,,,,,,,,,,,9.94170000012673e-05,12.0,2.0,0.0029100420000531813,0.0011099590000185344,0.0002473329999475027,0.0003415840000116077,1.3541000043915119e-05,0.018917833000045903
400,0.1,9,Random Projection,7.831610065921516,0.39,0.011002734452137591,0.01910499999996773,0.0019237080000493734,0.033582499999965876,7.004199994753435e-05,0.0006346249999751308,0.00045345800003815384,0.00011633299993718538,0.00020949999998265412,0.0002910409999685726,3.9375000028485374e-05,0.017284542000084002,0.01910499999996773,0.01909891599996172,6.084000006012502e-06,0.05461120799998298,,,,,,,,,,,,,,,,,,,,,,,,,,,,,,,,
400,0.1,9,Random Sampling,10.062466990313858,0.31,0.011147878079353121,0.038996832999941944,0.0019237080000493734,0.03418295799997395,,,,,,,,,0.038996832999941944,0.03899070900001789,6.123999924056989e-06,0.07510349899996527,0.0007408339999983582,0.0010010830000055648,0.01806637499998942,0.00024116700001286517,0.00035341699992841313,0.018587833000083265,,,,,,,,,,,,,,,,,,,,,,,,,,
400,0.1,9,Non-random,10.45542657221103,0.12,0.0027500000000000024,0.08261737500004074,0.0019237080000493734,0.035419208999996954,,,,,,,,,0.08261737500004074,0.08261404200015932,3.332999881422438e-06,0.11996029200008707,,,,,,,0.06720658300002924,0.015360625000084838,4.683400004523719e-05,,,,,,,,,,,,,,,,,,,,,,,
400,0.1,9,CountSketch,8.259479378150878,0.505,0.013092988549285117,0.024824459000001298,0.0019237080000493734,0.03598825000005945,,,,,,,,,0.024824459000001298,0.025264914999979737,0.0,0.06273641700011012,,,,,,,,,,6.770800007416256e-05,12.0,22.0,42.0,0.0,0.00047154100002444466,0.00047154100002444466,0.0006492499999239953,0.0004608329999200578,0.00032504199998584227,0.000272541000072124,0.0004607910000231641,1.7083999978240172e-05,0.022068583999953262,,,,,,,,,
400,0.1,9,SIGN Bidirectional,8.30679534741824,0.46,0.015294145966989303,0.026338208000083796,0.0019237080000493734,0.039931083999931616,,,,,,,,,0.026338208000083796,0.026329166999971676,9.041000112119946e-06,0.06819300000006479,,,,,,,,,,,,,,,,,,,,,,,,0.00010012500001721492,12.0,2.0,0.0029075840000132303,0.0007695419999436126,0.00031504100002166524,0.00036175000002458546,9.91699994301598e-06,0.02186520800000835
400,0.1,10,Random Projection,7.829647478005181,0.215,0.009933296643824543,0.022279957999899125,0.002187665999940691,0.03450216699991415,7.162500003232708e-05,0.0014168750000180808,0.0006278749999637512,0.00023304199999074626,0.0002709999999979118,0.0002900840000847893,8.750000006330083e-06,0.01935233300002892,0.022279957999899125,0.022271584000122857,8.373999776267738e-06,0.05896979099975397,,,,,,,,,,,,,,,,,,,,,,,,,,,,,,,,
400,0.1,10,Random Sampling,10.553491517655605,0.35,0.010398110788534726,0.04164845799994055,0.002187665999940691,0.029541249999965657,,,,,,,,,0.04164845799994055,0.04164054099999248,7.916999948065495e-06,0.0733773739998469,0.0010269160000007105,0.0013343749999421561,0.014506582999956663,0.00016625000000658474,0.00022108300004219927,0.024385334000044168,,,,,,,,,,,,,,,,,,,,,,,,,,
400,0.1,10,Non-random,10.342404437596498,0.115,0.0033706229221771994,0.07305574999998043,0.002187665999940691,0.03144712499999969,,,,,,,,,0.07305574999998043,0.0730512490001729,4.500999807532935e-06,0.10669054099992081,,,,,,,0.057941041000049154,0.01502595800002382,8.4250000099928e-05,,,,,,,,,,,,,,,,,,,,,,,
400,0.1,10,CountSketch,7.74356928219318,0.31,0.012911470938474112,0.02033312499997919,0.002187665999940691,0.02908345899993492,,,,,,,,,0.02033312499997919,0.020754583999860188,0.0,0.0516042499998548,,,,,,,,,,7.291700001132995e-05,12.0,23.0,45.0,0.0,0.00044995799999014707,0.00044995799999014707,0.0006116669999300939,0.00046499999996285624,0.00016025000002173329,0.0002191250000578293,0.0002750419999983933,7.166999921537354e-06,0.01804349999997612,,,,,,,,,
400,0.1,10,SIGN Bidirectional,8.255192389095743,0.385,0.01040120522802275,0.025817207999921266,0.002187665999940691,0.029706583999995928,,,,,,,,,0.025817207999921266,0.02581079200001568,6.415999905584613e-06,0.057711457999857885,,,,,,,,,,,,,,,,,,,,,,,,6.666599995241995e-05,12.0,2.0,0.0024068750000196815,0.0007034590000785101,0.0001990839999734817,0.00022679199992126087,7.958000082908256e-06,0.02219995799998742
400,0.1,11,Random Projection,7.429741443266632,0.245,0.006266017387085633,0.02075741700002709,0.00242229100001623,0.031770292000032896,6.737499995779217e-05,0.0006097499999668798,0.000495582999974431,0.00013591699996595707,0.000163250000014159,0.00023812499989617208,7.1250000246436684e-06,0.019033999999919615,0.02075741700002709,0.02075112499971965,6.292000307439594e-06,0.054950000000076216,,,,,,,,,,,,,,,,,,,,,,,,,,,,,,,,
400,0.1,11,Random Sampling,10.266256217569307,0.225,0.0027402555757802677,0.036718582999924365,0.00242229100001623,0.028441457999974773,,,,,,,,,0.036718582999924365,0.036712498999804666,6.08400011969934e-06,0.06758233199991537,0.0007347499999923457,0.0010065409999242547,0.014717582999992374,0.00016687499999079591,0.00035099999990961805,0.019735749999995278,,,,,,,,,,,,,,,,,,,,,,,,,,
400,0.1,11,Non-random,10.56157370731297,0.1,0.002509371095376925,0.07730500000002394,0.00242229100001623,0.031190207999998165,,,,,,,,,0.07730500000002394,0.07730104100005519,3.958999968745047e-06,0.11091749900003833,,,,,,,0.05838295800003834,0.018863207999970655,5.4875000046195055e-05,,,,,,,,,,,,,,,,,,,,,,,
400,0.1,11,CountSketch,8.324852927740457,0.265,0.010369513449814724,0.024022041000080208,0.00242229100001623,0.029421917000036046,,,,,,,,,0.024022041000080208,0.0244536259999677,0.0,0.055866249000132484,,,,,,,,,,6.495799993899709e-05,12.0,22.0,42.0,0.0,0.0004596669999727965,0.0004596669999727965,0.0006120830000782007,0.0004554590000225289,0.0001701660000890115,0.00018941700000141282,0.0003285409999307376,2.6833999982045498e-05,0.02168683399997917,,,,,,,,,
400,0.1,11,SIGN Bidirectional,8.095202927693517,0.51,0.01301246460314788,0.029409708000002865,0.00242229100001623,0.028474875000028987,,,,,,,,,0.029409708000002865,0.029401542000073277,8.165999929587997e-06,0.06030687400004808,,,,,,,,,,,,,,,,,,,,,,,,0.00011191600003712665,12.0,2.0,0.0023416669999960504,0.0007007499999645006,0.00014495899995381478,0.00023079200002484868,7.2910000881165615e-06,0.02586416700000882
400,0.1,12,Random Projection,7.3846453207321225,0.28500000000000003,0.008108586169156475,0.01915554200002134,0.0019066669999574515,0.02980895899997904,6.358299992825778e-05,0.0005666250000331274,0.0006764170000224112,0.00015341599998919264,0.0001702499999964857,0.0002534169999535152,1.270899997507513e-05,0.017251917000066896,0.01915554200002134,0.01914833399996496,7.208000056380115e-06,0.050871167999957834,,,,,,,,,,,,,,,,,,,,,,,,,,,,,,,,
400,0.1,12,Random Sampling,10.782558815343688,0.25,0.002872175804979671,0.03490862499995728,0.0019066669999574515,0.028309874999990825,,,,,,,,,0.03490862499995728,0.03490179199980048,6.833000156802882e-06,0.06512516699990556,0.0008554589999221207,0.0010476250000692744,0.013313415999959943,0.00016974999994090467,0.00021433299991713284,0.019301208999991104,,,,,,,,,,,,,,,,,,,,,,,,,,
400,0.1,12,Non-random,10.519052872248011,0.11,0.0017327724358974297,0.07465637499990407,0.0019066669999574515,0.030130041999996138,,,,,,,,,0.07465637499990407,0.07465304200002265,3.332999881422438e-06,0.10669308399985766,,,,,,,0.057449084000040784,0.017157708000013372,4.6249999968495104e-05,,,,,,,,,,,,,,,,,,,,,,,
400,0.1,12,CountSketch,7.4372333709407155,0.29000000000000004,0.0106884395770276,0.018692750000013802,0.0019066669999574515,0.027810583000018596,,,,,,,,,0.018692750000013802,0.019089708999899813,0.0,0.04840999999998985,,,,,,,,,,6.0166999901412055e-05,12.0,26.0,39.0,0.0,0.00042237499997099803,0.00042237499997099803,0.0005584589999898526,0.00045525000007273775,0.00015058299993597757,0.00015433300006861828,0.00022166700000525452,8.083000011538388e-06,0.016636416999972425,,,,,,,,,
400,0.1,12,SIGN Bidirectional,8.347280552071997,0.35,0.008663811128877125,0.02114333400004398,0.0019066669999574515,0.02891504100000475,,,,,,,,,0.02114333400004398,0.02113800100005392,5.332999990059761e-06,0.05196504200000618,,,,,,,,,,,,,,,,,,,,,,,,6.42909999442054e-05,12.0,2.0,0.0022703330000695132,0.0006711669999504011,0.00016241700006958126,0.00022691699996357784,7.209000045804714e-06,0.017735667000010835
400,0.1,13,Random Projection,8.374266528542178,0.105,0.0025831914265642825,0.020002125000019078,0.0019042499999386564,0.028719832999968276,6.283400000484107e-05,0.0006897079999816924,0.0006892500000503787,0.00015862500004004687,0.0001859580000882488,0.0002446250000502914,7.542000048488262e-06,0.017956583000000137,0.020002125000019078,0.019995125000264125,6.9999997549530235e-06,0.05062620799992601,,,,,,,,,,,,,,,,,,,,,,,,,,,,,,,,
400,0.1,13,Random Sampling,10.275390112357432,0.2,0.002436037083588999,0.03107308300002387,0.0019042499999386564,0.028139125000052445,,,,,,,,,0.03107308300002387,0.03106937400013976,3.7089998841111083e-06,0.06111645800001497,0.0007284580000259666,0.000997583000071245,0.012318541000013283,0.00014162500008296774,0.00021479199995155795,0.01666837499999474,,,,,,,,,,,,,,,,,,,,,,,,,,
400,0.1,13,Non-random,10.368914981928603,0.09,0.0017642682537995502,0.07351487500000076,0.0019042499999386564,0.030705374999911328,,,,,,,,,0.07351487500000076,0.07351154200000565,3.332999995109276e-06,0.10612449999985074,,,,,,,0.05652829199993903,0.01693725000006907,4.5999999997548e-05,,,,,,,,,,,,,,,,,,,,,,,
400,0.1,13,CountSketch,7.961841781883808,0.22,0.007105065744192424,0.018094666999900255,0.0019042499999386564,0.02856720900001619,,,,,,,,,0.018094666999900255,0.01852420800003074,0.0,0.0485661259998551,,,,,,,,,,6.42909999442054e-05,12.0,22.0,43.0,0.0,0.00045599999998557905,0.00045599999998557905,0.000506209000036506,0.00046324999993885285,0.00017433300001812313,0.0002012920000424856,0.00023325000006479968,6.999999982326699e-06,0.015962583000032282,,,,,,,,,
400,0.1,13,SIGN Bidirectional,8.432954293166285,0.525,0.010496795746362475,0.021616959000084535,0.0019042499999386564,0.029182375000004868,,,,,,,,,0.021616959000084535,0.021610207000094306,6.751999990228796e-06,0.05270358400002806,,,,,,,,,,,,,,,,,,,,,,,,6.562500004747562e-05,12.0,2.0,0.0026062079999746857,0.0008687500001087756,0.00017516599996270088,0.00021658299999671726,3.400000002784509e-05,0.017643874999976106
400,0.1,14,Random Projection,8.246249173974032,0.245,0.010141006745591749,0.02302970899995671,0.0018982909999749609,0.029411249999952815,6.358299992825778e-05,0.0006537909999906333,0.00045733399997516244,0.00019358299994109984,0.00018520800006172067,0.00026387499997326813,1.2541999922177638e-05,0.021193207999999686,0.02302970899995671,0.023023123999792006,6.585000164704979e-06,0.05433924999988449,,,,,,,,,,,,,,,,,,,,,,,,,,,,,,,,
400,0.1,14,Random Sampling,10.946426778584357,0.28,0.003381595792028333,0.03290495800001736,0.0018982909999749609,0.028897832999973616,,,,,,,,,0.03290495800001736,0.03290037500005383,4.58299996353162e-06,0.06370108199996594,0.0007251670000414379,0.0010039579999556736,0.01276808299996901,0.00014887500003624154,0.0002141250000704531,0.01804016699998101,,,,,,,,,,,,,,,,,,,,,,,,,,
400,0.1,14,Non-random,10.619676904585768,0.12,0.0016401168818927364,0.0742469169999822,0.0018982909999749609,0.03025466700000834,,,,,,,,,0.0742469169999822,0.07424429200000304,2.6249999791616574e-06,0.1063998749999655,,,,,,,0.05832266700008404,0.015875707999953192,4.5916999965811556e-05,,,,,,,,,,,,,,,,,,,,,,,
400,0.1,14,CountSketch,7.622848379553357,0.22,0.0063422571181374066,0.017924042000004192,0.0018982909999749609,0.02855637499999375,,,,,,,,,0.017924042000004192,0.01833291500008727,0.0,0.0483787079999729,,,,,,,,,,5.479200001445861e-05,12.0,26.0,40.0,0.0,0.00043270800006212085,0.00043270800006212085,0.00047583399998529785,0.00044920799996361893,0.00015479099999993196,0.00015566599995509023,0.00021254199998566037,7.250000066960638e-06,0.01595741599999201,,,,,,,,,
400,0.1,14,SIGN Bidirectional,8.265571243385793,0.315,0.011023421921112803,0.020370333999949253,0.0018982909999749609,0.02864816700002848,,,,,,,,,0.020370333999949253,0.020364040000004024,6.293999945228279e-06,0.05091679199995269,,,,,,,,,,,,,,,,,,,,,,,,9.383300005083584e-05,12.0,2.0,0.0023292079999919224,0.0007098749999840948,0.0001354580000452188,0.00020754100000885956,7.082999900376308e-06,0.016881042000022717
400,0.1,15,Random Projection,7.81880557808247,0.25,0.009293509593320856,0.021334790999958386,0.0020188749999761058,0.02923812500000622,6.120800003373006e-05,0.0006074579999904017,0.0004585420000466911,0.00015737500007162453,0.0001560419999577789,0.0002309169999534788,7.165999932112754e-06,0.019652124999993248,0.021334790999958386,0.021330832999979066,3.957999979320448e-06,0.05259179099994071,,,,,,,,,,,,,,,,,,,,,,,,,,,,,,,,
400,0.1,15,Random Sampling,10.476856403266789,0.235,0.0011595019498338993,0.031126416999995854,0.0020188749999761058,0.028342124999994667,,,,,,,,,0.031126416999995854,0.031122791999791843,3.6250002040105755e-06,0.061487416999966626,0.0007284589999017044,0.0010056250000616274,0.010699832999989667,0.00016662499990616197,0.00021474999994097743,0.018307499999991705,,,,,,,,,,,,,,,,,,,,,,,,,,
400,0.1,15,Non-random,10.421569461700418,0.1,0.003738946559015771,0.07672000000002299,0.0020188749999761058,0.0309387910000396,,,,,,,,,0.07672000000002299,0.07671674999994593,3.250000077059667e-06,0.1096776660000387,,,,,,,0.05758195800001431,0.019085707999920487,4.9084000011134776e-05,,,,,,,,,,,,,,,,,,,,,,,
400,0.1,15,CountSketch,7.664982519171232,0.26,0.011059495045924447,0.022114958000088336,0.0020188749999761058,0.028589874999966014,,,,,,,,,0.022114958000088336,0.022510916999863184,0.0,0.052723708000030456,,,,,,,,,,6.070899996757362e-05,12.0,21.0,45.0,0.0,0.00042374999998173735,0.00042374999998173735,0.0005525419999230508,0.0006758329999456691,0.00017204099992795818,0.00017979200003992446,0.0002837500001078297,1.658400003634597e-05,0.019722165999951358,,,,,,,,,
400,0.1,15,SIGN Bidirectional,8.424067845991901,0.56,0.0160934417465457,0.025841124999942622,0.0020188749999761058,0.028465125000025182,,,,,,,,,0.025841124999942622,0.025836374000050455,4.750999892166874e-06,0.05632512499994391,,,,,,,,,,,,,,,,,,,,,,,,6.429199993363e-05,12.0,2.0,0.0023089580000714705,0.0006435409999312469,0.00013779100004285283,0.00021958300010282983,6.916999950590252e-06,0.022455292000017835
400,0.1,16,Random Projection,7.554318838677149,0.315,0.011793206924714486,0.020500333000086357,0.0018847500000447326,0.02880783299997347,6.166599996504374e-05,0.0007615829999849666,0.00046149999991484947,0.00020379199997933028,0.0002117499999485517,0.00023908399998617824,7.084000003487745e-06,0.018550290999996832,0.020500333000086357,0.02049674999977924,3.5830003071168903e-06,0.05119291600010456,,,,,,,,,,,,,,,,,,,,,,,,,,,,,,,,
400,0.1,16,Random Sampling,10.289379290548037,0.325,0.005642352271236731,0.03175825000005261,0.0018847500000447326,0.029021375000070293,,,,,,,,,0.03175825000005261,0.03175454200004424,3.7080000083733466e-06,0.06266437500016764,0.000717333000011422,0.0009930840000151875,0.012094875000002503,0.00015629200004241284,0.0002166670000178783,0.017576290999954836,,,,,,,,,,,,,,,,,,,,,,,,,,
400,0.1,16,Non-random,10.511654350272671,0.125,0.005617573729251368,0.07693041699997138,0.0018847500000447326,0.031178791000002093,,,,,,,,,0.07693041699997138,0.0769259990000819,4.417999889483326e-06,0.10999395800001821,,,,,,,0.05790841600003205,0.018968332999975246,4.925000007460767e-05,,,,,,,,,,,,,,,,,,,,,,,
400,0.1,16,CountSketch,7.317165242619006,0.29000000000000004,0.010577512940679532,0.022013958000002276,0.0018847500000447326,0.028678374999913103,,,,,,,,,0.022013958000002276,0.02241991800019605,0.0,0.05257708299996011,,,,,,,,,,6.162499994388781e-05,12.0,21.0,47.0,0.0,0.0004327920000832819,0.0004327920000832819,0.0005558750000318469,0.0004571670000359518,0.00014029199996912212,0.00015725000002930756,0.00022329199998694094,8.500000035382982e-06,0.019950332999997045,,,,,,,,,
400,0.1,16,SIGN Bidirectional,8.416639840606878,0.41,0.012652008276101773,0.021581792000006317,0.0018847500000447326,0.0297572910000099,,,,,,,,,0.021581792000006317,0.021576915999958146,4.876000048170681e-06,0.05322383300006095,,,,,,,,,,,,,,,,,,,,,,,,6.358300004194462e-05,12.0,2.0,0.002355374999979176,0.0006636250000155997,0.00015337499996803672,0.00021499999991192453,7.37499999559077e-06,0.018118583000045874
400,0.1,17,Random Projection,9.131863162309925,0.29500000000000004,0.00824540708344186,0.018703041999970083,0.0018501250000326763,0.028073082999981125,6.099999995967664e-05,0.0007150420000243685,0.00045712500002537126,0.0001334590000396929,0.00017287499997564737,0.00022091699997872638,7.041999992907222e-06,0.016931291999981113,0.018703041999970083,0.018698751999977503,4.289999992579396e-06,0.048626249999983884,,,,,,,,,,,,,,,,,,,,,,,,,,,,,,,,
400,0.1,17,Random Sampling,9.859581030522968,0.22499999999999998,0.006162500474256247,0.030870707999952174,0.0018501250000326763,0.028285874999937732,,,,,,,,,0.030870707999952174,0.030866625000271597,4.082999680576904e-06,0.06100670799992258,0.0007234580000385904,0.0010089580000567366,0.012827542000081849,0.00020549999999275315,0.0002091670000936574,0.01589200000000801,,,,,,,,,,,,,,,,,,,,,,,,,,
400,0.1,17,Non-random,10.64530737713769,0.1,0.004542936288088634,0.07465366700000686,0.0018501250000326763,0.03378633299996636,,,,,,,,,0.07465366700000686,0.07464954099987153,4.126000135329377e-06,0.1102901250000059,,,,,,,0.057613582999920254,0.016955250000023625,8.070799992765387e-05,,,,,,,,,,,,,,,,,,,,,,,
400,0.1,17,CountSketch,7.8446800991033845,0.2,0.008406627390136312,0.018765375000043605,0.0018501250000326763,0.028570749999971667,,,,,,,,,0.018765375000043605,0.019173501000068427,0.0,0.04918625000004795,,,,,,,,,,6.433400005789736e-05,12.0,23.0,39.0,0.0,0.00043404200005170424,0.00043404200005170424,0.0006061660000113989,0.00046075000000200816,0.0001603329999397829,0.00015025000004698086,0.0002286249999770007,8.459000014227058e-06,0.016626499999915723,,,,,,,,,
400,0.1,17,SIGN Bidirectional,7.999015646697237,0.26,0.008237382586959108,0.019995208999944225,0.0018501250000326763,0.028820083000027807,,,,,,,,,0.019995208999944225,0.019990459000268856,4.749999675368599e-06,0.05066541700000471,,,,,,,,,,,,,,,,,,,,,,,,6.591700002900325e-05,12.0,2.0,0.0023617500000909786,0.0006905000000188011,0.0002103340000303433,0.00020837500005654874,6.875000053696567e-06,0.016446707999989485
400,0.1,18,Random Projection,8.30861617099468,0.15500000000000003,0.0035406056277489106,0.018119207999916398,0.002597375000050306,0.028455458000053113,6.225000004178582e-05,0.0006558750000067448,0.0004497910000509364,0.00018220800006929494,0.00016775000005964102,0.00020604099995580327,6.791999908273283e-06,0.016384625000000597,0.018119207999916398,0.018115332000093076,3.875999823321763e-06,0.04917204100001982,,,,,,,,,,,,,,,,,,,,,,,,,,,,,,,,
400,0.1,18,Random Sampling,10.441627365154151,0.22,0.0027301405247617955,0.0326444160000392,0.002597375000050306,0.03028183399999307,,,,,,,,,0.0326444160000392,0.03263999999990119,4.416000138007803e-06,0.06552362500008257,0.00072158299997227,0.0009942499999624488,0.01250391700000364,0.00017824999997628765,0.00021074999995107646,0.01803125000003547,,,,,,,,,,,,,,,,,,,,,,,,,,
400,0.1,18,Non-random,10.574350000171343,0.060000000000000005,0.0027956330986634026,0.07029508300001908,0.002597375000050306,0.030322290999947654,,,,,,,,,0.07029508300001908,0.07029320899994218,1.8740000768957543e-06,0.10321474900001704,,,,,,,0.05696091699996941,0.013285750000022745,4.654199995002273e-05,,,,,,,,,,,,,,,,,,,,,,,
400,0.1,18,CountSketch,7.829809564134208,0.22999999999999998,0.008118851161119475,0.021475375000022723,0.002597375000050306,0.02920649999998659,,,,,,,,,0.021475375000022723,0.02186091600015061,0.0,0.05327925000005962,,,,,,,,,,5.375000000640284e-05,12.0,25.0,42.0,0.0,0.00040979100003823987,0.00040979100003823987,0.0005320829999391208,0.0004443340000079843,0.00014237499999580905,0.00016133400004036957,0.00021450000008371717,7.0410000034826226e-06,0.019485916999997244,,,,,,,,,
400,0.1,18,SIGN Bidirectional,8.097727895890763,0.14500000000000002,0.002474379883765601,0.0216696250000723,0.002597375000050306,0.027966499999934058,,,,,,,,,0.0216696250000723,0.021662665000121706,6.959999950595375e-06,0.052233500000056665,,,,,,,,,,,,,,,,,,,,,,,,6.254100003388885e-05,12.0,2.0,0.0025378750000299988,0.0008534580000514325,0.00016883299997516588,0.00023258299995632115,6.875000053696567e-06,0.017800500000021202
400,0.1,19,Random Projection,8.29980518214379,0.255,0.008278917115468964,0.015604917000018759,0.0018859580000025744,0.028635958999984723,6.216700001004938e-05,0.0006074169999692458,0.0004531250000354703,0.0001636670000380036,0.00015300000006845949,0.00021720799998092843,7.1250000246436684e-06,0.013937250000026324,0.015604917000018759,0.015600959000153125,3.95799986563361e-06,0.046126834000006056,,,,,,,,,,,,,,,,,,,,,,,,,,,,,,,,
400,0.1,19,Random Sampling,10.208889060446255,0.215,0.011639117316941214,0.03382912500001112,0.0018859580000025744,0.0279589169999781,,,,,,,,,0.03382912500001112,0.03382571000008738,3.4149999237342854e-06,0.06367399999999179,0.000717042000019319,0.0010076670000671584,0.012546083999950497,0.00017320899996775552,0.000211417000059555,0.0191702910000231,,,,,,,,,,,,,,,,,,,,,,,,,,
400,0.1,19,Non-random,10.429309578428251,0.15500000000000003,0.005069280982309701,0.07225816699997267,0.0018859580000025744,0.030829332999928738,,,,,,,,,0.07225816699997267,0.07225503999995908,3.1270000135918963e-06,0.10497345799990399,,,,,,,0.0573212079999621,0.01485391599999275,7.991600000423205e-05,,,,,,,,,,,,,,,,,,,,,,,
400,0.1,19,CountSketch,7.7226786079168495,0.21000000000000002,0.008923846891554704,0.026014749999944797,0.0018859580000025744,0.030223374999991393,,,,,,,,,0.026014749999944797,0.026388415000042187,0.0,0.058124082999938764,,,,,,,,,,5.191699995066301e-05,12.0,23.0,43.0,0.0,0.00040204100002938503,0.00040204100002938503,0.0005567089999658492,0.0006756669999958831,0.00016600000003563764,0.00016783299997769063,0.00023937499997828127,1.2916000059703947e-05,0.023713916000019708,,,,,,,,,
400,0.1,19,SIGN Bidirectional,8.189080349121914,0.4,0.01081557356839219,0.02193295900008252,0.0018859580000025744,0.029478834000087772,,,,,,,,,0.02193295900008252,0.021927539999865076,5.419000217443681e-06,0.053297751000172866,,,,,,,,,,,,,,,,,,,,,,,,6.754100002126506e-05,12.0,2.0,0.00242874999992182,0.000652374999958738,0.00014520799993533728,0.00023275000000921864,7.624999966537871e-06,0.01839329100005216
400,0.1,20,Random Projection,7.313961205540172,0.16,0.005152249485173344,0.01955395800007409,0.0019057499999917127,0.030116124999949534,6.216700001004938e-05,0.0006533749999562133,0.0004558750000569489,0.00013004099992031115,0.00017262500000470027,0.00022504200001094432,7.37499999559077e-06,0.017843166000034216,0.01955395800007409,0.019549665999988974,4.292000085115433e-06,0.051575833000015336,,,,,,,,,,,,,,,,,,,,,,,,,,,,,,,,
400,0.1,20,Random Sampling,10.453680743550336,0.21500000000000002,0.002567742628424796,0.035310499999923195,0.0019057499999917127,0.029954541000051904,,,,,,,,,0.035310499999923195,0.03530283200007034,7.667999852856155e-06,0.06717079099996681,0.001054666000072757,0.0013167079999902853,0.013647375000005013,0.00018379200002982543,0.0002229579999948328,0.018877332999977625,,,,,,,,,,,,,,,,,,,,,,,,,,
400,0.1,20,Non-random,10.424449327354704,0.11000000000000001,0.0022956743543415814,0.07512020799993024,0.0019057499999917127,0.031552958000020226,,,,,,,,,0.07512020799993024,0.07511512500002482,5.082999905425822e-06,0.10857891599994218,,,,,,,0.05863087500006259,0.01640549999990526,7.875000005697075e-05,,,,,,,,,,,,,,,,,,,,,,,
400,0.1,20,CountSketch,7.6328811127851965,0.21500000000000002,0.007276806773287528,0.01961054100002002,0.0019057499999917127,0.029693792000102803,,,,,,,,,0.01961054100002002,0.02001645599989388,0.0,0.05121008300011454,,,,,,,,,,6.44170000896338e-05,12.0,24.0,46.0,0.0,0.0004355410000016491,0.0004355410000016491,0.0005330419999154401,0.0004749159999164476,0.00014237499999580905,0.0001476659999752883,0.00035162500000751606,3.833300002042961e-05,0.017392999999970016,,,,,,,,,
400,0.1,20,SIGN Bidirectional,7.988696676922899,0.15000000000000002,0.0032259397861192224,0.021036959000070965,0.0019057499999917127,0.02916929100001653,,,,,,,,,0.021036959000070965,0.021031501000038588,5.458000032376731e-06,0.052112000000079206,,,,,,,,,,,,,,,,,,,,,,,,7.18340000958051e-05,12.0,2.0,0.0024071249999906286,0.0006673750000345535,0.00013249999994968675,0.00023104199999579578,7.2499999532738e-06,0.017514375000018845
600,0.08164965809277261,1,Random Projection,7.766725263093965,0.16999999999999998,0.006239127081044182,0.026128958999947827,0.004252707999967242,0.05447325000000092,9.287499995025428e-05,0.0011633340000116732,0.0009247090000599201,0.00025637500004904723,0.00032633399996484513,0.00023054100006447698,9.083000009013631e-06,0.023118833000012273,0.026128958999947827,0.026122084000121504,6.874999826322892e-06,0.08485491699991599,,,,,,,,,,,,,,,,,,,,,,,,,,,,,,,,
600,0.08164965809277261,1,Random Sampling,10.46919304309897,0.14333333333333334,0.0018503698160074328,0.06570287500005634,0.004252707999967242,0.07255095900006836,,,,,,,,,0.06570287500005634,0.0656975000000557,5.375000000640284e-06,0.14250654200009194,0.0015148329999874477,0.0023125829999344205,0.022909167000079833,0.0003402080000114438,0.0006178750001026856,0.03800283399993987,,,,,,,,,,,,,,,,,,,,,,,,,,
600,0.08164965809277261,1,Non-random,11.855276551381785,0.043333333333333335,0.0006350997545644249,0.17207716600000822,0.004252707999967242,0.059507250000024214,,,,,,,,,0.17207716600000822,0.17207312499999716,4.0410000110568944e-06,0.23583712399999968,,,,,,,0.15166137499988963,0.020310500000050524,0.00010125000005700713,,,,,,,,,,,,,,,,,,,,,,,
600,0.08164965809277261,1,CountSketch,9.090433204851085,0.10666666666666666,0.005353542659268962,0.025689707999958955,0.004252707999967242,0.05690558300000248,,,,,,,,,0.025689707999958955,0.026374040000291643,0.0,0.08684799899992868,,,,,,,,,,6.8791999979112e-05,12.0,41.0,59.0,0.0,0.0007112499999948341,0.0007112499999948341,0.0008720000000721484,0.0006580830000757487,0.0002529580000327769,0.0002925830000322094,0.0002698749999581196,9.2080000513306e-06,0.02252804100010053,,,,,,,,,
600,0.08164965809277261,1,SIGN Bidirectional,8.070428427338005,0.19,0.006534255300339076,0.029998041999988345,0.004252707999967242,0.05627624999999625,,,,,,,,,0.029998041999988345,0.029989458000045488,8.58399994285719e-06,0.09052699999995184,,,,,,,,,,,,,,,,,,,,,,,,9.429200008526095e-05,12.0,2.0,0.0035353330000589267,0.0013364159999582625,0.00034420899999076937,0.00024074999998902058,9.582999950907833e-06,0.02442887500001234
600,0.08164965809277261,2,Random Projection,8.620794483134567,0.3066666666666667,0.011373998765604534,0.034447874999955275,0.0039502910000237534,0.05520695799998521,9.26669999898877e-05,0.0011634159999402982,0.0009801249999554784,0.00030270799993559194,0.0003327499999841166,0.0002599169999939477,1.6957999946498603e-05,0.0312915829999838,0.034447874999955275,0.03444012399972962,7.751000225653115e-06,0.09360512399996423,,,,,,,,,,,,,,,,,,,,,,,,,,,,,,,,
600,0.08164965809277261,2,Random Sampling,10.843134445195526,0.18333333333333335,0.0028468607948012037,0.05643012500001987,0.0039502910000237534,0.07120441699998992,,,,,,,,,0.05643012500001987,0.05642504099989765,5.084000122224097e-06,0.13158483300003354,0.0015184999999746651,0.0023044169998911457,0.018664042000068548,0.00028379099990161194,0.0005394580000483984,0.03311483300001328,,,,,,,,,,,,,,,,,,,,,,,,,,
600,0.08164965809277261,2,Non-random,11.727039829373012,0.08333333333333334,0.0010121977483657785,0.17400404199997865,0.0039502910000237534,0.059593417000087356,,,,,,,,,0.17400404199997865,0.1740005410000549,3.50099992374453e-06,0.23754775000008976,,,,,,,0.15001220800002102,0.02387991700004477,0.00010841599998911988,,,,,,,,,,,,,,,,,,,,,,,
600,0.08164965809277261,2,CountSketch,8.411042278109706,0.16666666666666666,0.007100791477646751,0.051228625000021566,0.0039502910000237534,0.05632841700003155,,,,,,,,,0.051228625000021566,0.051904291000028024,0.0,0.11150733300007687,,,,,,,,,,6.716699999742559e-05,12.0,38.0,63.0,0.0,0.0007063330000391943,0.0007063330000391943,0.0009082919999627848,0.0009282910000365518,0.0002624170000444792,0.00035116699996251555,0.00032250000003841706,2.7165999995304446e-05,0.04762462499991216,,,,,,,,,
600,0.08164965809277261,2,SIGN Bidirectional,8.815944422478587,0.26666666666666666,0.007967060753252639,0.03378441699999257,0.0039502910000237534,0.05500595900002736,,,,,,,,,0.03378441699999257,0.0337785399999575,5.877000035070523e-06,0.09274066700004369,,,,,,,,,,,,,,,,,,,,,,,,0.00010754200002338621,12.0,2.0,0.0034759579999672496,0.0011815410000508564,0.0002724579999267007,0.00026679200004764425,9.040999998433108e-06,0.02846520799994323
600,0.08164965809277261,3,Random Projection,7.714885800891047,0.16999999999999998,0.006202296658041451,0.02558137500000157,0.003971999999976106,0.054217916999959925,9.31659999423573e-05,0.0012138329999515918,0.000682041000004574,0.0002522500000168293,0.0003374579999899652,0.0002755409999508629,9.374999990541255e-06,0.0227124159999903,0.02558137500000157,0.02557607999983702,5.295000164551311e-06,0.0837712919999376,,,,,,,,,,,,,,,,,,,,,,,,,,,,,,,,
600,0.08164965809277261,3,Random Sampling,10.558306737684546,0.12,0.001405775042380028,0.0550516250000328,0.003971999999976106,0.07112466700004916,,,,,,,,,0.0550516250000328,0.055047457999876315,4.167000156485301e-06,0.13014829200005806,0.0015039169999226942,0.0022741669999959413,0.017945542000006753,0.0002365409999356416,0.0005278330000919595,0.032559457999923325,,,,,,,,,,,,,,,,,,,,,,,,,,
600,0.08164965809277261,3,Non-random,11.848973091740902,0.03666666666666667,0.0008986142026797123,0.16884841699993558,0.003971999999976106,0.05851829200003067,,,,,,,,,0.16884841699993558,0.1688450849999299,3.3320000056846766e-06,0.23133870899994236,,,,,,,0.14676608399997804,0.021975709000003008,0.0001032919999488513,,,,,,,,,,,,,,,,,,,,,,,
600,0.08164965809277261,3,CountSketch,7.914035124439479,0.12666666666666668,0.005827660354749534,0.0226164160000053,0.003971999999976106,0.05429204099993967,,,,,,,,,0.0226164160000053,0.02327278899963403,0.0,0.08088045699992108,,,,,,,,,,6.770799996047572e-05,12.0,38.0,67.0,0.0,0.0006826249999676293,0.0006826249999676293,0.0008557919999248043,0.000652790999993158,0.00023183300004347984,0.000301040999943325,0.00023349999992205994,9.16599992706324e-06,0.019555707999984406,,,,,,,,,
600,0.08164965809277261,3,SIGN Bidirectional,8.271165536297623,0.32333333333333336,0.009107321147841158,0.03025308300004781,0.003971999999976106,0.05445245900000373,,,,,,,,,0.03025308300004781,0.030247583999766903,5.49900028090633e-06,0.08867754200002764,,,,,,,,,,,,,,,,,,,,,,,,0.00010741699998106924,12.0,2.0,0.0033732499999814536,0.0011517499999627034,0.00028037499998845306,0.00020758400000886468,9.207999937643763e-06,0.025117999999906715
600,0.08164965809277261,4,Random Projection,7.748974766988543,0.17666666666666667,0.007190208378543346,0.028564833000018552,0.003931500000021515,0.05406487499999457,8.908300003440672e-05,0.0011885000000120272,0.0006650829999443886,0.0002676670000028025,0.0002982920000249578,0.00027875000000676664,2.5291999918408692e-05,0.02574549999997089,0.028564833000018552,0.028558166999914647,6.6660001039053896e-06,0.08656120800003464,,,,,,,,,,,,,,,,,,,,,,,,,,,,,,,,
600,0.08164965809277261,4,Random Sampling,10.797176890437273,0.16666666666666669,0.0018027783371733289,0.0617612089999966,0.003931500000021515,0.07176504100004877,,,,,,,,,0.0617612089999966,0.06175675100007538,4.45799992121465e-06,0.13745775000006688,0.001514334000034978,0.00227745799998047,0.023112875000038002,0.0003025419999858059,0.0005206250000355794,0.03402891700000055,,,,,,,,,,,,,,,,,,,,,,,,,,
600,0.08164965809277261,4,Non-random,11.827110977059657,0.09666666666666666,0.0026884125720901264,0.17173462499999914,0.003931500000021515,0.05801054200003364,,,,,,,,,0.17173462499999914,0.17173016700007793,4.45799992121465e-06,0.2336766670000543,,,,,,,0.14819045900003402,0.023431292000054782,0.00010841599998911988,,,,,,,,,,,,,,,,,,,,,,,
600,0.08164965809277261,4,CountSketch,9.438243738987573,0.37,0.012251849031086476,0.031029708000005485,0.003931500000021515,0.05376866700009941,,,,,,,,,0.031029708000005485,0.03170195700010936,0.0,0.08872987500012641,,,,,,,,,,6.525000003421155e-05,12.0,42.0,59.0,0.0,0.0006987079999589696,0.0006987079999589696,0.0008575420000624945,0.0006460000000743094,0.00023112500002753222,0.00027566599999317987,0.00023037500000100408,9.957999964171904e-06,0.027988625000034517,,,,,,,,,
600,0.08164965809277261,4,SIGN Bidirectional,8.4402450285553,0.2633333333333333,0.007628368069812146,0.028660624999929496,0.003931500000021515,0.05375816699995539,,,,,,,,,0.028660624999929496,0.02865529299992886,5.332000000635162e-06,0.0863502919999064,,,,,,,,,,,,,,,,,,,,,,,,9.337500000583532e-05,12.0,2.0,0.0034140830000524147,0.0011570839999421878,0.00023441700000148558,0.00021945799994682602,9.167000030174677e-06,0.023527708999949937
600,0.08164965809277261,5,Random Projection,8.344606639550658,0.17666666666666667,0.01124405505287529,0.023191084000018236,0.003915167000059228,0.05342791700002181,9.129099998972379e-05,0.0010221249999631254,0.000963917000035508,0.00028729200005273015,0.00034458400000403344,0.0002376669999648584,9.041999987857707e-06,0.020227750000003653,0.023191084000018236,0.02318366800000149,7.416000016746693e-06,0.08053416800009927,,,,,,,,,,,,,,,,,,,,,,,,,,,,,,,,
600,0.08164965809277261,5,Random Sampling,10.567575283881718,0.1433333333333333,0.0056091842499577105,0.05754470800002309,0.003915167000059228,0.07220399999994243,,,,,,,,,0.05754470800002309,0.0575405839999803,4.124000042793341e-06,0.13366387500002475,0.0015071249999891734,0.002291958999990129,0.022722874999999476,0.00030583299997033464,0.000526583999999275,0.03018620800003191,,,,,,,,,,,,,,,,,,,,,,,,,,
600,0.08164965809277261,5,Non-random,11.61324402634978,0.06333333333333334,0.00551091922021163,0.17297774999997273,0.003915167000059228,0.0580619160000424,,,,,,,,,0.17297774999997273,0.1729752499999222,2.5000000505315256e-06,0.23495483300007436,,,,,,,0.1492603329999156,0.023606416999996327,0.00010850000001028093,,,,,,,,,,,,,,,,,,,,,,,
600,0.08164965809277261,5,CountSketch,8.262926424993287,0.15666666666666668,0.010273476324641706,0.025377083999956085,0.003915167000059228,0.05451133299993671,,,,,,,,,0.025377083999956085,0.026051248999806376,0.0,0.08380358399995202,,,,,,,,,,6.420800002615579e-05,12.0,37.0,61.0,0.0,0.0007005410000147094,0.0007005410000147094,0.0008723749999717256,0.0006534999999985303,0.00026633300001321913,0.0002827089999755117,0.00022283399994194042,1.0082999892802036e-05,0.022278124999957072,,,,,,,,,
600,0.08164965809277261,5,SIGN Bidirectional,8.780103601740104,0.4,0.013464829077924095,0.031930665999993835,0.003915167000059228,0.055045833000008315,,,,,,,,,0.031930665999993835,0.03192420699997456,6.459000019276573e-06,0.09089166600006138,,,,,,,,,,,,,,,,,,,,,,,,9.466599999541359e-05,12.0,2.0,0.003428208000059385,0.0012679579999712587,0.0002544999999827269,0.00021949999995740654,8.874999934960215e-06,0.026650500000073407
600,0.08164965809277261,6,Random Projection,10.80888452002176,0.6866666666666666,0.014300271478930385,0.029483416999937617,0.004015374999994492,0.05402137499993387,8.804200001577556e-05,0.0012279579999585621,0.0006577919999699589,0.00026112500006547634,0.0003296659999705298,0.0003151250000428263,2.7167000098415883e-05,0.026569999999992433,0.029483416999937617,0.029476875000113978,6.541999823639344e-06,0.08752016699986598,,,,,,,,,,,,,,,,,,,,,,,,,,,,,,,,
600,0.08164965809277261,6,Random Sampling,10.885533864123518,0.18666666666666665,0.0015259071602461427,0.059828250000009575,0.004015374999994492,0.07104849999996077,,,,,,,,,0.059828250000009575,0.059824624999805565,3.6250002040105755e-06,0.13489212499996484,0.0015019999999594802,0.002284791999954905,0.022877791999917463,0.00025104099995587603,0.000530874999981279,0.03237812500003656,,,,,,,,,,,,,,,,,,,,,,,,,,
600,0.08164965809277261,6,Non-random,11.679142188889516,0.04666666666666667,0.0024941025372170467,0.16971466699999382,0.004015374999994492,0.059165875000076085,,,,,,,,,0.16971466699999382,0.16971187499984808,2.7920001457459875e-06,0.2328959170000644,,,,,,,0.14709316699997999,0.022518457999922248,0.00010024999994584505,,,,,,,,,,,,,,,,,,,,,,,
600,0.08164965809277261,6,CountSketch,8.73499901601513,0.32,0.008143191878262596,0.022752665999973942,0.004015374999994492,0.05498083299994505,,,,,,,,,0.022752665999973942,0.02343470900018474,0.0,0.08174887399991349,,,,,,,,,,6.420800002615579e-05,12.0,30.0,59.0,0.0,0.000706709000041883,0.000706709000041883,0.0009692500000255677,0.0006511250001040025,0.0002649169999813239,0.00030579100007344096,0.00022062499999719876,9.291999958804809e-06,0.01953608299993448,,,,,,,,,
600,0.08164965809277261,6,SIGN Bidirectional,8.735854270025266,0.24666666666666667,0.01053244479568373,0.02764879199992265,0.004015374999994492,0.055170167000028414,,,,,,,,,0.02764879199992265,0.027640459000053852,8.332999868798652e-06,0.08683433399994556,,,,,,,,,,,,,,,,,,,,,,,,9.78340000301614e-05,12.0,2.0,0.003543791999959467,0.0015732079999679627,0.0002716669999927035,0.00015133300007619255,1.7208000031132542e-05,0.021985416999996232
600,0.08164965809277261,7,Random Projection,8.190966624287908,0.21666666666666667,0.010108260784825365,0.024810916999967958,0.0044183750000001965,0.055843707999997605,9.295799998199072e-05,0.0011257500000283471,0.0006744169999137739,0.0002642919999971127,0.0003017089999275413,0.00033845900009055185,3.0084000059105165e-05,0.021974666000005527,0.024810916999967958,0.02480233500000395,8.581999964007991e-06,0.08507299999996576,,,,,,,,,,,,,,,,,,,,,,,,,,,,,,,,
600,0.08164965809277261,7,Random Sampling,10.620260604709534,0.15,0.004257043037046299,0.06355662499993286,0.0044183750000001965,0.07323870799996257,,,,,,,,,0.06355662499993286,0.06355087500003265,5.749999900217517e-06,0.14121370799989563,0.0015100419999498627,0.002314458000000741,0.023811459000057766,0.00027850000003581954,0.0006096249999245629,0.035026791000063895,,,,,,,,,,,,,,,,,,,,,,,,,,
600,0.08164965809277261,7,Non-random,11.56068808895598,0.060000000000000005,0.0017537163654052779,0.1705626250000023,0.0044183750000001965,0.05980099999999311,,,,,,,,,0.1705626250000023,0.17055874999994103,3.875000061270839e-06,0.2347819999999956,,,,,,,0.15032625000003463,0.02013216599993939,0.0001003339999670061,,,,,,,,,,,,,,,,,,,,,,,
600,0.08164965809277261,7,CountSketch,8.24218345389578,0.20666666666666667,0.008029785019149221,0.026196834000074887,0.0044183750000001965,0.05686304200003178,,,,,,,,,0.026196834000074887,0.026877959999865197,0.0,0.08747825100010687,,,,,,,,,,6.670799996300047e-05,12.0,37.0,58.0,0.0,0.0007100419999233054,0.0007100419999233054,0.0011006670000597296,0.0009302500000103464,0.0003262499999436841,0.0003469170000016675,0.00016924999999901047,1.633399995171203e-05,0.022501500000089436,,,,,,,,,
600,0.08164965809277261,7,SIGN Bidirectional,8.047625058242884,0.21,0.007633239830077909,0.030691875000002256,0.0044183750000001965,0.0556035410000959,,,,,,,,,0.030691875000002256,0.030685999000070296,5.875999931959086e-06,0.09071379100009835,,,,,,,,,,,,,,,,,,,,,,,,0.0001057499999888023,12.0,2.0,0.0034556250000150612,0.0011810420000983868,0.00024883300000055897,0.00022141600004488282,8.999999977277184e-06,0.025464332999945327
600,0.08164965809277261,8,Random Projection,7.919862602996474,0.16999999999999998,0.007046478608809692,0.029250208999997085,0.004030374999956621,0.0549712910000153,9.441600002446648e-05,0.0012145000000600703,0.0006781670000464146,0.00025391700000909623,0.00034300000004350295,0.00022183400005815201,1.86670000630329e-05,0.026417832999982238,0.029250208999997085,0.029242334000286974,7.874999710111297e-06,0.088251874999969,,,,,,,,,,,,,,,,,,,,,,,,,,,,,,,,
600,0.08164965809277261,8,Random Sampling,11.081873882177781,0.18333333333333335,0.00531926500950354,0.0602242090000118,0.004030374999956621,0.07310254200001509,,,,,,,,,0.0602242090000118,0.06021745800001099,6.751000000804197e-06,0.1373571259999835,0.0015097079999577545,0.002288916999987123,0.018946000000028107,0.0002770830000144997,0.0008571250000386499,0.03633862499998486,,,,,,,,,,,,,,,,,,,,,,,,,,
600,0.08164965809277261,8,Non-random,11.773911070685411,0.04666666666666667,0.0008563860044733321,0.1703279170000087,0.004030374999956621,0.060885583000072074,,,,,,,,,0.1703279170000087,0.17032400000005055,3.916999958164524e-06,0.2352438750000374,,,,,,,0.15063312500001302,0.01958999999999378,0.00010087500004374306,,,,,,,,,,,,,,,,,,,,,,,
600,0.08164965809277261,8,CountSketch,8.248613585177782,0.11333333333333334,0.004112396117538025,0.024334333999945557,0.004030374999956621,0.05612695900003928,,,,,,,,,0.024334333999945557,0.02499779199990826,0.0,0.08449166799994146,,,,,,,,,,7.316699998227705e-05,12.0,34.0,70.0,0.0,0.0006937079999715934,0.0006937079999715934,0.0008557090000067546,0.0006566249999195861,0.000253333000046041,0.00025879199995415547,0.0002558749999934662,9.458000022277702e-06,0.021247417000040514,,,,,,,,,
600,0.08164965809277261,8,SIGN Bidirectional,8.504638193578288,0.11666666666666667,0.004752791861483585,0.02493008400006147,0.004030374999956621,0.06061995900006423,,,,,,,,,0.02493008400006147,0.024923499999999876,6.584000061593542e-06,0.08958041800008232,,,,,,,,,,,,,,,,,,,,,,,,9.483300004831108e-05,12.0,2.0,0.003578041999958259,0.0012087080000355854,0.0002477919999819278,0.00023533299997779977,9.167000030174677e-06,0.01954962499996782
600,0.08164965809277261,9,Random Projection,7.952850248855336,0.15666666666666668,0.0047897333106504125,0.02492866599993704,0.004060374999994565,0.055065749999926084,9.158400007436285e-05,0.0009818339999583259,0.0006677500000478176,0.00032433399996989465,0.00030129100002795894,0.00027695899996160733,1.6249999930550985e-05,0.02226129200005289,0.02492866599993704,0.02492129400002341,7.371999913630134e-06,0.08405479099985769,,,,,,,,,,,,,,,,,,,,,,,,,,,,,,,,
600,0.08164965809277261,9,Random Sampling,10.599856781299032,0.14333333333333334,0.0007796468665900586,0.05542662499999551,0.004060374999994565,0.07520049999993716,,,,,,,,,0.05542662499999551,0.05542074800007413,5.8769999213836854e-06,0.13468749999992724,0.0015159160000166594,0.0023215830000253845,0.0232922080000435,0.0002586669999118385,0.0005397910000510819,0.02749258300002566,,,,,,,,,,,,,,,,,,,,,,,,,,
600,0.08164965809277261,9,Non-random,11.595501342543074,0.043333333333333335,0.0016380008819592146,0.17210962500007554,0.004060374999994565,0.05811112499998217,,,,,,,,,0.17210962500007554,0.17210412500003258,5.500000042957254e-06,0.23428112500005227,,,,,,,0.15018783300001814,0.021815833000005114,0.00010045900000932306,,,,,,,,,,,,,,,,,,,,,,,
600,0.08164965809277261,9,CountSketch,8.130284103146616,0.18666666666666668,0.007379710489112637,0.024770459000023948,0.004060374999994565,0.05433529099991574,,,,,,,,,0.024770459000023948,0.025451459000237264,0.0,0.08316612499993425,,,,,,,,,,6.770800007416256e-05,12.0,38.0,64.0,0.0,0.0007107920000635204,0.0007107920000635204,0.0008540000000039072,0.0009182499999269567,0.0002647090000209573,0.0003034580000758069,0.00025625000000673026,1.6250000044237822e-05,0.021349249999957465,,,,,,,,,
600,0.08164965809277261,9,SIGN Bidirectional,8.364176922511087,0.32333333333333336,0.008693502267618072,0.030739874999994754,0.004060374999994565,0.052976207999904545,,,,,,,,,0.030739874999994754,0.030734041000187062,5.8339998076917254e-06,0.08777645799989386,,,,,,,,,,,,,,,,,,,,,,,,9.51250000298387e-05,12.0,2.0,0.0034561249999569554,0.001235958000052051,0.00026250000007621566,0.00023983300002328178,9.875000046122295e-06,0.025434625000002598
600,0.08164965809277261,10,Random Projection,7.748380599087495,0.12,0.00691253589188888,0.023517875000038657,0.0039564579999478156,0.05550774999994701,8.987499995782855e-05,0.001049540999929377,0.0009493329999941125,0.00027379200002997095,0.0003322500000422224,0.00022720799995568086,9.250000061911123e-06,0.020579666999992696,0.023517875000038657,0.0235109159999638,6.959000074857613e-06,0.08298208299993348,,,,,,,,,,,,,,,,,,,,,,,,,,,,,,,,
600,0.08164965809277261,10,Random Sampling,10.89827449044719,0.15,0.0024963985213317247,0.057278125000038926,0.0039564579999478156,0.06995279199998095,,,,,,,,,0.057278125000038926,0.057273373999919386,4.751000119540549e-06,0.1311873749999677,0.001510375000066233,0.0022944169999163933,0.018074875000024804,0.00026170799992542015,0.0005290409999361145,0.03460295800005042,,,,,,,,,,,,,,,,,,,,,,,,,,
600,0.08164965809277261,10,Non-random,11.76625782408123,0.04666666666666667,0.0028359224007850903,0.16987699999992856,0.0039564579999478156,0.05897462500001893,,,,,,,,,0.16987699999992856,0.16987312400010524,3.875999823321763e-06,0.2328080829998953,,,,,,,0.14856908300009763,0.02119491600001311,0.0001091249999944921,,,,,,,,,,,,,,,,,,,,,,,
600,0.08164965809277261,10,CountSketch,7.730405995523844,0.12666666666666668,0.006555209620670618,0.02560220800000934,0.0039564579999478156,0.052854042000035406,,,,,,,,,0.02560220800000934,0.026280542000108653,0.0,0.08241270799999256,,,,,,,,,,6.750000000010914e-05,12.0,38.0,68.0,0.0,0.0007035830000177157,0.0007035830000177157,0.0007751670000288868,0.0006558329999961643,0.00031416699994224473,0.00029608400006964075,0.00023170800000116287,9.2080000513306e-06,0.022523708999983683,,,,,,,,,
600,0.08164965809277261,10,SIGN Bidirectional,8.503455055088342,0.3566666666666667,0.010781651695413272,0.03325791699990077,0.0039564579999478156,0.05512262499996723,,,,,,,,,0.03325791699990077,0.03325204199984455,5.8750000562213245e-06,0.09233699999981582,,,,,,,,,,,,,,,,,,,,,,,,9.183299994219851e-05,12.0,2.0,0.003838959000063369,0.001313500000037493,0.0002498329999980342,0.0002352079999354828,9.41699988743494e-06,0.027513291999980538
600,0.08164965809277261,11,Random Projection,9.098619628400257,0.30333333333333334,0.011916218547535745,0.02711329100009152,0.004023249999931977,0.054476750000048924,9.004200001072604e-05,0.0011433749999696374,0.000658958000030907,0.00022208400002909912,0.000285916999928304,0.00025104099995587603,9.207999937643763e-06,0.02444787499996437,0.02711329100009152,0.027108499999826563,4.791000264958711e-06,0.08561329100007242,,,,,,,,,,,,,,,,,,,,,,,,,,,,,,,,
600,0.08164965809277261,11,Random Sampling,10.804504637878438,0.16999999999999998,0.00383751188486256,0.06138929099995494,0.004023249999931977,0.07033154199996261,,,,,,,,,0.06138929099995494,0.06138258399994356,6.7070000113744754e-06,0.13574408299984952,0.0020497919999797887,0.002259250000065549,0.022365791999959583,0.00027995799996460846,0.0008517920000485901,0.03357599999992544,,,,,,,,,,,,,,,,,,,,,,,,,,
600,0.08164965809277261,11,Non-random,11.567399936071473,0.07666666666666666,0.0027101320389762984,0.17018187500002568,0.004023249999931977,0.057315791000064564,,,,,,,,,0.17018187500002568,0.1701784580001231,3.416999902583484e-06,0.23152091600002223,,,,,,,0.14934070800006793,0.020727416999989146,0.00011033300006602076,,,,,,,,,,,,,,,,,,,,,,,
600,0.08164965809277261,11,CountSketch,7.771062426191896,0.17666666666666667,0.009233663922691066,0.02774158299996543,0.004023249999931977,0.05326449999995475,,,,,,,,,0.02774158299996543,0.028451458000290586,0.0,0.08502933299985216,,,,,,,,,,6.683399999474204e-05,12.0,38.0,68.0,0.0,0.0007443750000675209,0.0007443750000675209,0.0012367500000891596,0.0007007080000676069,0.0002606670000204758,0.0003014159999565891,0.0003525829999944108,9.875000046122295e-06,0.024033874999986438,,,,,,,,,
600,0.08164965809277261,11,SIGN Bidirectional,8.499274197339307,0.29666666666666663,0.010531680700867227,0.03421229200000653,0.004023249999931977,0.053842792000068584,,,,,,,,,0.03421229200000653,0.034207082999955674,5.209000050854229e-06,0.09207833400000709,,,,,,,,,,,,,,,,,,,,,,,,9.429099998214951e-05,12.0,2.0,0.003993499999978667,0.0012428339999814852,0.00026349999996000406,0.00023787500003891182,9.250000061911123e-06,0.028365832999952545
600,0.08164965809277261,12,Random Projection,7.999395663492994,0.24,0.008583763492158974,0.025520125000070948,0.004041082999947321,0.053569208999988405,8.833300000787858e-05,0.0011784580000266942,0.0006597090000468597,0.00024387500002376328,0.00036195899997437664,0.0003181659999427211,9.541000054014148e-06,0.02265291599996999,0.025520125000070948,0.0255129570000463,7.168000024648791e-06,0.08313041700000667,,,,,,,,,,,,,,,,,,,,,,,,,,,,,,,,
600,0.08164965809277261,12,Random Sampling,10.295575807338313,0.15000000000000002,0.002366550874532039,0.05688599999996313,0.004041082999947321,0.06951283399996555,,,,,,,,,0.05688599999996313,0.056880334000084076,5.665999879056471e-06,0.130439916999876,0.0014970410001069467,0.002276332999940678,0.022592292000013003,0.0002879170000369413,0.0005268339999702221,0.029699917000016285,,,,,,,,,,,,,,,,,,,,,,,,,,
600,0.08164965809277261,12,Non-random,11.736469526482693,0.07333333333333333,0.0010548100486845874,0.17590774999996484,0.004041082999947321,0.05765341599999374,,,,,,,,,0.17590774999996484,0.17590450000011515,3.2499998496859916e-06,0.2376022489999059,,,,,,,0.14978641699997297,0.026016500000082488,0.00010158300005969068,,,,,,,,,,,,,,,,,,,,,,,
600,0.08164965809277261,12,CountSketch,8.202676877667248,0.19,0.004906514952331173,0.024767125000039414,0.004041082999947321,0.05351354200001879,,,,,,,,,0.024767125000039414,0.025433417000044756,0.0,0.08232175000000552,,,,,,,,,,6.191700003910228e-05,12.0,41.0,62.0,0.0,0.0006935409999186959,0.0006935409999186959,0.0008982499999774518,0.0009189170000354352,0.0002765830000726055,0.00031100000001060835,0.0002484589999767195,1.0209000038230442e-05,0.02132100000005721,,,,,,,,,
600,0.08164965809277261,12,SIGN Bidirectional,8.579045333871752,0.3,0.008890681844871337,0.02630645800002185,0.004041082999947321,0.053034790999959114,,,,,,,,,0.02630645800002185,0.02630166799986,4.790000161847274e-06,0.08338233199992828,,,,,,,,,,,,,,,,,,,,,,,,9.33339999846794e-05,12.0,2.0,0.0035051670000711965,0.0011830419999796504,0.0002338329999247435,0.00022183400005815201,8.874999934960215e-06,0.02105558299990662
600,0.08164965809277261,13,Random Projection,8.208976205210918,0.2,0.007976313395705953,0.02664900000002035,0.003992457999970611,0.053659207999999126,9.020800007419894e-05,0.001139792000003581,0.000934667000024092,0.00026633300001321913,0.0003065829999968628,0.00025308399995083164,9.166000040750077e-06,0.023641999999995278,0.02664900000002035,0.026641833000098813,7.166999921537354e-06,0.08430066599999009,,,,,,,,,,,,,,,,,,,,,,,,,,,,,,,,
600,0.08164965809277261,13,Random Sampling,10.747610854149526,0.15666666666666668,0.0036227194094818893,0.04928587500000958,0.003992457999970611,0.07141666699999405,,,,,,,,,0.04928587500000958,0.04928225099990868,3.6240001008991385e-06,0.12469499999997424,0.0015082090000078097,0.002291708999905495,0.018464124999923115,0.00023791700004949234,0.0005275830000073256,0.026252708000015446,,,,,,,,,,,,,,,,,,,,,,,,,,
600,0.08164965809277261,13,Non-random,11.78166099629366,0.07333333333333333,0.0023987480449676885,0.17381445799992434,0.003992457999970611,0.058527958000013314,,,,,,,,,0.17381445799992434,0.17380995799999255,4.499999931795173e-06,0.23633487399990827,,,,,,,0.149286208000035,0.02441429199996037,0.00010945799999717565,,,,,,,,,,,,,,,,,,,,,,,
600,0.08164965809277261,13,CountSketch,9.789543297237948,0.3733333333333333,0.012176195946416696,0.028757999999925232,0.003992457999970611,0.054928458000063074,,,,,,,,,0.028757999999925232,0.029493248000107997,0.0,0.08767891599995892,,,,,,,,,,6.574999997610576e-05,12.0,32.0,65.0,0.0,0.0007632499999772335,0.0007632499999772335,0.001158165999981975,0.0006921660000216434,0.0003036660000361735,0.0003027920000704398,0.0002563749999353604,1.066700008323096e-05,0.0251771660000486,,,,,,,,,
600,0.08164965809277261,13,SIGN Bidirectional,8.497870421698705,0.41666666666666663,0.013850459744081875,0.03522929199993996,0.003992457999970611,0.05544529199994486,,,,,,,,,0.03522929199993996,0.03522308300000532,6.208999934642634e-06,0.09466704199985543,,,,,,,,,,,,,,,,,,,,,,,,0.00010445800000979943,12.0,2.0,0.003759374999958709,0.0011927090000654061,0.000267915999984325,0.00022920899994005595,9.083000009013631e-06,0.02966033300003801
600,0.08164965809277261,14,Random Projection,8.218680558258207,0.22,0.0071437266008701344,0.025797624999995605,0.003957042000024558,0.055724290999933146,8.908299992071989e-05,0.0011785840000584358,0.0006725409999717158,0.0003604580000455826,0.0003304580000076385,0.0003084579999494963,1.6415999994023878e-05,0.022833666999986235,0.025797624999995605,0.025789664999933848,7.960000061757455e-06,0.08547895799995331,,,,,,,,,,,,,,,,,,,,,,,,,,,,,,,,
600,0.08164965809277261,14,Random Sampling,10.80238335462872,0.16666666666666669,0.0024906850260749402,0.060754250000059073,0.003957042000024558,0.07232350000003862,,,,,,,,,0.060754250000059073,0.060748125000031905,6.125000027168426e-06,0.13703479200012225,0.0015117500000769724,0.0022970420000092417,0.023291458000016974,0.0002775420000489248,0.0008534999999483261,0.032516832999931466,,,,,,,,,,,,,,,,,,,,,,,,,,
600,0.08164965809277261,14,Non-random,11.868561190283252,0.08,0.0028775457098381696,0.17349116700006562,0.003957042000024558,0.058728957999960585,,,,,,,,,0.17349116700006562,0.17348762500000703,3.5420000585872913e-06,0.23617716700005076,,,,,,,0.15173074999995606,0.021655750000036278,0.00010112500001469016,,,,,,,,,,,,,,,,,,,,,,,
600,0.08164965809277261,14,CountSketch,8.427007060758328,0.14,0.004980220060074592,0.025685249999924054,0.003957042000024558,0.055803957999955855,,,,,,,,,0.025685249999924054,0.0263866269999653,0.0,0.08544624999990447,,,,,,,,,,6.779199998163676e-05,12.0,44.0,59.0,0.0,0.0007310419999839723,0.0007310419999839723,0.0010343750000174623,0.000687957999957689,0.000297291000038058,0.00031733399998756795,0.00035362500000246655,3.6583999985850824e-05,0.022129584000026625,,,,,,,,,
600,0.08164965809277261,14,SIGN Bidirectional,9.306141397438886,0.29,0.008217204932486566,0.03453304200002094,0.003957042000024558,0.07321837500001038,,,,,,,,,0.03453304200002094,0.03452312499996424,9.917000056702818e-06,0.11170845900005588,,,,,,,,,,,,,,,,,,,,,,,,9.762500008037023e-05,12.0,2.0,0.0036300829999618145,0.0020388340000181415,0.00031275000003461173,0.00026441699992574286,9.707999993224803e-06,0.028169707999950333
600,0.08164965809277261,15,Random Projection,8.251047391709736,0.11333333333333334,0.003552310580078405,0.025499666999962756,0.004473875000030603,0.05514316599999347,9.48750000588916e-05,0.001127332999999453,0.0006857920000129525,0.0002977919999693768,0.0002415409999230178,0.00024229099994954595,1.0166999913963082e-05,0.022794041999986803,0.025499666999962756,0.025493832999814003,5.834000148752239e-06,0.08511670799998683,,,,,,,,,,,,,,,,,,,,,,,,,,,,,,,,
600,0.08164965809277261,15,Random Sampling,10.61427989401787,0.16,0.0010809849741198335,0.05322766699998738,0.004473875000030603,0.0726667079999288,,,,,,,,,0.05322766699998738,0.053222125999923264,5.541000064113177e-06,0.13036824999994678,0.0015133330000480782,0.0023242920000257072,0.018671041999937188,0.0002804169999990336,0.0005387919999293445,0.029894249999983913,,,,,,,,,,,,,,,,,,,,,,,,,,
600,0.08164965809277261,15,Non-random,11.715904067953085,0.06333333333333334,0.001950652449128426,0.17339450000008583,0.004473875000030603,0.05976562500006821,,,,,,,,,0.17339450000008583,0.17339095900001666,3.541000069162692e-06,0.23763400000018464,,,,,,,0.14800862499998857,0.02527341699999397,0.00010891700003412552,,,,,,,,,,,,,,,,,,,,,,,
600,0.08164965809277261,15,CountSketch,8.441705536592995,0.19,0.0075627271962116355,0.0291597500000762,0.004473875000030603,0.055879791999927875,,,,,,,,,0.0291597500000762,0.02984516500009704,0.0,0.08951341700003468,,,,,,,,,,6.808399996316439e-05,12.0,41.0,58.0,0.0,0.0007132080000928909,0.0007132080000928909,0.0008327079999617126,0.0006499170000324739,0.00024095799994938716,0.0002554160000727279,0.0002540000000408327,1.0707999990700046e-05,0.02610695799990026,,,,,,,,,
600,0.08164965809277261,15,SIGN Bidirectional,8.233930930122307,0.30666666666666664,0.00772908843193508,0.032258834000003844,0.004473875000030603,0.05492624999999407,,,,,,,,,0.032258834000003844,0.03225204099999246,6.79300001138472e-06,0.09165895900002852,,,,,,,,,,,,,,,,,,,,,,,,9.637499999826105e-05,12.0,2.0,0.0034809999999652064,0.0011680000000069413,0.000247000000058506,0.0002537079999456182,1.0750000001280569e-05,0.026995208000016646
600,0.08164965809277261,16,Random Projection,7.959447255391731,0.19333333333333336,0.007129774672000558,0.026603416000057223,0.004361541999969631,0.05493991699995604,9.220799995546258e-05,0.0010941670000192971,0.0006725419999611404,0.00023466600009669492,0.0002865829999336711,0.00022741700001915888,9.374999990541255e-06,0.023980917000017143,0.026603416000057223,0.02659787499999311,5.541000064113177e-06,0.0859048749999829,,,,,,,,,,,,,,,,,,,,,,,,,,,,,,,,
600,0.08164965809277261,16,Random Sampling,10.019641449637456,0.15000000000000002,0.0018796779591800233,0.06157937500006483,0.004361541999969631,0.07040020800002367,,,,,,,,,0.06157937500006483,0.06157108399997924,8.291000085591804e-06,0.13634112500005813,0.0015258749999702559,0.0022870419999208025,0.022828459000038492,0.0002782499999511856,0.0008672500000557193,0.03378420800004278,,,,,,,,,,,,,,,,,,,,,,,,,,
600,0.08164965809277261,16,Non-random,11.871622500201795,0.07666666666666667,0.0017497986201636395,0.17042508300005466,0.004361541999969631,0.05943629199998668,,,,,,,,,0.17042508300005466,0.17042029099991396,4.792000140696473e-06,0.23422291700001097,,,,,,,0.14502820799998517,0.02529012499996952,0.00010195799995926791,,,,,,,,,,,,,,,,,,,,,,,
600,0.08164965809277261,16,CountSketch,8.143375359418908,0.19,0.007873861259008921,0.024974082999960956,0.004361541999969631,0.05599037499996484,,,,,,,,,0.024974082999960956,0.025652833000208375,0.0,0.08532599999989543,,,,,,,,,,6.85410000187403e-05,12.0,41.0,59.0,0.0,0.0007062080001105642,0.0007062080001105642,0.0008579999999938082,0.0006516669999427904,0.0002637090000234821,0.0002536250000275686,0.00022354200007157488,9.249999948224286e-06,0.021912082999961058,,,,,,,,,
600,0.08164965809277261,16,SIGN Bidirectional,9.357424638116282,0.3,0.008258278009392606,0.028176041000051555,0.004361541999969631,0.05425712499993551,,,,,,,,,0.028176041000051555,0.02816812400010349,7.916999948065495e-06,0.0867947079999567,,,,,,,,,,,,,,,,,,,,,,,,9.362499997678242e-05,12.0,2.0,0.0034715829999640846,0.001693959000022005,0.00035158299999693554,0.00023291600007269153,9.125000019594154e-06,0.022315333000051396
600,0.08164965809277261,17,Random Projection,8.895894591788906,0.12333333333333332,0.004805209640570643,0.024129500000071857,0.0045271249999814245,0.053249166000000514,9.099999999762076e-05,0.0012457500000664368,0.0006613330000391215,0.0002709590000904427,0.00036379200003011647,0.0002841669999043006,3.195800002231408e-05,0.021172666999973444,0.024129500000071857,0.024121626000123797,7.873999948060373e-06,0.0819057910000538,,,,,,,,,,,,,,,,,,,,,,,,,,,,,,,,
600,0.08164965809277261,17,Random Sampling,10.697223029662634,0.14666666666666667,0.004876976190514776,0.05334941599994636,0.0045271249999814245,0.06937720899998112,,,,,,,,,0.05334941599994636,0.053345123999861244,4.292000085115433e-06,0.1272537499999089,0.0015084579999893322,0.0022808749999967404,0.01791795799999818,0.00022791699996105308,0.0005322079999814378,0.0308777079999345,,,,,,,,,,,,,,,,,,,,,,,,,,
600,0.08164965809277261,17,Non-random,11.82853079716652,0.1,0.003008690630257882,0.17164933300000484,0.0045271249999814245,0.05813404100001662,,,,,,,,,0.17164933300000484,0.17164599999989605,3.3330001087961136e-06,0.2343104990000029,,,,,,,0.14829454099992745,0.02324312500002179,0.00010833399994680804,,,,,,,,,,,,,,,,,,,,,,,
600,0.08164965809277261,17,CountSketch,8.834603292183,0.17333333333333334,0.005922527950369946,0.024149959000055787,0.0045271249999814245,0.053564917000016976,,,,,,,,,0.024149959000055787,0.024821792000125242,0.0,0.08224200100005419,,,,,,,,,,6.408400008695025e-05,12.0,43.0,63.0,0.0,0.0006994579999854977,0.0006994579999854977,0.0008499170000959566,0.0006512500000326327,0.00034887499998603744,0.0002852499999335123,0.00029612499997710984,9.750000003805326e-06,0.020917625000038242,,,,,,,,,
600,0.08164965809277261,17,SIGN Bidirectional,8.315230368590719,0.17666666666666667,0.004774365788939264,0.02799399999992147,0.0045271249999814245,0.05355337499997859,,,,,,,,,0.02799399999992147,0.027984959999912462,9.040000009008509e-06,0.08607449999988148,,,,,,,,,,,,,,,,,,,,,,,,0.00013579200003732694,12.0,2.0,0.003767374999938511,0.0012317090000806274,0.0002829999999676147,0.00020670799995059497,9.166999916487839e-06,0.0223512090000213
600,0.08164965809277261,18,Random Projection,7.595491331939764,0.10666666666666666,0.004644873642698638,0.02231466700004603,0.003990541999996822,0.05276400000002468,9.058299997377617e-05,0.0010365829999727794,0.000657000000046537,0.0002542500000117798,0.00025870900003610586,0.00023995800006559875,9.332999979960732e-06,0.019763166999950954,0.02231466700004603,0.02230958300003749,5.084000008537259e-06,0.07906920900006753,,,,,,,,,,,,,,,,,,,,,,,,,,,,,,,,
600,0.08164965809277261,18,Random Sampling,10.672076074386062,0.17,0.005395113701241225,0.06051254200008316,0.003990541999996822,0.07177437500001815,,,,,,,,,0.06051254200008316,0.060508623999908195,3.918000174962799e-06,0.13627745900009813,0.001501749999988533,0.002288540999984434,0.022456291000025885,0.00029870799994569097,0.0005336670000133381,0.033429666999950314,,,,,,,,,,,,,,,,,,,,,,,,,,
600,0.08164965809277261,18,Non-random,11.895396043029725,0.06,0.001958086475018758,0.17163891699999567,0.003990541999996822,0.0582168340000635,,,,,,,,,0.17163891699999567,0.17163516799985246,3.749000143216108e-06,0.233846293000056,,,,,,,0.15055962499991438,0.020974583999986862,0.00010095899995121727,,,,,,,,,,,,,,,,,,,,,,,
600,0.08164965809277261,18,CountSketch,8.47842529187992,0.24666666666666665,0.011129475469595626,0.033490042000039466,0.003990541999996822,0.05469225000001643,,,,,,,,,0.033490042000039466,0.034172958000112885,0.0,0.09217283400005272,,,,,,,,,,6.554200001573918e-05,12.0,41.0,60.0,0.0,0.0007110829999419366,0.0007110829999419366,0.0009479589999727978,0.0009801249999554784,0.00028979100000015023,0.00027800000009392534,0.0002507080000668793,1.0042000099019788e-05,0.029928625000025022,,,,,,,,,
600,0.08164965809277261,18,SIGN Bidirectional,8.385350536316253,0.36,0.012991542262201214,0.03162512500000503,0.003990541999996822,0.05382116699991002,,,,,,,,,0.03162512500000503,0.03161766700009139,7.4579999136403785e-06,0.08943683399991187,,,,,,,,,,,,,,,,,,,,,,,,9.637499999826105e-05,12.0,2.0,0.0034763329999805137,0.0011995419999948354,0.00024454200001855497,0.0003315830000474307,2.5209000000359083e-05,0.026244083000051432
600,0.08164965809277261,19,Random Projection,8.860182354498479,0.29666666666666663,0.010095328616918794,0.030377916000020377,0.003985457999988284,0.05575695799996083,9.220799995546258e-05,0.0011108339999736927,0.0006487089999609452,0.0002481660000057673,0.0002847499999916181,0.00022954200005642633,9.374999990541255e-06,0.027748458999894865,0.030377916000020377,0.03037204299982932,5.8730001910589635e-06,0.0901203319999695,,,,,,,,,,,,,,,,,,,,,,,,,,,,,,,,
600,0.08164965809277261,19,Random Sampling,10.564762241488282,0.15666666666666668,0.0030757871074558463,0.05716170799996689,0.003985457999988284,0.07418633399993269,,,,,,,,,0.05716170799996689,0.05715762599993468,4.082000032212818e-06,0.13533349999988786,0.0014987499999961074,0.0022970420000092417,0.02222437499995067,0.00026795899998433015,0.0005286250000153814,0.03034087499997895,,,,,,,,,,,,,,,,,,,,,,,,,,
600,0.08164965809277261,19,Non-random,11.695964207138124,0.07333333333333333,0.0004052136483281704,0.16946304099997178,0.003985457999988284,0.05745537500001774,,,,,,,,,0.16946304099997178,0.16946004099997936,2.999999992425728e-06,0.2309038739999778,,,,,,,0.14846379099992646,0.020887458000061088,0.00010879199999180855,,,,,,,,,,,,,,,,,,,,,,,
600,0.08164965809277261,19,CountSketch,8.146137035328758,0.21,0.006296035602576466,0.02395008400003462,0.003985457999988284,0.05372366699998565,,,,,,,,,0.02395008400003462,0.02463112500004172,0.0,0.08165920900000856,,,,,,,,,,6.2875000025997e-05,12.0,43.0,59.0,0.0,0.0007059170000047743,0.0007059170000047743,0.0008797090000598473,0.0006477499999846259,0.0002629159999969488,0.00034487499999613647,0.00021858299999166775,9.083000009013631e-06,0.020793499999967935,,,,,,,,,
600,0.08164965809277261,19,SIGN Bidirectional,8.799904906861467,0.30333333333333334,0.008171401511299956,0.029539167000052657,0.003985457999988284,0.054978709000010895,,,,,,,,,0.029539167000052657,0.02953100100012307,8.165999929587997e-06,0.08850333400005184,,,,,,,,,,,,,,,,,,,,,,,,9.170900000299298e-05,12.0,2.0,0.003464291999989655,0.0014899579999791968,0.0002933330000587375,0.00027224999996633414,1.7000000070765964e-05,0.023902459000055387
600,0.08164965809277261,20,Random Projection,8.00477746983287,0.13,0.004387498297355838,0.026037999999971362,0.004556708999984949,0.05502779199991892,9.316600005604414e-05,0.0014959590000671596,0.00072312499992222,0.0002855830000498827,0.0003309999999601132,0.00026074999993852543,1.0583000062069914e-05,0.02283187499995165,0.026037999999971362,0.026032041000007666,5.958999963695533e-06,0.08562250099987523,,,,,,,,,,,,,,,,,,,,,,,,,,,,,,,,
600,0.08164965809277261,20,Random Sampling,10.691273638954076,0.16,0.0013807341730271705,0.058999708999976974,0.004556708999984949,0.0709719579999728,,,,,,,,,0.058999708999976974,0.05899329199996828,6.41700000869605e-06,0.13452837599993472,0.0015079579999337511,0.0023162920000459053,0.021959083999945506,0.0002646660000209522,0.0005383750000191867,0.03240691700000298,,,,,,,,,,,,,,,,,,,,,,,,,,
600,0.08164965809277261,20,Non-random,11.687920496209536,0.07,0.0018641510285399288,0.17697325000006003,0.004556708999984949,0.05925091599999632,,,,,,,,,0.17697325000006003,0.17696825000018634,4.999999873689376e-06,0.2407808750000413,,,,,,,0.15097524999998768,0.025884250000103748,0.00010875000009491487,,,,,,,,,,,,,,,,,,,,,,,
600,0.08164965809277261,20,CountSketch,8.496888721129185,0.16333333333333333,0.0056383978938139845,0.0282655830000067,0.004556708999984949,0.05495991700001923,,,,,,,,,0.0282655830000067,0.02895233399999597,0.0,0.08778220900001088,,,,,,,,,,7.062500003485184e-05,12.0,35.0,61.0,0.0,0.0007172499999796855,0.0007172499999796855,0.0009617090000801909,0.0006687079999210255,0.0003406670000458689,0.0003148339999370364,0.0002685409999685362,9.500000032858225e-06,0.024883250000016233,,,,,,,,,
600,0.08164965809277261,20,SIGN Bidirectional,8.685149972460934,0.2466666666666667,0.006613766101369559,0.03074149999997644,0.004556708999984949,0.05564854199997171,,,,,,,,,0.03074149999997644,0.03073429100015801,7.208999818431039e-06,0.0909467509999331,,,,,,,,,,,,,,,,,,,,,,,,0.00010816600001817278,12.0,2.0,0.0039171250000435975,0.0013577500000110376,0.00024154200002612924,0.0002292500000748987,1.1167000025125162e-05,0.02486929099995905
800,0.07071067811865475,1,Random Projection,8.897808714272491,0.1075,0.005670296861118251,0.02752454099993429,0.007259833000034632,0.0893508329999122,0.00013474999991558434,0.001968082999951548,0.0009571659999210169,0.0004110419999960868,0.0004974170000195954,0.00028279200000724813,1.2749999996231054e-05,0.023254374999964966,0.02752454099993429,0.027518374999772277,6.166000162011187e-06,0.12413520699988112,,,,,,,,,,,,,,,,,,,,,,,,,,,,,,,,
800,0.07071067811865475,1,Random Sampling,11.387221355891457,0.135,0.004561046571064237,0.06965449999995599,0.007259833000034632,0.11399483299999247,,,,,,,,,0.06965449999995599,0.06964837599991824,6.124000037743826e-06,0.1909091659999831,0.0025911249999808206,0.004261791999965681,0.025675792000015463,0.0003987079999205889,0.00112899999999172,0.03559195900004397,,,,,,,,,,,,,,,,,,,,,,,,,,
800,0.07071067811865475,1,Non-random,12.740279650244705,0.05,0.0020363594018695808,0.26940908299991406,0.007259833000034632,0.1048572920000197,,,,,,,,,0.26940908299991406,0.2694053340001119,3.748999802155595e-06,0.3815262079999684,,,,,,,0.24808962500003418,0.021136749999982385,0.0001789590000953467,,,,,,,,,,,,,,,,,,,,,,,
800,0.07071067811865475,1,CountSketch,9.106558352391833,0.1475,0.005543197671569924,0.03634241599991128,0.007259833000034632,0.09082629200008796,,,,,,,,,0.03634241599991128,0.03759149999973488,0.0,0.13442854100003387,,,,,,,,,,7.574999995085818e-05,12.0,57.0,82.0,0.0,0.001283624999928179,0.001283624999928179,0.002065915999992285,0.0010084169999799997,0.0006223330000239002,0.00069862500004092,0.00048237499993319943,1.3083999988339201e-05,0.03005774999996902,,,,,,,,,
800,0.07071067811865475,1,SIGN Bidirectional,8.709814630319785,0.23750000000000002,0.007341775027484176,0.03427304199999526,0.007259833000034632,0.09161583299999165,,,,,,,,,0.03427304199999526,0.034264958999756345,8.083000238912064e-06,0.13314870800002154,,,,,,,,,,,,,,,,,,,,,,,,0.00012595900000178517,12.0,2.0,0.005225166999935027,0.002125290999970275,0.0005131249999976717,0.0002660000000105356,1.1874999927385943e-05,0.025997541999913665
800,0.07071067811865475,2,Random Projection,8.23643191796557,0.15250000000000002,0.004900613231960407,0.026339541999959692,0.007194041999923684,0.0880274589999317,0.00012020799999845622,0.0017861669999774676,0.0009267919999729202,0.0004451249999419815,0.00047395800004323974,0.0002263750000111031,1.2292000064917374e-05,0.022343333999970127,0.026339541999959692,0.026334250999980213,5.290999979479238e-06,0.12156104299981507,,,,,,,,,,,,,,,,,,,,,,,,,,,,,,,,
800,0.07071067811865475,2,Random Sampling,10.93227245918243,0.0975,0.0010945446146204962,0.06288583299999573,0.007194041999923684,0.1114525829999593,,,,,,,,,0.06288583299999573,0.06288104100030978,4.791999685949122e-06,0.18153245799987872,0.0025716250000868968,0.004244416999995337,0.024746250000021064,0.00037470800009486993,0.0011060410000709453,0.029838000000040665,,,,,,,,,,,,,,,,,,,,,,,,,,
800,0.07071067811865475,2,Non-random,12.603499104675329,0.03,0.0009079651190672805,0.26065749999997934,0.007194041999923684,0.09530808299996352,,,,,,,,,0.26065749999997934,0.26065354199988633,3.958000093007286e-06,0.36315962499986654,,,,,,,0.240535791999946,0.019938874999979816,0.00017887499996049883,,,,,,,,,,,,,,,,,,,,,,,
800,0.07071067811865475,2,CountSketch,8.323525547303884,0.095,0.004176290002631505,0.02692812500004038,0.007194041999923684,0.08795566699996016,,,,,,,,,0.02692812500004038,0.02808695799990346,0.0,0.12207783399992422,,,,,,,,,,7.245799997690483e-05,12.0,50.0,75.0,0.0,0.0011869999999589709,0.0011869999999589709,0.0013554170000134036,0.0008986249999907159,0.0004159999999728825,0.0004612500000575892,0.0002574580000782589,1.1624999956438842e-05,0.022240124999939326,,,,,,,,,
800,0.07071067811865475,2,SIGN Bidirectional,9.090698771271033,0.32,0.008379806800811018,0.03381899999999405,0.007194041999923684,0.08918545899996388,,,,,,,,,0.03381899999999405,0.033811081999829184,7.91800016486377e-06,0.13019850099988162,,,,,,,,,,,,,,,,,,,,,,,,0.00012320799999088194,12.0,2.0,0.005010416000004625,0.002691332999916085,0.0004482499999767242,0.00023762499995427788,1.2624999953914084e-05,0.025287625000032676
800,0.07071067811865475,3,Random Projection,8.895260573706958,0.2,0.006674657043254512,0.0303455829999848,0.007102667000026486,0.08640233400001307,0.00011954199999308912,0.001604082999961065,0.0012295419999190926,0.0004042919999847072,0.0005116250000583022,0.0003135829999791895,2.433300005577621e-05,0.026128416999995352,0.0303455829999848,0.030335416999946574,1.016600003822532e-05,0.12385058400002436,,,,,,,,,,,,,,,,,,,,,,,,,,,,,,,,
800,0.07071067811865475,3,Random Sampling,11.39256700308299,0.10250000000000001,0.0037949282607823848,0.06181862500000079,0.007102667000026486,0.10948329100006049,,,,,,,,,0.06181862500000079,0.06181437600002937,4.248999971423473e-06,0.17840458300008777,0.0025887919999831865,0.004257458000097358,0.024745291999920482,0.00037658400003692805,0.0011080420000553204,0.028738207999936094,,,,,,,,,,,,,,,,,,,,,,,,,,
800,0.07071067811865475,3,Non-random,12.578583269616946,0.0425,0.0016651798253638217,0.2652578329999642,0.007102667000026486,0.1165136250000387,,,,,,,,,0.2652578329999642,0.26525316799984466,4.665000119530305e-06,0.3888741250000294,,,,,,,0.24238283399995453,0.022546416999944086,0.00032391699994605005,,,,,,,,,,,,,,,,,,,,,,,
800,0.07071067811865475,3,CountSketch,8.517792293148107,0.095,0.005134590865468455,0.02851645800001279,0.007102667000026486,0.10572250000006989,,,,,,,,,0.02851645800001279,0.02967741800011936,0.0,0.14134162500010916,,,,,,,,,,6.779199998163676e-05,12.0,53.0,77.0,0.0,0.0011924170000838785,0.0011924170000838785,0.001961333999929593,0.0008706670000719896,0.0006893329999684283,0.0006264580000561182,0.00042508299998189614,2.2666999939247034e-05,0.022629250000022694,,,,,,,,,
800,0.07071067811865475,3,SIGN Bidirectional,8.44415123771742,0.125,0.006025813161530932,0.03789974999995138,0.007102667000026486,0.10689041700004509,,,,,,,,,0.03789974999995138,0.03789049900012742,9.250999823962047e-06,0.15189283400002296,,,,,,,,,,,,,,,,,,,,,,,,0.00013787499995032704,12.0,2.0,0.0052721660000543125,0.003154625000092892,0.0008303749999640786,0.00032750000002579327,2.2667000052933872e-05,0.028145290999987083
800,0.07071067811865475,4,Random Projection,8.880019527919755,0.11499999999999999,0.0045193855268935434,0.03050066700006937,0.007627415999991172,0.10928766700010328,0.00012037500005135371,0.0022789170000123704,0.0008932079999794951,0.0005110829999921407,0.00043325000001459557,0.0003638750000618529,2.3999999939405825e-05,0.025867625000046246,0.03050066700006937,0.03049233300009746,8.333999971910089e-06,0.14741575000016383,,,,,,,,,,,,,,,,,,,,,,,,,,,,,,,,
800,0.07071067811865475,4,Random Sampling,11.088727862418027,0.1075,0.0007195568283180145,0.06446437500005686,0.007627415999991172,0.13328170900001624,,,,,,,,,0.06446437500005686,0.06445549900001879,8.876000038071652e-06,0.20537350000006427,0.0025687920000336817,0.0042341249999253705,0.026966625000000022,0.0006351250000307118,0.0017680409999911717,0.028282791000037832,,,,,,,,,,,,,,,,,,,,,,,,,,
800,0.07071067811865475,4,Non-random,12.665566642948942,0.045,0.0003143026817161512,0.2683339169999499,0.007627415999991172,0.09675716599997486,,,,,,,,,0.2683339169999499,0.26833024899997326,3.6679999766420224e-06,0.37271849899991594,,,,,,,0.2454109159999689,0.022730916000000434,0.00018841700000393757,,,,,,,,,,,,,,,,,,,,,,,
800,0.07071067811865475,4,CountSketch,8.936777707720053,0.1475,0.004832617115881663,0.027986416999965513,0.007627415999991172,0.09094916600008673,,,,,,,,,0.027986416999965513,0.029172376000246913,0.0,0.12656299900004342,,,,,,,,,,0.00016125000001920853,12.0,50.0,83.0,0.0,0.0012222500000689251,0.0012222500000689251,0.0014221669999869846,0.0009275830000206042,0.00042445899998710956,0.0005446249999749853,0.0002401250000048094,1.1917000051653304e-05,0.02299575000006371,,,,,,,,,
800,0.07071067811865475,4,SIGN Bidirectional,8.904378569892856,0.1525,0.0035265679826683993,0.03438620899999023,0.007627415999991172,0.08865979100005461,,,,,,,,,0.03438620899999023,0.0343753319998541,1.0877000136133574e-05,0.130673416000036,,,,,,,,,,,,,,,,,,,,,,,,0.00018158299997139693,12.0,2.0,0.005879667000044719,0.0022461669999529477,0.0005042499999490246,0.0002832910000734046,1.3457999898491835e-05,0.025266915999964112
800,0.07071067811865475,5,Random Projection,8.827634289428888,0.15,0.007080981636165537,0.030680999999958658,0.007150625000008404,0.0900520839999217,0.00012025000000903674,0.002002999999945132,0.0012828750000153377,0.0004897499999287902,0.000493666000011217,0.00030516699996496754,2.841599996372679e-05,0.02594587499993395,0.030680999999958658,0.030668998999772157,1.2001000186501187e-05,0.12788370899988877,,,,,,,,,,,,,,,,,,,,,,,,,,,,,,,,
800,0.07071067811865475,5,Random Sampling,11.224477915874893,0.135,0.004202929106476488,0.06676333300003989,0.007150625000008404,0.11251704100004645,,,,,,,,,0.06676333300003989,0.06675587499989888,7.458000141014054e-06,0.18643099900009474,0.0026204999999208667,0.004342916999917179,0.025558000000046377,0.000435375000051863,0.0011362919999555743,0.03266279100000702,,,,,,,,,,,,,,,,,,,,,,,,,,
800,0.07071067811865475,5,Non-random,12.562724971423505,0.045,0.0021851465724058994,0.2741070409999793,0.007150625000008404,0.09661470799994731,,,,,,,,,0.2741070409999793,0.27410166599997865,5.375000000640284e-06,0.377872373999935,,,,,,,0.24783637500001987,0.02598537500000475,0.00027991599995402794,,,,,,,,,,,,,,,,,,,,,,,
800,0.07071067811865475,5,CountSketch,8.872784198806265,0.0775,0.004893709670976937,0.029530415999943216,0.007150625000008404,0.10757504200000767,,,,,,,,,0.029530415999943216,0.03069099999993341,0.0,0.1442560829999593,,,,,,,,,,7.33339999214877e-05,12.0,57.0,79.0,0.0,0.001199915999904988,0.001199915999904988,0.0014624579999917842,0.001257333000012295,0.0005488329999252528,0.0005914170000096419,0.00035829200010084605,2.4792000090201327e-05,0.023974709000071925,,,,,,,,,
800,0.07071067811865475,5,SIGN Bidirectional,8.997991262519294,0.375,0.01170194829454227,0.03268308400004116,0.007150625000008404,0.09435287500002687,,,,,,,,,0.03268308400004116,0.032675750999942466,7.3330000986970845e-06,0.13418658400007644,,,,,,,,,,,,,,,,,,,,,,,,0.0001264999999648353,12.0,2.0,0.005311290999998164,0.0020570419999330625,0.00045054200006688916,0.00024154200002612924,1.4792000001762062e-05,0.024474041999951623
800,0.07071067811865475,6,Random Projection,8.95036787294431,0.0825,0.0025144092000853047,0.02563674999998966,0.00718004199995903,0.09224804199993741,0.00012216700008593762,0.0018910000000005311,0.0011296249999759311,0.0003753750000896616,0.0005058749999307111,0.0002996250000251166,2.3166999994828075e-05,0.021280541999999514,0.02563674999998966,0.02562737600010223,9.373999887429818e-06,0.1250648339998861,,,,,,,,,,,,,,,,,,,,,,,,,,,,,,,,
800,0.07071067811865475,6,Random Sampling,10.828772506207663,0.08249999999999999,0.0012965263635574958,0.06951308299994707,0.00718004199995903,0.1259535000000369,,,,,,,,,0.06951308299994707,0.0695058749998907,7.208000056380115e-06,0.20264662499994301,0.002583082999990438,0.004292167000016889,0.02530962499997713,0.0004351249999672291,0.0011684170000307859,0.03571745799990822,,,,,,,,,,,,,,,,,,,,,,,,,,
800,0.07071067811865475,6,Non-random,12.68847477273983,0.042499999999999996,0.0003567146741040861,0.25493249999999534,0.00718004199995903,0.11327408300007846,,,,,,,,,0.25493249999999534,0.25492754200001855,4.957999976795691e-06,0.37538662500003284,,,,,,,0.23207579199993233,0.022540000000049076,0.0003117500000371365,,,,,,,,,,,,,,,,,,,,,,,
800,0.07071067811865475,6,CountSketch,8.85180651416845,0.1575,0.004902977250771864,0.035709042000007685,0.00718004199995903,0.08753791599997385,,,,,,,,,0.035709042000007685,0.03713325000012446,0.0,0.13042699999994056,,,,,,,,,,0.00011154100002386258,12.0,54.0,83.0,0.0,0.0014737090000380704,0.0014737090000380704,0.00213829100005114,0.0009692920000361482,0.0007492080000019996,0.0007748750000473592,0.0003337089999604359,2.2082999976191786e-05,0.029086832999951184,,,,,,,,,
800,0.07071067811865475,6,SIGN Bidirectional,9.085349636794973,0.19,0.00612886056275358,0.03502075000005789,0.00718004199995903,0.08904170900007102,,,,,,,,,0.03502075000005789,0.03501341599985608,7.3340002018085215e-06,0.13124250100008794,,,,,,,,,,,,,,,,,,,,,,,,0.00012091600001440383,12.0,2.0,0.005010083999991366,0.002095374999953492,0.00048704200003157894,0.00023112500002753222,1.2540999932753039e-05,0.027056332999904953
800,0.07071067811865475,7,Random Projection,8.369322392164001,0.07500000000000001,0.005063976631295139,0.02668425000001662,0.013125209000008908,0.08759937499996795,0.0001267090000283133,0.0016435420000107115,0.0012074170000460072,0.0003943330000311107,0.0004775839998956144,0.00024141599999438768,1.1416999996072263e-05,0.022574291000069024,0.02668425000001662,0.02667670900007124,7.540999945376825e-06,0.12740883399999348,,,,,,,,,,,,,,,,,,,,,,,,,,,,,,,,
800,0.07071067811865475,7,Random Sampling,11.468681324241091,0.1575,0.003534780066833318,0.06643104099998709,0.013125209000008908,0.11196004199996423,,,,,,,,,0.06643104099998709,0.06642595699997855,5.084000008537259e-06,0.19151629199996023,0.0025949160000209304,0.0042286249999961,0.024591500000042288,0.000369957999964754,0.0011241669999435544,0.033516791000010926,,,,,,,,,,,,,,,,,,,,,,,,,,
800,0.07071067811865475,7,Non-random,12.514700133103359,0.0525,0.00302969984774612,0.2634078330000875,0.013125209000008908,0.11661133300003712,,,,,,,,,0.2634078330000875,0.2634045409998862,3.2920002013270278e-06,0.39314437500013355,,,,,,,0.23955158299997947,0.023662624999928994,0.000190332999977727,,,,,,,,,,,,,,,,,,,,,,,
800,0.07071067811865475,7,CountSketch,9.367562699572034,0.2325,0.009378365906127673,0.035116583000103674,0.013125209000008908,0.08718966700007513,,,,,,,,,0.035116583000103674,0.03631900300001689,0.0,0.13543145900018771,,,,,,,,,,0.00012524999999641295,12.0,55.0,76.0,0.0,0.001241959000026327,0.001241959000026327,0.0014876669999921432,0.0012532089999695017,0.0006632920000129161,0.0007205829999747948,0.0003390420000641825,2.179199998408876e-05,0.029224249999970198,,,,,,,,,
800,0.07071067811865475,7,SIGN Bidirectional,9.075308921283867,0.2575,0.008717374682058542,0.034101583000051505,0.013125209000008908,0.08740837499999543,,,,,,,,,0.034101583000051505,0.03409516700014592,6.415999905584613e-06,0.13463516700005584,,,,,,,,,,,,,,,,,,,,,,,,0.00012037500005135371,12.0,2.0,0.0049630000000888685,0.0020659169999817095,0.0004332920000251761,0.00022483300006115314,1.1207999932594248e-05,0.026276542000005065
800,0.07071067811865475,8,Random Projection,8.816796379750981,0.10999999999999999,0.00422898612207754,0.029939250000097672,0.007098334000033901,0.08717095800000152,0.00013583400004790747,0.0017411249999668144,0.0009286670000392405,0.00042420800002673786,0.00048504200003662845,0.0002456660000689226,1.1209000035705685e-05,0.025962374999949134,0.029939250000097672,0.02993412600017109,5.123999926581746e-06,0.1242085420001331,,,,,,,,,,,,,,,,,,,,,,,,,,,,,,,,
800,0.07071067811865475,8,Random Sampling,11.50318676331806,0.11249999999999999,0.0012024533078888872,0.06206712499999867,0.007098334000033901,0.11006299999996827,,,,,,,,,0.06206712499999867,0.06206224999993992,4.875000058746082e-06,0.17922845900000084,0.0025806669999610676,0.004225292000000991,0.02459916600002998,0.00043791699999928824,0.0011177919999454389,0.029101416000003155,,,,,,,,,,,,,,,,,,,,,,,,,,
800,0.07071067811865475,8,Non-random,12.640772263612163,0.035,0.0013643218813452485,0.2665041249999831,0.007098334000033901,0.11105320800004392,,,,,,,,,0.2665041249999831,0.2665012080000224,2.9169999606892816e-06,0.38465566700006093,,,,,,,0.24321120800004792,0.023103832999936458,0.00018616700003804,,,,,,,,,,,,,,,,,,,,,,,
800,0.07071067811865475,8,CountSketch,9.01209752489389,0.095,0.0029984792903496246,0.029981084000041847,0.007098334000033901,0.1052059169999211,,,,,,,,,0.029981084000041847,0.03113366600007339,0.0,0.14228533499999685,,,,,,,,,,6.691699991279165e-05,12.0,56.0,77.0,0.0,0.0011847499999930733,0.0011847499999930733,0.0021074580000686183,0.0012600840000231983,0.0006940410000879638,0.0007863749999614811,0.0003257920000123704,2.2333000060825725e-05,0.023501165999959994,,,,,,,,,
800,0.07071067811865475,8,SIGN Bidirectional,8.74364088651687,0.29000000000000004,0.00789548201577353,0.04013399999996636,0.007098334000033901,0.09137725000005048,,,,,,,,,0.04013399999996636,0.04012583199994424,8.168000022124033e-06,0.13860958400005075,,,,,,,,,,,,,,,,,,,,,,,,0.00012362500001472654,12.0,2.0,0.006295915999999124,0.002695958000003884,0.0005942089999280142,0.00026904100002411724,1.3458000012178672e-05,0.030133624999962194
800,0.07071067811865475,9,Random Projection,8.716781463542357,0.14250000000000002,0.004804628310920808,0.03043866699999853,0.007175833000019338,0.08982191699999476,0.00011816599999292521,0.0018931669999346923,0.0010995830000410933,0.00045216599994546414,0.000605999999947926,0.0002948750000086875,2.4374999952669896e-05,0.025937958999975308,0.03043866699999853,0.030426290999798766,1.2376000199765258e-05,0.12743641700001263,,,,,,,,,,,,,,,,,,,,,,,,,,,,,,,,
800,0.07071067811865475,9,Random Sampling,11.424632191986113,0.1375,0.0019085425808737233,0.06886883300001045,0.007175833000019338,0.11353074999999535,,,,,,,,,0.06886883300001045,0.06886216600003081,6.666999979643151e-06,0.18957541600002514,0.0031302910000476913,0.004296292000049107,0.024812249999968117,0.00040004100003443455,0.0011208329999590205,0.03510245899997244,,,,,,,,,,,,,,,,,,,,,,,,,,
800,0.07071067811865475,9,Non-random,12.69956565673203,0.0325,0.0003321828065402793,0.2680323340000541,0.007175833000019338,0.09796008299997538,,,,,,,,,0.2680323340000541,0.2680257919998894,6.542000164699857e-06,0.37316825000004883,,,,,,,0.24545558299996628,0.022217958999931398,0.00035224999999172724,,,,,,,,,,,,,,,,,,,,,,,
800,0.07071067811865475,9,CountSketch,8.648206167685728,0.10500000000000001,0.0035460766096101076,0.033813374999908774,0.007175833000019338,0.09150658300006853,,,,,,,,,0.033813374999908774,0.035005043999944974,0.0,0.13249579099999664,,,,,,,,,,7.195799992132379e-05,12.0,56.0,81.0,0.0,0.0012223749999975553,0.0012223749999975553,0.001333833999979106,0.0009173340000643293,0.0003821669999979349,0.0005095419999179285,0.00029683299999305746,2.9084000061629922e-05,0.029019542000014553,,,,,,,,,
800,0.07071067811865475,9,SIGN Bidirectional,8.710768321377108,0.32,0.007586804955490176,0.03887708299998849,0.007175833000019338,0.0909598340000457,,,,,,,,,0.03887708299998849,0.038866917000177637,1.0165999810851645e-05,0.13701275000005353,,,,,,,,,,,,,,,,,,,,,,,,0.00012595800001236057,12.0,2.0,0.005224625000096239,0.0022741669999959413,0.0006120839999539385,0.00025545800008330843,1.2209000033180928e-05,0.030362416000002668
800,0.07071067811865475,10,Random Projection,8.31398122973538,0.125,0.005909345613148431,0.030423125000083928,0.007188250000012886,0.0886840000000575,0.0001348749999579013,0.001628541999934896,0.0012328340000067328,0.0004502499999716747,0.00047904199993809016,0.0002858340000102544,2.0541000026241818e-05,0.02618229099994096,0.030423125000083928,0.03041420899978675,8.916000297176652e-06,0.1262953750001543,,,,,,,,,,,,,,,,,,,,,,,,,,,,,,,,
800,0.07071067811865475,10,Random Sampling,10.676884751182776,0.1,0.0015815592207057277,0.06427491700003429,0.007188250000012886,0.11321029200007615,,,,,,,,,0.06427491700003429,0.06426833300008639,6.583999947906705e-06,0.18467345900012333,0.0025770419999844307,0.0042447920000086015,0.025015790999987075,0.0004362910000281772,0.0011171670000749145,0.030877250000003187,,,,,,,,,,,,,,,,,,,,,,,,,,
800,0.07071067811865475,10,Non-random,12.555988830498727,0.0675,0.0017736118230676778,0.2647142910000184,0.007188250000012886,0.0944009580000511,,,,,,,,,0.2647142910000184,0.26471037400017394,3.9169998444776866e-06,0.3663034990000824,,,,,,,0.24429329100007635,0.020238958000049934,0.00017812500004765752,,,,,,,,,,,,,,,,,,,,,,,
800,0.07071067811865475,10,CountSketch,8.270057583375772,0.14250000000000002,0.005494918168240437,0.03200858299999254,0.007188250000012886,0.08742962500002704,,,,,,,,,0.03200858299999254,0.03323087299997951,0.0,0.12662645800003247,,,,,,,,,,7.158300002174656e-05,12.0,55.0,81.0,0.0,0.0012510829999428097,0.0012510829999428097,0.001416208000023289,0.0011596250000138753,0.0004228750000265791,0.0004818329999807247,0.00026837500001875014,1.1458000017228187e-05,0.026896749999991698,,,,,,,,,
800,0.07071067811865475,10,SIGN Bidirectional,8.877707414895273,0.4225,0.011281601720114061,0.04125654099993881,0.007188250000012886,0.08801395899990894,,,,,,,,,0.04125654099993881,0.04124758400007522,8.956999863585224e-06,0.13645874999986063,,,,,,,,,,,,,,,,,,,,,,,,0.0001240000000279906,12.0,2.0,0.004984458000080849,0.0021269589999519667,0.0005175000000008367,0.0002759579999747075,2.1083999968141143e-05,0.03319762500007073
800,0.07071067811865475,11,Random Projection,8.180977740873562,0.1225,0.00487715014147759,0.027730541999972047,0.007128082999997787,0.08702658300001076,0.00011891700000887795,0.0016823329999624548,0.000917791999995643,0.00045375000001968147,0.0005863749998979984,0.0002825829999437701,2.212499998677231e-05,0.023659333000068727,0.027730541999972047,0.027723207999883925,7.334000088121684e-06,0.1218852079999806,,,,,,,,,,,,,,,,,,,,,,,,,,,,,,,,
800,0.07071067811865475,11,Random Sampling,10.763536489684912,0.115,0.0021256093237525253,0.06503516600002968,0.007128082999997787,0.10971312499998476,,,,,,,,,0.06503516600002968,0.0650280429998702,7.1230001594813075e-06,0.18187637400001222,0.002593165999996927,0.0042382089999364325,0.025421542000003683,0.00036924999994880636,0.0013271669999994629,0.031078708999984883,,,,,,,,,,,,,,,,,,,,,,,,,,
800,0.07071067811865475,11,Non-random,12.668217732288412,0.035,0.0010510266405505814,0.2676639169999362,0.007128082999997787,0.11301433300002373,,,,,,,,,0.2676639169999362,0.2676606250000759,3.2919998602665146e-06,0.3878063329999577,,,,,,,0.2444392909999351,0.023030125000104817,0.00019120900003599672,,,,,,,,,,,,,,,,,,,,,,,
800,0.07071067811865475,11,CountSketch,8.574423813634532,0.0875,0.002764984916505106,0.03060983299997133,0.007128082999997787,0.10996154100007516,,,,,,,,,0.03060983299997133,0.03175883200003682,0.0,0.14769945700004428,,,,,,,,,,6.820799990236992e-05,12.0,56.0,81.0,0.0,0.001177833000042483,0.001177833000042483,0.001823250000029475,0.0008999579999908747,0.000612832999991042,0.0006952500000352302,0.00034416699998018885,2.225000002908928e-05,0.024937249999993583,,,,,,,,,
800,0.07071067811865475,11,SIGN Bidirectional,8.824702975293642,0.19,0.005127943679142072,0.03844137500004763,0.007128082999997787,0.08793716700006371,,,,,,,,,0.03844137500004763,0.038436166999758825,5.208000288803305e-06,0.13350662500010912,,,,,,,,,,,,,,,,,,,,,,,,0.00012191700000130368,12.0,2.0,0.006560624999906395,0.001998208999907547,0.000522790999980316,8.77499999205611e-05,1.1250000056861609e-05,0.02913362499998584
800,0.07071067811865475,12,Random Projection,8.863128957730032,0.1525,0.006081078853088812,0.028996541999958936,0.007110416000045916,0.08756508299995858,0.00011933300004329794,0.0017467909999595577,0.000932499999976244,0.0003861659999984113,0.0005201249999799984,0.00025145800009340746,1.0958000075333985e-05,0.02502437500004362,0.028996541999958936,0.02899170600016987,4.835999789065681e-06,0.12367204099996343,,,,,,,,,,,,,,,,,,,,,,,,,,,,,,,,
800,0.07071067811865475,12,Random Sampling,11.368162252126998,0.15,0.0019506495512128103,0.06386091699994267,0.007110416000045916,0.10988908299998457,,,,,,,,,0.06386091699994267,0.06385633299998972,4.583999952956219e-06,0.18086041599997316,0.002596790999973564,0.004264499999976579,0.025325209000016002,0.0004013330000134374,0.001118667000014284,0.03014983299999585,,,,,,,,,,,,,,,,,,,,,,,,,,
800,0.07071067811865475,12,Non-random,12.652872867800468,0.0675,0.0015616386298914764,0.2815732920000755,0.007110416000045916,0.1152121250000846,,,,,,,,,0.2815732920000755,0.2815682089999427,5.083000132799498e-06,0.40389583300020604,,,,,,,0.25958408299993607,0.021673041999974885,0.0003110840000317694,,,,,,,,,,,,,,,,,,,,,,,
800,0.07071067811865475,12,CountSketch,8.863529130178332,0.11,0.005281277408625065,0.03308245899995654,0.007110416000045916,0.10502250000001823,,,,,,,,,0.03308245899995654,0.03424599900006342,0.0,0.14521537500002069,,,,,,,,,,6.65829999206835e-05,12.0,55.0,84.0,0.0,0.0011969999999337233,0.0011969999999337233,0.002139166999995723,0.0008762080000224159,0.0007036250000282962,0.0007746670000869926,0.00029945800008590595,1.1999999969702912e-05,0.026980291000086254,,,,,,,,,
800,0.07071067811865475,12,SIGN Bidirectional,8.827717373624889,0.32,0.010368777844973004,0.0393512919999921,0.007110416000045916,0.08754933299996992,,,,,,,,,0.0393512919999921,0.03934320800010482,8.08399988727615e-06,0.13401104100000794,,,,,,,,,,,,,,,,,,,,,,,,0.00013204200001837307,12.0,2.0,0.0050499999999829015,0.0025354580000112037,0.0007580830000506467,0.0003297920000022714,2.0833000007769442e-05,0.030517000000031658
800,0.07071067811865475,13,Random Projection,8.78686494500321,0.165,0.007260306544450645,0.029167666000034842,0.007160624999983156,0.08935391600005005,0.00012045799996940332,0.001719166000043515,0.0012137090000123862,0.00046254100004716747,0.00048733400001310656,0.0002633330000207934,2.045799999450537e-05,0.024873249999927793,0.029167666000034842,0.02916024900002867,7.417000006171293e-06,0.12568220700006805,,,,,,,,,,,,,,,,,,,,,,,,,,,,,,,,
800,0.07071067811865475,13,Random Sampling,11.748260607152412,0.185,0.003742361988778614,0.0683723329999566,0.007160624999983156,0.11242566700002499,,,,,,,,,0.0683723329999566,0.06836587499992675,6.4580000298519735e-06,0.18795862499996474,0.002594917000010355,0.004336374999979853,0.024974832999987484,0.0003911669999752121,0.0011231249999354986,0.03494545800003834,,,,,,,,,,,,,,,,,,,,,,,,,,
800,0.07071067811865475,13,Non-random,12.634103756321771,0.0625,0.0009749352527179816,0.2676693339999474,0.007160624999983156,0.11342979199991987,,,,,,,,,0.2676693339999474,0.26766554100004214,3.792999905272154e-06,0.38825975099985044,,,,,,,0.24603945800004112,0.02143433300000197,0.00019174999999904685,,,,,,,,,,,,,,,,,,,,,,,
800,0.07071067811865475,13,CountSketch,8.868679655766048,0.195,0.005956411278347631,0.034696707999955834,0.007160624999983156,0.09182254099994225,,,,,,,,,0.034696707999955834,0.03628416799995193,0.0,0.13367987399988124,,,,,,,,,,0.00011474999996607949,12.0,52.0,83.0,0.0,0.0016407499999786523,0.0016407499999786523,0.001954125000111162,0.001302541999962159,0.000609167000106936,0.0006467079999765701,0.00036804199999096454,2.37089999473028e-05,0.027983624999933454,,,,,,,,,
800,0.07071067811865475,13,SIGN Bidirectional,8.419439731407763,0.20750000000000002,0.006936066740773919,0.03398408299995026,0.007160624999983156,0.0919883750000281,,,,,,,,,0.03398408299995026,0.03397483399999146,9.248999958799686e-06,0.13313308299996152,,,,,,,,,,,,,,,,,,,,,,,,0.00012337500004377944,12.0,2.0,0.004989500000078806,0.0023348749999740903,0.0005608750000192231,0.00030662499989375647,1.1624999956438842e-05,0.025647959000025367
800,0.07071067811865475,14,Random Projection,9.209328120131621,0.1925,0.006760979860121058,0.029400333000012324,0.007149125000069034,0.09022762500001136,0.00012554099998851598,0.001608207999993283,0.0009291669999811347,0.0003915830000096321,0.0004989170000726517,0.0002638329999626876,1.1834000019916857e-05,0.025565082999946753,0.029400333000012324,0.029394165999974575,6.167000037748949e-06,0.12677708300009272,,,,,,,,,,,,,,,,,,,,,,,,,,,,,,,,
800,0.07071067811865475,14,Random Sampling,11.463254494814322,0.09,0.0006625108229722995,0.06560208400003376,0.007149125000069034,0.1126064589999487,,,,,,,,,0.06560208400003376,0.06559441699994295,7.667000090805232e-06,0.1853576680000515,0.0025545830000055503,0.004229624999993575,0.025740666000046986,0.00039716699996006355,0.0016463339999290838,0.031026042000007692,,,,,,,,,,,,,,,,,,,,,,,,,,
800,0.07071067811865475,14,Non-random,12.949994655699003,0.037500000000000006,0.0016238836502925347,0.27817320899998776,0.007149125000069034,0.0971785420000515,,,,,,,,,0.27817320899998776,0.2781692920000296,3.916999958164524e-06,0.3825008760001083,,,,,,,0.2587626669999281,0.019203625000045577,0.00020300000005590846,,,,,,,,,,,,,,,,,,,,,,,
800,0.07071067811865475,14,CountSketch,8.509702094859792,0.195,0.007294484952252073,0.03249329100003706,0.007149125000069034,0.08903362500007006,,,,,,,,,0.03249329100003706,0.03366066599971873,0.0,0.12867604100017616,,,,,,,,,,7.133399992653722e-05,12.0,52.0,80.0,0.0,0.0011971249999760403,0.0011971249999760403,0.001350834000049872,0.0012498329999743873,0.0004595409999410549,0.0004919999998946878,0.0002560410000569391,2.0332999952188402e-05,0.027366499999970983,,,,,,,,,
800,0.07071067811865475,14,SIGN Bidirectional,9.278780973907956,0.3325,0.007834281951423133,0.035970667000015055,0.007149125000069034,0.08769754100001137,,,,,,,,,0.035970667000015055,0.03596050099997683,1.016600003822532e-05,0.13081733300009546,,,,,,,,,,,,,,,,,,,,,,,,0.0001758749999680731,12.0,2.0,0.005894541000088793,0.002364791999980298,0.000509583999928509,0.0002678749999631691,1.187500004107278e-05,0.026735959000006915
800,0.07071067811865475,15,Random Projection,9.29673949245736,0.20750000000000002,0.007652677935450811,0.028539249999994354,0.007159792000038578,0.0875545000000102,0.0001194999999825086,0.0017439169999988735,0.0009189590000460157,0.00039354199998342665,0.000477000000046246,0.00024199999995744292,1.1333000088598055e-05,0.024628041000028134,0.028539249999994354,0.028534292000131245,4.957999863108853e-06,0.12325354200004313,,,,,,,,,,,,,,,,,,,,,,,,,,,,,,,,
800,0.07071067811865475,15,Random Sampling,11.113973884869756,0.11249999999999999,0.0020671596389611607,0.06506824999996752,0.007159792000038578,0.1110070419999829,,,,,,,,,0.06506824999996752,0.06506145700006982,6.792999897697882e-06,0.183235083999989,0.0026003340000215758,0.004246750000106658,0.025679458000013256,0.00037866599996050354,0.0011447910000015327,0.031011457999966296,,,,,,,,,,,,,,,,,,,,,,,,,,
800,0.07071067811865475,15,Non-random,12.630665738858568,0.0475,0.0008869961066070853,0.26528270799997244,0.007159792000038578,0.11140275000002475,,,,,,,,,0.26528270799997244,0.26527900000007776,3.707999894686509e-06,0.3838452500000358,,,,,,,0.24207983300004798,0.023008459000038783,0.00019070799999099108,,,,,,,,,,,,,,,,,,,,,,,
800,0.07071067811865475,15,CountSketch,8.389957035207225,0.14750000000000002,0.00561450669207357,0.031186708999939583,0.007159792000038578,0.10517283300009694,,,,,,,,,0.031186708999939583,0.032294417000002795,0.0,0.1435193340000751,,,,,,,,,,6.816699999490083e-05,12.0,54.0,79.0,0.0,0.0011423329999615817,0.0011423329999615817,0.0020769590000782046,0.0012505000000828659,0.0006532499999138963,0.000753125000073851,0.0003532499999892025,2.3666999936722277e-05,0.02483083300000999,,,,,,,,,
800,0.07071067811865475,15,SIGN Bidirectional,8.411647499105532,0.2425,0.006664942958005654,0.03820554200001425,0.007159792000038578,0.08794224999996914,,,,,,,,,0.03820554200001425,0.0381962100001374,9.331999876849295e-06,0.13330758400002196,,,,,,,,,,,,,,,,,,,,,,,,0.00012179199995898671,12.0,2.0,0.00536779200001547,0.00316391699993801,0.0008125830000835776,0.00033208300010301173,2.2959000034461496e-05,0.02837508400000388
800,0.07071067811865475,16,Random Projection,8.654977163756483,0.13,0.004848156028332315,0.02446474999999282,0.007096416000081263,0.08979708300000766,0.00012295800001993484,0.0015675000000783257,0.0009546249999630163,0.00041516700002830476,0.0005105420000290906,0.0003029580000202259,2.3041000076773344e-05,0.02056004199994277,0.02446474999999282,0.02445683300015844,7.916999834378657e-06,0.12135824900008174,,,,,,,,,,,,,,,,,,,,,,,,,,,,,,,,
800,0.07071067811865475,16,Random Sampling,11.4045234247382,0.16,0.002832204802658389,0.0635133749999568,0.007096416000081263,0.11055512500001896,,,,,,,,,0.0635133749999568,0.06350833400006195,5.040999894845299e-06,0.18116491600005702,0.002597790999971039,0.004234999999994216,0.02431212500005131,0.00037416700001813297,0.0011319589999629898,0.030857292000064263,,,,,,,,,,,,,,,,,,,,,,,,,,
800,0.07071067811865475,16,Non-random,12.68515061064943,0.06,0.0013591841041387803,0.2602128339999581,0.007096416000081263,0.09401162500000737,,,,,,,,,0.2602128339999581,0.2602089170001136,3.9169998444776866e-06,0.3613208750000467,,,,,,,0.23972087499998906,0.02030950000005305,0.00017854200007150212,,,,,,,,,,,,,,,,,,,,,,,
800,0.07071067811865475,16,CountSketch,9.021165073614487,0.2175,0.006197469205721978,0.029285041999969508,0.007096416000081263,0.08897704200001044,,,,,,,,,0.029285041999969508,0.030438375000017004,0.0,0.1253585000000612,,,,,,,,,,7.279199996901298e-05,12.0,55.0,88.0,0.0,0.001181583000061437,0.001181583000061437,0.0013834170000563972,0.0008998749999591382,0.00039837499991790537,0.0004353749999381762,0.0002295000000458458,1.1458000017228187e-05,0.024644416999990426,,,,,,,,,
800,0.07071067811865475,16,SIGN Bidirectional,9.03985574502455,0.4075,0.009675524064433956,0.03731137500005843,0.007096416000081263,0.08664579200001299,,,,,,,,,0.03731137500005843,0.03730550100021901,5.87399983942305e-06,0.13105358300015268,,,,,,,,,,,,,,,,,,,,,,,,0.00012095800002498436,12.0,2.0,0.004957334000096125,0.001985958999966897,0.00038675000007515337,0.0002467500000875589,1.1624999956438842e-05,0.029596125000011853
800,0.07071067811865475,17,Random Projection,7.959054142871273,0.09,0.005255170127912531,0.024944417000028807,0.007120917000065674,0.0867969579999226,0.00011941599996134755,0.001645166999992398,0.0009186660000750635,0.00041699999997035775,0.0005024999999250213,0.00023112500002753222,1.1707999988175288e-05,0.021093833000009,0.024944417000028807,0.024939414999948895,5.00200007991225e-06,0.11886229200001708,,,,,,,,,,,,,,,,,,,,,,,,,,,,,,,,
800,0.07071067811865475,17,Random Sampling,11.15351295475693,0.1375,0.001978097769710155,0.06511779100003423,0.007120917000065674,0.10952229099996202,,,,,,,,,0.06511779100003423,0.06511316699982217,4.624000212061219e-06,0.18176099900006193,0.0025595419999717706,0.004209708999951545,0.02399658299998464,0.00040687499995328835,0.0011311250000289874,0.03280933299993194,,,,,,,,,,,,,,,,,,,,,,,,,,
800,0.07071067811865475,17,Non-random,12.612257486223095,0.05,0.002059197918731645,0.2687215839999908,0.007120917000065674,0.11285437499998352,,,,,,,,,0.2687215839999908,0.2687156249999134,5.95900007738237e-06,0.38869687600004,,,,,,,0.24384566699995958,0.02455833299995902,0.0003116249999948195,,,,,,,,,,,,,,,,,,,,,,,
800,0.07071067811865475,17,CountSketch,8.198995941122423,0.14,0.005835020540902236,0.03181958300001497,0.007120917000065674,0.08909195900002942,,,,,,,,,0.03181958300001497,0.033692833999907634,0.0,0.12803245900011007,,,,,,,,,,0.00011229200003981532,12.0,53.0,78.0,0.0,0.0019260419999227452,0.0019260419999227452,0.0019147499999689899,0.0010065000000167856,0.0006292920000987579,0.0006960829999798079,0.00036170900000342954,1.3207999927544734e-05,0.025106916000027013,,,,,,,,,
800,0.07071067811865475,17,SIGN Bidirectional,8.964028781391352,0.31,0.009648205221673353,0.03604029099994932,0.007120917000065674,0.08787137500007702,,,,,,,,,0.03604029099994932,0.03603375099999084,6.539999958476983e-06,0.13103258300009202,,,,,,,,,,,,,,,,,,,,,,,,0.00012300000003051537,12.0,2.0,0.004982250000011845,0.0020437089999632008,0.00041454199993040675,0.0002728749999505453,1.416700001755089e-05,0.02818320800008678
800,0.07071067811865475,18,Random Projection,8.565292981199821,0.1525,0.005559375315839499,0.02574012499997025,0.007700167000052716,0.09689600000001519,0.00011870799994539993,0.0016835840000339886,0.0009342500000002474,0.00042029200005799794,0.0005378329999530251,0.00026616699994974624,1.220799993006949e-05,0.021760290999964127,0.02574012499997025,0.0257333329998346,6.792000135646958e-06,0.13033629200003816,,,,,,,,,,,,,,,,,,,,,,,,,,,,,,,,
800,0.07071067811865475,18,Random Sampling,11.14736945589129,0.08499999999999999,0.0022345133103316706,0.06462579200001528,0.007700167000052716,0.11331762499992237,,,,,,,,,0.06462579200001528,0.06461862599996948,7.166000045799592e-06,0.18564358399999037,0.002890832999923987,0.0043139590000009775,0.025277500000015607,0.00039600000002337765,0.001162249999993037,0.030578084000012495,,,,,,,,,,,,,,,,,,,,,,,,,,
800,0.07071067811865475,18,Non-random,12.69837069701611,0.03,0.000883141839605403,0.2725187910000386,0.007700167000052716,0.11688174999994771,,,,,,,,,0.2725187910000386,0.272515083999906,3.707000132635585e-06,0.39710070800003905,,,,,,,0.24686016700002256,0.02546308399996633,0.00019183299991709646,,,,,,,,,,,,,,,,,,,,,,,
800,0.07071067811865475,18,CountSketch,8.419073452650526,0.1225,0.0048509911027491,0.032261750000088796,0.007700167000052716,0.09478695899997547,,,,,,,,,0.032261750000088796,0.03362424900001315,0.0,0.13474887600011698,,,,,,,,,,0.00011150000000270666,12.0,58.0,78.0,0.0,0.001413791000004494,0.001413791000004494,0.0021677500000123473,0.0010070419999692604,0.0007527920000711674,0.0005754999999680876,0.000349207999988721,2.1707999962927715e-05,0.025811167000028945,,,,,,,,,
800,0.07071067811865475,18,SIGN Bidirectional,8.979197506934913,0.2875,0.008039042712370326,0.039989290999983496,0.007700167000052716,0.09020483400001922,,,,,,,,,0.039989290999983496,0.03998199999989538,7.2910000881165615e-06,0.13789429200005543,,,,,,,,,,,,,,,,,,,,,,,,0.00012229100002514315,12.0,2.0,0.0049533749999000065,0.002115415999924153,0.0004191250000076252,0.00025583399997231027,1.2083999990863958e-05,0.03210387500007528
800,0.07071067811865475,19,Random Projection,8.617280560969784,0.15250000000000002,0.005754427422364566,0.029699208000010913,0.007707916999947884,0.09469149999995352,0.0001280839999253658,0.0020187500000474756,0.0009749590000183161,0.00051008399998409,0.0005384579999372363,0.000355334000005314,1.754199990955385e-05,0.025148625000042557,0.029699208000010913,0.02969183599986991,7.372000141003809e-06,0.13209862499991232,,,,,,,,,,,,,,,,,,,,,,,,,,,,,,,,
800,0.07071067811865475,19,Random Sampling,11.442830067556056,0.165,0.004549351945787747,0.06941679099998055,0.007707916999947884,0.11073433299998214,,,,,,,,,0.06941679099998055,0.06940991499993743,6.8760000431211665e-06,0.18785904099991058,0.0025930829999651905,0.004254749999972773,0.02512683299994478,0.00037950000000819273,0.001116916000000856,0.035938833000045634,,,,,,,,,,,,,,,,,,,,,,,,,,
800,0.07071067811865475,19,Non-random,12.640815030364356,0.0275,0.0007111134393306129,0.2661897079999562,0.007707916999947884,0.1110726250000198,,,,,,,,,0.2661897079999562,0.26618620899989764,3.499000058582169e-06,0.3849702499999239,,,,,,,0.2412783339999578,0.024729374999992615,0.00017849999994723476,,,,,,,,,,,,,,,,,,,,,,,
800,0.07071067811865475,19,CountSketch,9.213443126074537,0.21,0.006981316956359285,0.031507915999895886,0.007707916999947884,0.08927704099994571,,,,,,,,,0.031507915999895886,0.032650376000219694,0.0,0.12849287399978948,,,,,,,,,,7.108400006927695e-05,12.0,53.0,81.0,0.0,0.0011692500000890504,0.0011692500000890504,0.001804457999924125,0.000989333000006809,0.0007216249999828506,0.0007461249999778374,0.00024337499996818224,1.1584000048969756e-05,0.025724292000063542,,,,,,,,,
800,0.07071067811865475,19,SIGN Bidirectional,9.191023848428312,0.1675,0.0051810698833772845,0.03338004199997613,0.007707916999947884,0.08961091699995904,,,,,,,,,0.03338004199997613,0.03337316900001497,6.872999961160531e-06,0.13069887599988306,,,,,,,,,,,,,,,,,,,,,,,,0.0001244589999487289,12.0,2.0,0.005011917000047106,0.0020253339999953823,0.0004352920000201266,0.0002230000000054133,1.1708999977599888e-05,0.02554145800002061
800,0.07071067811865475,20,Random Projection,8.585911694585514,0.16,0.00525720702840822,0.025948000000084903,0.00714545799996813,0.08819783299998107,0.00011745799997697759,0.0017055000000709697,0.0009298340000896133,0.00040004200002385915,0.000482916999999361,0.00023499999997511622,1.1791000019911735e-05,0.02205912499994156,0.025948000000084903,0.025941667000097368,6.332999987535004e-06,0.12129129100003411,,,,,,,,,,,,,,,,,,,,,,,,,,,,,,,,
800,0.07071067811865475,20,Random Sampling,11.024938987514748,0.10500000000000001,0.002307193885369943,0.06499458300004335,0.00714545799996813,0.10950241699993057,,,,,,,,,0.06499458300004335,0.06498937599997134,5.20700007200503e-06,0.18164245799994205,0.002579874999923959,0.0042975000000069485,0.02436758400006056,0.000413999999977932,0.001118041999916386,0.03221237500008556,,,,,,,,,,,,,,,,,,,,,,,,,,
800,0.07071067811865475,20,Non-random,12.773240453883249,0.0525,0.0005473591783278636,0.26512608299992735,0.00714545799996813,0.11567874999991545,,,,,,,,,0.26512608299992735,0.2651230000000169,3.082999910475337e-06,0.38795029099981093,,,,,,,0.24268337500006965,0.022261249999928623,0.00017837500001860462,,,,,,,,,,,,,,,,,,,,,,,
800,0.07071067811865475,20,CountSketch,8.27959646851421,0.14,0.004270630927212429,0.03022412500001792,0.00714545799996813,0.10630370899991703,,,,,,,,,0.03022412500001792,0.031368374999942716,0.0,0.14367329199990309,,,,,,,,,,6.879099998968741e-05,12.0,51.0,75.0,0.0,0.0011761670000396407,0.0011761670000396407,0.0019718749999810825,0.001253999999903499,0.0006345829999645503,0.0007230420000041704,0.0003407499999639185,2.2000000058142177e-05,0.024000999999998385,,,,,,,,,
800,0.07071067811865475,20,SIGN Bidirectional,8.776428396792749,0.28500000000000003,0.0074858043544207276,0.045363208000026134,0.00714545799996813,0.08740024999997331,,,,,,,,,0.045363208000026134,0.04535108299990043,1.212500012570672e-05,0.13990891599996758,,,,,,,,,,,,,,,,,,,,,,,,0.00017558299998654547,12.0,2.0,0.006797915999982251,0.0031412079999881826,0.0006622920000154409,0.0003131669999447695,2.0500000005085894e-05,0.03424041699997815
1000,0.06324555320336758,1,Random Projection,9.205610374787463,0.096,0.003576559547828921,0.025851041999999325,0.011143291999928806,0.1305333340000061,0.00014662500007034396,0.0024183330000369097,0.001315582999950493,0.0005190409999613621,0.0007112499999948341,0.00025233300004856574,1.366699996196985e-05,0.020469791000095938,0.025851041999999325,0.025846623000120417,4.4189998789079254e-06,0.16752766799993424,,,,,,,,,,,,,,,,,,,,,,,,,,,,,,,,
1000,0.06324555320336758,1,Random Sampling,11.585036888551912,0.086,0.001528076730088923,0.0756624580000107,0.011143291999928806,0.16017541700000493,,,,,,,,,0.0756624580000107,0.0756549160000759,7.541999934801424e-06,0.24698116699994443,0.003969833000041945,0.006931917000088106,0.03030770800000937,0.0004933750000191139,0.0017568749999554711,0.032195207999961895,,,,,,,,,,,,,,,,,,,,,,,,,,
1000,0.06324555320336758,1,Non-random,13.353160402263676,0.03,0.0009325504443425184,0.35127937499999007,0.011143291999928806,0.17627279099997395,,,,,,,,,0.35127937499999007,0.3512759159999632,3.4590000268508447e-06,0.5386954579998928,,,,,,,0.32727745800002594,0.023700791999999637,0.0002976659999376352,,,,,,,,,,,,,,,,,,,,,,,
1000,0.06324555320336758,1,CountSketch,9.606854799180294,0.164,0.005998029375116468,0.03934437499992782,0.011143291999928806,0.17207454100002906,,,,,,,,,0.03934437499992782,0.04172108299997035,0.0,0.2225622079998857,,,,,,,,,,0.0001179170000114027,12.0,67.0,95.0,0.0,0.0024262079999743946,0.0024262079999743946,0.0022992909999857147,0.0015926249999438369,0.0008787080000729475,0.0006549999999378997,0.00024404199996297393,1.3875000036023266e-05,0.03106720900007076,,,,,,,,,
1000,0.06324555320336758,1,SIGN Bidirectional,9.194721884229095,0.274,0.007424365867600605,0.04441841599998497,0.011143291999928806,0.1411137919999419,,,,,,,,,0.04441841599998497,0.044408416999999645,9.998999985327828e-06,0.19667549999985567,,,,,,,,,,,,,,,,,,,,,,,,0.00015170799997576978,12.0,2.0,0.00914324999996552,0.004170084000065799,0.0009013750000121945,0.0002574579999645721,1.4666999959445093e-05,0.029769875000056345
1000,0.06324555320336758,2,Random Projection,9.185500290190163,0.136,0.006269566581254583,0.033305208000001585,0.011309084000004077,0.14170112500005416,0.00015437499996551196,0.0026729579999482667,0.0013156249999610736,0.0005979589999469681,0.0007871249999880092,0.0002605829999993148,1.6457999890917563e-05,0.02749149999999645,0.033305208000001585,0.03329658299969651,8.625000305073627e-06,0.18631541700005982,,,,,,,,,,,,,,,,,,,,,,,,,,,,,,,,
1000,0.06324555320336758,2,Random Sampling,11.594189745753345,0.10200000000000001,0.002659326685843358,0.08423145800009024,0.011309084000004077,0.18329416599999604,,,,,,,,,0.08423145800009024,0.08421849900003053,1.295900005970907e-05,0.27883470800009036,0.004981458000088423,0.007648874999972577,0.03308358300000691,0.0005942079999385896,0.0017467910000732445,0.03616358399995079,,,,,,,,,,,,,,,,,,,,,,,,,,
1000,0.06324555320336758,2,Non-random,13.320115270145756,0.024,0.0017136480746160893,0.3645117500000197,0.011309084000004077,0.16025933299999906,,,,,,,,,0.3645117500000197,0.364507916999969,3.833000050690316e-06,0.5360801670000228,,,,,,,0.3401128340000241,0.02411666599994078,0.0002784170000040831,,,,,,,,,,,,,,,,,,,,,,,
1000,0.06324555320336758,2,CountSketch,10.57881341252962,0.20800000000000002,0.00902239192046951,0.034153749999973115,0.011309084000004077,0.14241791699998885,,,,,,,,,0.034153749999973115,0.035793167000065296,0.0,0.18788075099996604,,,,,,,,,,0.0001179170000114027,12.0,74.0,96.0,0.0,0.001685625000050095,0.001685625000050095,0.002120540999953846,0.0014849169999706646,0.0006292080000775968,0.0007010000000491345,0.00032299999998031126,1.4374999977917469e-05,0.027030958999944232,,,,,,,,,
1000,0.06324555320336758,2,SIGN Bidirectional,10.158991792445255,0.344,0.00964909191738516,0.04441308399998434,0.011309084000004077,0.14518650000002253,,,,,,,,,0.04441308399998434,0.044403956999985894,9.126999998443353e-06,0.20090866800001095,,,,,,,,,,,,,,,,,,,,,,,,0.00015233299995998095,12.0,2.0,0.007635790999984238,0.0032851250000476284,0.0009081250000235741,0.00031462499998724525,1.391600005717919e-05,0.03209404199992605
1000,0.06324555320336758,3,Random Projection,8.713762615095247,0.10400000000000001,0.004448227716061612,0.02822870900001817,0.012301458000024468,0.12982112499992127,0.00022058300010030507,0.0024531659998956457,0.0016722919999665464,0.0006434580000131973,0.000667333000023973,0.0002692499999739084,1.658300004692137e-05,0.022278208999978233,0.02822870900001817,0.02822087399999873,7.835000019440486e-06,0.1703512919999639,,,,,,,,,,,,,,,,,,,,,,,,,,,,,,,,
1000,0.06324555320336758,3,Random Sampling,12.04351293703156,0.098,0.001728877335266582,0.07648649999998725,0.012301458000024468,0.1612085000000434,,,,,,,,,0.07648649999998725,0.07647824899993338,8.25100005386048e-06,0.2499964580000551,0.003968290999978308,0.00947979199997917,0.029426124999986314,0.0004996670000991799,0.0016631659999575277,0.031441207999932885,,,,,,,,,,,,,,,,,,,,,,,,,,
1000,0.06324555320336758,3,Non-random,13.520099677626556,0.036,0.0012652055087341713,0.34492016600006536,0.012301458000024468,0.1744264999999814,,,,,,,,,0.34492016600006536,0.3449156249999987,4.541000066637935e-06,0.5316481240000712,,,,,,,0.3222814580000204,0.022132291999923837,0.0005018750000544969,,,,,,,,,,,,,,,,,,,,,,,
1000,0.06324555320336758,3,CountSketch,9.304494475464278,0.11000000000000001,0.0045517027695750265,0.03729429200006962,0.012301458000024468,0.13221045900002082,,,,,,,,,0.03729429200006962,0.03962253999998211,0.0,0.1818062090001149,,,,,,,,,,0.00011745800009066443,12.0,70.0,98.0,0.0,0.0023791669999582155,0.0023791669999582155,0.0033089580000478236,0.0018145830000548813,0.0009098750000475775,0.0011987079999471462,0.00034058299991102103,2.5958000037462625e-05,0.027148082999929102,,,,,,,,,
1000,0.06324555320336758,3,SIGN Bidirectional,9.238216313043948,0.14,0.0038221072242796347,0.033675333000019236,0.012301458000024468,0.13375299999995605,,,,,,,,,0.033675333000019236,0.03366729199990459,8.041000114644703e-06,0.17972979099999975,,,,,,,,,,,,,,,,,,,,,,,,0.0001513339999519303,12.0,2.0,0.007453917000020738,0.00302866599997742,0.0006768329999431444,0.00026050000008126517,1.3999999964653398e-05,0.02208204199996544
1000,0.06324555320336758,4,Random Projection,9.155913122416226,0.08399999999999999,0.0035910192609057492,0.029096916999947098,0.01336316699996587,0.12961125000003904,0.00017262500000470027,0.0032365410000920747,0.001365332999966995,0.0008242080000400165,0.0007522500000050059,0.00029058299992357206,1.416700001755089e-05,0.022431792000020323,0.029096916999947098,0.029087499000070238,9.41799987685954e-06,0.172071333999952,,,,,,,,,,,,,,,,,,,,,,,,,,,,,,,,
1000,0.06324555320336758,4,Random Sampling,11.033940610770612,0.086,0.0010008505809021642,0.07377874999997402,0.01336316699996587,0.1653964579999183,,,,,,,,,0.07377874999997402,0.07377237499986222,6.375000111802365e-06,0.2525383749998582,0.003952791999950023,0.006565708000039194,0.030645624999920074,0.0005015419999381265,0.0016579580000097849,0.03044875000000502,,,,,,,,,,,,,,,,,,,,,,,,,,
1000,0.06324555320336758,4,Non-random,13.363983909703418,0.027999999999999997,0.0011234821527251054,0.36005904199998895,0.01336316699996587,0.1442190830000527,,,,,,,,,0.36005904199998895,0.3600536239998746,5.418000114332244e-06,0.5176412920000075,,,,,,,0.33655995799995253,0.023007040999914352,0.00048662500000773434,,,,,,,,,,,,,,,,,,,,,,,
1000,0.06324555320336758,4,CountSketch,9.125994316215248,0.094,0.003932710747057332,0.029669541999965077,0.01336316699996587,0.14224545800004762,,,,,,,,,0.029669541999965077,0.031233084000064082,0.0,0.18527816699997857,,,,,,,,,,7.574999995085818e-05,12.0,62.0,94.0,0.0,0.0016094999999722859,0.0016094999999722859,0.0019655830000147034,0.0013182920000645026,0.0005911250000281143,0.0006429999999681968,0.00024966700004824816,1.3500000022759195e-05,0.023157167000022127,,,,,,,,,
1000,0.06324555320336758,4,SIGN Bidirectional,8.95379247722464,0.158,0.004379537972228446,0.03962625000008302,0.01336316699996587,0.13333908399999927,,,,,,,,,0.03962625000008302,0.039617041000042263,9.2090000407552e-06,0.18632850100004816,,,,,,,,,,,,,,,,,,,,,,,,0.00015058299993597757,12.0,2.0,0.007602541999972345,0.0034838330000184214,0.0007934580000892311,0.00026750000006359187,1.5624999946339813e-05,0.027303500000016356
1000,0.06324555320336758,5,Random Projection,9.135922940278071,0.062,0.001766152319332727,0.02903204199992615,0.013219542000001638,0.13533099999995102,0.00015024999993329402,0.002476540999964527,0.0013241670000070371,0.0006364160000202901,0.0007582499999898573,0.00041770799998630537,3.5249999996267434e-05,0.02322495800001434,0.02903204199992615,0.029023539999911918,8.50200001423218e-06,0.1775825839998788,,,,,,,,,,,,,,,,,,,,,,,,,,,,,,,,
1000,0.06324555320336758,5,Random Sampling,12.103150802539618,0.082,0.0008845089783821591,0.07705345900001248,0.013219542000001638,0.16258462500002224,,,,,,,,,0.07705345900001248,0.07704545800004325,8.000999969226541e-06,0.25285762600003636,0.003987208000012288,0.00657699999999295,0.03198174999999992,0.0005284159999519034,0.0017228750000413129,0.03224820900004488,,,,,,,,,,,,,,,,,,,,,,,,,,
1000,0.06324555320336758,5,Non-random,13.561169818540776,0.026,0.0007397544183036786,0.35287058300002627,0.013219542000001638,0.14344600000003993,,,,,,,,,0.35287058300002627,0.35286550000000716,5.08300001911266e-06,0.5095361250000678,,,,,,,0.33012045800001033,0.022446999999942818,0.0002980420000540107,,,,,,,,,,,,,,,,,,,,,,,
1000,0.06324555320336758,5,CountSketch,8.994340938077087,0.048,0.0017407211731131148,0.027260291000061443,0.013219542000001638,0.1363981250000279,,,,,,,,,0.027260291000061443,0.028921415000240813,0.0,0.17687795800009098,,,,,,,,,,8.345800006281934e-05,12.0,72.0,94.0,0.0,0.0016961250000804284,0.0016961250000804284,0.0022738750000144137,0.001356582999960665,0.0007044159999622934,0.0007259579999754351,0.00025262500003009336,1.587500003097375e-05,0.020116375000043263,,,,,,,,,
1000,0.06324555320336758,5,SIGN Bidirectional,9.276964040639863,0.198,0.004504291759546676,0.037036750000083885,0.013219542000001638,0.1327371669999593,,,,,,,,,0.037036750000083885,0.03702654000005623,1.0210000027655042e-05,0.18299345900004482,,,,,,,,,,,,,,,,,,,,,,,,0.00015383300001303724,12.0,2.0,0.007198000000016691,0.003179541000008612,0.0006622910000260163,0.0002588329999753114,1.499999996212864e-05,0.025559042000054433
1000,0.06324555320336758,6,Random Projection,10.109189910762204,0.188,0.005978179234812989,0.029721207999955368,0.01102562499988835,0.1307827499999803,0.00014670799998839357,0.0024081660000092597,0.0013000420000253143,0.0005302499999970678,0.0007191250000460059,0.00025016699999014236,1.3999999964653398e-05,0.02434662500002105,0.029721207999955368,0.029715083000041886,6.124999913481588e-06,0.17152958299982402,,,,,,,,,,,,,,,,,,,,,,,,,,,,,,,,
1000,0.06324555320336758,6,Random Sampling,11.945234218548581,0.09,0.0007238065907278629,0.07905641599995761,0.01102562499988835,0.15834812499997497,,,,,,,,,0.07905641599995761,0.07904991700013397,6.498999823634222e-06,0.24843016599982093,0.003964874999951462,0.008548500000074455,0.03163787500000126,0.0008026670000162994,0.0016740830000117057,0.03242191700007879,,,,,,,,,,,,,,,,,,,,,,,,,,
1000,0.06324555320336758,6,Non-random,13.457428504220653,0.024,0.000477853530906,0.3480579160000161,0.01102562499988835,0.1772758749999639,,,,,,,,,0.3480579160000161,0.348054540000021,3.375999995114398e-06,0.5363594159998684,,,,,,,0.326928415999987,0.020828958000038256,0.000297165999995741,,,,,,,,,,,,,,,,,,,,,,,
1000,0.06324555320336758,6,CountSketch,9.143287998858975,0.10200000000000001,0.003947845529708158,0.03485087499996098,0.01102562499988835,0.16111116700005823,,,,,,,,,0.03485087499996098,0.036417917000335365,0.0,0.20698766699990756,,,,,,,,,,7.391700000880519e-05,12.0,69.0,100.0,0.0,0.0016017500000771179,0.0016017500000771179,0.0035103339999977834,0.0018082910000885022,0.0010519999999587526,0.001208249999990585,0.0003663749999986976,2.6292000029570772e-05,0.025168958000108432,,,,,,,,,
1000,0.06324555320336758,6,SIGN Bidirectional,9.096694815695642,0.134,0.0032512583551236873,0.038917959000059454,0.01102562499988835,0.16515349999997397,,,,,,,,,0.038917959000059454,0.03890829100009796,9.667999961493479e-06,0.21509708399992178,,,,,,,,,,,,,,,,,,,,,,,,0.00014899999996487168,12.0,2.0,0.009001624999996238,0.004360833000077946,0.0008858329999839043,0.0003129579999949783,2.5833999984570255e-05,0.024172208000095452
1000,0.06324555320336758,7,Random Projection,8.9913523802226,0.057999999999999996,0.0019392758818708583,0.029263000000014472,0.011381416000062927,0.16767200000003868,0.00015141699998366676,0.003960083000038139,0.0012992499999882057,0.0007514999999784777,0.0008362920000308804,0.00024033299996517599,1.3499999909072358e-05,0.022005333000038263,0.029263000000014472,0.02925770799993188,5.2920000825906754e-06,0.20831641600011608,,,,,,,,,,,,,,,,,,,,,,,,,,,,,,,,
1000,0.06324555320336758,7,Random Sampling,11.4367059763119,0.10200000000000001,0.0018064048680410394,0.07854708299998947,0.011381416000062927,0.1956887909999523,,,,,,,,,0.07854708299998947,0.0785374590000174,9.623999972063757e-06,0.2856172900000047,0.003956333000019185,0.006560833999969873,0.03250750000006519,0.000810749999914151,0.0019785419999607257,0.03272350000008828,,,,,,,,,,,,,,,,,,,,,,,,,,
1000,0.06324555320336758,7,Non-random,13.387648967803367,0.032,0.0004872898152934041,0.33118166700000984,0.011381416000062927,0.17641300000002502,,,,,,,,,0.33118166700000984,0.33117874999993546,2.9170000743761193e-06,0.5189760830000978,,,,,,,0.3087570829999322,0.02212433299996519,0.0002973340000380631,,,,,,,,,,,,,,,,,,,,,,,
1000,0.06324555320336758,7,CountSketch,9.249917760899859,0.16199999999999998,0.004725478208870176,0.0379862919999141,0.011381416000062927,0.1329780830000118,,,,,,,,,0.0379862919999141,0.04028787600009309,0.0,0.18234579099998882,,,,,,,,,,0.00011970800005656201,12.0,73.0,95.0,0.0,0.002359209000019291,0.002359209000019291,0.0031013340000072276,0.0014480830000138667,0.0009177079999744819,0.0011379170000509475,0.0004353330000412825,1.6957999946498603e-05,0.028392416999963643,,,,,,,,,
1000,0.06324555320336758,7,SIGN Bidirectional,10.4462844062658,0.474,0.00909260745308265,0.040137167000011686,0.011381416000062927,0.13436183300007087,,,,,,,,,0.040137167000011686,0.04012675199999194,1.0415000019747822e-05,0.1858804160001455,,,,,,,,,,,,,,,,,,,,,,,,0.00015324999992571975,12.0,2.0,0.007586625000044478,0.0030382090000102835,0.0007458340000994212,0.00023658399993564672,1.379200000428682e-05,0.028352457999972103
1000,0.06324555320336758,8,Random Projection,9.312811753474607,0.10800000000000001,0.0030527439497496298,0.02927875000000313,0.011027000000012777,0.13481412500004808,0.00017320799997833092,0.002884833000052822,0.001708291999989342,0.0006654999999682332,0.0008003749999261345,0.0003198340000380995,1.670800008923834e-05,0.02270079100003386,0.02927875000000313,0.02926954100007606,9.208999927068362e-06,0.17511987500006398,,,,,,,,,,,,,,,,,,,,,,,,,,,,,,,,
1000,0.06324555320336758,8,Random Sampling,11.334993693897166,0.082,0.0012130502433081933,0.07666362500003743,0.011027000000012777,0.16536116600002515,,,,,,,,,0.07666362500003743,0.07665541500011841,8.209999919017719e-06,0.25305179100007535,0.003989791000094556,0.0065622079999911875,0.032266208999999435,0.0006032080000295537,0.001720957999964412,0.031513041000039266,,,,,,,,,,,,,,,,,,,,,,,,,,
1000,0.06324555320336758,8,Non-random,13.580874399489856,0.034,0.0007011186915446832,0.35376899999994293,0.011027000000012777,0.15051649999998062,,,,,,,,,0.35376899999994293,0.3537653760000694,3.623999873525463e-06,0.5153124999999363,,,,,,,0.32969762499999433,0.02379183400000784,0.0002759170000672384,,,,,,,,,,,,,,,,,,,,,,,
1000,0.06324555320336758,8,CountSketch,9.063930679864177,0.064,0.0020703448390047632,0.028243750000001455,0.011027000000012777,0.1382510830000001,,,,,,,,,0.028243750000001455,0.029768498000066757,0.0,0.17752183300001434,,,,,,,,,,7.791699999870616e-05,12.0,65.0,96.0,0.0,0.0015568329999950947,0.0015568329999950947,0.002041125000005195,0.001388499999961823,0.000736625000058666,0.0007060410000576667,0.00029887499999858846,1.5082999993865087e-05,0.021390666000002057,,,,,,,,,
1000,0.06324555320336758,8,SIGN Bidirectional,9.33294771945004,0.23199999999999998,0.006087066812514315,0.039967875000002095,0.011027000000012777,0.13394158400001288,,,,,,,,,0.039967875000002095,0.03995616699990023,1.1708000101862126e-05,0.18493645900002775,,,,,,,,,,,,,,,,,,,,,,,,0.00015287499991245568,12.0,2.0,0.007418583999992734,0.0033821659999375697,0.0007517500000631117,0.000277541999935238,3.1625000019630534e-05,0.027941625000039494
1000,0.06324555320336758,9,Random Projection,8.73269757108798,0.10400000000000001,0.005193969945686196,0.03022058300007302,0.010991624999974192,0.13040983399992,0.0001519999999572974,0.002548958000033963,0.0012989159999960975,0.000587708000011844,0.0006790830000227288,0.0002328750000515356,1.3167000020075648e-05,0.024701709000055416,0.03022058300007302,0.030214416000148958,6.166999924062111e-06,0.17162204199996722,,,,,,,,,,,,,,,,,,,,,,,,,,,,,,,,
1000,0.06324555320336758,9,Random Sampling,11.410883646211907,0.07200000000000001,0.001859687948740342,0.07112908299995979,0.010991624999974192,0.16150562499990428,,,,,,,,,0.07112908299995979,0.07112304000020231,6.042999757482903e-06,0.24362633299983827,0.003958041000032608,0.007247333000009348,0.02978500000006079,0.0005587499999819556,0.0016829160000497723,0.027891000000067834,,,,,,,,,,,,,,,,,,,,,,,,,,
1000,0.06324555320336758,9,Non-random,13.5105379004577,0.02,0.0007655532033675819,0.34359366699993643,0.010991624999974192,0.1877150000000256,,,,,,,,,0.34359366699993643,0.34358833300007063,5.333999865797523e-06,0.5423002919999362,,,,,,,0.32382795800003805,0.01927308400001948,0.00048729100001310144,,,,,,,,,,,,,,,,,,,,,,,
1000,0.06324555320336758,9,CountSketch,8.725434909469937,0.092,0.004314495925459211,0.03519149999999627,0.010991624999974192,0.16183791599996766,,,,,,,,,0.03519149999999627,0.03712300000017876,0.0,0.20802104099993812,,,,,,,,,,0.00011625000001913577,12.0,65.0,101.0,0.0,0.0019834170000194717,0.0019834170000194717,0.002183500000001004,0.0017257499999914216,0.0009131670000215308,0.0010840830000233836,0.0003370829999767011,2.5625000034779077e-05,0.026770708000071863,,,,,,,,,
1000,0.06324555320336758,9,SIGN Bidirectional,9.550751657549075,0.23,0.007252719959596296,0.042587958000012804,0.010991624999974192,0.13168504199995823,,,,,,,,,0.042587958000012804,0.04257754000002478,1.041799998802162e-05,0.18526462499994523,,,,,,,,,,,,,,,,,,,,,,,,0.00015045800000734744,12.0,2.0,0.009908332999998493,0.0036733749999484644,0.0009201660000144329,0.0003276249999544234,2.5708000066515524e-05,0.027571875000035106
1000,0.06324555320336758,10,Random Projection,8.845595330317817,0.12,0.004740233966717425,0.029390917000000627,0.011018916000011814,0.1314937079999936,0.00016649999997753184,0.002413749999959691,0.001599833000000217,0.0005932919999622754,0.0007027920000837184,0.0002577079999355192,1.3667000075656688e-05,0.02363575000003948,0.029390917000000627,0.02938329200003409,7.624999966537871e-06,0.17190354100000604,,,,,,,,,,,,,,,,,,,,,,,,,,,,,,,,
1000,0.06324555320336758,10,Random Sampling,11.867196660702755,0.108,0.002343897986717601,0.0727329160000636,0.011018916000011814,0.15975554199997077,,,,,,,,,0.0727329160000636,0.072727623999981,5.2920000825906754e-06,0.24350737400004618,0.003957750000040505,0.0065332080000644055,0.02936024999996789,0.0004958749999559586,0.001715166000053614,0.03066537499989863,,,,,,,,,,,,,,,,,,,,,,,,,,
1000,0.06324555320336758,10,Non-random,13.381959346991447,0.05,0.0008203007771348594,0.3456705419999935,0.011018916000011814,0.17554000000006909,,,,,,,,,0.3456705419999935,0.34566662600002473,3.915999968739925e-06,0.5322294580000744,,,,,,,0.321155167000029,0.024091709000003902,0.0004197499999918364,,,,,,,,,,,,,,,,,,,,,,,
1000,0.06324555320336758,10,CountSketch,9.166921862498688,0.122,0.004427154820918801,0.03884295900002144,0.011018916000011814,0.13431624999998348,,,,,,,,,0.03884295900002144,0.04116429199996219,0.0,0.18417812500001673,,,,,,,,,,0.00011529200003224105,12.0,71.0,91.0,0.0,0.0023724589999574164,0.0023724589999574164,0.0031344999999873835,0.0017506659999071417,0.0010043749999795182,0.001581041000008554,0.000353291999999783,2.5750000077096047e-05,0.028454458000055638,,,,,,,,,
1000,0.06324555320336758,10,SIGN Bidirectional,8.832542176127703,0.184,0.004990041797261133,0.03869866600007299,0.011018916000011814,0.1345158750000337,,,,,,,,,0.03869866600007299,0.038687999999979183,1.066600009380636e-05,0.1842334570001185,,,,,,,,,,,,,,,,,,,,,,,,0.00015116700001271965,12.0,2.0,0.007552374999931999,0.0034204170000293743,0.000895416000048499,0.00032458299995141715,3.3208999980161025e-05,0.026310833000025013
1000,0.06324555320336758,11,Random Projection,9.255798237245683,0.07,0.002811965773875637,0.02916258300001573,0.010925166999982139,0.13731191599993053,0.00015304200007904,0.0026295000000118307,0.0016831660000207194,0.0006012089999103409,0.0006867499999998472,0.00027450000004591857,2.537499995014514e-05,0.023098290999996607,0.02916258300001573,0.02915183300001445,1.0750000001280569e-05,0.1773996659999284,,,,,,,,,,,,,,,,,,,,,,,,,,,,,,,,
1000,0.06324555320336758,11,Random Sampling,12.175144159796753,0.098,0.0012372964980400733,0.07773683300001721,0.010925166999982139,0.165626833000033,,,,,,,,,0.07773683300001721,0.07773020800016184,6.6249998553757905e-06,0.25428883300003235,0.003977250000048116,0.006593292000047768,0.03191791699998703,0.0005327500000475993,0.0016565829999990456,0.03305241600003228,,,,,,,,,,,,,,,,,,,,,,,,,,
1000,0.06324555320336758,11,Non-random,13.43175875843482,0.027999999999999997,0.00014396631470993404,0.3517266249999693,0.010925166999982139,0.14663433299995177,,,,,,,,,0.3517266249999693,0.3517210410000189,5.583999950431462e-06,0.5092861249999032,,,,,,,0.3289354580000463,0.022288333000005878,0.0004972499999666979,,,,,,,,,,,,,,,,,,,,,,,
1000,0.06324555320336758,11,CountSketch,9.549583095646375,0.15000000000000002,0.0051799719674329656,0.03369325000005574,0.010925166999982139,0.13505833399995026,,,,,,,,,0.03369325000005574,0.0353291229999968,0.0,0.17967675099998814,,,,,,,,,,7.64579999668058e-05,12.0,70.0,105.0,0.0,0.001666207999960534,0.001666207999960534,0.002251417000024958,0.0013016660000175762,0.0005992919999471269,0.0007608330000721253,0.00029591700001674326,1.4458000009653915e-05,0.02669666600002074,,,,,,,,,
1000,0.06324555320336758,11,SIGN Bidirectional,8.999927946706933,0.23399999999999999,0.0066219675209163165,0.037537874999998166,0.010925166999982139,0.1335145000000466,,,,,,,,,0.037537874999998166,0.037529665999954887,8.209000043279957e-06,0.18197754200002692,,,,,,,,,,,,,,,,,,,,,,,,0.00015141599999424216,12.0,2.0,0.007819124999969063,0.0032287079999377966,0.000684292000073583,0.00024495799993928813,1.429200005986786e-05,0.025386874999981046
1000,0.06324555320336758,12,Random Projection,9.449201387346182,0.172,0.0058963901378187925,0.031217875000038475,0.012048583000023427,0.13360595799997554,0.00015429199993377551,0.0026609579999785637,0.001346249999983229,0.0007104579999577254,0.0007884589999775926,0.0003448340000886674,3.5750000051848474e-05,0.025167750000036904,0.031217875000038475,0.031208751000008306,9.124000030169555e-06,0.17687241600003745,,,,,,,,,,,,,,,,,,,,,,,,,,,,,,,,
1000,0.06324555320336758,12,Random Sampling,12.144112591381774,0.126,0.002479064492317419,0.07327525000005153,0.012048583000023427,0.1614675000000716,,,,,,,,,0.07327525000005153,0.07326829200019347,6.957999858059338e-06,0.24679133300014655,0.003965833000052044,0.00654250000002321,0.030815917000040827,0.0005172500000298896,0.0016701670000429658,0.029756625000004533,,,,,,,,,,,,,,,,,,,,,,,,,,
1000,0.06324555320336758,12,Non-random,13.464627369265962,0.041999999999999996,0.0010209035031655753,0.35658366699999533,0.012048583000023427,0.13993725000000268,,,,,,,,,0.35658366699999533,0.3565793749999102,4.292000085115433e-06,0.5085695000000214,,,,,,,0.331281082999908,0.024994999999989886,0.00030329200001233403,,,,,,,,,,,,,,,,,,,,,,,
1000,0.06324555320336758,12,CountSketch,9.424549803647999,0.11599999999999999,0.004387376445171391,0.03102979100003722,0.012048583000023427,0.13113804199997503,,,,,,,,,0.03102979100003722,0.03322891499976777,0.0,0.17421641600003568,,,,,,,,,,0.00011616599999797472,12.0,62.0,102.0,0.0,0.002246499999955631,0.002246499999955631,0.0019915830000627466,0.001350415999922916,0.0005976659999760159,0.0008020419999184014,0.00026233400001274276,1.512500000444561e-05,0.02360058299996126,,,,,,,,,
1000,0.06324555320336758,12,SIGN Bidirectional,9.806578294981506,0.33,0.010093181971982161,0.04062345800002731,0.012048583000023427,0.1336460420000094,,,,,,,,,0.04062345800002731,0.040614500000060616,8.957999966696661e-06,0.18631808300006014,,,,,,,,,,,,,,,,,,,,,,,,0.0001515409999228723,12.0,2.0,0.007521250000081636,0.0031131250000271393,0.0008133750000069995,0.0002590420000387894,1.4541999917128123e-05,0.02874162500006605
1000,0.06324555320336758,13,Random Projection,9.7011133906163,0.178,0.006151320461597075,0.03002787500008708,0.014093083000034312,0.13006658299991614,0.0001467920000095546,0.0023440000001073713,0.0013036670000019512,0.0005280409999386393,0.0006860000000870059,0.00024770799996076676,1.354199991965288e-05,0.024752250000005915,0.03002787500008708,0.030022000000030857,5.8750000562213245e-06,0.17418754100003753,,,,,,,,,,,,,,,,,,,,,,,,,,,,,,,,
1000,0.06324555320336758,13,Random Sampling,11.709399853447412,0.122,0.0031601625103159364,0.07343516599996747,0.014093083000034312,0.1600117500000806,,,,,,,,,0.07343516599996747,0.07342833400002746,6.831999940004607e-06,0.2475399990000824,0.004366375000017797,0.006474249999996573,0.02980937500001346,0.0006437499999947249,0.0016565839999884702,0.030478000000016436,,,,,,,,,,,,,,,,,,,,,,,,,,
1000,0.06324555320336758,13,Non-random,13.390717651337097,0.027999999999999997,0.0020381520587265806,0.3530199580000044,0.014093083000034312,0.18588583400003245,,,,,,,,,0.3530199580000044,0.35301620800009914,3.749999905267032e-06,0.5529988750000712,,,,,,,0.32978620800008684,0.022933292000061556,0.0002967079999507405,,,,,,,,,,,,,,,,,,,,,,,
1000,0.06324555320336758,13,CountSketch,9.975505327788081,0.184,0.007841991098726776,0.03789849999998296,0.014093083000034312,0.12852908399997887,,,,,,,,,0.03789849999998296,0.0394720030001281,0.0,0.18052066699999614,,,,,,,,,,7.441700006438623e-05,12.0,68.0,102.0,0.0,0.001606334000030074,0.001606334000030074,0.0019660419999354417,0.0017712499999333886,0.0010244170000532904,0.001154750000068816,0.0002585839999937889,1.3833000025442743e-05,0.029996041999993395,,,,,,,,,
1000,0.06324555320336758,13,SIGN Bidirectional,9.426824781762562,0.29400000000000004,0.00767570506816178,0.0434535000000551,0.014093083000034312,0.13154683400000522,,,,,,,,,0.0434535000000551,0.04344566600013877,7.833999916329049e-06,0.18909341700009463,,,,,,,,,,,,,,,,,,,,,,,,0.00015112500000213913,12.0,2.0,0.007404000000065025,0.003049459000067145,0.000656499999990956,0.00025933300003089244,1.4415999999073392e-05,0.03191083299998354
1000,0.06324555320336758,14,Random Projection,9.136996555618166,0.057999999999999996,0.0034015637068520524,0.026547124999979133,0.011059292000027199,0.1342575000001034,0.00014908299999660812,0.0026144170000179656,0.0016972079999959533,0.0006804999999303618,0.0009168330000193237,0.0002835840000443568,1.6499999901498086e-05,0.02017875000001368,0.026547124999979133,0.026536874999919746,1.0250000059386366e-05,0.17186391700010972,,,,,,,,,,,,,,,,,,,,,,,,,,,,,,,,
1000,0.06324555320336758,14,Random Sampling,11.880131052041346,0.11000000000000001,0.002386068026775913,0.07672649999994974,0.011059292000027199,0.16436433399996986,,,,,,,,,0.07672649999994974,0.07671975000005204,6.74999989769276e-06,0.2521501259999468,0.003968374999999469,0.0064955830000599235,0.031199832999959654,0.0006182920000128433,0.0016783330000862406,0.032759333999933915,,,,,,,,,,,,,,,,,,,,,,,,,,
1000,0.06324555320336758,14,Non-random,13.379487768034991,0.027999999999999997,0.0012179643900644826,0.3508209579999857,0.011059292000027199,0.1827905830000418,,,,,,,,,0.3508209579999857,0.3508161250001649,4.832999820791883e-06,0.5446708330000547,,,,,,,0.3288862499999823,0.021528333000105704,0.00040154200007691543,,,,,,,,,,,,,,,,,,,,,,,
1000,0.06324555320336758,14,CountSketch,9.047130004062428,0.096,0.0041664288237190095,0.03493158300000232,0.011059292000027199,0.13215300000001662,,,,,,,,,0.03493158300000232,0.03730679199975384,0.0,0.17814387500004614,,,,,,,,,,0.00011695800003508339,12.0,71.0,103.0,0.0,0.002427707999913764,0.002427707999913764,0.002541457999996055,0.001806124999916392,0.0010502919999453297,0.000838667000039095,0.00035066700002062134,2.7124999974148523e-05,0.025720083999999588,,,,,,,,,
1000,0.06324555320336758,14,SIGN Bidirectional,9.218809232491965,0.242,0.007109895955336024,0.03730691700002353,0.011059292000027199,0.13411266700006763,,,,,,,,,0.03730691700002353,0.037298500000019885,8.417000003646535e-06,0.18247887600011836,,,,,,,,,,,,,,,,,,,,,,,,0.0001497079999808193,12.0,2.0,0.007352875000037784,0.0030106660000228658,0.0007372920000534577,0.00028508399998372624,1.3957999954072875e-05,0.02574891699998716
1000,0.06324555320336758,15,Random Projection,8.747199075732658,0.08,0.003769548632057737,0.0296675409999807,0.010830291999923247,0.1319221659999812,0.0001774170000317099,0.0028937079999877824,0.001521624999895721,0.0006143330000440983,0.0007253329999912239,0.0002378340000177559,2.795800003241311e-05,0.023457083000039347,0.0296675409999807,0.02965529100004005,1.2249999940650014e-05,0.17241999899988514,,,,,,,,,,,,,,,,,,,,,,,,,,,,,,,,
1000,0.06324555320336758,15,Random Sampling,11.654765588255264,0.10999999999999999,0.002875009963383003,0.07473237499993957,0.010830291999923247,0.16092025000000376,,,,,,,,,0.07473237499993957,0.07472079199976633,1.1583000173231994e-05,0.24648291699986657,0.003996833999963201,0.006636166999896886,0.03069420799999989,0.0005920419999938531,0.002021082999931423,0.03078045799998108,,,,,,,,,,,,,,,,,,,,,,,,,,
1000,0.06324555320336758,15,Non-random,13.473419792055061,0.038,0.0009928328818304757,0.3578465419999475,0.010830291999923247,0.17136487499999475,,,,,,,,,0.3578465419999475,0.3578427500001453,3.791999802160717e-06,0.5400417089998655,,,,,,,0.3353653750000376,0.022199375000013788,0.00027800000009392534,,,,,,,,,,,,,,,,,,,,,,,
1000,0.06324555320336758,15,CountSketch,8.868685191320965,0.128,0.004599186078104757,0.03366516600010527,0.010830291999923247,0.16394349999995939,,,,,,,,,0.03366516600010527,0.03523383299989291,0.0,0.2084389579999879,,,,,,,,,,7.487499999569991e-05,12.0,65.0,102.0,0.0,0.0016041249999716456,0.0016041249999716456,0.0025447500000836953,0.0017531669999470978,0.000978625000016109,0.0010187079999468551,0.0003585419999581063,2.4875000008250936e-05,0.025272040999993806,,,,,,,,,
1000,0.06324555320336758,15,SIGN Bidirectional,8.658097408661249,0.22,0.005425958649789918,0.04431837499998892,0.010830291999923247,0.16119649999996,,,,,,,,,0.04431837499998892,0.044308580999882,9.794000106921885e-06,0.21634516699987216,,,,,,,,,,,,,,,,,,,,,,,,0.0001513329999625057,12.0,2.0,0.008753165999905832,0.004487790999974095,0.0009624580000036076,0.00029549999999289867,2.4625000037303835e-05,0.029633708000005754
1000,0.06324555320336758,16,Random Projection,8.952629209835038,0.118,0.004601797314563817,0.03212170899996636,0.012700332999997954,0.16502729200010435,0.00014862500006529444,0.0035079169999789883,0.0017334170000822269,0.0008052079999743,0.000942791999932524,0.0003827920000958329,2.6333000050726696e-05,0.024561957999935657,0.03212170899996636,0.03210904200011555,1.266699985080777e-05,0.20984933400006867,,,,,,,,,,,,,,,,,,,,,,,,,,,,,,,,
1000,0.06324555320336758,16,Random Sampling,11.634558716513824,0.08199999999999999,0.0008097999215521401,0.086917541000048,0.012700332999997954,0.19651174999989962,,,,,,,,,0.086917541000048,0.08691070700012915,6.833999918853806e-06,0.2961296239999456,0.003933915999937199,0.007140832999994018,0.0386522920000516,0.0006424580000157221,0.0017238750000387881,0.03481733300009182,,,,,,,,,,,,,,,,,,,,,,,,,,
1000,0.06324555320336758,16,Non-random,13.575709551470943,0.022,0.0017865314486788242,0.3361638330000005,0.012700332999997954,0.1714872079999168,,,,,,,,,0.3361638330000005,0.3361585009998862,5.332000114322e-06,0.5203513739999153,,,,,,,0.3142643339999722,0.02139954199992644,0.0004946249999875363,,,,,,,,,,,,,,,,,,,,,,,
1000,0.06324555320336758,16,CountSketch,9.911979487845155,0.184,0.005849382483034259,0.0353557500000079,0.012700332999997954,0.12734866699997838,,,,,,,,,0.0353557500000079,0.03690954200044416,0.0,0.17540474999998423,,,,,,,,,,7.079200008774933e-05,12.0,67.0,99.0,0.0,0.0015858750000461441,0.0015858750000461441,0.003153584000074261,0.0012908749999951397,0.0007748330000367787,0.0009348749999844586,0.0003584170000294762,2.7458000090518908e-05,0.02712695800005349,,,,,,,,,
1000,0.06324555320336758,16,SIGN Bidirectional,8.69379457259499,0.262,0.006273483717057243,0.03881229099999928,0.012700332999997954,0.1317234580000104,,,,,,,,,0.03881229099999928,0.038802959999998166,9.331000001111533e-06,0.18323608200000763,,,,,,,,,,,,,,,,,,,,,,,,0.00014916700001776917,12.0,2.0,0.006946959000060815,0.0031997920000321756,0.000702374999946187,0.000269457999934275,2.3875000010775693e-05,0.027511333999996168
1000,0.06324555320336758,17,Random Projection,9.443581658071047,0.162,0.005327597543949278,0.02976366699999744,0.010707334000017,0.13553999999999178,0.00016916699996727402,0.0024460829999952693,0.0013345419999950536,0.0005010419999962323,0.0007539169999972728,0.0002559579999115158,1.3749999993706297e-05,0.024282834000018738,0.02976366699999744,0.029757292999875062,6.374000122377765e-06,0.17601100100000622,,,,,,,,,,,,,,,,,,,,,,,,,,,,,,,,
1000,0.06324555320336758,17,Random Sampling,11.888721104979714,0.11,0.0017143481912161099,0.07681108300005235,0.010707334000017,0.16470145799996772,,,,,,,,,0.07681108300005235,0.07680379200007792,7.290999974429724e-06,0.25221987500003706,0.0038937919999852966,0.006496374999983345,0.030746541999974397,0.00047175000008792267,0.001723791000017627,0.03347154200002933,,,,,,,,,,,,,,,,,,,,,,,,,,
1000,0.06324555320336758,17,Non-random,13.590841672826246,0.041999999999999996,0.00041774865886520796,0.35405600000001414,0.010707334000017,0.18250429199997598,,,,,,,,,0.35405600000001414,0.3540507070000558,5.292999958328437e-06,0.5472676260000071,,,,,,,0.3310719160000417,0.022476500000038868,0.0005022909999752301,,,,,,,,,,,,,,,,,,,,,,,
1000,0.06324555320336758,17,CountSketch,10.33490513756033,0.238,0.006234280813885745,0.03900979200000165,0.010707334000017,0.13446941600000173,,,,,,,,,0.03900979200000165,0.04068716600022526,0.0,0.18418654200002038,,,,,,,,,,7.691600001180632e-05,12.0,74.0,101.0,0.0,0.0017229580000730493,0.0017229580000730493,0.0028088340000067546,0.0018156249999492502,0.0010687919999554651,0.0011458330000095884,0.0003963750000366417,2.7250000016465492e-05,0.02990162500009319,,,,,,,,,
1000,0.06324555320336758,17,SIGN Bidirectional,9.384199700053431,0.28600000000000003,0.006949891545985937,0.03993600000001152,0.010707334000017,0.14150000000006457,,,,,,,,,0.03993600000001152,0.03992808300006345,7.916999948065495e-06,0.1921433340000931,,,,,,,,,,,,,,,,,,,,,,,,0.00015225000004193134,12.0,2.0,0.007475375000012718,0.003021583000077044,0.0006937499999821739,0.00029883399997743254,1.5458000007129158e-05,0.028270832999965023
1000,0.06324555320336758,18,Random Projection,9.43592436677638,0.06999999999999999,0.0013617881161029424,0.02732870800002729,0.010974084000054063,0.13796158400009517,0.00015183400000751135,0.002755624999963402,0.0014165420000153972,0.000610625000035725,0.0007729999999810389,0.0002935420000085287,2.4957999926300545e-05,0.021293582999987848,0.02732870800002729,0.02731970899992575,8.999000101539423e-06,0.17626437600017653,,,,,,,,,,,,,,,,,,,,,,,,,,,,,,,,
1000,0.06324555320336758,18,Random Sampling,11.503713487030222,0.07200000000000001,0.00034078734678404804,0.07513300000005074,0.010974084000054063,0.15970837500003654,,,,,,,,,0.07513300000005074,0.07512216600014199,1.0833999908754777e-05,0.24581545900014135,0.003980917000035333,0.0065396250000731015,0.03147220800008199,0.000552541000047313,0.0018036249999795473,0.0307732499999247,,,,,,,,,,,,,,,,,,,,,,,,,,
1000,0.06324555320336758,18,Non-random,13.537390199940926,0.03,0.001051699123470709,0.3438810420000209,0.010974084000054063,0.1426643749999812,,,,,,,,,0.3438810420000209,0.34387729099989883,3.7510001220653066e-06,0.49751950100005615,,,,,,,0.322590708000007,0.02098654099995656,0.00030004199993527436,,,,,,,,,,,,,,,,,,,,,,,
1000,0.06324555320336758,18,CountSketch,9.603701871566006,0.14800000000000002,0.005832444225016227,0.030995292000056907,0.010974084000054063,0.13001025000005484,,,,,,,,,0.030995292000056907,0.0325760389999914,0.0,0.1719796260001658,,,,,,,,,,7.587499999317515e-05,12.0,61.0,96.0,0.0,0.0016119580000122369,0.0016119580000122369,0.0018127499999991414,0.0013163329999770212,0.0005355000000690779,0.0007604159999345939,0.00027987500004655885,1.683300001786847e-05,0.024554540999929486,,,,,,,,,
1000,0.06324555320336758,18,SIGN Bidirectional,9.502363877713115,0.248,0.005560864869700324,0.03549745799989523,0.010974084000054063,0.1322560410000051,,,,,,,,,0.03549745799989523,0.035488748999682684,8.709000212547835e-06,0.1787275829999544,,,,,,,,,,,,,,,,,,,,,,,,0.00015079199999945558,12.0,2.0,0.006917665999935707,0.002905749999968066,0.0006214169999338992,0.00023995799995191192,1.5249999933075742e-05,0.02463791599996057
1000,0.06324555320336758,19,Random Projection,9.634384016366148,0.118,0.003236660998493235,0.02863662499999009,0.01087645900008738,0.1321074159999398,0.0001510829999915586,0.0024223340000162352,0.001415542000017922,0.000589540999953897,0.0007137080000347851,0.0002494159999741896,1.3332999969861703e-05,0.023073832999898514,0.02863662499999009,0.028628789999856963,7.835000133127323e-06,0.17162050000001727,,,,,,,,,,,,,,,,,,,,,,,,,,,,,,,,
1000,0.06324555320336758,19,Random Sampling,11.847839873467533,0.10200000000000001,0.000851070974870631,0.07620391699992979,0.01087645900008738,0.16184333300009257,,,,,,,,,0.07620391699992979,0.07619799999986299,5.9170000668018474e-06,0.24892370900010974,0.003976917000045432,0.006523207999975966,0.031240916999990986,0.0005935829999543785,0.0016552919998957805,0.03220808300000044,,,,,,,,,,,,,,,,,,,,,,,,,,
1000,0.06324555320336758,19,Non-random,13.55476118796442,0.057999999999999996,0.0007515687700090576,0.3494782910000822,0.01087645900008738,0.17342654200001562,,,,,,,,,0.3494782910000822,0.34947454100006325,3.7500000189538696e-06,0.5337812920001852,,,,,,,0.32846691600002487,0.020725917000049776,0.00028170799998861185,,,,,,,,,,,,,,,,,,,,,,,
1000,0.06324555320336758,19,CountSketch,9.56371510906833,0.098,0.003029813741018579,0.03504691700004514,0.01087645900008738,0.1699082920000592,,,,,,,,,0.03504691700004514,0.03662391700004264,0.0,0.2158316680001917,,,,,,,,,,7.395799991627428e-05,12.0,64.0,107.0,0.0,0.0016096250000146028,0.0016096250000146028,0.0029628340000726894,0.001735750000079861,0.0009251669999912338,0.0011168749999797,0.00033470799996848655,2.649999998993735e-05,0.02622887500001525,,,,,,,,,
1000,0.06324555320336758,19,SIGN Bidirectional,9.13556632710895,0.25,0.00549490289532388,0.042658458999994764,0.01087645900008738,0.13117987499992978,,,,,,,,,0.042658458999994764,0.04265162599995165,6.833000043116044e-06,0.18471479300001192,,,,,,,,,,,,,,,,,,,,,,,,0.00014545900000939582,12.0,2.0,0.007192334000023948,0.003838875000042208,0.0008937919999425503,0.00022879099992678675,1.3916999932916951e-05,0.030338458000073842
1000,0.06324555320336758,20,Random Projection,8.893119293151285,0.12,0.004044127314069813,0.027268625000033353,0.010879790999979377,0.1329549170000064,0.0001496660000839256,0.0023539579999578564,0.0013065839999626405,0.000516332999950464,0.0006815000000415239,0.00022400000000288856,1.3416999991022749e-05,0.022017290999997385,0.027268625000033353,0.027262748999987707,5.876000045645924e-06,0.17110333300001912,,,,,,,,,,,,,,,,,,,,,,,,,,,,,,,,
1000,0.06324555320336758,20,Random Sampling,11.541301873062542,0.09,0.002245357581035584,0.07616587500001515,0.010879790999979377,0.16566725000006954,,,,,,,,,0.07616587500001515,0.07615887400015708,7.0009998580644606e-06,0.25271291600006407,0.003959750000035456,0.006519582999999329,0.03125258299996858,0.0006140000000414148,0.001644041000076868,0.032168917000035435,,,,,,,,,,,,,,,,,,,,,,,,,,
1000,0.06324555320336758,20,Non-random,13.49187273209859,0.03,0.00034975867341953404,0.3586786660000598,0.010879790999979377,0.1443214999999327,,,,,,,,,0.3586786660000598,0.35867304200007766,5.623999982162786e-06,0.5138799569999719,,,,,,,0.3335457089999636,0.02462366600002497,0.0005036670000890808,,,,,,,,,,,,,,,,,,,,,,,
1000,0.06324555320336758,20,CountSketch,10.973498328799094,0.238,0.007345035725164241,0.03305683400003545,0.010879790999979377,0.1320397920000005,,,,,,,,,0.03305683400003545,0.03472137699998257,0.0,0.17597641700001532,,,,,,,,,,7.825000000138971e-05,12.0,66.0,97.0,0.0,0.0017004589999487507,0.0017004589999487507,0.002153583999984221,0.0017280419999678998,0.0007042080000019268,0.0007048749999967185,0.0003173750000087239,2.616700010094064e-05,0.025607958000023245,,,,,,,,,
1000,0.06324555320336758,20,SIGN Bidirectional,8.626101295518502,0.10400000000000001,0.002877886128464374,0.035779082999965794,0.010879790999979377,0.13410937499998,,,,,,,,,0.035779082999965794,0.03576879099989583,1.0292000069966889e-05,0.18076824899992516,,,,,,,,,,,,,,,,,,,,,,,,0.00015366599996013974,12.0,2.0,0.0072368339999684395,0.003107084000021132,0.0007815410000375778,0.00031783299994003755,3.333299991936656e-05,0.024138500000049135
1200,0.05773502691896257,1,Random Projection,9.33504886514955,0.04666666666666667,0.001999429551842208,0.05209583399994244,0.016019666000033794,0.19360858300001382,0.00017849999994723476,0.003730915999994977,0.002013207999993938,0.0009916669999938676,0.0010235419999844453,0.0003404999999929714,1.7250000041713065e-05,0.04378916600001048,0.05209583399994244,0.05208474899995963,1.1084999982813315e-05,0.26172408299999006,,,,,,,,,,,,,,,,,,,,,,,,,,,,,,,,
1200,0.05773502691896257,1,Random Sampling,11.943320040900588,0.06,0.0009945317200130907,0.08365291699999489,0.016019666000033794,0.2187231249999968,,,,,,,,,0.08365291699999489,0.08364291699990645,1.0000000088439265e-05,0.3183957080000255,0.005651250000028085,0.00955999999996493,0.0328073340000401,0.0006768749999537249,0.003138207999995757,0.03180924999992385,,,,,,,,,,,,,,,,,,,,,,,,,,
1200,0.05773502691896257,1,Non-random,14.201859576651229,0.018333333333333333,0.0006307872548570875,0.4621826250000822,0.016019666000033794,0.19849045900002693,,,,,,,,,0.4621826250000822,0.4621783329999971,4.292000085115433e-06,0.676692750000143,,,,,,,0.4370969999999943,0.024653040999965015,0.0004282920000377999,,,,,,,,,,,,,,,,,,,,,,,
1200,0.05773502691896257,1,CountSketch,9.38075340124203,0.051666666666666666,0.002506340766065762,0.031528999999977714,0.016019666000033794,0.1850259579999829,,,,,,,,,0.031528999999977714,0.033941292000008616,0.0,0.2325746239999944,,,,,,,,,,7.979100007560191e-05,12.0,84.0,112.0,0.0,0.0024475409999240583,0.0024475409999240583,0.0026500000000169166,0.0016088339999669188,0.0008895419999817022,0.0008598340000389726,0.00018075000002681918,2.9250000011415977e-05,0.022748209000042152,,,,,,,,,
1200,0.05773502691896257,1,SIGN Bidirectional,9.991014018001241,0.29166666666666663,0.007606714330701869,0.04611012499992739,0.016019666000033794,0.19258137500003158,,,,,,,,,0.04611012499992739,0.046099251000100594,1.0873999826799263e-05,0.2547111659999928,,,,,,,,,,,,,,,,,,,,,,,,0.00018066699999508273,12.0,2.0,0.010232500000029177,0.004717500000083419,0.0009732080000048882,0.00021920899996530352,2.7667000040310086e-05,0.029748499999982414
1200,0.05773502691896257,2,Random Projection,10.846495692438193,0.17833333333333334,0.006037408798499795,0.03377158400007829,0.015415374999975029,0.20057358400003977,0.00018066600000565813,0.0032761250000703512,0.0016991659999803232,0.0008126249999804713,0.001049916000056328,0.0002328750000515356,3.495800001473981e-05,0.02647416600007091,0.03377158400007829,0.033760497000230316,1.1086999847975676e-05,0.2497605430000931,,,,,,,,,,,,,,,,,,,,,,,,,,,,,,,,
1200,0.05773502691896257,2,Random Sampling,12.119201313460788,0.07833333333333334,0.0008688947016173426,0.08612474999995356,0.015415374999975029,0.22912358300004598,,,,,,,,,0.08612474999995356,0.08611783599985756,6.914000096003292e-06,0.3306637079999746,0.005635291999965375,0.009430416999975932,0.035434833999943294,0.0006625839999969685,0.002472249999982523,0.03248245899999347,,,,,,,,,,,,,,,,,,,,,,,,,,
1200,0.05773502691896257,2,Non-random,14.156634137641262,0.034999999999999996,0.0010512664171649228,0.49187770799994723,0.015415374999975029,0.20029970799998864,,,,,,,,,0.49187770799994723,0.4918736250000393,4.08299990795058e-06,0.7075927909999109,,,,,,,0.4658755419999352,0.025569708000034552,0.0004283750000695363,,,,,,,,,,,,,,,,,,,,,,,
1200,0.05773502691896257,2,CountSketch,9.563671181347898,0.058333333333333334,0.0026394404877464334,0.03203891600003317,0.015415374999975029,0.18667074999996203,,,,,,,,,0.03203891600003317,0.034479042000270965,0.0,0.23412504099997022,,,,,,,,,,8.304100003897474e-05,12.0,84.0,110.0,0.0,0.002476375000014741,0.002476375000014741,0.0027546660001007695,0.001596042000073794,0.0008731249999982538,0.0008592920000864979,0.0001542090000157259,1.704199996765965e-05,0.023188874999959808,,,,,,,,,
1200,0.05773502691896257,2,SIGN Bidirectional,9.7583029301701,0.12666666666666668,0.0036877455068798706,0.04072699999994711,0.015415374999975029,0.19215062500006752,,,,,,,,,0.04072699999994711,0.04071483400014131,1.216599980580213e-05,0.24829299999998966,,,,,,,,,,,,,,,,,,,,,,,,0.0001827920000323502,12.0,2.0,0.009826917000054891,0.004930500000000393,0.0009838330000775386,0.00017658399997344532,2.7499999987412593e-05,0.024586708000015278
1200,0.05773502691896257,3,Random Projection,9.430002018181916,0.09,0.00365126766992957,0.03048129199999039,0.015665832999957274,0.18927816600000824,0.00017820899995513173,0.003685249999989537,0.0014491659999293915,0.0007587500000454384,0.0008961670000644517,0.00012379100007819943,1.6749999986132025e-05,0.023366291999991518,0.03048129199999039,0.0304743750000398,6.916999950590252e-06,0.2354252909999559,,,,,,,,,,,,,,,,,,,,,,,,,,,,,,,,
1200,0.05773502691896257,3,Random Sampling,11.96795182673363,0.07833333333333334,0.0018048034561380655,0.08651112500001545,0.015665832999957274,0.22199274999991303,,,,,,,,,0.08651112500001545,0.08650429299984808,6.832000167378283e-06,0.32416970799988576,0.005656917000010253,0.00951662500006023,0.03624824999997145,0.0006797919999144142,0.002500708999946255,0.031901999999945474,,,,,,,,,,,,,,,,,,,,,,,,,,
1200,0.05773502691896257,3,Non-random,14.018954240955344,0.02,0.0006072491411847902,0.4669765410000082,0.015665832999957274,0.2006277499999669,,,,,,,,,0.4669765410000082,0.46697229200003676,4.248999971423473e-06,0.6832701239999324,,,,,,,0.4424495420000767,0.024093624999977692,0.00042912499998237763,,,,,,,,,,,,,,,,,,,,,,,
1200,0.05773502691896257,3,CountSketch,9.589744596251085,0.06666666666666667,0.002944190740604591,0.031213750000006257,0.015665832999957274,0.18301766599995517,,,,,,,,,0.031213750000006257,0.03362691699999232,0.0,0.2298972489999187,,,,,,,,,,7.658399999854737e-05,12.0,88.0,112.0,0.0,0.0024502080000274873,0.0024502080000274873,0.002682582999909755,0.0015380419999928563,0.0009421669999483129,0.000888958000018647,0.00017795899998418463,2.9458000085469394e-05,0.02239074999999957,,,,,,,,,
1200,0.05773502691896257,3,SIGN Bidirectional,10.980328075483637,0.33999999999999997,0.007473169019068415,0.047034916000029625,0.015665832999957274,0.18627116600009685,,,,,,,,,0.047034916000029625,0.04702479000002313,1.0126000006493996e-05,0.24897191500008375,,,,,,,,,,,,,,,,,,,,,,,,0.00018175000002429442,12.0,2.0,0.010558082999978069,0.004193332999989252,0.0009736250000287328,0.00024704099996597506,1.6875000028448994e-05,0.03085408300000836
1200,0.05773502691896257,4,Random Projection,9.225933102860722,0.09166666666666667,0.0036996293813011394,0.030790208000098573,0.01603437500000382,0.1813399999999774,0.00017795799999476003,0.0033852090000436874,0.0014123329999620182,0.0008506249999982174,0.0011118749999923239,0.00019979100000000471,3.083299998252187e-05,0.02361212499999965,0.030790208000098573,0.030780748999973184,9.459000125389139e-06,0.2281645830000798,,,,,,,,,,,,,,,,,,,,,,,,,,,,,,,,
1200,0.05773502691896257,4,Random Sampling,12.176722697182578,0.06666666666666667,0.0018566922617442583,0.07605879200002619,0.01603437500000382,0.217544834000023,,,,,,,,,0.07605879200002619,0.0760526660000096,6.126000016593025e-06,0.309638001000053,0.005589166000049772,0.009337999999956992,0.02569691700000476,0.0006829999999808933,0.002461832999983926,0.03228375000003325,,,,,,,,,,,,,,,,,,,,,,,,,,
1200,0.05773502691896257,4,Non-random,14.01180502262466,0.02,0.0005081694658653421,0.474895624999931,0.01603437500000382,0.19885454200004915,,,,,,,,,0.474895624999931,0.4748914159999913,4.2089999396921485e-06,0.689784541999984,,,,,,,0.4504472500000247,0.02401750000001357,0.00042666599995300203,,,,,,,,,,,,,,,,,,,,,,,
1200,0.05773502691896257,4,CountSketch,9.172679737025037,0.08166666666666667,0.0031872495186792693,0.031013540999992983,0.01603437500000382,0.1819349999999531,,,,,,,,,0.031013540999992983,0.03341487600005166,0.0,0.2289829159999499,,,,,,,,,,7.725000000391447e-05,12.0,85.0,111.0,0.0,0.0024359589999676245,0.0024359589999676245,0.002682832999994389,0.0013800829999581765,0.0007878330000039568,0.0009305840000024546,0.0002562910000278862,1.5334000067923625e-05,0.022412750000057713,,,,,,,,,
1200,0.05773502691896257,4,SIGN Bidirectional,8.519900905641915,0.14833333333333334,0.004632539947784058,0.03788437499997599,0.01603437500000382,0.18942358300000706,,,,,,,,,0.03788437499997599,0.037874998999996023,9.375999979965854e-06,0.24334233299998687,,,,,,,,,,,,,,,,,,,,,,,,0.00017716699994707596,12.0,2.0,0.009723624999992353,0.004259458000092309,0.0011522500000182845,0.00030516599997554295,2.8332999931990344e-05,0.022229000000038468
1200,0.05773502691896257,5,Random Projection,10.249418864892148,0.15333333333333335,0.0061213065548241935,0.035888957999986815,0.015481084000043666,0.1868464159999803,0.00017733300001054886,0.0032254999999850043,0.0013819999999213906,0.0007685419999461374,0.0011474589999806994,0.00030208399994080537,4.6874999952706276e-05,0.02883087500003967,0.035888957999986815,0.03588066799977696,8.290000209854043e-06,0.2382164580000108,,,,,,,,,,,,,,,,,,,,,,,,,,,,,,,,
1200,0.05773502691896257,5,Random Sampling,12.183167467446657,0.08833333333333333,0.0019963654317429885,0.08309391700004198,0.015481084000043666,0.21988850000002458,,,,,,,,,0.08309391700004198,0.0830834189999905,1.0498000051484269e-05,0.3184635010001102,0.005109833999995317,0.009461166999926718,0.03473333400006595,0.0007835840000325334,0.002840249999962907,0.030155250000007072,,,,,,,,,,,,,,,,,,,,,,,,,,
1200,0.05773502691896257,5,Non-random,14.19559774068997,0.028333333333333335,0.000453716500353564,0.482491292000077,0.015481084000043666,0.20567816699997366,,,,,,,,,0.482491292000077,0.4824865820000923,4.709999984697788e-06,0.7036505430000943,,,,,,,0.4578090410000186,0.024273958000094353,0.000403582999979335,,,,,,,,,,,,,,,,,,,,,,,
1200,0.05773502691896257,5,CountSketch,9.012385777194428,0.06166666666666666,0.003171493683309462,0.03551883299996916,0.015481084000043666,0.19385562499996922,,,,,,,,,0.03551883299996916,0.03796937499987507,0.0,0.24485554199998205,,,,,,,,,,8.524999998371641e-05,12.0,90.0,111.0,0.0,0.002487499999915599,0.002487499999915599,0.002684749999957603,0.001631500000030428,0.0007632499999772335,0.000828375000082815,0.000169292000009591,2.949999998236308e-05,0.026802458000020124,,,,,,,,,
1200,0.05773502691896257,5,SIGN Bidirectional,12.842152986216366,0.5349999999999999,0.011064165490774214,0.0558330419999038,0.015481084000043666,0.192936040999939,,,,,,,,,0.0558330419999038,0.05582075199993142,1.2289999972381338e-05,0.26425016699988646,,,,,,,,,,,,,,,,,,,,,,,,0.0001803750000135551,12.0,2.0,0.010694625000041924,0.005015249999928528,0.0008183339999732198,0.0001648339999746895,1.5916999927867437e-05,0.03893141700007163
1200,0.05773502691896257,6,Random Projection,9.326288341686203,0.095,0.004812797302371524,0.031863584000006995,0.015535915999976169,0.1880754579999575,0.00017937500001607987,0.0033867079999936323,0.0013706249999358988,0.000752874999989217,0.0008673749999843494,0.00012450000008357165,1.6499999901498086e-05,0.025158708999924784,0.031863584000006995,0.03185666699982903,6.917000177963928e-06,0.23547495799994067,,,,,,,,,,,,,,,,,,,,,,,,,,,,,,,,
1200,0.05773502691896257,6,Random Sampling,11.777422785615721,0.07333333333333333,0.0011688641022353577,0.0845067499999459,0.015535915999976169,0.2201846250000017,,,,,,,,,0.0845067499999459,0.08449683399987862,9.916000067278219e-06,0.32022729099992375,0.005636874999936481,0.009415249999960906,0.03448254199997791,0.0006725839999717209,0.002884083000026294,0.031405500000005304,,,,,,,,,,,,,,,,,,,,,,,,,,
1200,0.05773502691896257,6,Non-random,14.069605513225945,0.025,0.0007861258915567715,0.4723394579999649,0.015535915999976169,0.25049300000000585,,,,,,,,,0.4723394579999649,0.47233620800000153,3.2499999633728294e-06,0.7383683739999469,,,,,,,0.447519666000062,0.02441908399998738,0.0003974579999521666,,,,,,,,,,,,,,,,,,,,,,,
1200,0.05773502691896257,6,CountSketch,9.251841030222096,0.09333333333333332,0.003927672811762407,0.03594745800000965,0.015535915999976169,0.18882174999998824,,,,,,,,,0.03594745800000965,0.03851579299998775,0.0,0.24030512399997406,,,,,,,,,,0.00012029100003019266,12.0,74.0,117.0,0.0,0.002613709000002018,0.002613709000002018,0.0025553329999183916,0.0013282500000286745,0.0007567080000399073,0.000849084000037692,0.0001305419999653168,1.5834000009817828e-05,0.027532332999953724,,,,,,,,,
1200,0.05773502691896257,6,SIGN Bidirectional,9.075685307423052,0.14833333333333332,0.004274604427506767,0.040260540999952354,0.015535915999976169,0.18541654100010874,,,,,,,,,0.040260540999952354,0.04025162399989313,8.917000059227576e-06,0.24121299800003726,,,,,,,,,,,,,,,,,,,,,,,,0.0001777079999101261,12.0,2.0,0.009990041000037309,0.004279040999904282,0.0007791250000082073,0.00012083400008577883,1.633299996228743e-05,0.024888541999985136
1200,0.05773502691896257,7,Random Projection,9.62510252551232,0.09333333333333332,0.0037824058339808245,0.030248666000034063,0.015409166000040386,0.1842036250000092,0.00017775000003439345,0.0034328330000334972,0.0018053750000035507,0.0007811660000243137,0.000849375000029795,0.00012845799994920526,1.550000001770968e-05,0.02305041700003585,0.030248666000034063,0.030240874000128315,7.791999905748526e-06,0.22986145700008365,,,,,,,,,,,,,,,,,,,,,,,,,,,,,,,,
1200,0.05773502691896257,7,Random Sampling,12.088235266996904,0.07666666666666666,0.0026127717094041533,0.08106754200002797,0.015409166000040386,0.21720333299992944,,,,,,,,,0.08106754200002797,0.08105474999990747,1.2792000120498415e-05,0.3136800409999978,0.005653374999951666,0.009333874999924774,0.03197433299999375,0.0006845420000445301,0.0024535840000226017,0.03095504099997015,,,,,,,,,,,,,,,,,,,,,,,,,,
1200,0.05773502691896257,7,Non-random,14.220618937544614,0.011666666666666667,0.0007990252797302755,0.46486908300005325,0.015409166000040386,0.2031466249999312,,,,,,,,,0.46486908300005325,0.4648649989999285,4.0840001247488544e-06,0.6834248740000248,,,,,,,0.4412962909999578,0.02317045799998141,0.00039824999998927524,,,,,,,,,,,,,,,,,,,,,,,
1200,0.05773502691896257,7,CountSketch,9.831033399446595,0.13833333333333334,0.004835056876802309,0.036999541000000136,0.015409166000040386,0.19114366700000573,,,,,,,,,0.036999541000000136,0.039488958999641,0.0,0.24355237400004626,,,,,,,,,,8.620799997061113e-05,12.0,92.0,116.0,0.0,0.0025249999999914507,0.0025249999999914507,0.002862166999989313,0.001638999999954649,0.0007798340000135795,0.000850416999924164,0.0001194999999825086,1.583299990670639e-05,0.028085999999916567,,,,,,,,,
1200,0.05773502691896257,7,SIGN Bidirectional,12.555095848240056,0.51,0.010069725631874485,0.04820704200005821,0.015409166000040386,0.19226416599997265,,,,,,,,,0.04820704200005821,0.048197249000168085,9.79299989012361e-06,0.25588037400007124,,,,,,,,,,,,,,,,,,,,,,,,0.00017895899998165987,12.0,2.0,0.00955691600006503,0.005102250000049935,0.0007894159999750627,0.00013058300010015955,1.7625000054977136e-05,0.03242149999994126
1200,0.05773502691896257,8,Random Projection,9.102566355110365,0.05,0.0026823084418432647,0.032607999999981985,0.015561042000058478,0.19150716699994064,0.00017637500002365414,0.0034175830001004215,0.0017120410000188713,0.0008157080000046335,0.0010399169999573132,0.0003451250000807704,3.9624999999432475e-05,0.025046459000009236,0.032607999999981985,0.03259283300019433,1.5166999787652458e-05,0.2396762089999811,,,,,,,,,,,,,,,,,,,,,,,,,,,,,,,,
1200,0.05773502691896257,8,Random Sampling,11.907376806800487,0.060000000000000005,0.0013622838123910491,0.0873249170000463,0.015561042000058478,0.22334999999998217,,,,,,,,,0.0873249170000463,0.08731487700003981,1.0040000006483751e-05,0.32623595900008695,0.005648707999966973,0.00945491699997092,0.03368120900006488,0.0007018339999831369,0.00395687499997166,0.03387133400008224,,,,,,,,,,,,,,,,,,,,,,,,,,
1200,0.05773502691896257,8,Non-random,13.984872160268038,0.021666666666666667,0.0002887040831691737,0.47185491599998386,0.015561042000058478,0.20587049999994633,,,,,,,,,0.47185491599998386,0.47185112499994375,3.791000040109793e-06,0.6932864579999887,,,,,,,0.44781258399996204,0.023640708000016275,0.00039783299996543064,,,,,,,,,,,,,,,,,,,,,,,
1200,0.05773502691896257,8,CountSketch,9.908795136145915,0.13166666666666665,0.0043125942326703234,0.03326229199990394,0.015561042000058478,0.18672687499997664,,,,,,,,,0.03326229199990394,0.03567620799969973,0.0,0.23555020899993906,,,,,,,,,,0.00015962499992383528,12.0,88.0,111.0,0.0,0.002454499999998916,0.002454499999998916,0.002711791999900015,0.0016414579999946,0.0008662909999657131,0.0008564160000332777,0.0001744590000498647,1.620799991997046e-05,0.02434095899991462,,,,,,,,,
1200,0.05773502691896257,8,SIGN Bidirectional,10.891650034243314,0.395,0.008502808094584584,0.04478258300002835,0.015561042000058478,0.18644383299999845,,,,,,,,,0.04478258300002835,0.044773831000043174,8.751999985179282e-06,0.24678745800008528,,,,,,,,,,,,,,,,,,,,,,,,0.00017666600001575716,12.0,2.0,0.009875875000034284,0.004335290999961217,0.0007764160000078846,0.00011287500001344597,1.608299999134033e-05,0.029480625000019245
1200,0.05773502691896257,9,Random Projection,9.481168470925308,0.05333333333333334,0.0025057385580276245,0.02887333299997863,0.01541245800001434,0.19002525000007608,0.0002031249999845386,0.003190375000031054,0.0013892499999883512,0.0007938329999888083,0.0009697499999674619,0.0002450829999816051,4.633300000023155e-05,0.022027542000046196,0.02887333299997863,0.028865290999988247,8.041999990382465e-06,0.23431104100006905,,,,,,,,,,,,,,,,,,,,,,,,,,,,,,,,
1200,0.05773502691896257,9,Random Sampling,11.823714088955597,0.07166666666666666,0.0003645255424542318,0.07833462500002497,0.01541245800001434,0.21877187500001583,,,,,,,,,0.07833462500002497,0.07832862499992643,6.000000098538294e-06,0.31251895800005514,0.0056392499999446954,0.009365249999973457,0.03246866699998918,0.0006387500000073487,0.002437167000039153,0.027779540999972596,,,,,,,,,,,,,,,,,,,,,,,,,,
1200,0.05773502691896257,9,Non-random,14.082336843528214,0.028333333333333335,0.0007970308117599897,0.5061307500000112,0.01541245800001434,0.19984204200000022,,,,,,,,,0.5061307500000112,0.5061265420000609,4.207999950267549e-06,0.7213852500000257,,,,,,,0.4829141670001036,0.022814457999970728,0.0003979169999865917,,,,,,,,,,,,,,,,,,,,,,,
1200,0.05773502691896257,9,CountSketch,9.512832391963848,0.065,0.0028373790462807927,0.030099749999976666,0.01541245800001434,0.18418462500005717,,,,,,,,,0.030099749999976666,0.03253379099965059,0.0,0.22969683300004817,,,,,,,,,,8.037499992497033e-05,12.0,88.0,123.0,0.0,0.002467749999937041,0.002467749999937041,0.0025364999999055726,0.00180829199996424,0.0008060000000114087,0.0008415830000103597,0.00012087499999324791,1.6125000001920853e-05,0.02138854099996479,,,,,,,,,
1200,0.05773502691896257,9,SIGN Bidirectional,9.433804524706714,0.22,0.005810230278864098,0.044035207999968407,0.01541245800001434,0.18707349999999678,,,,,,,,,0.044035207999968407,0.044022791000088546,1.2416999879860668e-05,0.24652116599997953,,,,,,,,,,,,,,,,,,,,,,,,0.00025558300001193857,12.0,2.0,0.010401208000075712,0.004523833000007471,0.0009346669999104051,0.00019716700001026766,2.7875000000676664e-05,0.027682458000072074
1200,0.05773502691896257,10,Random Projection,9.32248457786836,0.05666666666666667,0.0028206961156561836,0.030523874999971667,0.015591166999911366,0.1927026249999244,0.00017954199995529052,0.003189166999959525,0.0017820420000589365,0.0008402079999996204,0.0010669170000028316,0.00025054200000340643,3.154199998789409e-05,0.02317216599999483,0.030523874999971667,0.030512125999962336,1.1749000009331212e-05,0.23881766699980744,,,,,,,,,,,,,,,,,,,,,,,,,,,,,,,,
1200,0.05773502691896257,10,Random Sampling,11.937591763350772,0.06166666666666666,0.0009877950550725711,0.08349329200007105,0.015591166999911366,0.222465542000009,,,,,,,,,0.08349329200007105,0.08348633199989308,6.96000017796905e-06,0.3215500009999914,0.005636625000079221,0.009457082999915656,0.03437391599993589,0.0007290830000101778,0.002543124999988322,0.030746499999963817,,,,,,,,,,,,,,,,,,,,,,,,,,
1200,0.05773502691896257,10,Non-random,14.180821774850585,0.021666666666666667,0.0004832355359954063,0.515692999999942,0.015591166999911366,0.2027426669999386,,,,,,,,,0.515692999999942,0.5156887919999917,4.207999950267549e-06,0.734026833999792,,,,,,,0.49017833400000654,0.025083624999979293,0.0004268330000058995,,,,,,,,,,,,,,,,,,,,,,,
1200,0.05773502691896257,10,CountSketch,9.55286534887542,0.125,0.003964271125845659,0.03805095899997468,0.015591166999911366,0.18861908399992444,,,,,,,,,0.03805095899997468,0.0406186689997412,0.0,0.2422612099998105,,,,,,,,,,7.841599995117576e-05,12.0,89.0,114.0,0.0,0.002608458999930008,0.002608458999930008,0.0027254999999968277,0.001997917000039706,0.000902458999917144,0.0009420000000091022,0.0002568339999697855,1.7749999983607267e-05,0.02848087500001384,,,,,,,,,
1200,0.05773502691896257,10,SIGN Bidirectional,10.132379546494958,0.32,0.006938741231871805,0.048665874999983316,0.015591166999911366,0.1872689580000042,,,,,,,,,0.048665874999983316,0.048655376000056094,1.049899992722203e-05,0.2515259999998989,,,,,,,,,,,,,,,,,,,,,,,,0.00017658399997344532,12.0,2.0,0.009393791999968926,0.005159417000072608,0.0009449579999909474,0.0002076250000300206,2.7791999968940218e-05,0.03274520800005121
1200,0.05773502691896257,11,Random Projection,9.965926980844536,0.145,0.004964075470369783,0.03280358300003172,0.015416874999914398,0.1841626670000096,0.0001777079999101261,0.0031641250000120635,0.0013448339999513337,0.0007787079999843627,0.0008730419999665173,0.00014858400004413852,1.5959000052134797e-05,0.026295791999928042,0.03280358300003172,0.03279875199984872,4.831000183003198e-06,0.23238312499995573,,,,,,,,,,,,,,,,,,,,,,,,,,,,,,,,
1200,0.05773502691896257,11,Random Sampling,11.749305297715456,0.06666666666666667,0.001232850356292288,0.08086779200004912,0.015416874999914398,0.22755150000000413,,,,,,,,,0.08086779200004912,0.08086004200015395,7.749999895168003e-06,0.32383616699996765,0.005645499999900494,0.009436084000071787,0.03312374999995882,0.0006755410000778284,0.002440292000073896,0.02953887500007113,,,,,,,,,,,,,,,,,,,,,,,,,,
1200,0.05773502691896257,11,Non-random,14.128465450422699,0.03,0.0011804898372556258,0.4731528329999719,0.015416874999914398,0.22008649999997942,,,,,,,,,0.4731528329999719,0.4731466250000267,6.2079999452180346e-06,0.7086562079998657,,,,,,,0.44607129199994233,0.026327583000011145,0.0007477500000732107,,,,,,,,,,,,,,,,,,,,,,,
1200,0.05773502691896257,11,CountSketch,8.898110291962137,0.08333333333333334,0.004230180077320941,0.03452449999997498,0.015416874999914398,0.2136081659999718,,,,,,,,,0.03452449999997498,0.037642751000021235,0.0,0.26354954099986116,,,,,,,,,,0.00011916699997982505,12.0,85.0,115.0,0.0,0.003169999999954598,0.003169999999954598,0.0037506669999629594,0.0014883340001006218,0.0008521250000512737,0.0010289160001093478,0.00015208299998903385,1.654199991207861e-05,0.0238949170000069,,,,,,,,,
1200,0.05773502691896257,11,SIGN Bidirectional,9.91218007521189,0.2816666666666667,0.008037764964040801,0.05251804200008792,0.015416874999914398,0.19844637500000317,,,,,,,,,0.05251804200008792,0.052503875000070366,1.416700001755089e-05,0.2663812920000055,,,,,,,,,,,,,,,,,,,,,,,,0.0001821250000375585,12.0,2.0,0.009308291999900575,0.0054266250000409855,0.0009405419999666265,0.00021200000003318564,1.98330000102942e-05,0.03641445800008114
1200,0.05773502691896257,12,Random Projection,10.194021927010546,0.12666666666666665,0.005028310681953009,0.03746429199998147,0.015598958999930801,0.1967885420000357,0.00019087500004388858,0.0035259579999546986,0.0013780839999526506,0.0007458339999857344,0.0012269999999716674,0.00024620899989713507,4.0582999986327195e-05,0.030098958000053244,0.03746429199998147,0.037453500999845346,1.079100013612333e-05,0.24985179299994797,,,,,,,,,,,,,,,,,,,,,,,,,,,,,,,,
1200,0.05773502691896257,12,Random Sampling,12.050540212495328,0.07,0.001034147785319666,0.08350287500002196,0.015598958999930801,0.223788667000008,,,,,,,,,0.08350287500002196,0.08349045799991472,1.2417000107234344e-05,0.32289050099996075,0.005741624999927808,0.009625832999972772,0.034296791999963716,0.0007341250000081345,0.0028652080000028946,0.0302268750000394,,,,,,,,,,,,,,,,,,,,,,,,,,
1200,0.05773502691896257,12,Non-random,14.132902218227525,0.028333333333333335,0.0003571378039705919,0.47955654100007905,0.015598958999930801,0.20846966700003122,,,,,,,,,0.47955654100007905,0.47955241699992257,4.124000156480179e-06,0.7036251670000411,,,,,,,0.4564191669999218,0.022704750000002605,0.00042849999999816646,,,,,,,,,,,,,,,,,,,,,,,
1200,0.05773502691896257,12,CountSketch,9.800103339062346,0.155,0.004139799344420353,0.04348612499995852,0.015598958999930801,0.2274330000000191,,,,,,,,,0.04348612499995852,0.04607470900020871,0.0,0.2865180839999084,,,,,,,,,,8.066700002018479e-05,12.0,77.0,114.0,0.0,0.002626334000069619,0.002626334000069619,0.003106999999999971,0.0018456249999871943,0.0008331660000067131,0.0010039999999662541,0.00020791600002212363,1.6999999957079126e-05,0.033726667000109956,,,,,,,,,
1200,0.05773502691896257,12,SIGN Bidirectional,9.592662042086852,0.13,0.0033921105858044434,0.05519604200003414,0.015598958999930801,0.1972798749999356,,,,,,,,,0.05519604200003414,0.055181918000016594,1.4124000017545768e-05,0.26807487599990054,,,,,,,,,,,,,,,,,,,,,,,,0.00018166699999255798,12.0,2.0,0.010553000000072643,0.004866457999924023,0.001158709000037561,0.00030483300008654624,2.029199993103248e-05,0.03809695899997223
1200,0.05773502691896257,13,Random Projection,9.419661876774413,0.06833333333333333,0.0031890577679743945,0.03224116699993829,0.015785124999979416,0.18705583299993123,0.0001823750000085056,0.003303749999986394,0.0016487500000721411,0.0009848750000855944,0.0009247079999568086,0.00014508399999613175,1.7208000031132542e-05,0.0250204170000643,0.03224116699993829,0.03222716700020101,1.3999999737279722e-05,0.23508212499984893,,,,,,,,,,,,,,,,,,,,,,,,,,,,,,,,
1200,0.05773502691896257,13,Random Sampling,11.727090134558708,0.05666666666666667,0.001394795359944502,0.08546312499993292,0.015785124999979416,0.2244300419999945,,,,,,,,,0.08546312499993292,0.08545025000000805,1.2874999924861186e-05,0.32567829199990683,0.005696875000012369,0.009650541000041812,0.03601820799997313,0.0007838750000246364,0.002698667000004207,0.0306020839999519,,,,,,,,,,,,,,,,,,,,,,,,,,
1200,0.05773502691896257,13,Non-random,14.03579717047709,0.018333333333333333,0.0008318099255877967,0.4881377499999644,0.015785124999979416,0.20237237499998173,,,,,,,,,0.4881377499999644,0.4881317079998553,6.042000109118817e-06,0.7062952499999255,,,,,,,0.46289612499992927,0.024448000000006687,0.0007875829999193229,,,,,,,,,,,,,,,,,,,,,,,
1200,0.05773502691896257,13,CountSketch,9.406399474072337,0.07833333333333334,0.003653528582616722,0.03275474999998096,0.015785124999979416,0.18726641600005678,,,,,,,,,0.03275474999998096,0.03532454199989843,0.0,0.23580629100001715,,,,,,,,,,8.129200000439596e-05,12.0,84.0,111.0,0.0,0.0026113750000149594,0.0026113750000149594,0.0028439169999501246,0.0015319579999868438,0.0009187919999931182,0.0011907079999673442,0.0002619589999994787,1.799999995455437e-05,0.02325516600001265,,,,,,,,,
1200,0.05773502691896257,13,SIGN Bidirectional,8.896895630745584,0.075,0.0031802072716909865,0.038339334000056624,0.015785124999979416,0.18892533399991862,,,,,,,,,0.038339334000056624,0.03832808100003149,1.1253000025135407e-05,0.24304979299995466,,,,,,,,,,,,,,,,,,,,,,,,0.00018112500004008325,12.0,2.0,0.00992941599997721,0.00435070799994719,0.0008772080000198912,0.00020970800005670753,2.7541000008568517e-05,0.02275237499998184
1200,0.05773502691896257,14,Random Projection,9.370959870817241,0.07833333333333334,0.002871665753675201,0.02790149999998448,0.015369041999974797,0.18204412500006129,0.00020512499997948908,0.00316716700001507,0.0016067499999508073,0.000739834000000883,0.0008819580000363203,0.00012891699998363038,1.608299999134033e-05,0.02114791700000751,0.02790149999998448,0.02789375099996505,7.749000019430241e-06,0.22531466700002056,,,,,,,,,,,,,,,,,,,,,,,,,,,,,,,,
1200,0.05773502691896257,14,Random Sampling,11.910573566948383,0.08166666666666667,0.0009601328812069432,0.08219866699994327,0.015369041999974797,0.21726791700007198,,,,,,,,,0.08219866699994327,0.08219108399987363,7.583000069644186e-06,0.31483562599999004,0.005627583999967101,0.0094096669999999,0.034377291999931,0.0006807920000255763,0.002416290999917692,0.029679458000032355,,,,,,,,,,,,,,,,,,,,,,,,,,
1200,0.05773502691896257,14,Non-random,14.114848819267785,0.03,0.00019114274780990953,0.46646945800000594,0.015369041999974797,0.237920790999965,,,,,,,,,0.46646945800000594,0.46646445800001857,4.9999999873762135e-06,0.7197592909999457,,,,,,,0.4446439160000182,0.021246000000019194,0.0005745419999811929,,,,,,,,,,,,,,,,,,,,,,,
1200,0.05773502691896257,14,CountSketch,9.303578756996146,0.07666666666666666,0.002618600787148269,0.034174709000012626,0.015369041999974797,0.18997950000004948,,,,,,,,,0.034174709000012626,0.0366254579996621,0.0,0.2395232510000369,,,,,,,,,,8.079099995939032e-05,12.0,86.0,116.0,0.0,0.0024843329999839625,0.0024843329999839625,0.0028986669999540027,0.0014607919999889418,0.0011046669999359437,0.0010808749999569045,0.00023095799997463473,1.7083999978240172e-05,0.02478295799994612,,,,,,,,,
1200,0.05773502691896257,14,SIGN Bidirectional,8.850010207336828,0.16499999999999998,0.004830397334293746,0.0420047089999116,0.015369041999974797,0.195738833000064,,,,,,,,,0.0420047089999116,0.041993457999979,1.125099993259937e-05,0.2531125839999504,,,,,,,,,,,,,,,,,,,,,,,,0.0001835000000482978,12.0,2.0,0.00971991699998398,0.004327249999960259,0.000853375000019696,0.00023670799998853909,1.895799994144909e-05,0.02665375000003678
1200,0.05773502691896257,15,Random Projection,8.987188610197036,0.06833333333333333,0.003834814160641395,0.0308877920000441,0.015609708000056344,0.19319233400005942,0.00019991700003174628,0.0032715840000037133,0.001656249999996362,0.0011022500000308355,0.0008623749999969732,0.00018299999999271677,1.5958000062710198e-05,0.023585417000049347,0.0308877920000441,0.030876751000164404,1.1040999879696756e-05,0.23968983400015986,,,,,,,,,,,,,,,,,,,,,,,,,,,,,,,,
1200,0.05773502691896257,15,Random Sampling,11.548078366605043,0.05333333333333334,0.0014590574042679313,0.08380833299997903,0.015609708000056344,0.2203321250000272,,,,,,,,,0.08380833299997903,0.08379649999994854,1.1833000030492258e-05,0.31975016600006256,0.005683625000074244,0.009546541999952751,0.0328404589999991,0.0009201670000038575,0.0025647909999406693,0.032240915999977915,,,,,,,,,,,,,,,,,,,,,,,,,,
1200,0.05773502691896257,15,Non-random,14.1258284642843,0.02,0.0010050589351022071,0.49393895799994425,0.015609708000056344,0.22027108299994325,,,,,,,,,0.49393895799994425,0.4939351240000178,3.833999926428078e-06,0.7298197489999438,,,,,,,0.46725079100008315,0.026242832999969323,0.0004414999999653446,,,,,,,,,,,,,,,,,,,,,,,
1200,0.05773502691896257,15,CountSketch,9.189246833488864,0.05,0.0029045577472363304,0.03259604200002286,0.015609708000056344,0.19549433299994234,,,,,,,,,0.03259604200002286,0.03502208700012943,0.0,0.24370008300002155,,,,,,,,,,8.195899999918765e-05,12.0,83.0,122.0,0.0,0.0024636670000290906,0.0024636670000290906,0.0028332089999594245,0.0013843749999296051,0.000836625000033564,0.001053709000075287,0.00023329199996169336,3.320900009384786e-05,0.02363837500001864,,,,,,,,,
1200,0.05773502691896257,15,SIGN Bidirectional,9.233045296362501,0.22833333333333333,0.006607548561893821,0.04306399999995847,0.015609708000056344,0.18900579199998901,,,,,,,,,0.04306399999995847,0.04305304199976945,1.0958000189020822e-05,0.24767950000000383,,,,,,,,,,,,,,,,,,,,,,,,0.000181541999950241,12.0,2.0,0.008651665999991565,0.004440458999965813,0.0008972499999799766,0.00016433299992968387,1.6542000025765446e-05,0.028701249999926404
1200,0.05773502691896257,16,Random Projection,9.322901910487564,0.09833333333333333,0.0038298423879490687,0.03378104199998688,0.015725333999967006,0.19393937500001357,0.0001801669999395017,0.003335042000003341,0.001447374999997919,0.0008430829999497291,0.0009751249999681022,0.00027854100005697546,1.633399995171203e-05,0.026694582999994054,0.03378104199998688,0.033770249999861335,1.079200012554793e-05,0.24344575099996746,,,,,,,,,,,,,,,,,,,,,,,,,,,,,,,,
1200,0.05773502691896257,16,Random Sampling,12.361613157843605,0.060000000000000005,0.0005563227406177422,0.08788641599994662,0.015725333999967006,0.22065183300003355,,,,,,,,,0.08788641599994662,0.08787649999987934,9.916000067278219e-06,0.3242635829999472,0.005664249999995263,0.009466833999908886,0.035343833000069935,0.0006548750000092696,0.002490707999982078,0.03425599999991391,,,,,,,,,,,,,,,,,,,,,,,,,,
1200,0.05773502691896257,16,Non-random,14.206310076740072,0.023333333333333334,0.0010171123188535622,0.4688237919999665,0.015725333999967006,0.23983533299997362,,,,,,,,,0.4688237919999665,0.4688192909999316,4.50100003490661e-06,0.7243844589999071,,,,,,,0.44495437499995205,0.023467540999945413,0.00039737500003411697,,,,,,,,,,,,,,,,,,,,,,,
1200,0.05773502691896257,16,CountSketch,9.14399954233677,0.03,0.0018504445731679295,0.036152540999978555,0.015725333999967006,0.22017654199999015,,,,,,,,,0.036152540999978555,0.03857108299939682,0.0,0.2720544169999357,,,,,,,,,,7.854199998291733e-05,12.0,86.0,129.0,0.0,0.002456582999911916,0.002456582999911916,0.004422916999942572,0.0015959579999389462,0.0010840839998991214,0.0011793329999818525,0.00025766599992493866,3.0999999921732524e-05,0.02500841699998091,,,,,,,,,
1200,0.05773502691896257,16,SIGN Bidirectional,9.599753421736034,0.2583333333333333,0.005732747290105977,0.0466049159999784,0.015725333999967006,0.18601587499995276,,,,,,,,,0.0466049159999784,0.04659716699995897,7.749000019430241e-06,0.24834612499989817,,,,,,,,,,,,,,,,,,,,,,,,0.00017754199996034004,12.0,2.0,0.009445916999993642,0.004161540999916724,0.001137459000005947,0.000128208000091945,1.62080000336573e-05,0.03153029199995672
1200,0.05773502691896257,17,Random Projection,9.938284538730336,0.08166666666666667,0.00344225360148296,0.0330282500000294,0.015505584000038652,0.18480579200002012,0.00018191699996350508,0.0034663330000057613,0.0015626670000301601,0.0007613750000246,0.000895375000027343,0.00020445799998469738,2.9707999942729657e-05,0.025915000000054533,0.0330282500000294,0.03301683300003333,1.1416999996072263e-05,0.23333962600008817,,,,,,,,,,,,,,,,,,,,,,,,,,,,,,,,
1200,0.05773502691896257,17,Random Sampling,12.142335423641892,0.07166666666666666,0.0008319160039071474,0.08222049999994852,0.015505584000038652,0.22465841700000055,,,,,,,,,0.08222049999994852,0.08220887500021945,1.1624999729065166e-05,0.3223845009999877,0.005668083000045954,0.009409125000047425,0.03520258300000023,0.0006753750000143555,0.0025869590000411335,0.02866675000007035,,,,,,,,,,,,,,,,,,,,,,,,,,
1200,0.05773502691896257,17,Non-random,14.115713225493069,0.013333333333333332,0.0010898184407090242,0.4748299579999866,0.015505584000038652,0.20359595800005081,,,,,,,,,0.4748299579999866,0.47482579200004693,4.165999939687026e-06,0.6939315000000761,,,,,,,0.45095979100005934,0.023435209000012946,0.00043079199997464457,,,,,,,,,,,,,,,,,,,,,,,
1200,0.05773502691896257,17,CountSketch,9.507175833743394,0.10833333333333334,0.004246134862518791,0.033546000000001186,0.015505584000038652,0.1969157500000165,,,,,,,,,0.033546000000001186,0.03600137699993411,0.0,0.24596733400005633,,,,,,,,,,8.604200002082507e-05,12.0,90.0,115.0,0.0,0.0024953339999456148,0.0024953339999456148,0.0027150829999982307,0.0018533329999854686,0.0008946670000113954,0.0009420420000196827,0.0001853329999903508,2.9959000016788195e-05,0.024304250000000138,,,,,,,,,
1200,0.05773502691896257,17,SIGN Bidirectional,9.802547580563491,0.2816666666666667,0.007217913950296841,0.047502208999958384,0.015505584000038652,0.193224999999984,,,,,,,,,0.047502208999958384,0.04749137500004963,1.0833999908754777e-05,0.25623279299998103,,,,,,,,,,,,,,,,,,,,,,,,0.00017975000002934394,12.0,2.0,0.010338958000033927,0.004641874999947504,0.0007944999999836,0.00015020900002582493,1.6250000044237822e-05,0.03136983299998519
1200,0.05773502691896257,18,Random Projection,9.658465930244178,0.085,0.003761465784022512,0.0321655830000509,0.015498291999961111,0.19144266700004664,0.00017879099993933778,0.00318325000000641,0.0013979999999946813,0.0007415840000248863,0.0008287919999929727,0.0001666250000198488,1.6917000039029517e-05,0.025643917000024885,0.0321655830000509,0.03215787600004205,7.707000008849718e-06,0.23910654200005865,,,,,,,,,,,,,,,,,,,,,,,,,,,,,,,,
1200,0.05773502691896257,18,Random Sampling,11.80448591673699,0.06166666666666667,0.0014520219458547673,0.08629583300000832,0.015498291999961111,0.22068012499994438,,,,,,,,,0.08629583300000832,0.08628733500017916,8.497999829160108e-06,0.3224742499999138,0.005651542000009613,0.009596708999993098,0.035950292000052286,0.000732375000097818,0.0024416669999709484,0.03191475000005539,,,,,,,,,,,,,,,,,,,,,,,,,,
1200,0.05773502691896257,18,Non-random,14.011229492150868,0.02,0.0007654372816615837,0.48717966699996396,0.015498291999961111,0.24069983399999728,,,,,,,,,0.48717966699996396,0.48717562500019085,4.041999773107818e-06,0.7433777929999223,,,,,,,0.46250383300002795,0.024162125000088963,0.0005096670000739323,,,,,,,,,,,,,,,,,,,,,,,
1200,0.05773502691896257,18,CountSketch,9.149689432199311,0.03166666666666667,0.0022916928325383695,0.03310749999991458,0.015498291999961111,0.1855142079999723,,,,,,,,,0.03310749999991458,0.035572207000086564,0.0,0.234119999999848,,,,,,,,,,8.408299993334367e-05,12.0,86.0,121.0,0.0,0.0025037910000946795,0.0025037910000946795,0.0027524170000106096,0.0015052919999334335,0.0009884170000304948,0.0008994580000489805,0.00019458299993857509,2.9416999950626632e-05,0.02411095800005114,,,,,,,,,
1200,0.05773502691896257,18,SIGN Bidirectional,9.177022638062049,0.19166666666666665,0.006148763298813233,0.04301962499994261,0.015498291999961111,0.18273675000000367,,,,,,,,,0.04301962499994261,0.043011584000055336,8.040999887271028e-06,0.24125466699990739,,,,,,,,,,,,,,,,,,,,,,,,0.00017929199998434342,12.0,2.0,0.00958620799997334,0.004286374999992404,0.0008310420000725571,0.0001059999999597494,1.6542000025765446e-05,0.028006125000047177
1200,0.05773502691896257,19,Random Projection,9.12830115991319,0.06166666666666667,0.0038658801623167593,0.030199583000012353,0.015424917000018468,0.18416979100004482,0.00018070800001623866,0.0032986669999672813,0.0018081249999113425,0.0007934589999649688,0.0011624579999534035,0.00020554100001390907,1.562500006002665e-05,0.02272608299995227,0.030199583000012353,0.03019066599983944,8.917000172914413e-06,0.22979429100007565,,,,,,,,,,,,,,,,,,,,,,,,,,,,,,,,
1200,0.05773502691896257,19,Random Sampling,11.959497963606335,0.065,0.0017044829693581287,0.09312562500008426,0.015424917000018468,0.21466145800002323,,,,,,,,,0.09312562500008426,0.09311325099986334,1.237400022091606e-05,0.32321200000012595,0.007284124999955566,0.016046333999952367,0.03467116600006648,0.0007002090000014505,0.0024496669999507503,0.03196174999993673,,,,,,,,,,,,,,,,,,,,,,,,,,
1200,0.05773502691896257,19,Non-random,14.142311041456583,0.015000000000000001,0.0009465561860891314,0.46617441700004747,0.015424917000018468,0.2040514579999808,,,,,,,,,0.46617441700004747,0.4661704990000999,3.917999947589124e-06,0.6856507920000467,,,,,,,0.4403165410000156,0.0254261250000809,0.00042783300000337476,,,,,,,,,,,,,,,,,,,,,,,
1200,0.05773502691896257,19,CountSketch,9.424928789131783,0.08499999999999999,0.0033039480707931293,0.03315520800003924,0.015424917000018468,0.18639254200002142,,,,,,,,,0.03315520800003924,0.0356893749997198,0.0,0.23497266700007913,,,,,,,,,,8.345800006281934e-05,12.0,85.0,111.0,0.0,0.002566749999914464,0.002566749999914464,0.0026809579999280686,0.001315458000021863,0.0007491669999808437,0.0008619999999837091,0.00012874999993073288,1.683400000729307e-05,0.024719249999975546,,,,,,,,,
1200,0.05773502691896257,19,SIGN Bidirectional,9.448336283837875,0.2533333333333333,0.006208783100948828,0.043185500000049615,0.015424917000018468,0.19476283300002706,,,,,,,,,0.043185500000049615,0.04317212400007975,1.3375999969866825e-05,0.25337325000009514,,,,,,,,,,,,,,,,,,,,,,,,0.00025866700002552534,12.0,2.0,0.009512041999983012,0.004450958000006722,0.0007712080000601418,0.00018475000001672015,1.9665999957396707e-05,0.02797483300003023
1200,0.05773502691896257,20,Random Projection,9.821419826083652,0.08166666666666667,0.0023728413263166895,0.032767166999974506,0.015499332999979742,0.1939395000000559,0.00020445799998469738,0.0032161670000050435,0.0017844999999852007,0.0008761249999906795,0.0010276250000060827,0.00020754100000885956,1.7792000107874628e-05,0.025424083999951108,0.032767166999974506,0.032758292000039546,8.874999934960215e-06,0.24220600000001014,,,,,,,,,,,,,,,,,,,,,,,,,,,,,,,,
1200,0.05773502691896257,20,Random Sampling,12.625183142161381,0.08666666666666667,0.0010802790577219695,0.08444620800003122,0.015499332999979742,0.22217200000000048,,,,,,,,,0.08444620800003122,0.08443554200016479,1.0665999866432685e-05,0.32211754100001144,0.005635542000050009,0.009406042000023263,0.03378674999999021,0.000721917000078065,0.0031039579999969646,0.03178133300002628,,,,,,,,,,,,,,,,,,,,,,,,,,
1200,0.05773502691896257,20,Non-random,14.222114273382427,0.03,0.0007039167170146618,0.4762893330000679,0.015499332999979742,0.20438758299997062,,,,,,,,,0.4762893330000679,0.47628474900011497,4.583999952956219e-06,0.6961762490000183,,,,,,,0.45372995800005356,0.022126833000015722,0.00042795800004569173,,,,,,,,,,,,,,,,,,,,,,,
1200,0.05773502691896257,20,CountSketch,9.858248143112315,0.1,0.0032818819303641056,0.034817499999917345,0.015499332999979742,0.18934912499992151,,,,,,,,,0.034817499999917345,0.03724820899981296,0.0,0.2396659579998186,,,,,,,,,,7.95839999909731e-05,12.0,86.0,114.0,0.0,0.0024696250000033615,0.0024696250000033615,0.0027633749999722568,0.0017057909999493859,0.0009910420000096565,0.0009423749999086795,0.00027899999997771374,4.899999998997373e-05,0.025498792000007597,,,,,,,,,
1200,0.05773502691896257,20,SIGN Bidirectional,9.44634230601232,0.22833333333333333,0.005121000787920285,0.04412366700000803,0.015499332999979742,0.19263837500000136,,,,,,,,,0.04412366700000803,0.04411437600015233,9.290999855693372e-06,0.25226137499998913,,,,,,,,,,,,,,,,,,,,,,,,0.0001794590000372409,12.0,2.0,0.010132250000083332,0.004356292000011308,0.000886415999957535,0.00011345899997650122,1.5709000081187696e-05,0.02843079100000523
