{
  "status": "ok",
  "model": "a*N^2 + b*N + c",
  "a": 1.1099593721129049e-05,
  "b": -8.47336050646509e-06,
  "c": 0.016977973700003198,
  "r2": 0.999999865842199,
  "num_points": 4,
  "sse": 4.229093138558749e-06,
  "used_n_values": [
    100,
    200,
    400,
    800
  ],
  "skipped_n_values": [
    1200,
    1600,
    2000,
    3000,
    4000
  ]
}