N,E,K,p,q,strategy,node_order,reps_completed,runtime_mean_sec,runtime_std_sec,mean_hyperedge_size
100,100,4,1.0,0.4,weighted,random,5,0.07849676660000005,0.0011945140835857985,54.824
200,200,4,0.5,0.2,weighted,random,5,0.3081532001999999,0.0019898417169214645,55.54299999999999
400,400,4,0.25,0.1,weighted,random,5,1.2292409832,0.014053546495835517,55.9465
800,800,4,0.125,0.05,weighted,random,5,4.849879150000001,0.04219589340008626,56.01174999999999
1200,1200,4,0.08333333333333333,0.03333333333333333,weighted,random,5,10.94605515,0.04696967678971407,56.00083333333333
1600,1600,4,0.0625,0.025,weighted,random,5,19.6220027502,0.2018725740458588,55.905499999999996
2000,2000,4,0.05,0.020000000000000004,weighted,random,5,30.893829183400005,0.1585208840632218,55.959199999999996
3000,3000,4,0.03333333333333333,0.013333333333333334,weighted,random,5,68.51026261679998,0.3708509024510969,55.90333333333333
4000,4000,4,0.025,0.010000000000000002,weighted,random,5,123.24702815819998,1.5153059919994152,55.99634999999999
