{
  "status": "ok",
  "model": "a*N^2 + b*N + c",
  "a": 7.746209038413474e-06,
  "b": -0.00024738665731742157,
  "c": 0.08511272784729584,
  "r2": 0.999966636450881,
  "num_points": 9,
  "sse": 0.4629181823614573,
  "used_n_values": [
    100,
    200,
    400,
    800,
    1200,
    1600,
    2000,
    3000,
    4000
  ],
  "skipped_n_values": []
}