dataset,alpha,tau_label,tau_value,group,group_n,method,rep,r,ell,k,q,test_matrix_scaling,embedding_wall_sec,clustering_wall_sec,total_method_wall_sec,exact_eigsh_sec,eigen_decomposition_wall_sec,ARI_true,NMI_true,F1_macro_true,rp_draw_omega_sec,rp_test_matrix_entry_std,rp_power_iter_sec,rp_qr_sec,rp_build_core_sec,rp_small_eigh_sec,rp_lift_sec,ds_bucket_build_sec,ds_draw_and_initial_multiply_sec,ds_power_iter_sec,ds_qr_sec,ds_build_core_sec,ds_small_eigh_sec,ds_lift_sec,ds_num_buckets,ds_min_bucket_dim,ds_max_bucket_dim,ds_bucket_summary
cora,0.5,0,0.0,all,2485,Exact spectral,1,0,7,7,1,by_dim,0.0715158999664709,0.182633199961856,0.2541490999283269,0.0715158999664709,0.0715158999664709,0.23820969921575666,0.3952630207169112,0.2787318543368127,,,,,,,,,,,,,,,,,,
cora,0.5,0,0.0,low_deg_1_2,899,Exact spectral,1,0,7,7,1,by_dim,0.0715158999664709,0.182633199961856,0.2541490999283269,0.0715158999664709,0.0715158999664709,0.21966094372704997,0.37275070067031907,0.2893541925142974,,,,,,,,,,,,,,,,,,
cora,0.5,0,0.0,mid_deg_3_8,1439,Exact spectral,1,0,7,7,1,by_dim,0.0715158999664709,0.182633199961856,0.2541490999283269,0.0715158999664709,0.0715158999664709,0.24335018012654022,0.40828048921210214,0.27223469929152183,,,,,,,,,,,,,,,,,,
cora,0.5,0,0.0,high_deg_9_plus,147,Exact spectral,1,0,7,7,1,by_dim,0.0715158999664709,0.182633199961856,0.2541490999283269,0.0715158999664709,0.0715158999664709,0.3205538580908599,0.5166168415530322,0.2856052476025962,,,,,,,,,,,,,,,,,,
cora,0.5,0,0.0,all,2485,Gaussian RP,1,0,7,7,1,by_dim,0.0012308000586926937,0.1926926999585703,0.193923500017263,,0.001208899891935289,0.015213640978645278,0.03350697690609372,0.21030023586885296,0.00018239999189972878,0.3779644730092272,0.00028519995976239443,0.00043320003896951675,0.00013599998783320189,0.00012649991549551487,4.5599997974932194e-05,,,,,,,,,,,
cora,0.5,0,0.0,low_deg_1_2,899,Gaussian RP,1,0,7,7,1,by_dim,0.0012308000586926937,0.1926926999585703,0.193923500017263,,0.001208899891935289,0.004187846186909516,0.02291136152049743,0.1881546963655181,0.00018239999189972878,0.3779644730092272,0.00028519995976239443,0.00043320003896951675,0.00013599998783320189,0.00012649991549551487,4.5599997974932194e-05,,,,,,,,,,,
cora,0.5,0,0.0,mid_deg_3_8,1439,Gaussian RP,1,0,7,7,1,by_dim,0.0012308000586926937,0.1926926999585703,0.193923500017263,,0.001208899891935289,0.024877887534579778,0.048704480393959346,0.22650871215933557,0.00018239999189972878,0.3779644730092272,0.00028519995976239443,0.00043320003896951675,0.00013599998783320189,0.00012649991549551487,4.5599997974932194e-05,,,,,,,,,,,
cora,0.5,0,0.0,high_deg_9_plus,147,Gaussian RP,1,0,7,7,1,by_dim,0.0012308000586926937,0.1926926999585703,0.193923500017263,,0.001208899891935289,0.033471513053483434,0.1420141020882476,0.26696908818509785,0.00018239999189972878,0.3779644730092272,0.00028519995976239443,0.00043320003896951675,0.00013599998783320189,0.00012649991549551487,4.5599997974932194e-05,,,,,,,,,,,
cora,0.5,0,0.0,all,2485,Degree-stratified RP,1,0,7,7,1,by_dim,0.002631500014103949,0.09812099998816848,0.10075250000227243,,0.0025694998912513256,0.03366985827111264,0.052585342418509304,0.22893459089094317,,,,,,,,0.00033059995621442795,0.0013958000345155597,0.00041969993617385626,0.00020979996770620346,0.00011260004248470068,7.129996083676815e-05,2.9699993319809437e-05,7.0,1.0,1.0,"[1,2):n=354,ell=1;[2,4):n=1070,ell=1;[4,8):n=859,ell=1;[8,16):n=155,ell=1;[16,32):n=35,ell=1;[32,64):n=8,ell=1;[64,256):n=4,ell=1"
cora,0.5,0,0.0,low_deg_1_2,899,Degree-stratified RP,1,0,7,7,1,by_dim,0.002631500014103949,0.09812099998816848,0.10075250000227243,,0.0025694998912513256,0.031617460985032736,0.04657294123109275,0.20823930005806268,,,,,,,,0.00033059995621442795,0.0013958000345155597,0.00041969993617385626,0.00020979996770620346,0.00011260004248470068,7.129996083676815e-05,2.9699993319809437e-05,7.0,1.0,1.0,"[1,2):n=354,ell=1;[2,4):n=1070,ell=1;[4,8):n=859,ell=1;[8,16):n=155,ell=1;[16,32):n=35,ell=1;[32,64):n=8,ell=1;[64,256):n=4,ell=1"
cora,0.5,0,0.0,mid_deg_3_8,1439,Degree-stratified RP,1,0,7,7,1,by_dim,0.002631500014103949,0.09812099998816848,0.10075250000227243,,0.0025694998912513256,0.04023027252714001,0.06895888558225105,0.24878737173047208,,,,,,,,0.00033059995621442795,0.0013958000345155597,0.00041969993617385626,0.00020979996770620346,0.00011260004248470068,7.129996083676815e-05,2.9699993319809437e-05,7.0,1.0,1.0,"[1,2):n=354,ell=1;[2,4):n=1070,ell=1;[4,8):n=859,ell=1;[8,16):n=155,ell=1;[16,32):n=35,ell=1;[32,64):n=8,ell=1;[64,256):n=4,ell=1"
cora,0.5,0,0.0,high_deg_9_plus,147,Degree-stratified RP,1,0,7,7,1,by_dim,0.002631500014103949,0.09812099998816848,0.10075250000227243,,0.0025694998912513256,0.042985187349182656,0.1378815003027268,0.27450068335161504,,,,,,,,0.00033059995621442795,0.0013958000345155597,0.00041969993617385626,0.00020979996770620346,0.00011260004248470068,7.129996083676815e-05,2.9699993319809437e-05,7.0,1.0,1.0,"[1,2):n=354,ell=1;[2,4):n=1070,ell=1;[4,8):n=859,ell=1;[8,16):n=155,ell=1;[16,32):n=35,ell=1;[32,64):n=8,ell=1;[64,256):n=4,ell=1"
cora,0.5,0,0.0,all,2485,Exact spectral,2,0,7,7,1,by_dim,0.0715158999664709,0.06728630000725389,0.13880219997372478,0.0715158999664709,0.0715158999664709,0.23809149485697814,0.3948063231111481,0.2787011493326403,,,,,,,,,,,,,,,,,,
cora,0.5,0,0.0,low_deg_1_2,899,Exact spectral,2,0,7,7,1,by_dim,0.0715158999664709,0.06728630000725389,0.13880219997372478,0.0715158999664709,0.0715158999664709,0.21966094372704997,0.37275070067031907,0.2893541925142974,,,,,,,,,,,,,,,,,,
cora,0.5,0,0.0,mid_deg_3_8,1439,Exact spectral,2,0,7,7,1,by_dim,0.0715158999664709,0.06728630000725389,0.13880219997372478,0.0715158999664709,0.0715158999664709,0.24335018012654022,0.4082804892121021,0.27223469929152183,,,,,,,,,,,,,,,,,,
cora,0.5,0,0.0,high_deg_9_plus,147,Exact spectral,2,0,7,7,1,by_dim,0.0715158999664709,0.06728630000725389,0.13880219997372478,0.0715158999664709,0.0715158999664709,0.3185421893313252,0.5042959100631867,0.2847414234511009,,,,,,,,,,,,,,,,,,
cora,0.5,0,0.0,all,2485,Gaussian RP,2,0,7,7,1,by_dim,0.0009700000518932939,0.18199229997117072,0.18296230002306402,,0.0009502001339569688,0.02732092340999686,0.05014137591045142,0.21692999871853932,0.000161800067871809,0.3779644730092272,0.00028440007008612156,0.00027929991483688354,0.00012450001668184996,6.420002318918705e-05,3.600004129111767e-05,,,,,,,,,,,
cora,0.5,0,0.0,low_deg_1_2,899,Gaussian RP,2,0,7,7,1,by_dim,0.0009700000518932939,0.18199229997117072,0.18296230002306402,,0.0009502001339569688,0.015905461952665845,0.03556575442727173,0.19752917651146226,0.000161800067871809,0.3779644730092272,0.00028440007008612156,0.00027929991483688354,0.00012450001668184996,6.420002318918705e-05,3.600004129111767e-05,,,,,,,,,,,
cora,0.5,0,0.0,mid_deg_3_8,1439,Gaussian RP,2,0,7,7,1,by_dim,0.0009700000518932939,0.18199229997117072,0.18296230002306402,,0.0009502001339569688,0.035484114890103925,0.06599742526058111,0.22703342397977883,0.000161800067871809,0.3779644730092272,0.00028440007008612156,0.00027929991483688354,0.00012450001668184996,6.420002318918705e-05,3.600004129111767e-05,,,,,,,,,,,
cora,0.5,0,0.0,high_deg_9_plus,147,Gaussian RP,2,0,7,7,1,by_dim,0.0009700000518932939,0.18199229997117072,0.18296230002306402,,0.0009502001339569688,0.07361095053099771,0.17371255616603012,0.30078550645483837,0.000161800067871809,0.3779644730092272,0.00028440007008612156,0.00027929991483688354,0.00012450001668184996,6.420002318918705e-05,3.600004129111767e-05,,,,,,,,,,,
cora,0.5,0,0.0,all,2485,Degree-stratified RP,2,0,7,7,1,by_dim,0.0035479000071063638,0.08203569997567683,0.0855835999827832,,0.00345660001039505,0.0453938317032151,0.08437781750336625,0.27301968940601695,,,,,,,,0.0003005999606102705,0.001293000066652894,0.0005133999511599541,0.0011033000191673636,0.00013559998478740454,7.51999905332923e-05,3.550003748387098e-05,7.0,1.0,1.0,"[1,2):n=354,ell=1;[2,4):n=1070,ell=1;[4,8):n=859,ell=1;[8,16):n=155,ell=1;[16,32):n=35,ell=1;[32,64):n=8,ell=1;[64,256):n=4,ell=1"
cora,0.5,0,0.0,low_deg_1_2,899,Degree-stratified RP,2,0,7,7,1,by_dim,0.0035479000071063638,0.08203569997567683,0.0855835999827832,,0.00345660001039505,0.032906032280190886,0.06991347532633502,0.2460107117373707,,,,,,,,0.0003005999606102705,0.001293000066652894,0.0005133999511599541,0.0011033000191673636,0.00013559998478740454,7.51999905332923e-05,3.550003748387098e-05,7.0,1.0,1.0,"[1,2):n=354,ell=1;[2,4):n=1070,ell=1;[4,8):n=859,ell=1;[8,16):n=155,ell=1;[16,32):n=35,ell=1;[32,64):n=8,ell=1;[64,256):n=4,ell=1"
cora,0.5,0,0.0,mid_deg_3_8,1439,Degree-stratified RP,2,0,7,7,1,by_dim,0.0035479000071063638,0.08203569997567683,0.0855835999827832,,0.00345660001039505,0.050970695142349504,0.09738135826475218,0.28296586435984544,,,,,,,,0.0003005999606102705,0.001293000066652894,0.0005133999511599541,0.0011033000191673636,0.00013559998478740454,7.51999905332923e-05,3.550003748387098e-05,7.0,1.0,1.0,"[1,2):n=354,ell=1;[2,4):n=1070,ell=1;[4,8):n=859,ell=1;[8,16):n=155,ell=1;[16,32):n=35,ell=1;[32,64):n=8,ell=1;[64,256):n=4,ell=1"
cora,0.5,0,0.0,high_deg_9_plus,147,Degree-stratified RP,2,0,7,7,1,by_dim,0.0035479000071063638,0.08203569997567683,0.0855835999827832,,0.00345660001039505,0.0784133646544011,0.17428535785304697,0.32904950298255986,,,,,,,,0.0003005999606102705,0.001293000066652894,0.0005133999511599541,0.0011033000191673636,0.00013559998478740454,7.51999905332923e-05,3.550003748387098e-05,7.0,1.0,1.0,"[1,2):n=354,ell=1;[2,4):n=1070,ell=1;[4,8):n=859,ell=1;[8,16):n=155,ell=1;[16,32):n=35,ell=1;[32,64):n=8,ell=1;[64,256):n=4,ell=1"
cora,0.5,0,0.0,all,2485,Exact spectral,3,0,7,7,1,by_dim,0.0715158999664709,0.045422399998642504,0.1169382999651134,0.0715158999664709,0.0715158999664709,0.23845110263258662,0.3952562979955421,0.2788950331905623,,,,,,,,,,,,,,,,,,
cora,0.5,0,0.0,low_deg_1_2,899,Exact spectral,3,0,7,7,1,by_dim,0.0715158999664709,0.045422399998642504,0.1169382999651134,0.0715158999664709,0.0715158999664709,0.21966094372704997,0.37275070067031907,0.2893541925142974,,,,,,,,,,,,,,,,,,
cora,0.5,0,0.0,mid_deg_3_8,1439,Exact spectral,3,0,7,7,1,by_dim,0.0715158999664709,0.045422399998642504,0.1169382999651134,0.0715158999664709,0.0715158999664709,0.2437093436744324,0.4082797297165914,0.27253620953369634,,,,,,,,,,,,,,,,,,
cora,0.5,0,0.0,high_deg_9_plus,147,Exact spectral,3,0,7,7,1,by_dim,0.0715158999664709,0.045422399998642504,0.1169382999651134,0.0715158999664709,0.0715158999664709,0.3205538580908599,0.5166168415530322,0.2856052476025962,,,,,,,,,,,,,,,,,,
cora,0.5,0,0.0,all,2485,Gaussian RP,3,0,7,7,1,by_dim,0.000941899954341352,0.1293852999806404,0.13032719993498176,,0.0009274000767618418,0.007067237434201667,0.01640331260181308,0.18240658899703785,0.0001501000951975584,0.3779644730092272,0.0002581001026555896,0.0002848999574780464,0.00013679999392479658,5.659996531903744e-05,4.0899962186813354e-05,,,,,,,,,,,
cora,0.5,0,0.0,low_deg_1_2,899,Gaussian RP,3,0,7,7,1,by_dim,0.000941899954341352,0.1293852999806404,0.13032719993498176,,0.0009274000767618418,0.0030401761836524443,0.016887792353840966,0.18246538691463546,0.0001501000951975584,0.3779644730092272,0.0002581001026555896,0.0002848999574780464,0.00013679999392479658,5.659996531903744e-05,4.0899962186813354e-05,,,,,,,,,,,
cora,0.5,0,0.0,mid_deg_3_8,1439,Gaussian RP,3,0,7,7,1,by_dim,0.000941899954341352,0.1293852999806404,0.13032719993498176,,0.0009274000767618418,0.010795409787989598,0.02468058823942936,0.19230628437130037,0.0001501000951975584,0.3779644730092272,0.0002581001026555896,0.0002848999574780464,0.00013679999392479658,5.659996531903744e-05,4.0899962186813354e-05,,,,,,,,,,,
cora,0.5,0,0.0,high_deg_9_plus,147,Gaussian RP,3,0,7,7,1,by_dim,0.000941899954341352,0.1293852999806404,0.13032719993498176,,0.0009274000767618418,0.05381715624208913,0.1385572758678424,0.2929356168573956,0.0001501000951975584,0.3779644730092272,0.0002581001026555896,0.0002848999574780464,0.00013679999392479658,5.659996531903744e-05,4.0899962186813354e-05,,,,,,,,,,,
cora,0.5,0,0.0,all,2485,Degree-stratified RP,3,0,7,7,1,by_dim,0.002043799962848425,0.25517530005890876,0.2572191000217572,,0.0019968999549746513,0.054364306008831687,0.09107830132328161,0.21119021220798992,,,,,,,,0.00022139993961900473,0.0009469999931752682,0.00043270003516227007,0.0002071999479085207,0.00010740000288933516,5.140004213899374e-05,2.9799994081258774e-05,7.0,1.0,1.0,"[1,2):n=354,ell=1;[2,4):n=1070,ell=1;[4,8):n=859,ell=1;[8,16):n=155,ell=1;[16,32):n=35,ell=1;[32,64):n=8,ell=1;[64,256):n=4,ell=1"
cora,0.5,0,0.0,low_deg_1_2,899,Degree-stratified RP,3,0,7,7,1,by_dim,0.002043799962848425,0.25517530005890876,0.2572191000217572,,0.0019968999549746513,0.037591462726608606,0.07032803777699861,0.24251164624644955,,,,,,,,0.00022139993961900473,0.0009469999931752682,0.00043270003516227007,0.0002071999479085207,0.00010740000288933516,5.140004213899374e-05,2.9799994081258774e-05,7.0,1.0,1.0,"[1,2):n=354,ell=1;[2,4):n=1070,ell=1;[4,8):n=859,ell=1;[8,16):n=155,ell=1;[16,32):n=35,ell=1;[32,64):n=8,ell=1;[64,256):n=4,ell=1"
cora,0.5,0,0.0,mid_deg_3_8,1439,Degree-stratified RP,3,0,7,7,1,by_dim,0.002043799962848425,0.25517530005890876,0.2572191000217572,,0.0019968999549746513,0.060986360883027994,0.10152005427979183,0.2265044026328517,,,,,,,,0.00022139993961900473,0.0009469999931752682,0.00043270003516227007,0.0002071999479085207,0.00010740000288933516,5.140004213899374e-05,2.9799994081258774e-05,7.0,1.0,1.0,"[1,2):n=354,ell=1;[2,4):n=1070,ell=1;[4,8):n=859,ell=1;[8,16):n=155,ell=1;[16,32):n=35,ell=1;[32,64):n=8,ell=1;[64,256):n=4,ell=1"
cora,0.5,0,0.0,high_deg_9_plus,147,Degree-stratified RP,3,0,7,7,1,by_dim,0.002043799962848425,0.25517530005890876,0.2572191000217572,,0.0019968999549746513,0.16210323393357248,0.27745700445898536,0.28747382352695444,,,,,,,,0.00022139993961900473,0.0009469999931752682,0.00043270003516227007,0.0002071999479085207,0.00010740000288933516,5.140004213899374e-05,2.9799994081258774e-05,7.0,1.0,1.0,"[1,2):n=354,ell=1;[2,4):n=1070,ell=1;[4,8):n=859,ell=1;[8,16):n=155,ell=1;[16,32):n=35,ell=1;[32,64):n=8,ell=1;[64,256):n=4,ell=1"
cora,0.5,0,0.0,all,2485,Exact spectral,4,0,7,7,1,by_dim,0.0715158999664709,0.0709308999357745,0.1424467999022454,0.0715158999664709,0.0715158999664709,0.2746673619983619,0.4050205526507697,0.3690378240668263,,,,,,,,,,,,,,,,,,
cora,0.5,0,0.0,low_deg_1_2,899,Exact spectral,4,0,7,7,1,by_dim,0.0715158999664709,0.0709308999357745,0.1424467999022454,0.0715158999664709,0.0715158999664709,0.250466425782142,0.3758795124191361,0.37037501623722685,,,,,,,,,,,,,,,,,,
cora,0.5,0,0.0,mid_deg_3_8,1439,Exact spectral,4,0,7,7,1,by_dim,0.0715158999664709,0.0709308999357745,0.1424467999022454,0.0715158999664709,0.0715158999664709,0.2831277959132978,0.41826938941013014,0.36341666033795567,,,,,,,,,,,,,,,,,,
cora,0.5,0,0.0,high_deg_9_plus,147,Exact spectral,4,0,7,7,1,by_dim,0.0715158999664709,0.0709308999357745,0.1424467999022454,0.0715158999664709,0.0715158999664709,0.3551887991927153,0.5447886428187467,0.4351176881451459,,,,,,,,,,,,,,,,,,
cora,0.5,0,0.0,all,2485,Gaussian RP,4,0,7,7,1,by_dim,0.0020758999744430184,0.2407027999870479,0.24277869996149093,,0.002059199963696301,0.016236383455442503,0.02977475158515798,0.20255193171057204,0.00017070001922547817,0.3779644730092272,0.00031299993861466646,0.0013448999961838126,0.00013020006008446217,6.459990981966257e-05,3.5800039768218994e-05,,,,,,,,,,,
cora,0.5,0,0.0,low_deg_1_2,899,Gaussian RP,4,0,7,7,1,by_dim,0.0020758999744430184,0.2407027999870479,0.24277869996149093,,0.002059199963696301,0.013535880554966684,0.031260986188966486,0.1949435682524611,0.00017070001922547817,0.3779644730092272,0.00031299993861466646,0.0013448999961838126,0.00013020006008446217,6.459990981966257e-05,3.5800039768218994e-05,,,,,,,,,,,
cora,0.5,0,0.0,mid_deg_3_8,1439,Gaussian RP,4,0,7,7,1,by_dim,0.0020758999744430184,0.2407027999870479,0.24277869996149093,,0.002059199963696301,0.01942919084307593,0.039589019469766826,0.20614228116435532,0.00017070001922547817,0.3779644730092272,0.00031299993861466646,0.0013448999961838126,0.00013020006008446217,6.459990981966257e-05,3.5800039768218994e-05,,,,,,,,,,,
cora,0.5,0,0.0,high_deg_9_plus,147,Gaussian RP,4,0,7,7,1,by_dim,0.0020758999744430184,0.2407027999870479,0.24277869996149093,,0.002059199963696301,0.012355507775245878,0.11414586965790098,0.2517711370256253,0.00017070001922547817,0.3779644730092272,0.00031299993861466646,0.0013448999961838126,0.00013020006008446217,6.459990981966257e-05,3.5800039768218994e-05,,,,,,,,,,,
cora,0.5,0,0.0,all,2485,Degree-stratified RP,4,0,7,7,1,by_dim,0.0021135000279173255,0.058422000030986965,0.06053550005890429,,0.002053000032901764,0.03753926173652995,0.0659703205894789,0.24879277197125219,,,,,,,,0.0002730999840423465,0.0010308000491932034,0.00033840001560747623,0.00019910000264644623,0.00011999998241662979,5.6299963034689426e-05,3.530003596097231e-05,7.0,1.0,1.0,"[1,2):n=354,ell=1;[2,4):n=1070,ell=1;[4,8):n=859,ell=1;[8,16):n=155,ell=1;[16,32):n=35,ell=1;[32,64):n=8,ell=1;[64,256):n=4,ell=1"
cora,0.5,0,0.0,low_deg_1_2,899,Degree-stratified RP,4,0,7,7,1,by_dim,0.0021135000279173255,0.058422000030986965,0.06053550005890429,,0.002053000032901764,0.027279995071151232,0.06266671247508242,0.24327120300772923,,,,,,,,0.0002730999840423465,0.0010308000491932034,0.00033840001560747623,0.00019910000264644623,0.00011999998241662979,5.6299963034689426e-05,3.530003596097231e-05,7.0,1.0,1.0,"[1,2):n=354,ell=1;[2,4):n=1070,ell=1;[4,8):n=859,ell=1;[8,16):n=155,ell=1;[16,32):n=35,ell=1;[32,64):n=8,ell=1;[64,256):n=4,ell=1"
cora,0.5,0,0.0,mid_deg_3_8,1439,Degree-stratified RP,4,0,7,7,1,by_dim,0.0021135000279173255,0.058422000030986965,0.06053550005890429,,0.002053000032901764,0.04341207409329093,0.07350252333556352,0.24607066292911797,,,,,,,,0.0002730999840423465,0.0010308000491932034,0.00033840001560747623,0.00019910000264644623,0.00011999998241662979,5.6299963034689426e-05,3.530003596097231e-05,7.0,1.0,1.0,"[1,2):n=354,ell=1;[2,4):n=1070,ell=1;[4,8):n=859,ell=1;[8,16):n=155,ell=1;[16,32):n=35,ell=1;[32,64):n=8,ell=1;[64,256):n=4,ell=1"
cora,0.5,0,0.0,high_deg_9_plus,147,Degree-stratified RP,4,0,7,7,1,by_dim,0.0021135000279173255,0.058422000030986965,0.06053550005890429,,0.002053000032901764,0.07936240555127815,0.18692272964117615,0.29169248637372835,,,,,,,,0.0002730999840423465,0.0010308000491932034,0.00033840001560747623,0.00019910000264644623,0.00011999998241662979,5.6299963034689426e-05,3.530003596097231e-05,7.0,1.0,1.0,"[1,2):n=354,ell=1;[2,4):n=1070,ell=1;[4,8):n=859,ell=1;[8,16):n=155,ell=1;[16,32):n=35,ell=1;[32,64):n=8,ell=1;[64,256):n=4,ell=1"
cora,0.5,0,0.0,all,2485,Exact spectral,5,0,7,7,1,by_dim,0.0715158999664709,0.059029399999417365,0.13054529996588826,0.0715158999664709,0.0715158999664709,0.24056786477213976,0.3903644356045871,0.35706454768346,,,,,,,,,,,,,,,,,,
cora,0.5,0,0.0,low_deg_1_2,899,Exact spectral,5,0,7,7,1,by_dim,0.0715158999664709,0.059029399999417365,0.13054529996588826,0.0715158999664709,0.0715158999664709,0.22216689845580734,0.367825216438132,0.36513004908244084,,,,,,,,,,,,,,,,,,
cora,0.5,0,0.0,mid_deg_3_8,1439,Exact spectral,5,0,7,7,1,by_dim,0.0715158999664709,0.059029399999417365,0.13054529996588826,0.0715158999664709,0.0715158999664709,0.24657856812900913,0.4018727237065385,0.3479980204378352,,,,,,,,,,,,,,,,,,
cora,0.5,0,0.0,high_deg_9_plus,147,Exact spectral,5,0,7,7,1,by_dim,0.0715158999664709,0.059029399999417365,0.13054529996588826,0.0715158999664709,0.0715158999664709,0.3160878126091473,0.5267294229614985,0.3990413046514028,,,,,,,,,,,,,,,,,,
cora,0.5,0,0.0,all,2485,Gaussian RP,5,0,7,7,1,by_dim,0.0009395999368280172,0.1469527999870479,0.14789239992387593,,0.0009258000645786524,0.009973148174355635,0.020843970711705257,0.1879540511992885,0.000175400055013597,0.3779644730092272,0.00022759998682886362,0.00028719997499138117,0.00014100002590566874,5.859998054802418e-05,3.600004129111767e-05,,,,,,,,,,,
cora,0.5,0,0.0,low_deg_1_2,899,Gaussian RP,5,0,7,7,1,by_dim,0.0009395999368280172,0.1469527999870479,0.14789239992387593,,0.0009258000645786524,0.0037354695111927777,0.013625840786532133,0.17793085775285705,0.000175400055013597,0.3779644730092272,0.00022759998682886362,0.00028719997499138117,0.00014100002590566874,5.859998054802418e-05,3.600004129111767e-05,,,,,,,,,,,
cora,0.5,0,0.0,mid_deg_3_8,1439,Gaussian RP,5,0,7,7,1,by_dim,0.0009395999368280172,0.1469527999870479,0.14789239992387593,,0.0009258000645786524,0.017943950862812898,0.03734596644319896,0.2104095991642369,0.000175400055013597,0.3779644730092272,0.00022759998682886362,0.00028719997499138117,0.00014100002590566874,5.859998054802418e-05,3.600004129111767e-05,,,,,,,,,,,
cora,0.5,0,0.0,high_deg_9_plus,147,Gaussian RP,5,0,7,7,1,by_dim,0.0009395999368280172,0.1469527999870479,0.14789239992387593,,0.0009258000645786524,0.023163183089629155,0.10927369832768954,0.24538613935314882,0.000175400055013597,0.3779644730092272,0.00022759998682886362,0.00028719997499138117,0.00014100002590566874,5.859998054802418e-05,3.600004129111767e-05,,,,,,,,,,,
cora,0.5,0,0.0,all,2485,Degree-stratified RP,5,0,7,7,1,by_dim,0.0021383999846875668,0.06483679998200387,0.06697519996669143,,0.002088200068101287,0.0727833360571003,0.12174926416923997,0.258045683993171,,,,,,,,0.00026240001898258924,0.0010163000551983714,0.0004062999505549669,0.00020350003615021706,0.00011519994586706161,5.0600036047399044e-05,3.390002530068159e-05,7.0,1.0,1.0,"[1,2):n=354,ell=1;[2,4):n=1070,ell=1;[4,8):n=859,ell=1;[8,16):n=155,ell=1;[16,32):n=35,ell=1;[32,64):n=8,ell=1;[64,256):n=4,ell=1"
cora,0.5,0,0.0,low_deg_1_2,899,Degree-stratified RP,5,0,7,7,1,by_dim,0.0021383999846875668,0.06483679998200387,0.06697519996669143,,0.002088200068101287,0.040756088958019784,0.10152846218312607,0.24527930852531835,,,,,,,,0.00026240001898258924,0.0010163000551983714,0.0004062999505549669,0.00020350003615021706,0.00011519994586706161,5.0600036047399044e-05,3.390002530068159e-05,7.0,1.0,1.0,"[1,2):n=354,ell=1;[2,4):n=1070,ell=1;[4,8):n=859,ell=1;[8,16):n=155,ell=1;[16,32):n=35,ell=1;[32,64):n=8,ell=1;[64,256):n=4,ell=1"
cora,0.5,0,0.0,mid_deg_3_8,1439,Degree-stratified RP,5,0,7,7,1,by_dim,0.0021383999846875668,0.06483679998200387,0.06697519996669143,,0.002088200068101287,0.08719075876624915,0.13374276976362545,0.27263321942666235,,,,,,,,0.00026240001898258924,0.0010163000551983714,0.0004062999505549669,0.00020350003615021706,0.00011519994586706161,5.0600036047399044e-05,3.390002530068159e-05,7.0,1.0,1.0,"[1,2):n=354,ell=1;[2,4):n=1070,ell=1;[4,8):n=859,ell=1;[8,16):n=155,ell=1;[16,32):n=35,ell=1;[32,64):n=8,ell=1;[64,256):n=4,ell=1"
cora,0.5,0,0.0,high_deg_9_plus,147,Degree-stratified RP,5,0,7,7,1,by_dim,0.0021383999846875668,0.06483679998200387,0.06697519996669143,,0.002088200068101287,0.20243547510664156,0.3165891114148843,0.4014498106935082,,,,,,,,0.00026240001898258924,0.0010163000551983714,0.0004062999505549669,0.00020350003615021706,0.00011519994586706161,5.0600036047399044e-05,3.390002530068159e-05,7.0,1.0,1.0,"[1,2):n=354,ell=1;[2,4):n=1070,ell=1;[4,8):n=859,ell=1;[8,16):n=155,ell=1;[16,32):n=35,ell=1;[32,64):n=8,ell=1;[64,256):n=4,ell=1"
cora,0.5,0,0.0,all,2485,Exact spectral,6,0,7,7,1,by_dim,0.0715158999664709,0.0506547000259161,0.122170599992387,0.0715158999664709,0.0715158999664709,0.23820969921575666,0.39526302071691105,0.2787318543368127,,,,,,,,,,,,,,,,,,
cora,0.5,0,0.0,low_deg_1_2,899,Exact spectral,6,0,7,7,1,by_dim,0.0715158999664709,0.0506547000259161,0.122170599992387,0.0715158999664709,0.0715158999664709,0.21966094372704997,0.372750700670319,0.2893541925142974,,,,,,,,,,,,,,,,,,
cora,0.5,0,0.0,mid_deg_3_8,1439,Exact spectral,6,0,7,7,1,by_dim,0.0715158999664709,0.0506547000259161,0.122170599992387,0.0715158999664709,0.0715158999664709,0.24335018012654022,0.40828048921210225,0.27223469929152183,,,,,,,,,,,,,,,,,,
cora,0.5,0,0.0,high_deg_9_plus,147,Exact spectral,6,0,7,7,1,by_dim,0.0715158999664709,0.0506547000259161,0.122170599992387,0.0715158999664709,0.0715158999664709,0.3205538580908599,0.5166168415530322,0.2856052476025962,,,,,,,,,,,,,,,,,,
cora,0.5,0,0.0,all,2485,Gaussian RP,6,0,7,7,1,by_dim,0.0012287000427022576,0.13825830002315342,0.13948700006585568,,0.0012135000433772802,0.016561689078956304,0.031914023013735124,0.20067489155417356,0.0001922000665217638,0.3779644730092272,0.00023989996407181025,0.0005669000092893839,0.00011929997708648443,5.9999991208314896e-05,3.520003519952297e-05,,,,,,,,,,,
cora,0.5,0,0.0,low_deg_1_2,899,Gaussian RP,6,0,7,7,1,by_dim,0.0012287000427022576,0.13825830002315342,0.13948700006585568,,0.0012135000433772802,0.013868148047517521,0.033771006675818484,0.19887684478088638,0.0001922000665217638,0.3779644730092272,0.00023989996407181025,0.0005669000092893839,0.00011929997708648443,5.9999991208314896e-05,3.520003519952297e-05,,,,,,,,,,,
cora,0.5,0,0.0,mid_deg_3_8,1439,Gaussian RP,6,0,7,7,1,by_dim,0.0012287000427022576,0.13825830002315342,0.13948700006585568,,0.0012135000433772802,0.016449113541320826,0.03658271991493018,0.20570870678957018,0.0001922000665217638,0.3779644730092272,0.00023989996407181025,0.0005669000092893839,0.00011929997708648443,5.9999991208314896e-05,3.520003519952297e-05,,,,,,,,,,,
cora,0.5,0,0.0,high_deg_9_plus,147,Gaussian RP,6,0,7,7,1,by_dim,0.0012287000427022576,0.13825830002315342,0.13948700006585568,,0.0012135000433772802,0.05056185451021992,0.1417567999533156,0.29354319766355547,0.0001922000665217638,0.3779644730092272,0.00023989996407181025,0.0005669000092893839,0.00011929997708648443,5.9999991208314896e-05,3.520003519952297e-05,,,,,,,,,,,
cora,0.5,0,0.0,all,2485,Degree-stratified RP,6,0,7,7,1,by_dim,0.002356100012548268,0.07411319995298982,0.07646929996553808,,0.002316500060260296,0.08352752722356738,0.14114325179141995,0.3213131644223486,,,,,,,,0.0002730999840423465,0.0012287000427022576,0.0004453000146895647,0.00019470008555799723,0.00010219996329396963,4.3599982745945454e-05,2.889998722821474e-05,7.0,1.0,1.0,"[1,2):n=354,ell=1;[2,4):n=1070,ell=1;[4,8):n=859,ell=1;[8,16):n=155,ell=1;[16,32):n=35,ell=1;[32,64):n=8,ell=1;[64,256):n=4,ell=1"
cora,0.5,0,0.0,low_deg_1_2,899,Degree-stratified RP,6,0,7,7,1,by_dim,0.002356100012548268,0.07411319995298982,0.07646929996553808,,0.002316500060260296,0.047668570629592434,0.104217178388573,0.26566146254608336,,,,,,,,0.0002730999840423465,0.0012287000427022576,0.0004453000146895647,0.00019470008555799723,0.00010219996329396963,4.3599982745945454e-05,2.889998722821474e-05,7.0,1.0,1.0,"[1,2):n=354,ell=1;[2,4):n=1070,ell=1;[4,8):n=859,ell=1;[8,16):n=155,ell=1;[16,32):n=35,ell=1;[32,64):n=8,ell=1;[64,256):n=4,ell=1"
cora,0.5,0,0.0,mid_deg_3_8,1439,Degree-stratified RP,6,0,7,7,1,by_dim,0.002356100012548268,0.07411319995298982,0.07646929996553808,,0.002316500060260296,0.10167697322430898,0.16493196344852384,0.3408214938846923,,,,,,,,0.0002730999840423465,0.0012287000427022576,0.0004453000146895647,0.00019470008555799723,0.00010219996329396963,4.3599982745945454e-05,2.889998722821474e-05,7.0,1.0,1.0,"[1,2):n=354,ell=1;[2,4):n=1070,ell=1;[4,8):n=859,ell=1;[8,16):n=155,ell=1;[16,32):n=35,ell=1;[32,64):n=8,ell=1;[64,256):n=4,ell=1"
cora,0.5,0,0.0,high_deg_9_plus,147,Degree-stratified RP,6,0,7,7,1,by_dim,0.002356100012548268,0.07411319995298982,0.07646929996553808,,0.002316500060260296,0.19239061709514238,0.32630214310695815,0.4140081641231544,,,,,,,,0.0002730999840423465,0.0012287000427022576,0.0004453000146895647,0.00019470008555799723,0.00010219996329396963,4.3599982745945454e-05,2.889998722821474e-05,7.0,1.0,1.0,"[1,2):n=354,ell=1;[2,4):n=1070,ell=1;[4,8):n=859,ell=1;[8,16):n=155,ell=1;[16,32):n=35,ell=1;[32,64):n=8,ell=1;[64,256):n=4,ell=1"
cora,0.5,0,0.0,all,2485,Exact spectral,7,0,7,7,1,by_dim,0.0715158999664709,0.06555369996931404,0.13706959993578494,0.0715158999664709,0.0715158999664709,0.23820969921575666,0.3952630207169111,0.2787318543368127,,,,,,,,,,,,,,,,,,
cora,0.5,0,0.0,low_deg_1_2,899,Exact spectral,7,0,7,7,1,by_dim,0.0715158999664709,0.06555369996931404,0.13706959993578494,0.0715158999664709,0.0715158999664709,0.21966094372704997,0.37275070067031907,0.2893541925142974,,,,,,,,,,,,,,,,,,
cora,0.5,0,0.0,mid_deg_3_8,1439,Exact spectral,7,0,7,7,1,by_dim,0.0715158999664709,0.06555369996931404,0.13706959993578494,0.0715158999664709,0.0715158999664709,0.24335018012654022,0.40828048921210225,0.27223469929152183,,,,,,,,,,,,,,,,,,
cora,0.5,0,0.0,high_deg_9_plus,147,Exact spectral,7,0,7,7,1,by_dim,0.0715158999664709,0.06555369996931404,0.13706959993578494,0.0715158999664709,0.0715158999664709,0.3205538580908599,0.5166168415530322,0.2856052476025962,,,,,,,,,,,,,,,,,,
cora,0.5,0,0.0,all,2485,Gaussian RP,7,0,7,7,1,by_dim,0.0009929999941959977,0.13375249993987381,0.1347454999340698,,0.0009644998935982585,0.015095461321916357,0.03312284544811218,0.2187225098664001,0.00018079997971653938,0.3779644730092272,0.0002668999368324876,0.00030519999563694,0.00011929997708648443,5.989999044686556e-05,3.2400013878941536e-05,,,,,,,,,,,
cora,0.5,0,0.0,low_deg_1_2,899,Gaussian RP,7,0,7,7,1,by_dim,0.0009929999941959977,0.13375249993987381,0.1347454999340698,,0.0009644998935982585,0.014794159876487297,0.03459045395564345,0.21372969010485293,0.00018079997971653938,0.3779644730092272,0.0002668999368324876,0.00030519999563694,0.00011929997708648443,5.989999044686556e-05,3.2400013878941536e-05,,,,,,,,,,,
cora,0.5,0,0.0,mid_deg_3_8,1439,Gaussian RP,7,0,7,7,1,by_dim,0.0009929999941959977,0.13375249993987381,0.1347454999340698,,0.0009644998935982585,0.017390447888761065,0.04104314612054079,0.22857297518237643,0.00018079997971653938,0.3779644730092272,0.0002668999368324876,0.00030519999563694,0.00011929997708648443,5.989999044686556e-05,3.2400013878941536e-05,,,,,,,,,,,
cora,0.5,0,0.0,high_deg_9_plus,147,Gaussian RP,7,0,7,7,1,by_dim,0.0009929999941959977,0.13375249993987381,0.1347454999340698,,0.0009644998935982585,0.030421668183137813,0.11707524961895895,0.2660687990221978,0.00018079997971653938,0.3779644730092272,0.0002668999368324876,0.00030519999563694,0.00011929997708648443,5.989999044686556e-05,3.2400013878941536e-05,,,,,,,,,,,
cora,0.5,0,0.0,all,2485,Degree-stratified RP,7,0,7,7,1,by_dim,0.002334499964490533,0.06365190003998578,0.06598640000447631,,0.0022792998934164643,0.05917354357969044,0.1064579886511408,0.28795796161011034,,,,,,,,0.0002313000150024891,0.0009992999257519841,0.0005015999777242541,0.0002905000001192093,0.0001335999695584178,8.63000750541687e-05,3.66999302059412e-05,7.0,1.0,1.0,"[1,2):n=354,ell=1;[2,4):n=1070,ell=1;[4,8):n=859,ell=1;[8,16):n=155,ell=1;[16,32):n=35,ell=1;[32,64):n=8,ell=1;[64,256):n=4,ell=1"
cora,0.5,0,0.0,low_deg_1_2,899,Degree-stratified RP,7,0,7,7,1,by_dim,0.002334499964490533,0.06365190003998578,0.06598640000447631,,0.0022792998934164643,0.033557214025846514,0.07793376717078948,0.24121540325858776,,,,,,,,0.0002313000150024891,0.0009992999257519841,0.0005015999777242541,0.0002905000001192093,0.0001335999695584178,8.63000750541687e-05,3.66999302059412e-05,7.0,1.0,1.0,"[1,2):n=354,ell=1;[2,4):n=1070,ell=1;[4,8):n=859,ell=1;[8,16):n=155,ell=1;[16,32):n=35,ell=1;[32,64):n=8,ell=1;[64,256):n=4,ell=1"
cora,0.5,0,0.0,mid_deg_3_8,1439,Degree-stratified RP,7,0,7,7,1,by_dim,0.002334499964490533,0.06365190003998578,0.06598640000447631,,0.0022792998934164643,0.07490355395061231,0.12329292404754423,0.3006049087343432,,,,,,,,0.0002313000150024891,0.0009992999257519841,0.0005015999777242541,0.0002905000001192093,0.0001335999695584178,8.63000750541687e-05,3.66999302059412e-05,7.0,1.0,1.0,"[1,2):n=354,ell=1;[2,4):n=1070,ell=1;[4,8):n=859,ell=1;[8,16):n=155,ell=1;[16,32):n=35,ell=1;[32,64):n=8,ell=1;[64,256):n=4,ell=1"
cora,0.5,0,0.0,high_deg_9_plus,147,Degree-stratified RP,7,0,7,7,1,by_dim,0.002334499964490533,0.06365190003998578,0.06598640000447631,,0.0022792998934164643,0.1507934504726558,0.2696890964592996,0.4012192242563786,,,,,,,,0.0002313000150024891,0.0009992999257519841,0.0005015999777242541,0.0002905000001192093,0.0001335999695584178,8.63000750541687e-05,3.66999302059412e-05,7.0,1.0,1.0,"[1,2):n=354,ell=1;[2,4):n=1070,ell=1;[4,8):n=859,ell=1;[8,16):n=155,ell=1;[16,32):n=35,ell=1;[32,64):n=8,ell=1;[64,256):n=4,ell=1"
cora,0.5,0,0.0,all,2485,Exact spectral,8,0,7,7,1,by_dim,0.0715158999664709,0.04172640002798289,0.11324229999445379,0.0715158999664709,0.0715158999664709,0.23820969921575666,0.3952630207169111,0.2787318543368127,,,,,,,,,,,,,,,,,,
cora,0.5,0,0.0,low_deg_1_2,899,Exact spectral,8,0,7,7,1,by_dim,0.0715158999664709,0.04172640002798289,0.11324229999445379,0.0715158999664709,0.0715158999664709,0.21966094372704997,0.37275070067031907,0.2893541925142974,,,,,,,,,,,,,,,,,,
cora,0.5,0,0.0,mid_deg_3_8,1439,Exact spectral,8,0,7,7,1,by_dim,0.0715158999664709,0.04172640002798289,0.11324229999445379,0.0715158999664709,0.0715158999664709,0.24335018012654022,0.40828048921210214,0.27223469929152183,,,,,,,,,,,,,,,,,,
cora,0.5,0,0.0,high_deg_9_plus,147,Exact spectral,8,0,7,7,1,by_dim,0.0715158999664709,0.04172640002798289,0.11324229999445379,0.0715158999664709,0.0715158999664709,0.3205538580908599,0.5166168415530322,0.2856052476025962,,,,,,,,,,,,,,,,,,
cora,0.5,0,0.0,all,2485,Gaussian RP,8,0,7,7,1,by_dim,0.0008858999935910106,0.12557309994008392,0.12645899993367493,,0.0008730998961254954,0.010428628020708715,0.02404916291973383,0.20327262717402447,0.00015759991947561502,0.3779644730092272,0.00023480004165321589,0.0002725999802350998,0.0001148999435827136,5.75000885874033e-05,3.569992259144783e-05,,,,,,,,,,,
cora,0.5,0,0.0,low_deg_1_2,899,Gaussian RP,8,0,7,7,1,by_dim,0.0008858999935910106,0.12557309994008392,0.12645899993367493,,0.0008730998961254954,0.003422039046354138,0.019919796545836952,0.18991772022559286,0.00015759991947561502,0.3779644730092272,0.00023480004165321589,0.0002725999802350998,0.0001148999435827136,5.75000885874033e-05,3.569992259144783e-05,,,,,,,,,,,
cora,0.5,0,0.0,mid_deg_3_8,1439,Gaussian RP,8,0,7,7,1,by_dim,0.0008858999935910106,0.12557309994008392,0.12645899993367493,,0.0008730998961254954,0.014290799705894999,0.032932386759119026,0.21186792228567422,0.00015759991947561502,0.3779644730092272,0.00023480004165321589,0.0002725999802350998,0.0001148999435827136,5.75000885874033e-05,3.569992259144783e-05,,,,,,,,,,,
cora,0.5,0,0.0,high_deg_9_plus,147,Gaussian RP,8,0,7,7,1,by_dim,0.0008858999935910106,0.12557309994008392,0.12645899993367493,,0.0008730998961254954,0.041942496349138145,0.13407150415224775,0.28291491235471655,0.00015759991947561502,0.3779644730092272,0.00023480004165321589,0.0002725999802350998,0.0001148999435827136,5.75000885874033e-05,3.569992259144783e-05,,,,,,,,,,,
cora,0.5,0,0.0,all,2485,Degree-stratified RP,8,0,7,7,1,by_dim,0.002606400055810809,0.06414469995070249,0.0667511000065133,,0.002548899967223406,0.05845965695377376,0.09478463119100758,0.2753187965948608,,,,,,,,0.00026830006390810013,0.0012116999132558703,0.0004616000223904848,0.0003684000112116337,0.0001308999489992857,7.090007420629263e-05,3.709993325173855e-05,7.0,1.0,1.0,"[1,2):n=354,ell=1;[2,4):n=1070,ell=1;[4,8):n=859,ell=1;[8,16):n=155,ell=1;[16,32):n=35,ell=1;[32,64):n=8,ell=1;[64,256):n=4,ell=1"
cora,0.5,0,0.0,low_deg_1_2,899,Degree-stratified RP,8,0,7,7,1,by_dim,0.002606400055810809,0.06414469995070249,0.0667511000065133,,0.002548899967223406,0.0321344962080566,0.07304781755123034,0.24142311729885294,,,,,,,,0.00026830006390810013,0.0012116999132558703,0.0004616000223904848,0.0003684000112116337,0.0001308999489992857,7.090007420629263e-05,3.709993325173855e-05,7.0,1.0,1.0,"[1,2):n=354,ell=1;[2,4):n=1070,ell=1;[4,8):n=859,ell=1;[8,16):n=155,ell=1;[16,32):n=35,ell=1;[32,64):n=8,ell=1;[64,256):n=4,ell=1"
cora,0.5,0,0.0,mid_deg_3_8,1439,Degree-stratified RP,8,0,7,7,1,by_dim,0.002606400055810809,0.06414469995070249,0.0667511000065133,,0.002548899967223406,0.08008971687606178,0.12111007015287413,0.3041341705519792,,,,,,,,0.00026830006390810013,0.0012116999132558703,0.0004616000223904848,0.0003684000112116337,0.0001308999489992857,7.090007420629263e-05,3.709993325173855e-05,7.0,1.0,1.0,"[1,2):n=354,ell=1;[2,4):n=1070,ell=1;[4,8):n=859,ell=1;[8,16):n=155,ell=1;[16,32):n=35,ell=1;[32,64):n=8,ell=1;[64,256):n=4,ell=1"
cora,0.5,0,0.0,high_deg_9_plus,147,Degree-stratified RP,8,0,7,7,1,by_dim,0.002606400055810809,0.06414469995070249,0.0667511000065133,,0.002548899967223406,0.09314939400063045,0.19012146077299755,0.3552623005311911,,,,,,,,0.00026830006390810013,0.0012116999132558703,0.0004616000223904848,0.0003684000112116337,0.0001308999489992857,7.090007420629263e-05,3.709993325173855e-05,7.0,1.0,1.0,"[1,2):n=354,ell=1;[2,4):n=1070,ell=1;[4,8):n=859,ell=1;[8,16):n=155,ell=1;[16,32):n=35,ell=1;[32,64):n=8,ell=1;[64,256):n=4,ell=1"
cora,0.5,0,0.0,all,2485,Exact spectral,9,0,7,7,1,by_dim,0.0715158999664709,0.05484619992785156,0.12636209989432245,0.0715158999664709,0.0715158999664709,0.23663660029214761,0.39178654072668767,0.28625980612563584,,,,,,,,,,,,,,,,,,
cora,0.5,0,0.0,low_deg_1_2,899,Exact spectral,9,0,7,7,1,by_dim,0.0715158999664709,0.05484619992785156,0.12636209989432245,0.0715158999664709,0.0715158999664709,0.21662042283526511,0.366727666071645,0.30304457536073903,,,,,,,,,,,,,,,,,,
cora,0.5,0,0.0,mid_deg_3_8,1439,Exact spectral,9,0,7,7,1,by_dim,0.0715158999664709,0.05484619992785156,0.12636209989432245,0.0715158999664709,0.0715158999664709,0.24289761064132073,0.406560024454656,0.2769609969385836,,,,,,,,,,,,,,,,,,
cora,0.5,0,0.0,high_deg_9_plus,147,Exact spectral,9,0,7,7,1,by_dim,0.0715158999664709,0.05484619992785156,0.12636209989432245,0.0715158999664709,0.0715158999664709,0.3205538580908599,0.5166168415530322,0.2856052476025962,,,,,,,,,,,,,,,,,,
cora,0.5,0,0.0,all,2485,Gaussian RP,9,0,7,7,1,by_dim,0.0008341000648215413,0.2332951999269426,0.23412929999176413,,0.0008206999627873302,0.01646134648044191,0.030723446061302596,0.20107878660370565,0.00014509994070976973,0.3779644730092272,0.00016510009299963713,0.0002845999551936984,0.00012670003343373537,6.369990296661854e-05,3.550003748387098e-05,,,,,,,,,,,
cora,0.5,0,0.0,low_deg_1_2,899,Gaussian RP,9,0,7,7,1,by_dim,0.0008341000648215413,0.2332951999269426,0.23412929999176413,,0.0008206999627873302,0.010643479490175259,0.032704566356321074,0.1964274889969078,0.00014509994070976973,0.3779644730092272,0.00016510009299963713,0.0002845999551936984,0.00012670003343373537,6.369990296661854e-05,3.550003748387098e-05,,,,,,,,,,,
cora,0.5,0,0.0,mid_deg_3_8,1439,Gaussian RP,9,0,7,7,1,by_dim,0.0008341000648215413,0.2332951999269426,0.23412929999176413,,0.0008206999627873302,0.020352371496996945,0.03932680092996527,0.20772601637681723,0.00014509994070976973,0.3779644730092272,0.00016510009299963713,0.0002845999551936984,0.00012670003343373537,6.369990296661854e-05,3.550003748387098e-05,,,,,,,,,,,
cora,0.5,0,0.0,high_deg_9_plus,147,Gaussian RP,9,0,7,7,1,by_dim,0.0008341000648215413,0.2332951999269426,0.23412929999176413,,0.0008206999627873302,0.03651009585835057,0.13361120508021812,0.2737804844662944,0.00014509994070976973,0.3779644730092272,0.00016510009299963713,0.0002845999551936984,0.00012670003343373537,6.369990296661854e-05,3.550003748387098e-05,,,,,,,,,,,
cora,0.5,0,0.0,all,2485,Degree-stratified RP,9,0,7,7,1,by_dim,0.0021976999705657363,0.06833539996296167,0.07053309993352741,,0.0021474999375641346,0.03745917784112104,0.05918131412741049,0.22822012029719538,,,,,,,,0.00020819995552301407,0.0010507999686524272,0.0004555999767035246,0.000237800064496696,0.00011080002877861261,5.359994247555733e-05,3.070000093430281e-05,7.0,1.0,1.0,"[1,2):n=354,ell=1;[2,4):n=1070,ell=1;[4,8):n=859,ell=1;[8,16):n=155,ell=1;[16,32):n=35,ell=1;[32,64):n=8,ell=1;[64,256):n=4,ell=1"
cora,0.5,0,0.0,low_deg_1_2,899,Degree-stratified RP,9,0,7,7,1,by_dim,0.0021976999705657363,0.06833539996296167,0.07053309993352741,,0.0021474999375641346,0.024036013258863932,0.04300256715832921,0.20075016476510846,,,,,,,,0.00020819995552301407,0.0010507999686524272,0.0004555999767035246,0.000237800064496696,0.00011080002877861261,5.359994247555733e-05,3.070000093430281e-05,7.0,1.0,1.0,"[1,2):n=354,ell=1;[2,4):n=1070,ell=1;[4,8):n=859,ell=1;[8,16):n=155,ell=1;[16,32):n=35,ell=1;[32,64):n=8,ell=1;[64,256):n=4,ell=1"
cora,0.5,0,0.0,mid_deg_3_8,1439,Degree-stratified RP,9,0,7,7,1,by_dim,0.0021976999705657363,0.06833539996296167,0.07053309993352741,,0.0021474999375641346,0.04840902429649959,0.0764295492329236,0.24708761095906412,,,,,,,,0.00020819995552301407,0.0010507999686524272,0.0004555999767035246,0.000237800064496696,0.00011080002877861261,5.359994247555733e-05,3.070000093430281e-05,7.0,1.0,1.0,"[1,2):n=354,ell=1;[2,4):n=1070,ell=1;[4,8):n=859,ell=1;[8,16):n=155,ell=1;[16,32):n=35,ell=1;[32,64):n=8,ell=1;[64,256):n=4,ell=1"
cora,0.5,0,0.0,high_deg_9_plus,147,Degree-stratified RP,9,0,7,7,1,by_dim,0.0021976999705657363,0.06833539996296167,0.07053309993352741,,0.0021474999375641346,0.10613867725294283,0.20768576166141856,0.3171997553600195,,,,,,,,0.00020819995552301407,0.0010507999686524272,0.0004555999767035246,0.000237800064496696,0.00011080002877861261,5.359994247555733e-05,3.070000093430281e-05,7.0,1.0,1.0,"[1,2):n=354,ell=1;[2,4):n=1070,ell=1;[4,8):n=859,ell=1;[8,16):n=155,ell=1;[16,32):n=35,ell=1;[32,64):n=8,ell=1;[64,256):n=4,ell=1"
cora,0.5,0,0.0,all,2485,Exact spectral,10,0,7,7,1,by_dim,0.0715158999664709,0.058921299991197884,0.13043719995766878,0.0715158999664709,0.0715158999664709,0.23820969921575666,0.3952630207169111,0.2787318543368127,,,,,,,,,,,,,,,,,,
cora,0.5,0,0.0,low_deg_1_2,899,Exact spectral,10,0,7,7,1,by_dim,0.0715158999664709,0.058921299991197884,0.13043719995766878,0.0715158999664709,0.0715158999664709,0.21966094372704997,0.37275070067031907,0.2893541925142974,,,,,,,,,,,,,,,,,,
cora,0.5,0,0.0,mid_deg_3_8,1439,Exact spectral,10,0,7,7,1,by_dim,0.0715158999664709,0.058921299991197884,0.13043719995766878,0.0715158999664709,0.0715158999664709,0.24335018012654022,0.40828048921210214,0.27223469929152183,,,,,,,,,,,,,,,,,,
cora,0.5,0,0.0,high_deg_9_plus,147,Exact spectral,10,0,7,7,1,by_dim,0.0715158999664709,0.058921299991197884,0.13043719995766878,0.0715158999664709,0.0715158999664709,0.3205538580908599,0.5166168415530322,0.2856052476025962,,,,,,,,,,,,,,,,,,
cora,0.5,0,0.0,all,2485,Gaussian RP,10,0,7,7,1,by_dim,0.0009142999770119786,0.14392920001409948,0.14484349999111146,,0.0009006999898701906,0.017487832740477327,0.034250177466966535,0.20324290280018698,0.00015980005264282227,0.3779644730092272,0.000255499966442585,0.00025919999461621046,0.00013449997641146183,5.579995922744274e-05,3.590004052966833e-05,,,,,,,,,,,
cora,0.5,0,0.0,low_deg_1_2,899,Gaussian RP,10,0,7,7,1,by_dim,0.0009142999770119786,0.14392920001409948,0.14484349999111146,,0.0009006999898701906,0.01315772184715773,0.03173622053419579,0.2042594161221735,0.00015980005264282227,0.3779644730092272,0.000255499966442585,0.00025919999461621046,0.00013449997641146183,5.579995922744274e-05,3.590004052966833e-05,,,,,,,,,,,
cora,0.5,0,0.0,mid_deg_3_8,1439,Gaussian RP,10,0,7,7,1,by_dim,0.0009142999770119786,0.14392920001409948,0.14484349999111146,,0.0009006999898701906,0.020196136329071045,0.042045159763492206,0.21227611065679783,0.00015980005264282227,0.3779644730092272,0.000255499966442585,0.00025919999461621046,0.00013449997641146183,5.579995922744274e-05,3.590004052966833e-05,,,,,,,,,,,
cora,0.5,0,0.0,high_deg_9_plus,147,Gaussian RP,10,0,7,7,1,by_dim,0.0009142999770119786,0.14392920001409948,0.14484349999111146,,0.0009006999898701906,0.03219296224840916,0.14339507628585116,0.2846422415291291,0.00015980005264282227,0.3779644730092272,0.000255499966442585,0.00025919999461621046,0.00013449997641146183,5.579995922744274e-05,3.590004052966833e-05,,,,,,,,,,,
cora,0.5,0,0.0,all,2485,Degree-stratified RP,10,0,7,7,1,by_dim,0.002329600043594837,0.21838039997965097,0.2207100000232458,,0.0022710999473929405,0.05599071203673933,0.1000481740520464,0.24225725622162092,,,,,,,,0.0002775000175461173,0.001093899947591126,0.0004437000025063753,0.00022709998302161694,0.00012790004257112741,6.409990601241589e-05,3.69000481441617e-05,7.0,1.0,1.0,"[1,2):n=354,ell=1;[2,4):n=1070,ell=1;[4,8):n=859,ell=1;[8,16):n=155,ell=1;[16,32):n=35,ell=1;[32,64):n=8,ell=1;[64,256):n=4,ell=1"
cora,0.5,0,0.0,low_deg_1_2,899,Degree-stratified RP,10,0,7,7,1,by_dim,0.002329600043594837,0.21838039997965097,0.2207100000232458,,0.0022710999473929405,0.024061218751371582,0.0678258746152533,0.23052234635034355,,,,,,,,0.0002775000175461173,0.001093899947591126,0.0004437000025063753,0.00022709998302161694,0.00012790004257112741,6.409990601241589e-05,3.69000481441617e-05,7.0,1.0,1.0,"[1,2):n=354,ell=1;[2,4):n=1070,ell=1;[4,8):n=859,ell=1;[8,16):n=155,ell=1;[16,32):n=35,ell=1;[32,64):n=8,ell=1;[64,256):n=4,ell=1"
cora,0.5,0,0.0,mid_deg_3_8,1439,Degree-stratified RP,10,0,7,7,1,by_dim,0.002329600043594837,0.21838039997965097,0.2207100000232458,,0.0022710999473929405,0.07355244416782819,0.12098962291873731,0.2618026937240831,,,,,,,,0.0002775000175461173,0.001093899947591126,0.0004437000025063753,0.00022709998302161694,0.00012790004257112741,6.409990601241589e-05,3.69000481441617e-05,7.0,1.0,1.0,"[1,2):n=354,ell=1;[2,4):n=1070,ell=1;[4,8):n=859,ell=1;[8,16):n=155,ell=1;[16,32):n=35,ell=1;[32,64):n=8,ell=1;[64,256):n=4,ell=1"
cora,0.5,0,0.0,high_deg_9_plus,147,Degree-stratified RP,10,0,7,7,1,by_dim,0.002329600043594837,0.21838039997965097,0.2207100000232458,,0.0022710999473929405,0.14762811479878346,0.2636789918738387,0.3539642056164206,,,,,,,,0.0002775000175461173,0.001093899947591126,0.0004437000025063753,0.00022709998302161694,0.00012790004257112741,6.409990601241589e-05,3.69000481441617e-05,7.0,1.0,1.0,"[1,2):n=354,ell=1;[2,4):n=1070,ell=1;[4,8):n=859,ell=1;[8,16):n=155,ell=1;[16,32):n=35,ell=1;[32,64):n=8,ell=1;[64,256):n=4,ell=1"
cora,0.5,0,0.0,all,2485,Exact spectral,1,2,7,7,1,by_dim,0.0715158999664709,0.09300470002926886,0.16452059999573976,0.0715158999664709,0.0715158999664709,0.2354558223984257,0.3784208380744283,0.28076533439929846,,,,,,,,,,,,,,,,,,
cora,0.5,0,0.0,low_deg_1_2,899,Exact spectral,1,2,7,7,1,by_dim,0.0715158999664709,0.09300470002926886,0.16452059999573976,0.0715158999664709,0.0715158999664709,0.2155578843612951,0.35268766475426333,0.294617555485532,,,,,,,,,,,,,,,,,,
cora,0.5,0,0.0,mid_deg_3_8,1439,Exact spectral,1,2,7,7,1,by_dim,0.0715158999664709,0.09300470002926886,0.16452059999573976,0.0715158999664709,0.0715158999664709,0.2411832948967604,0.39361619386563546,0.2714325771423199,,,,,,,,,,,,,,,,,,
cora,0.5,0,0.0,high_deg_9_plus,147,Exact spectral,1,2,7,7,1,by_dim,0.0715158999664709,0.09300470002926886,0.16452059999573976,0.0715158999664709,0.0715158999664709,0.32093927879876,0.516794028527492,0.29297851949199716,,,,,,,,,,,,,,,,,,
cora,0.5,0,0.0,all,2485,Gaussian RP,1,2,9,7,1,by_dim,0.0011347000254318118,0.10350279998965561,0.10463750001508743,,0.0011214999249204993,0.012813548625879407,0.02392714136703439,0.19489884835458135,0.0002183000324293971,0.3333333333333333,0.0002992999507114291,0.0003848000196740031,0.0001278999261558056,6.019999273121357e-05,3.100000321865082e-05,,,,,,,,,,,
cora,0.5,0,0.0,low_deg_1_2,899,Gaussian RP,1,2,9,7,1,by_dim,0.0011347000254318118,0.10350279998965561,0.10463750001508743,,0.0011214999249204993,0.014508480358564162,0.029922134204899257,0.20284848800080119,0.0002183000324293971,0.3333333333333333,0.0002992999507114291,0.0003848000196740031,0.0001278999261558056,6.019999273121357e-05,3.100000321865082e-05,,,,,,,,,,,
cora,0.5,0,0.0,mid_deg_3_8,1439,Gaussian RP,1,2,9,7,1,by_dim,0.0011347000254318118,0.10350279998965561,0.10463750001508743,,0.0011214999249204993,0.014548599803007952,0.0304774907094724,0.20179786691107074,0.0002183000324293971,0.3333333333333333,0.0002992999507114291,0.0003848000196740031,0.0001278999261558056,6.019999273121357e-05,3.100000321865082e-05,,,,,,,,,,,
cora,0.5,0,0.0,high_deg_9_plus,147,Gaussian RP,1,2,9,7,1,by_dim,0.0011347000254318118,0.10350279998965561,0.10463750001508743,,0.0011214999249204993,0.02075229092428291,0.11337198533845609,0.2585675049240475,0.0002183000324293971,0.3333333333333333,0.0002992999507114291,0.0003848000196740031,0.0001278999261558056,6.019999273121357e-05,3.100000321865082e-05,,,,,,,,,,,
cora,0.5,0,0.0,all,2485,Degree-stratified RP,1,2,9,7,1,by_dim,0.0025394000113010406,0.14399890007916838,0.14653830009046942,,0.002489199978299439,0.06824148290702137,0.09346169698908481,0.29722976434183684,,,,,,,,0.0002487000310793519,0.00119420001283288,0.0005262999329715967,0.0002948000328615308,0.00012720003724098206,5.0699920393526554e-05,4.730001091957092e-05,8.0,1.0,2.0,"[1,2):n=354,ell=1;[2,4):n=1070,ell=1;[4,8):n=859,ell=2;[8,16):n=155,ell=1;[16,32):n=35,ell=1;[32,64):n=8,ell=1;[64,128):n=3,ell=1;[128,256):n=1,ell=1"
cora,0.5,0,0.0,low_deg_1_2,899,Degree-stratified RP,1,2,9,7,1,by_dim,0.0025394000113010406,0.14399890007916838,0.14653830009046942,,0.002489199978299439,0.048613207136383466,0.06934296898911788,0.25901596684429257,,,,,,,,0.0002487000310793519,0.00119420001283288,0.0005262999329715967,0.0002948000328615308,0.00012720003724098206,5.0699920393526554e-05,4.730001091957092e-05,8.0,1.0,2.0,"[1,2):n=354,ell=1;[2,4):n=1070,ell=1;[4,8):n=859,ell=2;[8,16):n=155,ell=1;[16,32):n=35,ell=1;[32,64):n=8,ell=1;[64,128):n=3,ell=1;[128,256):n=1,ell=1"
cora,0.5,0,0.0,mid_deg_3_8,1439,Degree-stratified RP,1,2,9,7,1,by_dim,0.0025394000113010406,0.14399890007916838,0.14653830009046942,,0.002489199978299439,0.07820863338928466,0.11106541658847541,0.3142432307777509,,,,,,,,0.0002487000310793519,0.00119420001283288,0.0005262999329715967,0.0002948000328615308,0.00012720003724098206,5.0699920393526554e-05,4.730001091957092e-05,8.0,1.0,2.0,"[1,2):n=354,ell=1;[2,4):n=1070,ell=1;[4,8):n=859,ell=2;[8,16):n=155,ell=1;[16,32):n=35,ell=1;[32,64):n=8,ell=1;[64,128):n=3,ell=1;[128,256):n=1,ell=1"
cora,0.5,0,0.0,high_deg_9_plus,147,Degree-stratified RP,1,2,9,7,1,by_dim,0.0025394000113010406,0.14399890007916838,0.14653830009046942,,0.002489199978299439,0.15374696588854728,0.26293668009560844,0.3786335930408534,,,,,,,,0.0002487000310793519,0.00119420001283288,0.0005262999329715967,0.0002948000328615308,0.00012720003724098206,5.0699920393526554e-05,4.730001091957092e-05,8.0,1.0,2.0,"[1,2):n=354,ell=1;[2,4):n=1070,ell=1;[4,8):n=859,ell=2;[8,16):n=155,ell=1;[16,32):n=35,ell=1;[32,64):n=8,ell=1;[64,128):n=3,ell=1;[128,256):n=1,ell=1"
cora,0.5,0,0.0,all,2485,Exact spectral,2,2,7,7,1,by_dim,0.0715158999664709,0.05241050000768155,0.12392639997415245,0.0715158999664709,0.0715158999664709,0.23997891641373656,0.39005310766886625,0.35685797354305776,,,,,,,,,,,,,,,,,,
cora,0.5,0,0.0,low_deg_1_2,899,Exact spectral,2,2,7,7,1,by_dim,0.0715158999664709,0.05241050000768155,0.12392639997415245,0.0715158999664709,0.0715158999664709,0.2205830794234699,0.3671032245898038,0.3646030206292043,,,,,,,,,,,,,,,,,,
cora,0.5,0,0.0,mid_deg_3_8,1439,Exact spectral,2,2,7,7,1,by_dim,0.0715158999664709,0.05241050000768155,0.12392639997415245,0.0715158999664709,0.0715158999664709,0.24657856812900913,0.4018727237065385,0.3479980204378352,,,,,,,,,,,,,,,,,,
cora,0.5,0,0.0,high_deg_9_plus,147,Exact spectral,2,2,7,7,1,by_dim,0.0715158999664709,0.05241050000768155,0.12392639997415245,0.0715158999664709,0.0715158999664709,0.3160878126091473,0.5267294229614985,0.400884622623753,,,,,,,,,,,,,,,,,,
cora,0.5,0,0.0,all,2485,Gaussian RP,2,2,9,7,1,by_dim,0.0015161000192165375,0.14596759993582964,0.14748369995504618,,0.0014983998844400048,0.013336780161198923,0.02666463193391667,0.19564933575504506,0.0002041999250650406,0.3333333333333333,0.00027189997490495443,0.0007323999889194965,0.00014110002666711807,9.600003249943256e-05,5.279993638396263e-05,,,,,,,,,,,
cora,0.5,0,0.0,low_deg_1_2,899,Gaussian RP,2,2,9,7,1,by_dim,0.0015161000192165375,0.14596759993582964,0.14748369995504618,,0.0014983998844400048,0.011328501846366914,0.02535081665689396,0.1926404044206227,0.0002041999250650406,0.3333333333333333,0.00027189997490495443,0.0007323999889194965,0.00014110002666711807,9.600003249943256e-05,5.279993638396263e-05,,,,,,,,,,,
cora,0.5,0,0.0,mid_deg_3_8,1439,Gaussian RP,2,2,9,7,1,by_dim,0.0015161000192165375,0.14596759993582964,0.14748369995504618,,0.0014983998844400048,0.017272003203232526,0.035094926353495245,0.20132581505743818,0.0002041999250650406,0.3333333333333333,0.00027189997490495443,0.0007323999889194965,0.00014110002666711807,9.600003249943256e-05,5.279993638396263e-05,,,,,,,,,,,
cora,0.5,0,0.0,high_deg_9_plus,147,Gaussian RP,2,2,9,7,1,by_dim,0.0015161000192165375,0.14596759993582964,0.14748369995504618,,0.0014983998844400048,0.061586480863022604,0.16049507216146763,0.30126024479758395,0.0002041999250650406,0.3333333333333333,0.00027189997490495443,0.0007323999889194965,0.00014110002666711807,9.600003249943256e-05,5.279993638396263e-05,,,,,,,,,,,
cora,0.5,0,0.0,all,2485,Degree-stratified RP,2,2,9,7,1,by_dim,0.002850600052624941,0.13769220001995564,0.14054280007258058,,0.002799500012770295,0.0887513320234302,0.14043194796506364,0.3214757584003411,,,,,,,,0.0002759000053629279,0.0012722000246867537,0.0006489999359473586,0.00037690007593482733,0.00013409997336566448,5.749997217208147e-05,3.390002530068159e-05,8.0,1.0,2.0,"[1,2):n=354,ell=1;[2,4):n=1070,ell=1;[4,8):n=859,ell=2;[8,16):n=155,ell=1;[16,32):n=35,ell=1;[32,64):n=8,ell=1;[64,128):n=3,ell=1;[128,256):n=1,ell=1"
cora,0.5,0,0.0,low_deg_1_2,899,Degree-stratified RP,2,2,9,7,1,by_dim,0.002850600052624941,0.13769220001995564,0.14054280007258058,,0.002799500012770295,0.06048440858447823,0.1104225410157904,0.2688622902772281,,,,,,,,0.0002759000053629279,0.0012722000246867537,0.0006489999359473586,0.00037690007593482733,0.00013409997336566448,5.749997217208147e-05,3.390002530068159e-05,8.0,1.0,2.0,"[1,2):n=354,ell=1;[2,4):n=1070,ell=1;[4,8):n=859,ell=2;[8,16):n=155,ell=1;[16,32):n=35,ell=1;[32,64):n=8,ell=1;[64,128):n=3,ell=1;[128,256):n=1,ell=1"
cora,0.5,0,0.0,mid_deg_3_8,1439,Degree-stratified RP,2,2,9,7,1,by_dim,0.002850600052624941,0.13769220001995564,0.14054280007258058,,0.002799500012770295,0.10455083814079372,0.158734848731082,0.3465039694498812,,,,,,,,0.0002759000053629279,0.0012722000246867537,0.0006489999359473586,0.00037690007593482733,0.00013409997336566448,5.749997217208147e-05,3.390002530068159e-05,8.0,1.0,2.0,"[1,2):n=354,ell=1;[2,4):n=1070,ell=1;[4,8):n=859,ell=2;[8,16):n=155,ell=1;[16,32):n=35,ell=1;[32,64):n=8,ell=1;[64,128):n=3,ell=1;[128,256):n=1,ell=1"
cora,0.5,0,0.0,high_deg_9_plus,147,Degree-stratified RP,2,2,9,7,1,by_dim,0.002850600052624941,0.13769220001995564,0.14054280007258058,,0.002799500012770295,0.24743375983327234,0.3489428201120356,0.4758299478492348,,,,,,,,0.0002759000053629279,0.0012722000246867537,0.0006489999359473586,0.00037690007593482733,0.00013409997336566448,5.749997217208147e-05,3.390002530068159e-05,8.0,1.0,2.0,"[1,2):n=354,ell=1;[2,4):n=1070,ell=1;[4,8):n=859,ell=2;[8,16):n=155,ell=1;[16,32):n=35,ell=1;[32,64):n=8,ell=1;[64,128):n=3,ell=1;[128,256):n=1,ell=1"
cora,0.5,0,0.0,all,2485,Exact spectral,3,2,7,7,1,by_dim,0.0715158999664709,0.07146640005521476,0.14298230002168566,0.0715158999664709,0.0715158999664709,0.23820969921575666,0.3952630207169111,0.2787318543368127,,,,,,,,,,,,,,,,,,
cora,0.5,0,0.0,low_deg_1_2,899,Exact spectral,3,2,7,7,1,by_dim,0.0715158999664709,0.07146640005521476,0.14298230002168566,0.0715158999664709,0.0715158999664709,0.21966094372704997,0.37275070067031907,0.2893541925142974,,,,,,,,,,,,,,,,,,
cora,0.5,0,0.0,mid_deg_3_8,1439,Exact spectral,3,2,7,7,1,by_dim,0.0715158999664709,0.07146640005521476,0.14298230002168566,0.0715158999664709,0.0715158999664709,0.24335018012654022,0.40828048921210225,0.27223469929152183,,,,,,,,,,,,,,,,,,
cora,0.5,0,0.0,high_deg_9_plus,147,Exact spectral,3,2,7,7,1,by_dim,0.0715158999664709,0.07146640005521476,0.14298230002168566,0.0715158999664709,0.0715158999664709,0.3205538580908599,0.5166168415530322,0.2856052476025962,,,,,,,,,,,,,,,,,,
cora,0.5,0,0.0,all,2485,Gaussian RP,3,2,9,7,1,by_dim,0.001956299995072186,0.15690020006150007,0.15885650005657226,,0.0019386999774724245,0.029583412490561834,0.049371002100395404,0.2379591624722132,0.00022259994875639677,0.3333333333333333,0.0003264000406488776,0.0011328000109642744,0.00013669999316334724,7.770000956952572e-05,4.2499974370002747e-05,,,,,,,,,,,
cora,0.5,0,0.0,low_deg_1_2,899,Gaussian RP,3,2,9,7,1,by_dim,0.001956299995072186,0.15690020006150007,0.15885650005657226,,0.0019386999774724245,0.022677969631963425,0.05084785650025316,0.23131027460429232,0.00022259994875639677,0.3333333333333333,0.0003264000406488776,0.0011328000109642744,0.00013669999316334724,7.770000956952572e-05,4.2499974370002747e-05,,,,,,,,,,,
cora,0.5,0,0.0,mid_deg_3_8,1439,Gaussian RP,3,2,9,7,1,by_dim,0.001956299995072186,0.15690020006150007,0.15885650005657226,,0.0019386999774724245,0.03219669146505538,0.054554699768218605,0.23752407652560983,0.00022259994875639677,0.3333333333333333,0.0003264000406488776,0.0011328000109642744,0.00013669999316334724,7.770000956952572e-05,4.2499974370002747e-05,,,,,,,,,,,
cora,0.5,0,0.0,high_deg_9_plus,147,Gaussian RP,3,2,9,7,1,by_dim,0.001956299995072186,0.15690020006150007,0.15885650005657226,,0.0019386999774724245,0.07429398125952144,0.15988795503519654,0.3477571143555069,0.00022259994875639677,0.3333333333333333,0.0003264000406488776,0.0011328000109642744,0.00013669999316334724,7.770000956952572e-05,4.2499974370002747e-05,,,,,,,,,,,
cora,0.5,0,0.0,all,2485,Degree-stratified RP,3,2,9,7,1,by_dim,0.0033105999464169145,0.08505160000640899,0.0883621999528259,,0.0032432000152766705,0.07172925268610399,0.1260324528184737,0.29044053145871934,,,,,,,,0.00026540004182606936,0.0014169999631121755,0.0008424000116065145,0.00045469996985048056,0.00015169999096542597,6.900005973875523e-05,4.299997817724943e-05,8.0,1.0,2.0,"[1,2):n=354,ell=1;[2,4):n=1070,ell=1;[4,8):n=859,ell=2;[8,16):n=155,ell=1;[16,32):n=35,ell=1;[32,64):n=8,ell=1;[64,128):n=3,ell=1;[128,256):n=1,ell=1"
cora,0.5,0,0.0,low_deg_1_2,899,Degree-stratified RP,3,2,9,7,1,by_dim,0.0033105999464169145,0.08505160000640899,0.0883621999528259,,0.0032432000152766705,0.04009786187468838,0.08616910014097753,0.2453669926180357,,,,,,,,0.00026540004182606936,0.0014169999631121755,0.0008424000116065145,0.00045469996985048056,0.00015169999096542597,6.900005973875523e-05,4.299997817724943e-05,8.0,1.0,2.0,"[1,2):n=354,ell=1;[2,4):n=1070,ell=1;[4,8):n=859,ell=2;[8,16):n=155,ell=1;[16,32):n=35,ell=1;[32,64):n=8,ell=1;[64,128):n=3,ell=1;[128,256):n=1,ell=1"
cora,0.5,0,0.0,mid_deg_3_8,1439,Degree-stratified RP,3,2,9,7,1,by_dim,0.0033105999464169145,0.08505160000640899,0.0883621999528259,,0.0032432000152766705,0.08865759523304736,0.15127892649684338,0.31093907460678766,,,,,,,,0.00026540004182606936,0.0014169999631121755,0.0008424000116065145,0.00045469996985048056,0.00015169999096542597,6.900005973875523e-05,4.299997817724943e-05,8.0,1.0,2.0,"[1,2):n=354,ell=1;[2,4):n=1070,ell=1;[4,8):n=859,ell=2;[8,16):n=155,ell=1;[16,32):n=35,ell=1;[32,64):n=8,ell=1;[64,128):n=3,ell=1;[128,256):n=1,ell=1"
cora,0.5,0,0.0,high_deg_9_plus,147,Degree-stratified RP,3,2,9,7,1,by_dim,0.0033105999464169145,0.08505160000640899,0.0883621999528259,,0.0032432000152766705,0.15466959055817664,0.285829539628509,0.3613892532324595,,,,,,,,0.00026540004182606936,0.0014169999631121755,0.0008424000116065145,0.00045469996985048056,0.00015169999096542597,6.900005973875523e-05,4.299997817724943e-05,8.0,1.0,2.0,"[1,2):n=354,ell=1;[2,4):n=1070,ell=1;[4,8):n=859,ell=2;[8,16):n=155,ell=1;[16,32):n=35,ell=1;[32,64):n=8,ell=1;[64,128):n=3,ell=1;[128,256):n=1,ell=1"
cora,0.5,0,0.0,all,2485,Exact spectral,4,2,7,7,1,by_dim,0.0715158999664709,0.04335000005085021,0.11486590001732111,0.0715158999664709,0.0715158999664709,0.23820969921575666,0.3952630207169112,0.2787318543368127,,,,,,,,,,,,,,,,,,
cora,0.5,0,0.0,low_deg_1_2,899,Exact spectral,4,2,7,7,1,by_dim,0.0715158999664709,0.04335000005085021,0.11486590001732111,0.0715158999664709,0.0715158999664709,0.21966094372704997,0.372750700670319,0.2893541925142974,,,,,,,,,,,,,,,,,,
cora,0.5,0,0.0,mid_deg_3_8,1439,Exact spectral,4,2,7,7,1,by_dim,0.0715158999664709,0.04335000005085021,0.11486590001732111,0.0715158999664709,0.0715158999664709,0.24335018012654022,0.40828048921210214,0.27223469929152183,,,,,,,,,,,,,,,,,,
cora,0.5,0,0.0,high_deg_9_plus,147,Exact spectral,4,2,7,7,1,by_dim,0.0715158999664709,0.04335000005085021,0.11486590001732111,0.0715158999664709,0.0715158999664709,0.3205538580908599,0.5166168415530322,0.2856052476025962,,,,,,,,,,,,,,,,,,
cora,0.5,0,0.0,all,2485,Gaussian RP,4,2,9,7,1,by_dim,0.0015532000688835979,0.10178879997693002,0.10334200004581362,,0.0015361999394372106,0.007780763925504424,0.021328028442008474,0.1933854493773542,0.0002447000006213784,0.3333333333333333,0.0004978999495506287,0.0004983000690117478,0.0001832999987527728,6.529991514980793e-05,4.67000063508749e-05,,,,,,,,,,,
cora,0.5,0,0.0,low_deg_1_2,899,Gaussian RP,4,2,9,7,1,by_dim,0.0015532000688835979,0.10178879997693002,0.10334200004581362,,0.0015361999394372106,0.005818729350181867,0.019731032924715945,0.21243147795421277,0.0002447000006213784,0.3333333333333333,0.0004978999495506287,0.0004983000690117478,0.0001832999987527728,6.529991514980793e-05,4.67000063508749e-05,,,,,,,,,,,
cora,0.5,0,0.0,mid_deg_3_8,1439,Gaussian RP,4,2,9,7,1,by_dim,0.0015532000688835979,0.10178879997693002,0.10334200004581362,,0.0015361999394372106,0.010971926874016434,0.032030904266316315,0.20682058917141635,0.0002447000006213784,0.3333333333333333,0.0004978999495506287,0.0004983000690117478,0.0001832999987527728,6.529991514980793e-05,4.67000063508749e-05,,,,,,,,,,,
cora,0.5,0,0.0,high_deg_9_plus,147,Gaussian RP,4,2,9,7,1,by_dim,0.0015532000688835979,0.10178879997693002,0.10334200004581362,,0.0015361999394372106,0.03501985584160522,0.12101857725111526,0.2804647053626645,0.0002447000006213784,0.3333333333333333,0.0004978999495506287,0.0004983000690117478,0.0001832999987527728,6.529991514980793e-05,4.67000063508749e-05,,,,,,,,,,,
cora,0.5,0,0.0,all,2485,Degree-stratified RP,4,2,9,7,1,by_dim,0.0030789999291300774,0.0722749000415206,0.07535389997065067,,0.0030309000285342336,0.06408255892172221,0.1107051551088747,0.2719795987255669,,,,,,,,0.00038860004860907793,0.0012984999921172857,0.0007957000052556396,0.0003533000126481056,0.0001175999641418457,4.6600005589425564e-05,3.060000017285347e-05,8.0,1.0,2.0,"[1,2):n=354,ell=1;[2,4):n=1070,ell=1;[4,8):n=859,ell=2;[8,16):n=155,ell=1;[16,32):n=35,ell=1;[32,64):n=8,ell=1;[64,128):n=3,ell=1;[128,256):n=1,ell=1"
cora,0.5,0,0.0,low_deg_1_2,899,Degree-stratified RP,4,2,9,7,1,by_dim,0.0030789999291300774,0.0722749000415206,0.07535389997065067,,0.0030309000285342336,0.03423437051315973,0.07476936194852371,0.2451816508751309,,,,,,,,0.00038860004860907793,0.0012984999921172857,0.0007957000052556396,0.0003533000126481056,0.0001175999641418457,4.6600005589425564e-05,3.060000017285347e-05,8.0,1.0,2.0,"[1,2):n=354,ell=1;[2,4):n=1070,ell=1;[4,8):n=859,ell=2;[8,16):n=155,ell=1;[16,32):n=35,ell=1;[32,64):n=8,ell=1;[64,128):n=3,ell=1;[128,256):n=1,ell=1"
cora,0.5,0,0.0,mid_deg_3_8,1439,Degree-stratified RP,4,2,9,7,1,by_dim,0.0030789999291300774,0.0722749000415206,0.07535389997065067,,0.0030309000285342336,0.08399764142610454,0.13885987799996888,0.2899033358878789,,,,,,,,0.00038860004860907793,0.0012984999921172857,0.0007957000052556396,0.0003533000126481056,0.0001175999641418457,4.6600005589425564e-05,3.060000017285347e-05,8.0,1.0,2.0,"[1,2):n=354,ell=1;[2,4):n=1070,ell=1;[4,8):n=859,ell=2;[8,16):n=155,ell=1;[16,32):n=35,ell=1;[32,64):n=8,ell=1;[64,128):n=3,ell=1;[128,256):n=1,ell=1"
cora,0.5,0,0.0,high_deg_9_plus,147,Degree-stratified RP,4,2,9,7,1,by_dim,0.0030789999291300774,0.0722749000415206,0.07535389997065067,,0.0030309000285342336,0.15059542233908646,0.26179253064687524,0.3475257021285883,,,,,,,,0.00038860004860907793,0.0012984999921172857,0.0007957000052556396,0.0003533000126481056,0.0001175999641418457,4.6600005589425564e-05,3.060000017285347e-05,8.0,1.0,2.0,"[1,2):n=354,ell=1;[2,4):n=1070,ell=1;[4,8):n=859,ell=2;[8,16):n=155,ell=1;[16,32):n=35,ell=1;[32,64):n=8,ell=1;[64,128):n=3,ell=1;[128,256):n=1,ell=1"
cora,0.5,0,0.0,all,2485,Exact spectral,5,2,7,7,1,by_dim,0.0715158999664709,0.037056899978779256,0.10857279994525015,0.0715158999664709,0.0715158999664709,0.23820969921575666,0.3952630207169111,0.2787318543368127,,,,,,,,,,,,,,,,,,
cora,0.5,0,0.0,low_deg_1_2,899,Exact spectral,5,2,7,7,1,by_dim,0.0715158999664709,0.037056899978779256,0.10857279994525015,0.0715158999664709,0.0715158999664709,0.21966094372704997,0.37275070067031907,0.2893541925142974,,,,,,,,,,,,,,,,,,
cora,0.5,0,0.0,mid_deg_3_8,1439,Exact spectral,5,2,7,7,1,by_dim,0.0715158999664709,0.037056899978779256,0.10857279994525015,0.0715158999664709,0.0715158999664709,0.24335018012654022,0.40828048921210225,0.27223469929152183,,,,,,,,,,,,,,,,,,
cora,0.5,0,0.0,high_deg_9_plus,147,Exact spectral,5,2,7,7,1,by_dim,0.0715158999664709,0.037056899978779256,0.10857279994525015,0.0715158999664709,0.0715158999664709,0.3205538580908599,0.5166168415530321,0.2856052476025962,,,,,,,,,,,,,,,,,,
cora,0.5,0,0.0,all,2485,Gaussian RP,5,2,9,7,1,by_dim,0.001172899967059493,0.11389080004300922,0.11506370001006871,,0.0011577000841498375,0.02083769337584415,0.03686768390929046,0.21669164362731896,0.0001981999957934022,0.3333333333333333,0.0003242000238969922,0.0003845000173896551,0.00013189995661377907,7.230008486658335e-05,4.6600005589425564e-05,,,,,,,,,,,
cora,0.5,0,0.0,low_deg_1_2,899,Gaussian RP,5,2,9,7,1,by_dim,0.001172899967059493,0.11389080004300922,0.11506370001006871,,0.0011577000841498375,0.01449941994130508,0.028146853600688238,0.20869248999837928,0.0001981999957934022,0.3333333333333333,0.0003242000238969922,0.0003845000173896551,0.00013189995661377907,7.230008486658335e-05,4.6600005589425564e-05,,,,,,,,,,,
cora,0.5,0,0.0,mid_deg_3_8,1439,Gaussian RP,5,2,9,7,1,by_dim,0.001172899967059493,0.11389080004300922,0.11506370001006871,,0.0011577000841498375,0.025829926251683368,0.05090392034774377,0.23409565883216463,0.0001981999957934022,0.3333333333333333,0.0003242000238969922,0.0003845000173896551,0.00013189995661377907,7.230008486658335e-05,4.6600005589425564e-05,,,,,,,,,,,
cora,0.5,0,0.0,high_deg_9_plus,147,Gaussian RP,5,2,9,7,1,by_dim,0.001172899967059493,0.11389080004300922,0.11506370001006871,,0.0011577000841498375,0.057137907119357435,0.1623877122224989,0.29837108904613524,0.0001981999957934022,0.3333333333333333,0.0003242000238969922,0.0003845000173896551,0.00013189995661377907,7.230008486658335e-05,4.6600005589425564e-05,,,,,,,,,,,
cora,0.5,0,0.0,all,2485,Degree-stratified RP,5,2,9,7,1,by_dim,0.0032330999383702874,0.07219420000910759,0.07542729994747788,,0.0031663000117987394,0.08890330841421298,0.15360373048003925,0.3278044539523689,,,,,,,,0.0003133000573143363,0.0014770999550819397,0.0007315999828279018,0.00037700007669627666,0.00015199999324977398,7.019995246082544e-05,4.509999416768551e-05,8.0,1.0,2.0,"[1,2):n=354,ell=1;[2,4):n=1070,ell=1;[4,8):n=859,ell=2;[8,16):n=155,ell=1;[16,32):n=35,ell=1;[32,64):n=8,ell=1;[64,128):n=3,ell=1;[128,256):n=1,ell=1"
cora,0.5,0,0.0,low_deg_1_2,899,Degree-stratified RP,5,2,9,7,1,by_dim,0.0032330999383702874,0.07219420000910759,0.07542729994747788,,0.0031663000117987394,0.04661734008703576,0.11171042018847879,0.269327665513522,,,,,,,,0.0003133000573143363,0.0014770999550819397,0.0007315999828279018,0.00037700007669627666,0.00015199999324977398,7.019995246082544e-05,4.509999416768551e-05,8.0,1.0,2.0,"[1,2):n=354,ell=1;[2,4):n=1070,ell=1;[4,8):n=859,ell=2;[8,16):n=155,ell=1;[16,32):n=35,ell=1;[32,64):n=8,ell=1;[64,128):n=3,ell=1;[128,256):n=1,ell=1"
cora,0.5,0,0.0,mid_deg_3_8,1439,Degree-stratified RP,5,2,9,7,1,by_dim,0.0032330999383702874,0.07219420000910759,0.07542729994747788,,0.0031663000117987394,0.11106087517581492,0.18166442584712664,0.34918829019099246,,,,,,,,0.0003133000573143363,0.0014770999550819397,0.0007315999828279018,0.00037700007669627666,0.00015199999324977398,7.019995246082544e-05,4.509999416768551e-05,8.0,1.0,2.0,"[1,2):n=354,ell=1;[2,4):n=1070,ell=1;[4,8):n=859,ell=2;[8,16):n=155,ell=1;[16,32):n=35,ell=1;[32,64):n=8,ell=1;[64,128):n=3,ell=1;[128,256):n=1,ell=1"
cora,0.5,0,0.0,high_deg_9_plus,147,Degree-stratified RP,5,2,9,7,1,by_dim,0.0032330999383702874,0.07219420000910759,0.07542729994747788,,0.0031663000117987394,0.22448673137365974,0.3374651362811933,0.4607963692723466,,,,,,,,0.0003133000573143363,0.0014770999550819397,0.0007315999828279018,0.00037700007669627666,0.00015199999324977398,7.019995246082544e-05,4.509999416768551e-05,8.0,1.0,2.0,"[1,2):n=354,ell=1;[2,4):n=1070,ell=1;[4,8):n=859,ell=2;[8,16):n=155,ell=1;[16,32):n=35,ell=1;[32,64):n=8,ell=1;[64,128):n=3,ell=1;[128,256):n=1,ell=1"
cora,0.5,0,0.0,all,2485,Exact spectral,6,2,7,7,1,by_dim,0.0715158999664709,0.03927279997151345,0.11078869993798435,0.0715158999664709,0.0715158999664709,0.24133696124706655,0.3915895507529161,0.28387529333463307,,,,,,,,,,,,,,,,,,
cora,0.5,0,0.0,low_deg_1_2,899,Exact spectral,6,2,7,7,1,by_dim,0.0715158999664709,0.03927279997151345,0.11078869993798435,0.0715158999664709,0.0715158999664709,0.22455138387721968,0.3666443072138642,0.29932111518779997,,,,,,,,,,,,,,,,,,
cora,0.5,0,0.0,mid_deg_3_8,1439,Exact spectral,6,2,7,7,1,by_dim,0.0715158999664709,0.03927279997151345,0.11078869993798435,0.0715158999664709,0.0715158999664709,0.24629080839666828,0.4070128391489065,0.2750921589323858,,,,,,,,,,,,,,,,,,
cora,0.5,0,0.0,high_deg_9_plus,147,Exact spectral,6,2,7,7,1,by_dim,0.0715158999664709,0.03927279997151345,0.11078869993798435,0.0715158999664709,0.0715158999664709,0.3205538580908599,0.5166168415530322,0.2856052476025962,,,,,,,,,,,,,,,,,,
cora,0.5,0,0.0,all,2485,Gaussian RP,6,2,9,7,1,by_dim,0.0013409999664872885,0.10752990003675222,0.10887090000323951,,0.001326099969446659,0.018897055600526038,0.03230020714805522,0.21717100142703857,0.00021460000425577164,0.3333333333333333,0.00033549999352544546,0.0004989000735804439,0.0001517999917268753,6.489991210401058e-05,6.0399994254112244e-05,,,,,,,,,,,
cora,0.5,0,0.0,low_deg_1_2,899,Gaussian RP,6,2,9,7,1,by_dim,0.0013409999664872885,0.10752990003675222,0.10887090000323951,,0.001326099969446659,0.015252491733151782,0.030684799277237423,0.2132809362666066,0.00021460000425577164,0.3333333333333333,0.00033549999352544546,0.0004989000735804439,0.0001517999917268753,6.489991210401058e-05,6.0399994254112244e-05,,,,,,,,,,,
cora,0.5,0,0.0,mid_deg_3_8,1439,Gaussian RP,6,2,9,7,1,by_dim,0.0013409999664872885,0.10752990003675222,0.10887090000323951,,0.001326099969446659,0.023463427042092082,0.043170501955148204,0.22486268793348926,0.00021460000425577164,0.3333333333333333,0.00033549999352544546,0.0004989000735804439,0.0001517999917268753,6.489991210401058e-05,6.0399994254112244e-05,,,,,,,,,,,
cora,0.5,0,0.0,high_deg_9_plus,147,Gaussian RP,6,2,9,7,1,by_dim,0.0013409999664872885,0.10752990003675222,0.10887090000323951,,0.001326099969446659,0.0358938207088894,0.13520477468621903,0.27296037296037295,0.00021460000425577164,0.3333333333333333,0.00033549999352544546,0.0004989000735804439,0.0001517999917268753,6.489991210401058e-05,6.0399994254112244e-05,,,,,,,,,,,
cora,0.5,0,0.0,all,2485,Degree-stratified RP,6,2,9,7,1,by_dim,0.002139599993824959,0.0673473000060767,0.06948689999990165,,0.0020926999859511852,0.06926666544327757,0.11366631658068392,0.27946555895980524,,,,,,,,0.00017460004892200232,0.0008590999059379101,0.0005175999831408262,0.000313500058837235,0.0001308999489992857,5.879998207092285e-05,3.820005804300308e-05,8.0,1.0,2.0,"[1,2):n=354,ell=1;[2,4):n=1070,ell=1;[4,8):n=859,ell=2;[8,16):n=155,ell=1;[16,32):n=35,ell=1;[32,64):n=8,ell=1;[64,128):n=3,ell=1;[128,256):n=1,ell=1"
cora,0.5,0,0.0,low_deg_1_2,899,Degree-stratified RP,6,2,9,7,1,by_dim,0.002139599993824959,0.0673473000060767,0.06948689999990165,,0.0020926999859511852,0.03669375533077841,0.082075540860533,0.237950803690285,,,,,,,,0.00017460004892200232,0.0008590999059379101,0.0005175999831408262,0.000313500058837235,0.0001308999489992857,5.879998207092285e-05,3.820005804300308e-05,8.0,1.0,2.0,"[1,2):n=354,ell=1;[2,4):n=1070,ell=1;[4,8):n=859,ell=2;[8,16):n=155,ell=1;[16,32):n=35,ell=1;[32,64):n=8,ell=1;[64,128):n=3,ell=1;[128,256):n=1,ell=1"
cora,0.5,0,0.0,mid_deg_3_8,1439,Degree-stratified RP,6,2,9,7,1,by_dim,0.002139599993824959,0.0673473000060767,0.06948689999990165,,0.0020926999859511852,0.08795891430323322,0.135559166700475,0.2976006403683652,,,,,,,,0.00017460004892200232,0.0008590999059379101,0.0005175999831408262,0.000313500058837235,0.0001308999489992857,5.879998207092285e-05,3.820005804300308e-05,8.0,1.0,2.0,"[1,2):n=354,ell=1;[2,4):n=1070,ell=1;[4,8):n=859,ell=2;[8,16):n=155,ell=1;[16,32):n=35,ell=1;[32,64):n=8,ell=1;[64,128):n=3,ell=1;[128,256):n=1,ell=1"
cora,0.5,0,0.0,high_deg_9_plus,147,Degree-stratified RP,6,2,9,7,1,by_dim,0.002139599993824959,0.0673473000060767,0.06948689999990165,,0.0020926999859511852,0.1653687788075462,0.26840440368796575,0.35554632790504653,,,,,,,,0.00017460004892200232,0.0008590999059379101,0.0005175999831408262,0.000313500058837235,0.0001308999489992857,5.879998207092285e-05,3.820005804300308e-05,8.0,1.0,2.0,"[1,2):n=354,ell=1;[2,4):n=1070,ell=1;[4,8):n=859,ell=2;[8,16):n=155,ell=1;[16,32):n=35,ell=1;[32,64):n=8,ell=1;[64,128):n=3,ell=1;[128,256):n=1,ell=1"
cora,0.5,0,0.0,all,2485,Exact spectral,7,2,7,7,1,by_dim,0.0715158999664709,0.04308579990174621,0.11460169986821711,0.0715158999664709,0.0715158999664709,0.23820969921575666,0.3952630207169112,0.2787318543368127,,,,,,,,,,,,,,,,,,
cora,0.5,0,0.0,low_deg_1_2,899,Exact spectral,7,2,7,7,1,by_dim,0.0715158999664709,0.04308579990174621,0.11460169986821711,0.0715158999664709,0.0715158999664709,0.21966094372704997,0.37275070067031907,0.2893541925142974,,,,,,,,,,,,,,,,,,
cora,0.5,0,0.0,mid_deg_3_8,1439,Exact spectral,7,2,7,7,1,by_dim,0.0715158999664709,0.04308579990174621,0.11460169986821711,0.0715158999664709,0.0715158999664709,0.24335018012654022,0.40828048921210214,0.27223469929152183,,,,,,,,,,,,,,,,,,
cora,0.5,0,0.0,high_deg_9_plus,147,Exact spectral,7,2,7,7,1,by_dim,0.0715158999664709,0.04308579990174621,0.11460169986821711,0.0715158999664709,0.0715158999664709,0.3205538580908599,0.5166168415530322,0.2856052476025962,,,,,,,,,,,,,,,,,,
cora,0.5,0,0.0,all,2485,Gaussian RP,7,2,9,7,1,by_dim,0.0021631999406963587,0.12672179995570332,0.12888499989639968,,0.0021443000296130776,0.009095147158868448,0.023216297911183688,0.18720983547983192,0.00022060004994273186,0.3333333333333333,0.0009622999932616949,0.000600599916651845,0.00023500004317611456,7.950002327561378e-05,4.630000330507755e-05,,,,,,,,,,,
cora,0.5,0,0.0,low_deg_1_2,899,Gaussian RP,7,2,9,7,1,by_dim,0.0021631999406963587,0.12672179995570332,0.12888499989639968,,0.0021443000296130776,0.005057717500011005,0.019409015224647126,0.1816565607913967,0.00022060004994273186,0.3333333333333333,0.0009622999932616949,0.000600599916651845,0.00023500004317611456,7.950002327561378e-05,4.630000330507755e-05,,,,,,,,,,,
cora,0.5,0,0.0,mid_deg_3_8,1439,Gaussian RP,7,2,9,7,1,by_dim,0.0021631999406963587,0.12672179995570332,0.12888499989639968,,0.0021443000296130776,0.012854531364853705,0.03271700914905397,0.1975741518768294,0.00022060004994273186,0.3333333333333333,0.0009622999932616949,0.000600599916651845,0.00023500004317611456,7.950002327561378e-05,4.630000330507755e-05,,,,,,,,,,,
cora,0.5,0,0.0,high_deg_9_plus,147,Gaussian RP,7,2,9,7,1,by_dim,0.0021631999406963587,0.12672179995570332,0.12888499989639968,,0.0021443000296130776,0.009965696015269978,0.08916980189865208,0.2383249465409916,0.00022060004994273186,0.3333333333333333,0.0009622999932616949,0.000600599916651845,0.00023500004317611456,7.950002327561378e-05,4.630000330507755e-05,,,,,,,,,,,
cora,0.5,0,0.0,all,2485,Degree-stratified RP,7,2,9,7,1,by_dim,0.0037620998919010162,0.10176750004757196,0.10552959993947297,,0.00369860022328794,0.07869896505861652,0.12067148610229947,0.3096488297877334,,,,,,,,0.0003256000345572829,0.0017504000570625067,0.0008992000948637724,0.0005032999906688929,0.0001300000585615635,5.419994704425335e-05,3.590004052966833e-05,8.0,1.0,2.0,"[1,2):n=354,ell=1;[2,4):n=1070,ell=1;[4,8):n=859,ell=2;[8,16):n=155,ell=1;[16,32):n=35,ell=1;[32,64):n=8,ell=1;[64,128):n=3,ell=1;[128,256):n=1,ell=1"
cora,0.5,0,0.0,low_deg_1_2,899,Degree-stratified RP,7,2,9,7,1,by_dim,0.0037620998919010162,0.10176750004757196,0.10552959993947297,,0.00369860022328794,0.04358749014454984,0.08266405426708069,0.2511416863098294,,,,,,,,0.0003256000345572829,0.0017504000570625067,0.0008992000948637724,0.0005032999906688929,0.0001300000585615635,5.419994704425335e-05,3.590004052966833e-05,8.0,1.0,2.0,"[1,2):n=354,ell=1;[2,4):n=1070,ell=1;[4,8):n=859,ell=2;[8,16):n=155,ell=1;[16,32):n=35,ell=1;[32,64):n=8,ell=1;[64,128):n=3,ell=1;[128,256):n=1,ell=1"
cora,0.5,0,0.0,mid_deg_3_8,1439,Degree-stratified RP,7,2,9,7,1,by_dim,0.0037620998919010162,0.10176750004757196,0.10552959993947297,,0.00369860022328794,0.10130192259159489,0.14407969129245965,0.33530690608435,,,,,,,,0.0003256000345572829,0.0017504000570625067,0.0008992000948637724,0.0005032999906688929,0.0001300000585615635,5.419994704425335e-05,3.590004052966833e-05,8.0,1.0,2.0,"[1,2):n=354,ell=1;[2,4):n=1070,ell=1;[4,8):n=859,ell=2;[8,16):n=155,ell=1;[16,32):n=35,ell=1;[32,64):n=8,ell=1;[64,128):n=3,ell=1;[128,256):n=1,ell=1"
cora,0.5,0,0.0,high_deg_9_plus,147,Degree-stratified RP,7,2,9,7,1,by_dim,0.0037620998919010162,0.10176750004757196,0.10552959993947297,,0.00369860022328794,0.16266377237760343,0.2773114186460931,0.3985522890751128,,,,,,,,0.0003256000345572829,0.0017504000570625067,0.0008992000948637724,0.0005032999906688929,0.0001300000585615635,5.419994704425335e-05,3.590004052966833e-05,8.0,1.0,2.0,"[1,2):n=354,ell=1;[2,4):n=1070,ell=1;[4,8):n=859,ell=2;[8,16):n=155,ell=1;[16,32):n=35,ell=1;[32,64):n=8,ell=1;[64,128):n=3,ell=1;[128,256):n=1,ell=1"
cora,0.5,0,0.0,all,2485,Exact spectral,8,2,7,7,1,by_dim,0.0715158999664709,0.076082699932158,0.1475985998986289,0.0715158999664709,0.0715158999664709,0.23845110263258662,0.39525629799554224,0.2788950331905623,,,,,,,,,,,,,,,,,,
cora,0.5,0,0.0,low_deg_1_2,899,Exact spectral,8,2,7,7,1,by_dim,0.0715158999664709,0.076082699932158,0.1475985998986289,0.0715158999664709,0.0715158999664709,0.21966094372704997,0.37275070067031907,0.2893541925142974,,,,,,,,,,,,,,,,,,
cora,0.5,0,0.0,mid_deg_3_8,1439,Exact spectral,8,2,7,7,1,by_dim,0.0715158999664709,0.076082699932158,0.1475985998986289,0.0715158999664709,0.0715158999664709,0.2437093436744324,0.4082797297165914,0.27253620953369634,,,,,,,,,,,,,,,,,,
cora,0.5,0,0.0,high_deg_9_plus,147,Exact spectral,8,2,7,7,1,by_dim,0.0715158999664709,0.076082699932158,0.1475985998986289,0.0715158999664709,0.0715158999664709,0.3205538580908599,0.5166168415530322,0.2856052476025962,,,,,,,,,,,,,,,,,,
cora,0.5,0,0.0,all,2485,Gaussian RP,8,2,9,7,1,by_dim,0.0018202000064775348,0.2112401999766007,0.21306039998307824,,0.0017999998526647687,0.031792840104462664,0.04431330318131331,0.24721015429576096,0.00020589993800967932,0.3333333333333333,0.00047279999125748873,0.0008314000442624092,0.000152299995534122,8.0699915997684e-05,5.689996760338545e-05,,,,,,,,,,,
cora,0.5,0,0.0,low_deg_1_2,899,Gaussian RP,8,2,9,7,1,by_dim,0.0018202000064775348,0.2112401999766007,0.21306039998307824,,0.0017999998526647687,0.022646154320136152,0.03821304800302794,0.23379534173886432,0.00020589993800967932,0.3333333333333333,0.00047279999125748873,0.0008314000442624092,0.000152299995534122,8.0699915997684e-05,5.689996760338545e-05,,,,,,,,,,,
cora,0.5,0,0.0,mid_deg_3_8,1439,Gaussian RP,8,2,9,7,1,by_dim,0.0018202000064775348,0.2112401999766007,0.21306039998307824,,0.0017999998526647687,0.03543583577648336,0.0515288843001071,0.2561409410431684,0.00020589993800967932,0.3333333333333333,0.00047279999125748873,0.0008314000442624092,0.000152299995534122,8.0699915997684e-05,5.689996760338545e-05,,,,,,,,,,,
cora,0.5,0,0.0,high_deg_9_plus,147,Gaussian RP,8,2,9,7,1,by_dim,0.0018202000064775348,0.2112401999766007,0.21306039998307824,,0.0017999998526647687,0.05933921412606072,0.15069781773294122,0.3481495300823032,0.00020589993800967932,0.3333333333333333,0.00047279999125748873,0.0008314000442624092,0.000152299995534122,8.0699915997684e-05,5.689996760338545e-05,,,,,,,,,,,
cora,0.5,0,0.0,all,2485,Degree-stratified RP,8,2,9,7,1,by_dim,0.004441300057806075,0.0884440999943763,0.09288540005218238,,0.004253600025549531,0.10345460241350596,0.1690546259544562,0.3707946414160528,,,,,,,,0.0002631000243127346,0.001623600022867322,0.001499100006185472,0.0005067999009042978,0.0002346000401303172,8.070003241300583e-05,4.569999873638153e-05,8.0,1.0,2.0,"[1,2):n=354,ell=1;[2,4):n=1070,ell=1;[4,8):n=859,ell=2;[8,16):n=155,ell=1;[16,32):n=35,ell=1;[32,64):n=8,ell=1;[64,128):n=3,ell=1;[128,256):n=1,ell=1"
cora,0.5,0,0.0,low_deg_1_2,899,Degree-stratified RP,8,2,9,7,1,by_dim,0.004441300057806075,0.0884440999943763,0.09288540005218238,,0.004253600025549531,0.06396888504474284,0.11251170547440927,0.2967154547170056,,,,,,,,0.0002631000243127346,0.001623600022867322,0.001499100006185472,0.0005067999009042978,0.0002346000401303172,8.070003241300583e-05,4.569999873638153e-05,8.0,1.0,2.0,"[1,2):n=354,ell=1;[2,4):n=1070,ell=1;[4,8):n=859,ell=2;[8,16):n=155,ell=1;[16,32):n=35,ell=1;[32,64):n=8,ell=1;[64,128):n=3,ell=1;[128,256):n=1,ell=1"
cora,0.5,0,0.0,mid_deg_3_8,1439,Degree-stratified RP,8,2,9,7,1,by_dim,0.004441300057806075,0.0884440999943763,0.09288540005218238,,0.004253600025549531,0.12509229489260637,0.19553452528353021,0.3937093367840546,,,,,,,,0.0002631000243127346,0.001623600022867322,0.001499100006185472,0.0005067999009042978,0.0002346000401303172,8.070003241300583e-05,4.569999873638153e-05,8.0,1.0,2.0,"[1,2):n=354,ell=1;[2,4):n=1070,ell=1;[4,8):n=859,ell=2;[8,16):n=155,ell=1;[16,32):n=35,ell=1;[32,64):n=8,ell=1;[64,128):n=3,ell=1;[128,256):n=1,ell=1"
cora,0.5,0,0.0,high_deg_9_plus,147,Degree-stratified RP,8,2,9,7,1,by_dim,0.004441300057806075,0.0884440999943763,0.09288540005218238,,0.004253600025549531,0.2917190416594067,0.4043014074802985,0.4858569978018545,,,,,,,,0.0002631000243127346,0.001623600022867322,0.001499100006185472,0.0005067999009042978,0.0002346000401303172,8.070003241300583e-05,4.569999873638153e-05,8.0,1.0,2.0,"[1,2):n=354,ell=1;[2,4):n=1070,ell=1;[4,8):n=859,ell=2;[8,16):n=155,ell=1;[16,32):n=35,ell=1;[32,64):n=8,ell=1;[64,128):n=3,ell=1;[128,256):n=1,ell=1"
cora,0.5,0,0.0,all,2485,Exact spectral,9,2,7,7,1,by_dim,0.0715158999664709,0.044936199905350804,0.1164520998718217,0.0715158999664709,0.0715158999664709,0.23702681482068505,0.39176223135936755,0.28626068934384274,,,,,,,,,,,,,,,,,,
cora,0.5,0,0.0,low_deg_1_2,899,Exact spectral,9,2,7,7,1,by_dim,0.0715158999664709,0.044936199905350804,0.1164520998718217,0.0715158999664709,0.0715158999664709,0.21701822091161538,0.3667246150532326,0.3031619208991491,,,,,,,,,,,,,,,,,,
cora,0.5,0,0.0,mid_deg_3_8,1439,Exact spectral,9,2,7,7,1,by_dim,0.0715158999664709,0.044936199905350804,0.1164520998718217,0.0715158999664709,0.0715158999664709,0.24327958906283711,0.40671276191535016,0.27701229674749184,,,,,,,,,,,,,,,,,,
cora,0.5,0,0.0,high_deg_9_plus,147,Exact spectral,9,2,7,7,1,by_dim,0.0715158999664709,0.044936199905350804,0.1164520998718217,0.0715158999664709,0.0715158999664709,0.3205538580908599,0.5166168415530322,0.2856052476025962,,,,,,,,,,,,,,,,,,
cora,0.5,0,0.0,all,2485,Gaussian RP,9,2,9,7,1,by_dim,0.0011836000485345721,0.14088960003573447,0.14207320008426905,,0.0011684000492095947,0.0077812474980416685,0.0198770076137119,0.18407480641764504,0.00022980000358074903,0.3333333333333333,0.00031779997516423464,0.0003819999983534217,0.0001322000753134489,6.0699996538460255e-05,4.5900000259280205e-05,,,,,,,,,,,
cora,0.5,0,0.0,low_deg_1_2,899,Gaussian RP,9,2,9,7,1,by_dim,0.0011836000485345721,0.14088960003573447,0.14207320008426905,,0.0011684000492095947,0.006502972532790492,0.020004598907334168,0.18807387174679263,0.00022980000358074903,0.3333333333333333,0.00031779997516423464,0.0003819999983534217,0.0001322000753134489,6.0699996538460255e-05,4.5900000259280205e-05,,,,,,,,,,,
cora,0.5,0,0.0,mid_deg_3_8,1439,Gaussian RP,9,2,9,7,1,by_dim,0.0011836000485345721,0.14088960003573447,0.14207320008426905,,0.0011684000492095947,0.009251019187689608,0.026215278531929294,0.1962193073448833,0.00022980000358074903,0.3333333333333333,0.00031779997516423464,0.0003819999983534217,0.0001322000753134489,6.0699996538460255e-05,4.5900000259280205e-05,,,,,,,,,,,
cora,0.5,0,0.0,high_deg_9_plus,147,Gaussian RP,9,2,9,7,1,by_dim,0.0011836000485345721,0.14088960003573447,0.14207320008426905,,0.0011684000492095947,0.021967729207800487,0.10782246811479554,0.2467690705411656,0.00022980000358074903,0.3333333333333333,0.00031779997516423464,0.0003819999983534217,0.0001322000753134489,6.0699996538460255e-05,4.5900000259280205e-05,,,,,,,,,,,
cora,0.5,0,0.0,all,2485,Degree-stratified RP,9,2,9,7,1,by_dim,0.002620000042952597,0.07992080005351454,0.08254080009646714,,0.0025667999871075153,0.09709533220234337,0.152079839476393,0.33340499033595516,,,,,,,,0.00024970003869384527,0.0011953000212088227,0.0005845999112352729,0.00031230004969984293,0.0001319999573752284,5.3900061175227165e-05,3.899994771927595e-05,8.0,1.0,2.0,"[1,2):n=354,ell=1;[2,4):n=1070,ell=1;[4,8):n=859,ell=2;[8,16):n=155,ell=1;[16,32):n=35,ell=1;[32,64):n=8,ell=1;[64,128):n=3,ell=1;[128,256):n=1,ell=1"
cora,0.5,0,0.0,low_deg_1_2,899,Degree-stratified RP,9,2,9,7,1,by_dim,0.002620000042952597,0.07992080005351454,0.08254080009646714,,0.0025667999871075153,0.06576216386285899,0.11323709216162182,0.2892321989604531,,,,,,,,0.00024970003869384527,0.0011953000212088227,0.0005845999112352729,0.00031230004969984293,0.0001319999573752284,5.3900061175227165e-05,3.899994771927595e-05,8.0,1.0,2.0,"[1,2):n=354,ell=1;[2,4):n=1070,ell=1;[4,8):n=859,ell=2;[8,16):n=155,ell=1;[16,32):n=35,ell=1;[32,64):n=8,ell=1;[64,128):n=3,ell=1;[128,256):n=1,ell=1"
cora,0.5,0,0.0,mid_deg_3_8,1439,Degree-stratified RP,9,2,9,7,1,by_dim,0.002620000042952597,0.07992080005351454,0.08254080009646714,,0.0025667999871075153,0.11566258799204304,0.18160852002198064,0.3550304580340716,,,,,,,,0.00024970003869384527,0.0011953000212088227,0.0005845999112352729,0.00031230004969984293,0.0001319999573752284,5.3900061175227165e-05,3.899994771927595e-05,8.0,1.0,2.0,"[1,2):n=354,ell=1;[2,4):n=1070,ell=1;[4,8):n=859,ell=2;[8,16):n=155,ell=1;[16,32):n=35,ell=1;[32,64):n=8,ell=1;[64,128):n=3,ell=1;[128,256):n=1,ell=1"
cora,0.5,0,0.0,high_deg_9_plus,147,Degree-stratified RP,9,2,9,7,1,by_dim,0.002620000042952597,0.07992080005351454,0.08254080009646714,,0.0025667999871075153,0.220493682682038,0.31265539486776456,0.446212651559796,,,,,,,,0.00024970003869384527,0.0011953000212088227,0.0005845999112352729,0.00031230004969984293,0.0001319999573752284,5.3900061175227165e-05,3.899994771927595e-05,8.0,1.0,2.0,"[1,2):n=354,ell=1;[2,4):n=1070,ell=1;[4,8):n=859,ell=2;[8,16):n=155,ell=1;[16,32):n=35,ell=1;[32,64):n=8,ell=1;[64,128):n=3,ell=1;[128,256):n=1,ell=1"
cora,0.5,0,0.0,all,2485,Exact spectral,10,2,7,7,1,by_dim,0.0715158999664709,0.056516499957069755,0.12803239992354065,0.0715158999664709,0.0715158999664709,0.23820969921575666,0.39526302071691116,0.2787318543368127,,,,,,,,,,,,,,,,,,
cora,0.5,0,0.0,low_deg_1_2,899,Exact spectral,10,2,7,7,1,by_dim,0.0715158999664709,0.056516499957069755,0.12803239992354065,0.0715158999664709,0.0715158999664709,0.21966094372704997,0.37275070067031907,0.2893541925142974,,,,,,,,,,,,,,,,,,
cora,0.5,0,0.0,mid_deg_3_8,1439,Exact spectral,10,2,7,7,1,by_dim,0.0715158999664709,0.056516499957069755,0.12803239992354065,0.0715158999664709,0.0715158999664709,0.24335018012654022,0.4082804892121021,0.27223469929152183,,,,,,,,,,,,,,,,,,
cora,0.5,0,0.0,high_deg_9_plus,147,Exact spectral,10,2,7,7,1,by_dim,0.0715158999664709,0.056516499957069755,0.12803239992354065,0.0715158999664709,0.0715158999664709,0.3205538580908599,0.516616841553032,0.2856052476025962,,,,,,,,,,,,,,,,,,
cora,0.5,0,0.0,all,2485,Gaussian RP,10,2,9,7,1,by_dim,0.0011796000180765986,0.13906279997900128,0.14024239999707788,,0.0011636001290753484,0.012447006316448966,0.029879369879132547,0.20672734527163752,0.00021860003471374512,0.3333333333333333,0.00027840002439916134,0.0003992000129073858,0.00014500005636364222,7.489998824894428e-05,4.75000124424696e-05,,,,,,,,,,,
cora,0.5,0,0.0,low_deg_1_2,899,Gaussian RP,10,2,9,7,1,by_dim,0.0011796000180765986,0.13906279997900128,0.14024239999707788,,0.0011636001290753484,0.006905896654823341,0.02486939322079357,0.18889624588754228,0.00021860003471374512,0.3333333333333333,0.00027840002439916134,0.0003992000129073858,0.00014500005636364222,7.489998824894428e-05,4.75000124424696e-05,,,,,,,,,,,
cora,0.5,0,0.0,mid_deg_3_8,1439,Gaussian RP,10,2,9,7,1,by_dim,0.0011796000180765986,0.13906279997900128,0.14024239999707788,,0.0011636001290753484,0.019482318825567894,0.04496400741300599,0.22546187909516902,0.00021860003471374512,0.3333333333333333,0.00027840002439916134,0.0003992000129073858,0.00014500005636364222,7.489998824894428e-05,4.75000124424696e-05,,,,,,,,,,,
cora,0.5,0,0.0,high_deg_9_plus,147,Gaussian RP,10,2,9,7,1,by_dim,0.0011796000180765986,0.13906279997900128,0.14024239999707788,,0.0011636001290753484,0.03311074869908679,0.11471161829031888,0.2787386787879774,0.00021860003471374512,0.3333333333333333,0.00027840002439916134,0.0003992000129073858,0.00014500005636364222,7.489998824894428e-05,4.75000124424696e-05,,,,,,,,,,,
cora,0.5,0,0.0,all,2485,Degree-stratified RP,10,2,9,7,1,by_dim,0.0030128000071272254,0.07725929992739111,0.08027209993451834,,0.0029397999169304967,0.07692769502889434,0.1245132884435754,0.2953655478047638,,,,,,,,0.0003000999568030238,0.0014416000340133905,0.0006082999752834439,0.00033089995849877596,0.00015129998791962862,6.490002851933241e-05,4.269997589290142e-05,8.0,1.0,2.0,"[1,2):n=354,ell=1;[2,4):n=1070,ell=1;[4,8):n=859,ell=2;[8,16):n=155,ell=1;[16,32):n=35,ell=1;[32,64):n=8,ell=1;[64,128):n=3,ell=1;[128,256):n=1,ell=1"
cora,0.5,0,0.0,low_deg_1_2,899,Degree-stratified RP,10,2,9,7,1,by_dim,0.0030128000071272254,0.07725929992739111,0.08027209993451834,,0.0029397999169304967,0.05223431631566674,0.10365003751753103,0.26664231493272467,,,,,,,,0.0003000999568030238,0.0014416000340133905,0.0006082999752834439,0.00033089995849877596,0.00015129998791962862,6.490002851933241e-05,4.269997589290142e-05,8.0,1.0,2.0,"[1,2):n=354,ell=1;[2,4):n=1070,ell=1;[4,8):n=859,ell=2;[8,16):n=155,ell=1;[16,32):n=35,ell=1;[32,64):n=8,ell=1;[64,128):n=3,ell=1;[128,256):n=1,ell=1"
cora,0.5,0,0.0,mid_deg_3_8,1439,Degree-stratified RP,10,2,9,7,1,by_dim,0.0030128000071272254,0.07725929992739111,0.08027209993451834,,0.0029397999169304967,0.0910668795783778,0.14496617353250843,0.3102053555585202,,,,,,,,0.0003000999568030238,0.0014416000340133905,0.0006082999752834439,0.00033089995849877596,0.00015129998791962862,6.490002851933241e-05,4.269997589290142e-05,8.0,1.0,2.0,"[1,2):n=354,ell=1;[2,4):n=1070,ell=1;[4,8):n=859,ell=2;[8,16):n=155,ell=1;[16,32):n=35,ell=1;[32,64):n=8,ell=1;[64,128):n=3,ell=1;[128,256):n=1,ell=1"
cora,0.5,0,0.0,high_deg_9_plus,147,Degree-stratified RP,10,2,9,7,1,by_dim,0.0030128000071272254,0.07725929992739111,0.08027209993451834,,0.0029397999169304967,0.1331968404886171,0.2460378341974075,0.34946747840783504,,,,,,,,0.0003000999568030238,0.0014416000340133905,0.0006082999752834439,0.00033089995849877596,0.00015129998791962862,6.490002851933241e-05,4.269997589290142e-05,8.0,1.0,2.0,"[1,2):n=354,ell=1;[2,4):n=1070,ell=1;[4,8):n=859,ell=2;[8,16):n=155,ell=1;[16,32):n=35,ell=1;[32,64):n=8,ell=1;[64,128):n=3,ell=1;[128,256):n=1,ell=1"
cora,0.5,0,0.0,all,2485,Exact spectral,1,5,7,7,1,by_dim,0.0715158999664709,0.045893399976193905,0.1174092999426648,0.0715158999664709,0.0715158999664709,0.23820969921575666,0.3952630207169111,0.2787318543368127,,,,,,,,,,,,,,,,,,
cora,0.5,0,0.0,low_deg_1_2,899,Exact spectral,1,5,7,7,1,by_dim,0.0715158999664709,0.045893399976193905,0.1174092999426648,0.0715158999664709,0.0715158999664709,0.21966094372704997,0.37275070067031907,0.2893541925142974,,,,,,,,,,,,,,,,,,
cora,0.5,0,0.0,mid_deg_3_8,1439,Exact spectral,1,5,7,7,1,by_dim,0.0715158999664709,0.045893399976193905,0.1174092999426648,0.0715158999664709,0.0715158999664709,0.24335018012654022,0.40828048921210225,0.27223469929152183,,,,,,,,,,,,,,,,,,
cora,0.5,0,0.0,high_deg_9_plus,147,Exact spectral,1,5,7,7,1,by_dim,0.0715158999664709,0.045893399976193905,0.1174092999426648,0.0715158999664709,0.0715158999664709,0.3205538580908599,0.5166168415530322,0.2856052476025962,,,,,,,,,,,,,,,,,,
cora,0.5,0,0.0,all,2485,Gaussian RP,1,5,12,7,1,by_dim,0.001631000079214573,0.10869389993604273,0.1103249000152573,,0.0016148999566212296,0.024722506176620928,0.046974825567737334,0.2409132178937272,0.00025729998014867306,0.2886751345948129,0.0003704000264406204,0.0006668999558314681,0.00017680006567388773,8.239992894232273e-05,6.10999995842576e-05,,,,,,,,,,,
cora,0.5,0,0.0,low_deg_1_2,899,Gaussian RP,1,5,12,7,1,by_dim,0.001631000079214573,0.10869389993604273,0.1103249000152573,,0.0016148999566212296,0.01628979593806092,0.03758603789884338,0.21129513342900877,0.00025729998014867306,0.2886751345948129,0.0003704000264406204,0.0006668999558314681,0.00017680006567388773,8.239992894232273e-05,6.10999995842576e-05,,,,,,,,,,,
cora,0.5,0,0.0,mid_deg_3_8,1439,Gaussian RP,1,5,12,7,1,by_dim,0.001631000079214573,0.10869389993604273,0.1103249000152573,,0.0016148999566212296,0.031054746526753257,0.06378873493947954,0.25402954196211536,0.00025729998014867306,0.2886751345948129,0.0003704000264406204,0.0006668999558314681,0.00017680006567388773,8.239992894232273e-05,6.10999995842576e-05,,,,,,,,,,,
cora,0.5,0,0.0,high_deg_9_plus,147,Gaussian RP,1,5,12,7,1,by_dim,0.001631000079214573,0.10869389993604273,0.1103249000152573,,0.0016148999566212296,0.04991823453326642,0.1319184745026181,0.3255060449222487,0.00025729998014867306,0.2886751345948129,0.0003704000264406204,0.0006668999558314681,0.00017680006567388773,8.239992894232273e-05,6.10999995842576e-05,,,,,,,,,,,
cora,0.5,0,0.0,all,2485,Degree-stratified RP,1,5,12,7,1,by_dim,0.00279450009111315,0.08177459996659309,0.08456910005770624,,0.00274979998357594,0.08973860544305483,0.1562819964839187,0.35704090810070616,,,,,,,,0.0001865000231191516,0.0010130000300705433,0.0008317999308928847,0.0004891999997198582,0.0001406000228598714,5.180004518479109e-05,3.6899931728839874e-05,8.0,1.0,2.0,"[1,2):n=354,ell=1;[2,4):n=1070,ell=2;[4,8):n=859,ell=2;[8,16):n=155,ell=2;[16,32):n=35,ell=2;[32,64):n=8,ell=1;[64,128):n=3,ell=1;[128,256):n=1,ell=1"
cora,0.5,0,0.0,low_deg_1_2,899,Degree-stratified RP,1,5,12,7,1,by_dim,0.00279450009111315,0.08177459996659309,0.08456910005770624,,0.00274979998357594,0.05081281475653752,0.11235067710720531,0.30093026563865116,,,,,,,,0.0001865000231191516,0.0010130000300705433,0.0008317999308928847,0.0004891999997198582,0.0001406000228598714,5.180004518479109e-05,3.6899931728839874e-05,8.0,1.0,2.0,"[1,2):n=354,ell=1;[2,4):n=1070,ell=2;[4,8):n=859,ell=2;[8,16):n=155,ell=2;[16,32):n=35,ell=2;[32,64):n=8,ell=1;[64,128):n=3,ell=1;[128,256):n=1,ell=1"
cora,0.5,0,0.0,mid_deg_3_8,1439,Degree-stratified RP,1,5,12,7,1,by_dim,0.00279450009111315,0.08177459996659309,0.08456910005770624,,0.00274979998357594,0.10771443586439665,0.18227231288960885,0.3846199805523434,,,,,,,,0.0001865000231191516,0.0010130000300705433,0.0008317999308928847,0.0004891999997198582,0.0001406000228598714,5.180004518479109e-05,3.6899931728839874e-05,8.0,1.0,2.0,"[1,2):n=354,ell=1;[2,4):n=1070,ell=2;[4,8):n=859,ell=2;[8,16):n=155,ell=2;[16,32):n=35,ell=2;[32,64):n=8,ell=1;[64,128):n=3,ell=1;[128,256):n=1,ell=1"
cora,0.5,0,0.0,high_deg_9_plus,147,Degree-stratified RP,1,5,12,7,1,by_dim,0.00279450009111315,0.08177459996659309,0.08456910005770624,,0.00274979998357594,0.23153949752637548,0.3625086551416791,0.4498290659781343,,,,,,,,0.0001865000231191516,0.0010130000300705433,0.0008317999308928847,0.0004891999997198582,0.0001406000228598714,5.180004518479109e-05,3.6899931728839874e-05,8.0,1.0,2.0,"[1,2):n=354,ell=1;[2,4):n=1070,ell=2;[4,8):n=859,ell=2;[8,16):n=155,ell=2;[16,32):n=35,ell=2;[32,64):n=8,ell=1;[64,128):n=3,ell=1;[128,256):n=1,ell=1"
cora,0.5,0,0.0,all,2485,Exact spectral,2,5,7,7,1,by_dim,0.0715158999664709,0.03427639999426901,0.10579229996073991,0.0715158999664709,0.0715158999664709,0.23845110263258662,0.39525629799554224,0.2788950331905623,,,,,,,,,,,,,,,,,,
cora,0.5,0,0.0,low_deg_1_2,899,Exact spectral,2,5,7,7,1,by_dim,0.0715158999664709,0.03427639999426901,0.10579229996073991,0.0715158999664709,0.0715158999664709,0.21966094372704997,0.37275070067031907,0.2893541925142974,,,,,,,,,,,,,,,,,,
cora,0.5,0,0.0,mid_deg_3_8,1439,Exact spectral,2,5,7,7,1,by_dim,0.0715158999664709,0.03427639999426901,0.10579229996073991,0.0715158999664709,0.0715158999664709,0.2437093436744324,0.4082797297165913,0.27253620953369634,,,,,,,,,,,,,,,,,,
cora,0.5,0,0.0,high_deg_9_plus,147,Exact spectral,2,5,7,7,1,by_dim,0.0715158999664709,0.03427639999426901,0.10579229996073991,0.0715158999664709,0.0715158999664709,0.3205538580908599,0.5166168415530322,0.2856052476025962,,,,,,,,,,,,,,,,,,
cora,0.5,0,0.0,all,2485,Gaussian RP,2,5,12,7,1,by_dim,0.0012217999901622534,0.10065270005725324,0.1018745000474155,,0.0012107000220566988,0.018789540618440837,0.035232369552077605,0.22991092721497258,0.00023200002033263445,0.2886751345948129,0.0002562999725341797,0.0005030999891459942,0.00012990005780011415,5.339994095265865e-05,3.600004129111767e-05,,,,,,,,,,,
cora,0.5,0,0.0,low_deg_1_2,899,Gaussian RP,2,5,12,7,1,by_dim,0.0012217999901622534,0.10065270005725324,0.1018745000474155,,0.0012107000220566988,0.021534995217526495,0.03868580397122514,0.20363367347218636,0.00023200002033263445,0.2886751345948129,0.0002562999725341797,0.0005030999891459942,0.00012990005780011415,5.339994095265865e-05,3.600004129111767e-05,,,,,,,,,,,
cora,0.5,0,0.0,mid_deg_3_8,1439,Gaussian RP,2,5,12,7,1,by_dim,0.0012217999901622534,0.10065270005725324,0.1018745000474155,,0.0012107000220566988,0.022229716561260417,0.045573640372247,0.24669166556465413,0.00023200002033263445,0.2886751345948129,0.0002562999725341797,0.0005030999891459942,0.00012990005780011415,5.339994095265865e-05,3.600004129111767e-05,,,,,,,,,,,
cora,0.5,0,0.0,high_deg_9_plus,147,Gaussian RP,2,5,12,7,1,by_dim,0.0012217999901622534,0.10065270005725324,0.1018745000474155,,0.0012107000220566988,0.04808134843296628,0.16670088213597017,0.29041521283243604,0.00023200002033263445,0.2886751345948129,0.0002562999725341797,0.0005030999891459942,0.00012990005780011415,5.339994095265865e-05,3.600004129111767e-05,,,,,,,,,,,
cora,0.5,0,0.0,all,2485,Degree-stratified RP,2,5,12,7,1,by_dim,0.0030274000018835068,0.21001570008229464,0.21304310008417815,,0.002983100013807416,0.08108807151632583,0.12575808582188652,0.3321038119449229,,,,,,,,0.00025290006306022406,0.0012194999726489186,0.0008374999742954969,0.00046310003381222486,0.00012260000221431255,5.0999922677874565e-05,3.650004509836435e-05,8.0,1.0,2.0,"[1,2):n=354,ell=1;[2,4):n=1070,ell=2;[4,8):n=859,ell=2;[8,16):n=155,ell=2;[16,32):n=35,ell=2;[32,64):n=8,ell=1;[64,128):n=3,ell=1;[128,256):n=1,ell=1"
cora,0.5,0,0.0,low_deg_1_2,899,Degree-stratified RP,2,5,12,7,1,by_dim,0.0030274000018835068,0.21001570008229464,0.21304310008417815,,0.002983100013807416,0.038161545162414316,0.09011452979242221,0.2666338605383996,,,,,,,,0.00025290006306022406,0.0012194999726489186,0.0008374999742954969,0.00046310003381222486,0.00012260000221431255,5.0999922677874565e-05,3.650004509836435e-05,8.0,1.0,2.0,"[1,2):n=354,ell=1;[2,4):n=1070,ell=2;[4,8):n=859,ell=2;[8,16):n=155,ell=2;[16,32):n=35,ell=2;[32,64):n=8,ell=1;[64,128):n=3,ell=1;[128,256):n=1,ell=1"
cora,0.5,0,0.0,mid_deg_3_8,1439,Degree-stratified RP,2,5,12,7,1,by_dim,0.0030274000018835068,0.21001570008229464,0.21304310008417815,,0.002983100013807416,0.1069949436398896,0.15069997307840283,0.36614443341975406,,,,,,,,0.00025290006306022406,0.0012194999726489186,0.0008374999742954969,0.00046310003381222486,0.00012260000221431255,5.0999922677874565e-05,3.650004509836435e-05,8.0,1.0,2.0,"[1,2):n=354,ell=1;[2,4):n=1070,ell=2;[4,8):n=859,ell=2;[8,16):n=155,ell=2;[16,32):n=35,ell=2;[32,64):n=8,ell=1;[64,128):n=3,ell=1;[128,256):n=1,ell=1"
cora,0.5,0,0.0,high_deg_9_plus,147,Degree-stratified RP,2,5,12,7,1,by_dim,0.0030274000018835068,0.21001570008229464,0.21304310008417815,,0.002983100013807416,0.22175102628022353,0.32040856527212824,0.4381075910448036,,,,,,,,0.00025290006306022406,0.0012194999726489186,0.0008374999742954969,0.00046310003381222486,0.00012260000221431255,5.0999922677874565e-05,3.650004509836435e-05,8.0,1.0,2.0,"[1,2):n=354,ell=1;[2,4):n=1070,ell=2;[4,8):n=859,ell=2;[8,16):n=155,ell=2;[16,32):n=35,ell=2;[32,64):n=8,ell=1;[64,128):n=3,ell=1;[128,256):n=1,ell=1"
cora,0.5,0,0.0,all,2485,Exact spectral,3,5,7,7,1,by_dim,0.0715158999664709,0.09167200000956655,0.16318789997603744,0.0715158999664709,0.0715158999664709,0.23845110263258662,0.39525629799554224,0.2788950331905623,,,,,,,,,,,,,,,,,,
cora,0.5,0,0.0,low_deg_1_2,899,Exact spectral,3,5,7,7,1,by_dim,0.0715158999664709,0.09167200000956655,0.16318789997603744,0.0715158999664709,0.0715158999664709,0.21966094372704997,0.37275070067031907,0.2893541925142974,,,,,,,,,,,,,,,,,,
cora,0.5,0,0.0,mid_deg_3_8,1439,Exact spectral,3,5,7,7,1,by_dim,0.0715158999664709,0.09167200000956655,0.16318789997603744,0.0715158999664709,0.0715158999664709,0.2437093436744324,0.4082797297165914,0.27253620953369634,,,,,,,,,,,,,,,,,,
cora,0.5,0,0.0,high_deg_9_plus,147,Exact spectral,3,5,7,7,1,by_dim,0.0715158999664709,0.09167200000956655,0.16318789997603744,0.0715158999664709,0.0715158999664709,0.3205538580908599,0.5166168415530322,0.2856052476025962,,,,,,,,,,,,,,,,,,
cora,0.5,0,0.0,all,2485,Gaussian RP,3,5,12,7,1,by_dim,0.002154099987819791,0.17319299990776926,0.17534709989558905,,0.0021378000965341926,0.01727400201563926,0.03180829919020133,0.20722016540340576,0.0002975000534206629,0.2886751345948129,0.000506600015796721,0.0010251000057905912,0.0001700000138953328,7.71000050008297e-05,6.150000263005495e-05,,,,,,,,,,,
cora,0.5,0,0.0,low_deg_1_2,899,Gaussian RP,3,5,12,7,1,by_dim,0.002154099987819791,0.17319299990776926,0.17534709989558905,,0.0021378000965341926,0.01869839992712679,0.03748036343386125,0.20562633652396767,0.0002975000534206629,0.2886751345948129,0.000506600015796721,0.0010251000057905912,0.0001700000138953328,7.71000050008297e-05,6.150000263005495e-05,,,,,,,,,,,
cora,0.5,0,0.0,mid_deg_3_8,1439,Gaussian RP,3,5,12,7,1,by_dim,0.002154099987819791,0.17319299990776926,0.17534709989558905,,0.0021378000965341926,0.015712798961716436,0.03500534263064052,0.20711134348914653,0.0002975000534206629,0.2886751345948129,0.000506600015796721,0.0010251000057905912,0.0001700000138953328,7.71000050008297e-05,6.150000263005495e-05,,,,,,,,,,,
cora,0.5,0,0.0,high_deg_9_plus,147,Gaussian RP,3,5,12,7,1,by_dim,0.002154099987819791,0.17319299990776926,0.17534709989558905,,0.0021378000965341926,0.020994287132068017,0.10248216339683362,0.26176888579932817,0.0002975000534206629,0.2886751345948129,0.000506600015796721,0.0010251000057905912,0.0001700000138953328,7.71000050008297e-05,6.150000263005495e-05,,,,,,,,,,,
cora,0.5,0,0.0,all,2485,Degree-stratified RP,3,5,12,7,1,by_dim,0.004795999964699149,0.21611669997218996,0.2209126999368891,,0.004727699910290539,0.08266485995846692,0.14053550459460065,0.31912723906829005,,,,,,,,0.0003032999811694026,0.0018419999396428466,0.0014323999639600515,0.0008322000503540039,0.00017849996220320463,8.17000400274992e-05,5.759997293353081e-05,8.0,1.0,2.0,"[1,2):n=354,ell=1;[2,4):n=1070,ell=2;[4,8):n=859,ell=2;[8,16):n=155,ell=2;[16,32):n=35,ell=2;[32,64):n=8,ell=1;[64,128):n=3,ell=1;[128,256):n=1,ell=1"
cora,0.5,0,0.0,low_deg_1_2,899,Degree-stratified RP,3,5,12,7,1,by_dim,0.004795999964699149,0.21611669997218996,0.2209126999368891,,0.004727699910290539,0.05004469565430786,0.10540125062195684,0.27791176777437193,,,,,,,,0.0003032999811694026,0.0018419999396428466,0.0014323999639600515,0.0008322000503540039,0.00017849996220320463,8.17000400274992e-05,5.759997293353081e-05,8.0,1.0,2.0,"[1,2):n=354,ell=1;[2,4):n=1070,ell=2;[4,8):n=859,ell=2;[8,16):n=155,ell=2;[16,32):n=35,ell=2;[32,64):n=8,ell=1;[64,128):n=3,ell=1;[128,256):n=1,ell=1"
cora,0.5,0,0.0,mid_deg_3_8,1439,Degree-stratified RP,3,5,12,7,1,by_dim,0.004795999964699149,0.21611669997218996,0.2209126999368891,,0.004727699910290539,0.10467802813001335,0.1690532768178015,0.3432368842489021,,,,,,,,0.0003032999811694026,0.0018419999396428466,0.0014323999639600515,0.0008322000503540039,0.00017849996220320463,8.17000400274992e-05,5.759997293353081e-05,8.0,1.0,2.0,"[1,2):n=354,ell=1;[2,4):n=1070,ell=2;[4,8):n=859,ell=2;[8,16):n=155,ell=2;[16,32):n=35,ell=2;[32,64):n=8,ell=1;[64,128):n=3,ell=1;[128,256):n=1,ell=1"
cora,0.5,0,0.0,high_deg_9_plus,147,Degree-stratified RP,3,5,12,7,1,by_dim,0.004795999964699149,0.21611669997218996,0.2209126999368891,,0.004727699910290539,0.14977258418356887,0.26651595491935604,0.38605066304932,,,,,,,,0.0003032999811694026,0.0018419999396428466,0.0014323999639600515,0.0008322000503540039,0.00017849996220320463,8.17000400274992e-05,5.759997293353081e-05,8.0,1.0,2.0,"[1,2):n=354,ell=1;[2,4):n=1070,ell=2;[4,8):n=859,ell=2;[8,16):n=155,ell=2;[16,32):n=35,ell=2;[32,64):n=8,ell=1;[64,128):n=3,ell=1;[128,256):n=1,ell=1"
cora,0.5,0,0.0,all,2485,Exact spectral,4,5,7,7,1,by_dim,0.0715158999664709,0.06224209989886731,0.1337579998653382,0.0715158999664709,0.0715158999664709,0.23820969921575666,0.39526302071691116,0.2787318543368127,,,,,,,,,,,,,,,,,,
cora,0.5,0,0.0,low_deg_1_2,899,Exact spectral,4,5,7,7,1,by_dim,0.0715158999664709,0.06224209989886731,0.1337579998653382,0.0715158999664709,0.0715158999664709,0.21966094372704997,0.3727507006703191,0.2893541925142974,,,,,,,,,,,,,,,,,,
cora,0.5,0,0.0,mid_deg_3_8,1439,Exact spectral,4,5,7,7,1,by_dim,0.0715158999664709,0.06224209989886731,0.1337579998653382,0.0715158999664709,0.0715158999664709,0.24335018012654022,0.40828048921210225,0.27223469929152183,,,,,,,,,,,,,,,,,,
cora,0.5,0,0.0,high_deg_9_plus,147,Exact spectral,4,5,7,7,1,by_dim,0.0715158999664709,0.06224209989886731,0.1337579998653382,0.0715158999664709,0.0715158999664709,0.3205538580908599,0.5166168415530322,0.2856052476025962,,,,,,,,,,,,,,,,,,
cora,0.5,0,0.0,all,2485,Gaussian RP,4,5,12,7,1,by_dim,0.001674500061199069,0.21770269994158298,0.21937720000278205,,0.0016579999355599284,0.01998413975225592,0.034479300326705126,0.20731929807141136,0.0002625000197440386,0.2886751345948129,0.00042339996434748173,0.0006495999405160546,0.00019290007185190916,7.760000880807638e-05,5.1999930292367935e-05,,,,,,,,,,,
cora,0.5,0,0.0,low_deg_1_2,899,Gaussian RP,4,5,12,7,1,by_dim,0.001674500061199069,0.21770269994158298,0.21937720000278205,,0.0016579999355599284,0.016630520940824064,0.033604925566939295,0.1974998188864232,0.0002625000197440386,0.2886751345948129,0.00042339996434748173,0.0006495999405160546,0.00019290007185190916,7.760000880807638e-05,5.1999930292367935e-05,,,,,,,,,,,
cora,0.5,0,0.0,mid_deg_3_8,1439,Gaussian RP,4,5,12,7,1,by_dim,0.001674500061199069,0.21770269994158298,0.21937720000278205,,0.0016579999355599284,0.02205563491448644,0.04108332916508879,0.22460180147496125,0.0002625000197440386,0.2886751345948129,0.00042339996434748173,0.0006495999405160546,0.00019290007185190916,7.760000880807638e-05,5.1999930292367935e-05,,,,,,,,,,,
cora,0.5,0,0.0,high_deg_9_plus,147,Gaussian RP,4,5,12,7,1,by_dim,0.001674500061199069,0.21770269994158298,0.21937720000278205,,0.0016579999355599284,0.07006366315275543,0.15985927095384816,0.3142245550984379,0.0002625000197440386,0.2886751345948129,0.00042339996434748173,0.0006495999405160546,0.00019290007185190916,7.760000880807638e-05,5.1999930292367935e-05,,,,,,,,,,,
cora,0.5,0,0.0,all,2485,Degree-stratified RP,4,5,12,7,1,by_dim,0.003812299924902618,0.11846220004372299,0.1222744999686256,,0.0037164000095799565,0.06718244169942572,0.10829508218377791,0.275106190511035,,,,,,,,0.0002589999930933118,0.001352700055576861,0.0010571000166237354,0.0007118999492377043,0.0001957999775186181,8.5500068962574e-05,5.439994856715202e-05,8.0,1.0,2.0,"[1,2):n=354,ell=1;[2,4):n=1070,ell=2;[4,8):n=859,ell=2;[8,16):n=155,ell=2;[16,32):n=35,ell=2;[32,64):n=8,ell=1;[64,128):n=3,ell=1;[128,256):n=1,ell=1"
cora,0.5,0,0.0,low_deg_1_2,899,Degree-stratified RP,4,5,12,7,1,by_dim,0.003812299924902618,0.11846220004372299,0.1222744999686256,,0.0037164000095799565,0.05443964387503505,0.09211095466283564,0.2755996139101512,,,,,,,,0.0002589999930933118,0.001352700055576861,0.0010571000166237354,0.0007118999492377043,0.0001957999775186181,8.5500068962574e-05,5.439994856715202e-05,8.0,1.0,2.0,"[1,2):n=354,ell=1;[2,4):n=1070,ell=2;[4,8):n=859,ell=2;[8,16):n=155,ell=2;[16,32):n=35,ell=2;[32,64):n=8,ell=1;[64,128):n=3,ell=1;[128,256):n=1,ell=1"
cora,0.5,0,0.0,mid_deg_3_8,1439,Degree-stratified RP,4,5,12,7,1,by_dim,0.003812299924902618,0.11846220004372299,0.1222744999686256,,0.0037164000095799565,0.07723585849285225,0.12299661439139432,0.2994663578604865,,,,,,,,0.0002589999930933118,0.001352700055576861,0.0010571000166237354,0.0007118999492377043,0.0001957999775186181,8.5500068962574e-05,5.439994856715202e-05,8.0,1.0,2.0,"[1,2):n=354,ell=1;[2,4):n=1070,ell=2;[4,8):n=859,ell=2;[8,16):n=155,ell=2;[16,32):n=35,ell=2;[32,64):n=8,ell=1;[64,128):n=3,ell=1;[128,256):n=1,ell=1"
cora,0.5,0,0.0,high_deg_9_plus,147,Degree-stratified RP,4,5,12,7,1,by_dim,0.003812299924902618,0.11846220004372299,0.1222744999686256,,0.0037164000095799565,0.11776071546043679,0.25062868375855873,0.3474785489228574,,,,,,,,0.0002589999930933118,0.001352700055576861,0.0010571000166237354,0.0007118999492377043,0.0001957999775186181,8.5500068962574e-05,5.439994856715202e-05,8.0,1.0,2.0,"[1,2):n=354,ell=1;[2,4):n=1070,ell=2;[4,8):n=859,ell=2;[8,16):n=155,ell=2;[16,32):n=35,ell=2;[32,64):n=8,ell=1;[64,128):n=3,ell=1;[128,256):n=1,ell=1"
cora,0.5,0,0.0,all,2485,Exact spectral,5,5,7,7,1,by_dim,0.0715158999664709,0.044098899932578206,0.1156147998990491,0.0715158999664709,0.0715158999664709,0.23820969921575666,0.39526302071691105,0.2787318543368127,,,,,,,,,,,,,,,,,,
cora,0.5,0,0.0,low_deg_1_2,899,Exact spectral,5,5,7,7,1,by_dim,0.0715158999664709,0.044098899932578206,0.1156147998990491,0.0715158999664709,0.0715158999664709,0.21966094372704997,0.3727507006703191,0.2893541925142974,,,,,,,,,,,,,,,,,,
cora,0.5,0,0.0,mid_deg_3_8,1439,Exact spectral,5,5,7,7,1,by_dim,0.0715158999664709,0.044098899932578206,0.1156147998990491,0.0715158999664709,0.0715158999664709,0.24335018012654022,0.40828048921210225,0.27223469929152183,,,,,,,,,,,,,,,,,,
cora,0.5,0,0.0,high_deg_9_plus,147,Exact spectral,5,5,7,7,1,by_dim,0.0715158999664709,0.044098899932578206,0.1156147998990491,0.0715158999664709,0.0715158999664709,0.3205538580908599,0.5166168415530322,0.2856052476025962,,,,,,,,,,,,,,,,,,
cora,0.5,0,0.0,all,2485,Gaussian RP,5,5,12,7,1,by_dim,0.0014591000508517027,0.12838209990877658,0.12984119995962828,,0.0014433999313041568,0.01701555413966871,0.033798939503222346,0.20258573545467187,0.00025919999461621046,0.2886751345948129,0.0002482000272721052,0.0005818998906761408,0.00021000008564442396,7.969990838319063e-05,6.440002471208572e-05,,,,,,,,,,,
cora,0.5,0,0.0,low_deg_1_2,899,Gaussian RP,5,5,12,7,1,by_dim,0.0014591000508517027,0.12838209990877658,0.12984119995962828,,0.0014433999313041568,0.01355977946204533,0.028116248500357783,0.2081014448964038,0.00025919999461621046,0.2886751345948129,0.0002482000272721052,0.0005818998906761408,0.00021000008564442396,7.969990838319063e-05,6.440002471208572e-05,,,,,,,,,,,
cora,0.5,0,0.0,mid_deg_3_8,1439,Gaussian RP,5,5,12,7,1,by_dim,0.0014591000508517027,0.12838209990877658,0.12984119995962828,,0.0014433999313041568,0.019776368265089862,0.04563033787084107,0.20844395716754457,0.00025919999461621046,0.2886751345948129,0.0002482000272721052,0.0005818998906761408,0.00021000008564442396,7.969990838319063e-05,6.440002471208572e-05,,,,,,,,,,,
cora,0.5,0,0.0,high_deg_9_plus,147,Gaussian RP,5,5,12,7,1,by_dim,0.0014591000508517027,0.12838209990877658,0.12984119995962828,,0.0014433999313041568,0.016858605405154665,0.10026038007834431,0.26508127060347947,0.00025919999461621046,0.2886751345948129,0.0002482000272721052,0.0005818998906761408,0.00021000008564442396,7.969990838319063e-05,6.440002471208572e-05,,,,,,,,,,,
cora,0.5,0,0.0,all,2485,Degree-stratified RP,5,5,12,7,1,by_dim,0.003403100068680942,0.08427609992213547,0.08767919999081641,,0.0033444000873714685,0.08348167643019785,0.14711328476609373,0.3453345671557941,,,,,,,,0.000277700019069016,0.0012912999372929335,0.0009191000135615468,0.0005698000313714147,0.0001666999887675047,6.750004831701517e-05,5.230004899203777e-05,8.0,1.0,2.0,"[1,2):n=354,ell=1;[2,4):n=1070,ell=2;[4,8):n=859,ell=2;[8,16):n=155,ell=2;[16,32):n=35,ell=2;[32,64):n=8,ell=1;[64,128):n=3,ell=1;[128,256):n=1,ell=1"
cora,0.5,0,0.0,low_deg_1_2,899,Degree-stratified RP,5,5,12,7,1,by_dim,0.003403100068680942,0.08427609992213547,0.08767919999081641,,0.0033444000873714685,0.037814651507761705,0.10891970404723343,0.2796596556663119,,,,,,,,0.000277700019069016,0.0012912999372929335,0.0009191000135615468,0.0005698000313714147,0.0001666999887675047,6.750004831701517e-05,5.230004899203777e-05,8.0,1.0,2.0,"[1,2):n=354,ell=1;[2,4):n=1070,ell=2;[4,8):n=859,ell=2;[8,16):n=155,ell=2;[16,32):n=35,ell=2;[32,64):n=8,ell=1;[64,128):n=3,ell=1;[128,256):n=1,ell=1"
cora,0.5,0,0.0,mid_deg_3_8,1439,Degree-stratified RP,5,5,12,7,1,by_dim,0.003403100068680942,0.08427609992213547,0.08767919999081641,,0.0033444000873714685,0.1114841045887752,0.17445335425187086,0.3753614198494036,,,,,,,,0.000277700019069016,0.0012912999372929335,0.0009191000135615468,0.0005698000313714147,0.0001666999887675047,6.750004831701517e-05,5.230004899203777e-05,8.0,1.0,2.0,"[1,2):n=354,ell=1;[2,4):n=1070,ell=2;[4,8):n=859,ell=2;[8,16):n=155,ell=2;[16,32):n=35,ell=2;[32,64):n=8,ell=1;[64,128):n=3,ell=1;[128,256):n=1,ell=1"
cora,0.5,0,0.0,high_deg_9_plus,147,Degree-stratified RP,5,5,12,7,1,by_dim,0.003403100068680942,0.08427609992213547,0.08767919999081641,,0.0033444000873714685,0.15238224133941292,0.28005505800687447,0.4412791286347511,,,,,,,,0.000277700019069016,0.0012912999372929335,0.0009191000135615468,0.0005698000313714147,0.0001666999887675047,6.750004831701517e-05,5.230004899203777e-05,8.0,1.0,2.0,"[1,2):n=354,ell=1;[2,4):n=1070,ell=2;[4,8):n=859,ell=2;[8,16):n=155,ell=2;[16,32):n=35,ell=2;[32,64):n=8,ell=1;[64,128):n=3,ell=1;[128,256):n=1,ell=1"
cora,0.5,0,0.0,all,2485,Exact spectral,6,5,7,7,1,by_dim,0.0715158999664709,0.044539400027133524,0.11605529999360442,0.0715158999664709,0.0715158999664709,0.23997891641373656,0.3900531076688662,0.35685797354305776,,,,,,,,,,,,,,,,,,
cora,0.5,0,0.0,low_deg_1_2,899,Exact spectral,6,5,7,7,1,by_dim,0.0715158999664709,0.044539400027133524,0.11605529999360442,0.0715158999664709,0.0715158999664709,0.2205830794234699,0.3671032245898038,0.3646030206292043,,,,,,,,,,,,,,,,,,
cora,0.5,0,0.0,mid_deg_3_8,1439,Exact spectral,6,5,7,7,1,by_dim,0.0715158999664709,0.044539400027133524,0.11605529999360442,0.0715158999664709,0.0715158999664709,0.24657856812900913,0.4018727237065385,0.3479980204378352,,,,,,,,,,,,,,,,,,
cora,0.5,0,0.0,high_deg_9_plus,147,Exact spectral,6,5,7,7,1,by_dim,0.0715158999664709,0.044539400027133524,0.11605529999360442,0.0715158999664709,0.0715158999664709,0.3160878126091473,0.5267294229614985,0.3990413046514028,,,,,,,,,,,,,,,,,,
cora,0.5,0,0.0,all,2485,Gaussian RP,6,5,12,7,1,by_dim,0.0013946000253781676,0.10981619998347014,0.11121080000884831,,0.001380200032144785,0.0323472000774798,0.055211613177757184,0.23790129568534776,0.00026760005857795477,0.2886751345948129,0.0002882999833673239,0.0006066999631002545,0.00012099999003112316,5.979998968541622e-05,3.6800047382712364e-05,,,,,,,,,,,
cora,0.5,0,0.0,low_deg_1_2,899,Gaussian RP,6,5,12,7,1,by_dim,0.0013946000253781676,0.10981619998347014,0.11121080000884831,,0.001380200032144785,0.020372981310552075,0.042561654343090984,0.22287859119996853,0.00026760005857795477,0.2886751345948129,0.0002882999833673239,0.0006066999631002545,0.00012099999003112316,5.979998968541622e-05,3.6800047382712364e-05,,,,,,,,,,,
cora,0.5,0,0.0,mid_deg_3_8,1439,Gaussian RP,6,5,12,7,1,by_dim,0.0013946000253781676,0.10981619998347014,0.11121080000884831,,0.001380200032144785,0.04214190202761563,0.07439390407379347,0.2532519879518548,0.00026760005857795477,0.2886751345948129,0.0002882999833673239,0.0006066999631002545,0.00012099999003112316,5.979998968541622e-05,3.6800047382712364e-05,,,,,,,,,,,
cora,0.5,0,0.0,high_deg_9_plus,147,Gaussian RP,6,5,12,7,1,by_dim,0.0013946000253781676,0.10981619998347014,0.11121080000884831,,0.001380200032144785,0.039052271233330355,0.12618401727203568,0.2616287123688364,0.00026760005857795477,0.2886751345948129,0.0002882999833673239,0.0006066999631002545,0.00012099999003112316,5.979998968541622e-05,3.6800047382712364e-05,,,,,,,,,,,
cora,0.5,0,0.0,all,2485,Degree-stratified RP,6,5,12,7,1,by_dim,0.0030849999748170376,0.06711149995680898,0.07019649993162602,,0.0030393999768421054,0.09779258790320951,0.16676772679646806,0.36486832183193263,,,,,,,,0.0002408000873401761,0.0011566999601200223,0.0008060999680310488,0.0005275000585243106,0.00017079990357160568,8.760008495301008e-05,4.989991430193186e-05,8.0,1.0,2.0,"[1,2):n=354,ell=1;[2,4):n=1070,ell=2;[4,8):n=859,ell=2;[8,16):n=155,ell=2;[16,32):n=35,ell=2;[32,64):n=8,ell=1;[64,128):n=3,ell=1;[128,256):n=1,ell=1"
cora,0.5,0,0.0,low_deg_1_2,899,Degree-stratified RP,6,5,12,7,1,by_dim,0.0030849999748170376,0.06711149995680898,0.07019649993162602,,0.0030393999768421054,0.05446058354089945,0.12212756192425492,0.3137483828205044,,,,,,,,0.0002408000873401761,0.0011566999601200223,0.0008060999680310488,0.0005275000585243106,0.00017079990357160568,8.760008495301008e-05,4.989991430193186e-05,8.0,1.0,2.0,"[1,2):n=354,ell=1;[2,4):n=1070,ell=2;[4,8):n=859,ell=2;[8,16):n=155,ell=2;[16,32):n=35,ell=2;[32,64):n=8,ell=1;[64,128):n=3,ell=1;[128,256):n=1,ell=1"
cora,0.5,0,0.0,mid_deg_3_8,1439,Degree-stratified RP,6,5,12,7,1,by_dim,0.0030849999748170376,0.06711149995680898,0.07019649993162602,,0.0030393999768421054,0.11823624890177467,0.18913884046746657,0.37650971629197233,,,,,,,,0.0002408000873401761,0.0011566999601200223,0.0008060999680310488,0.0005275000585243106,0.00017079990357160568,8.760008495301008e-05,4.989991430193186e-05,8.0,1.0,2.0,"[1,2):n=354,ell=1;[2,4):n=1070,ell=2;[4,8):n=859,ell=2;[8,16):n=155,ell=2;[16,32):n=35,ell=2;[32,64):n=8,ell=1;[64,128):n=3,ell=1;[128,256):n=1,ell=1"
cora,0.5,0,0.0,high_deg_9_plus,147,Degree-stratified RP,6,5,12,7,1,by_dim,0.0030849999748170376,0.06711149995680898,0.07019649993162602,,0.0030393999768421054,0.2675280058753352,0.4015681117306896,0.503085390477296,,,,,,,,0.0002408000873401761,0.0011566999601200223,0.0008060999680310488,0.0005275000585243106,0.00017079990357160568,8.760008495301008e-05,4.989991430193186e-05,8.0,1.0,2.0,"[1,2):n=354,ell=1;[2,4):n=1070,ell=2;[4,8):n=859,ell=2;[8,16):n=155,ell=2;[16,32):n=35,ell=2;[32,64):n=8,ell=1;[64,128):n=3,ell=1;[128,256):n=1,ell=1"
cora,0.5,0,0.0,all,2485,Exact spectral,7,5,7,7,1,by_dim,0.0715158999664709,0.03406949993222952,0.10558539989870042,0.0715158999664709,0.0715158999664709,0.23845110263258662,0.39525629799554224,0.2788950331905623,,,,,,,,,,,,,,,,,,
cora,0.5,0,0.0,low_deg_1_2,899,Exact spectral,7,5,7,7,1,by_dim,0.0715158999664709,0.03406949993222952,0.10558539989870042,0.0715158999664709,0.0715158999664709,0.21966094372704997,0.37275070067031907,0.2893541925142974,,,,,,,,,,,,,,,,,,
cora,0.5,0,0.0,mid_deg_3_8,1439,Exact spectral,7,5,7,7,1,by_dim,0.0715158999664709,0.03406949993222952,0.10558539989870042,0.0715158999664709,0.0715158999664709,0.2437093436744324,0.4082797297165914,0.27253620953369634,,,,,,,,,,,,,,,,,,
cora,0.5,0,0.0,high_deg_9_plus,147,Exact spectral,7,5,7,7,1,by_dim,0.0715158999664709,0.03406949993222952,0.10558539989870042,0.0715158999664709,0.0715158999664709,0.3205538580908599,0.5166168415530322,0.2856052476025962,,,,,,,,,,,,,,,,,,
cora,0.5,0,0.0,all,2485,Gaussian RP,7,5,12,7,1,by_dim,0.0014279000461101532,0.09252399997785687,0.09395190002396703,,0.0014150000642985106,0.017714618093612525,0.0375049888360164,0.2016168762661518,0.0002688000677153468,0.2886751345948129,0.0003269999288022518,0.0005295000737532973,0.00017800007481127977,6.480002775788307e-05,4.689989145845175e-05,,,,,,,,,,,
cora,0.5,0,0.0,low_deg_1_2,899,Gaussian RP,7,5,12,7,1,by_dim,0.0014279000461101532,0.09252399997785687,0.09395190002396703,,0.0014150000642985106,0.009539147917694094,0.032854140010704615,0.20125211210034774,0.0002688000677153468,0.2886751345948129,0.0003269999288022518,0.0005295000737532973,0.00017800007481127977,6.480002775788307e-05,4.689989145845175e-05,,,,,,,,,,,
cora,0.5,0,0.0,mid_deg_3_8,1439,Gaussian RP,7,5,12,7,1,by_dim,0.0014279000461101532,0.09252399997785687,0.09395190002396703,,0.0014150000642985106,0.02328846435159468,0.04760448275313268,0.20604129366764026,0.0002688000677153468,0.2886751345948129,0.0003269999288022518,0.0005295000737532973,0.00017800007481127977,6.480002775788307e-05,4.689989145845175e-05,,,,,,,,,,,
cora,0.5,0,0.0,high_deg_9_plus,147,Gaussian RP,7,5,12,7,1,by_dim,0.0014279000461101532,0.09252399997785687,0.09395190002396703,,0.0014150000642985106,0.0674642675590039,0.17102053992060373,0.32136687421866383,0.0002688000677153468,0.2886751345948129,0.0003269999288022518,0.0005295000737532973,0.00017800007481127977,6.480002775788307e-05,4.689989145845175e-05,,,,,,,,,,,
cora,0.5,0,0.0,all,2485,Degree-stratified RP,7,5,12,7,1,by_dim,0.0023783999495208263,0.06610729999374598,0.06848569994326681,,0.002338699996471405,0.09136266149081917,0.16168675942494037,0.35535931628983625,,,,,,,,0.00018319999799132347,0.0008801999501883984,0.0006439000135287642,0.0004393999697640538,0.00011070002801716328,4.640000406652689e-05,3.490003291517496e-05,8.0,1.0,2.0,"[1,2):n=354,ell=1;[2,4):n=1070,ell=2;[4,8):n=859,ell=2;[8,16):n=155,ell=2;[16,32):n=35,ell=2;[32,64):n=8,ell=1;[64,128):n=3,ell=1;[128,256):n=1,ell=1"
cora,0.5,0,0.0,low_deg_1_2,899,Degree-stratified RP,7,5,12,7,1,by_dim,0.0023783999495208263,0.06610729999374598,0.06848569994326681,,0.002338699996471405,0.05515676210383159,0.12110517585752932,0.3214504947859958,,,,,,,,0.00018319999799132347,0.0008801999501883984,0.0006439000135287642,0.0004393999697640538,0.00011070002801716328,4.640000406652689e-05,3.490003291517496e-05,8.0,1.0,2.0,"[1,2):n=354,ell=1;[2,4):n=1070,ell=2;[4,8):n=859,ell=2;[8,16):n=155,ell=2;[16,32):n=35,ell=2;[32,64):n=8,ell=1;[64,128):n=3,ell=1;[128,256):n=1,ell=1"
cora,0.5,0,0.0,mid_deg_3_8,1439,Degree-stratified RP,7,5,12,7,1,by_dim,0.0023783999495208263,0.06610729999374598,0.06848569994326681,,0.002338699996471405,0.11140982583700398,0.18993216178969952,0.36540052897228215,,,,,,,,0.00018319999799132347,0.0008801999501883984,0.0006439000135287642,0.0004393999697640538,0.00011070002801716328,4.640000406652689e-05,3.490003291517496e-05,8.0,1.0,2.0,"[1,2):n=354,ell=1;[2,4):n=1070,ell=2;[4,8):n=859,ell=2;[8,16):n=155,ell=2;[16,32):n=35,ell=2;[32,64):n=8,ell=1;[64,128):n=3,ell=1;[128,256):n=1,ell=1"
cora,0.5,0,0.0,high_deg_9_plus,147,Degree-stratified RP,7,5,12,7,1,by_dim,0.0023783999495208263,0.06610729999374598,0.06848569994326681,,0.002338699996471405,0.19188180867103247,0.3168605289217298,0.45823119985514726,,,,,,,,0.00018319999799132347,0.0008801999501883984,0.0006439000135287642,0.0004393999697640538,0.00011070002801716328,4.640000406652689e-05,3.490003291517496e-05,8.0,1.0,2.0,"[1,2):n=354,ell=1;[2,4):n=1070,ell=2;[4,8):n=859,ell=2;[8,16):n=155,ell=2;[16,32):n=35,ell=2;[32,64):n=8,ell=1;[64,128):n=3,ell=1;[128,256):n=1,ell=1"
cora,0.5,0,0.0,all,2485,Exact spectral,8,5,7,7,1,by_dim,0.0715158999664709,0.06849939993117005,0.14001529989764094,0.0715158999664709,0.0715158999664709,0.23809149485697814,0.3948063231111481,0.2787011493326403,,,,,,,,,,,,,,,,,,
cora,0.5,0,0.0,low_deg_1_2,899,Exact spectral,8,5,7,7,1,by_dim,0.0715158999664709,0.06849939993117005,0.14001529989764094,0.0715158999664709,0.0715158999664709,0.21966094372704997,0.37275070067031907,0.2893541925142974,,,,,,,,,,,,,,,,,,
cora,0.5,0,0.0,mid_deg_3_8,1439,Exact spectral,8,5,7,7,1,by_dim,0.0715158999664709,0.06849939993117005,0.14001529989764094,0.0715158999664709,0.0715158999664709,0.24335018012654022,0.40828048921210214,0.27223469929152183,,,,,,,,,,,,,,,,,,
cora,0.5,0,0.0,high_deg_9_plus,147,Exact spectral,8,5,7,7,1,by_dim,0.0715158999664709,0.06849939993117005,0.14001529989764094,0.0715158999664709,0.0715158999664709,0.3185421893313252,0.5042959100631867,0.2847414234511009,,,,,,,,,,,,,,,,,,
cora,0.5,0,0.0,all,2485,Gaussian RP,8,5,12,7,1,by_dim,0.0016550000291317701,0.2010676000500098,0.20272260007914156,,0.0016383000183850527,0.020086871182499445,0.03619794059232947,0.21330852551683102,0.0003139000618830323,0.2886751345948129,0.0004004999063909054,0.0006189000559970737,0.0001729999203234911,7.760000880807638e-05,5.440006498247385e-05,,,,,,,,,,,
cora,0.5,0,0.0,low_deg_1_2,899,Gaussian RP,8,5,12,7,1,by_dim,0.0016550000291317701,0.2010676000500098,0.20272260007914156,,0.0016383000183850527,0.00855977011102291,0.025912743010907822,0.1890466569655095,0.0003139000618830323,0.2886751345948129,0.0004004999063909054,0.0006189000559970737,0.0001729999203234911,7.760000880807638e-05,5.440006498247385e-05,,,,,,,,,,,
cora,0.5,0,0.0,mid_deg_3_8,1439,Gaussian RP,8,5,12,7,1,by_dim,0.0016550000291317701,0.2010676000500098,0.20272260007914156,,0.0016383000183850527,0.027749712756697943,0.0480806120891374,0.22549230330547967,0.0003139000618830323,0.2886751345948129,0.0004004999063909054,0.0006189000559970737,0.0001729999203234911,7.760000880807638e-05,5.440006498247385e-05,,,,,,,,,,,
cora,0.5,0,0.0,high_deg_9_plus,147,Gaussian RP,8,5,12,7,1,by_dim,0.0016550000291317701,0.2010676000500098,0.20272260007914156,,0.0016383000183850527,0.07255663967235582,0.15486614998963652,0.282728792410909,0.0003139000618830323,0.2886751345948129,0.0004004999063909054,0.0006189000559970737,0.0001729999203234911,7.760000880807638e-05,5.440006498247385e-05,,,,,,,,,,,
cora,0.5,0,0.0,all,2485,Degree-stratified RP,8,5,12,7,1,by_dim,0.003399800043553114,0.09388109995052218,0.0972808999940753,,0.003335400018841028,0.08343466485688485,0.12611442034071457,0.29702148725318295,,,,,,,,0.00025020004250109196,0.0012589999241754413,0.0008022000547498465,0.0006697999779134989,0.00017589994240552187,0.00011080002877861261,6.750004831701517e-05,8.0,1.0,2.0,"[1,2):n=354,ell=1;[2,4):n=1070,ell=2;[4,8):n=859,ell=2;[8,16):n=155,ell=2;[16,32):n=35,ell=2;[32,64):n=8,ell=1;[64,128):n=3,ell=1;[128,256):n=1,ell=1"
cora,0.5,0,0.0,low_deg_1_2,899,Degree-stratified RP,8,5,12,7,1,by_dim,0.003399800043553114,0.09388109995052218,0.0972808999940753,,0.003335400018841028,0.06282260739377678,0.10516763734304763,0.2761346630108251,,,,,,,,0.00025020004250109196,0.0012589999241754413,0.0008022000547498465,0.0006697999779134989,0.00017589994240552187,0.00011080002877861261,6.750004831701517e-05,8.0,1.0,2.0,"[1,2):n=354,ell=1;[2,4):n=1070,ell=2;[4,8):n=859,ell=2;[8,16):n=155,ell=2;[16,32):n=35,ell=2;[32,64):n=8,ell=1;[64,128):n=3,ell=1;[128,256):n=1,ell=1"
cora,0.5,0,0.0,mid_deg_3_8,1439,Degree-stratified RP,8,5,12,7,1,by_dim,0.003399800043553114,0.09388109995052218,0.0972808999940753,,0.003335400018841028,0.09672455254050426,0.14179969571221177,0.30421691993735533,,,,,,,,0.00025020004250109196,0.0012589999241754413,0.0008022000547498465,0.0006697999779134989,0.00017589994240552187,0.00011080002877861261,6.750004831701517e-05,8.0,1.0,2.0,"[1,2):n=354,ell=1;[2,4):n=1070,ell=2;[4,8):n=859,ell=2;[8,16):n=155,ell=2;[16,32):n=35,ell=2;[32,64):n=8,ell=1;[64,128):n=3,ell=1;[128,256):n=1,ell=1"
cora,0.5,0,0.0,high_deg_9_plus,147,Degree-stratified RP,8,5,12,7,1,by_dim,0.003399800043553114,0.09388109995052218,0.0972808999940753,,0.003335400018841028,0.10984186559697168,0.2146220180518314,0.3624088113046487,,,,,,,,0.00025020004250109196,0.0012589999241754413,0.0008022000547498465,0.0006697999779134989,0.00017589994240552187,0.00011080002877861261,6.750004831701517e-05,8.0,1.0,2.0,"[1,2):n=354,ell=1;[2,4):n=1070,ell=2;[4,8):n=859,ell=2;[8,16):n=155,ell=2;[16,32):n=35,ell=2;[32,64):n=8,ell=1;[64,128):n=3,ell=1;[128,256):n=1,ell=1"
cora,0.5,0,0.0,all,2485,Exact spectral,9,5,7,7,1,by_dim,0.0715158999664709,0.03879759996198118,0.11031349992845207,0.0715158999664709,0.0715158999664709,0.23820969921575666,0.3952630207169112,0.2787318543368127,,,,,,,,,,,,,,,,,,
cora,0.5,0,0.0,low_deg_1_2,899,Exact spectral,9,5,7,7,1,by_dim,0.0715158999664709,0.03879759996198118,0.11031349992845207,0.0715158999664709,0.0715158999664709,0.21966094372704997,0.372750700670319,0.2893541925142974,,,,,,,,,,,,,,,,,,
cora,0.5,0,0.0,mid_deg_3_8,1439,Exact spectral,9,5,7,7,1,by_dim,0.0715158999664709,0.03879759996198118,0.11031349992845207,0.0715158999664709,0.0715158999664709,0.24335018012654022,0.40828048921210214,0.27223469929152183,,,,,,,,,,,,,,,,,,
cora,0.5,0,0.0,high_deg_9_plus,147,Exact spectral,9,5,7,7,1,by_dim,0.0715158999664709,0.03879759996198118,0.11031349992845207,0.0715158999664709,0.0715158999664709,0.3205538580908599,0.5166168415530322,0.2856052476025962,,,,,,,,,,,,,,,,,,
cora,0.5,0,0.0,all,2485,Gaussian RP,9,5,12,7,1,by_dim,0.001276399940252304,0.12309889995958656,0.12437529989983886,,0.0012635000748559833,0.01640750961315203,0.0318827685800796,0.20709543855829965,0.0002354000462219119,0.2886751345948129,0.00022499996703118086,0.0005071000196039677,0.00017909996677190065,6.530003156512976e-05,5.1600043661892414e-05,,,,,,,,,,,
cora,0.5,0,0.0,low_deg_1_2,899,Gaussian RP,9,5,12,7,1,by_dim,0.001276399940252304,0.12309889995958656,0.12437529989983886,,0.0012635000748559833,0.01366916792977695,0.02983581652729496,0.2042070175824075,0.0002354000462219119,0.2886751345948129,0.00022499996703118086,0.0005071000196039677,0.00017909996677190065,6.530003156512976e-05,5.1600043661892414e-05,,,,,,,,,,,
cora,0.5,0,0.0,mid_deg_3_8,1439,Gaussian RP,9,5,12,7,1,by_dim,0.001276399940252304,0.12309889995958656,0.12437529989983886,,0.0012635000748559833,0.019729721073387285,0.04395129572401894,0.21993202595983247,0.0002354000462219119,0.2886751345948129,0.00022499996703118086,0.0005071000196039677,0.00017909996677190065,6.530003156512976e-05,5.1600043661892414e-05,,,,,,,,,,,
cora,0.5,0,0.0,high_deg_9_plus,147,Gaussian RP,9,5,12,7,1,by_dim,0.001276399940252304,0.12309889995958656,0.12437529989983886,,0.0012635000748559833,0.027176725769713906,0.12765872628048605,0.2419208136086539,0.0002354000462219119,0.2886751345948129,0.00022499996703118086,0.0005071000196039677,0.00017909996677190065,6.530003156512976e-05,5.1600043661892414e-05,,,,,,,,,,,
cora,0.5,0,0.0,all,2485,Degree-stratified RP,9,5,12,7,1,by_dim,0.0030774999177083373,0.07900250004604459,0.08207999996375293,,0.003024300094693899,0.07674251552541858,0.12233205887075999,0.2969233266714183,,,,,,,,0.00024370010942220688,0.0012147000525146723,0.00080439995508641,0.0004881999921053648,0.00016240007244050503,6.150000263005495e-05,4.939991049468517e-05,8.0,1.0,2.0,"[1,2):n=354,ell=1;[2,4):n=1070,ell=2;[4,8):n=859,ell=2;[8,16):n=155,ell=2;[16,32):n=35,ell=2;[32,64):n=8,ell=1;[64,128):n=3,ell=1;[128,256):n=1,ell=1"
cora,0.5,0,0.0,low_deg_1_2,899,Degree-stratified RP,9,5,12,7,1,by_dim,0.0030774999177083373,0.07900250004604459,0.08207999996375293,,0.003024300094693899,0.04640794202290442,0.09062207419589557,0.24685188335008035,,,,,,,,0.00024370010942220688,0.0012147000525146723,0.00080439995508641,0.0004881999921053648,0.00016240007244050503,6.150000263005495e-05,4.939991049468517e-05,8.0,1.0,2.0,"[1,2):n=354,ell=1;[2,4):n=1070,ell=2;[4,8):n=859,ell=2;[8,16):n=155,ell=2;[16,32):n=35,ell=2;[32,64):n=8,ell=1;[64,128):n=3,ell=1;[128,256):n=1,ell=1"
cora,0.5,0,0.0,mid_deg_3_8,1439,Degree-stratified RP,9,5,12,7,1,by_dim,0.0030774999177083373,0.07900250004604459,0.08207999996375293,,0.003024300094693899,0.09722779209185378,0.14530434773315423,0.3205956468234823,,,,,,,,0.00024370010942220688,0.0012147000525146723,0.00080439995508641,0.0004881999921053648,0.00016240007244050503,6.150000263005495e-05,4.939991049468517e-05,8.0,1.0,2.0,"[1,2):n=354,ell=1;[2,4):n=1070,ell=2;[4,8):n=859,ell=2;[8,16):n=155,ell=2;[16,32):n=35,ell=2;[32,64):n=8,ell=1;[64,128):n=3,ell=1;[128,256):n=1,ell=1"
cora,0.5,0,0.0,high_deg_9_plus,147,Degree-stratified RP,9,5,12,7,1,by_dim,0.0030774999177083373,0.07900250004604459,0.08207999996375293,,0.003024300094693899,0.15583378518828522,0.26838475714268095,0.33743626795311427,,,,,,,,0.00024370010942220688,0.0012147000525146723,0.00080439995508641,0.0004881999921053648,0.00016240007244050503,6.150000263005495e-05,4.939991049468517e-05,8.0,1.0,2.0,"[1,2):n=354,ell=1;[2,4):n=1070,ell=2;[4,8):n=859,ell=2;[8,16):n=155,ell=2;[16,32):n=35,ell=2;[32,64):n=8,ell=1;[64,128):n=3,ell=1;[128,256):n=1,ell=1"
cora,0.5,0,0.0,all,2485,Exact spectral,10,5,7,7,1,by_dim,0.0715158999664709,0.046861000009812415,0.11837689997628331,0.0715158999664709,0.0715158999664709,0.23820969921575666,0.395263020716911,0.2787318543368127,,,,,,,,,,,,,,,,,,
cora,0.5,0,0.0,low_deg_1_2,899,Exact spectral,10,5,7,7,1,by_dim,0.0715158999664709,0.046861000009812415,0.11837689997628331,0.0715158999664709,0.0715158999664709,0.21966094372704997,0.37275070067031907,0.2893541925142974,,,,,,,,,,,,,,,,,,
cora,0.5,0,0.0,mid_deg_3_8,1439,Exact spectral,10,5,7,7,1,by_dim,0.0715158999664709,0.046861000009812415,0.11837689997628331,0.0715158999664709,0.0715158999664709,0.24335018012654022,0.40828048921210214,0.27223469929152183,,,,,,,,,,,,,,,,,,
cora,0.5,0,0.0,high_deg_9_plus,147,Exact spectral,10,5,7,7,1,by_dim,0.0715158999664709,0.046861000009812415,0.11837689997628331,0.0715158999664709,0.0715158999664709,0.3205538580908599,0.5166168415530322,0.2856052476025962,,,,,,,,,,,,,,,,,,
cora,0.5,0,0.0,all,2485,Gaussian RP,10,5,12,7,1,by_dim,0.0013411000836640596,0.13802849990315735,0.1393695999868214,,0.0013280001003295183,0.017404564565708415,0.03107470576242403,0.19984548627291443,0.0002297000028192997,0.2886751345948129,0.00024009996559470892,0.0005624000914394855,0.00017900008242577314,7.039995398372412e-05,4.640000406652689e-05,,,,,,,,,,,
cora,0.5,0,0.0,low_deg_1_2,899,Gaussian RP,10,5,12,7,1,by_dim,0.0013411000836640596,0.13802849990315735,0.1393695999868214,,0.0013280001003295183,0.015608719217018409,0.028638516620343647,0.19436785643609836,0.0002297000028192997,0.2886751345948129,0.00024009996559470892,0.0005624000914394855,0.00017900008242577314,7.039995398372412e-05,4.640000406652689e-05,,,,,,,,,,,
cora,0.5,0,0.0,mid_deg_3_8,1439,Gaussian RP,10,5,12,7,1,by_dim,0.0013411000836640596,0.13802849990315735,0.1393695999868214,,0.0013280001003295183,0.020841177399370688,0.04276673903609149,0.2127975011771482,0.0002297000028192997,0.2886751345948129,0.00024009996559470892,0.0005624000914394855,0.00017900008242577314,7.039995398372412e-05,4.640000406652689e-05,,,,,,,,,,,
cora,0.5,0,0.0,high_deg_9_plus,147,Gaussian RP,10,5,12,7,1,by_dim,0.0013411000836640596,0.13802849990315735,0.1393695999868214,,0.0013280001003295183,0.058978433006876434,0.18656840865342367,0.28262299539467356,0.0002297000028192997,0.2886751345948129,0.00024009996559470892,0.0005624000914394855,0.00017900008242577314,7.039995398372412e-05,4.640000406652689e-05,,,,,,,,,,,
cora,0.5,0,0.0,all,2485,Degree-stratified RP,10,5,12,7,1,by_dim,0.0031754999654367566,0.10519000003114343,0.10836549999658018,,0.0031023999908939004,0.08587018978941023,0.14300929651642816,0.3336189462490903,,,,,,,,0.00025230005849152803,0.0013132999883964658,0.0007297999691218138,0.0005243000341579318,0.00016489997506141663,6.590003613382578e-05,5.18999295309186e-05,8.0,1.0,2.0,"[1,2):n=354,ell=1;[2,4):n=1070,ell=2;[4,8):n=859,ell=2;[8,16):n=155,ell=2;[16,32):n=35,ell=2;[32,64):n=8,ell=1;[64,128):n=3,ell=1;[128,256):n=1,ell=1"
cora,0.5,0,0.0,low_deg_1_2,899,Degree-stratified RP,10,5,12,7,1,by_dim,0.0031754999654367566,0.10519000003114343,0.10836549999658018,,0.0031023999908939004,0.054983168967643194,0.10470281935960471,0.27851377140805905,,,,,,,,0.00025230005849152803,0.0013132999883964658,0.0007297999691218138,0.0005243000341579318,0.00016489997506141663,6.590003613382578e-05,5.18999295309186e-05,8.0,1.0,2.0,"[1,2):n=354,ell=1;[2,4):n=1070,ell=2;[4,8):n=859,ell=2;[8,16):n=155,ell=2;[16,32):n=35,ell=2;[32,64):n=8,ell=1;[64,128):n=3,ell=1;[128,256):n=1,ell=1"
cora,0.5,0,0.0,mid_deg_3_8,1439,Degree-stratified RP,10,5,12,7,1,by_dim,0.0031754999654367566,0.10519000003114343,0.10836549999658018,,0.0031023999908939004,0.10424959432446547,0.16744853960035183,0.3494948947413434,,,,,,,,0.00025230005849152803,0.0013132999883964658,0.0007297999691218138,0.0005243000341579318,0.00016489997506141663,6.590003613382578e-05,5.18999295309186e-05,8.0,1.0,2.0,"[1,2):n=354,ell=1;[2,4):n=1070,ell=2;[4,8):n=859,ell=2;[8,16):n=155,ell=2;[16,32):n=35,ell=2;[32,64):n=8,ell=1;[64,128):n=3,ell=1;[128,256):n=1,ell=1"
cora,0.5,0,0.0,high_deg_9_plus,147,Degree-stratified RP,10,5,12,7,1,by_dim,0.0031754999654367566,0.10519000003114343,0.10836549999658018,,0.0031023999908939004,0.21488947703364966,0.37812480324633735,0.48027417982368986,,,,,,,,0.00025230005849152803,0.0013132999883964658,0.0007297999691218138,0.0005243000341579318,0.00016489997506141663,6.590003613382578e-05,5.18999295309186e-05,8.0,1.0,2.0,"[1,2):n=354,ell=1;[2,4):n=1070,ell=2;[4,8):n=859,ell=2;[8,16):n=155,ell=2;[16,32):n=35,ell=2;[32,64):n=8,ell=1;[64,128):n=3,ell=1;[128,256):n=1,ell=1"
cora,0.5,0,0.0,all,2485,Exact spectral,1,10,7,7,1,by_dim,0.0715158999664709,0.04036629991605878,0.11188219988252968,0.0715158999664709,0.0715158999664709,0.24056786477213976,0.3903644356045871,0.35706454768346,,,,,,,,,,,,,,,,,,
cora,0.5,0,0.0,low_deg_1_2,899,Exact spectral,1,10,7,7,1,by_dim,0.0715158999664709,0.04036629991605878,0.11188219988252968,0.0715158999664709,0.0715158999664709,0.22216689845580734,0.367825216438132,0.36513004908244084,,,,,,,,,,,,,,,,,,
cora,0.5,0,0.0,mid_deg_3_8,1439,Exact spectral,1,10,7,7,1,by_dim,0.0715158999664709,0.04036629991605878,0.11188219988252968,0.0715158999664709,0.0715158999664709,0.24657856812900913,0.40187272370653837,0.3479980204378352,,,,,,,,,,,,,,,,,,
cora,0.5,0,0.0,high_deg_9_plus,147,Exact spectral,1,10,7,7,1,by_dim,0.0715158999664709,0.04036629991605878,0.11188219988252968,0.0715158999664709,0.0715158999664709,0.3160878126091473,0.5267294229614985,0.400884622623753,,,,,,,,,,,,,,,,,,
cora,0.5,0,0.0,all,2485,Gaussian RP,1,10,17,7,1,by_dim,0.002193799940869212,0.10130600002594292,0.10349979996681213,,0.002178700058721006,0.017138847113837275,0.03573010111561652,0.2149805261334307,0.0003551000263541937,0.24253562503633297,0.0005031999899074435,0.000937200034968555,0.00023429992143064737,8.640007581561804e-05,6.250001024454832e-05,,,,,,,,,,,
cora,0.5,0,0.0,low_deg_1_2,899,Gaussian RP,1,10,17,7,1,by_dim,0.002193799940869212,0.10130600002594292,0.10349979996681213,,0.002178700058721006,0.011407511217089765,0.025392524968947557,0.1862774831540541,0.0003551000263541937,0.24253562503633297,0.0005031999899074435,0.000937200034968555,0.00023429992143064737,8.640007581561804e-05,6.250001024454832e-05,,,,,,,,,,,
cora,0.5,0,0.0,mid_deg_3_8,1439,Gaussian RP,1,10,17,7,1,by_dim,0.002193799940869212,0.10130600002594292,0.10349979996681213,,0.002178700058721006,0.024215810177710812,0.052470588125796205,0.2363099766959418,0.0003551000263541937,0.24253562503633297,0.0005031999899074435,0.000937200034968555,0.00023429992143064737,8.640007581561804e-05,6.250001024454832e-05,,,,,,,,,,,
cora,0.5,0,0.0,high_deg_9_plus,147,Gaussian RP,1,10,17,7,1,by_dim,0.002193799940869212,0.10130600002594292,0.10349979996681213,,0.002178700058721006,0.05243594440917265,0.16739123308023407,0.26583361476978495,0.0003551000263541937,0.24253562503633297,0.0005031999899074435,0.000937200034968555,0.00023429992143064737,8.640007581561804e-05,6.250001024454832e-05,,,,,,,,,,,
cora,0.5,0,0.0,all,2485,Degree-stratified RP,1,10,17,7,1,by_dim,0.0038184000877663493,0.09774109988939017,0.10155949997715652,,0.0037733999779447913,0.10473308839183382,0.15081184976655773,0.3390725182302728,,,,,,,,0.00024780002422630787,0.0012610999401658773,0.0010962000815197825,0.0007915999740362167,0.00025779998395591974,7.139996159821749e-05,4.75000124424696e-05,8.0,1.0,3.0,"[1,2):n=354,ell=2;[2,4):n=1070,ell=3;[4,8):n=859,ell=3;[8,16):n=155,ell=2;[16,32):n=35,ell=2;[32,64):n=8,ell=2;[64,128):n=3,ell=2;[128,256):n=1,ell=1"
cora,0.5,0,0.0,low_deg_1_2,899,Degree-stratified RP,1,10,17,7,1,by_dim,0.0038184000877663493,0.09774109988939017,0.10155949997715652,,0.0037733999779447913,0.06228261121224908,0.10837117618931012,0.3010200822953678,,,,,,,,0.00024780002422630787,0.0012610999401658773,0.0010962000815197825,0.0007915999740362167,0.00025779998395591974,7.139996159821749e-05,4.75000124424696e-05,8.0,1.0,3.0,"[1,2):n=354,ell=2;[2,4):n=1070,ell=3;[4,8):n=859,ell=3;[8,16):n=155,ell=2;[16,32):n=35,ell=2;[32,64):n=8,ell=2;[64,128):n=3,ell=2;[128,256):n=1,ell=1"
cora,0.5,0,0.0,mid_deg_3_8,1439,Degree-stratified RP,1,10,17,7,1,by_dim,0.0038184000877663493,0.09774109988939017,0.10155949997715652,,0.0037733999779447913,0.12873021053906164,0.17588956378016474,0.35039274992846053,,,,,,,,0.00024780002422630787,0.0012610999401658773,0.0010962000815197825,0.0007915999740362167,0.00025779998395591974,7.139996159821749e-05,4.75000124424696e-05,8.0,1.0,3.0,"[1,2):n=354,ell=2;[2,4):n=1070,ell=3;[4,8):n=859,ell=3;[8,16):n=155,ell=2;[16,32):n=35,ell=2;[32,64):n=8,ell=2;[64,128):n=3,ell=2;[128,256):n=1,ell=1"
cora,0.5,0,0.0,high_deg_9_plus,147,Degree-stratified RP,1,10,17,7,1,by_dim,0.0038184000877663493,0.09774109988939017,0.10155949997715652,,0.0037733999779447913,0.19201603440849913,0.28432367452152074,0.4132453014910042,,,,,,,,0.00024780002422630787,0.0012610999401658773,0.0010962000815197825,0.0007915999740362167,0.00025779998395591974,7.139996159821749e-05,4.75000124424696e-05,8.0,1.0,3.0,"[1,2):n=354,ell=2;[2,4):n=1070,ell=3;[4,8):n=859,ell=3;[8,16):n=155,ell=2;[16,32):n=35,ell=2;[32,64):n=8,ell=2;[64,128):n=3,ell=2;[128,256):n=1,ell=1"
cora,0.5,0,0.0,all,2485,Exact spectral,2,10,7,7,1,by_dim,0.0715158999664709,0.04561010003089905,0.11712599999736995,0.0715158999664709,0.0715158999664709,0.23845110263258662,0.3952562979955421,0.2788950331905623,,,,,,,,,,,,,,,,,,
cora,0.5,0,0.0,low_deg_1_2,899,Exact spectral,2,10,7,7,1,by_dim,0.0715158999664709,0.04561010003089905,0.11712599999736995,0.0715158999664709,0.0715158999664709,0.21966094372704997,0.37275070067031907,0.2893541925142974,,,,,,,,,,,,,,,,,,
cora,0.5,0,0.0,mid_deg_3_8,1439,Exact spectral,2,10,7,7,1,by_dim,0.0715158999664709,0.04561010003089905,0.11712599999736995,0.0715158999664709,0.0715158999664709,0.2437093436744324,0.4082797297165914,0.27253620953369634,,,,,,,,,,,,,,,,,,
cora,0.5,0,0.0,high_deg_9_plus,147,Exact spectral,2,10,7,7,1,by_dim,0.0715158999664709,0.04561010003089905,0.11712599999736995,0.0715158999664709,0.0715158999664709,0.3205538580908599,0.5166168415530322,0.2856052476025962,,,,,,,,,,,,,,,,,,
cora,0.5,0,0.0,all,2485,Gaussian RP,2,10,17,7,1,by_dim,0.002082600025460124,0.09317419992294163,0.09525679994840175,,0.0020667999051511288,0.018477779834757162,0.03447698395884014,0.20567018983157687,0.0003271999303251505,0.24253562503633297,0.00040010001976042986,0.000852299970574677,0.0002967000473290682,0.00011619995348155499,7.429998368024826e-05,,,,,,,,,,,
cora,0.5,0,0.0,low_deg_1_2,899,Gaussian RP,2,10,17,7,1,by_dim,0.002082600025460124,0.09317419992294163,0.09525679994840175,,0.0020667999051511288,0.01038196736056956,0.02872518537906951,0.2015062357135606,0.0003271999303251505,0.24253562503633297,0.00040010001976042986,0.000852299970574677,0.0002967000473290682,0.00011619995348155499,7.429998368024826e-05,,,,,,,,,,,
cora,0.5,0,0.0,mid_deg_3_8,1439,Gaussian RP,2,10,17,7,1,by_dim,0.002082600025460124,0.09317419992294163,0.09525679994840175,,0.0020667999051511288,0.024554882070315583,0.04738517238809256,0.22002445854144442,0.0003271999303251505,0.24253562503633297,0.00040010001976042986,0.000852299970574677,0.0002967000473290682,0.00011619995348155499,7.429998368024826e-05,,,,,,,,,,,
cora,0.5,0,0.0,high_deg_9_plus,147,Gaussian RP,2,10,17,7,1,by_dim,0.002082600025460124,0.09317419992294163,0.09525679994840175,,0.0020667999051511288,0.04611476762126095,0.15111443376053066,0.28966573454151096,0.0003271999303251505,0.24253562503633297,0.00040010001976042986,0.000852299970574677,0.0002967000473290682,0.00011619995348155499,7.429998368024826e-05,,,,,,,,,,,
cora,0.5,0,0.0,all,2485,Degree-stratified RP,2,10,17,7,1,by_dim,0.004014499951153994,0.07064289995469153,0.07465739990584552,,0.0039669000543653965,0.09549411217372983,0.15456144044701006,0.3306533722634573,,,,,,,,0.00027050008065998554,0.0014470999594777822,0.001042800024151802,0.0008325999369844794,0.00025450007524341345,7.309997454285622e-05,4.630000330507755e-05,8.0,1.0,3.0,"[1,2):n=354,ell=2;[2,4):n=1070,ell=3;[4,8):n=859,ell=3;[8,16):n=155,ell=2;[16,32):n=35,ell=2;[32,64):n=8,ell=2;[64,128):n=3,ell=2;[128,256):n=1,ell=1"
cora,0.5,0,0.0,low_deg_1_2,899,Degree-stratified RP,2,10,17,7,1,by_dim,0.004014499951153994,0.07064289995469153,0.07465739990584552,,0.0039669000543653965,0.04780227003554403,0.10951711503494989,0.28325324735570606,,,,,,,,0.00027050008065998554,0.0014470999594777822,0.001042800024151802,0.0008325999369844794,0.00025450007524341345,7.309997454285622e-05,4.630000330507755e-05,8.0,1.0,3.0,"[1,2):n=354,ell=2;[2,4):n=1070,ell=3;[4,8):n=859,ell=3;[8,16):n=155,ell=2;[16,32):n=35,ell=2;[32,64):n=8,ell=2;[64,128):n=3,ell=2;[128,256):n=1,ell=1"
cora,0.5,0,0.0,mid_deg_3_8,1439,Degree-stratified RP,2,10,17,7,1,by_dim,0.004014499951153994,0.07064289995469153,0.07465739990584552,,0.0039669000543653965,0.12453820832062502,0.18712528582472676,0.3599525936079641,,,,,,,,0.00027050008065998554,0.0014470999594777822,0.001042800024151802,0.0008325999369844794,0.00025450007524341345,7.309997454285622e-05,4.630000330507755e-05,8.0,1.0,3.0,"[1,2):n=354,ell=2;[2,4):n=1070,ell=3;[4,8):n=859,ell=3;[8,16):n=155,ell=2;[16,32):n=35,ell=2;[32,64):n=8,ell=2;[64,128):n=3,ell=2;[128,256):n=1,ell=1"
cora,0.5,0,0.0,high_deg_9_plus,147,Degree-stratified RP,2,10,17,7,1,by_dim,0.004014499951153994,0.07064289995469153,0.07465739990584552,,0.0039669000543653965,0.1799615973929097,0.30542784744691576,0.39274710204942764,,,,,,,,0.00027050008065998554,0.0014470999594777822,0.001042800024151802,0.0008325999369844794,0.00025450007524341345,7.309997454285622e-05,4.630000330507755e-05,8.0,1.0,3.0,"[1,2):n=354,ell=2;[2,4):n=1070,ell=3;[4,8):n=859,ell=3;[8,16):n=155,ell=2;[16,32):n=35,ell=2;[32,64):n=8,ell=2;[64,128):n=3,ell=2;[128,256):n=1,ell=1"
cora,0.5,0,0.0,all,2485,Exact spectral,3,10,7,7,1,by_dim,0.0715158999664709,0.045902199926786125,0.11741809989325702,0.0715158999664709,0.0715158999664709,0.24056786477213976,0.3903644356045871,0.35706454768346,,,,,,,,,,,,,,,,,,
cora,0.5,0,0.0,low_deg_1_2,899,Exact spectral,3,10,7,7,1,by_dim,0.0715158999664709,0.045902199926786125,0.11741809989325702,0.0715158999664709,0.0715158999664709,0.22216689845580734,0.367825216438132,0.36513004908244084,,,,,,,,,,,,,,,,,,
cora,0.5,0,0.0,mid_deg_3_8,1439,Exact spectral,3,10,7,7,1,by_dim,0.0715158999664709,0.045902199926786125,0.11741809989325702,0.0715158999664709,0.0715158999664709,0.24657856812900913,0.4018727237065385,0.3479980204378352,,,,,,,,,,,,,,,,,,
cora,0.5,0,0.0,high_deg_9_plus,147,Exact spectral,3,10,7,7,1,by_dim,0.0715158999664709,0.045902199926786125,0.11741809989325702,0.0715158999664709,0.0715158999664709,0.3160878126091473,0.5267294229614985,0.400884622623753,,,,,,,,,,,,,,,,,,
cora,0.5,0,0.0,all,2485,Gaussian RP,3,10,17,7,1,by_dim,0.0024416999658569694,0.11901030002627522,0.12145199999213219,,0.0024250999558717012,0.025582889077386463,0.04505109290023131,0.2086586628605454,0.00037969998084008694,0.24253562503633297,0.0005010999739170074,0.0011118999682366848,0.00027269998099654913,0.00010609999299049377,5.3600058890879154e-05,,,,,,,,,,,
cora,0.5,0,0.0,low_deg_1_2,899,Gaussian RP,3,10,17,7,1,by_dim,0.0024416999658569694,0.11901030002627522,0.12145199999213219,,0.0024250999558717012,0.022944934835539933,0.038752692322828894,0.2084863497326021,0.00037969998084008694,0.24253562503633297,0.0005010999739170074,0.0011118999682366848,0.00027269998099654913,0.00010609999299049377,5.3600058890879154e-05,,,,,,,,,,,
cora,0.5,0,0.0,mid_deg_3_8,1439,Gaussian RP,3,10,17,7,1,by_dim,0.0024416999658569694,0.11901030002627522,0.12145199999213219,,0.0024250999558717012,0.031060441250929348,0.05493865151168526,0.22390459157115333,0.00037969998084008694,0.24253562503633297,0.0005010999739170074,0.0011118999682366848,0.00027269998099654913,0.00010609999299049377,5.3600058890879154e-05,,,,,,,,,,,
cora,0.5,0,0.0,high_deg_9_plus,147,Gaussian RP,3,10,17,7,1,by_dim,0.0024416999658569694,0.11901030002627522,0.12145199999213219,,0.0024250999558717012,0.06523246711917136,0.16395441650234235,0.2731167263207695,0.00037969998084008694,0.24253562503633297,0.0005010999739170074,0.0011118999682366848,0.00027269998099654913,0.00010609999299049377,5.3600058890879154e-05,,,,,,,,,,,
cora,0.5,0,0.0,all,2485,Degree-stratified RP,3,10,17,7,1,by_dim,0.004245700081810355,0.10469939990434796,0.10894509998615831,,0.004196300054900348,0.1045809948692939,0.1516997579307187,0.33242946088554454,,,,,,,,0.00031230004969984293,0.001348799909465015,0.0013779000146314502,0.0008354000747203827,0.00019620009697973728,7.299997378140688e-05,5.2699935622513294e-05,8.0,1.0,3.0,"[1,2):n=354,ell=2;[2,4):n=1070,ell=3;[4,8):n=859,ell=3;[8,16):n=155,ell=2;[16,32):n=35,ell=2;[32,64):n=8,ell=2;[64,128):n=3,ell=2;[128,256):n=1,ell=1"
cora,0.5,0,0.0,low_deg_1_2,899,Degree-stratified RP,3,10,17,7,1,by_dim,0.004245700081810355,0.10469939990434796,0.10894509998615831,,0.004196300054900348,0.08317078745190594,0.11546713389958017,0.3043294208921474,,,,,,,,0.00031230004969984293,0.001348799909465015,0.0013779000146314502,0.0008354000747203827,0.00019620009697973728,7.299997378140688e-05,5.2699935622513294e-05,8.0,1.0,3.0,"[1,2):n=354,ell=2;[2,4):n=1070,ell=3;[4,8):n=859,ell=3;[8,16):n=155,ell=2;[16,32):n=35,ell=2;[32,64):n=8,ell=2;[64,128):n=3,ell=2;[128,256):n=1,ell=1"
cora,0.5,0,0.0,mid_deg_3_8,1439,Degree-stratified RP,3,10,17,7,1,by_dim,0.004245700081810355,0.10469939990434796,0.10894509998615831,,0.004196300054900348,0.12494198948787084,0.17945103630445816,0.3526533166797729,,,,,,,,0.00031230004969984293,0.001348799909465015,0.0013779000146314502,0.0008354000747203827,0.00019620009697973728,7.299997378140688e-05,5.2699935622513294e-05,8.0,1.0,3.0,"[1,2):n=354,ell=2;[2,4):n=1070,ell=3;[4,8):n=859,ell=3;[8,16):n=155,ell=2;[16,32):n=35,ell=2;[32,64):n=8,ell=2;[64,128):n=3,ell=2;[128,256):n=1,ell=1"
cora,0.5,0,0.0,high_deg_9_plus,147,Degree-stratified RP,3,10,17,7,1,by_dim,0.004245700081810355,0.10469939990434796,0.10894509998615831,,0.004196300054900348,0.16713825874919935,0.30655887774371404,0.3811037452675083,,,,,,,,0.00031230004969984293,0.001348799909465015,0.0013779000146314502,0.0008354000747203827,0.00019620009697973728,7.299997378140688e-05,5.2699935622513294e-05,8.0,1.0,3.0,"[1,2):n=354,ell=2;[2,4):n=1070,ell=3;[4,8):n=859,ell=3;[8,16):n=155,ell=2;[16,32):n=35,ell=2;[32,64):n=8,ell=2;[64,128):n=3,ell=2;[128,256):n=1,ell=1"
cora,0.5,0,0.0,all,2485,Exact spectral,4,10,7,7,1,by_dim,0.0715158999664709,0.04181940003763884,0.11333530000410974,0.0715158999664709,0.0715158999664709,0.23820969921575666,0.3952630207169111,0.2787318543368127,,,,,,,,,,,,,,,,,,
cora,0.5,0,0.0,low_deg_1_2,899,Exact spectral,4,10,7,7,1,by_dim,0.0715158999664709,0.04181940003763884,0.11333530000410974,0.0715158999664709,0.0715158999664709,0.21966094372704997,0.37275070067031907,0.2893541925142974,,,,,,,,,,,,,,,,,,
cora,0.5,0,0.0,mid_deg_3_8,1439,Exact spectral,4,10,7,7,1,by_dim,0.0715158999664709,0.04181940003763884,0.11333530000410974,0.0715158999664709,0.0715158999664709,0.24335018012654022,0.40828048921210225,0.27223469929152183,,,,,,,,,,,,,,,,,,
cora,0.5,0,0.0,high_deg_9_plus,147,Exact spectral,4,10,7,7,1,by_dim,0.0715158999664709,0.04181940003763884,0.11333530000410974,0.0715158999664709,0.0715158999664709,0.3205538580908599,0.5166168415530321,0.2856052476025962,,,,,,,,,,,,,,,,,,
cora,0.5,0,0.0,all,2485,Gaussian RP,4,10,17,7,1,by_dim,0.002127800020389259,0.0946690000128001,0.09679680003318936,,0.0021125999046489596,0.018882118446744586,0.03660388263661297,0.20849606124782555,0.00035560003016144037,0.24253562503633297,0.0004878999898210168,0.0008826999692246318,0.00022739998530596495,9.650003630667925e-05,6.24998938292265e-05,,,,,,,,,,,
cora,0.5,0,0.0,low_deg_1_2,899,Gaussian RP,4,10,17,7,1,by_dim,0.002127800020389259,0.0946690000128001,0.09679680003318936,,0.0021125999046489596,0.020566023551639407,0.04126880543140634,0.21524029167411696,0.00035560003016144037,0.24253562503633297,0.0004878999898210168,0.0008826999692246318,0.00022739998530596495,9.650003630667925e-05,6.24998938292265e-05,,,,,,,,,,,
cora,0.5,0,0.0,mid_deg_3_8,1439,Gaussian RP,4,10,17,7,1,by_dim,0.002127800020389259,0.0946690000128001,0.09679680003318936,,0.0021125999046489596,0.017557278474556036,0.04010073606076903,0.2023688140074325,0.00035560003016144037,0.24253562503633297,0.0004878999898210168,0.0008826999692246318,0.00022739998530596495,9.650003630667925e-05,6.24998938292265e-05,,,,,,,,,,,
cora,0.5,0,0.0,high_deg_9_plus,147,Gaussian RP,4,10,17,7,1,by_dim,0.002127800020389259,0.0946690000128001,0.09679680003318936,,0.0021125999046489596,0.033404116792306975,0.12428961137261366,0.27614150357840866,0.00035560003016144037,0.24253562503633297,0.0004878999898210168,0.0008826999692246318,0.00022739998530596495,9.650003630667925e-05,6.24998938292265e-05,,,,,,,,,,,
cora,0.5,0,0.0,all,2485,Degree-stratified RP,4,10,17,7,1,by_dim,0.003505400032736361,0.06801399996038526,0.07151939999312162,,0.003453299985267222,0.10196118375071396,0.1649248679414316,0.3660269133010275,,,,,,,,0.00019470008555799723,0.0011860999511554837,0.001016699941828847,0.0007113000610843301,0.00019649998284876347,8.539995178580284e-05,6.260001100599766e-05,8.0,1.0,3.0,"[1,2):n=354,ell=2;[2,4):n=1070,ell=3;[4,8):n=859,ell=3;[8,16):n=155,ell=2;[16,32):n=35,ell=2;[32,64):n=8,ell=2;[64,128):n=3,ell=2;[128,256):n=1,ell=1"
cora,0.5,0,0.0,low_deg_1_2,899,Degree-stratified RP,4,10,17,7,1,by_dim,0.003505400032736361,0.06801399996038526,0.07151939999312162,,0.003453299985267222,0.05341350257587532,0.11163749202838416,0.3091945411362244,,,,,,,,0.00019470008555799723,0.0011860999511554837,0.001016699941828847,0.0007113000610843301,0.00019649998284876347,8.539995178580284e-05,6.260001100599766e-05,8.0,1.0,3.0,"[1,2):n=354,ell=2;[2,4):n=1070,ell=3;[4,8):n=859,ell=3;[8,16):n=155,ell=2;[16,32):n=35,ell=2;[32,64):n=8,ell=2;[64,128):n=3,ell=2;[128,256):n=1,ell=1"
cora,0.5,0,0.0,mid_deg_3_8,1439,Degree-stratified RP,4,10,17,7,1,by_dim,0.003505400032736361,0.06801399996038526,0.07151939999312162,,0.003453299985267222,0.13343526939672698,0.19791722358930575,0.38938607970183814,,,,,,,,0.00019470008555799723,0.0011860999511554837,0.001016699941828847,0.0007113000610843301,0.00019649998284876347,8.539995178580284e-05,6.260001100599766e-05,8.0,1.0,3.0,"[1,2):n=354,ell=2;[2,4):n=1070,ell=3;[4,8):n=859,ell=3;[8,16):n=155,ell=2;[16,32):n=35,ell=2;[32,64):n=8,ell=2;[64,128):n=3,ell=2;[128,256):n=1,ell=1"
cora,0.5,0,0.0,high_deg_9_plus,147,Degree-stratified RP,4,10,17,7,1,by_dim,0.003505400032736361,0.06801399996038526,0.07151939999312162,,0.003453299985267222,0.2228086970637733,0.3533622677814563,0.4411092778560932,,,,,,,,0.00019470008555799723,0.0011860999511554837,0.001016699941828847,0.0007113000610843301,0.00019649998284876347,8.539995178580284e-05,6.260001100599766e-05,8.0,1.0,3.0,"[1,2):n=354,ell=2;[2,4):n=1070,ell=3;[4,8):n=859,ell=3;[8,16):n=155,ell=2;[16,32):n=35,ell=2;[32,64):n=8,ell=2;[64,128):n=3,ell=2;[128,256):n=1,ell=1"
cora,0.5,0,0.0,all,2485,Exact spectral,5,10,7,7,1,by_dim,0.0715158999664709,0.03480490006040782,0.10632080002687871,0.0715158999664709,0.0715158999664709,0.23820969921575666,0.3952630207169111,0.2787318543368127,,,,,,,,,,,,,,,,,,
cora,0.5,0,0.0,low_deg_1_2,899,Exact spectral,5,10,7,7,1,by_dim,0.0715158999664709,0.03480490006040782,0.10632080002687871,0.0715158999664709,0.0715158999664709,0.21966094372704997,0.37275070067031907,0.2893541925142974,,,,,,,,,,,,,,,,,,
cora,0.5,0,0.0,mid_deg_3_8,1439,Exact spectral,5,10,7,7,1,by_dim,0.0715158999664709,0.03480490006040782,0.10632080002687871,0.0715158999664709,0.0715158999664709,0.24335018012654022,0.40828048921210225,0.27223469929152183,,,,,,,,,,,,,,,,,,
cora,0.5,0,0.0,high_deg_9_plus,147,Exact spectral,5,10,7,7,1,by_dim,0.0715158999664709,0.03480490006040782,0.10632080002687871,0.0715158999664709,0.0715158999664709,0.3205538580908599,0.5166168415530322,0.2856052476025962,,,,,,,,,,,,,,,,,,
cora,0.5,0,0.0,all,2485,Gaussian RP,5,10,17,7,1,by_dim,0.0022542999358847737,0.11453650007024407,0.11679080000612885,,0.002238099928945303,0.012622855769987857,0.02767512926894406,0.20702103432759014,0.0003727999283000827,0.24253562503633297,0.00045190006494522095,0.0009691999293863773,0.00027439999394118786,0.00010190007742494345,6.789993494749069e-05,,,,,,,,,,,
cora,0.5,0,0.0,low_deg_1_2,899,Gaussian RP,5,10,17,7,1,by_dim,0.0022542999358847737,0.11453650007024407,0.11679080000612885,,0.002238099928945303,0.014057623916159806,0.030313858236417628,0.1989415352474076,0.0003727999283000827,0.24253562503633297,0.00045190006494522095,0.0009691999293863773,0.00027439999394118786,0.00010190007742494345,6.789993494749069e-05,,,,,,,,,,,
cora,0.5,0,0.0,mid_deg_3_8,1439,Gaussian RP,5,10,17,7,1,by_dim,0.0022542999358847737,0.11453650007024407,0.11679080000612885,,0.002238099928945303,0.016570936691496507,0.03719115084822938,0.2190190653503549,0.0003727999283000827,0.24253562503633297,0.00045190006494522095,0.0009691999293863773,0.00027439999394118786,0.00010190007742494345,6.789993494749069e-05,,,,,,,,,,,
cora,0.5,0,0.0,high_deg_9_plus,147,Gaussian RP,5,10,17,7,1,by_dim,0.0022542999358847737,0.11453650007024407,0.11679080000612885,,0.002238099928945303,0.02836879912025656,0.11923524023395675,0.27518419360007057,0.0003727999283000827,0.24253562503633297,0.00045190006494522095,0.0009691999293863773,0.00027439999394118786,0.00010190007742494345,6.789993494749069e-05,,,,,,,,,,,
cora,0.5,0,0.0,all,2485,Degree-stratified RP,5,10,17,7,1,by_dim,0.004896699916571379,0.07355030009057373,0.0784470000071451,,0.00482089992146939,0.08423558287333437,0.12726268306121194,0.30462385442311873,,,,,,,,0.00025829998776316643,0.0014194999821484089,0.001296199974603951,0.0014010999584570527,0.00026950007304549217,0.00010719988495111465,6.910006050020456e-05,8.0,1.0,3.0,"[1,2):n=354,ell=2;[2,4):n=1070,ell=3;[4,8):n=859,ell=3;[8,16):n=155,ell=2;[16,32):n=35,ell=2;[32,64):n=8,ell=2;[64,128):n=3,ell=2;[128,256):n=1,ell=1"
cora,0.5,0,0.0,low_deg_1_2,899,Degree-stratified RP,5,10,17,7,1,by_dim,0.004896699916571379,0.07355030009057373,0.0784470000071451,,0.00482089992146939,0.05079532817367043,0.0923941896794517,0.26482826291267364,,,,,,,,0.00025829998776316643,0.0014194999821484089,0.001296199974603951,0.0014010999584570527,0.00026950007304549217,0.00010719988495111465,6.910006050020456e-05,8.0,1.0,3.0,"[1,2):n=354,ell=2;[2,4):n=1070,ell=3;[4,8):n=859,ell=3;[8,16):n=155,ell=2;[16,32):n=35,ell=2;[32,64):n=8,ell=2;[64,128):n=3,ell=2;[128,256):n=1,ell=1"
cora,0.5,0,0.0,mid_deg_3_8,1439,Degree-stratified RP,5,10,17,7,1,by_dim,0.004896699916571379,0.07355030009057373,0.0784470000071451,,0.00482089992146939,0.10229843831363339,0.14837007564605767,0.32285763799475353,,,,,,,,0.00025829998776316643,0.0014194999821484089,0.001296199974603951,0.0014010999584570527,0.00026950007304549217,0.00010719988495111465,6.910006050020456e-05,8.0,1.0,3.0,"[1,2):n=354,ell=2;[2,4):n=1070,ell=3;[4,8):n=859,ell=3;[8,16):n=155,ell=2;[16,32):n=35,ell=2;[32,64):n=8,ell=2;[64,128):n=3,ell=2;[128,256):n=1,ell=1"
cora,0.5,0,0.0,high_deg_9_plus,147,Degree-stratified RP,5,10,17,7,1,by_dim,0.004896699916571379,0.07355030009057373,0.0784470000071451,,0.00482089992146939,0.16530776806552297,0.2800041348190652,0.3792557095812466,,,,,,,,0.00025829998776316643,0.0014194999821484089,0.001296199974603951,0.0014010999584570527,0.00026950007304549217,0.00010719988495111465,6.910006050020456e-05,8.0,1.0,3.0,"[1,2):n=354,ell=2;[2,4):n=1070,ell=3;[4,8):n=859,ell=3;[8,16):n=155,ell=2;[16,32):n=35,ell=2;[32,64):n=8,ell=2;[64,128):n=3,ell=2;[128,256):n=1,ell=1"
cora,0.5,0,0.0,all,2485,Exact spectral,6,10,7,7,1,by_dim,0.0715158999664709,0.04285209998488426,0.11436799995135516,0.0715158999664709,0.0715158999664709,0.23845110263258662,0.39525629799554224,0.2788950331905623,,,,,,,,,,,,,,,,,,
cora,0.5,0,0.0,low_deg_1_2,899,Exact spectral,6,10,7,7,1,by_dim,0.0715158999664709,0.04285209998488426,0.11436799995135516,0.0715158999664709,0.0715158999664709,0.21966094372704997,0.37275070067031907,0.2893541925142974,,,,,,,,,,,,,,,,,,
cora,0.5,0,0.0,mid_deg_3_8,1439,Exact spectral,6,10,7,7,1,by_dim,0.0715158999664709,0.04285209998488426,0.11436799995135516,0.0715158999664709,0.0715158999664709,0.2437093436744324,0.4082797297165914,0.27253620953369634,,,,,,,,,,,,,,,,,,
cora,0.5,0,0.0,high_deg_9_plus,147,Exact spectral,6,10,7,7,1,by_dim,0.0715158999664709,0.04285209998488426,0.11436799995135516,0.0715158999664709,0.0715158999664709,0.3205538580908599,0.5166168415530322,0.2856052476025962,,,,,,,,,,,,,,,,,,
cora,0.5,0,0.0,all,2485,Gaussian RP,6,10,17,7,1,by_dim,0.0021421000128611922,0.11026740004308522,0.11240950005594641,,0.002127799903973937,0.02023925680699298,0.03712204893263906,0.2161892452583722,0.0003752999473363161,0.24253562503633297,0.0004835000727325678,0.000934499897994101,0.00021060009021311998,6.759993266314268e-05,5.6299963034689426e-05,,,,,,,,,,,
cora,0.5,0,0.0,low_deg_1_2,899,Gaussian RP,6,10,17,7,1,by_dim,0.0021421000128611922,0.11026740004308522,0.11240950005594641,,0.002127799903973937,0.01880034641532783,0.038758431732604286,0.20999197294404542,0.0003752999473363161,0.24253562503633297,0.0004835000727325678,0.000934499897994101,0.00021060009021311998,6.759993266314268e-05,5.6299963034689426e-05,,,,,,,,,,,
cora,0.5,0,0.0,mid_deg_3_8,1439,Gaussian RP,6,10,17,7,1,by_dim,0.0021421000128611922,0.11026740004308522,0.11240950005594641,,0.002127799903973937,0.021833976976022334,0.0421573391793813,0.22606207259951208,0.0003752999473363161,0.24253562503633297,0.0004835000727325678,0.000934499897994101,0.00021060009021311998,6.759993266314268e-05,5.6299963034689426e-05,,,,,,,,,,,
cora,0.5,0,0.0,high_deg_9_plus,147,Gaussian RP,6,10,17,7,1,by_dim,0.0021421000128611922,0.11026740004308522,0.11240950005594641,,0.002127799903973937,0.05413771732972207,0.16423996507378366,0.2948447557686931,0.0003752999473363161,0.24253562503633297,0.0004835000727325678,0.000934499897994101,0.00021060009021311998,6.759993266314268e-05,5.6299963034689426e-05,,,,,,,,,,,
cora,0.5,0,0.0,all,2485,Degree-stratified RP,6,10,17,7,1,by_dim,0.0039031999185681343,0.0876458000857383,0.09154900000430644,,0.0038475000765174627,0.07789117639321401,0.1295788674502842,0.2935798216496595,,,,,,,,0.00018149998504668474,0.0014016999630257487,0.0011798000195994973,0.0007273999508470297,0.00018279999494552612,0.00010220007970929146,7.210008334368467e-05,8.0,1.0,3.0,"[1,2):n=354,ell=2;[2,4):n=1070,ell=3;[4,8):n=859,ell=3;[8,16):n=155,ell=2;[16,32):n=35,ell=2;[32,64):n=8,ell=2;[64,128):n=3,ell=2;[128,256):n=1,ell=1"
cora,0.5,0,0.0,low_deg_1_2,899,Degree-stratified RP,6,10,17,7,1,by_dim,0.0039031999185681343,0.0876458000857383,0.09154900000430644,,0.0038475000765174627,0.04247501662192609,0.09260349272113062,0.2641251510057798,,,,,,,,0.00018149998504668474,0.0014016999630257487,0.0011798000195994973,0.0007273999508470297,0.00018279999494552612,0.00010220007970929146,7.210008334368467e-05,8.0,1.0,3.0,"[1,2):n=354,ell=2;[2,4):n=1070,ell=3;[4,8):n=859,ell=3;[8,16):n=155,ell=2;[16,32):n=35,ell=2;[32,64):n=8,ell=2;[64,128):n=3,ell=2;[128,256):n=1,ell=1"
cora,0.5,0,0.0,mid_deg_3_8,1439,Degree-stratified RP,6,10,17,7,1,by_dim,0.0039031999185681343,0.0876458000857383,0.09154900000430644,,0.0038475000765174627,0.09643311651701178,0.14985447944274533,0.3165328948979598,,,,,,,,0.00018149998504668474,0.0014016999630257487,0.0011798000195994973,0.0007273999508470297,0.00018279999494552612,0.00010220007970929146,7.210008334368467e-05,8.0,1.0,3.0,"[1,2):n=354,ell=2;[2,4):n=1070,ell=3;[4,8):n=859,ell=3;[8,16):n=155,ell=2;[16,32):n=35,ell=2;[32,64):n=8,ell=2;[64,128):n=3,ell=2;[128,256):n=1,ell=1"
cora,0.5,0,0.0,high_deg_9_plus,147,Degree-stratified RP,6,10,17,7,1,by_dim,0.0039031999185681343,0.0876458000857383,0.09154900000430644,,0.0038475000765174627,0.19975123503807077,0.3064785654632396,0.40419514487717284,,,,,,,,0.00018149998504668474,0.0014016999630257487,0.0011798000195994973,0.0007273999508470297,0.00018279999494552612,0.00010220007970929146,7.210008334368467e-05,8.0,1.0,3.0,"[1,2):n=354,ell=2;[2,4):n=1070,ell=3;[4,8):n=859,ell=3;[8,16):n=155,ell=2;[16,32):n=35,ell=2;[32,64):n=8,ell=2;[64,128):n=3,ell=2;[128,256):n=1,ell=1"
cora,0.5,0,0.0,all,2485,Exact spectral,7,10,7,7,1,by_dim,0.0715158999664709,0.04451769997831434,0.11603359994478524,0.0715158999664709,0.0715158999664709,0.23997891641373656,0.39005310766886625,0.35685797354305776,,,,,,,,,,,,,,,,,,
cora,0.5,0,0.0,low_deg_1_2,899,Exact spectral,7,10,7,7,1,by_dim,0.0715158999664709,0.04451769997831434,0.11603359994478524,0.0715158999664709,0.0715158999664709,0.2205830794234699,0.3671032245898039,0.3646030206292043,,,,,,,,,,,,,,,,,,
cora,0.5,0,0.0,mid_deg_3_8,1439,Exact spectral,7,10,7,7,1,by_dim,0.0715158999664709,0.04451769997831434,0.11603359994478524,0.0715158999664709,0.0715158999664709,0.24657856812900913,0.40187272370653837,0.3479980204378352,,,,,,,,,,,,,,,,,,
cora,0.5,0,0.0,high_deg_9_plus,147,Exact spectral,7,10,7,7,1,by_dim,0.0715158999664709,0.04451769997831434,0.11603359994478524,0.0715158999664709,0.0715158999664709,0.3160878126091473,0.5267294229614985,0.400884622623753,,,,,,,,,,,,,,,,,,
cora,0.5,0,0.0,all,2485,Gaussian RP,7,10,17,7,1,by_dim,0.002313300035893917,0.09502180002164096,0.09733510005753487,,0.0022971000289544463,0.022239531596970005,0.03887348581643609,0.20651598438356228,0.0003883000463247299,0.24253562503633297,0.0005179999861866236,0.0009380999254062772,0.00029990007169544697,9.400001727044582e-05,5.879998207092285e-05,,,,,,,,,,,
cora,0.5,0,0.0,low_deg_1_2,899,Gaussian RP,7,10,17,7,1,by_dim,0.002313300035893917,0.09502180002164096,0.09733510005753487,,0.0022971000289544463,0.016522754618200488,0.03715840030171977,0.20411389312001876,0.0003883000463247299,0.24253562503633297,0.0005179999861866236,0.0009380999254062772,0.00029990007169544697,9.400001727044582e-05,5.879998207092285e-05,,,,,,,,,,,
cora,0.5,0,0.0,mid_deg_3_8,1439,Gaussian RP,7,10,17,7,1,by_dim,0.002313300035893917,0.09502180002164096,0.09733510005753487,,0.0022971000289544463,0.029135223011670153,0.05213777570854166,0.2335630086236167,0.0003883000463247299,0.24253562503633297,0.0005179999861866236,0.0009380999254062772,0.00029990007169544697,9.400001727044582e-05,5.879998207092285e-05,,,,,,,,,,,
cora,0.5,0,0.0,high_deg_9_plus,147,Gaussian RP,7,10,17,7,1,by_dim,0.002313300035893917,0.09502180002164096,0.09733510005753487,,0.0022971000289544463,0.0270860182826315,0.1328469662861546,0.2687666383555605,0.0003883000463247299,0.24253562503633297,0.0005179999861866236,0.0009380999254062772,0.00029990007169544697,9.400001727044582e-05,5.879998207092285e-05,,,,,,,,,,,
cora,0.5,0,0.0,all,2485,Degree-stratified RP,7,10,17,7,1,by_dim,0.0045543999876827,0.07506310008466244,0.07961750007234514,,0.004482000018469989,0.08627059867265702,0.13019241543631765,0.29787312477363664,,,,,,,,0.00025050004478543997,0.0012665999820455909,0.0013598999939858913,0.001222899998538196,0.0002416999777778983,8.230004459619522e-05,5.809997674077749e-05,8.0,1.0,3.0,"[1,2):n=354,ell=2;[2,4):n=1070,ell=3;[4,8):n=859,ell=3;[8,16):n=155,ell=2;[16,32):n=35,ell=2;[32,64):n=8,ell=2;[64,128):n=3,ell=2;[128,256):n=1,ell=1"
cora,0.5,0,0.0,low_deg_1_2,899,Degree-stratified RP,7,10,17,7,1,by_dim,0.0045543999876827,0.07506310008466244,0.07961750007234514,,0.004482000018469989,0.05755995703309456,0.1036066411696533,0.27612957238745345,,,,,,,,0.00025050004478543997,0.0012665999820455909,0.0013598999939858913,0.001222899998538196,0.0002416999777778983,8.230004459619522e-05,5.809997674077749e-05,8.0,1.0,3.0,"[1,2):n=354,ell=2;[2,4):n=1070,ell=3;[4,8):n=859,ell=3;[8,16):n=155,ell=2;[16,32):n=35,ell=2;[32,64):n=8,ell=2;[64,128):n=3,ell=2;[128,256):n=1,ell=1"
cora,0.5,0,0.0,mid_deg_3_8,1439,Degree-stratified RP,7,10,17,7,1,by_dim,0.0045543999876827,0.07506310008466244,0.07961750007234514,,0.004482000018469989,0.10268748423538712,0.15110439069421716,0.30519679945048256,,,,,,,,0.00025050004478543997,0.0012665999820455909,0.0013598999939858913,0.001222899998538196,0.0002416999777778983,8.230004459619522e-05,5.809997674077749e-05,8.0,1.0,3.0,"[1,2):n=354,ell=2;[2,4):n=1070,ell=3;[4,8):n=859,ell=3;[8,16):n=155,ell=2;[16,32):n=35,ell=2;[32,64):n=8,ell=2;[64,128):n=3,ell=2;[128,256):n=1,ell=1"
cora,0.5,0,0.0,high_deg_9_plus,147,Degree-stratified RP,7,10,17,7,1,by_dim,0.0045543999876827,0.07506310008466244,0.07961750007234514,,0.004482000018469989,0.16200061724247028,0.2615066467150864,0.3467637246469469,,,,,,,,0.00025050004478543997,0.0012665999820455909,0.0013598999939858913,0.001222899998538196,0.0002416999777778983,8.230004459619522e-05,5.809997674077749e-05,8.0,1.0,3.0,"[1,2):n=354,ell=2;[2,4):n=1070,ell=3;[4,8):n=859,ell=3;[8,16):n=155,ell=2;[16,32):n=35,ell=2;[32,64):n=8,ell=2;[64,128):n=3,ell=2;[128,256):n=1,ell=1"
cora,0.5,0,0.0,all,2485,Exact spectral,8,10,7,7,1,by_dim,0.0715158999664709,0.043731699930503964,0.11524759989697486,0.0715158999664709,0.0715158999664709,0.24056786477213976,0.3903644356045871,0.35706454768346,,,,,,,,,,,,,,,,,,
cora,0.5,0,0.0,low_deg_1_2,899,Exact spectral,8,10,7,7,1,by_dim,0.0715158999664709,0.043731699930503964,0.11524759989697486,0.0715158999664709,0.0715158999664709,0.22216689845580734,0.367825216438132,0.36513004908244084,,,,,,,,,,,,,,,,,,
cora,0.5,0,0.0,mid_deg_3_8,1439,Exact spectral,8,10,7,7,1,by_dim,0.0715158999664709,0.043731699930503964,0.11524759989697486,0.0715158999664709,0.0715158999664709,0.24657856812900913,0.4018727237065385,0.3479980204378352,,,,,,,,,,,,,,,,,,
cora,0.5,0,0.0,high_deg_9_plus,147,Exact spectral,8,10,7,7,1,by_dim,0.0715158999664709,0.043731699930503964,0.11524759989697486,0.0715158999664709,0.0715158999664709,0.3160878126091473,0.5267294229614985,0.3990413046514028,,,,,,,,,,,,,,,,,,
cora,0.5,0,0.0,all,2485,Gaussian RP,8,10,17,7,1,by_dim,0.003166800015605986,0.23664869996719062,0.2398154999827966,,0.0031495001167058945,0.031049777175149295,0.045880836750287125,0.21615501323204098,0.00039060006383806467,0.24253562503633297,0.0004885999951511621,0.001825900049880147,0.0002706999657675624,0.00010409997776150703,6.960006430745125e-05,,,,,,,,,,,
cora,0.5,0,0.0,low_deg_1_2,899,Gaussian RP,8,10,17,7,1,by_dim,0.003166800015605986,0.23664869996719062,0.2398154999827966,,0.0031495001167058945,0.02020348423079775,0.03822130288040845,0.21377719353345478,0.00039060006383806467,0.24253562503633297,0.0004885999951511621,0.001825900049880147,0.0002706999657675624,0.00010409997776150703,6.960006430745125e-05,,,,,,,,,,,
cora,0.5,0,0.0,mid_deg_3_8,1439,Gaussian RP,8,10,17,7,1,by_dim,0.003166800015605986,0.23664869996719062,0.2398154999827966,,0.0031495001167058945,0.036984812404042854,0.05679104694465986,0.22899778192125794,0.00039060006383806467,0.24253562503633297,0.0004885999951511621,0.001825900049880147,0.0002706999657675624,0.00010409997776150703,6.960006430745125e-05,,,,,,,,,,,
cora,0.5,0,0.0,high_deg_9_plus,147,Gaussian RP,8,10,17,7,1,by_dim,0.003166800015605986,0.23664869996719062,0.2398154999827966,,0.0031495001167058945,0.07628928364231748,0.17664550445856592,0.3090831825261774,0.00039060006383806467,0.24253562503633297,0.0004885999951511621,0.001825900049880147,0.0002706999657675624,0.00010409997776150703,6.960006430745125e-05,,,,,,,,,,,
cora,0.5,0,0.0,all,2485,Degree-stratified RP,8,10,17,7,1,by_dim,0.004548499942757189,0.13610890007112175,0.14065740001387894,,0.004487899946980178,0.10592628407814762,0.16000860508205575,0.361514039231352,,,,,,,,0.00026269990485161543,0.001612400054000318,0.0013747999910265207,0.0008669999660924077,0.00024179997853934765,7.990002632141113e-05,4.930002614855766e-05,8.0,1.0,3.0,"[1,2):n=354,ell=2;[2,4):n=1070,ell=3;[4,8):n=859,ell=3;[8,16):n=155,ell=2;[16,32):n=35,ell=2;[32,64):n=8,ell=2;[64,128):n=3,ell=2;[128,256):n=1,ell=1"
cora,0.5,0,0.0,low_deg_1_2,899,Degree-stratified RP,8,10,17,7,1,by_dim,0.004548499942757189,0.13610890007112175,0.14065740001387894,,0.004487899946980178,0.0698309167098569,0.10930204476785411,0.31462057242352576,,,,,,,,0.00026269990485161543,0.001612400054000318,0.0013747999910265207,0.0008669999660924077,0.00024179997853934765,7.990002632141113e-05,4.930002614855766e-05,8.0,1.0,3.0,"[1,2):n=354,ell=2;[2,4):n=1070,ell=3;[4,8):n=859,ell=3;[8,16):n=155,ell=2;[16,32):n=35,ell=2;[32,64):n=8,ell=2;[64,128):n=3,ell=2;[128,256):n=1,ell=1"
cora,0.5,0,0.0,mid_deg_3_8,1439,Degree-stratified RP,8,10,17,7,1,by_dim,0.004548499942757189,0.13610890007112175,0.14065740001387894,,0.004487899946980178,0.12577405890316973,0.1885383180747768,0.37499209744321427,,,,,,,,0.00026269990485161543,0.001612400054000318,0.0013747999910265207,0.0008669999660924077,0.00024179997853934765,7.990002632141113e-05,4.930002614855766e-05,8.0,1.0,3.0,"[1,2):n=354,ell=2;[2,4):n=1070,ell=3;[4,8):n=859,ell=3;[8,16):n=155,ell=2;[16,32):n=35,ell=2;[32,64):n=8,ell=2;[64,128):n=3,ell=2;[128,256):n=1,ell=1"
cora,0.5,0,0.0,high_deg_9_plus,147,Degree-stratified RP,8,10,17,7,1,by_dim,0.004548499942757189,0.13610890007112175,0.14065740001387894,,0.004487899946980178,0.23433011932877842,0.35573290233479865,0.4671945701357466,,,,,,,,0.00026269990485161543,0.001612400054000318,0.0013747999910265207,0.0008669999660924077,0.00024179997853934765,7.990002632141113e-05,4.930002614855766e-05,8.0,1.0,3.0,"[1,2):n=354,ell=2;[2,4):n=1070,ell=3;[4,8):n=859,ell=3;[8,16):n=155,ell=2;[16,32):n=35,ell=2;[32,64):n=8,ell=2;[64,128):n=3,ell=2;[128,256):n=1,ell=1"
cora,0.5,0,0.0,all,2485,Exact spectral,9,10,7,7,1,by_dim,0.0715158999664709,0.072830899967812,0.1443467999342829,0.0715158999664709,0.0715158999664709,0.23820969921575666,0.39526302071691105,0.2787318543368127,,,,,,,,,,,,,,,,,,
cora,0.5,0,0.0,low_deg_1_2,899,Exact spectral,9,10,7,7,1,by_dim,0.0715158999664709,0.072830899967812,0.1443467999342829,0.0715158999664709,0.0715158999664709,0.21966094372704997,0.37275070067031907,0.2893541925142974,,,,,,,,,,,,,,,,,,
cora,0.5,0,0.0,mid_deg_3_8,1439,Exact spectral,9,10,7,7,1,by_dim,0.0715158999664709,0.072830899967812,0.1443467999342829,0.0715158999664709,0.0715158999664709,0.24335018012654022,0.40828048921210225,0.27223469929152183,,,,,,,,,,,,,,,,,,
cora,0.5,0,0.0,high_deg_9_plus,147,Exact spectral,9,10,7,7,1,by_dim,0.0715158999664709,0.072830899967812,0.1443467999342829,0.0715158999664709,0.0715158999664709,0.3205538580908599,0.5166168415530322,0.2856052476025962,,,,,,,,,,,,,,,,,,
cora,0.5,0,0.0,all,2485,Gaussian RP,9,10,17,7,1,by_dim,0.002739100018516183,0.23301279998850077,0.23575190000701696,,0.0027172999689355493,0.0149039798897078,0.032465395464765415,0.19071172098940123,0.00039599998854100704,0.24253562503633297,0.0005722999339923263,0.001103400019928813,0.00031779997516423464,0.00017440004739910364,0.0001534000039100647,,,,,,,,,,,
cora,0.5,0,0.0,low_deg_1_2,899,Gaussian RP,9,10,17,7,1,by_dim,0.002739100018516183,0.23301279998850077,0.23575190000701696,,0.0027172999689355493,0.008453563146279394,0.029445738492172448,0.18508354210044128,0.00039599998854100704,0.24253562503633297,0.0005722999339923263,0.001103400019928813,0.00031779997516423464,0.00017440004739910364,0.0001534000039100647,,,,,,,,,,,
cora,0.5,0,0.0,mid_deg_3_8,1439,Gaussian RP,9,10,17,7,1,by_dim,0.002739100018516183,0.23301279998850077,0.23575190000701696,,0.0027172999689355493,0.016564732648302664,0.03728640030361607,0.19791571630565,0.00039599998854100704,0.24253562503633297,0.0005722999339923263,0.001103400019928813,0.00031779997516423464,0.00017440004739910364,0.0001534000039100647,,,,,,,,,,,
cora,0.5,0,0.0,high_deg_9_plus,147,Gaussian RP,9,10,17,7,1,by_dim,0.002739100018516183,0.23301279998850077,0.23575190000701696,,0.0027172999689355493,0.02595585992233906,0.1336266561840454,0.24350850078352182,0.00039599998854100704,0.24253562503633297,0.0005722999339923263,0.001103400019928813,0.00031779997516423464,0.00017440004739910364,0.0001534000039100647,,,,,,,,,,,
cora,0.5,0,0.0,all,2485,Degree-stratified RP,9,10,17,7,1,by_dim,0.003521100035868585,0.10295490000862628,0.10647600004449487,,0.0034673999762162566,0.11289057349118586,0.1635536585299929,0.3558528193618251,,,,,,,,0.00018099998123943806,0.0010273000225424767,0.0010836999863386154,0.0007880999473854899,0.00024510000366717577,8.140003774315119e-05,6.079999729990959e-05,8.0,1.0,3.0,"[1,2):n=354,ell=2;[2,4):n=1070,ell=3;[4,8):n=859,ell=3;[8,16):n=155,ell=2;[16,32):n=35,ell=2;[32,64):n=8,ell=2;[64,128):n=3,ell=2;[128,256):n=1,ell=1"
cora,0.5,0,0.0,low_deg_1_2,899,Degree-stratified RP,9,10,17,7,1,by_dim,0.003521100035868585,0.10295490000862628,0.10647600004449487,,0.0034673999762162566,0.08273863850633467,0.12188833851477225,0.3175185101614127,,,,,,,,0.00018099998123943806,0.0010273000225424767,0.0010836999863386154,0.0007880999473854899,0.00024510000366717577,8.140003774315119e-05,6.079999729990959e-05,8.0,1.0,3.0,"[1,2):n=354,ell=2;[2,4):n=1070,ell=3;[4,8):n=859,ell=3;[8,16):n=155,ell=2;[16,32):n=35,ell=2;[32,64):n=8,ell=2;[64,128):n=3,ell=2;[128,256):n=1,ell=1"
cora,0.5,0,0.0,mid_deg_3_8,1439,Degree-stratified RP,9,10,17,7,1,by_dim,0.003521100035868585,0.10295490000862628,0.10647600004449487,,0.0034673999762162566,0.13147752516348607,0.18940395896227089,0.36790011277153795,,,,,,,,0.00018099998123943806,0.0010273000225424767,0.0010836999863386154,0.0007880999473854899,0.00024510000366717577,8.140003774315119e-05,6.079999729990959e-05,8.0,1.0,3.0,"[1,2):n=354,ell=2;[2,4):n=1070,ell=3;[4,8):n=859,ell=3;[8,16):n=155,ell=2;[16,32):n=35,ell=2;[32,64):n=8,ell=2;[64,128):n=3,ell=2;[128,256):n=1,ell=1"
cora,0.5,0,0.0,high_deg_9_plus,147,Degree-stratified RP,9,10,17,7,1,by_dim,0.003521100035868585,0.10295490000862628,0.10647600004449487,,0.0034673999762162566,0.2261837969794556,0.35249714197203946,0.4331484020925015,,,,,,,,0.00018099998123943806,0.0010273000225424767,0.0010836999863386154,0.0007880999473854899,0.00024510000366717577,8.140003774315119e-05,6.079999729990959e-05,8.0,1.0,3.0,"[1,2):n=354,ell=2;[2,4):n=1070,ell=3;[4,8):n=859,ell=3;[8,16):n=155,ell=2;[16,32):n=35,ell=2;[32,64):n=8,ell=2;[64,128):n=3,ell=2;[128,256):n=1,ell=1"
cora,0.5,0,0.0,all,2485,Exact spectral,10,10,7,7,1,by_dim,0.0715158999664709,0.051374999922700226,0.12289089988917112,0.0715158999664709,0.0715158999664709,0.23820969921575666,0.39526302071691116,0.2787318543368127,,,,,,,,,,,,,,,,,,
cora,0.5,0,0.0,low_deg_1_2,899,Exact spectral,10,10,7,7,1,by_dim,0.0715158999664709,0.051374999922700226,0.12289089988917112,0.0715158999664709,0.0715158999664709,0.21966094372704997,0.37275070067031907,0.2893541925142974,,,,,,,,,,,,,,,,,,
cora,0.5,0,0.0,mid_deg_3_8,1439,Exact spectral,10,10,7,7,1,by_dim,0.0715158999664709,0.051374999922700226,0.12289089988917112,0.0715158999664709,0.0715158999664709,0.24335018012654022,0.40828048921210225,0.27223469929152183,,,,,,,,,,,,,,,,,,
cora,0.5,0,0.0,high_deg_9_plus,147,Exact spectral,10,10,7,7,1,by_dim,0.0715158999664709,0.051374999922700226,0.12289089988917112,0.0715158999664709,0.0715158999664709,0.3205538580908599,0.5166168415530321,0.2856052476025962,,,,,,,,,,,,,,,,,,
cora,0.5,0,0.0,all,2485,Gaussian RP,10,10,17,7,1,by_dim,0.002224499941803515,0.17158890003338456,0.17381339997518808,,0.002208900055848062,0.02585711162004815,0.04257604993096113,0.22239330315295885,0.0003891000524163246,0.24253562503633297,0.0004917000187560916,0.0009118999587371945,0.0002440999960526824,0.00010579999070614576,6.630003917962313e-05,,,,,,,,,,,
cora,0.5,0,0.0,low_deg_1_2,899,Gaussian RP,10,10,17,7,1,by_dim,0.002224499941803515,0.17158890003338456,0.17381339997518808,,0.002208900055848062,0.01877821784346188,0.041064075313495915,0.22713799838495977,0.0003891000524163246,0.24253562503633297,0.0004917000187560916,0.0009118999587371945,0.0002440999960526824,0.00010579999070614576,6.630003917962313e-05,,,,,,,,,,,
cora,0.5,0,0.0,mid_deg_3_8,1439,Gaussian RP,10,10,17,7,1,by_dim,0.002224499941803515,0.17158890003338456,0.17381339997518808,,0.002208900055848062,0.03003897148361031,0.050760870742172406,0.23875579862061083,0.0003891000524163246,0.24253562503633297,0.0004917000187560916,0.0009118999587371945,0.0002440999960526824,0.00010579999070614576,6.630003917962313e-05,,,,,,,,,,,
cora,0.5,0,0.0,high_deg_9_plus,147,Gaussian RP,10,10,17,7,1,by_dim,0.002224499941803515,0.17158890003338456,0.17381339997518808,,0.002208900055848062,0.058875354391628776,0.14900620806096748,0.30239080122434453,0.0003891000524163246,0.24253562503633297,0.0004917000187560916,0.0009118999587371945,0.0002440999960526824,0.00010579999070614576,6.630003917962313e-05,,,,,,,,,,,
cora,0.5,0,0.0,all,2485,Degree-stratified RP,10,10,17,7,1,by_dim,0.004072000039741397,0.0816740000154823,0.0857460000552237,,0.004000999964773655,0.09810355015432054,0.1596742091665295,0.34116228270413085,,,,,,,,0.0002620000159367919,0.001395000028423965,0.0011869999580085278,0.0007485999958589673,0.00024990004021674395,9.139999747276306e-05,6.7099928855896e-05,8.0,1.0,3.0,"[1,2):n=354,ell=2;[2,4):n=1070,ell=3;[4,8):n=859,ell=3;[8,16):n=155,ell=2;[16,32):n=35,ell=2;[32,64):n=8,ell=2;[64,128):n=3,ell=2;[128,256):n=1,ell=1"
cora,0.5,0,0.0,low_deg_1_2,899,Degree-stratified RP,10,10,17,7,1,by_dim,0.004072000039741397,0.0816740000154823,0.0857460000552237,,0.004000999964773655,0.05661694742789573,0.12496137917173927,0.29604204056997735,,,,,,,,0.0002620000159367919,0.001395000028423965,0.0011869999580085278,0.0007485999958589673,0.00024990004021674395,9.139999747276306e-05,6.7099928855896e-05,8.0,1.0,3.0,"[1,2):n=354,ell=2;[2,4):n=1070,ell=3;[4,8):n=859,ell=3;[8,16):n=155,ell=2;[16,32):n=35,ell=2;[32,64):n=8,ell=2;[64,128):n=3,ell=2;[128,256):n=1,ell=1"
cora,0.5,0,0.0,mid_deg_3_8,1439,Degree-stratified RP,10,10,17,7,1,by_dim,0.004072000039741397,0.0816740000154823,0.0857460000552237,,0.004000999964773655,0.12037519711040415,0.1832573767169623,0.35595943012549897,,,,,,,,0.0002620000159367919,0.001395000028423965,0.0011869999580085278,0.0007485999958589673,0.00024990004021674395,9.139999747276306e-05,6.7099928855896e-05,8.0,1.0,3.0,"[1,2):n=354,ell=2;[2,4):n=1070,ell=3;[4,8):n=859,ell=3;[8,16):n=155,ell=2;[16,32):n=35,ell=2;[32,64):n=8,ell=2;[64,128):n=3,ell=2;[128,256):n=1,ell=1"
cora,0.5,0,0.0,high_deg_9_plus,147,Degree-stratified RP,10,10,17,7,1,by_dim,0.004072000039741397,0.0816740000154823,0.0857460000552237,,0.004000999964773655,0.18956316021312755,0.31748095345944577,0.4301483410880325,,,,,,,,0.0002620000159367919,0.001395000028423965,0.0011869999580085278,0.0007485999958589673,0.00024990004021674395,9.139999747276306e-05,6.7099928855896e-05,8.0,1.0,3.0,"[1,2):n=354,ell=2;[2,4):n=1070,ell=3;[4,8):n=859,ell=3;[8,16):n=155,ell=2;[16,32):n=35,ell=2;[32,64):n=8,ell=2;[64,128):n=3,ell=2;[128,256):n=1,ell=1"
cora,0.5,0,0.0,all,2485,Exact spectral,1,20,7,7,1,by_dim,0.0715158999664709,0.05015070002991706,0.12166659999638796,0.0715158999664709,0.0715158999664709,0.23820969921575666,0.39526302071691116,0.2787318543368127,,,,,,,,,,,,,,,,,,
cora,0.5,0,0.0,low_deg_1_2,899,Exact spectral,1,20,7,7,1,by_dim,0.0715158999664709,0.05015070002991706,0.12166659999638796,0.0715158999664709,0.0715158999664709,0.21966094372704997,0.3727507006703191,0.2893541925142974,,,,,,,,,,,,,,,,,,
cora,0.5,0,0.0,mid_deg_3_8,1439,Exact spectral,1,20,7,7,1,by_dim,0.0715158999664709,0.05015070002991706,0.12166659999638796,0.0715158999664709,0.0715158999664709,0.24335018012654022,0.40828048921210214,0.27223469929152183,,,,,,,,,,,,,,,,,,
cora,0.5,0,0.0,high_deg_9_plus,147,Exact spectral,1,20,7,7,1,by_dim,0.0715158999664709,0.05015070002991706,0.12166659999638796,0.0715158999664709,0.0715158999664709,0.3205538580908599,0.5166168415530322,0.2856052476025962,,,,,,,,,,,,,,,,,,
cora,0.5,0,0.0,all,2485,Gaussian RP,1,20,27,7,1,by_dim,0.004690099973231554,0.11291849997360259,0.11760859994683415,,0.004671600298024714,0.017350817931488596,0.02908095497164184,0.21444604888787017,0.000593900098465383,0.19245008972987526,0.000673700007610023,0.0021439000265672803,0.00048120005521923304,0.0006904000183567405,8.850009180605412e-05,,,,,,,,,,,
cora,0.5,0,0.0,low_deg_1_2,899,Gaussian RP,1,20,27,7,1,by_dim,0.004690099973231554,0.11291849997360259,0.11760859994683415,,0.004671600298024714,0.018837308982013447,0.033574640259268936,0.20967500334715303,0.000593900098465383,0.19245008972987526,0.000673700007610023,0.0021439000265672803,0.00048120005521923304,0.0006904000183567405,8.850009180605412e-05,,,,,,,,,,,
cora,0.5,0,0.0,mid_deg_3_8,1439,Gaussian RP,1,20,27,7,1,by_dim,0.004690099973231554,0.11291849997360259,0.11760859994683415,,0.004671600298024714,0.019289737642496828,0.0371168951844677,0.21302182240215276,0.000593900098465383,0.19245008972987526,0.000673700007610023,0.0021439000265672803,0.00048120005521923304,0.0006904000183567405,8.850009180605412e-05,,,,,,,,,,,
cora,0.5,0,0.0,high_deg_9_plus,147,Gaussian RP,1,20,27,7,1,by_dim,0.004690099973231554,0.11291849997360259,0.11760859994683415,,0.004671600298024714,0.01943447523385864,0.11347383909927128,0.2638779908244896,0.000593900098465383,0.19245008972987526,0.000673700007610023,0.0021439000265672803,0.00048120005521923304,0.0006904000183567405,8.850009180605412e-05,,,,,,,,,,,
cora,0.5,0,0.0,all,2485,Degree-stratified RP,1,20,27,7,1,by_dim,0.006886499933898449,0.09257280000019819,0.09945929993409663,,0.006815400090999901,0.12393922247102572,0.18852023156621364,0.3953104833662628,,,,,,,,0.0002631000243127346,0.0014213999966159463,0.0023318000603467226,0.0020728999515995383,0.00036990002263337374,0.0002794000320136547,7.690000347793102e-05,8.0,2.0,6.0,"[1,2):n=354,ell=3;[2,4):n=1070,ell=5;[4,8):n=859,ell=6;[8,16):n=155,ell=4;[16,32):n=35,ell=3;[32,64):n=8,ell=2;[64,128):n=3,ell=2;[128,256):n=1,ell=2"
cora,0.5,0,0.0,low_deg_1_2,899,Degree-stratified RP,1,20,27,7,1,by_dim,0.006886499933898449,0.09257280000019819,0.09945929993409663,,0.006815400090999901,0.07941689049742592,0.13602440578955638,0.3530270434889385,,,,,,,,0.0002631000243127346,0.0014213999966159463,0.0023318000603467226,0.0020728999515995383,0.00036990002263337374,0.0002794000320136547,7.690000347793102e-05,8.0,2.0,6.0,"[1,2):n=354,ell=3;[2,4):n=1070,ell=5;[4,8):n=859,ell=6;[8,16):n=155,ell=4;[16,32):n=35,ell=3;[32,64):n=8,ell=2;[64,128):n=3,ell=2;[128,256):n=1,ell=2"
cora,0.5,0,0.0,mid_deg_3_8,1439,Degree-stratified RP,1,20,27,7,1,by_dim,0.006886499933898449,0.09257280000019819,0.09945929993409663,,0.006815400090999901,0.15209823082378057,0.2208595935110828,0.41250131206600976,,,,,,,,0.0002631000243127346,0.0014213999966159463,0.0023318000603467226,0.0020728999515995383,0.00036990002263337374,0.0002794000320136547,7.690000347793102e-05,8.0,2.0,6.0,"[1,2):n=354,ell=3;[2,4):n=1070,ell=5;[4,8):n=859,ell=6;[8,16):n=155,ell=4;[16,32):n=35,ell=3;[32,64):n=8,ell=2;[64,128):n=3,ell=2;[128,256):n=1,ell=2"
cora,0.5,0,0.0,high_deg_9_plus,147,Degree-stratified RP,1,20,27,7,1,by_dim,0.006886499933898449,0.09257280000019819,0.09945929993409663,,0.006815400090999901,0.22246843029174507,0.3458004160930022,0.47649678742912516,,,,,,,,0.0002631000243127346,0.0014213999966159463,0.0023318000603467226,0.0020728999515995383,0.00036990002263337374,0.0002794000320136547,7.690000347793102e-05,8.0,2.0,6.0,"[1,2):n=354,ell=3;[2,4):n=1070,ell=5;[4,8):n=859,ell=6;[8,16):n=155,ell=4;[16,32):n=35,ell=3;[32,64):n=8,ell=2;[64,128):n=3,ell=2;[128,256):n=1,ell=2"
cora,0.5,0,0.0,all,2485,Exact spectral,2,20,7,7,1,by_dim,0.0715158999664709,0.052584600052796304,0.1241005000192672,0.0715158999664709,0.0715158999664709,0.23809149485697814,0.3948063231111481,0.2787011493326403,,,,,,,,,,,,,,,,,,
cora,0.5,0,0.0,low_deg_1_2,899,Exact spectral,2,20,7,7,1,by_dim,0.0715158999664709,0.052584600052796304,0.1241005000192672,0.0715158999664709,0.0715158999664709,0.21966094372704997,0.3727507006703191,0.2893541925142974,,,,,,,,,,,,,,,,,,
cora,0.5,0,0.0,mid_deg_3_8,1439,Exact spectral,2,20,7,7,1,by_dim,0.0715158999664709,0.052584600052796304,0.1241005000192672,0.0715158999664709,0.0715158999664709,0.24335018012654022,0.40828048921210225,0.27223469929152183,,,,,,,,,,,,,,,,,,
cora,0.5,0,0.0,high_deg_9_plus,147,Exact spectral,2,20,7,7,1,by_dim,0.0715158999664709,0.052584600052796304,0.1241005000192672,0.0715158999664709,0.0715158999664709,0.3185421893313252,0.5042959100631869,0.2847414234511009,,,,,,,,,,,,,,,,,,
cora,0.5,0,0.0,all,2485,Gaussian RP,2,20,27,7,1,by_dim,0.004430699977092445,0.1372426999732852,0.14167339995037764,,0.004411200061440468,0.009960400975134062,0.02424375650646685,0.1860670833368229,0.0005970000056549907,0.19245008972987526,0.0008048000745475292,0.0021967999637126923,0.0004385999636724591,0.00028849998489022255,8.5500068962574e-05,,,,,,,,,,,
cora,0.5,0,0.0,low_deg_1_2,899,Gaussian RP,2,20,27,7,1,by_dim,0.004430699977092445,0.1372426999732852,0.14167339995037764,,0.004411200061440468,0.01105884405587308,0.028615575654546047,0.1862372137956356,0.0005970000056549907,0.19245008972987526,0.0008048000745475292,0.0021967999637126923,0.0004385999636724591,0.00028849998489022255,8.5500068962574e-05,,,,,,,,,,,
cora,0.5,0,0.0,mid_deg_3_8,1439,Gaussian RP,2,20,27,7,1,by_dim,0.004430699977092445,0.1372426999732852,0.14167339995037764,,0.004411200061440468,0.011999686598152563,0.03199263846783671,0.1949335070264478,0.0005970000056549907,0.19245008972987526,0.0008048000745475292,0.0021967999637126923,0.0004385999636724591,0.00028849998489022255,8.5500068962574e-05,,,,,,,,,,,
cora,0.5,0,0.0,high_deg_9_plus,147,Gaussian RP,2,20,27,7,1,by_dim,0.004430699977092445,0.1372426999732852,0.14167339995037764,,0.004411200061440468,0.0288367743114769,0.1324947783795279,0.2641168897690637,0.0005970000056549907,0.19245008972987526,0.0008048000745475292,0.0021967999637126923,0.0004385999636724591,0.00028849998489022255,8.5500068962574e-05,,,,,,,,,,,
cora,0.5,0,0.0,all,2485,Degree-stratified RP,2,20,27,7,1,by_dim,0.0065902000060305,0.09883469995111227,0.10542489995714277,,0.006512799998745322,0.11445635381270568,0.17354708354902162,0.3715688296332166,,,,,,,,0.00018089998047798872,0.0015210999408736825,0.002304700086824596,0.001667899894528091,0.00044460000935941935,0.00030150008387863636,9.210000280290842e-05,8.0,2.0,6.0,"[1,2):n=354,ell=3;[2,4):n=1070,ell=5;[4,8):n=859,ell=6;[8,16):n=155,ell=4;[16,32):n=35,ell=3;[32,64):n=8,ell=2;[64,128):n=3,ell=2;[128,256):n=1,ell=2"
cora,0.5,0,0.0,low_deg_1_2,899,Degree-stratified RP,2,20,27,7,1,by_dim,0.0065902000060305,0.09883469995111227,0.10542489995714277,,0.006512799998745322,0.058096336610485216,0.11669437898828137,0.3160694000199785,,,,,,,,0.00018089998047798872,0.0015210999408736825,0.002304700086824596,0.001667899894528091,0.00044460000935941935,0.00030150008387863636,9.210000280290842e-05,8.0,2.0,6.0,"[1,2):n=354,ell=3;[2,4):n=1070,ell=5;[4,8):n=859,ell=6;[8,16):n=155,ell=4;[16,32):n=35,ell=3;[32,64):n=8,ell=2;[64,128):n=3,ell=2;[128,256):n=1,ell=2"
cora,0.5,0,0.0,mid_deg_3_8,1439,Degree-stratified RP,2,20,27,7,1,by_dim,0.0065902000060305,0.09883469995111227,0.10542489995714277,,0.006512799998745322,0.14520750702243262,0.20352628275983647,0.3893730886592911,,,,,,,,0.00018089998047798872,0.0015210999408736825,0.002304700086824596,0.001667899894528091,0.00044460000935941935,0.00030150008387863636,9.210000280290842e-05,8.0,2.0,6.0,"[1,2):n=354,ell=3;[2,4):n=1070,ell=5;[4,8):n=859,ell=6;[8,16):n=155,ell=4;[16,32):n=35,ell=3;[32,64):n=8,ell=2;[64,128):n=3,ell=2;[128,256):n=1,ell=2"
cora,0.5,0,0.0,high_deg_9_plus,147,Degree-stratified RP,2,20,27,7,1,by_dim,0.0065902000060305,0.09883469995111227,0.10542489995714277,,0.006512799998745322,0.27725497579259806,0.4335662647463126,0.5010358379403702,,,,,,,,0.00018089998047798872,0.0015210999408736825,0.002304700086824596,0.001667899894528091,0.00044460000935941935,0.00030150008387863636,9.210000280290842e-05,8.0,2.0,6.0,"[1,2):n=354,ell=3;[2,4):n=1070,ell=5;[4,8):n=859,ell=6;[8,16):n=155,ell=4;[16,32):n=35,ell=3;[32,64):n=8,ell=2;[64,128):n=3,ell=2;[128,256):n=1,ell=2"
cora,0.5,0,0.0,all,2485,Exact spectral,3,20,7,7,1,by_dim,0.0715158999664709,0.04521070001646876,0.11672659998293966,0.0715158999664709,0.0715158999664709,0.23820969921575666,0.39526302071691116,0.2787318543368127,,,,,,,,,,,,,,,,,,
cora,0.5,0,0.0,low_deg_1_2,899,Exact spectral,3,20,7,7,1,by_dim,0.0715158999664709,0.04521070001646876,0.11672659998293966,0.0715158999664709,0.0715158999664709,0.21966094372704997,0.3727507006703191,0.2893541925142974,,,,,,,,,,,,,,,,,,
cora,0.5,0,0.0,mid_deg_3_8,1439,Exact spectral,3,20,7,7,1,by_dim,0.0715158999664709,0.04521070001646876,0.11672659998293966,0.0715158999664709,0.0715158999664709,0.24335018012654022,0.40828048921210214,0.27223469929152183,,,,,,,,,,,,,,,,,,
cora,0.5,0,0.0,high_deg_9_plus,147,Exact spectral,3,20,7,7,1,by_dim,0.0715158999664709,0.04521070001646876,0.11672659998293966,0.0715158999664709,0.0715158999664709,0.3205538580908599,0.5166168415530322,0.2856052476025962,,,,,,,,,,,,,,,,,,
cora,0.5,0,0.0,all,2485,Gaussian RP,3,20,27,7,1,by_dim,0.004010500037111342,0.11711480002850294,0.12112530006561428,,0.003995499922893941,0.028055261424417804,0.053413714934911614,0.24231073597443425,0.0005972000071778893,0.19245008972987526,0.0007587999571114779,0.0018625999800860882,0.00041930004954338074,0.00027249997947365046,8.509994950145483e-05,,,,,,,,,,,
cora,0.5,0,0.0,low_deg_1_2,899,Gaussian RP,3,20,27,7,1,by_dim,0.004010500037111342,0.11711480002850294,0.12112530006561428,,0.003995499922893941,0.01646180191943158,0.03715841521751251,0.22836444309783027,0.0005972000071778893,0.19245008972987526,0.0007587999571114779,0.0018625999800860882,0.00041930004954338074,0.00027249997947365046,8.509994950145483e-05,,,,,,,,,,,
cora,0.5,0,0.0,mid_deg_3_8,1439,Gaussian RP,3,20,27,7,1,by_dim,0.004010500037111342,0.11711480002850294,0.12112530006561428,,0.003995499922893941,0.03338394712879449,0.06662585455235578,0.2578791206064694,0.0005972000071778893,0.19245008972987526,0.0007587999571114779,0.0018625999800860882,0.00041930004954338074,0.00027249997947365046,8.509994950145483e-05,,,,,,,,,,,
cora,0.5,0,0.0,high_deg_9_plus,147,Gaussian RP,3,20,27,7,1,by_dim,0.004010500037111342,0.11711480002850294,0.12112530006561428,,0.003995499922893941,0.09958107310742749,0.20602497236130024,0.3352976181282722,0.0005972000071778893,0.19245008972987526,0.0007587999571114779,0.0018625999800860882,0.00041930004954338074,0.00027249997947365046,8.509994950145483e-05,,,,,,,,,,,
cora,0.5,0,0.0,all,2485,Degree-stratified RP,3,20,27,7,1,by_dim,0.007013299968093634,0.10239250003360212,0.10940580000169575,,0.006950899958610535,0.09305176604200749,0.15177437764567198,0.3354015863538515,,,,,,,,0.00028789998032152653,0.0018635999877005816,0.0023122000275179744,0.0016824998892843723,0.00043480005115270615,0.0002845999551936984,8.530006743967533e-05,8.0,2.0,6.0,"[1,2):n=354,ell=3;[2,4):n=1070,ell=5;[4,8):n=859,ell=6;[8,16):n=155,ell=4;[16,32):n=35,ell=3;[32,64):n=8,ell=2;[64,128):n=3,ell=2;[128,256):n=1,ell=2"
cora,0.5,0,0.0,low_deg_1_2,899,Degree-stratified RP,3,20,27,7,1,by_dim,0.007013299968093634,0.10239250003360212,0.10940580000169575,,0.006950899958610535,0.04616650321617664,0.10977871657657154,0.29423488377952073,,,,,,,,0.00028789998032152653,0.0018635999877005816,0.0023122000275179744,0.0016824998892843723,0.00043480005115270615,0.0002845999551936984,8.530006743967533e-05,8.0,2.0,6.0,"[1,2):n=354,ell=3;[2,4):n=1070,ell=5;[4,8):n=859,ell=6;[8,16):n=155,ell=4;[16,32):n=35,ell=3;[32,64):n=8,ell=2;[64,128):n=3,ell=2;[128,256):n=1,ell=2"
cora,0.5,0,0.0,mid_deg_3_8,1439,Degree-stratified RP,3,20,27,7,1,by_dim,0.007013299968093634,0.10239250003360212,0.10940580000169575,,0.006950899958610535,0.12084620263668418,0.17833303799651865,0.35605446572467414,,,,,,,,0.00028789998032152653,0.0018635999877005816,0.0023122000275179744,0.0016824998892843723,0.00043480005115270615,0.0002845999551936984,8.530006743967533e-05,8.0,2.0,6.0,"[1,2):n=354,ell=3;[2,4):n=1070,ell=5;[4,8):n=859,ell=6;[8,16):n=155,ell=4;[16,32):n=35,ell=3;[32,64):n=8,ell=2;[64,128):n=3,ell=2;[128,256):n=1,ell=2"
cora,0.5,0,0.0,high_deg_9_plus,147,Degree-stratified RP,3,20,27,7,1,by_dim,0.007013299968093634,0.10239250003360212,0.10940580000169575,,0.006950899958610535,0.23501602347063483,0.3512107279372143,0.43640999523352464,,,,,,,,0.00028789998032152653,0.0018635999877005816,0.0023122000275179744,0.0016824998892843723,0.00043480005115270615,0.0002845999551936984,8.530006743967533e-05,8.0,2.0,6.0,"[1,2):n=354,ell=3;[2,4):n=1070,ell=5;[4,8):n=859,ell=6;[8,16):n=155,ell=4;[16,32):n=35,ell=3;[32,64):n=8,ell=2;[64,128):n=3,ell=2;[128,256):n=1,ell=2"
cora,0.5,0,0.0,all,2485,Exact spectral,4,20,7,7,1,by_dim,0.0715158999664709,0.035049399943090975,0.10656529990956187,0.0715158999664709,0.0715158999664709,0.23820969921575666,0.3952630207169111,0.2787318543368127,,,,,,,,,,,,,,,,,,
cora,0.5,0,0.0,low_deg_1_2,899,Exact spectral,4,20,7,7,1,by_dim,0.0715158999664709,0.035049399943090975,0.10656529990956187,0.0715158999664709,0.0715158999664709,0.21966094372704997,0.37275070067031907,0.2893541925142974,,,,,,,,,,,,,,,,,,
cora,0.5,0,0.0,mid_deg_3_8,1439,Exact spectral,4,20,7,7,1,by_dim,0.0715158999664709,0.035049399943090975,0.10656529990956187,0.0715158999664709,0.0715158999664709,0.24335018012654022,0.40828048921210225,0.27223469929152183,,,,,,,,,,,,,,,,,,
cora,0.5,0,0.0,high_deg_9_plus,147,Exact spectral,4,20,7,7,1,by_dim,0.0715158999664709,0.035049399943090975,0.10656529990956187,0.0715158999664709,0.0715158999664709,0.3205538580908599,0.5166168415530322,0.2856052476025962,,,,,,,,,,,,,,,,,,
cora,0.5,0,0.0,all,2485,Gaussian RP,4,20,27,7,1,by_dim,0.0036482999566942453,0.11820310004986823,0.12185140000656247,,0.003631099942140281,0.016028815305706087,0.031649311471998134,0.20740184581256624,0.0006093999836593866,0.19245008972987526,0.000622499966993928,0.0017173000378534198,0.00027439999394118786,0.0003215000033378601,8.599995635449886e-05,,,,,,,,,,,
cora,0.5,0,0.0,low_deg_1_2,899,Gaussian RP,4,20,27,7,1,by_dim,0.0036482999566942453,0.11820310004986823,0.12185140000656247,,0.003631099942140281,0.006670442607260778,0.02505034842479964,0.19356349905244322,0.0006093999836593866,0.19245008972987526,0.000622499966993928,0.0017173000378534198,0.00027439999394118786,0.0003215000033378601,8.599995635449886e-05,,,,,,,,,,,
cora,0.5,0,0.0,mid_deg_3_8,1439,Gaussian RP,4,20,27,7,1,by_dim,0.0036482999566942453,0.11820310004986823,0.12185140000656247,,0.003631099942140281,0.020097423580205834,0.038654116172296284,0.2159464176851709,0.0006093999836593866,0.19245008972987526,0.000622499966993928,0.0017173000378534198,0.00027439999394118786,0.0003215000033378601,8.599995635449886e-05,,,,,,,,,,,
cora,0.5,0,0.0,high_deg_9_plus,147,Gaussian RP,4,20,27,7,1,by_dim,0.0036482999566942453,0.11820310004986823,0.12185140000656247,,0.003631099942140281,0.021228775939529095,0.1135984359212245,0.2310995821947113,0.0006093999836593866,0.19245008972987526,0.000622499966993928,0.0017173000378534198,0.00027439999394118786,0.0003215000033378601,8.599995635449886e-05,,,,,,,,,,,
cora,0.5,0,0.0,all,2485,Degree-stratified RP,4,20,27,7,1,by_dim,0.006173499976284802,0.08616519998759031,0.09233869996387511,,0.006113299983553588,0.10862478132619834,0.1635331493755267,0.3463797763339331,,,,,,,,0.0002647999208420515,0.0013027000240981579,0.0021907000336796045,0.001590800005942583,0.00039409997407346964,0.0002855999628081918,8.460006210952997e-05,8.0,2.0,6.0,"[1,2):n=354,ell=3;[2,4):n=1070,ell=5;[4,8):n=859,ell=6;[8,16):n=155,ell=4;[16,32):n=35,ell=3;[32,64):n=8,ell=2;[64,128):n=3,ell=2;[128,256):n=1,ell=2"
cora,0.5,0,0.0,low_deg_1_2,899,Degree-stratified RP,4,20,27,7,1,by_dim,0.006173499976284802,0.08616519998759031,0.09233869996387511,,0.006113299983553588,0.06599956807407663,0.12049031841078503,0.3268849359857809,,,,,,,,0.0002647999208420515,0.0013027000240981579,0.0021907000336796045,0.001590800005942583,0.00039409997407346964,0.0002855999628081918,8.460006210952997e-05,8.0,2.0,6.0,"[1,2):n=354,ell=3;[2,4):n=1070,ell=5;[4,8):n=859,ell=6;[8,16):n=155,ell=4;[16,32):n=35,ell=3;[32,64):n=8,ell=2;[64,128):n=3,ell=2;[128,256):n=1,ell=2"
cora,0.5,0,0.0,mid_deg_3_8,1439,Degree-stratified RP,4,20,27,7,1,by_dim,0.006173499976284802,0.08616519998759031,0.09233869996387511,,0.006113299983553588,0.13603808001855214,0.19027333897867602,0.377298159452521,,,,,,,,0.0002647999208420515,0.0013027000240981579,0.0021907000336796045,0.001590800005942583,0.00039409997407346964,0.0002855999628081918,8.460006210952997e-05,8.0,2.0,6.0,"[1,2):n=354,ell=3;[2,4):n=1070,ell=5;[4,8):n=859,ell=6;[8,16):n=155,ell=4;[16,32):n=35,ell=3;[32,64):n=8,ell=2;[64,128):n=3,ell=2;[128,256):n=1,ell=2"
cora,0.5,0,0.0,high_deg_9_plus,147,Degree-stratified RP,4,20,27,7,1,by_dim,0.006173499976284802,0.08616519998759031,0.09233869996387511,,0.006113299983553588,0.24075390918284018,0.36734011671054484,0.4605955102442193,,,,,,,,0.0002647999208420515,0.0013027000240981579,0.0021907000336796045,0.001590800005942583,0.00039409997407346964,0.0002855999628081918,8.460006210952997e-05,8.0,2.0,6.0,"[1,2):n=354,ell=3;[2,4):n=1070,ell=5;[4,8):n=859,ell=6;[8,16):n=155,ell=4;[16,32):n=35,ell=3;[32,64):n=8,ell=2;[64,128):n=3,ell=2;[128,256):n=1,ell=2"
cora,0.5,0,0.0,all,2485,Exact spectral,5,20,7,7,1,by_dim,0.0715158999664709,0.046123499982059,0.1176393999485299,0.0715158999664709,0.0715158999664709,0.23820969921575666,0.3952630207169111,0.2787318543368127,,,,,,,,,,,,,,,,,,
cora,0.5,0,0.0,low_deg_1_2,899,Exact spectral,5,20,7,7,1,by_dim,0.0715158999664709,0.046123499982059,0.1176393999485299,0.0715158999664709,0.0715158999664709,0.21966094372704997,0.37275070067031907,0.2893541925142974,,,,,,,,,,,,,,,,,,
cora,0.5,0,0.0,mid_deg_3_8,1439,Exact spectral,5,20,7,7,1,by_dim,0.0715158999664709,0.046123499982059,0.1176393999485299,0.0715158999664709,0.0715158999664709,0.24335018012654022,0.40828048921210214,0.27223469929152183,,,,,,,,,,,,,,,,,,
cora,0.5,0,0.0,high_deg_9_plus,147,Exact spectral,5,20,7,7,1,by_dim,0.0715158999664709,0.046123499982059,0.1176393999485299,0.0715158999664709,0.0715158999664709,0.3205538580908599,0.5166168415530322,0.2856052476025962,,,,,,,,,,,,,,,,,,
cora,0.5,0,0.0,all,2485,Gaussian RP,5,20,27,7,1,by_dim,0.004514799918979406,0.1311324000125751,0.1356471999315545,,0.004496400011703372,0.015230804450197134,0.03506903862132401,0.2137924707208892,0.0006339999381452799,0.19245008972987526,0.0006835999665781856,0.0023799000773578882,0.00042860000394284725,0.0002720000920817256,9.829993359744549e-05,,,,,,,,,,,
cora,0.5,0,0.0,low_deg_1_2,899,Gaussian RP,5,20,27,7,1,by_dim,0.004514799918979406,0.1311324000125751,0.1356471999315545,,0.004496400011703372,0.0063845658480702425,0.025383492509855055,0.18461125454855817,0.0006339999381452799,0.19245008972987526,0.0006835999665781856,0.0023799000773578882,0.00042860000394284725,0.0002720000920817256,9.829993359744549e-05,,,,,,,,,,,
cora,0.5,0,0.0,mid_deg_3_8,1439,Gaussian RP,5,20,27,7,1,by_dim,0.004514799918979406,0.1311324000125751,0.1356471999315545,,0.004496400011703372,0.01946544878923144,0.04522901406859054,0.2355639601083293,0.0006339999381452799,0.19245008972987526,0.0006835999665781856,0.0023799000773578882,0.00042860000394284725,0.0002720000920817256,9.829993359744549e-05,,,,,,,,,,,
cora,0.5,0,0.0,high_deg_9_plus,147,Gaussian RP,5,20,27,7,1,by_dim,0.004514799918979406,0.1311324000125751,0.1356471999315545,,0.004496400011703372,0.023962817604580966,0.1279940546169707,0.250583072818335,0.0006339999381452799,0.19245008972987526,0.0006835999665781856,0.0023799000773578882,0.00042860000394284725,0.0002720000920817256,9.829993359744549e-05,,,,,,,,,,,
cora,0.5,0,0.0,all,2485,Degree-stratified RP,5,20,27,7,1,by_dim,0.009211100055836141,0.1237466000020504,0.13295770005788654,,0.00911609991453588,0.10299469986855103,0.16042851660454588,0.35434125571948705,,,,,,,,0.0002541999565437436,0.001586400088854134,0.0034103998914361,0.0021183000644668937,0.0013478000182658434,0.00030529999639838934,9.369989857077599e-05,8.0,2.0,6.0,"[1,2):n=354,ell=3;[2,4):n=1070,ell=5;[4,8):n=859,ell=6;[8,16):n=155,ell=4;[16,32):n=35,ell=3;[32,64):n=8,ell=2;[64,128):n=3,ell=2;[128,256):n=1,ell=2"
cora,0.5,0,0.0,low_deg_1_2,899,Degree-stratified RP,5,20,27,7,1,by_dim,0.009211100055836141,0.1237466000020504,0.13295770005788654,,0.00911609991453588,0.04879224851546277,0.11238144529871427,0.291838583318338,,,,,,,,0.0002541999565437436,0.001586400088854134,0.0034103998914361,0.0021183000644668937,0.0013478000182658434,0.00030529999639838934,9.369989857077599e-05,8.0,2.0,6.0,"[1,2):n=354,ell=3;[2,4):n=1070,ell=5;[4,8):n=859,ell=6;[8,16):n=155,ell=4;[16,32):n=35,ell=3;[32,64):n=8,ell=2;[64,128):n=3,ell=2;[128,256):n=1,ell=2"
cora,0.5,0,0.0,mid_deg_3_8,1439,Degree-stratified RP,5,20,27,7,1,by_dim,0.009211100055836141,0.1237466000020504,0.13295770005788654,,0.00911609991453588,0.13533795702929916,0.19440310399770866,0.3795119558211538,,,,,,,,0.0002541999565437436,0.001586400088854134,0.0034103998914361,0.0021183000644668937,0.0013478000182658434,0.00030529999639838934,9.369989857077599e-05,8.0,2.0,6.0,"[1,2):n=354,ell=3;[2,4):n=1070,ell=5;[4,8):n=859,ell=6;[8,16):n=155,ell=4;[16,32):n=35,ell=3;[32,64):n=8,ell=2;[64,128):n=3,ell=2;[128,256):n=1,ell=2"
cora,0.5,0,0.0,high_deg_9_plus,147,Degree-stratified RP,5,20,27,7,1,by_dim,0.009211100055836141,0.1237466000020504,0.13295770005788654,,0.00911609991453588,0.2193431268519535,0.3177829402653228,0.42116773065815466,,,,,,,,0.0002541999565437436,0.001586400088854134,0.0034103998914361,0.0021183000644668937,0.0013478000182658434,0.00030529999639838934,9.369989857077599e-05,8.0,2.0,6.0,"[1,2):n=354,ell=3;[2,4):n=1070,ell=5;[4,8):n=859,ell=6;[8,16):n=155,ell=4;[16,32):n=35,ell=3;[32,64):n=8,ell=2;[64,128):n=3,ell=2;[128,256):n=1,ell=2"
cora,0.5,0,0.0,all,2485,Exact spectral,6,20,7,7,1,by_dim,0.0715158999664709,0.05004969995934516,0.12156559992581606,0.0715158999664709,0.0715158999664709,0.23845110263258662,0.39525629799554224,0.2788950331905623,,,,,,,,,,,,,,,,,,
cora,0.5,0,0.0,low_deg_1_2,899,Exact spectral,6,20,7,7,1,by_dim,0.0715158999664709,0.05004969995934516,0.12156559992581606,0.0715158999664709,0.0715158999664709,0.21966094372704997,0.37275070067031907,0.2893541925142974,,,,,,,,,,,,,,,,,,
cora,0.5,0,0.0,mid_deg_3_8,1439,Exact spectral,6,20,7,7,1,by_dim,0.0715158999664709,0.05004969995934516,0.12156559992581606,0.0715158999664709,0.0715158999664709,0.2437093436744324,0.4082797297165913,0.27253620953369634,,,,,,,,,,,,,,,,,,
cora,0.5,0,0.0,high_deg_9_plus,147,Exact spectral,6,20,7,7,1,by_dim,0.0715158999664709,0.05004969995934516,0.12156559992581606,0.0715158999664709,0.0715158999664709,0.3205538580908599,0.5166168415530322,0.2856052476025962,,,,,,,,,,,,,,,,,,
cora,0.5,0,0.0,all,2485,Gaussian RP,6,20,27,7,1,by_dim,0.003731300006620586,0.14843399997334927,0.15216529997996986,,0.0037141001084819436,0.010499928191784757,0.023511425611135308,0.19155710807167187,0.0005292000714689493,0.19245008972987526,0.000631400034762919,0.001752199954353273,0.00042660010512918234,0.00028769997879862785,8.699996396899223e-05,,,,,,,,,,,
cora,0.5,0,0.0,low_deg_1_2,899,Gaussian RP,6,20,27,7,1,by_dim,0.003731300006620586,0.14843399997334927,0.15216529997996986,,0.0037141001084819436,0.012409310120127472,0.032121926693234396,0.19794494443427446,0.0005292000714689493,0.19245008972987526,0.000631400034762919,0.001752199954353273,0.00042660010512918234,0.00028769997879862785,8.699996396899223e-05,,,,,,,,,,,
cora,0.5,0,0.0,mid_deg_3_8,1439,Gaussian RP,6,20,27,7,1,by_dim,0.003731300006620586,0.14843399997334927,0.15216529997996986,,0.0037141001084819436,0.015828249949909244,0.03381949752907428,0.2114363847460161,0.0005292000714689493,0.19245008972987526,0.000631400034762919,0.001752199954353273,0.00042660010512918234,0.00028769997879862785,8.699996396899223e-05,,,,,,,,,,,
cora,0.5,0,0.0,high_deg_9_plus,147,Gaussian RP,6,20,27,7,1,by_dim,0.003731300006620586,0.14843399997334927,0.15216529997996986,,0.0037141001084819436,0.025713278068668553,0.12411101931798872,0.29097236097236095,0.0005292000714689493,0.19245008972987526,0.000631400034762919,0.001752199954353273,0.00042660010512918234,0.00028769997879862785,8.699996396899223e-05,,,,,,,,,,,
cora,0.5,0,0.0,all,2485,Degree-stratified RP,6,20,27,7,1,by_dim,0.009078699978999794,0.09884390002116561,0.1079226000001654,,0.008987500099465251,0.10947998188969335,0.17735196819046684,0.4009764182396878,,,,,,,,0.00031910010147839785,0.001923500094562769,0.003353599924594164,0.0020869000582024455,0.0009260999504476786,0.00029310001991689205,8.519995026290417e-05,8.0,2.0,6.0,"[1,2):n=354,ell=3;[2,4):n=1070,ell=5;[4,8):n=859,ell=6;[8,16):n=155,ell=4;[16,32):n=35,ell=3;[32,64):n=8,ell=2;[64,128):n=3,ell=2;[128,256):n=1,ell=2"
cora,0.5,0,0.0,low_deg_1_2,899,Degree-stratified RP,6,20,27,7,1,by_dim,0.009078699978999794,0.09884390002116561,0.1079226000001654,,0.008987500099465251,0.061513958604651274,0.12919235597243076,0.3433190288951877,,,,,,,,0.00031910010147839785,0.001923500094562769,0.003353599924594164,0.0020869000582024455,0.0009260999504476786,0.00029310001991689205,8.519995026290417e-05,8.0,2.0,6.0,"[1,2):n=354,ell=3;[2,4):n=1070,ell=5;[4,8):n=859,ell=6;[8,16):n=155,ell=4;[16,32):n=35,ell=3;[32,64):n=8,ell=2;[64,128):n=3,ell=2;[128,256):n=1,ell=2"
cora,0.5,0,0.0,mid_deg_3_8,1439,Degree-stratified RP,6,20,27,7,1,by_dim,0.009078699978999794,0.09884390002116561,0.1079226000001654,,0.008987500099465251,0.13541264864209646,0.20997484219791263,0.4155358030328644,,,,,,,,0.00031910010147839785,0.001923500094562769,0.003353599924594164,0.0020869000582024455,0.0009260999504476786,0.00029310001991689205,8.519995026290417e-05,8.0,2.0,6.0,"[1,2):n=354,ell=3;[2,4):n=1070,ell=5;[4,8):n=859,ell=6;[8,16):n=155,ell=4;[16,32):n=35,ell=3;[32,64):n=8,ell=2;[64,128):n=3,ell=2;[128,256):n=1,ell=2"
cora,0.5,0,0.0,high_deg_9_plus,147,Degree-stratified RP,6,20,27,7,1,by_dim,0.009078699978999794,0.09884390002116561,0.1079226000001654,,0.008987500099465251,0.23282529887339448,0.3721873887355287,0.5081274913006106,,,,,,,,0.00031910010147839785,0.001923500094562769,0.003353599924594164,0.0020869000582024455,0.0009260999504476786,0.00029310001991689205,8.519995026290417e-05,8.0,2.0,6.0,"[1,2):n=354,ell=3;[2,4):n=1070,ell=5;[4,8):n=859,ell=6;[8,16):n=155,ell=4;[16,32):n=35,ell=3;[32,64):n=8,ell=2;[64,128):n=3,ell=2;[128,256):n=1,ell=2"
cora,0.5,0,0.0,all,2485,Exact spectral,7,20,7,7,1,by_dim,0.0715158999664709,0.046140899998135865,0.11765679996460676,0.0715158999664709,0.0715158999664709,0.23820969921575666,0.3952630207169111,0.2787318543368127,,,,,,,,,,,,,,,,,,
cora,0.5,0,0.0,low_deg_1_2,899,Exact spectral,7,20,7,7,1,by_dim,0.0715158999664709,0.046140899998135865,0.11765679996460676,0.0715158999664709,0.0715158999664709,0.21966094372704997,0.37275070067031907,0.2893541925142974,,,,,,,,,,,,,,,,,,
cora,0.5,0,0.0,mid_deg_3_8,1439,Exact spectral,7,20,7,7,1,by_dim,0.0715158999664709,0.046140899998135865,0.11765679996460676,0.0715158999664709,0.0715158999664709,0.24335018012654022,0.40828048921210225,0.27223469929152183,,,,,,,,,,,,,,,,,,
cora,0.5,0,0.0,high_deg_9_plus,147,Exact spectral,7,20,7,7,1,by_dim,0.0715158999664709,0.046140899998135865,0.11765679996460676,0.0715158999664709,0.0715158999664709,0.3205538580908599,0.5166168415530322,0.2856052476025962,,,,,,,,,,,,,,,,,,
cora,0.5,0,0.0,all,2485,Gaussian RP,7,20,27,7,1,by_dim,0.004556400002911687,0.13237519992981106,0.13693159993272275,,0.004538299981504679,0.016873058492605054,0.03362906663039835,0.2050249469862699,0.0005864999257028103,0.19245008972987526,0.0006839999696239829,0.002460199990309775,0.0003671000013127923,0.00035170000046491623,8.880009409040213e-05,,,,,,,,,,,
cora,0.5,0,0.0,low_deg_1_2,899,Gaussian RP,7,20,27,7,1,by_dim,0.004556400002911687,0.13237519992981106,0.13693159993272275,,0.004538299981504679,0.013364644605477595,0.038232027684411744,0.20733745610229853,0.0005864999257028103,0.19245008972987526,0.0006839999696239829,0.002460199990309775,0.0003671000013127923,0.00035170000046491623,8.880009409040213e-05,,,,,,,,,,,
cora,0.5,0,0.0,mid_deg_3_8,1439,Gaussian RP,7,20,27,7,1,by_dim,0.004556400002911687,0.13237519992981106,0.13693159993272275,,0.004538299981504679,0.017579001132780908,0.03778499661106978,0.21526415211356942,0.0005864999257028103,0.19245008972987526,0.0006839999696239829,0.002460199990309775,0.0003671000013127923,0.00035170000046491623,8.880009409040213e-05,,,,,,,,,,,
cora,0.5,0,0.0,high_deg_9_plus,147,Gaussian RP,7,20,27,7,1,by_dim,0.004556400002911687,0.13237519992981106,0.13693159993272275,,0.004538299981504679,0.045747771215636876,0.13934927978063966,0.30258956163846423,0.0005864999257028103,0.19245008972987526,0.0006839999696239829,0.002460199990309775,0.0003671000013127923,0.00035170000046491623,8.880009409040213e-05,,,,,,,,,,,
cora,0.5,0,0.0,all,2485,Degree-stratified RP,7,20,27,7,1,by_dim,0.008087299996986985,0.14855859999079257,0.15664589998777956,,0.008008700096979737,0.11097427806475077,0.1840679269923008,0.3719622667158614,,,,,,,,0.00026300002355128527,0.001644900068640709,0.0023868000134825706,0.0029759000753983855,0.00037079991307109594,0.000277700019069016,8.9599983766675e-05,8.0,2.0,6.0,"[1,2):n=354,ell=3;[2,4):n=1070,ell=5;[4,8):n=859,ell=6;[8,16):n=155,ell=4;[16,32):n=35,ell=3;[32,64):n=8,ell=2;[64,128):n=3,ell=2;[128,256):n=1,ell=2"
cora,0.5,0,0.0,low_deg_1_2,899,Degree-stratified RP,7,20,27,7,1,by_dim,0.008087299996986985,0.14855859999079257,0.15664589998777956,,0.008008700096979737,0.05843135202214011,0.1273465208160656,0.30897312585676134,,,,,,,,0.00026300002355128527,0.001644900068640709,0.0023868000134825706,0.0029759000753983855,0.00037079991307109594,0.000277700019069016,8.9599983766675e-05,8.0,2.0,6.0,"[1,2):n=354,ell=3;[2,4):n=1070,ell=5;[4,8):n=859,ell=6;[8,16):n=155,ell=4;[16,32):n=35,ell=3;[32,64):n=8,ell=2;[64,128):n=3,ell=2;[128,256):n=1,ell=2"
cora,0.5,0,0.0,mid_deg_3_8,1439,Degree-stratified RP,7,20,27,7,1,by_dim,0.008087299996986985,0.14855859999079257,0.15664589998777956,,0.008008700096979737,0.14204599295348835,0.21749051792776924,0.3944619246185223,,,,,,,,0.00026300002355128527,0.001644900068640709,0.0023868000134825706,0.0029759000753983855,0.00037079991307109594,0.000277700019069016,8.9599983766675e-05,8.0,2.0,6.0,"[1,2):n=354,ell=3;[2,4):n=1070,ell=5;[4,8):n=859,ell=6;[8,16):n=155,ell=4;[16,32):n=35,ell=3;[32,64):n=8,ell=2;[64,128):n=3,ell=2;[128,256):n=1,ell=2"
cora,0.5,0,0.0,high_deg_9_plus,147,Degree-stratified RP,7,20,27,7,1,by_dim,0.008087299996986985,0.14855859999079257,0.15664589998777956,,0.008008700096979737,0.24593884817811146,0.3571222646042143,0.4346719946719947,,,,,,,,0.00026300002355128527,0.001644900068640709,0.0023868000134825706,0.0029759000753983855,0.00037079991307109594,0.000277700019069016,8.9599983766675e-05,8.0,2.0,6.0,"[1,2):n=354,ell=3;[2,4):n=1070,ell=5;[4,8):n=859,ell=6;[8,16):n=155,ell=4;[16,32):n=35,ell=3;[32,64):n=8,ell=2;[64,128):n=3,ell=2;[128,256):n=1,ell=2"
cora,0.5,0,0.0,all,2485,Exact spectral,8,20,7,7,1,by_dim,0.0715158999664709,0.05314329999964684,0.12465919996611774,0.0715158999664709,0.0715158999664709,0.24056786477213976,0.3903644356045871,0.35706454768346,,,,,,,,,,,,,,,,,,
cora,0.5,0,0.0,low_deg_1_2,899,Exact spectral,8,20,7,7,1,by_dim,0.0715158999664709,0.05314329999964684,0.12465919996611774,0.0715158999664709,0.0715158999664709,0.22216689845580734,0.367825216438132,0.36513004908244084,,,,,,,,,,,,,,,,,,
cora,0.5,0,0.0,mid_deg_3_8,1439,Exact spectral,8,20,7,7,1,by_dim,0.0715158999664709,0.05314329999964684,0.12465919996611774,0.0715158999664709,0.0715158999664709,0.24657856812900913,0.4018727237065385,0.3479980204378352,,,,,,,,,,,,,,,,,,
cora,0.5,0,0.0,high_deg_9_plus,147,Exact spectral,8,20,7,7,1,by_dim,0.0715158999664709,0.05314329999964684,0.12465919996611774,0.0715158999664709,0.0715158999664709,0.3160878126091473,0.5267294229614985,0.400884622623753,,,,,,,,,,,,,,,,,,
cora,0.5,0,0.0,all,2485,Gaussian RP,8,20,27,7,1,by_dim,0.004570999997667968,0.13760989997535944,0.1421808999730274,,0.004551099962554872,0.02438165871952252,0.050815169520973015,0.2341673823847943,0.000609499984420836,0.19245008972987526,0.0007826999062672257,0.0022880000760778785,0.00048660009633749723,0.0002967999316751957,8.749996777623892e-05,,,,,,,,,,,
cora,0.5,0,0.0,low_deg_1_2,899,Gaussian RP,8,20,27,7,1,by_dim,0.004570999997667968,0.13760989997535944,0.1421808999730274,,0.004551099962554872,0.017014199829725987,0.03983448655548305,0.21045206371130923,0.000609499984420836,0.19245008972987526,0.0007826999062672257,0.0022880000760778785,0.00048660009633749723,0.0002967999316751957,8.749996777623892e-05,,,,,,,,,,,
cora,0.5,0,0.0,mid_deg_3_8,1439,Gaussian RP,8,20,27,7,1,by_dim,0.004570999997667968,0.13760989997535944,0.1421808999730274,,0.004551099962554872,0.031169824319366445,0.06806225922150176,0.25343573307618816,0.000609499984420836,0.19245008972987526,0.0007826999062672257,0.0022880000760778785,0.00048660009633749723,0.0002967999316751957,8.749996777623892e-05,,,,,,,,,,,
cora,0.5,0,0.0,high_deg_9_plus,147,Gaussian RP,8,20,27,7,1,by_dim,0.004570999997667968,0.13760989997535944,0.1421808999730274,,0.004551099962554872,0.06404339899277935,0.17409124483682079,0.31942720317218143,0.000609499984420836,0.19245008972987526,0.0007826999062672257,0.0022880000760778785,0.00048660009633749723,0.0002967999316751957,8.749996777623892e-05,,,,,,,,,,,
cora,0.5,0,0.0,all,2485,Degree-stratified RP,8,20,27,7,1,by_dim,0.007833799929358065,0.1053853000048548,0.11321909993421286,,0.00773819989990443,0.09332777151141677,0.14059201248684242,0.3080953622699897,,,,,,,,0.00029259989969432354,0.0017442000098526478,0.0022703000577166677,0.0017958999378606677,0.0003696000203490257,0.0011401999508962035,0.000125400023534894,8.0,2.0,6.0,"[1,2):n=354,ell=3;[2,4):n=1070,ell=5;[4,8):n=859,ell=6;[8,16):n=155,ell=4;[16,32):n=35,ell=3;[32,64):n=8,ell=2;[64,128):n=3,ell=2;[128,256):n=1,ell=2"
cora,0.5,0,0.0,low_deg_1_2,899,Degree-stratified RP,8,20,27,7,1,by_dim,0.007833799929358065,0.1053853000048548,0.11321909993421286,,0.00773819989990443,0.06721524803287707,0.11428020461890682,0.28442223860651844,,,,,,,,0.00029259989969432354,0.0017442000098526478,0.0022703000577166677,0.0017958999378606677,0.0003696000203490257,0.0011401999508962035,0.000125400023534894,8.0,2.0,6.0,"[1,2):n=354,ell=3;[2,4):n=1070,ell=5;[4,8):n=859,ell=6;[8,16):n=155,ell=4;[16,32):n=35,ell=3;[32,64):n=8,ell=2;[64,128):n=3,ell=2;[128,256):n=1,ell=2"
cora,0.5,0,0.0,mid_deg_3_8,1439,Degree-stratified RP,8,20,27,7,1,by_dim,0.007833799929358065,0.1053853000048548,0.11321909993421286,,0.00773819989990443,0.10462783564693552,0.15276732012849928,0.31464265411847203,,,,,,,,0.00029259989969432354,0.0017442000098526478,0.0022703000577166677,0.0017958999378606677,0.0003696000203490257,0.0011401999508962035,0.000125400023534894,8.0,2.0,6.0,"[1,2):n=354,ell=3;[2,4):n=1070,ell=5;[4,8):n=859,ell=6;[8,16):n=155,ell=4;[16,32):n=35,ell=3;[32,64):n=8,ell=2;[64,128):n=3,ell=2;[128,256):n=1,ell=2"
cora,0.5,0,0.0,high_deg_9_plus,147,Degree-stratified RP,8,20,27,7,1,by_dim,0.007833799929358065,0.1053853000048548,0.11321909993421286,,0.00773819989990443,0.23016759262767172,0.35001383063328917,0.3778497743391361,,,,,,,,0.00029259989969432354,0.0017442000098526478,0.0022703000577166677,0.0017958999378606677,0.0003696000203490257,0.0011401999508962035,0.000125400023534894,8.0,2.0,6.0,"[1,2):n=354,ell=3;[2,4):n=1070,ell=5;[4,8):n=859,ell=6;[8,16):n=155,ell=4;[16,32):n=35,ell=3;[32,64):n=8,ell=2;[64,128):n=3,ell=2;[128,256):n=1,ell=2"
cora,0.5,0,0.0,all,2485,Exact spectral,9,20,7,7,1,by_dim,0.0715158999664709,0.03761060000397265,0.10912649997044355,0.0715158999664709,0.0715158999664709,0.23820969921575666,0.39526302071691116,0.2787318543368127,,,,,,,,,,,,,,,,,,
cora,0.5,0,0.0,low_deg_1_2,899,Exact spectral,9,20,7,7,1,by_dim,0.0715158999664709,0.03761060000397265,0.10912649997044355,0.0715158999664709,0.0715158999664709,0.21966094372704997,0.37275070067031907,0.2893541925142974,,,,,,,,,,,,,,,,,,
cora,0.5,0,0.0,mid_deg_3_8,1439,Exact spectral,9,20,7,7,1,by_dim,0.0715158999664709,0.03761060000397265,0.10912649997044355,0.0715158999664709,0.0715158999664709,0.24335018012654022,0.40828048921210214,0.27223469929152183,,,,,,,,,,,,,,,,,,
cora,0.5,0,0.0,high_deg_9_plus,147,Exact spectral,9,20,7,7,1,by_dim,0.0715158999664709,0.03761060000397265,0.10912649997044355,0.0715158999664709,0.0715158999664709,0.3205538580908599,0.516616841553032,0.2856052476025962,,,,,,,,,,,,,,,,,,
cora,0.5,0,0.0,all,2485,Gaussian RP,9,20,27,7,1,by_dim,0.004078299971297383,0.12075969995930791,0.12483799993060529,,0.004060100065544248,0.02455988411437311,0.03797881559701121,0.23707645141841754,0.0006154000293463469,0.19245008972987526,0.0008578000124543905,0.0018142999615520239,0.0003722000401467085,0.00031189993023872375,8.850009180605412e-05,,,,,,,,,,,
cora,0.5,0,0.0,low_deg_1_2,899,Gaussian RP,9,20,27,7,1,by_dim,0.004078299971297383,0.12075969995930791,0.12483799993060529,,0.004060100065544248,0.012355139347707893,0.027442660727491523,0.20275968608173692,0.0006154000293463469,0.19245008972987526,0.0008578000124543905,0.0018142999615520239,0.0003722000401467085,0.00031189993023872375,8.850009180605412e-05,,,,,,,,,,,
cora,0.5,0,0.0,mid_deg_3_8,1439,Gaussian RP,9,20,27,7,1,by_dim,0.004078299971297383,0.12075969995930791,0.12483799993060529,,0.004060100065544248,0.030032068755471115,0.050528938223185604,0.253522780659167,0.0006154000293463469,0.19245008972987526,0.0008578000124543905,0.0018142999615520239,0.0003722000401467085,0.00031189993023872375,8.850009180605412e-05,,,,,,,,,,,
cora,0.5,0,0.0,high_deg_9_plus,147,Gaussian RP,9,20,27,7,1,by_dim,0.004078299971297383,0.12075969995930791,0.12483799993060529,,0.004060100065544248,0.06673146359269319,0.17225449978831314,0.29016026667039874,0.0006154000293463469,0.19245008972987526,0.0008578000124543905,0.0018142999615520239,0.0003722000401467085,0.00031189993023872375,8.850009180605412e-05,,,,,,,,,,,
cora,0.5,0,0.0,all,2485,Degree-stratified RP,9,20,27,7,1,by_dim,0.00672499998472631,0.168175800004974,0.17490079998970032,,0.006665399996563792,0.10443267771685823,0.1477718484868565,0.3408554205920473,,,,,,,,0.00024269998539239168,0.0015001000137999654,0.002556100022047758,0.0016799999866634607,0.00037889997474849224,0.0002432999899610877,6.430002395063639e-05,8.0,2.0,6.0,"[1,2):n=354,ell=3;[2,4):n=1070,ell=5;[4,8):n=859,ell=6;[8,16):n=155,ell=4;[16,32):n=35,ell=3;[32,64):n=8,ell=2;[64,128):n=3,ell=2;[128,256):n=1,ell=2"
cora,0.5,0,0.0,low_deg_1_2,899,Degree-stratified RP,9,20,27,7,1,by_dim,0.00672499998472631,0.168175800004974,0.17490079998970032,,0.006665399996563792,0.0660651807776692,0.10476410508782712,0.29814419802236136,,,,,,,,0.00024269998539239168,0.0015001000137999654,0.002556100022047758,0.0016799999866634607,0.00037889997474849224,0.0002432999899610877,6.430002395063639e-05,8.0,2.0,6.0,"[1,2):n=354,ell=3;[2,4):n=1070,ell=5;[4,8):n=859,ell=6;[8,16):n=155,ell=4;[16,32):n=35,ell=3;[32,64):n=8,ell=2;[64,128):n=3,ell=2;[128,256):n=1,ell=2"
cora,0.5,0,0.0,mid_deg_3_8,1439,Degree-stratified RP,9,20,27,7,1,by_dim,0.00672499998472631,0.168175800004974,0.17490079998970032,,0.006665399996563792,0.1310949760690733,0.17849723131521153,0.35469498803896693,,,,,,,,0.00024269998539239168,0.0015001000137999654,0.002556100022047758,0.0016799999866634607,0.00037889997474849224,0.0002432999899610877,6.430002395063639e-05,8.0,2.0,6.0,"[1,2):n=354,ell=3;[2,4):n=1070,ell=5;[4,8):n=859,ell=6;[8,16):n=155,ell=4;[16,32):n=35,ell=3;[32,64):n=8,ell=2;[64,128):n=3,ell=2;[128,256):n=1,ell=2"
cora,0.5,0,0.0,high_deg_9_plus,147,Degree-stratified RP,9,20,27,7,1,by_dim,0.00672499998472631,0.168175800004974,0.17490079998970032,,0.006665399996563792,0.16634680332690926,0.2943484419419056,0.3865660225604576,,,,,,,,0.00024269998539239168,0.0015001000137999654,0.002556100022047758,0.0016799999866634607,0.00037889997474849224,0.0002432999899610877,6.430002395063639e-05,8.0,2.0,6.0,"[1,2):n=354,ell=3;[2,4):n=1070,ell=5;[4,8):n=859,ell=6;[8,16):n=155,ell=4;[16,32):n=35,ell=3;[32,64):n=8,ell=2;[64,128):n=3,ell=2;[128,256):n=1,ell=2"
cora,0.5,0,0.0,all,2485,Exact spectral,10,20,7,7,1,by_dim,0.0715158999664709,0.09154299995861948,0.16305889992509037,0.0715158999664709,0.0715158999664709,0.23809149485697814,0.3948063231111481,0.2787011493326403,,,,,,,,,,,,,,,,,,
cora,0.5,0,0.0,low_deg_1_2,899,Exact spectral,10,20,7,7,1,by_dim,0.0715158999664709,0.09154299995861948,0.16305889992509037,0.0715158999664709,0.0715158999664709,0.21966094372704997,0.37275070067031907,0.2893541925142974,,,,,,,,,,,,,,,,,,
cora,0.5,0,0.0,mid_deg_3_8,1439,Exact spectral,10,20,7,7,1,by_dim,0.0715158999664709,0.09154299995861948,0.16305889992509037,0.0715158999664709,0.0715158999664709,0.24335018012654022,0.40828048921210214,0.27223469929152183,,,,,,,,,,,,,,,,,,
cora,0.5,0,0.0,high_deg_9_plus,147,Exact spectral,10,20,7,7,1,by_dim,0.0715158999664709,0.09154299995861948,0.16305889992509037,0.0715158999664709,0.0715158999664709,0.3185421893313252,0.5042959100631869,0.2847414234511009,,,,,,,,,,,,,,,,,,
cora,0.5,0,0.0,all,2485,Gaussian RP,10,20,27,7,1,by_dim,0.004617900005541742,0.23751120001543313,0.24212910002097487,,0.004591700038872659,0.014564376297215867,0.027283685810516784,0.19380476462038318,0.0006254999898374081,0.19245008972987526,0.0008153000380843878,0.00227569998241961,0.0004829999525099993,0.00029530003666877747,9.69000393524766e-05,,,,,,,,,,,
cora,0.5,0,0.0,low_deg_1_2,899,Gaussian RP,10,20,27,7,1,by_dim,0.004617900005541742,0.23751120001543313,0.24212910002097487,,0.004591700038872659,0.0077742965797128125,0.020823855877006192,0.18820121533099726,0.0006254999898374081,0.19245008972987526,0.0008153000380843878,0.00227569998241961,0.0004829999525099993,0.00029530003666877747,9.69000393524766e-05,,,,,,,,,,,
cora,0.5,0,0.0,mid_deg_3_8,1439,Gaussian RP,10,20,27,7,1,by_dim,0.004617900005541742,0.23751120001543313,0.24212910002097487,,0.004591700038872659,0.020112658728762344,0.03780471055651885,0.20033647543549554,0.0006254999898374081,0.19245008972987526,0.0008153000380843878,0.00227569998241961,0.0004829999525099993,0.00029530003666877747,9.69000393524766e-05,,,,,,,,,,,
cora,0.5,0,0.0,high_deg_9_plus,147,Gaussian RP,10,20,27,7,1,by_dim,0.004617900005541742,0.23751120001543313,0.24212910002097487,,0.004591700038872659,0.05134184861837479,0.15518762995951443,0.3002641529098965,0.0006254999898374081,0.19245008972987526,0.0008153000380843878,0.00227569998241961,0.0004829999525099993,0.00029530003666877747,9.69000393524766e-05,,,,,,,,,,,
cora,0.5,0,0.0,all,2485,Degree-stratified RP,10,20,27,7,1,by_dim,0.008306399919092655,0.09042310004588217,0.09872949996497482,,0.008221000083722174,0.12457483267550735,0.19058802654367332,0.4152627839318201,,,,,,,,0.0002775999018922448,0.0014679000014439225,0.0031916000880301,0.0018539000302553177,0.0007498000049963593,0.0005859000375494361,9.430001955479383e-05,8.0,2.0,6.0,"[1,2):n=354,ell=3;[2,4):n=1070,ell=5;[4,8):n=859,ell=6;[8,16):n=155,ell=4;[16,32):n=35,ell=3;[32,64):n=8,ell=2;[64,128):n=3,ell=2;[128,256):n=1,ell=2"
cora,0.5,0,0.0,low_deg_1_2,899,Degree-stratified RP,10,20,27,7,1,by_dim,0.008306399919092655,0.09042310004588217,0.09872949996497482,,0.008221000083722174,0.08922532479117293,0.1501246420010557,0.3635247815585893,,,,,,,,0.0002775999018922448,0.0014679000014439225,0.0031916000880301,0.0018539000302553177,0.0007498000049963593,0.0005859000375494361,9.430001955479383e-05,8.0,2.0,6.0,"[1,2):n=354,ell=3;[2,4):n=1070,ell=5;[4,8):n=859,ell=6;[8,16):n=155,ell=4;[16,32):n=35,ell=3;[32,64):n=8,ell=2;[64,128):n=3,ell=2;[128,256):n=1,ell=2"
cora,0.5,0,0.0,mid_deg_3_8,1439,Degree-stratified RP,10,20,27,7,1,by_dim,0.008306399919092655,0.09042310004588217,0.09872949996497482,,0.008221000083722174,0.14388672723576226,0.21712536943827024,0.43686257583795335,,,,,,,,0.0002775999018922448,0.0014679000014439225,0.0031916000880301,0.0018539000302553177,0.0007498000049963593,0.0005859000375494361,9.430001955479383e-05,8.0,2.0,6.0,"[1,2):n=354,ell=3;[2,4):n=1070,ell=5;[4,8):n=859,ell=6;[8,16):n=155,ell=4;[16,32):n=35,ell=3;[32,64):n=8,ell=2;[64,128):n=3,ell=2;[128,256):n=1,ell=2"
cora,0.5,0,0.0,high_deg_9_plus,147,Degree-stratified RP,10,20,27,7,1,by_dim,0.008306399919092655,0.09042310004588217,0.09872949996497482,,0.008221000083722174,0.220314479951253,0.33985100487809233,0.4371330549264661,,,,,,,,0.0002775999018922448,0.0014679000014439225,0.0031916000880301,0.0018539000302553177,0.0007498000049963593,0.0005859000375494361,9.430001955479383e-05,8.0,2.0,6.0,"[1,2):n=354,ell=3;[2,4):n=1070,ell=5;[4,8):n=859,ell=6;[8,16):n=155,ell=4;[16,32):n=35,ell=3;[32,64):n=8,ell=2;[64,128):n=3,ell=2;[128,256):n=1,ell=2"
cora,0.5,0,0.0,all,2485,Exact spectral,1,40,7,7,1,by_dim,0.0715158999664709,0.034433400025591254,0.10594929999206215,0.0715158999664709,0.0715158999664709,0.23820969921575666,0.3952630207169111,0.2787318543368127,,,,,,,,,,,,,,,,,,
cora,0.5,0,0.0,low_deg_1_2,899,Exact spectral,1,40,7,7,1,by_dim,0.0715158999664709,0.034433400025591254,0.10594929999206215,0.0715158999664709,0.0715158999664709,0.21966094372704997,0.37275070067031907,0.2893541925142974,,,,,,,,,,,,,,,,,,
cora,0.5,0,0.0,mid_deg_3_8,1439,Exact spectral,1,40,7,7,1,by_dim,0.0715158999664709,0.034433400025591254,0.10594929999206215,0.0715158999664709,0.0715158999664709,0.24335018012654022,0.40828048921210225,0.27223469929152183,,,,,,,,,,,,,,,,,,
cora,0.5,0,0.0,high_deg_9_plus,147,Exact spectral,1,40,7,7,1,by_dim,0.0715158999664709,0.034433400025591254,0.10594929999206215,0.0715158999664709,0.0715158999664709,0.3205538580908599,0.5166168415530322,0.2856052476025962,,,,,,,,,,,,,,,,,,
cora,0.5,0,0.0,all,2485,Gaussian RP,1,40,47,7,1,by_dim,0.009228399954736233,0.21593439998105168,0.22516279993578792,,0.009202699991874397,0.029010972630158824,0.050432348739240344,0.2405823732591644,0.0010472000576555729,0.14586499149789456,0.00139849993865937,0.005287599982693791,0.0007295000832527876,0.0005584999453276396,0.0001813999842852354,,,,,,,,,,,
cora,0.5,0,0.0,low_deg_1_2,899,Gaussian RP,1,40,47,7,1,by_dim,0.009228399954736233,0.21593439998105168,0.22516279993578792,,0.009202699991874397,0.021551278933095504,0.041013022324710456,0.2184280338330709,0.0010472000576555729,0.14586499149789456,0.00139849993865937,0.005287599982693791,0.0007295000832527876,0.0005584999453276396,0.0001813999842852354,,,,,,,,,,,
cora,0.5,0,0.0,mid_deg_3_8,1439,Gaussian RP,1,40,47,7,1,by_dim,0.009228399954736233,0.21593439998105168,0.22516279993578792,,0.009202699991874397,0.03470434382431725,0.06306792149428452,0.2512051582335676,0.0010472000576555729,0.14586499149789456,0.00139849993865937,0.005287599982693791,0.0007295000832527876,0.0005584999453276396,0.0001813999842852354,,,,,,,,,,,
cora,0.5,0,0.0,high_deg_9_plus,147,Gaussian RP,1,40,47,7,1,by_dim,0.009228399954736233,0.21593439998105168,0.22516279993578792,,0.009202699991874397,0.045822888795145046,0.13700843377660676,0.29594938612023025,0.0010472000576555729,0.14586499149789456,0.00139849993865937,0.005287599982693791,0.0007295000832527876,0.0005584999453276396,0.0001813999842852354,,,,,,,,,,,
cora,0.5,0,0.0,all,2485,Degree-stratified RP,1,40,47,7,1,by_dim,0.020936300046741962,0.10102810000535101,0.12196440005209297,,0.02085260022431612,0.11981125212612134,0.18156919406413594,0.365637184282041,,,,,,,,0.00044540001545101404,0.0025316999526694417,0.008987000095658004,0.0070003001019358635,0.0011775000020861626,0.000530900084413588,0.000179799972102046,8.0,3.0,11.0,"[1,2):n=354,ell=4;[2,4):n=1070,ell=9;[4,8):n=859,ell=11;[8,16):n=155,ell=7;[16,32):n=35,ell=5;[32,64):n=8,ell=4;[64,128):n=3,ell=4;[128,256):n=1,ell=3"
cora,0.5,0,0.0,low_deg_1_2,899,Degree-stratified RP,1,40,47,7,1,by_dim,0.020936300046741962,0.10102810000535101,0.12196440005209297,,0.02085260022431612,0.06260907559939426,0.12534875565118878,0.3304026523177566,,,,,,,,0.00044540001545101404,0.0025316999526694417,0.008987000095658004,0.0070003001019358635,0.0011775000020861626,0.000530900084413588,0.000179799972102046,8.0,3.0,11.0,"[1,2):n=354,ell=4;[2,4):n=1070,ell=9;[4,8):n=859,ell=11;[8,16):n=155,ell=7;[16,32):n=35,ell=5;[32,64):n=8,ell=4;[64,128):n=3,ell=4;[128,256):n=1,ell=3"
cora,0.5,0,0.0,mid_deg_3_8,1439,Degree-stratified RP,1,40,47,7,1,by_dim,0.020936300046741962,0.10102810000535101,0.12196440005209297,,0.02085260022431612,0.15173100834511774,0.21086960244856334,0.3804065617080366,,,,,,,,0.00044540001545101404,0.0025316999526694417,0.008987000095658004,0.0070003001019358635,0.0011775000020861626,0.000530900084413588,0.000179799972102046,8.0,3.0,11.0,"[1,2):n=354,ell=4;[2,4):n=1070,ell=9;[4,8):n=859,ell=11;[8,16):n=155,ell=7;[16,32):n=35,ell=5;[32,64):n=8,ell=4;[64,128):n=3,ell=4;[128,256):n=1,ell=3"
cora,0.5,0,0.0,high_deg_9_plus,147,Degree-stratified RP,1,40,47,7,1,by_dim,0.020936300046741962,0.10102810000535101,0.12196440005209297,,0.02085260022431612,0.2817661142995385,0.3835761143119062,0.4626230775610263,,,,,,,,0.00044540001545101404,0.0025316999526694417,0.008987000095658004,0.0070003001019358635,0.0011775000020861626,0.000530900084413588,0.000179799972102046,8.0,3.0,11.0,"[1,2):n=354,ell=4;[2,4):n=1070,ell=9;[4,8):n=859,ell=11;[8,16):n=155,ell=7;[16,32):n=35,ell=5;[32,64):n=8,ell=4;[64,128):n=3,ell=4;[128,256):n=1,ell=3"
cora,0.5,0,0.0,all,2485,Exact spectral,2,40,7,7,1,by_dim,0.0715158999664709,0.05593969998881221,0.1274555999552831,0.0715158999664709,0.0715158999664709,0.23809149485697814,0.3948063231111482,0.2787011493326403,,,,,,,,,,,,,,,,,,
cora,0.5,0,0.0,low_deg_1_2,899,Exact spectral,2,40,7,7,1,by_dim,0.0715158999664709,0.05593969998881221,0.1274555999552831,0.0715158999664709,0.0715158999664709,0.21966094372704997,0.3727507006703191,0.2893541925142974,,,,,,,,,,,,,,,,,,
cora,0.5,0,0.0,mid_deg_3_8,1439,Exact spectral,2,40,7,7,1,by_dim,0.0715158999664709,0.05593969998881221,0.1274555999552831,0.0715158999664709,0.0715158999664709,0.24335018012654022,0.40828048921210214,0.27223469929152183,,,,,,,,,,,,,,,,,,
cora,0.5,0,0.0,high_deg_9_plus,147,Exact spectral,2,40,7,7,1,by_dim,0.0715158999664709,0.05593969998881221,0.1274555999552831,0.0715158999664709,0.0715158999664709,0.3185421893313252,0.5042959100631867,0.2847414234511009,,,,,,,,,,,,,,,,,,
cora,0.5,0,0.0,all,2485,Gaussian RP,2,40,47,7,1,by_dim,0.009383700089529157,0.15690559998620301,0.16628930007573217,,0.009363199933432043,0.02204692898713641,0.04068459263664567,0.21202727003456293,0.0009676000336185098,0.14586499149789456,0.001212199917063117,0.006018200074322522,0.0006154999136924744,0.0004504000535234809,9.929994121193886e-05,,,,,,,,,,,
cora,0.5,0,0.0,low_deg_1_2,899,Gaussian RP,2,40,47,7,1,by_dim,0.009383700089529157,0.15690559998620301,0.16628930007573217,,0.009363199933432043,0.016427707755976673,0.042103276361596276,0.20748200595406757,0.0009676000336185098,0.14586499149789456,0.001212199917063117,0.006018200074322522,0.0006154999136924744,0.0004504000535234809,9.929994121193886e-05,,,,,,,,,,,
cora,0.5,0,0.0,mid_deg_3_8,1439,Gaussian RP,2,40,47,7,1,by_dim,0.009383700089529157,0.15690559998620301,0.16628930007573217,,0.009363199933432043,0.025829411958436375,0.04912872698907131,0.22543227020088535,0.0009676000336185098,0.14586499149789456,0.001212199917063117,0.006018200074322522,0.0006154999136924744,0.0004504000535234809,9.929994121193886e-05,,,,,,,,,,,
cora,0.5,0,0.0,high_deg_9_plus,147,Gaussian RP,2,40,47,7,1,by_dim,0.009383700089529157,0.15690559998620301,0.16628930007573217,,0.009363199933432043,0.023643882771651935,0.106994144308373,0.2704697607758832,0.0009676000336185098,0.14586499149789456,0.001212199917063117,0.006018200074322522,0.0006154999136924744,0.0004504000535234809,9.929994121193886e-05,,,,,,,,,,,
cora,0.5,0,0.0,all,2485,Degree-stratified RP,2,40,47,7,1,by_dim,0.016540400101803243,0.09771639993414283,0.11425680003594607,,0.016428699949756265,0.13870296360324164,0.19540972446609184,0.37522138320580395,,,,,,,,0.0002674000570550561,0.0022323000011965632,0.00675459997728467,0.005805499968118966,0.0007136999629437923,0.0005464000860229135,0.00010879989713430405,8.0,3.0,11.0,"[1,2):n=354,ell=4;[2,4):n=1070,ell=9;[4,8):n=859,ell=11;[8,16):n=155,ell=7;[16,32):n=35,ell=5;[32,64):n=8,ell=4;[64,128):n=3,ell=4;[128,256):n=1,ell=3"
cora,0.5,0,0.0,low_deg_1_2,899,Degree-stratified RP,2,40,47,7,1,by_dim,0.016540400101803243,0.09771639993414283,0.11425680003594607,,0.016428699949756265,0.09140968802816762,0.1387932689131544,0.3356158575705614,,,,,,,,0.0002674000570550561,0.0022323000011965632,0.00675459997728467,0.005805499968118966,0.0007136999629437923,0.0005464000860229135,0.00010879989713430405,8.0,3.0,11.0,"[1,2):n=354,ell=4;[2,4):n=1070,ell=9;[4,8):n=859,ell=11;[8,16):n=155,ell=7;[16,32):n=35,ell=5;[32,64):n=8,ell=4;[64,128):n=3,ell=4;[128,256):n=1,ell=3"
cora,0.5,0,0.0,mid_deg_3_8,1439,Degree-stratified RP,2,40,47,7,1,by_dim,0.016540400101803243,0.09771639993414283,0.11425680003594607,,0.016428699949756265,0.1683618976199749,0.23321345210066174,0.39453556462154626,,,,,,,,0.0002674000570550561,0.0022323000011965632,0.00675459997728467,0.005805499968118966,0.0007136999629437923,0.0005464000860229135,0.00010879989713430405,8.0,3.0,11.0,"[1,2):n=354,ell=4;[2,4):n=1070,ell=9;[4,8):n=859,ell=11;[8,16):n=155,ell=7;[16,32):n=35,ell=5;[32,64):n=8,ell=4;[64,128):n=3,ell=4;[128,256):n=1,ell=3"
cora,0.5,0,0.0,high_deg_9_plus,147,Degree-stratified RP,2,40,47,7,1,by_dim,0.016540400101803243,0.09771639993414283,0.11425680003594607,,0.016428699949756265,0.21789825741845611,0.3392298310131311,0.44772263438635135,,,,,,,,0.0002674000570550561,0.0022323000011965632,0.00675459997728467,0.005805499968118966,0.0007136999629437923,0.0005464000860229135,0.00010879989713430405,8.0,3.0,11.0,"[1,2):n=354,ell=4;[2,4):n=1070,ell=9;[4,8):n=859,ell=11;[8,16):n=155,ell=7;[16,32):n=35,ell=5;[32,64):n=8,ell=4;[64,128):n=3,ell=4;[128,256):n=1,ell=3"
cora,0.5,0,0.0,all,2485,Exact spectral,3,40,7,7,1,by_dim,0.0715158999664709,0.038958200020715594,0.11047409998718649,0.0715158999664709,0.0715158999664709,0.2354558223984257,0.3784208380744283,0.28076533439929846,,,,,,,,,,,,,,,,,,
cora,0.5,0,0.0,low_deg_1_2,899,Exact spectral,3,40,7,7,1,by_dim,0.0715158999664709,0.038958200020715594,0.11047409998718649,0.0715158999664709,0.0715158999664709,0.2155578843612951,0.3526876647542635,0.294617555485532,,,,,,,,,,,,,,,,,,
cora,0.5,0,0.0,mid_deg_3_8,1439,Exact spectral,3,40,7,7,1,by_dim,0.0715158999664709,0.038958200020715594,0.11047409998718649,0.0715158999664709,0.0715158999664709,0.2411832948967604,0.39361619386563546,0.2714325771423199,,,,,,,,,,,,,,,,,,
cora,0.5,0,0.0,high_deg_9_plus,147,Exact spectral,3,40,7,7,1,by_dim,0.0715158999664709,0.038958200020715594,0.11047409998718649,0.0715158999664709,0.0715158999664709,0.32093927879876,0.516794028527492,0.29297851949199716,,,,,,,,,,,,,,,,,,
cora,0.5,0,0.0,all,2485,Gaussian RP,3,40,47,7,1,by_dim,0.00828820001333952,0.11677269998472184,0.12506089999806136,,0.00826750008855015,0.01741852595755244,0.036717064938395265,0.22495840951621698,0.0009928999934345484,0.14586499149789456,0.0012391000054776669,0.0050076000625267625,0.0005544000305235386,0.00039060006383806467,8.289993274956942e-05,,,,,,,,,,,
cora,0.5,0,0.0,low_deg_1_2,899,Gaussian RP,3,40,47,7,1,by_dim,0.00828820001333952,0.11677269998472184,0.12506089999806136,,0.00826750008855015,0.012789307309065754,0.029306893747055484,0.19723395685552217,0.0009928999934345484,0.14586499149789456,0.0012391000054776669,0.0050076000625267625,0.0005544000305235386,0.00039060006383806467,8.289993274956942e-05,,,,,,,,,,,
cora,0.5,0,0.0,mid_deg_3_8,1439,Gaussian RP,3,40,47,7,1,by_dim,0.00828820001333952,0.11677269998472184,0.12506089999806136,,0.00826750008855015,0.02014384592817576,0.04627865083430213,0.23226250106181787,0.0009928999934345484,0.14586499149789456,0.0012391000054776669,0.0050076000625267625,0.0005544000305235386,0.00039060006383806467,8.289993274956942e-05,,,,,,,,,,,
cora,0.5,0,0.0,high_deg_9_plus,147,Gaussian RP,3,40,47,7,1,by_dim,0.00828820001333952,0.11677269998472184,0.12506089999806136,,0.00826750008855015,0.05618809367328285,0.179658041596722,0.31033910591364006,0.0009928999934345484,0.14586499149789456,0.0012391000054776669,0.0050076000625267625,0.0005544000305235386,0.00039060006383806467,8.289993274956942e-05,,,,,,,,,,,
cora,0.5,0,0.0,all,2485,Degree-stratified RP,3,40,47,7,1,by_dim,0.013247000053524971,0.11165570002049208,0.12490270007401705,,0.013169100158847868,0.118253070377661,0.17688356074396466,0.36529631326084033,,,,,,,,0.0002432999899610877,0.0016166000859811902,0.005751099903136492,0.004416299983859062,0.0005618000868707895,0.0004349000519141555,0.00014510005712509155,8.0,3.0,11.0,"[1,2):n=354,ell=4;[2,4):n=1070,ell=9;[4,8):n=859,ell=11;[8,16):n=155,ell=7;[16,32):n=35,ell=5;[32,64):n=8,ell=4;[64,128):n=3,ell=4;[128,256):n=1,ell=3"
cora,0.5,0,0.0,low_deg_1_2,899,Degree-stratified RP,3,40,47,7,1,by_dim,0.013247000053524971,0.11165570002049208,0.12490270007401705,,0.013169100158847868,0.061418444804041024,0.1198261299125335,0.30122668152857124,,,,,,,,0.0002432999899610877,0.0016166000859811902,0.005751099903136492,0.004416299983859062,0.0005618000868707895,0.0004349000519141555,0.00014510005712509155,8.0,3.0,11.0,"[1,2):n=354,ell=4;[2,4):n=1070,ell=9;[4,8):n=859,ell=11;[8,16):n=155,ell=7;[16,32):n=35,ell=5;[32,64):n=8,ell=4;[64,128):n=3,ell=4;[128,256):n=1,ell=3"
cora,0.5,0,0.0,mid_deg_3_8,1439,Degree-stratified RP,3,40,47,7,1,by_dim,0.013247000053524971,0.11165570002049208,0.12490270007401705,,0.013169100158847868,0.15340691606042442,0.21355964595114815,0.4022116081175919,,,,,,,,0.0002432999899610877,0.0016166000859811902,0.005751099903136492,0.004416299983859062,0.0005618000868707895,0.0004349000519141555,0.00014510005712509155,8.0,3.0,11.0,"[1,2):n=354,ell=4;[2,4):n=1070,ell=9;[4,8):n=859,ell=11;[8,16):n=155,ell=7;[16,32):n=35,ell=5;[32,64):n=8,ell=4;[64,128):n=3,ell=4;[128,256):n=1,ell=3"
cora,0.5,0,0.0,high_deg_9_plus,147,Degree-stratified RP,3,40,47,7,1,by_dim,0.013247000053524971,0.11165570002049208,0.12490270007401705,,0.013169100158847868,0.2319208070328083,0.35879282055930906,0.4267730659567395,,,,,,,,0.0002432999899610877,0.0016166000859811902,0.005751099903136492,0.004416299983859062,0.0005618000868707895,0.0004349000519141555,0.00014510005712509155,8.0,3.0,11.0,"[1,2):n=354,ell=4;[2,4):n=1070,ell=9;[4,8):n=859,ell=11;[8,16):n=155,ell=7;[16,32):n=35,ell=5;[32,64):n=8,ell=4;[64,128):n=3,ell=4;[128,256):n=1,ell=3"
cora,0.5,0,0.0,all,2485,Exact spectral,4,40,7,7,1,by_dim,0.0715158999664709,0.16741039999760687,0.23892629996407777,0.0715158999664709,0.0715158999664709,0.2755020583212881,0.40553308081533046,0.3697041037440467,,,,,,,,,,,,,,,,,,
cora,0.5,0,0.0,low_deg_1_2,899,Exact spectral,4,40,7,7,1,by_dim,0.0715158999664709,0.16741039999760687,0.23892629996407777,0.0715158999664709,0.0715158999664709,0.2510519677412799,0.3761232563527148,0.3713990222623706,,,,,,,,,,,,,,,,,,
cora,0.5,0,0.0,mid_deg_3_8,1439,Exact spectral,4,40,7,7,1,by_dim,0.0715158999664709,0.16741039999760687,0.23892629996407777,0.0715158999664709,0.0715158999664709,0.2841015604317187,0.41904651805900894,0.3639903055279201,,,,,,,,,,,,,,,,,,
cora,0.5,0,0.0,high_deg_9_plus,147,Exact spectral,4,40,7,7,1,by_dim,0.0715158999664709,0.16741039999760687,0.23892629996407777,0.0715158999664709,0.0715158999664709,0.3551887991927153,0.5447886428187466,0.4351176881451459,,,,,,,,,,,,,,,,,,
cora,0.5,0,0.0,all,2485,Gaussian RP,4,40,47,7,1,by_dim,0.015966599923558533,0.18770270003005862,0.20366929995361716,,0.015937200048938394,0.03272911015989126,0.05330925314976743,0.248750513004306,0.0011325000086799264,0.14586499149789456,0.0011282999766990542,0.011788100004196167,0.0008451000321656466,0.0008532999781891704,0.00018990004900842905,,,,,,,,,,,
cora,0.5,0,0.0,low_deg_1_2,899,Gaussian RP,4,40,47,7,1,by_dim,0.015966599923558533,0.18770270003005862,0.20366929995361716,,0.015937200048938394,0.01693938690715298,0.03030243972177737,0.19597932258544892,0.0011325000086799264,0.14586499149789456,0.0011282999766990542,0.011788100004196167,0.0008451000321656466,0.0008532999781891704,0.00018990004900842905,,,,,,,,,,,
cora,0.5,0,0.0,mid_deg_3_8,1439,Gaussian RP,4,40,47,7,1,by_dim,0.015966599923558533,0.18770270003005862,0.20366929995361716,,0.015937200048938394,0.04728697724447239,0.07924993398311811,0.27277623688045116,0.0011325000086799264,0.14586499149789456,0.0011282999766990542,0.011788100004196167,0.0008451000321656466,0.0008532999781891704,0.00018990004900842905,,,,,,,,,,,
cora,0.5,0,0.0,high_deg_9_plus,147,Gaussian RP,4,40,47,7,1,by_dim,0.015966599923558533,0.18770270003005862,0.20366929995361716,,0.015937200048938394,0.06070621017982753,0.1612777506952768,0.3104913380196671,0.0011325000086799264,0.14586499149789456,0.0011282999766990542,0.011788100004196167,0.0008451000321656466,0.0008532999781891704,0.00018990004900842905,,,,,,,,,,,
cora,0.5,0,0.0,all,2485,Degree-stratified RP,4,40,47,7,1,by_dim,0.014911700040102005,0.10778139997273684,0.12269310001283884,,0.01481159997638315,0.11942243395042233,0.1823989144501671,0.4138060381267894,,,,,,,,0.00018580001778900623,0.002066299901343882,0.005763599998317659,0.005447000032290816,0.0007393000414595008,0.0004539999645203352,0.0001556000206619501,8.0,3.0,11.0,"[1,2):n=354,ell=4;[2,4):n=1070,ell=9;[4,8):n=859,ell=11;[8,16):n=155,ell=7;[16,32):n=35,ell=5;[32,64):n=8,ell=4;[64,128):n=3,ell=4;[128,256):n=1,ell=3"
cora,0.5,0,0.0,low_deg_1_2,899,Degree-stratified RP,4,40,47,7,1,by_dim,0.014911700040102005,0.10778139997273684,0.12269310001283884,,0.01481159997638315,0.06317311794390237,0.12473007602458587,0.34613654813974604,,,,,,,,0.00018580001778900623,0.002066299901343882,0.005763599998317659,0.005447000032290816,0.0007393000414595008,0.0004539999645203352,0.0001556000206619501,8.0,3.0,11.0,"[1,2):n=354,ell=4;[2,4):n=1070,ell=9;[4,8):n=859,ell=11;[8,16):n=155,ell=7;[16,32):n=35,ell=5;[32,64):n=8,ell=4;[64,128):n=3,ell=4;[128,256):n=1,ell=3"
cora,0.5,0,0.0,mid_deg_3_8,1439,Degree-stratified RP,4,40,47,7,1,by_dim,0.014911700040102005,0.10778139997273684,0.12269310001283884,,0.01481159997638315,0.15118987039732923,0.21262076590412698,0.44051886236464416,,,,,,,,0.00018580001778900623,0.002066299901343882,0.005763599998317659,0.005447000032290816,0.0007393000414595008,0.0004539999645203352,0.0001556000206619501,8.0,3.0,11.0,"[1,2):n=354,ell=4;[2,4):n=1070,ell=9;[4,8):n=859,ell=11;[8,16):n=155,ell=7;[16,32):n=35,ell=5;[32,64):n=8,ell=4;[64,128):n=3,ell=4;[128,256):n=1,ell=3"
cora,0.5,0,0.0,high_deg_9_plus,147,Degree-stratified RP,4,40,47,7,1,by_dim,0.014911700040102005,0.10778139997273684,0.12269310001283884,,0.01481159997638315,0.29204760079159,0.4225360146214957,0.5099981660123579,,,,,,,,0.00018580001778900623,0.002066299901343882,0.005763599998317659,0.005447000032290816,0.0007393000414595008,0.0004539999645203352,0.0001556000206619501,8.0,3.0,11.0,"[1,2):n=354,ell=4;[2,4):n=1070,ell=9;[4,8):n=859,ell=11;[8,16):n=155,ell=7;[16,32):n=35,ell=5;[32,64):n=8,ell=4;[64,128):n=3,ell=4;[128,256):n=1,ell=3"
cora,0.5,0,0.0,all,2485,Exact spectral,5,40,7,7,1,by_dim,0.0715158999664709,0.06598579999990761,0.1375016999663785,0.0715158999664709,0.0715158999664709,0.23666685716470823,0.3924345623372137,0.2834704446260668,,,,,,,,,,,,,,,,,,
cora,0.5,0,0.0,low_deg_1_2,899,Exact spectral,5,40,7,7,1,by_dim,0.0715158999664709,0.06598579999990761,0.1375016999663785,0.0715158999664709,0.0715158999664709,0.21673282801869606,0.3672275373823729,0.2991465373810685,,,,,,,,,,,,,,,,,,
cora,0.5,0,0.0,mid_deg_3_8,1439,Exact spectral,5,40,7,7,1,by_dim,0.0715158999664709,0.06598579999990761,0.1375016999663785,0.0715158999664709,0.0715158999664709,0.2428512167468414,0.40746431199408856,0.27453432813866246,,,,,,,,,,,,,,,,,,
cora,0.5,0,0.0,high_deg_9_plus,147,Exact spectral,5,40,7,7,1,by_dim,0.0715158999664709,0.06598579999990761,0.1375016999663785,0.0715158999664709,0.0715158999664709,0.3205538580908599,0.5166168415530322,0.2856052476025962,,,,,,,,,,,,,,,,,,
cora,0.5,0,0.0,all,2485,Gaussian RP,5,40,47,7,1,by_dim,0.008074100012890995,0.1209869000595063,0.1290610000723973,,0.008020599954761565,0.03912336044500756,0.06286856426630247,0.28211757762740847,0.0011297999881207943,0.14586499149789456,0.0012037999695166945,0.0045424000127241015,0.0005490999901667237,0.00041089998558163643,0.0001846000086516142,,,,,,,,,,,
cora,0.5,0,0.0,low_deg_1_2,899,Gaussian RP,5,40,47,7,1,by_dim,0.008074100012890995,0.1209869000595063,0.1290610000723973,,0.008020599954761565,0.01772534569819401,0.040082800909999154,0.22524718248891745,0.0011297999881207943,0.14586499149789456,0.0012037999695166945,0.0045424000127241015,0.0005490999901667237,0.00041089998558163643,0.0001846000086516142,,,,,,,,,,,
cora,0.5,0,0.0,mid_deg_3_8,1439,Gaussian RP,5,40,47,7,1,by_dim,0.008074100012890995,0.1209869000595063,0.1290610000723973,,0.008020599954761565,0.04948900598193661,0.07839878859897094,0.3020472716768854,0.0011297999881207943,0.14586499149789456,0.0012037999695166945,0.0045424000127241015,0.0005490999901667237,0.00041089998558163643,0.0001846000086516142,,,,,,,,,,,
cora,0.5,0,0.0,high_deg_9_plus,147,Gaussian RP,5,40,47,7,1,by_dim,0.008074100012890995,0.1209869000595063,0.1290610000723973,,0.008020599954761565,0.1555800613005673,0.2706378269062163,0.4334457230259329,0.0011297999881207943,0.14586499149789456,0.0012037999695166945,0.0045424000127241015,0.0005490999901667237,0.00041089998558163643,0.0001846000086516142,,,,,,,,,,,
cora,0.5,0,0.0,all,2485,Degree-stratified RP,5,40,47,7,1,by_dim,0.014652400044724345,0.08392659993842244,0.09857899998314679,,0.01456259994301945,0.1292018220449883,0.19846667027129236,0.40882716751592063,,,,,,,,0.000256399973295629,0.0018026999896392226,0.006097199977375567,0.005223899963311851,0.0005591000663116574,0.0004751000087708235,0.00014819996431469917,8.0,3.0,11.0,"[1,2):n=354,ell=4;[2,4):n=1070,ell=9;[4,8):n=859,ell=11;[8,16):n=155,ell=7;[16,32):n=35,ell=5;[32,64):n=8,ell=4;[64,128):n=3,ell=4;[128,256):n=1,ell=3"
cora,0.5,0,0.0,low_deg_1_2,899,Degree-stratified RP,5,40,47,7,1,by_dim,0.014652400044724345,0.08392659993842244,0.09857899998314679,,0.01456259994301945,0.08119588770862579,0.14610533016846997,0.3691222000319678,,,,,,,,0.000256399973295629,0.0018026999896392226,0.006097199977375567,0.005223899963311851,0.0005591000663116574,0.0004751000087708235,0.00014819996431469917,8.0,3.0,11.0,"[1,2):n=354,ell=4;[2,4):n=1070,ell=9;[4,8):n=859,ell=11;[8,16):n=155,ell=7;[16,32):n=35,ell=5;[32,64):n=8,ell=4;[64,128):n=3,ell=4;[128,256):n=1,ell=3"
cora,0.5,0,0.0,mid_deg_3_8,1439,Degree-stratified RP,5,40,47,7,1,by_dim,0.014652400044724345,0.08392659993842244,0.09857899998314679,,0.01456259994301945,0.15626349573848375,0.2292883873525071,0.422168106032197,,,,,,,,0.000256399973295629,0.0018026999896392226,0.006097199977375567,0.005223899963311851,0.0005591000663116574,0.0004751000087708235,0.00014819996431469917,8.0,3.0,11.0,"[1,2):n=354,ell=4;[2,4):n=1070,ell=9;[4,8):n=859,ell=11;[8,16):n=155,ell=7;[16,32):n=35,ell=5;[32,64):n=8,ell=4;[64,128):n=3,ell=4;[128,256):n=1,ell=3"
cora,0.5,0,0.0,high_deg_9_plus,147,Degree-stratified RP,5,40,47,7,1,by_dim,0.014652400044724345,0.08392659993842244,0.09857899998314679,,0.01456259994301945,0.2322151245366612,0.3730334394017772,0.476734693877551,,,,,,,,0.000256399973295629,0.0018026999896392226,0.006097199977375567,0.005223899963311851,0.0005591000663116574,0.0004751000087708235,0.00014819996431469917,8.0,3.0,11.0,"[1,2):n=354,ell=4;[2,4):n=1070,ell=9;[4,8):n=859,ell=11;[8,16):n=155,ell=7;[16,32):n=35,ell=5;[32,64):n=8,ell=4;[64,128):n=3,ell=4;[128,256):n=1,ell=3"
cora,0.5,0,0.0,all,2485,Exact spectral,6,40,7,7,1,by_dim,0.0715158999664709,0.045514099998399615,0.11702999996487051,0.0715158999664709,0.0715158999664709,0.23702681482068505,0.39176223135936755,0.28626068934384274,,,,,,,,,,,,,,,,,,
cora,0.5,0,0.0,low_deg_1_2,899,Exact spectral,6,40,7,7,1,by_dim,0.0715158999664709,0.045514099998399615,0.11702999996487051,0.0715158999664709,0.0715158999664709,0.21701822091161538,0.3667246150532327,0.3031619208991491,,,,,,,,,,,,,,,,,,
cora,0.5,0,0.0,mid_deg_3_8,1439,Exact spectral,6,40,7,7,1,by_dim,0.0715158999664709,0.045514099998399615,0.11702999996487051,0.0715158999664709,0.0715158999664709,0.24327958906283711,0.40671276191535016,0.27701229674749184,,,,,,,,,,,,,,,,,,
cora,0.5,0,0.0,high_deg_9_plus,147,Exact spectral,6,40,7,7,1,by_dim,0.0715158999664709,0.045514099998399615,0.11702999996487051,0.0715158999664709,0.0715158999664709,0.3205538580908599,0.5166168415530322,0.2856052476025962,,,,,,,,,,,,,,,,,,
cora,0.5,0,0.0,all,2485,Gaussian RP,6,40,47,7,1,by_dim,0.008728899993002415,0.15759660000912845,0.16632550000213087,,0.008706199936568737,0.02107414267080675,0.03442187712095199,0.20428272922074645,0.0010146000422537327,0.14586499149789456,0.0014018999645486474,0.005108400015160441,0.0005446999566629529,0.00046040001325309277,0.00017619994468986988,,,,,,,,,,,
cora,0.5,0,0.0,low_deg_1_2,899,Gaussian RP,6,40,47,7,1,by_dim,0.008728899993002415,0.15759660000912845,0.16632550000213087,,0.008706199936568737,0.009847863401319544,0.027180235966601008,0.1968129786066026,0.0010146000422537327,0.14586499149789456,0.0014018999645486474,0.005108400015160441,0.0005446999566629529,0.00046040001325309277,0.00017619994468986988,,,,,,,,,,,
cora,0.5,0,0.0,mid_deg_3_8,1439,Gaussian RP,6,40,47,7,1,by_dim,0.008728899993002415,0.15759660000912845,0.16632550000213087,,0.008706199936568737,0.029833084849692517,0.048067718207790155,0.20975222974089752,0.0010146000422537327,0.14586499149789456,0.0014018999645486474,0.005108400015160441,0.0005446999566629529,0.00046040001325309277,0.00017619994468986988,,,,,,,,,,,
cora,0.5,0,0.0,high_deg_9_plus,147,Gaussian RP,6,40,47,7,1,by_dim,0.008728899993002415,0.15759660000912845,0.16632550000213087,,0.008706199936568737,0.060384678116230696,0.17282634395235705,0.2792801772326406,0.0010146000422537327,0.14586499149789456,0.0014018999645486474,0.005108400015160441,0.0005446999566629529,0.00046040001325309277,0.00017619994468986988,,,,,,,,,,,
cora,0.5,0,0.0,all,2485,Degree-stratified RP,6,40,47,7,1,by_dim,0.021667600027285516,0.11272049997933209,0.1343881000066176,,0.02155050018336624,0.11234722176691787,0.17826809014917164,0.3850070756233909,,,,,,,,0.0009961000178009272,0.0026352000422775745,0.008967400062829256,0.007121100090444088,0.0012024999596178532,0.00047420000191777945,0.00015400000847876072,8.0,3.0,11.0,"[1,2):n=354,ell=4;[2,4):n=1070,ell=9;[4,8):n=859,ell=11;[8,16):n=155,ell=7;[16,32):n=35,ell=5;[32,64):n=8,ell=4;[64,128):n=3,ell=4;[128,256):n=1,ell=3"
cora,0.5,0,0.0,low_deg_1_2,899,Degree-stratified RP,6,40,47,7,1,by_dim,0.021667600027285516,0.11272049997933209,0.1343881000066176,,0.02155050018336624,0.06476115640574134,0.11870613575162149,0.3244019751947085,,,,,,,,0.0009961000178009272,0.0026352000422775745,0.008967400062829256,0.007121100090444088,0.0012024999596178532,0.00047420000191777945,0.00015400000847876072,8.0,3.0,11.0,"[1,2):n=354,ell=4;[2,4):n=1070,ell=9;[4,8):n=859,ell=11;[8,16):n=155,ell=7;[16,32):n=35,ell=5;[32,64):n=8,ell=4;[64,128):n=3,ell=4;[128,256):n=1,ell=3"
cora,0.5,0,0.0,mid_deg_3_8,1439,Degree-stratified RP,6,40,47,7,1,by_dim,0.021667600027285516,0.11272049997933209,0.1343881000066176,,0.02155050018336624,0.1360912260663324,0.20715607462792537,0.39910931634710123,,,,,,,,0.0009961000178009272,0.0026352000422775745,0.008967400062829256,0.007121100090444088,0.0012024999596178532,0.00047420000191777945,0.00015400000847876072,8.0,3.0,11.0,"[1,2):n=354,ell=4;[2,4):n=1070,ell=9;[4,8):n=859,ell=11;[8,16):n=155,ell=7;[16,32):n=35,ell=5;[32,64):n=8,ell=4;[64,128):n=3,ell=4;[128,256):n=1,ell=3"
cora,0.5,0,0.0,high_deg_9_plus,147,Degree-stratified RP,6,40,47,7,1,by_dim,0.021667600027285516,0.11272049997933209,0.1343881000066176,,0.02155050018336624,0.26858245230319294,0.414711660309905,0.5202551684761589,,,,,,,,0.0009961000178009272,0.0026352000422775745,0.008967400062829256,0.007121100090444088,0.0012024999596178532,0.00047420000191777945,0.00015400000847876072,8.0,3.0,11.0,"[1,2):n=354,ell=4;[2,4):n=1070,ell=9;[4,8):n=859,ell=11;[8,16):n=155,ell=7;[16,32):n=35,ell=5;[32,64):n=8,ell=4;[64,128):n=3,ell=4;[128,256):n=1,ell=3"
cora,0.5,0,0.0,all,2485,Exact spectral,7,40,7,7,1,by_dim,0.0715158999664709,0.03683869994711131,0.1083545999135822,0.0715158999664709,0.0715158999664709,0.23845110263258662,0.39525629799554224,0.2788950331905623,,,,,,,,,,,,,,,,,,
cora,0.5,0,0.0,low_deg_1_2,899,Exact spectral,7,40,7,7,1,by_dim,0.0715158999664709,0.03683869994711131,0.1083545999135822,0.0715158999664709,0.0715158999664709,0.21966094372704997,0.37275070067031907,0.2893541925142974,,,,,,,,,,,,,,,,,,
cora,0.5,0,0.0,mid_deg_3_8,1439,Exact spectral,7,40,7,7,1,by_dim,0.0715158999664709,0.03683869994711131,0.1083545999135822,0.0715158999664709,0.0715158999664709,0.2437093436744324,0.4082797297165914,0.27253620953369634,,,,,,,,,,,,,,,,,,
cora,0.5,0,0.0,high_deg_9_plus,147,Exact spectral,7,40,7,7,1,by_dim,0.0715158999664709,0.03683869994711131,0.1083545999135822,0.0715158999664709,0.0715158999664709,0.3205538580908599,0.5166168415530321,0.2856052476025962,,,,,,,,,,,,,,,,,,
cora,0.5,0,0.0,all,2485,Gaussian RP,7,40,47,7,1,by_dim,0.008743199985474348,0.12352060002740473,0.13226380001287907,,0.008718500030227005,0.04077212510862342,0.06005168615346623,0.26348241947872303,0.0009964999044314027,0.14586499149789456,0.001195400021970272,0.005053800065070391,0.0008841000963002443,0.0004860999761149287,0.00010259996633976698,,,,,,,,,,,
cora,0.5,0,0.0,low_deg_1_2,899,Gaussian RP,7,40,47,7,1,by_dim,0.008743199985474348,0.12352060002740473,0.13226380001287907,,0.008718500030227005,0.029571065433733813,0.046389191098374374,0.2298209381285957,0.0009964999044314027,0.14586499149789456,0.001195400021970272,0.005053800065070391,0.0008841000963002443,0.0004860999761149287,0.00010259996633976698,,,,,,,,,,,
cora,0.5,0,0.0,mid_deg_3_8,1439,Gaussian RP,7,40,47,7,1,by_dim,0.008743199985474348,0.12352060002740473,0.13226380001287907,,0.008718500030227005,0.04738677297028197,0.0748323304185846,0.26953699693526334,0.0009964999044314027,0.14586499149789456,0.001195400021970272,0.005053800065070391,0.0008841000963002443,0.0004860999761149287,0.00010259996633976698,,,,,,,,,,,
cora,0.5,0,0.0,high_deg_9_plus,147,Gaussian RP,7,40,47,7,1,by_dim,0.008743199985474348,0.12352060002740473,0.13226380001287907,,0.008718500030227005,0.09024032877560206,0.19934175692747427,0.3266244615868676,0.0009964999044314027,0.14586499149789456,0.001195400021970272,0.005053800065070391,0.0008841000963002443,0.0004860999761149287,0.00010259996633976698,,,,,,,,,,,
cora,0.5,0,0.0,all,2485,Degree-stratified RP,7,40,47,7,1,by_dim,0.014004800003021955,0.08988770004361868,0.10389250004664063,,0.01390200003515929,0.12454291395407582,0.19346410222746674,0.4028885682838776,,,,,,,,0.000250800047069788,0.0017162999138236046,0.005958300083875656,0.004729499923996627,0.0006885000038892031,0.00046500004827976227,9.360001422464848e-05,8.0,3.0,11.0,"[1,2):n=354,ell=4;[2,4):n=1070,ell=9;[4,8):n=859,ell=11;[8,16):n=155,ell=7;[16,32):n=35,ell=5;[32,64):n=8,ell=4;[64,128):n=3,ell=4;[128,256):n=1,ell=3"
cora,0.5,0,0.0,low_deg_1_2,899,Degree-stratified RP,7,40,47,7,1,by_dim,0.014004800003021955,0.08988770004361868,0.10389250004664063,,0.01390200003515929,0.07939659644283012,0.1405376239285444,0.34358762012369365,,,,,,,,0.000250800047069788,0.0017162999138236046,0.005958300083875656,0.004729499923996627,0.0006885000038892031,0.00046500004827976227,9.360001422464848e-05,8.0,3.0,11.0,"[1,2):n=354,ell=4;[2,4):n=1070,ell=9;[4,8):n=859,ell=11;[8,16):n=155,ell=7;[16,32):n=35,ell=5;[32,64):n=8,ell=4;[64,128):n=3,ell=4;[128,256):n=1,ell=3"
cora,0.5,0,0.0,mid_deg_3_8,1439,Degree-stratified RP,7,40,47,7,1,by_dim,0.014004800003021955,0.08988770004361868,0.10389250004664063,,0.01390200003515929,0.14833866504811652,0.2247225462715575,0.4269048901770733,,,,,,,,0.000250800047069788,0.0017162999138236046,0.005958300083875656,0.004729499923996627,0.0006885000038892031,0.00046500004827976227,9.360001422464848e-05,8.0,3.0,11.0,"[1,2):n=354,ell=4;[2,4):n=1070,ell=9;[4,8):n=859,ell=11;[8,16):n=155,ell=7;[16,32):n=35,ell=5;[32,64):n=8,ell=4;[64,128):n=3,ell=4;[128,256):n=1,ell=3"
cora,0.5,0,0.0,high_deg_9_plus,147,Degree-stratified RP,7,40,47,7,1,by_dim,0.014004800003021955,0.08988770004361868,0.10389250004664063,,0.01390200003515929,0.26192253655778996,0.3848381968801536,0.4618311019389533,,,,,,,,0.000250800047069788,0.0017162999138236046,0.005958300083875656,0.004729499923996627,0.0006885000038892031,0.00046500004827976227,9.360001422464848e-05,8.0,3.0,11.0,"[1,2):n=354,ell=4;[2,4):n=1070,ell=9;[4,8):n=859,ell=11;[8,16):n=155,ell=7;[16,32):n=35,ell=5;[32,64):n=8,ell=4;[64,128):n=3,ell=4;[128,256):n=1,ell=3"
cora,0.5,0,0.0,all,2485,Exact spectral,8,40,7,7,1,by_dim,0.0715158999664709,0.04444720002356917,0.11596309999004006,0.0715158999664709,0.0715158999664709,0.23820969921575666,0.3952630207169111,0.2787318543368127,,,,,,,,,,,,,,,,,,
cora,0.5,0,0.0,low_deg_1_2,899,Exact spectral,8,40,7,7,1,by_dim,0.0715158999664709,0.04444720002356917,0.11596309999004006,0.0715158999664709,0.0715158999664709,0.21966094372704997,0.37275070067031907,0.2893541925142974,,,,,,,,,,,,,,,,,,
cora,0.5,0,0.0,mid_deg_3_8,1439,Exact spectral,8,40,7,7,1,by_dim,0.0715158999664709,0.04444720002356917,0.11596309999004006,0.0715158999664709,0.0715158999664709,0.24335018012654022,0.40828048921210214,0.27223469929152183,,,,,,,,,,,,,,,,,,
cora,0.5,0,0.0,high_deg_9_plus,147,Exact spectral,8,40,7,7,1,by_dim,0.0715158999664709,0.04444720002356917,0.11596309999004006,0.0715158999664709,0.0715158999664709,0.3205538580908599,0.5166168415530321,0.2856052476025962,,,,,,,,,,,,,,,,,,
cora,0.5,0,0.0,all,2485,Gaussian RP,8,40,47,7,1,by_dim,0.008178199990652502,0.12217190000228584,0.13035009999293834,,0.008154600043781102,0.025190355252212117,0.04980462552993816,0.23261527577200433,0.0009989000391215086,0.14586499149789456,0.0012134999269619584,0.004650900023989379,0.0007873000577092171,0.00041290000081062317,9.109999518841505e-05,,,,,,,,,,,
cora,0.5,0,0.0,low_deg_1_2,899,Gaussian RP,8,40,47,7,1,by_dim,0.008178199990652502,0.12217190000228584,0.13035009999293834,,0.008154600043781102,0.012723491341605251,0.03543847871603801,0.20858266760303415,0.0009989000391215086,0.14586499149789456,0.0012134999269619584,0.004650900023989379,0.0007873000577092171,0.00041290000081062317,9.109999518841505e-05,,,,,,,,,,,
cora,0.5,0,0.0,mid_deg_3_8,1439,Gaussian RP,8,40,47,7,1,by_dim,0.008178199990652502,0.12217190000228584,0.13035009999293834,,0.008154600043781102,0.035311129529338604,0.0680532466441854,0.24134842576037988,0.0009989000391215086,0.14586499149789456,0.0012134999269619584,0.004650900023989379,0.0007873000577092171,0.00041290000081062317,9.109999518841505e-05,,,,,,,,,,,
cora,0.5,0,0.0,high_deg_9_plus,147,Gaussian RP,8,40,47,7,1,by_dim,0.008178199990652502,0.12217190000228584,0.13035009999293834,,0.008154600043781102,0.09171911916103455,0.19003413569165178,0.34020486758046525,0.0009989000391215086,0.14586499149789456,0.0012134999269619584,0.004650900023989379,0.0007873000577092171,0.00041290000081062317,9.109999518841505e-05,,,,,,,,,,,
cora,0.5,0,0.0,all,2485,Degree-stratified RP,8,40,47,7,1,by_dim,0.01696020003873855,0.11419609992299229,0.13115629996173084,,0.016864399891346693,0.10554308498590638,0.1593399112278945,0.36076451204837473,,,,,,,,0.00025319994892925024,0.0017199000576511025,0.007192799937911332,0.006390700000338256,0.0007327999919652939,0.00048239994794130325,9.26000066101551e-05,8.0,3.0,11.0,"[1,2):n=354,ell=4;[2,4):n=1070,ell=9;[4,8):n=859,ell=11;[8,16):n=155,ell=7;[16,32):n=35,ell=5;[32,64):n=8,ell=4;[64,128):n=3,ell=4;[128,256):n=1,ell=3"
cora,0.5,0,0.0,low_deg_1_2,899,Degree-stratified RP,8,40,47,7,1,by_dim,0.01696020003873855,0.11419609992299229,0.13115629996173084,,0.016864399891346693,0.07260284628123236,0.12343604399932809,0.3219285751541513,,,,,,,,0.00025319994892925024,0.0017199000576511025,0.007192799937911332,0.006390700000338256,0.0007327999919652939,0.00048239994794130325,9.26000066101551e-05,8.0,3.0,11.0,"[1,2):n=354,ell=4;[2,4):n=1070,ell=9;[4,8):n=859,ell=11;[8,16):n=155,ell=7;[16,32):n=35,ell=5;[32,64):n=8,ell=4;[64,128):n=3,ell=4;[128,256):n=1,ell=3"
cora,0.5,0,0.0,mid_deg_3_8,1439,Degree-stratified RP,8,40,47,7,1,by_dim,0.01696020003873855,0.11419609992299229,0.13115629996173084,,0.016864399891346693,0.12034013553939407,0.17953159803818627,0.3715848318456266,,,,,,,,0.00025319994892925024,0.0017199000576511025,0.007192799937911332,0.006390700000338256,0.0007327999919652939,0.00048239994794130325,9.26000066101551e-05,8.0,3.0,11.0,"[1,2):n=354,ell=4;[2,4):n=1070,ell=9;[4,8):n=859,ell=11;[8,16):n=155,ell=7;[16,32):n=35,ell=5;[32,64):n=8,ell=4;[64,128):n=3,ell=4;[128,256):n=1,ell=3"
cora,0.5,0,0.0,high_deg_9_plus,147,Degree-stratified RP,8,40,47,7,1,by_dim,0.01696020003873855,0.11419609992299229,0.13115629996173084,,0.016864399891346693,0.2482073283525301,0.3596628958192252,0.45493069772003386,,,,,,,,0.00025319994892925024,0.0017199000576511025,0.007192799937911332,0.006390700000338256,0.0007327999919652939,0.00048239994794130325,9.26000066101551e-05,8.0,3.0,11.0,"[1,2):n=354,ell=4;[2,4):n=1070,ell=9;[4,8):n=859,ell=11;[8,16):n=155,ell=7;[16,32):n=35,ell=5;[32,64):n=8,ell=4;[64,128):n=3,ell=4;[128,256):n=1,ell=3"
cora,0.5,0,0.0,all,2485,Exact spectral,9,40,7,7,1,by_dim,0.0715158999664709,0.04910790000576526,0.12062379997223616,0.0715158999664709,0.0715158999664709,0.23820969921575666,0.39526302071691105,0.2787318543368127,,,,,,,,,,,,,,,,,,
cora,0.5,0,0.0,low_deg_1_2,899,Exact spectral,9,40,7,7,1,by_dim,0.0715158999664709,0.04910790000576526,0.12062379997223616,0.0715158999664709,0.0715158999664709,0.21966094372704997,0.37275070067031907,0.2893541925142974,,,,,,,,,,,,,,,,,,
cora,0.5,0,0.0,mid_deg_3_8,1439,Exact spectral,9,40,7,7,1,by_dim,0.0715158999664709,0.04910790000576526,0.12062379997223616,0.0715158999664709,0.0715158999664709,0.24335018012654022,0.40828048921210225,0.27223469929152183,,,,,,,,,,,,,,,,,,
cora,0.5,0,0.0,high_deg_9_plus,147,Exact spectral,9,40,7,7,1,by_dim,0.0715158999664709,0.04910790000576526,0.12062379997223616,0.0715158999664709,0.0715158999664709,0.3205538580908599,0.5166168415530322,0.2856052476025962,,,,,,,,,,,,,,,,,,
cora,0.5,0,0.0,all,2485,Gaussian RP,9,40,47,7,1,by_dim,0.007748499978333712,0.11383869999554008,0.1215871999738738,,0.007724499912001193,0.04443994767405846,0.06847459542155403,0.24874191532483916,0.0009090999374166131,0.14586499149789456,0.0007602999685332179,0.004762400058098137,0.0007755999686196446,0.0004192999331280589,9.780004620552063e-05,,,,,,,,,,,
cora,0.5,0,0.0,low_deg_1_2,899,Gaussian RP,9,40,47,7,1,by_dim,0.007748499978333712,0.11383869999554008,0.1215871999738738,,0.007724499912001193,0.03220267161292724,0.054944291666905724,0.22102057855534957,0.0009090999374166131,0.14586499149789456,0.0007602999685332179,0.004762400058098137,0.0007755999686196446,0.0004192999331280589,9.780004620552063e-05,,,,,,,,,,,
cora,0.5,0,0.0,mid_deg_3_8,1439,Gaussian RP,9,40,47,7,1,by_dim,0.007748499978333712,0.11383869999554008,0.1215871999738738,,0.007724499912001193,0.05193503755053522,0.08245431862485372,0.26062732189575727,0.0009090999374166131,0.14586499149789456,0.0007602999685332179,0.004762400058098137,0.0007755999686196446,0.0004192999331280589,9.780004620552063e-05,,,,,,,,,,,
cora,0.5,0,0.0,high_deg_9_plus,147,Gaussian RP,9,40,47,7,1,by_dim,0.007748499978333712,0.11383869999554008,0.1215871999738738,,0.007724499912001193,0.08787298644752506,0.19673708524977299,0.3400935758875098,0.0009090999374166131,0.14586499149789456,0.0007602999685332179,0.004762400058098137,0.0007755999686196446,0.0004192999331280589,9.780004620552063e-05,,,,,,,,,,,
cora,0.5,0,0.0,all,2485,Degree-stratified RP,9,40,47,7,1,by_dim,0.012444699998013675,0.08998789999168366,0.10243259998969734,,0.012360900058411062,0.12634438766616754,0.18069312626946285,0.37515654408031585,,,,,,,,0.00019649998284876347,0.0012202999787405133,0.005340800038538873,0.004419300006702542,0.000682300073094666,0.00040549994446337223,9.620003402233124e-05,8.0,3.0,11.0,"[1,2):n=354,ell=4;[2,4):n=1070,ell=9;[4,8):n=859,ell=11;[8,16):n=155,ell=7;[16,32):n=35,ell=5;[32,64):n=8,ell=4;[64,128):n=3,ell=4;[128,256):n=1,ell=3"
cora,0.5,0,0.0,low_deg_1_2,899,Degree-stratified RP,9,40,47,7,1,by_dim,0.012444699998013675,0.08998789999168366,0.10243259998969734,,0.012360900058411062,0.07768896672260087,0.1341473096044995,0.336465539271162,,,,,,,,0.00019649998284876347,0.0012202999787405133,0.005340800038538873,0.004419300006702542,0.000682300073094666,0.00040549994446337223,9.620003402233124e-05,8.0,3.0,11.0,"[1,2):n=354,ell=4;[2,4):n=1070,ell=9;[4,8):n=859,ell=11;[8,16):n=155,ell=7;[16,32):n=35,ell=5;[32,64):n=8,ell=4;[64,128):n=3,ell=4;[128,256):n=1,ell=3"
cora,0.5,0,0.0,mid_deg_3_8,1439,Degree-stratified RP,9,40,47,7,1,by_dim,0.012444699998013675,0.08998789999168366,0.10243259998969734,,0.012360900058411062,0.15512028962411464,0.21077958365114985,0.39315564143480375,,,,,,,,0.00019649998284876347,0.0012202999787405133,0.005340800038538873,0.004419300006702542,0.000682300073094666,0.00040549994446337223,9.620003402233124e-05,8.0,3.0,11.0,"[1,2):n=354,ell=4;[2,4):n=1070,ell=9;[4,8):n=859,ell=11;[8,16):n=155,ell=7;[16,32):n=35,ell=5;[32,64):n=8,ell=4;[64,128):n=3,ell=4;[128,256):n=1,ell=3"
cora,0.5,0,0.0,high_deg_9_plus,147,Degree-stratified RP,9,40,47,7,1,by_dim,0.012444699998013675,0.08998789999168366,0.10243259998969734,,0.012360900058411062,0.1992289629290816,0.33308708912776086,0.43221404372025496,,,,,,,,0.00019649998284876347,0.0012202999787405133,0.005340800038538873,0.004419300006702542,0.000682300073094666,0.00040549994446337223,9.620003402233124e-05,8.0,3.0,11.0,"[1,2):n=354,ell=4;[2,4):n=1070,ell=9;[4,8):n=859,ell=11;[8,16):n=155,ell=7;[16,32):n=35,ell=5;[32,64):n=8,ell=4;[64,128):n=3,ell=4;[128,256):n=1,ell=3"
cora,0.5,0,0.0,all,2485,Exact spectral,10,40,7,7,1,by_dim,0.0715158999664709,0.04678029997739941,0.1182961999438703,0.0715158999664709,0.0715158999664709,0.23845110263258662,0.39525629799554224,0.2788950331905623,,,,,,,,,,,,,,,,,,
cora,0.5,0,0.0,low_deg_1_2,899,Exact spectral,10,40,7,7,1,by_dim,0.0715158999664709,0.04678029997739941,0.1182961999438703,0.0715158999664709,0.0715158999664709,0.21966094372704997,0.3727507006703191,0.2893541925142974,,,,,,,,,,,,,,,,,,
cora,0.5,0,0.0,mid_deg_3_8,1439,Exact spectral,10,40,7,7,1,by_dim,0.0715158999664709,0.04678029997739941,0.1182961999438703,0.0715158999664709,0.0715158999664709,0.2437093436744324,0.4082797297165913,0.27253620953369634,,,,,,,,,,,,,,,,,,
cora,0.5,0,0.0,high_deg_9_plus,147,Exact spectral,10,40,7,7,1,by_dim,0.0715158999664709,0.04678029997739941,0.1182961999438703,0.0715158999664709,0.0715158999664709,0.3205538580908599,0.5166168415530322,0.2856052476025962,,,,,,,,,,,,,,,,,,
cora,0.5,0,0.0,all,2485,Gaussian RP,10,40,47,7,1,by_dim,0.008025499992072582,0.10705310001503676,0.11507860000710934,,0.008003699942491949,0.01046145487793244,0.025039634422574276,0.19114719798732033,0.0009128999663516879,0.14586499149789456,0.0009722000686451793,0.004977199947461486,0.0006092999828979373,0.00045030005276203156,8.179992437362671e-05,,,,,,,,,,,
cora,0.5,0,0.0,low_deg_1_2,899,Gaussian RP,10,40,47,7,1,by_dim,0.008025499992072582,0.10705310001503676,0.11507860000710934,,0.008003699942491949,0.0013811789239189854,0.013847259031451582,0.1739026747559475,0.0009128999663516879,0.14586499149789456,0.0009722000686451793,0.004977199947461486,0.0006092999828979373,0.00045030005276203156,8.179992437362671e-05,,,,,,,,,,,
cora,0.5,0,0.0,mid_deg_3_8,1439,Gaussian RP,10,40,47,7,1,by_dim,0.008025499992072582,0.10705310001503676,0.11507860000710934,,0.008003699942491949,0.020954740959841758,0.04501834702125937,0.22066413729795015,0.0009128999663516879,0.14586499149789456,0.0009722000686451793,0.004977199947461486,0.0006092999828979373,0.00045030005276203156,8.179992437362671e-05,,,,,,,,,,,
cora,0.5,0,0.0,high_deg_9_plus,147,Gaussian RP,10,40,47,7,1,by_dim,0.008025499992072582,0.10705310001503676,0.11507860000710934,,0.008003699942491949,0.014428924661797541,0.09645021765408457,0.24996941334223402,0.0009128999663516879,0.14586499149789456,0.0009722000686451793,0.004977199947461486,0.0006092999828979373,0.00045030005276203156,8.179992437362671e-05,,,,,,,,,,,
cora,0.5,0,0.0,all,2485,Degree-stratified RP,10,40,47,7,1,by_dim,0.013913300004787743,0.11095570004545152,0.12486900005023926,,0.013813299941830337,0.12028839847507171,0.19558663670526355,0.39354214633133494,,,,,,,,0.00018710002768784761,0.0017076999647542834,0.004795200075022876,0.005799899925477803,0.0007070000283420086,0.00048079993575811386,0.00013559998478740454,8.0,3.0,11.0,"[1,2):n=354,ell=4;[2,4):n=1070,ell=9;[4,8):n=859,ell=11;[8,16):n=155,ell=7;[16,32):n=35,ell=5;[32,64):n=8,ell=4;[64,128):n=3,ell=4;[128,256):n=1,ell=3"
cora,0.5,0,0.0,low_deg_1_2,899,Degree-stratified RP,10,40,47,7,1,by_dim,0.013913300004787743,0.11095570004545152,0.12486900005023926,,0.013813299941830337,0.07481775973168985,0.140848049846978,0.34348727100032905,,,,,,,,0.00018710002768784761,0.0017076999647542834,0.004795200075022876,0.005799899925477803,0.0007070000283420086,0.00048079993575811386,0.00013559998478740454,8.0,3.0,11.0,"[1,2):n=354,ell=4;[2,4):n=1070,ell=9;[4,8):n=859,ell=11;[8,16):n=155,ell=7;[16,32):n=35,ell=5;[32,64):n=8,ell=4;[64,128):n=3,ell=4;[128,256):n=1,ell=3"
cora,0.5,0,0.0,mid_deg_3_8,1439,Degree-stratified RP,10,40,47,7,1,by_dim,0.013913300004787743,0.11095570004545152,0.12486900005023926,,0.013813299941830337,0.14427479783667702,0.2232895123077632,0.4039639560777854,,,,,,,,0.00018710002768784761,0.0017076999647542834,0.004795200075022876,0.005799899925477803,0.0007070000283420086,0.00048079993575811386,0.00013559998478740454,8.0,3.0,11.0,"[1,2):n=354,ell=4;[2,4):n=1070,ell=9;[4,8):n=859,ell=11;[8,16):n=155,ell=7;[16,32):n=35,ell=5;[32,64):n=8,ell=4;[64,128):n=3,ell=4;[128,256):n=1,ell=3"
cora,0.5,0,0.0,high_deg_9_plus,147,Degree-stratified RP,10,40,47,7,1,by_dim,0.013913300004787743,0.11095570004545152,0.12486900005023926,,0.013813299941830337,0.2942496803420337,0.43506258768462985,0.541201600662087,,,,,,,,0.00018710002768784761,0.0017076999647542834,0.004795200075022876,0.005799899925477803,0.0007070000283420086,0.00048079993575811386,0.00013559998478740454,8.0,3.0,11.0,"[1,2):n=354,ell=4;[2,4):n=1070,ell=9;[4,8):n=859,ell=11;[8,16):n=155,ell=7;[16,32):n=35,ell=5;[32,64):n=8,ell=4;[64,128):n=3,ell=4;[128,256):n=1,ell=3"
