n,rep,seed,K,m,rho_n,num_hyperedges_total,theta_nnz,theta_density,generation_wall_sec,hypergraph_laplacian_build_wall_sec,num_isolated_nodes,isolated_fraction,hypergraph_degree_mean,hypergraph_degree_max,expected_hyperedges_total,expected_hyperedges_per_n,expected_degree_mean,candidate_within_fraction,p_in,p_out,sampling_mode,method,method_key,misclassification_rate,ARI,NMI,metric_wall_sec,eigen_decomposition_wall_sec,embedding_normalize_wall_sec,kmeans_wall_sec,spectral_clustering_wall_sec,top_eigenvalue_max,top_eigenvalue_min,algorithm_total_wall_sec,cpu_time_sec,wall_clock_sec,peak_traced_memory_mb,rss_before_mb,rss_after_mb,rss_delta_mb,rp_draw_omega_sec,rp_power_iter_sec,rp_qr_sec,rp_build_core_sec,rp_small_eig_sec,rp_lift_sec,rs_sample_matrix_wall_sec,rs_eig_wall_sec,rs_original_upper_nnz,rs_sampled_upper_nnz,rs_sampling_probability,rs_sampled_theta_nnz,cs_draw_hash_sec,cs_embedding_dim,cs_bucket_min_load,cs_bucket_max_load,cs_empty_buckets,cs_initial_multiply_sec,cs_power_iter_sec,cs_qr_sec,cs_build_core_sec,cs_small_eig_sec,cs_lift_sec
1000,1,120260507,3,3,4.0,4968,30198,0.030198,0.07527704099999255,0.012110290999999052,0,0.0,14.904,30.0,5007.765888,5.007765888,15.023297664,0.11044488977955912,0.000144,1.6e-05,sparse,Non-random,non_random,0.019,0.9438989108092121,0.9064108230581046,0.006282957999985683,0.013525958999991872,0.00010208300000158488,0.04183266699999422,0.05546849999996084,1.0000000000000002,0.6887313488749418,0.14284804099997928,0.5958180000002358,0.06286554199999728,1.047760009765625,639.95703125,640.00390625,0.046875,,,,,,,,,,,,,,,,,,,,,,,
1000,1,120260507,3,3,4.0,4968,30198,0.030198,0.07527704099999255,0.012110290999999052,0,0.0,14.904,30.0,5007.765888,5.007765888,15.023297664,0.11044488977955912,0.000144,1.6e-05,sparse,Gaussian random projection,gaussian_random_projection,0.019,0.9438989108092121,0.9064108230581045,0.0067563750000090295,0.09804979199998343,0.00022979099998110541,0.0453092920000131,0.14359650000000101,0.9999992260229927,0.6883736719479078,0.23097620699996924,1.5357600000002094,0.15136699999999337,5.734156608581543,640.00390625,640.03125,0.02734375,0.001823124999987158,0.01433654100003423,0.05792358299999023,0.003135416000020541,0.02061191700005338,0.00016037500000720684,,,,,,,,,,,,,,,,,
1000,1,120260507,3,3,4.0,4968,30198,0.030198,0.07527704099999255,0.012110290999999052,0,0.0,14.904,30.0,5007.765888,5.007765888,15.023297664,0.11044488977955912,0.000144,1.6e-05,sparse,Random sampling,random_sampling,0.052,0.8500258710106823,0.7828753818760359,0.006058583000026374,0.026450207999971553,9.045799998830262e-05,0.05071587500003716,0.07726162500000555,1.0612408746260724,0.7848549825305414,0.16464387299998862,0.8634830000000875,0.08422966699998824,1.4137563705444336,640.03125,640.09765625,0.06640625,,,,,,,0.0017985839999710151,0.024628250000034768,15599.0,10885.0,0.7,21075.0,,,,,,,,,,,
1000,1,120260507,3,3,4.0,4968,30198,0.030198,0.07527704099999255,0.012110290999999052,0,0.0,14.904,30.0,5007.765888,5.007765888,15.023297664,0.11044488977955912,0.000144,1.6e-05,sparse,CountSketch random projection,countsketch_random_projection,0.017,0.9497386082986314,0.9147569532216503,0.006050334000008206,0.07944824999998445,0.00011283300000286545,0.03721216700000696,0.11677762499999744,0.9999991501878246,0.6884320560387124,0.20416058199998588,1.2798009999996793,0.12378504199995177,4.508676528930664,640.09765625,640.18359375,0.0859375,,,,,,,,,,,,,0.0005396250000444525,163.0,2.0,15.0,0.0,0.0005352090000201315,0.012504458000023533,0.04496900000003734,0.0026631250000264117,0.01810424999996485,9.000000000014552e-05
1000,2,120260508,3,3,4.0,4967,30186,0.030186,0.0736592920000021,0.011959790999981124,0,0.0,14.901,28.0,5007.765888,5.007765888,15.023297664,0.11044488977955912,0.000144,1.6e-05,sparse,Non-random,non_random,0.016,0.9525114045223751,0.9182996215353963,0.0060247079999840025,0.016683000000000447,8.391599999413302e-05,0.041739000000006854,0.05851145799999813,1.0000000000000002,0.6930865556100215,0.14412499899998465,0.6440050000001065,0.06547750000004271,1.0473480224609375,640.18359375,640.18359375,0.0,,,,,,,,,,,,,,,,,,,,,,,
1000,2,120260508,3,3,4.0,4967,30186,0.030186,0.0736592920000021,0.011959790999981124,0,0.0,14.901,28.0,5007.765888,5.007765888,15.023297664,0.11044488977955912,0.000144,1.6e-05,sparse,Gaussian random projection,gaussian_random_projection,0.017,0.9495632915702318,0.9143830693711054,0.006005832999960603,0.08027266699997426,0.00011416699999244884,0.04069883299996491,0.12108983299998499,0.9999992367496022,0.692819099069369,0.20670474999991484,1.3461950000000797,0.12796195799995758,5.7340192794799805,640.18359375,640.18359375,0.0,0.0018407910000064476,0.013991000000032727,0.04397733299998663,0.0026252920000047197,0.017691916999979185,0.00011324999996986662,,,,,,,,,,,,,,,,,
1000,2,120260508,3,3,4.0,4967,30186,0.030186,0.0736592920000021,0.011959790999981124,0,0.0,14.901,28.0,5007.765888,5.007765888,15.023297664,0.11044488977955912,0.000144,1.6e-05,sparse,Random sampling,random_sampling,0.062,0.8220312820482895,0.7534337119724595,0.006060291999972378,0.02496629199998779,8.133300002555188e-05,0.04543762500003368,0.07048979199998939,1.0680268595965863,0.7955282182436882,0.15610433300003024,0.7992530000001352,0.07743670799999336,1.4185724258422852,640.18359375,640.21875,0.03515625,,,,,,,0.0017613750000009532,0.02318437499997117,15593.0,10961.0,0.7,21218.0,,,,,,,,,,,
1000,2,120260508,3,3,4.0,4967,30186,0.030186,0.0736592920000021,0.011959790999981124,0,0.0,14.901,28.0,5007.765888,5.007765888,15.023297664,0.11044488977955912,0.000144,1.6e-05,sparse,CountSketch random projection,countsketch_random_projection,0.015,0.9554289174694511,0.922738969615184,0.00618316700001742,0.0794813750000003,0.00013229099999989558,0.03856212499999856,0.11818070900000066,0.999999396509648,0.6927444758557397,0.20379487399998197,1.2259109999999964,0.12528716699995357,4.507974624633789,640.21875,640.21875,0.0,,,,,,,,,,,,,0.0005193750000103137,163.0,1.0,12.0,0.0,0.0005172500000298896,0.012394083000003775,0.04469887499999459,0.002674249999984113,0.018520916999989367,0.00011254200001076242
1000,3,120260509,3,3,4.0,5001,30384,0.030384,0.07643254199996363,0.016018499999972846,0,0.0,15.003,28.0,5007.765888,5.007765888,15.023297664,0.11044488977955912,0.000144,1.6e-05,sparse,Non-random,non_random,0.015,0.9554609506642902,0.9212426980776469,0.006019790999971519,0.016134042000032878,8.183299996744609e-05,0.04118329199997106,0.057405584000036924,1.0000000000000007,0.6882610500914537,0.14985020899990786,0.6408879999999044,0.06435320899998942,1.0541458129882812,640.265625,640.3125,0.046875,,,,,,,,,,,,,,,,,,,,,,,
1000,3,120260509,3,3,4.0,5001,30384,0.030384,0.07643254199996363,0.016018499999972846,0,0.0,15.003,28.0,5007.765888,5.007765888,15.023297664,0.11044488977955912,0.000144,1.6e-05,sparse,Gaussian random projection,gaussian_random_projection,0.016,0.9524899350082872,0.9167858608160878,0.00634604100002889,0.08457091700000774,0.0001188339999771415,0.04256404099999145,0.12725875000000997,0.9999992069794225,0.68793880483466,0.2197048339999128,1.4157350000000406,0.13450070899995126,5.736285209655762,640.3125,640.3125,0.0,0.0018725420000009763,0.018460000000004584,0.04363970800000061,0.003176333999988401,0.017264291000003595,0.00011799999998629573,,,,,,,,,,,,,,,,,
1000,3,120260509,3,3,4.0,5001,30384,0.030384,0.07643254199996363,0.016018499999972846,0,0.0,15.003,28.0,5007.765888,5.007765888,15.023297664,0.11044488977955912,0.000144,1.6e-05,sparse,Random sampling,random_sampling,0.072,0.7955831918248302,0.724322146297787,0.011045916999989913,0.02418179199997894,7.583400002886265e-05,0.04400266699997246,0.06826454200000853,1.0722299742970536,0.7935668303306571,0.16071133499991674,0.7477209999997285,0.08019566600000871,1.429121971130371,640.3125,640.3125,0.0,,,,,,,0.001772832999961338,0.02238933299997825,15692.0,11060.0,0.7,21408.0,,,,,,,,,,,
1000,3,120260509,3,3,4.0,5001,30384,0.030384,0.07643254199996363,0.016018499999972846,0,0.0,15.003,28.0,5007.765888,5.007765888,15.023297664,0.11044488977955912,0.000144,1.6e-05,sparse,CountSketch random projection,countsketch_random_projection,0.014,0.9583878007718698,0.9261579194878125,0.0060520000000110485,0.0784569169999827,0.0001271670000164704,0.039319333000037204,0.11790833399999201,0.9999992553812936,0.6880618516129436,0.21035445899997285,1.3129079999998794,0.12485850000001619,4.51024055480957,640.3125,640.3125,0.0,,,,,,,,,,,,,0.0005223750000027394,163.0,1.0,12.0,0.0,0.0005181249999850479,0.01248529200000803,0.044718917000011515,0.0024840419999918595,0.01758887500000128,9.116600000425024e-05
1000,4,120260510,3,3,4.0,4963,30144,0.030144,0.08233833300005244,0.011659708000024693,0,0.0,14.889,28.0,5007.765888,5.007765888,15.023297664,0.11044488977955912,0.000144,1.6e-05,sparse,Non-random,non_random,0.023,0.9321845055915889,0.88844807422957,0.005989166999995632,0.01701658399997541,8.724999997866689e-05,0.040679916999977195,0.05779020900001797,0.9999999999999996,0.6881299416532362,0.1517817920000084,0.6132669999997233,0.06477179199998773,1.0459060668945312,640.3125,640.31640625,0.00390625,,,,,,,,,,,,,,,,,,,,,,,
1000,4,120260510,3,3,4.0,4963,30144,0.030144,0.08233833300005244,0.011659708000024693,0,0.0,14.889,28.0,5007.765888,5.007765888,15.023297664,0.11044488977955912,0.000144,1.6e-05,sparse,Gaussian random projection,gaussian_random_projection,0.02,0.9409183667469636,0.9009210502422828,0.0059949999999844295,0.08004012499998225,0.00011379199997918477,0.038960791000022255,0.11911912499999744,0.9999992546272347,0.687817419119466,0.21311274900006083,1.3222999999998137,0.1259914999999978,5.733538627624512,640.31640625,640.32421875,0.0078125,0.0018477500000244618,0.01399741699998458,0.0437542920000169,0.002835000000004584,0.017430916000023444,0.0001426660000447555,,,,,,,,,,,,,,,,,
1000,4,120260510,3,3,4.0,4963,30144,0.030144,0.08233833300005244,0.011659708000024693,0,0.0,14.889,28.0,5007.765888,5.007765888,15.023297664,0.11044488977955912,0.000144,1.6e-05,sparse,Random sampling,random_sampling,0.063,0.8199097613826429,0.75333363843436,0.006053375000021788,0.026138166999999157,7.954199998039257e-05,0.04716920900000332,0.0733916249999993,1.0625266773811581,0.7901104697890423,0.16738495900006,0.8216299999999137,0.08032245800001192,1.413365364074707,640.32421875,640.32421875,0.0,,,,,,,0.0017674999999712782,0.024350749999996424,15572.0,10898.0,0.7,21092.0,,,,,,,,,,,
1000,4,120260510,3,3,4.0,4963,30144,0.030144,0.08233833300005244,0.011659708000024693,0,0.0,14.889,28.0,5007.765888,5.007765888,15.023297664,0.11044488977955912,0.000144,1.6e-05,sparse,CountSketch random projection,countsketch_random_projection,0.019,0.9437908642355876,0.904098442533631,0.006345542000019577,0.07768266700003323,0.00012650000002167872,0.042787250000003496,0.12060204199997315,0.9999992264150516,0.6877437801963271,0.21459445800013555,1.3435930000000553,0.12787879199998997,4.50749397277832,640.32421875,640.32421875,0.0,,,,,,,,,,,,,0.000514083999973991,163.0,1.0,13.0,0.0,0.0005104589999973541,0.01241633299997602,0.04360129200000529,0.002441750000002685,0.01802533299996867,0.00013179200004742597
1000,5,120260511,3,3,4.0,4985,30276,0.030276,0.07373400000000174,0.011754083000028004,0,0.0,14.955,29.0,5007.765888,5.007765888,15.023297664,0.11044488977955912,0.000144,1.6e-05,sparse,Non-random,non_random,0.019,0.9437013639708532,0.9029832149712795,0.0060036249999484426,0.016737167000030695,8.512499999824286e-05,0.042809542000043166,0.05963795799999616,0.9999999999999999,0.6933334266432571,0.14511991700010185,0.6378939999999602,0.06655370800001492,1.0504379272460938,640.3828125,640.3828125,0.0,,,,,,,,,,,,,,,,,,,,,,,
1000,5,120260511,3,3,4.0,4985,30276,0.030276,0.07373400000000174,0.011754083000028004,0,0.0,14.955,29.0,5007.765888,5.007765888,15.023297664,0.11044488977955912,0.000144,1.6e-05,sparse,Gaussian random projection,gaussian_random_projection,0.018,0.946649406260617,0.9074335893278701,0.0059287079999990056,0.08010408299998062,0.00013175000003684545,0.03878637500002924,0.1190267079999785,0.9999987676791537,0.6931658601938185,0.20451029100007645,1.3206869999999071,0.12584545799995794,5.735049247741699,640.3828125,640.3828125,0.0,0.0018340840000519165,0.013918375000002925,0.04401045800000247,0.0026271670000141967,0.017569708999985778,0.0001095420000183367,,,,,,,,,,,,,,,,,
1000,5,120260511,3,3,4.0,4985,30276,0.030276,0.07373400000000174,0.011754083000028004,0,0.0,14.955,29.0,5007.765888,5.007765888,15.023297664,0.11044488977955912,0.000144,1.6e-05,sparse,Random sampling,random_sampling,0.053,0.8470145927413594,0.7808653873434619,0.006440999999995256,0.02482300000002624,7.662499996285987e-05,0.04546954199997799,0.0703742499999862,1.0628872058093033,0.793222140482449,0.15585724999999684,0.8114590000000135,0.07773312500000884,1.4215097427368164,640.3828125,640.3828125,0.0,,,,,,,0.0017643329999827984,0.023039542000049096,15638.0,10976.0,0.7,21253.0,,,,,,,,,,,
1000,5,120260511,3,3,4.0,4985,30276,0.030276,0.07373400000000174,0.011754083000028004,0,0.0,14.955,29.0,5007.765888,5.007765888,15.023297664,0.11044488977955912,0.000144,1.6e-05,sparse,CountSketch random projection,countsketch_random_projection,0.018,0.9466229965805832,0.9074244539996107,0.005935500000020966,0.07758754100001397,0.00011270799996054848,0.03955229100000679,0.11725687499995274,0.999999378017688,0.6931092976674501,0.20274062300001106,1.3002520000000004,0.12407337500002313,4.509004592895508,640.3828125,640.38671875,0.00390625,,,,,,,,,,,,,0.0005158750000191503,163.0,1.0,15.0,0.0,0.0005196669999918413,0.012432499999988522,0.04356887500000539,0.002710290999971221,0.017713500000013482,8.575000003929745e-05
1000,6,120260512,3,3,4.0,4867,29604,0.029604,0.07686208399996985,0.011504166999998233,0,0.0,14.601,28.0,5007.765888,5.007765888,15.023297664,0.11044488977955912,0.000144,1.6e-05,sparse,Non-random,non_random,0.017,0.9496259602803071,0.9149368511314644,0.006047583999986728,0.016574583000021903,7.799999997359919e-05,0.04544600000002674,0.0621040419999872,1.0000000000000004,0.6972835978155065,0.15046483399999033,0.665599999999813,0.06901033299999426,1.0273666381835938,640.41796875,640.41796875,0.0,,,,,,,,,,,,,,,,,,,,,,,
1000,6,120260512,3,3,4.0,4867,29604,0.029604,0.07686208399996985,0.011504166999998233,0,0.0,14.601,28.0,5007.765888,5.007765888,15.023297664,0.11044488977955912,0.000144,1.6e-05,sparse,Gaussian random projection,gaussian_random_projection,0.019,0.9436851977364353,0.9060218798402327,0.0066729170000030535,0.07970354200000429,0.00012050000003682726,0.04013429100001531,0.11996420799999896,0.9999991393359945,0.6970633434009377,0.20832458400002452,1.336088000000018,0.12758712500004776,5.727358818054199,640.41796875,640.41796875,0.0,0.0018703329999993912,0.01367049999998926,0.04396387499997445,0.0026612090000526223,0.017368874999988293,0.00013420800001995303,,,,,,,,,,,,,,,,,
1000,6,120260512,3,3,4.0,4867,29604,0.029604,0.07686208399996985,0.011504166999998233,0,0.0,14.601,28.0,5007.765888,5.007765888,15.023297664,0.11044488977955912,0.000144,1.6e-05,sparse,Random sampling,random_sampling,0.057,0.8360723373276071,0.7665907472529944,0.006408666999959678,0.025051375000032294,9.149999999635838e-05,0.04268416600001501,0.06783216700000594,1.072881079686836,0.8041947526357146,0.15619329200001175,0.7755049999996118,0.07515620899999931,1.3954658508300781,640.41796875,640.44921875,0.03125,,,,,,,0.0017512089999627278,0.02327624999998079,15302.0,10791.0,0.7,20882.0,,,,,,,,,,,
1000,6,120260512,3,3,4.0,4867,29604,0.029604,0.07686208399996985,0.011504166999998233,0,0.0,14.601,28.0,5007.765888,5.007765888,15.023297664,0.11044488977955912,0.000144,1.6e-05,sparse,CountSketch random projection,countsketch_random_projection,0.02,0.9408418027501095,0.9001830357139099,0.006025833000023795,0.07784829199999876,0.000108458999989125,0.042082374999949934,0.12004350000000841,0.9999990784600412,0.6970331814747515,0.2084053769999059,1.3287599999998747,0.12695037500003536,4.501314163208008,640.44921875,640.44921875,0.0,,,,,,,,,,,,,0.0005155840000270473,163.0,1.0,13.0,0.0,0.0005148750000216751,0.012115832999995746,0.04428100000001223,0.0024855409999986477,0.017811375000007956,8.5458999990351e-05
1000,7,120260513,3,3,4.0,5103,30910,0.03091,0.07874662500000795,0.011852500000031796,0,0.0,15.309,28.0,5007.765888,5.007765888,15.023297664,0.11044488977955912,0.000144,1.6e-05,sparse,Non-random,non_random,0.015,0.9554240721829792,0.9206988803220247,0.005929874999992535,0.01621779200002038,7.487499999569991e-05,0.04034933399998408,0.05664799999999559,1.0000000000000004,0.6894331251997277,0.1472411260000399,0.6475090000003547,0.06346629099999745,1.07220458984375,640.44921875,640.44921875,0.0,,,,,,,,,,,,,,,,,,,,,,,
1000,7,120260513,3,3,4.0,5103,30910,0.03091,0.07874662500000795,0.011852500000031796,0,0.0,15.309,28.0,5007.765888,5.007765888,15.023297664,0.11044488977955912,0.000144,1.6e-05,sparse,Gaussian random projection,gaussian_random_projection,0.015,0.9554240721829792,0.9206988803220247,0.006071790999953919,0.0803669169999921,0.00012091600001440383,0.03859466699998393,0.11908683400002928,0.9999990229853067,0.689180914816789,0.20968162500003018,1.2697870000001785,0.1260513330000208,5.742304801940918,640.44921875,640.44921875,0.0,0.0018616250000036416,0.014285707999988517,0.04415083300000333,0.0026231669999674523,0.017339083000024402,7.749999997486157e-05,,,,,,,,,,,,,,,,,
1000,7,120260513,3,3,4.0,5103,30910,0.03091,0.07874662500000795,0.011852500000031796,0,0.0,15.309,28.0,5007.765888,5.007765888,15.023297664,0.11044488977955912,0.000144,1.6e-05,sparse,Random sampling,random_sampling,0.056,0.8386151167804945,0.7706013076748864,0.007877749999977368,0.02509583300002305,8.020799998575967e-05,0.04414483300001848,0.06932545799998024,1.0647454088403827,0.7859912300568537,0.15991999900006704,0.7344899999998233,0.07811937500002841,1.450800895690918,640.44921875,640.44921875,0.0,,,,,,,0.0018115409999950316,0.023263416000020243,15955.0,11221.0,0.7,21737.0,,,,,,,,,,,
1000,7,120260513,3,3,4.0,5103,30910,0.03091,0.07874662500000795,0.011852500000031796,0,0.0,15.309,28.0,5007.765888,5.007765888,15.023297664,0.11044488977955912,0.000144,1.6e-05,sparse,CountSketch random projection,countsketch_random_projection,0.014,0.9583733320182416,0.9251477138823375,0.006018957999970098,0.0822949999999878,0.00011212499998691783,0.04031808299998829,0.12272929099998464,0.9999992897715855,0.6891909802559938,0.21332433300000275,1.3462409999997362,0.12966229099998827,4.516260147094727,640.44921875,640.44921875,0.0,,,,,,,,,,,,,0.0005234170000107952,163.0,0.0,11.0,1.0,0.0005285839999942255,0.017077500000027612,0.04296195799997804,0.0031291250000435866,0.017919874999961394,0.00010700000001406806
1000,8,120260514,3,3,4.0,5073,30802,0.030802,0.08150033300000814,0.012011832999974104,0,0.0,15.219,27.0,5007.765888,5.007765888,15.023297664,0.11044488977955912,0.000144,1.6e-05,sparse,Non-random,non_random,0.021,0.9379251296714147,0.8960069816534939,0.008572791999995388,0.017192875000034746,0.00014329200001839126,0.04289041599997745,0.060235583000007864,0.9999999999999994,0.6958767073510859,0.15373874900001283,0.7257759999997688,0.06975316699998757,1.0684967041015625,640.45703125,640.4921875,0.03515625,,,,,,,,,,,,,,,,,,,,,,,
1000,8,120260514,3,3,4.0,5073,30802,0.030802,0.08150033300000814,0.012011832999974104,0,0.0,15.219,27.0,5007.765888,5.007765888,15.023297664,0.11044488977955912,0.000144,1.6e-05,sparse,Gaussian random projection,gaussian_random_projection,0.021,0.9379172359427831,0.8964762668309868,0.006018792000020312,0.08092837499998495,0.00017324999998891144,0.04019291700001304,0.12129983300002323,0.9999990367489571,0.695617780711944,0.21480670799996915,1.3435319999998683,0.1282455000000482,5.7410688400268555,640.4921875,640.515625,0.0234375,0.0018449589999818272,0.014172291000022597,0.044252749999998287,0.0026596669999889855,0.017866167000022415,9.387500000457294e-05,,,,,,,,,,,,,,,,,
1000,8,120260514,3,3,4.0,5073,30802,0.030802,0.08150033300000814,0.012011832999974104,0,0.0,15.219,27.0,5007.765888,5.007765888,15.023297664,0.11044488977955912,0.000144,1.6e-05,sparse,Random sampling,random_sampling,0.054,0.8443209267824835,0.7764734965954636,0.00610683299998982,0.024418874999980744,8.224999999129068e-05,0.0481080830000451,0.07261370800000577,1.0565956931450073,0.7952532944217858,0.16612137399999938,0.8342920000000049,0.07960412500000302,1.437148094177246,640.515625,640.515625,0.0,,,,,,,0.0017866250000224682,0.022612082999955874,15901.0,11051.0,0.7,21408.0,,,,,,,,,,,
1000,8,120260514,3,3,4.0,5073,30802,0.030802,0.08150033300000814,0.012011832999974104,0,0.0,15.219,27.0,5007.765888,5.007765888,15.023297664,0.11044488977955912,0.000144,1.6e-05,sparse,CountSketch random projection,countsketch_random_projection,0.021,0.9379341475940308,0.8959259227579135,0.005995666999979221,0.08152612499998213,0.00011749999998755811,0.04152525000000651,0.12317337499996484,0.9999992105792906,0.69562030303307,0.21668104099995844,1.3709250000001703,0.13004795800003421,4.515024185180664,640.515625,640.515625,0.0,,,,,,,,,,,,,0.0005211670000448976,163.0,1.0,13.0,0.0,0.0005275420000430131,0.015755417000036687,0.044351582999979655,0.002601000000026943,0.017639165999980833,8.550000001150693e-05
1000,9,120260515,3,3,4.0,5005,30418,0.030418,0.0733536660000027,0.01176087499999312,0,0.0,15.015,30.0,5007.765888,5.007765888,15.023297664,0.11044488977955912,0.000144,1.6e-05,sparse,Non-random,non_random,0.023,0.9320623540984048,0.8881055946027719,0.005968625000036809,0.016605416000004425,8.062500000960426e-05,0.039950583000006645,0.05664250000000948,0.9999999999999994,0.6910299083415611,0.1417511650000165,0.6590730000002623,0.06348733300001186,1.0553131103515625,640.515625,640.515625,0.0,,,,,,,,,,,,,,,,,,,,,,,
1000,9,120260515,3,3,4.0,5005,30418,0.030418,0.0733536660000027,0.01176087499999312,0,0.0,15.015,30.0,5007.765888,5.007765888,15.023297664,0.11044488977955912,0.000144,1.6e-05,sparse,Gaussian random projection,gaussian_random_projection,0.022,0.9349699986991896,0.892543223925595,0.006110625000019354,0.08489274999999452,0.00011870800000224335,0.03620891700001039,0.12122500000003811,0.9999991450188989,0.6908366504360185,0.20633491600000298,1.3451450000002296,0.12881991699998707,5.7366743087768555,640.515625,640.515625,0.0,0.0026601249999771426,0.01670591700002433,0.044936375000020234,0.0026338749999581523,0.0178363329999911,8.020900003202769e-05,,,,,,,,,,,,,,,,,
1000,9,120260515,3,3,4.0,5005,30418,0.030418,0.0733536660000027,0.01176087499999312,0,0.0,15.015,30.0,5007.765888,5.007765888,15.023297664,0.11044488977955912,0.000144,1.6e-05,sparse,Random sampling,random_sampling,0.059,0.8303997478844014,0.7602324530834437,0.005967166000004909,0.024762833000011142,7.370800000217059e-05,0.048417749999998705,0.07325833400000192,1.0658085322185584,0.7916087733264465,0.15836883200000784,0.8021359999997912,0.0801010829999882,1.4256677627563477,640.515625,640.515625,0.0,,,,,,,0.0017760000000066611,0.022970041999997193,15709.0,10997.0,0.7,21292.0,,,,,,,,,,,
1000,9,120260515,3,3,4.0,5005,30418,0.030418,0.0733536660000027,0.01176087499999312,0,0.0,15.015,30.0,5007.765888,5.007765888,15.023297664,0.11044488977955912,0.000144,1.6e-05,sparse,CountSketch random projection,countsketch_random_projection,0.023,0.9319970831048334,0.8886157263032645,0.005973458999960712,0.07793904100003601,0.00011112499998944259,0.04384412499996415,0.12189875000001393,0.9999990173840694,0.6908128911121824,0.20700883199998543,1.2403529999996863,0.1287397919999762,4.510629653930664,640.515625,640.515625,0.0,,,,,,,,,,,,,0.0005146249999938846,163.0,1.0,15.0,0.0,0.0005183339999916825,0.012431125000034626,0.04490837499997724,0.002501458000040202,0.016911083000024973,0.00011762499997303166
1000,10,120260516,3,3,4.0,4903,29812,0.029812,0.0817434589999948,0.011743999999964672,0,0.0,14.709,29.0,5007.765888,5.007765888,15.023297664,0.11044488977955912,0.000144,1.6e-05,sparse,Non-random,non_random,0.019,0.9437541026817046,0.9050226928099067,0.005969750000019758,0.01630387500000552,7.429099997580124e-05,0.042542916999991576,0.05892754199999217,0.9999999999999994,0.6984991781390153,0.15240854199993237,0.6941870000000563,0.06583433400004424,1.0345077514648438,640.515625,640.515625,0.0,,,,,,,,,,,,,,,,,,,,,,,
1000,10,120260516,3,3,4.0,4903,29812,0.029812,0.0817434589999948,0.011743999999964672,0,0.0,14.709,29.0,5007.765888,5.007765888,15.023297664,0.11044488977955912,0.000144,1.6e-05,sparse,Gaussian random projection,gaussian_random_projection,0.021,0.9379520751001656,0.8970160638728987,0.006400916000018242,0.08515008399996304,0.00017412500000091313,0.04415779100003192,0.12948808300001247,0.9999993818922244,0.6982660652778391,0.22296945899995535,1.3963410000001204,0.13680841600000804,5.729739189147949,640.515625,640.515625,0.0,0.001841541999965557,0.01816845800004785,0.044543665999981386,0.002534459000003153,0.017912958000010804,0.00010537499997553823,,,,,,,,,,,,,,,,,
1000,10,120260516,3,3,4.0,4903,29812,0.029812,0.0817434589999948,0.011743999999964672,0,0.0,14.709,29.0,5007.765888,5.007765888,15.023297664,0.11044488977955912,0.000144,1.6e-05,sparse,Random sampling,random_sampling,0.032,0.9061159660228832,0.8515118152690779,0.00595533300003126,0.025404124999965916,7.875000000012733e-05,0.044433292000007896,0.0699201250000101,1.06519781724498,0.8036461834159881,0.1634036259999334,0.8041039999998247,0.07674866700000393,1.3974981307983398,640.515625,640.515625,0.0,,,,,,,0.001756750000026841,0.023627250000004096,15406.0,10766.0,0.7,20821.0,,,,,,,,,,,
1000,10,120260516,3,3,4.0,4903,29812,0.029812,0.0817434589999948,0.011743999999964672,0,0.0,14.709,29.0,5007.765888,5.007765888,15.023297664,0.11044488977955912,0.000144,1.6e-05,sparse,CountSketch random projection,countsketch_random_projection,0.021,0.9379443687105516,0.9003055716882666,0.005950750000010885,0.07987287500003504,0.00012145900001314658,0.04218037500004357,0.12217899999996007,0.9999993125218777,0.6982073369638345,0.21566216800005122,1.3480070000000524,0.12905191699996976,4.503694534301758,640.515625,640.515625,0.0,,,,,,,,,,,,,0.0005263749999926404,163.0,0.0,14.0,1.0,0.0005157500000336768,0.012231499999984408,0.045093874999963646,0.002470874999971784,0.018875500000035572,0.00011699999998882049
2000,1,220260507,3,3,4.0,9950,61036,0.015259,0.14490804099995103,0.021871332999978677,0,0.0,14.925,30.0,10044.77184,5.02238592,15.067157759999999,0.11077788894447224,3.6e-05,4e-06,sparse,Non-random,non_random,0.0155,0.9539923997944445,0.9179284614009847,0.008862042000032488,0.023268167000026097,8.462499999950523e-05,0.04824054200003047,0.07159937500000524,0.9999999999999998,0.6947431597368339,0.23837270799998578,0.8204259999997703,0.08162875000004988,2.1141281127929688,640.515625,640.5234375,0.0078125,,,,,,,,,,,,,,,,,,,,,,,
2000,1,220260507,3,3,4.0,9950,61036,0.015259,0.14490804099995103,0.021871332999978677,0,0.0,14.925,30.0,10044.77184,5.02238592,15.067157759999999,0.11077788894447224,3.6e-05,4e-06,sparse,Gaussian random projection,gaussian_random_projection,0.018,0.9466960529140019,0.9073362466178267,0.008642333000011604,0.12116570799997817,0.00015220900002077542,0.05119870800001536,0.1725213749999739,0.9999956132480449,0.6937583572631103,0.339295998999944,1.8755169999999453,0.18226920899996912,11.0652494430542,640.5234375,640.53515625,0.01171875,0.003707709000025261,0.02928816700000425,0.06530862500000012,0.0052506669999843325,0.017433374999995976,0.000137791999975434,,,,,,,,,,,,,,,,,
2000,1,220260507,3,3,4.0,9950,61036,0.015259,0.14490804099995103,0.021871332999978677,0,0.0,14.925,30.0,10044.77184,5.02238592,15.067157759999999,0.11077788894447224,3.6e-05,4e-06,sparse,Random sampling,random_sampling,0.056,0.8390428249664476,0.7692157572974134,0.008806708000008712,0.04316412500003253,0.00014004100000875042,0.06362516600000845,0.10693516699996053,1.0656459160340703,0.8006101485844855,0.27370870599997943,1.2092740000002777,0.1168407909999587,2.7972354888916016,640.53515625,640.53515625,0.0,,,,,,,0.0028925830000048336,0.04023958400000538,31518.0,22141.0,0.7,42884.0,,,,,,,,,,,
2000,1,220260507,3,3,4.0,9950,61036,0.015259,0.14490804099995103,0.021871332999978677,0,0.0,14.925,30.0,10044.77184,5.02238592,15.067157759999999,0.11077788894447224,3.6e-05,4e-06,sparse,CountSketch random projection,countsketch_random_projection,0.019,0.9437861488435617,0.903038125922635,0.008677874999989399,0.1146919590000266,0.00016808399999490575,0.05093783299997767,0.16580212500002744,0.9999958922679687,0.6934918629061847,0.3325772499999289,1.8436189999997623,0.1756147090000013,8.610872268676758,640.53515625,640.53515625,0.0,,,,,,,,,,,,,0.0005526659999759431,163.0,4.0,21.0,0.0,0.0008413749999931497,0.025584833000038998,0.06469929200000024,0.00512250000002723,0.0176978750000103,0.00013675000002422166
2000,2,220260508,3,3,4.0,9936,60952,0.015238,0.1502510419999794,0.02183745799999315,0,0.0,14.904,31.0,10044.77184,5.02238592,15.067157759999999,0.11077788894447224,3.6e-05,4e-06,sparse,Non-random,non_random,0.0225,0.9335597914434196,0.8883756076006206,0.008971624999958294,0.023132083000007242,9.833400002889903e-05,0.05065124999998716,0.07388816699995004,0.9999999999999997,0.6919503835491445,0.24597016699999585,0.8314980000000105,0.08399795799999765,2.1112442016601562,640.53515625,640.53515625,0.0,,,,,,,,,,,,,,,,,,,,,,,
2000,2,220260508,3,3,4.0,9936,60952,0.015238,0.1502510419999794,0.02183745799999315,0,0.0,14.904,31.0,10044.77184,5.02238592,15.067157759999999,0.11077788894447224,3.6e-05,4e-06,sparse,Gaussian random projection,gaussian_random_projection,0.0225,0.9335430235468072,0.8889819450650447,0.00880579099998613,0.11877158400000098,0.00015283299995871857,0.054910042000017256,0.17383991599996307,0.9999954961911691,0.6907327645239185,0.3459229589999495,1.9230689999999413,0.1838064579999923,11.064288139343262,640.53515625,640.53515625,0.0,0.0036812920000102167,0.029152959000043666,0.06325995800000328,0.005360875000008036,0.01715283300001147,0.00012033400003019779,,,,,,,,,,,,,,,,,
2000,2,220260508,3,3,4.0,9936,60952,0.015238,0.1502510419999794,0.02183745799999315,0,0.0,14.904,31.0,10044.77184,5.02238592,15.067157759999999,0.11077788894447224,3.6e-05,4e-06,sparse,Random sampling,random_sampling,0.054,0.8445107097061965,0.7754378808643381,0.008801167000001442,0.04141779100001486,0.00010520900002575218,0.054855750000001535,0.09638312499998847,1.068059744652462,0.7924182140469269,0.2684672500000147,1.1140550000000076,0.1063404590000232,2.7864437103271484,640.53515625,640.53515625,0.0,,,,,,,0.002905249999969328,0.038488916999995126,31476.0,22023.0,0.7,42613.0,,,,,,,,,,,
2000,2,220260508,3,3,4.0,9936,60952,0.015238,0.1502510419999794,0.02183745799999315,0,0.0,14.904,31.0,10044.77184,5.02238592,15.067157759999999,0.11077788894447224,3.6e-05,4e-06,sparse,CountSketch random projection,countsketch_random_projection,0.021,0.937919733347947,0.8954861923712973,0.00885929200001101,0.11372554100000798,0.0001438749999920219,0.05295458399996278,0.16682879100000036,0.9999939779886756,0.6906005823132354,0.33891249999993533,1.842572999999902,0.17680016700001033,8.60991096496582,640.53515625,640.53515625,0.0,,,,,,,,,,,,,0.0005362909999462318,163.0,3.0,20.0,0.0,0.0008321669999986625,0.02563929199999393,0.06436045799995327,0.0052068329999883645,0.016998584000020855,0.00010941599998659512
2000,3,220260509,3,3,4.0,10060,61716,0.015429,0.14876979199999596,0.02255937500001437,0,0.0,15.09,30.0,10044.77184,5.02238592,15.067157759999999,0.11077788894447224,3.6e-05,4e-06,sparse,Non-random,non_random,0.0165,0.9510760050398539,0.9153161116517063,0.00886779199998955,0.023264584000003197,0.0001084579999997004,0.0461019159999978,0.06948141700001997,1.0000000000000002,0.6912115191774938,0.24080412500001103,0.7858860000001187,0.07953399999996691,2.1374740600585938,640.53515625,640.53515625,0.0,,,,,,,,,,,,,,,,,,,,,,,
2000,3,220260509,3,3,4.0,10060,61716,0.015429,0.14876979199999596,0.02255937500001437,0,0.0,15.09,30.0,10044.77184,5.02238592,15.067157759999999,0.11077788894447224,3.6e-05,4e-06,sparse,Gaussian random projection,gaussian_random_projection,0.018,0.9466966543762219,0.9074497885733115,0.008852250000018103,0.12023874999999862,0.00013695899997401284,0.05207050000001345,0.17245129100001577,0.999994302152597,0.6897409344283996,0.3437753759999964,1.8968899999999849,0.18257341700001462,11.073031425476074,640.53515625,640.53515625,0.0,0.0036288339999828167,0.030543582999996488,0.06308074999998325,0.005094082999960392,0.017685374999985015,0.0001726670000152808,,,,,,,,,,,,,,,,,
2000,3,220260509,3,3,4.0,10060,61716,0.015429,0.14876979199999596,0.02255937500001437,0,0.0,15.09,30.0,10044.77184,5.02238592,15.067157759999999,0.11077788894447224,3.6e-05,4e-06,sparse,Random sampling,random_sampling,0.059,0.8308372495011892,0.7617467721065745,0.00880904199999577,0.04195279200001778,0.00010270799998579605,0.061369834000004175,0.10343037499995944,1.0616935985398477,0.7910092377621774,0.2747545010000181,1.1814379999996163,0.11338391700002148,2.8241310119628906,640.53515625,640.53515625,0.0,,,,,,,0.0029317499999592656,0.038996958999973685,31858.0,22331.0,0.7,43278.0,,,,,,,,,,,
2000,3,220260509,3,3,4.0,10060,61716,0.015429,0.14876979199999596,0.02255937500001437,0,0.0,15.09,30.0,10044.77184,5.02238592,15.067157759999999,0.11077788894447224,3.6e-05,4e-06,sparse,CountSketch random projection,countsketch_random_projection,0.0195,0.9423363085895723,0.9019824681790277,0.008771249999995234,0.11504987500001107,0.00021075000000791988,0.05779412499998671,0.17306037500003413,0.9999948772339143,0.689599889744979,0.344383917000016,1.9011390000000574,0.1829334999999901,8.618654251098633,640.53515625,640.53515625,0.0,,,,,,,,,,,,,0.0005373340000005555,163.0,3.0,23.0,0.0,0.0008439999999723113,0.025702582999997503,0.06478054100000463,0.005534207999971841,0.017483416999994006,0.00011645899996892695
2000,4,220260510,3,3,4.0,10068,61702,0.0154255,0.15261808299999302,0.02369804199997816,0,0.0,15.102,30.0,10044.77184,5.02238592,15.067157759999999,0.11077788894447224,3.6e-05,4e-06,sparse,Non-random,non_random,0.016,0.9525509672093726,0.9158345146605824,0.008821042000022317,0.023370666999994683,9.470800000599411e-05,0.045270125000001826,0.06874129200002699,0.9999999999999996,0.6887840166669333,0.24505162499997368,0.7528580000002876,0.07868916699999318,2.136993408203125,640.53515625,640.53515625,0.0,,,,,,,,,,,,,,,,,,,,,,,
2000,4,220260510,3,3,4.0,10068,61702,0.0154255,0.15261808299999302,0.02369804199997816,0,0.0,15.102,30.0,10044.77184,5.02238592,15.067157759999999,0.11077788894447224,3.6e-05,4e-06,sparse,Gaussian random projection,gaussian_random_projection,0.021,0.93797595624284,0.8949888232050964,0.008751500000016676,0.12085420799996882,0.00016566599998668607,0.052763875000039206,0.17378820800001904,0.9999959864662941,0.6869168698987245,0.3500998739999659,1.861909000000196,0.1836488749999603,11.072871208190918,640.53515625,640.546875,0.01171875,0.0037122500000350556,0.02969862499998044,0.06391091599999754,0.005088415999978224,0.018273916999987705,0.00013229099999989558,,,,,,,,,,,,,,,,,
2000,4,220260510,3,3,4.0,10068,61702,0.0154255,0.15261808299999302,0.02369804199997816,0,0.0,15.102,30.0,10044.77184,5.02238592,15.067157759999999,0.11077788894447224,3.6e-05,4e-06,sparse,Random sampling,random_sampling,0.0605,0.8266873888126657,0.7555413857669334,0.008913415999984409,0.04199199999999337,9.358400001246991e-05,0.06293345899996439,0.10502424999998539,1.0702188925146578,0.7918506232865735,0.2813351679999414,1.1988080000000991,0.11512541700000156,2.8285932540893555,640.546875,640.546875,0.0,,,,,,,0.0029140000000325017,0.03905345800001214,31851.0,22409.0,0.7,43408.0,,,,,,,,,,,
2000,4,220260510,3,3,4.0,10068,61702,0.0154255,0.15261808299999302,0.02369804199997816,0,0.0,15.102,30.0,10044.77184,5.02238592,15.067157759999999,0.11077788894447224,3.6e-05,4e-06,sparse,CountSketch random projection,countsketch_random_projection,0.022,0.9350250517963444,0.8900465751874361,0.008825415999979214,0.13239958299999444,0.00014575000000149885,0.051076374999979635,0.18362633399999595,0.9999948350459537,0.6875309035391334,0.35993783299994675,1.8196680000000924,0.19357004200003303,8.618494033813477,640.546875,640.546875,0.0,,,,,,,,,,,,,0.000547541999992518,163.0,5.0,26.0,0.0,0.0008347080000135065,0.02613683299995273,0.0817840409999917,0.005568250000010266,0.01733041699998239,0.0001521660000207703
2000,5,220260511,3,3,4.0,10277,62980,0.015745,0.1640567499999861,0.0229062089999843,0,0.0,15.4155,29.0,10044.77184,5.02238592,15.067157759999999,0.11077788894447224,3.6e-05,4e-06,sparse,Non-random,non_random,0.019,0.9437864448503819,0.9031440804988091,0.008804333999989922,0.022857624999971904,8.750000000645741e-05,0.05309695800002601,0.07604800000001433,0.9999999999999999,0.6940334002945691,0.26300504199997476,0.8465949999999793,0.08607000000000653,2.1808700561523438,640.546875,640.546875,0.0,,,,,,,,,,,,,,,,,,,,,,,
2000,5,220260511,3,3,4.0,10277,62980,0.015745,0.1640567499999861,0.0229062089999843,0,0.0,15.4155,29.0,10044.77184,5.02238592,15.067157759999999,0.11077788894447224,3.6e-05,4e-06,sparse,Gaussian random projection,gaussian_random_projection,0.0165,0.9510945823682402,0.9138267574878242,0.008867917000031866,0.12053929199998947,0.0001605420000032609,0.0520883330000288,0.1727925420000247,0.9999961262937049,0.6929058294763791,0.3597511259999919,1.914234000000306,0.1828046249999602,11.087496757507324,640.546875,640.55859375,0.01171875,0.0035657089999858727,0.029758332999961112,0.06388766700001725,0.005021916999965015,0.018098624999993262,0.00016787499998827116,,,,,,,,,,,,,,,,,
2000,5,220260511,3,3,4.0,10277,62980,0.015745,0.1640567499999861,0.0229062089999843,0,0.0,15.4155,29.0,10044.77184,5.02238592,15.067157759999999,0.11077788894447224,3.6e-05,4e-06,sparse,Random sampling,random_sampling,0.0425,0.876489617936046,0.8152028772937963,0.00861379200000556,0.04238629200000332,9.137500001088483e-05,0.05659287500003529,0.09907487499998524,1.062529973902319,0.7941852021533805,0.2860335010000199,1.147628000000168,0.10883591700002171,2.869734764099121,640.55859375,640.55859375,0.0,,,,,,,0.0029643330000226342,0.03939724999997907,32490.0,22638.0,0.7,43874.0,,,,,,,,,,,
2000,5,220260511,3,3,4.0,10277,62980,0.015745,0.1640567499999861,0.0229062089999843,0,0.0,15.4155,29.0,10044.77184,5.02238592,15.067157759999999,0.11077788894447224,3.6e-05,4e-06,sparse,CountSketch random projection,countsketch_random_projection,0.017,0.9496069883378573,0.9111810359454535,0.00873212499999454,0.1139653330000101,0.00022400000000288856,0.05240950000001021,0.16660604199995532,0.9999966146882644,0.6927597928439777,0.3535617919999936,1.8435810000000856,0.17648691700003383,8.633119583129883,640.55859375,640.55859375,0.0,,,,,,,,,,,,,0.0005849579999903654,163.0,5.0,20.0,0.0,0.0009248750000097061,0.02625204200001008,0.06342137500001854,0.004996458999983133,0.017602542000020094,0.00011349999999765714
2000,6,220260512,3,3,4.0,10228,62702,0.0156755,0.15555612500003235,0.02213141700002552,0,0.0,15.342,31.0,10044.77184,5.02238592,15.067157759999999,0.11077788894447224,3.6e-05,4e-06,sparse,Non-random,non_random,0.017,0.9496172182231049,0.9114150459377077,0.008945957999969778,0.025196375000007265,0.00010624999998753992,0.044706749999988915,0.07001550000001089,1.0000000000000002,0.6855798603879364,0.2476969170000416,0.7676480000000083,0.08012391599999091,2.17132568359375,640.55859375,640.55859375,0.0,,,,,,,,,,,,,,,,,,,,,,,
2000,6,220260512,3,3,4.0,10228,62702,0.0156755,0.15555612500003235,0.02213141700002552,0,0.0,15.342,31.0,10044.77184,5.02238592,15.067157759999999,0.11077788894447224,3.6e-05,4e-06,sparse,Gaussian random projection,gaussian_random_projection,0.0175,0.9481655470782193,0.909719755354073,0.008827499999995325,0.1216709170000172,0.0001515419999691403,0.054965957999968396,0.1767933329999778,0.9999957498580727,0.6842285004985682,0.3544759590000126,1.9345650000000205,0.18678949999997485,11.084315299987793,640.55859375,640.55859375,0.0,0.0036314580000293972,0.030307166000000052,0.06504058299998405,0.005082666000021163,0.017457624999963173,0.00011479200003350343,,,,,,,,,,,,,,,,,
2000,6,220260512,3,3,4.0,10228,62702,0.0156755,0.15555612500003235,0.02213141700002552,0,0.0,15.342,31.0,10044.77184,5.02238592,15.067157759999999,0.11077788894447224,3.6e-05,4e-06,sparse,Random sampling,random_sampling,0.056,0.8392136232961693,0.7707634366691256,0.008676165999986551,0.04399766700004193,0.0001404160000220145,0.06243879200002311,0.10658283300000448,1.072371126090826,0.7922626523487841,0.28426441700014493,1.183886999999686,0.11644025000003921,2.8775720596313477,640.55859375,640.55859375,0.0,,,,,,,0.0029865409999842996,0.04097695899997689,32351.0,22839.0,0.7,44249.0,,,,,,,,,,,
2000,6,220260512,3,3,4.0,10228,62702,0.0156755,0.15555612500003235,0.02213141700002552,0,0.0,15.342,31.0,10044.77184,5.02238592,15.067157759999999,0.11077788894447224,3.6e-05,4e-06,sparse,CountSketch random projection,countsketch_random_projection,0.0175,0.9481442482060244,0.9089784607880494,0.011796290999996017,0.11477662499999042,0.00021466700002292782,0.05319612499999948,0.16819295799996326,0.9999964939820889,0.684346895784096,0.3458749590000707,1.8806939999999486,0.18121916600000532,8.629938125610352,640.55859375,640.58203125,0.0234375,,,,,,,,,,,,,0.0005472080000004098,163.0,4.0,22.0,0.0,0.0008527079999680609,0.02614049999999679,0.06395266699996682,0.005095292000021345,0.01801150000000007,0.0001222079999934067
2000,7,220260513,3,3,4.0,10053,61638,0.0154095,0.15722425000001294,0.022095291000027828,0,0.0,15.0795,28.0,10044.77184,5.02238592,15.067157759999999,0.11077788894447224,3.6e-05,4e-06,sparse,Non-random,non_random,0.017,0.9496370925961556,0.9126536977549308,0.011034875000007105,0.024645583000051374,9.720799999968222e-05,0.04800745900001857,0.07275691700004927,0.9999999999999998,0.6892642362332382,0.2520697910001104,0.818485000000237,0.08498458299999356,2.134796142578125,640.58203125,640.58203125,0.0,,,,,,,,,,,,,,,,,,,,,,,
2000,7,220260513,3,3,4.0,10053,61638,0.0154095,0.15722425000001294,0.022095291000027828,0,0.0,15.0795,28.0,10044.77184,5.02238592,15.067157759999999,0.11077788894447224,3.6e-05,4e-06,sparse,Gaussian random projection,gaussian_random_projection,0.0175,0.948150663882868,0.910113815301985,0.008900124999968284,0.12113658300000907,0.00014787499998192288,0.0529065830000377,0.17419554200000675,0.9999947637979151,0.6878927214462689,0.35351058200006946,1.9050520000000688,0.18422941700004003,11.072138786315918,640.58203125,640.58203125,0.0,0.003671833999987939,0.029347624999957134,0.0649230829999965,0.005197582999983297,0.017840667000029953,0.00011737500000208456,,,,,,,,,,,,,,,,,
2000,7,220260513,3,3,4.0,10053,61638,0.0154095,0.15722425000001294,0.022095291000027828,0,0.0,15.0795,28.0,10044.77184,5.02238592,15.067157759999999,0.11077788894447224,3.6e-05,4e-06,sparse,Random sampling,random_sampling,0.0685,0.8050101055030112,0.7315363067733055,0.00888950000000932,0.04301500000002534,8.666699994819282e-05,0.06178516599999284,0.10489112499999464,1.0560518698185355,0.7842213116357525,0.28420637400000714,1.1916570000003048,0.11492895800000724,2.808028221130371,640.58203125,640.58203125,0.0,,,,,,,0.0028952079999839953,0.04009895800004415,31819.0,22117.0,0.7,42862.0,,,,,,,,,,,
2000,7,220260513,3,3,4.0,10053,61638,0.0154095,0.15722425000001294,0.022095291000027828,0,0.0,15.0795,28.0,10044.77184,5.02238592,15.067157759999999,0.11077788894447224,3.6e-05,4e-06,sparse,CountSketch random projection,countsketch_random_projection,0.015,0.9554709400942966,0.920978647881618,0.008785625000029995,0.11540995799998655,0.0001519589999929849,0.05345704100000148,0.16902445799996713,0.9999948109053312,0.6877306907617525,0.3483384990000218,1.8540829999997186,0.17897641599995495,8.617761611938477,640.58203125,640.58203125,0.0,,,,,,,,,,,,,0.0005763749999800893,163.0,3.0,22.0,0.0,0.0008518340000023272,0.027933000000018637,0.06320299999998724,0.005037125000001197,0.01761741699999675,0.00014495799996439018
2000,8,220260514,3,3,4.0,10008,61392,0.015348,0.15451316700000461,0.022102958000004946,0,0.0,15.012,30.0,10044.77184,5.02238592,15.067157759999999,0.11077788894447224,3.6e-05,4e-06,sparse,Non-random,non_random,0.0145,0.9569437477079561,0.9223797897056857,0.00867649999997866,0.02315099999998438,9.320799995293783e-05,0.04392720799995686,0.06717766699995309,1.0000000000000004,0.6901095662881896,0.24378754099990374,0.750485000000026,0.07706204200002276,2.1263504028320312,640.58203125,640.58203125,0.0,,,,,,,,,,,,,,,,,,,,,,,
2000,8,220260514,3,3,4.0,10008,61392,0.015348,0.15451316700000461,0.022102958000004946,0,0.0,15.012,30.0,10044.77184,5.02238592,15.067157759999999,0.11077788894447224,3.6e-05,4e-06,sparse,Gaussian random projection,gaussian_random_projection,0.0165,0.9510505683371576,0.9141449605065802,0.00878162499998325,0.11909700000001067,0.00014329100002896666,0.057316582999987986,0.17656137500000568,0.999995570064103,0.6888406210494189,0.3531729990000372,1.9541079999999056,0.18648279199999251,11.069323539733887,640.58203125,640.58203125,0.0,0.0036858330000200112,0.02925812500001257,0.06306525000002239,0.005306166000025314,0.017592750000005708,0.0001535420000209342,,,,,,,,,,,,,,,,,
2000,8,220260514,3,3,4.0,10008,61392,0.015348,0.15451316700000461,0.022102958000004946,0,0.0,15.012,30.0,10044.77184,5.02238592,15.067157759999999,0.11077788894447224,3.6e-05,4e-06,sparse,Random sampling,random_sampling,0.059,0.8306673424447918,0.7594387496522735,0.008695208000006005,0.043596374999992804,9.56249999717329e-05,0.059305917000017416,0.1030026249999878,1.0640314279629246,0.7934231099546065,0.2796140419999915,1.1676449999999932,0.11281799999994746,2.8024826049804688,640.58203125,640.58203125,0.0,,,,,,,0.002880917000027239,0.04069545799995922,31696.0,22121.0,0.7,42832.0,,,,,,,,,,,
2000,8,220260514,3,3,4.0,10008,61392,0.015348,0.15451316700000461,0.022102958000004946,0,0.0,15.012,30.0,10044.77184,5.02238592,15.067157759999999,0.11077788894447224,3.6e-05,4e-06,sparse,CountSketch random projection,countsketch_random_projection,0.0195,0.9423384740626477,0.9011467037875022,0.008739791000039077,0.1137826670000095,0.0001431659999866497,0.055450916000040706,0.1693815830000176,0.9999950301819202,0.6887972266010581,0.3459928740000464,1.8670520000000579,0.17927170800004433,8.614946365356445,640.58203125,640.58203125,0.0,,,,,,,,,,,,,0.0005793329999619345,163.0,4.0,25.0,0.0,0.000846832999968683,0.025715667000042686,0.06340170800001488,0.005086790999996538,0.017967042000009315,0.00013866700004427912
2000,9,220260515,3,3,4.0,9926,60908,0.015227,0.15057624999997188,0.021899750000045515,0,0.0,14.889,29.0,10044.77184,5.02238592,15.067157759999999,0.11077788894447224,3.6e-05,4e-06,sparse,Non-random,non_random,0.0165,0.951074753742533,0.9135889281644992,0.00870274999999765,0.023669290999976056,9.275000002162415e-05,0.04506420800004207,0.06883220800000345,1.0,0.6979135926361392,0.24130224900005715,0.7753210000000763,0.07865691699998933,2.1097335815429688,640.58203125,640.58203125,0.0,,,,,,,,,,,,,,,,,,,,,,,
2000,9,220260515,3,3,4.0,9926,60908,0.015227,0.15057624999997188,0.021899750000045515,0,0.0,14.889,29.0,10044.77184,5.02238592,15.067157759999999,0.11077788894447224,3.6e-05,4e-06,sparse,Gaussian random projection,gaussian_random_projection,0.019,0.9437402482486996,0.9032527606324425,0.008925540999996429,0.1193181250000066,0.0002378749999820684,0.05224412500001563,0.17180875000002516,0.9999958557193421,0.6964870788228157,0.3442761250000217,1.9029640000003383,0.18184237500003064,11.0637845993042,640.58203125,640.58203125,0.0,0.003688082999985909,0.029147000000023127,0.06386291699999447,0.005102083000053881,0.01735054199997421,0.00012404099999230311,,,,,,,,,,,,,,,,,
2000,9,220260515,3,3,4.0,9926,60908,0.015227,0.15057624999997188,0.021899750000045515,0,0.0,14.889,29.0,10044.77184,5.02238592,15.067157759999999,0.11077788894447224,3.6e-05,4e-06,sparse,Random sampling,random_sampling,0.05,0.8557675408110333,0.790558391911191,0.011695083999995859,0.04281520800003591,8.816599995498109e-05,0.06313191699996423,0.10604091599998355,1.0606731108698015,0.7961120152290662,0.2785112909999725,1.243832999999995,0.11887829199997668,2.778871536254883,640.58203125,640.58203125,0.0,,,,,,,0.0028776670000070226,0.039916541999957644,31454.0,21917.0,0.7,42426.0,,,,,,,,,,,
2000,9,220260515,3,3,4.0,9926,60908,0.015227,0.15057624999997188,0.021899750000045515,0,0.0,14.889,29.0,10044.77184,5.02238592,15.067157759999999,0.11077788894447224,3.6e-05,4e-06,sparse,CountSketch random projection,countsketch_random_projection,0.019,0.9437875075398185,0.9030381804751754,0.008731167000007645,0.11904879200000096,0.00015324999998256317,0.049907249999989745,0.16911408300001085,0.9999956482351025,0.696764008111275,0.34158529199999066,1.8759289999998146,0.1789886660000093,8.609407424926758,640.58203125,640.58203125,0.0,,,,,,,,,,,,,0.0005531670000209488,163.0,3.0,22.0,0.0,0.0008263749999741776,0.030576875000008386,0.0637307920000012,0.004921124999953008,0.01820537499997954,0.00018887499999209467
2000,10,220260516,3,3,4.0,10159,62302,0.0155755,0.15606675000003634,0.022083541000029072,0,0.0,15.2385,33.0,10044.77184,5.02238592,15.067157759999999,0.11077788894447224,3.6e-05,4e-06,sparse,Non-random,non_random,0.0135,0.9598701744062085,0.927435448638525,0.008912042000019937,0.02372766700000284,0.00013929199997164687,0.04820779100003847,0.07208379200000081,1.0000000000000004,0.6972986963713811,0.25022504100007836,0.8064789999998538,0.08214312500001597,2.1575927734375,640.58203125,640.58203125,0.0,,,,,,,,,,,,,,,,,,,,,,,
2000,10,220260516,3,3,4.0,10159,62302,0.0155755,0.15606675000003634,0.022083541000029072,0,0.0,15.2385,33.0,10044.77184,5.02238592,15.067157759999999,0.11077788894447224,3.6e-05,4e-06,sparse,Gaussian random projection,gaussian_random_projection,0.016,0.9525021319482261,0.9169485694975545,0.008763041999998222,0.12225937499999873,0.00014862500000845102,0.047925582999994276,0.17033833300001788,0.999995552068689,0.6959851535878776,0.34848387400006686,1.8431279999999788,0.18022695799999155,11.079737663269043,640.58203125,640.58203125,0.0,0.0038487499999746433,0.0307793340000444,0.06408408400000098,0.00527574999995295,0.018077708000021175,0.00014633400002139751,,,,,,,,,,,,,,,,,
2000,10,220260516,3,3,4.0,10159,62302,0.0155755,0.15606675000003634,0.022083541000029072,0,0.0,15.2385,33.0,10044.77184,5.02238592,15.067157759999999,0.11077788894447224,3.6e-05,4e-06,sparse,Random sampling,random_sampling,0.039,0.8864325633843153,0.82762413434564,0.00881416699996862,0.04294220799999948,0.0001460830000041824,0.06252712499997415,0.10562170800000104,1.0598574567217078,0.7943937146977703,0.2837657070000432,1.205525000000307,0.11564629200000809,2.8383312225341797,640.58203125,640.58203125,0.0,,,,,,,0.0029894169999806763,0.03991991700002018,32151.0,22380.0,0.7,43351.0,,,,,,,,,,,
2000,10,220260516,3,3,4.0,10159,62302,0.0155755,0.15606675000003634,0.022083541000029072,0,0.0,15.2385,33.0,10044.77184,5.02238592,15.067157759999999,0.11077788894447224,3.6e-05,4e-06,sparse,CountSketch random projection,countsketch_random_projection,0.014,0.9583746317644145,0.9262548952192446,0.008919417000015528,0.11340174999997998,0.00014354199998933836,0.05278029199996581,0.16633112499999925,0.9999970580432918,0.6963722814788426,0.34447587500000054,1.7928710000001047,0.1764712089999989,8.625360488891602,640.58203125,640.58203125,0.0,,,,,,,,,,,,,0.0005416249999825595,163.0,5.0,22.0,0.0,0.0008382920000258309,0.026095083000029717,0.06329316699998344,0.005266167000002042,0.017205375000003187,0.00012266600003840722
3000,1,320260507,3,3,4.0,15175,93378,0.010375333333333334,0.22814508300001535,0.03268224999999347,0,0.0,15.175,31.0,15081.793777777777,5.0272645925925925,15.081793777777778,0.11088886422225243,1.6e-05,1.7777777777777777e-06,sparse,Non-random,non_random,0.017333333333333333,0.9486446716595762,0.9101984368453111,0.011782291999963945,0.03497349999997823,0.00011229200003981532,0.06472841599997992,0.09982045900000003,1.0000000000000002,0.6904953041495434,0.3606415410000068,1.1119429999998829,0.1130579169999919,3.2321319580078125,640.65234375,640.65234375,0.0,,,,,,,,,,,,,,,,,,,,,,,
3000,1,320260507,3,3,4.0,15175,93378,0.010375333333333334,0.22814508300001535,0.03268224999999347,0,0.0,15.175,31.0,15081.793777777777,5.0272645925925925,15.081793777777778,0.11088886422225243,1.6e-05,1.7777777777777777e-06,sparse,Gaussian random projection,gaussian_random_projection,0.020666666666666667,0.9389298443307609,0.8956992370689992,0.011562208999976065,0.15643308300002445,0.00018195800004150442,0.062195292000012614,0.2188153330000091,0.9999912828769582,0.6874570328265328,0.4796376660000874,2.409983000000011,0.23184670799997775,16.413554191589355,640.65234375,642.01171875,1.359375,0.0055789169999798105,0.04538874999997233,0.08038437499999418,0.007814333999988321,0.016893499999980577,0.000330292000001009,,,,,,,,,,,,,,,,,
3000,1,320260507,3,3,4.0,15175,93378,0.010375333333333334,0.22814508300001535,0.03268224999999347,0,0.0,15.175,31.0,15081.793777777777,5.0272645925925925,15.081793777777778,0.11088886422225243,1.6e-05,1.7777777777777777e-06,sparse,Random sampling,random_sampling,0.056666666666666664,0.8373275629965362,0.7677992506988396,0.011483166000004985,0.05907145800000535,9.462499997425766e-05,0.07327125000000478,0.13244191600000477,1.0644022341677575,0.7918687013622948,0.3932646659999932,1.525669999999991,0.14532795899998519,4.235180854797363,642.01171875,642.015625,0.00390625,,,,,,,0.004108459000008224,0.05494304199999078,48189.0,33757.0,0.7,65413.0,,,,,,,,,,,
3000,1,320260507,3,3,4.0,15175,93378,0.010375333333333334,0.22814508300001535,0.03268224999999347,0,0.0,15.175,31.0,15081.793777777777,5.0272645925925925,15.081793777777778,0.11088886422225243,1.6e-05,1.7777777777777777e-06,sparse,CountSketch random projection,countsketch_random_projection,0.021,0.93794073941395,0.8952182406083862,0.01149383299997453,0.15090070799999467,0.0002684580000504866,0.06267829099999744,0.21385304099999303,0.9999902497418229,0.6883814622041694,0.4746747900000514,2.1738069999996696,0.2267418330000055,12.730844497680664,642.015625,642.015625,0.0,,,,,,,,,,,,,0.0005716250000205036,163.0,6.0,33.0,0.0,0.0011618749999797728,0.039963292000038564,0.08449895899997273,0.007808499999953256,0.01667512500000612,0.0001623329999915768
3000,2,320260508,3,3,4.0,15105,93022,0.010335777777777777,0.22199858300001551,0.03245674999999437,0,0.0,15.105,31.0,15081.793777777777,5.0272645925925925,15.081793777777778,0.11088886422225243,1.6e-05,1.7777777777777777e-06,sparse,Non-random,non_random,0.022,0.9350637380722043,0.890377962181182,0.011673958000017137,0.03437633400000095,0.00011437499995281541,0.06195554200002107,0.09645254200000863,0.9999999999999998,0.69116428357875,0.3509015839999847,1.0190800000000309,0.10966316700000789,3.21990966796875,642.0625,642.06640625,0.00390625,,,,,,,,,,,,,,,,,,,,,,,
3000,2,320260508,3,3,4.0,15105,93022,0.010335777777777777,0.22199858300001551,0.03245674999999437,0,0.0,15.105,31.0,15081.793777777777,5.0272645925925925,15.081793777777778,0.11088886422225243,1.6e-05,1.7777777777777777e-06,sparse,Gaussian random projection,gaussian_random_projection,0.024666666666666667,0.9273544293067575,0.8802590985638067,0.011745958000005885,0.15648699999997007,0.00018179199997803153,0.068681459000004,0.22535479200001873,0.9999895120889569,0.688759464892677,0.479805583999962,2.374098000000231,0.23853245800000877,16.4095458984375,642.06640625,642.06640625,0.0,0.005382334000046285,0.04479691700004196,0.0811057079999955,0.007482999999979256,0.017523875000051703,0.000158957999985887,,,,,,,,,,,,,,,,,
3000,2,320260508,3,3,4.0,15105,93022,0.010335777777777777,0.22199858300001551,0.03245674999999437,0,0.0,15.105,31.0,15081.793777777777,5.0272645925925925,15.081793777777778,0.11088886422225243,1.6e-05,1.7777777777777777e-06,sparse,Random sampling,random_sampling,0.05733333333333333,0.8352316592276752,0.7649889971699967,0.011495749999994587,0.05873024999999643,0.00010724999998501517,0.07651650000002519,0.13535875000002306,1.0643265760029714,0.7948835106542448,0.3898093330000165,1.5327010000000882,0.1482059589999949,4.210271835327148,642.06640625,642.06640625,0.0,,,,,,,0.0040274169999747755,0.0546807919999992,48011.0,33508.0,0.7,64892.0,,,,,,,,,,,
3000,2,320260508,3,3,4.0,15105,93022,0.010335777777777777,0.22199858300001551,0.03245674999999437,0,0.0,15.105,31.0,15081.793777777777,5.0272645925925925,15.081793777777778,0.11088886422225243,1.6e-05,1.7777777777777777e-06,sparse,CountSketch random projection,countsketch_random_projection,0.025666666666666667,0.9245174008347603,0.8769958668685163,0.011549124999987725,0.14872062500000993,0.00016804199998432523,0.06277020800001765,0.2116635419999966,0.9999899219099726,0.6888119358418145,0.4661142080000218,2.3165869999997994,0.2245586669999966,12.726770401000977,642.06640625,642.06640625,0.0,,,,,,,,,,,,,0.000560582999980852,163.0,8.0,35.0,0.0,0.0011407499999904758,0.03973675000003141,0.08170825000001969,0.007653916999970534,0.017730333999963932,0.00014804099998855236
3000,3,320260509,3,3,4.0,15132,93126,0.010347333333333333,0.2272420420000003,0.03242633299998943,0,0.0,15.132,30.0,15081.793777777777,5.0272645925925925,15.081793777777778,0.11088886422225243,1.6e-05,1.7777777777777777e-06,sparse,Non-random,non_random,0.016666666666666666,0.9506216772706229,0.9130210258485685,0.01187391700000262,0.03328750000002856,0.0001179170000114027,0.06040270800002645,0.09381499999994958,1.0,0.6908169771243162,0.35347650000005615,1.0648409999998876,0.10718774999998004,3.223480224609375,642.0859375,642.0859375,0.0,,,,,,,,,,,,,,,,,,,,,,,
3000,3,320260509,3,3,4.0,15132,93126,0.010347333333333333,0.2272420420000003,0.03242633299998943,0,0.0,15.132,30.0,15081.793777777777,5.0272645925925925,15.081793777777778,0.11088886422225243,1.6e-05,1.7777777777777777e-06,sparse,Gaussian random projection,gaussian_random_projection,0.016666666666666666,0.9506075854730431,0.9126998474004177,0.012394042000039462,0.15790166599998656,0.00018708399994693536,0.058022084000015184,0.21611533300000474,0.9999910375460612,0.6885926560838851,0.4757792089999384,2.3855980000003,0.2299734590000071,16.410670280456543,642.0859375,642.09375,0.0078125,0.005409292000024379,0.045838958999979695,0.08291549999995595,0.0075359589999948184,0.01595950000000812,0.00020187500001611625,,,,,,,,,,,,,,,,,
3000,3,320260509,3,3,4.0,15132,93126,0.010347333333333333,0.2272420420000003,0.03242633299998943,0,0.0,15.132,30.0,15081.793777777777,5.0272645925925925,15.081793777777778,0.11088886422225243,1.6e-05,1.7777777777777777e-06,sparse,Random sampling,random_sampling,0.047,0.8638923895214249,0.7982592006359654,0.014228417000026639,0.057720958999993854,9.749999998120984e-05,0.08736937500003705,0.14519229100000075,1.0656928795772629,0.7968636177821039,0.40485620900000185,1.511508000000049,0.16079633399999693,4.231570243835449,642.09375,642.09375,0.0,,,,,,,0.004027000000007774,0.053673833000004834,48063.0,33769.0,0.7,65455.0,,,,,,,,,,,
3000,3,320260509,3,3,4.0,15132,93126,0.010347333333333333,0.2272420420000003,0.03242633299998943,0,0.0,15.132,30.0,15081.793777777777,5.0272645925925925,15.081793777777778,0.11088886422225243,1.6e-05,1.7777777777777777e-06,sparse,CountSketch random projection,countsketch_random_projection,0.018,0.946697068507015,0.9068256141864369,0.011578666999980669,0.14539295800000218,0.00018975000000409636,0.06262454099999104,0.2082119579999926,0.9999890547132858,0.6879976349762754,0.46787562399998706,2.244920000000093,0.2211740409999834,12.727960586547852,642.09375,642.09765625,0.00390625,,,,,,,,,,,,,0.0005633750000129112,163.0,7.0,32.0,0.0,0.001164708000032988,0.03931062499998461,0.08102570900001638,0.007953667000037967,0.015084375000014916,0.00023866700001917707
3000,4,320260510,3,3,4.0,15257,93876,0.010430666666666666,0.2299242500000105,0.03256437499999265,0,0.0,15.257,31.0,15081.793777777777,5.0272645925925925,15.081793777777778,0.11088886422225243,1.6e-05,1.7777777777777777e-06,sparse,Non-random,non_random,0.013666666666666667,0.9594051662098299,0.9267747328642946,0.011670166999977027,0.03315129100002423,0.00011787500000082218,0.06354070900005127,0.09681787499999928,1.0,0.6908676549314865,0.35929850000007946,1.0757320000002437,0.10992283299998462,3.2492294311523438,642.09765625,642.09765625,0.0,,,,,,,,,,,,,,,,,,,,,,,
3000,4,320260510,3,3,4.0,15257,93876,0.010430666666666666,0.2299242500000105,0.03256437499999265,0,0.0,15.257,31.0,15081.793777777777,5.0272645925925925,15.081793777777778,0.11088886422225243,1.6e-05,1.7777777777777777e-06,sparse,Gaussian random projection,gaussian_random_projection,0.019333333333333334,0.9428009678516966,0.9021491301023588,0.011676916999988407,0.15847941600003423,0.0002567090000411554,0.06369720800000778,0.22243887500002302,0.999989663925562,0.6888869876853198,0.4849219580000863,2.4562529999998333,0.23553562500001135,16.4192533493042,642.09765625,642.10546875,0.0078125,0.005487208000033661,0.04700033300002815,0.08203558399998201,0.007802208999976301,0.015974166999967565,0.00012904099997967933,,,,,,,,,,,,,,,,,
3000,4,320260510,3,3,4.0,15257,93876,0.010430666666666666,0.2299242500000105,0.03256437499999265,0,0.0,15.257,31.0,15081.793777777777,5.0272645925925925,15.081793777777778,0.11088886422225243,1.6e-05,1.7777777777777777e-06,sparse,Random sampling,random_sampling,0.05333333333333334,0.8464664362529557,0.7783532750887387,0.011708791999978985,0.05761400000000094,9.754200004863378e-05,0.07715258299998595,0.13486875000000964,1.0602060361616008,0.7926257655768578,0.39735275000003867,1.5313190000001669,0.14797683299997288,4.251009941101074,642.10546875,642.12109375,0.015625,,,,,,,0.004114208000032704,0.05347837499999741,48438.0,33838.0,0.7,65592.0,,,,,,,,,,,
3000,4,320260510,3,3,4.0,15257,93876,0.010430666666666666,0.2299242500000105,0.03256437499999265,0,0.0,15.257,31.0,15081.793777777777,5.0272645925925925,15.081793777777778,0.11088886422225243,1.6e-05,1.7777777777777777e-06,sparse,CountSketch random projection,countsketch_random_projection,0.018333333333333333,0.9457372998913824,0.9059349428515713,0.011545167000008405,0.14692841700002646,0.00017754200001718345,0.061290374999998676,0.20840141700000459,0.9999907503651914,0.6883783150949397,0.47088495900004546,2.318412999999964,0.22132024999996247,12.736543655395508,642.12109375,642.12109375,0.0,,,,,,,,,,,,,0.0005770839999854616,163.0,10.0,29.0,0.0,0.0011554169999499209,0.039881625000020904,0.07995975000000044,0.007860250000021551,0.01718516699997963,0.0002639999999587417
3000,5,320260511,3,3,4.0,14959,92098,0.010233111111111111,0.2199401249999937,0.032214082999985294,0,0.0,14.959,29.0,15081.793777777777,5.0272645925925925,15.081793777777778,0.11088886422225243,1.6e-05,1.7777777777777777e-06,sparse,Non-random,non_random,0.018,0.946710237343114,0.9070675629500315,0.01175345799998695,0.033116457999994964,0.00010587500003111927,0.06563866700003018,0.09886737499999754,0.9999999999999994,0.6976839483355808,0.3510152080000353,1.1139310000003206,0.11209479100000408,3.1881866455078125,642.12109375,642.12109375,0.0,,,,,,,,,,,,,,,,,,,,,,,
3000,5,320260511,3,3,4.0,14959,92098,0.010233111111111111,0.2199401249999937,0.032214082999985294,0,0.0,14.959,29.0,15081.793777777777,5.0272645925925925,15.081793777777778,0.11088886422225243,1.6e-05,1.7777777777777777e-06,sparse,Gaussian random projection,gaussian_random_projection,0.020666666666666667,0.9389268207921247,0.896127753026187,0.011625457999969058,0.15733275000002322,0.00016920900003469797,0.06407912499997792,0.22158545799999274,0.9999905581786666,0.6957048335029966,0.47373529200001485,2.430790999999772,0.234632415999954,16.398905754089355,642.12109375,642.140625,0.01953125,0.005415499999969597,0.04524291699999594,0.08173145899996825,0.007565833000001021,0.01718666600004326,0.0001537919999918813,,,,,,,,,,,,,,,,,
3000,5,320260511,3,3,4.0,14959,92098,0.010233111111111111,0.2199401249999937,0.032214082999985294,0,0.0,14.959,29.0,15081.793777777777,5.0272645925925925,15.081793777777778,0.11088886422225243,1.6e-05,1.7777777777777777e-06,sparse,Random sampling,random_sampling,0.04633333333333333,0.8658248783698278,0.8008042916159656,0.01143116700001201,0.05674299999998311,0.00010029099996700097,0.07172470799997654,0.12857212500000514,1.058564015215342,0.7971144173243491,0.38072220699990567,1.4366829999999027,0.14143520799996168,4.181138038635254,642.140625,642.1484375,0.0078125,,,,,,,0.0040231659999676594,0.05269595800001525,47549.0,33321.0,0.7,64591.0,,,,,,,,,,,
3000,5,320260511,3,3,4.0,14959,92098,0.010233111111111111,0.2199401249999937,0.032214082999985294,0,0.0,14.959,29.0,15081.793777777777,5.0272645925925925,15.081793777777778,0.11088886422225243,1.6e-05,1.7777777777777777e-06,sparse,CountSketch random projection,countsketch_random_projection,0.022,0.9350766692517393,0.8904780646548547,0.011532666999983121,0.14663979099998414,0.00018004200001087156,0.060018040999977984,0.2068428330000529,0.9999895264163611,0.6949485970325703,0.458992081999952,2.27054599999974,0.21978875000002063,12.716196060180664,642.1484375,642.18359375,0.03515625,,,,,,,,,,,,,0.0005832920000443664,163.0,5.0,31.0,0.0,0.0011401670000168451,0.03894495800000186,0.08017350000000079,0.007730333999973027,0.0178283330000113,0.00019087500004388858
3000,6,320260512,3,3,4.0,14752,90906,0.010100666666666668,0.21957508299999517,0.03193429200001674,0,0.0,14.752,30.0,15081.793777777777,5.0272645925925925,15.081793777777778,0.11088886422225243,1.6e-05,1.7777777777777777e-06,sparse,Non-random,non_random,0.02033333333333333,0.9399066149342827,0.8972971253753875,0.011694290999969326,0.033841542000004665,0.0001749999999560714,0.06009249999999611,0.0941182079999976,1.0,0.6897794414417872,0.34561841699996876,1.0402540000000045,0.10721866699998372,3.1472625732421875,642.234375,642.234375,0.0,,,,,,,,,,,,,,,,,,,,,,,
3000,6,320260512,3,3,4.0,14752,90906,0.010100666666666668,0.21957508299999517,0.03193429200001674,0,0.0,14.752,30.0,15081.793777777777,5.0272645925925925,15.081793777777778,0.11088886422225243,1.6e-05,1.7777777777777777e-06,sparse,Gaussian random projection,gaussian_random_projection,0.022,0.9350597230990393,0.8902473900695229,0.011413457999992715,0.1577934999999684,0.0002811659999792937,0.06268570800000361,0.22076645800001415,0.9999894337767989,0.6864025142024807,0.4722697489999632,2.449861999999939,0.23368749999997362,16.38526439666748,642.234375,642.234375,0.0,0.005498375000001943,0.0450607910000258,0.08236745800002154,0.007599875000039447,0.017023166999990735,0.0001893749999908323,,,,,,,,,,,,,,,,,
3000,6,320260512,3,3,4.0,14752,90906,0.010100666666666668,0.21957508299999517,0.03193429200001674,0,0.0,14.752,30.0,15081.793777777777,5.0272645925925925,15.081793777777778,0.11088886422225243,1.6e-05,1.7777777777777777e-06,sparse,Random sampling,random_sampling,0.06966666666666667,0.8022212967144013,0.7283610947548222,0.01153537499999402,0.05771229199996242,0.00010729199999559569,0.07892754200003083,0.13675170799996295,1.0579334990798688,0.790476081927791,0.38825650100000075,1.556145000000015,0.14963570800000525,4.107089042663574,642.234375,642.23828125,0.00390625,,,,,,,0.003931874999977936,0.05375808300004792,46953.0,32599.0,0.7,63129.0,,,,,,,,,,,
3000,6,320260512,3,3,4.0,14752,90906,0.010100666666666668,0.21957508299999517,0.03193429200001674,0,0.0,14.752,30.0,15081.793777777777,5.0272645925925925,15.081793777777778,0.11088886422225243,1.6e-05,1.7777777777777777e-06,sparse,CountSketch random projection,countsketch_random_projection,0.023666666666666666,0.9302515559044768,0.8840767059906606,0.01169466599998259,0.1469286669999974,0.000173582999991595,0.06194912500001237,0.2090555000000336,0.9999893097848529,0.6871466960826642,0.4605607500000133,2.2979499999996733,0.22208370800001376,12.702554702758789,642.23828125,642.23828125,0.0,,,,,,,,,,,,,0.0005559170000424274,163.0,7.0,31.0,0.0,0.0011345000000346772,0.03854100000000926,0.0812004160000015,0.007572584000001825,0.017708958000014263,0.00017500000001291482
3000,7,320260513,3,3,4.0,15183,93408,0.010378666666666666,0.22779458299999078,0.03261329100001831,0,0.0,15.183,31.0,15081.793777777777,5.0272645925925925,15.081793777777778,0.11088886422225243,1.6e-05,1.7777777777777777e-06,sparse,Non-random,non_random,0.017,0.949606961514148,0.9118230251968862,0.011707541000021138,0.03460362499998837,0.00011291699996718307,0.06254408299997749,0.09726820800000269,0.9999999999999994,0.693711188314914,0.35766849899994213,1.0807089999998425,0.11057595800002673,3.2331619262695312,642.26171875,642.27734375,0.015625,,,,,,,,,,,,,,,,,,,,,,,
3000,7,320260513,3,3,4.0,15183,93408,0.010378666666666666,0.22779458299999078,0.03261329100001831,0,0.0,15.183,31.0,15081.793777777777,5.0272645925925925,15.081793777777778,0.11088886422225243,1.6e-05,1.7777777777777777e-06,sparse,Gaussian random projection,gaussian_random_projection,0.02033333333333333,0.9398745804576671,0.8982962171503805,0.011282833999985087,0.15599358299999722,0.00017791700003044753,0.06087416600001916,0.2170501250000143,0.9999905910570447,0.6913290112782567,0.4774535400000559,2.388227999999799,0.22988529100001642,16.41389751434326,642.27734375,642.28125,0.00390625,0.005411041000002115,0.04508004100000562,0.08025754199996982,0.007700042000010399,0.017314957999985836,0.0001916659999778858,,,,,,,,,,,,,,,,,
3000,7,320260513,3,3,4.0,15183,93408,0.010378666666666666,0.22779458299999078,0.03261329100001831,0,0.0,15.183,31.0,15081.793777777777,5.0272645925925925,15.081793777777778,0.11088886422225243,1.6e-05,1.7777777777777777e-06,sparse,Random sampling,random_sampling,0.05533333333333333,0.8407774154425699,0.7705637156211604,0.011658957999998165,0.057421292000015,0.0001019169999949554,0.07815462499996784,0.1356823749999876,1.0638109774263846,0.792637727608778,0.3960857079999869,1.5422189999999318,0.14869762500001116,4.231156349182129,642.28125,642.28125,0.0,,,,,,,0.004028958999981569,0.05337108300000182,48204.0,33690.0,0.7,65281.0,,,,,,,,,,,
3000,7,320260513,3,3,4.0,15183,93408,0.010378666666666666,0.22779458299999078,0.03261329100001831,0,0.0,15.183,31.0,15081.793777777777,5.0272645925925925,15.081793777777778,0.11088886422225243,1.6e-05,1.7777777777777777e-06,sparse,CountSketch random projection,countsketch_random_projection,0.017,0.949609509039764,0.911568757486806,0.011864833999993607,0.1474879169999781,0.00017904200001339632,0.05978079099998013,0.20745191699995758,0.9999875804378189,0.6907338538273293,0.4678556239999807,2.3010730000000876,0.22072570799997493,12.73118782043457,642.28125,642.28125,0.0,,,,,,,,,,,,,0.0005643750000103864,163.0,8.0,29.0,0.0,0.0011700829999767848,0.039869291999991674,0.08061883300001682,0.007746209000004001,0.01731691600002705,0.00015887500001099397
3000,8,320260514,3,3,4.0,14906,91750,0.010194444444444445,0.2206829579999976,0.03199854100000721,0,0.0,14.906,33.0,15081.793777777777,5.0272645925925925,15.081793777777778,0.11088886422225243,1.6e-05,1.7777777777777777e-06,sparse,Non-random,non_random,0.013333333333333334,0.9603741599351112,0.9274320510490061,0.01147716599996329,0.03339808399999811,0.00010650000001533044,0.059560125000018616,0.09307220800002369,0.9999999999999998,0.6890795439135351,0.34574620800003686,1.0439949999999953,0.10604674999996178,3.176239013671875,642.28125,642.28125,0.0,,,,,,,,,,,,,,,,,,,,,,,
3000,8,320260514,3,3,4.0,14906,91750,0.010194444444444445,0.2206829579999976,0.03199854100000721,0,0.0,14.906,33.0,15081.793777777777,5.0272645925925925,15.081793777777778,0.11088886422225243,1.6e-05,1.7777777777777777e-06,sparse,Gaussian random projection,gaussian_random_projection,0.016,0.9525483856251954,0.9158641975415103,0.011424083999997947,0.15684554199998502,0.00019037499998830754,0.05960950000002185,0.2166507080000315,0.9999888323233482,0.6865069922002188,0.469326916,2.3924590000001444,0.22949695900001643,16.394923210144043,642.28125,642.28125,0.0,0.005468084000028739,0.045325457999979335,0.08045429199995624,0.007498291999979756,0.017887125000015658,0.00016608299995368725,,,,,,,,,,,,,,,,,
3000,8,320260514,3,3,4.0,14906,91750,0.010194444444444445,0.2206829579999976,0.03199854100000721,0,0.0,14.906,33.0,15081.793777777777,5.0272645925925925,15.081793777777778,0.11088886422225243,1.6e-05,1.7777777777777777e-06,sparse,Random sampling,random_sampling,0.057,0.8362175807452038,0.7668660867439153,0.011483250000026146,0.05725012499999593,0.00010033300003442491,0.0741041250000194,0.13145900000000665,1.0616430466836897,0.7923842092669341,0.38413608200005456,1.4404230000000098,0.14429679199997736,4.160192489624023,642.28125,642.28125,0.0,,,,,,,0.003959000000008928,0.05326683399999865,47375.0,33124.0,0.7,64181.0,,,,,,,,,,,
3000,8,320260514,3,3,4.0,14906,91750,0.010194444444444445,0.2206829579999976,0.03199854100000721,0,0.0,14.906,33.0,15081.793777777777,5.0272645925925925,15.081793777777778,0.11088886422225243,1.6e-05,1.7777777777777777e-06,sparse,CountSketch random projection,countsketch_random_projection,0.017,0.9496124605173691,0.9114368515470934,0.011541915999998764,0.14600374999997712,0.00017449999995733378,0.06483683400000473,0.2110194169999886,0.9999905281788803,0.6862784080632007,0.463696582999944,2.34307200000012,0.22391308300001356,12.712213516235352,642.28125,642.28515625,0.00390625,,,,,,,,,,,,,0.0005678329999909693,163.0,6.0,30.0,0.0,0.0011380830000007336,0.03899104199996373,0.0798714170000494,0.007766124999989188,0.017441334000011466,0.0001851249999731408
3000,9,320260515,3,3,4.0,14845,91466,0.01016288888888889,0.22007187499997372,0.03227391699999771,0,0.0,14.845,34.0,15081.793777777777,5.0272645925925925,15.081793777777778,0.11088886422225243,1.6e-05,1.7777777777777777e-06,sparse,Non-random,non_random,0.02266666666666667,0.933086237267872,0.8891080215668236,0.011607292000007874,0.033871707999992395,0.00018845799996825008,0.062288500000022395,0.09635695899999064,1.0,0.6943649825484713,0.34869445799995447,1.0877049999999144,0.10943170799998825,3.1664886474609375,642.28515625,642.3046875,0.01953125,,,,,,,,,,,,,,,,,,,,,,,
3000,9,320260515,3,3,4.0,14845,91466,0.01016288888888889,0.22007187499997372,0.03227391699999771,0,0.0,14.845,34.0,15081.793777777777,5.0272645925925925,15.081793777777778,0.11088886422225243,1.6e-05,1.7777777777777777e-06,sparse,Gaussian random projection,gaussian_random_projection,0.027333333333333334,0.9196337689484522,0.8699510742614893,0.011972333000016988,0.1567443750000166,0.0002855830000498827,0.06117862499996818,0.21821408300002076,0.9999860130837502,0.6914907903447681,0.4705543750000061,2.419956000000184,0.23159366599998066,16.39167308807373,642.3046875,642.3046875,0.0,0.005492000000003827,0.04575320899999724,0.08098904199999879,0.008143082999993112,0.016101999999989403,0.00019445800000994495,,,,,,,,,,,,,,,,,
3000,9,320260515,3,3,4.0,14845,91466,0.01016288888888889,0.22007187499997372,0.03227391699999771,0,0.0,14.845,34.0,15081.793777777777,5.0272645925925925,15.081793777777778,0.11088886422225243,1.6e-05,1.7777777777777777e-06,sparse,Random sampling,random_sampling,0.064,0.8171555089835504,0.7436398355377575,0.011496500000021115,0.056878082999958224,0.00010208300000158488,0.07397987500002046,0.13096474999997554,1.0661707350714882,0.803443743802719,0.3833058329999517,1.5057259999998678,0.1438473750000071,4.142483711242676,642.3046875,642.3046875,0.0,,,,,,,0.004058916000019508,0.052797542000007525,47233.0,32977.0,0.7,63815.0,,,,,,,,,,,
3000,9,320260515,3,3,4.0,14845,91466,0.01016288888888889,0.22007187499997372,0.03227391699999771,0,0.0,14.845,34.0,15081.793777777777,5.0272645925925925,15.081793777777778,0.11088886422225243,1.6e-05,1.7777777777777777e-06,sparse,CountSketch random projection,countsketch_random_projection,0.024666666666666667,0.927237662265323,0.8824975001183563,0.013541291000024103,0.14812829200002398,0.00026074999999536885,0.06354545899995401,0.21194016599997667,0.9999881326065772,0.692154343412364,0.4642802929999448,2.3524710000001505,0.22690908399999898,12.708963394165039,642.3046875,642.36328125,0.05859375,,,,,,,,,,,,,0.0005681670000399208,163.0,8.0,32.0,0.0,0.0011464579999937996,0.03942150000000311,0.08154154200002495,0.007702959000027931,0.017549041999984638,0.00013691699996343232
3000,10,320260516,3,3,4.0,14786,91162,0.010129111111111111,0.21912629100000913,0.03137379200001078,0,0.0,14.786,29.0,15081.793777777777,5.0272645925925925,15.081793777777778,0.11088886422225243,1.6e-05,1.7777777777777777e-06,sparse,Non-random,non_random,0.017333333333333333,0.9486700084546218,0.9100505818503044,0.011726250000037908,0.03330741700000317,0.00010920799996938513,0.05904166699997404,0.09246508300003597,0.9999999999999999,0.6954289278011587,0.3429583749999665,1.0074709999998959,0.10557345900002701,3.1560516357421875,642.3671875,642.3671875,0.0,,,,,,,,,,,,,,,,,,,,,,,
3000,10,320260516,3,3,4.0,14786,91162,0.010129111111111111,0.21912629100000913,0.03137379200001078,0,0.0,14.786,29.0,15081.793777777777,5.0272645925925925,15.081793777777778,0.11088886422225243,1.6e-05,1.7777777777777777e-06,sparse,Gaussian random projection,gaussian_random_projection,0.019333333333333334,0.9428161111305163,0.9021687700388751,0.011587834000010844,0.15618787500000053,0.0001859999999851425,0.06247795900003439,0.21885658299999022,0.9999874538740857,0.6925133097245525,0.46935191700004,2.353618000000097,0.2322256670000229,16.38819408416748,642.3671875,642.37890625,0.01171875,0.005910916000004818,0.044432875000040895,0.08129295800000591,0.007452083000032417,0.016895541999986108,0.00015891699996473108,,,,,,,,,,,,,,,,,
3000,10,320260516,3,3,4.0,14786,91162,0.010129111111111111,0.21912629100000913,0.03137379200001078,0,0.0,14.786,29.0,15081.793777777777,5.0272645925925925,15.081793777777778,0.11088886422225243,1.6e-05,1.7777777777777777e-06,sparse,Random sampling,random_sampling,0.051666666666666666,0.8509167612746689,0.7830707792048303,0.011386500000014621,0.05763587500001677,9.80840000011085e-05,0.07208183299997017,0.12982008400001632,1.067264453654034,0.7948368156674491,0.38031587500000796,1.4404929999996057,0.14254308300002094,4.145346641540527,642.37890625,642.37890625,0.0,,,,,,,0.003943207999952847,0.053669749999983196,47081.0,33087.0,0.7,64078.0,,,,,,,,,,,
3000,10,320260516,3,3,4.0,14786,91162,0.010129111111111111,0.21912629100000913,0.03137379200001078,0,0.0,14.786,29.0,15081.793777777777,5.0272645925925925,15.081793777777778,0.11088886422225243,1.6e-05,1.7777777777777777e-06,sparse,CountSketch random projection,countsketch_random_projection,0.024,0.9292957448943796,0.8829472041523924,0.011728250000032858,0.1488305419999847,0.00016808300000548115,0.06473658400000204,0.21373950000003106,0.9999896865046856,0.6927045591244623,0.4642352920000121,2.3403659999999036,0.22680658299998413,12.705484390258789,642.37890625,642.37890625,0.0,,,,,,,,,,,,,0.0005535000000236323,163.0,8.0,31.0,0.0,0.0011299170000143022,0.038912583000012546,0.08275916700000607,0.007607791999987512,0.017656249999959073,0.0001690830000029564
4000,1,420260507,3,3,4.0,20159,124246,0.007765375,0.2988236659999757,0.04426858300001868,0,0.0,15.11925,33.0,20118.830368,5.029707591999999,15.089122776,0.11094447223611806,9e-06,1e-06,sparse,Non-random,non_random,0.02325,0.9314471898368213,0.8860335876602263,0.014506792000020141,0.043244624999999814,0.00018858300001056705,0.07186562499998672,0.11530587499999001,1.0000000000000004,0.6876490376203056,0.45839108199999146,1.2880770000001576,0.13151712500001622,4.299530029296875,642.47265625,642.47265625,0.0,,,,,,,,,,,,,,,,,,,,,,,
4000,1,420260507,3,3,4.0,20159,124246,0.007765375,0.2988236659999757,0.04426858300001868,0,0.0,15.11925,33.0,20118.830368,5.029707591999999,15.089122776,0.11094447223611806,9e-06,1e-06,sparse,Gaussian random projection,gaussian_random_projection,0.02825,0.9170028533857317,0.8654978429689768,0.014163832999997794,0.18370049999998628,0.00019920800002637407,0.06286737499999617,0.24677162500000804,0.9999826573586525,0.6837999182339919,0.5898593320000032,2.5197999999995773,0.26263224999996737,21.744990348815918,642.47265625,642.51953125,0.046875,0.008951125000010052,0.07364404200001218,0.08277779200000168,0.009723249999979089,0.008355042000005142,0.00018199999999524152,,,,,,,,,,,,,,,,,
4000,1,420260507,3,3,4.0,20159,124246,0.007765375,0.2988236659999757,0.04426858300001868,0,0.0,15.11925,33.0,20118.830368,5.029707591999999,15.089122776,0.11094447223611806,9e-06,1e-06,sparse,Random sampling,random_sampling,0.0615,0.8239064479029228,0.7513605806168578,0.014355082999998103,0.07219808299998931,9.87080000527385e-05,0.08118241700003637,0.15348391700001685,1.069515919748923,0.7960115049713714,0.49657145700007277,1.7558539999999994,0.16948474999998098,5.627232551574707,642.51953125,642.546875,0.02734375,,,,,,,0.005180541000015637,0.06699687499997253,64123.0,45135.0,0.7,87447.0,,,,,,,,,,,
4000,1,420260507,3,3,4.0,20159,124246,0.007765375,0.2988236659999757,0.04426858300001868,0,0.0,15.11925,33.0,20118.830368,5.029707591999999,15.089122776,0.11094447223611806,9e-06,1e-06,sparse,CountSketch random projection,countsketch_random_projection,0.02875,0.9155647138613643,0.863886420105534,0.014041625000004387,0.1711505000000102,0.0003189999999904103,0.06341733400000749,0.23489299999999957,0.9999889920216506,0.6836243899710253,0.5779790830000024,2.5941939999997885,0.2505398330000048,16.833948135375977,642.546875,642.5625,0.015625,,,,,,,,,,,,,0.0005727079999928719,163.0,15.0,35.0,0.0,0.001514250000013817,0.0537705419999952,0.09594445900000892,0.009627000000023145,0.00943170799996551,0.00021608299999797964
4000,2,420260508,3,3,4.0,20064,123784,0.0077365,0.30593608300000597,0.04360962499998777,0,0.0,15.048,32.0,20118.830368,5.029707591999999,15.089122776,0.11094447223611806,9e-06,1e-06,sparse,Non-random,non_random,0.017,0.9496418000845888,0.9113100319182724,0.01439850000002707,0.04476483399997733,0.00011895800003003387,0.0682460419999984,0.11313649999999598,1.0000000000000007,0.6930377401968568,0.4626755419999995,1.2875279999998384,0.1292793329999995,4.283668518066406,642.5625,642.5625,0.0,,,,,,,,,,,,,,,,,,,,,,,
4000,2,420260508,3,3,4.0,20064,123784,0.0077365,0.30593608300000597,0.04360962499998777,0,0.0,15.048,32.0,20118.830368,5.029707591999999,15.089122776,0.11094447223611806,9e-06,1e-06,sparse,Gaussian random projection,gaussian_random_projection,0.0225,0.9336155523139619,0.888498923271092,0.014573874999996406,0.1756007919999547,0.0003176669999902515,0.07449274999999034,0.2504172080000444,0.9999839632807578,0.688404861418639,0.599956916999929,2.6828310000000783,0.26678362499995956,21.73970317840576,642.5625,642.5625,0.0,0.007293208000021423,0.06178049999999757,0.08799425000000838,0.009774499999991804,0.00841337500003192,0.0002808749999871907,,,,,,,,,,,,,,,,,
4000,2,420260508,3,3,4.0,20064,123784,0.0077365,0.30593608300000597,0.04360962499998777,0,0.0,15.048,32.0,20118.830368,5.029707591999999,15.089122776,0.11094447223611806,9e-06,1e-06,sparse,Random sampling,random_sampling,0.0555,0.8405418908154064,0.7713264681874351,0.01441216699998904,0.09464920800002119,0.00010783400000491383,0.0780550000000062,0.172816709000017,1.0624717287214032,0.7912525978956487,0.522357750000026,1.9042590000003656,0.18889241700003367,5.596251487731934,642.5625,642.5625,0.0,,,,,,,0.0052803330000301685,0.08934545800002525,63892.0,44804.0,0.7,86826.0,,,,,,,,,,,
4000,2,420260508,3,3,4.0,20064,123784,0.0077365,0.30593608300000597,0.04360962499998777,0,0.0,15.048,32.0,20118.830368,5.029707591999999,15.089122776,0.11094447223611806,9e-06,1e-06,sparse,CountSketch random projection,countsketch_random_projection,0.02375,0.9300066530128936,0.8837398482528627,0.014687208000054852,0.17184049999997342,0.0003445419999934529,0.06546504199997116,0.23765962499999205,0.9999850942693193,0.688063193987271,0.5871957919999318,2.6652100000001155,0.255184708999991,16.82866096496582,642.5625,642.625,0.0625,,,,,,,,,,,,,0.0009684999999990396,163.0,12.0,39.0,0.0,0.002093999999999596,0.05389041600000155,0.09571716599998581,0.009712250000006861,0.00919949999996561,0.0001878339999734635
4000,3,420260509,3,3,4.0,20305,125152,0.007822,0.30122274999996534,0.044659708000040155,0,0.0,15.22875,30.0,20118.830368,5.029707591999999,15.089122776,0.11094447223611806,9e-06,1e-06,sparse,Non-random,non_random,0.01925,0.9431141709762508,0.9024647386236097,0.014522999999996955,0.04369700000000876,0.0001244999999698848,0.07160933300002625,0.11543799999998328,0.9999999999999997,0.6886989239529431,0.4613132910000104,1.3213339999997515,0.1317667910000182,4.330635070800781,642.71875,642.73828125,0.01953125,,,,,,,,,,,,,,,,,,,,,,,
4000,3,420260509,3,3,4.0,20305,125152,0.007822,0.30122274999996534,0.044659708000040155,0,0.0,15.22875,30.0,20118.830368,5.029707591999999,15.089122776,0.11094447223611806,9e-06,1e-06,sparse,Gaussian random projection,gaussian_random_projection,0.02275,0.932932958904967,0.8890670182134616,0.014531291000025703,0.17823250000003554,0.0002037920000361737,0.06745616699998891,0.24589737499997,0.9999846939707098,0.6846026839596248,0.5917749170000661,2.732495000000199,0.26211408299997174,21.755358695983887,642.73828125,642.73828125,0.0,0.0072518339999874115,0.06352266599998302,0.0878592919999619,0.009734625000021424,0.0096464590000096,0.00016679099996963487,,,,,,,,,,,,,,,,,
4000,3,420260509,3,3,4.0,20305,125152,0.007822,0.30122274999996534,0.044659708000040155,0,0.0,15.22875,30.0,20118.830368,5.029707591999999,15.089122776,0.11094447223611806,9e-06,1e-06,sparse,Random sampling,random_sampling,0.0535,0.8458892624767466,0.7765767350479041,0.014295500000002903,0.07226545899999337,0.00010487499997680061,0.0738435000000095,0.146218250000004,1.0657982620197153,0.7907672633440911,0.49209629199998517,1.703935999999885,0.16215100000005123,5.664398193359375,642.73828125,642.73828125,0.0,,,,,,,0.005231458000025668,0.06701358399999435,64576.0,45401.0,0.7,88014.0,,,,,,,,,,,
4000,3,420260509,3,3,4.0,20305,125152,0.007822,0.30122274999996534,0.044659708000040155,0,0.0,15.22875,30.0,20118.830368,5.029707591999999,15.089122776,0.11094447223611806,9e-06,1e-06,sparse,CountSketch random projection,countsketch_random_projection,0.02475,0.9271274371094697,0.8794019848514143,0.01791054099999201,0.16833712499999365,0.000307708000036655,0.0667066249999948,0.23535729200000333,0.9999865835190936,0.6842661682681449,0.5812339160000306,2.680609999999888,0.25491129200003115,16.844316482543945,642.73828125,642.79296875,0.0546875,,,,,,,,,,,,,0.0005812919999925725,163.0,13.0,41.0,0.0,0.0014840830000366623,0.053999459000010575,0.09433812500003569,0.00980791599999975,0.007893125000009604,0.00017029099996079822
4000,4,420260510,3,3,4.0,20078,123740,0.00773375,0.30788316600001053,0.043388083000024835,0,0.0,15.0585,29.0,20118.830368,5.029707591999999,15.089122776,0.11094447223611806,9e-06,1e-06,sparse,Non-random,non_random,0.015,0.9554859534020582,0.9202998884629691,0.014446292000002359,0.04315204099998482,0.00011808299996118876,0.06861550000002126,0.11189204199996539,0.9999999999999997,0.6902785910720114,0.46315687300000263,1.2657520000002478,0.12812137500003473,4.282157897949219,642.82421875,642.82421875,0.0,,,,,,,,,,,,,,,,,,,,,,,
4000,4,420260510,3,3,4.0,20078,123740,0.00773375,0.30788316600001053,0.043388083000024835,0,0.0,15.0585,29.0,20118.830368,5.029707591999999,15.089122776,0.11094447223611806,9e-06,1e-06,sparse,Gaussian random projection,gaussian_random_projection,0.02,0.9408552227026915,0.8992862394761693,0.014280374999998457,0.17953554199999644,0.00019470800003773547,0.06162954199999149,0.24136416699997199,0.9999840104722869,0.6864476517566618,0.592631041000061,2.5477569999998195,0.2573204160000273,21.7391996383667,642.82421875,642.82421875,0.0,0.007351458000016464,0.06177312500000198,0.09085612499995932,0.009744165999961751,0.009564208000028884,0.0002064999999902284,,,,,,,,,,,,,,,,,
4000,4,420260510,3,3,4.0,20078,123740,0.00773375,0.30788316600001053,0.043388083000024835,0,0.0,15.0585,29.0,20118.830368,5.029707591999999,15.089122776,0.11094447223611806,9e-06,1e-06,sparse,Random sampling,random_sampling,0.0505,0.8541617605586368,0.7868746308036595,0.014268665999964014,0.07364662499998076,0.00010691700003917504,0.07330762500004084,0.14706583399998863,1.0678838647575293,0.7972935373596836,0.49833241600009615,1.6663650000000416,0.16296225000002096,5.590555191040039,642.82421875,642.82421875,0.0,,,,,,,0.005153415999984645,0.06847170800000413,63870.0,44761.0,0.7,86671.0,,,,,,,,,,,
4000,4,420260510,3,3,4.0,20078,123740,0.00773375,0.30788316600001053,0.043388083000024835,0,0.0,15.0585,29.0,20118.830368,5.029707591999999,15.089122776,0.11094447223611806,9e-06,1e-06,sparse,CountSketch random projection,countsketch_random_projection,0.0225,0.9335946273035628,0.88869909954099,0.014207040999963283,0.17399962500002175,0.00022174999998014755,0.061591500000020005,0.2358173749999537,0.9999832101097419,0.6849486058343799,0.5870841240000573,2.5791619999999966,0.2516283749999957,16.828157424926758,642.82421875,642.83203125,0.0078125,,,,,,,,,,,,,0.0005801669999527803,163.0,13.0,37.0,0.0,0.0015030000000137989,0.05464724999995951,0.09792704099999128,0.009573292000027323,0.009522958999980347,0.00019937499996558472
4000,5,420260511,3,3,4.0,20142,124204,0.00776275,0.2968542090000028,0.04359045899997227,0,0.0,15.1065,31.0,20118.830368,5.029707591999999,15.089122776,0.11094447223611806,9e-06,1e-06,sparse,Non-random,non_random,0.0165,0.9511038416664863,0.9136863887534636,0.014552333000040107,0.043114082999977654,0.00011591700001645222,0.06832179199994926,0.11155812500004458,0.9999999999999997,0.6921309559208124,0.45199645999991844,1.2729269999999815,0.12790849999998954,4.298088073730469,642.89453125,642.89453125,0.0,,,,,,,,,,,,,,,,,,,,,,,
4000,5,420260511,3,3,4.0,20142,124204,0.00776275,0.2968542090000028,0.04359045899997227,0,0.0,15.1065,31.0,20118.830368,5.029707591999999,15.089122776,0.11094447223611806,9e-06,1e-06,sparse,Gaussian random projection,gaussian_random_projection,0.0215,0.936510459677078,0.8921050314955355,0.01427983299998914,0.17739675000001398,0.00019679199999700359,0.06387741599996843,0.24147566700003154,0.9999839839238359,0.6891022149223741,0.5819156259999545,2.6443899999999303,0.2574586659999909,21.74450969696045,642.89453125,642.89453125,0.0,0.0074068330000045535,0.06148995799998147,0.09027795899999091,0.009733541999992212,0.008286667000049874,0.00016154200000073615,,,,,,,,,,,,,,,,,
4000,5,420260511,3,3,4.0,20142,124204,0.00776275,0.2968542090000028,0.04359045899997227,0,0.0,15.1065,31.0,20118.830368,5.029707591999999,15.089122776,0.11094447223611806,9e-06,1e-06,sparse,Random sampling,random_sampling,0.0495,0.8569257820523255,0.7900587691939441,0.014270667000005233,0.07232345800002804,0.00010112500001469016,0.07513804199999186,0.14756733399997302,1.0603646735160297,0.7933496127843596,0.48800729300000967,1.7150900000001457,0.1634947919999945,5.605511665344238,642.89453125,642.90234375,0.0078125,,,,,,,0.005164208999985931,0.06713900000005424,64102.0,44816.0,0.7,86858.0,,,,,,,,,,,
4000,5,420260511,3,3,4.0,20142,124204,0.00776275,0.2968542090000028,0.04359045899997227,0,0.0,15.1065,31.0,20118.830368,5.029707591999999,15.089122776,0.11094447223611806,9e-06,1e-06,sparse,CountSketch random projection,countsketch_random_projection,0.02,0.940884209178839,0.8994530577086917,0.014080917000001136,0.17350220800000216,0.00019579199999952834,0.07009949999996934,0.24380220800003372,0.9999827325076499,0.6882189707628864,0.5842421679999461,2.7049190000002454,0.2594829160000245,16.833467483520508,642.90234375,642.90234375,0.0,,,,,,,,,,,,,0.0005870419999496335,163.0,13.0,39.0,0.0,0.0014671659999976328,0.053652791999979854,0.0995161660000008,0.009733499999981632,0.008348458000000392,0.00015091700004177255
4000,6,420260512,3,3,4.0,19953,123062,0.007691375,0.2999202919999675,0.04317162499995675,0,0.0,14.96475,29.0,20118.830368,5.029707591999999,15.089122776,0.11094447223611806,9e-06,1e-06,sparse,Non-random,non_random,0.01775,0.9474519924388194,0.9080939184141709,0.015949125000020103,0.05077737499999557,0.00016687499999079591,0.07462204199998723,0.12557479200000898,1.0000000000000002,0.6932269702130913,0.46865820899989785,1.3045310000002246,0.14438091700003497,4.258880615234375,642.93359375,642.93359375,0.0,,,,,,,,,,,,,,,,,,,,,,,
4000,6,420260512,3,3,4.0,19953,123062,0.007691375,0.2999202919999675,0.04317162499995675,0,0.0,14.96475,29.0,20118.830368,5.029707591999999,15.089122776,0.11094447223611806,9e-06,1e-06,sparse,Gaussian random projection,gaussian_random_projection,0.02525,0.925652262510458,0.8771102506179513,0.014133875000027274,0.1808739580000065,0.00022437500001615263,0.06721950000002153,0.24832254200003945,0.9999847846673777,0.6895187796828007,0.5914097499999684,2.723284000000149,0.2641905830000155,21.731440544128418,642.93359375,642.9375,0.00390625,0.007860125000036078,0.06991691600001104,0.08428541699998959,0.009577041000000008,0.008979665999959252,0.0001963330000194219,,,,,,,,,,,,,,,,,
4000,6,420260512,3,3,4.0,19953,123062,0.007691375,0.2999202919999675,0.04317162499995675,0,0.0,14.96475,29.0,20118.830368,5.029707591999999,15.089122776,0.11094447223611806,9e-06,1e-06,sparse,Random sampling,random_sampling,0.05475,0.8424198647014325,0.7725302742165413,0.01407787499999813,0.07978224999999384,0.0001185840000061944,0.08225087499999972,0.16215633299998444,1.066134388613067,0.7970949459251151,0.505243625999924,1.7153039999998327,0.1778352499999869,5.566827774047852,642.9375,642.9453125,0.0078125,,,,,,,0.00509962500001393,0.0746581669999955,63531.0,44596.0,0.7,86379.0,,,,,,,,,,,
4000,6,420260512,3,3,4.0,19953,123062,0.007691375,0.2999202919999675,0.04317162499995675,0,0.0,14.96475,29.0,20118.830368,5.029707591999999,15.089122776,0.11094447223611806,9e-06,1e-06,sparse,CountSketch random projection,countsketch_random_projection,0.02525,0.9256657837304657,0.8779438017992496,0.01427479200003745,0.16708920799999305,0.00019445800000994495,0.0623887080000145,0.22967679100003124,0.999980276703358,0.6888175867244457,0.5727642909999417,2.566483000000062,0.24558816600000455,16.820398330688477,642.9453125,642.9453125,0.0,,,,,,,,,,,,,0.000591499999984535,163.0,11.0,43.0,0.0,0.0014571660000228803,0.053231291999964014,0.09387362499995788,0.00955462499996429,0.008176833999982591,0.0001605420000032609
4000,7,420260513,3,3,4.0,20386,125614,0.007850875,0.302486416000022,0.044310959000029015,0,0.0,15.2895,32.0,20118.830368,5.029707591999999,15.089122776,0.11094447223611806,9e-06,1e-06,sparse,Non-random,non_random,0.01975,0.9415922452070015,0.8995787071818302,0.014255208000008679,0.043532458000015595,0.00012437499998441126,0.067152415999999,0.11081645899997739,0.9999999999999998,0.6887131624129045,0.45760662400005003,1.26710200000025,0.12686875000002829,4.34649658203125,643.01953125,643.01953125,0.0,,,,,,,,,,,,,,,,,,,,,,,
4000,7,420260513,3,3,4.0,20386,125614,0.007850875,0.302486416000022,0.044310959000029015,0,0.0,15.2895,32.0,20118.830368,5.029707591999999,15.089122776,0.11094447223611806,9e-06,1e-06,sparse,Gaussian random projection,gaussian_random_projection,0.02525,0.925648159845078,0.8768555898739165,0.014298207999956958,0.17541225000002214,0.0002820000000269829,0.06528087500004176,0.24098070799999505,0.9999864819051905,0.6847852823599409,0.5877725000001419,2.678820999999971,0.2571122499999774,21.760645866394043,643.01953125,643.01953125,0.0,0.0072331670000380655,0.0615297500000338,0.08832295899998144,0.009495584000035251,0.008595958000000792,0.00017591599998922902,,,,,,,,,,,,,,,,,
4000,7,420260513,3,3,4.0,20386,125614,0.007850875,0.302486416000022,0.044310959000029015,0,0.0,15.2895,32.0,20118.830368,5.029707591999999,15.089122776,0.11094447223611806,9e-06,1e-06,sparse,Random sampling,random_sampling,0.057,0.8362144910365267,0.7659602950493914,0.018387291000010464,0.0733653749999803,0.00010162500001342778,0.07867475000000468,0.15214670800003205,1.0584437528366504,0.7844756235002285,0.49893912500004944,1.8036260000003494,0.17224079200002507,5.64769172668457,643.01953125,643.07421875,0.0546875,,,,,,,0.0051944580000053975,0.0681485000000066,64807.0,45024.0,0.7,87279.0,,,,,,,,,,,
4000,7,420260513,3,3,4.0,20386,125614,0.007850875,0.302486416000022,0.044310959000029015,0,0.0,15.2895,32.0,20118.830368,5.029707591999999,15.089122776,0.11094447223611806,9e-06,1e-06,sparse,CountSketch random projection,countsketch_random_projection,0.02825,0.9170526845128197,0.8659600417275667,0.014301167000041914,0.17140416700004835,0.00020933299998660004,0.06608516700003975,0.23770308399997475,0.9999866564204809,0.6830555080264357,0.5844960420001257,2.6417599999999766,0.25361795899999606,16.8496036529541,643.07421875,643.07421875,0.0,,,,,,,,,,,,,0.0005969999999706488,163.0,14.0,37.0,0.0,0.0015085420000104932,0.054835833999959505,0.09497675000000072,0.009782250000000658,0.009497791999990568,0.0001647920000209524
4000,8,420260514,3,3,4.0,20193,124522,0.007782625,0.308901958999968,0.04359416700003749,0,0.0,15.14475,31.0,20118.830368,5.029707591999999,15.089122776,0.11094447223611806,9e-06,1e-06,sparse,Non-random,non_random,0.01725,0.9488959388987486,0.9107264201991087,0.015097958000012568,0.04722137499999235,0.0002274999999940519,0.06981595899998183,0.11727412499999446,0.9999999999999996,0.693070943584928,0.4697609599999737,1.2320580000000518,0.13403608300001224,4.3090057373046875,643.07421875,643.109375,0.03515625,,,,,,,,,,,,,,,,,,,,,,,
4000,8,420260514,3,3,4.0,20193,124522,0.007782625,0.308901958999968,0.04359416700003749,0,0.0,15.14475,31.0,20118.830368,5.029707591999999,15.089122776,0.11094447223611806,9e-06,1e-06,sparse,Gaussian random projection,gaussian_random_projection,0.02375,0.9299933303670267,0.8835589929762278,0.014274624999984553,0.1754265409999789,0.00022383300000683448,0.06376595900002258,0.2394209170000181,0.9999875441674753,0.689015523042244,0.5919124590000138,2.636145999999826,0.2553638329999899,21.748148918151855,643.109375,643.109375,0.0,0.007455875000005108,0.06400141700004269,0.08485941599997204,0.009730958999966788,0.009098999999991975,0.00023308400000132679,,,,,,,,,,,,,,,,,
4000,8,420260514,3,3,4.0,20193,124522,0.007782625,0.308901958999968,0.04359416700003749,0,0.0,15.14475,31.0,20118.830368,5.029707591999999,15.089122776,0.11094447223611806,9e-06,1e-06,sparse,Random sampling,random_sampling,0.049,0.858243961079287,0.7932025308329131,0.014143334000038976,0.07384891599997445,0.00010720900002070266,0.07628045900003144,0.15024141700001792,1.0654109361628508,0.7966387509338422,0.5027327100000321,1.7241330000001653,0.1660318749999874,5.619471549987793,643.109375,643.109375,0.0,,,,,,,0.0051712499999894135,0.06865579200001548,64261.0,44951.0,0.7,87066.0,,,,,,,,,,,
4000,8,420260514,3,3,4.0,20193,124522,0.007782625,0.308901958999968,0.04359416700003749,0,0.0,15.14475,31.0,20118.830368,5.029707591999999,15.089122776,0.11094447223611806,9e-06,1e-06,sparse,CountSketch random projection,countsketch_random_projection,0.0245,0.9278112870583247,0.8802134572453927,0.014239708000047813,0.17267887500003098,0.0002180000000180371,0.06388183299998218,0.23678358400002253,0.9999857055458771,0.6898190083538511,0.5892748340000367,2.61373599999979,0.25264866700001676,16.837106704711914,643.109375,643.109375,0.0,,,,,,,,,,,,,0.0005756250000104046,163.0,14.0,40.0,0.0,0.001476249999996071,0.05416458299998794,0.09723270799997863,0.009629582999991726,0.009319083000036699,0.00023304100000132166
4000,9,420260515,3,3,4.0,20056,123658,0.007728625,0.29408970800000134,0.04339395800002421,0,0.0,15.042,28.0,20118.830368,5.029707591999999,15.089122776,0.11094447223611806,9e-06,1e-06,sparse,Non-random,non_random,0.01625,0.9518089289051032,0.914802101633449,0.01442983300000833,0.04418095800002675,0.0001226669999709884,0.06695916600000373,0.11126920899999959,1.0,0.6902756623108118,0.448746457000027,1.2721839999999247,0.12747924999996485,4.2793426513671875,643.109375,643.109375,0.0,,,,,,,,,,,,,,,,,,,,,,,
4000,9,420260515,3,3,4.0,20056,123658,0.007728625,0.29408970800000134,0.04339395800002421,0,0.0,15.042,28.0,20118.830368,5.029707591999999,15.089122776,0.11094447223611806,9e-06,1e-06,sparse,Gaussian random projection,gaussian_random_projection,0.0215,0.9365086591842221,0.8927199586487272,0.01452399999999443,0.17864762499999642,0.00020679099998233141,0.06492145799995797,0.2437807079999743,0.9999851453059282,0.6861792907865794,0.5812595399999623,2.7077440000002753,0.25996908399997665,21.738261222839355,643.109375,643.109375,0.0,0.007397291999950539,0.061198165999996945,0.0914238749999754,0.009618832999990445,0.008804042000008394,0.00016554100000121252,,,,,,,,,,,,,,,,,
4000,9,420260515,3,3,4.0,20056,123658,0.007728625,0.29408970800000134,0.04339395800002421,0,0.0,15.042,28.0,20118.830368,5.029707591999999,15.089122776,0.11094447223611806,9e-06,1e-06,sparse,Random sampling,random_sampling,0.06075,0.826210805227382,0.754648702030498,0.017123083000001316,0.07311579200001006,0.00010570799997822178,0.07511599999997998,0.14834341699997822,1.0617030377744292,0.791915255562935,0.4858211659999938,1.7148810000003323,0.1671432079999704,5.569642066955566,643.109375,643.109375,0.0,,,,,,,0.005125582999994549,0.06796929200004342,63829.0,44461.0,0.7,86130.0,,,,,,,,,,,
4000,9,420260515,3,3,4.0,20056,123658,0.007728625,0.29408970800000134,0.04339395800002421,0,0.0,15.042,28.0,20118.830368,5.029707591999999,15.089122776,0.11094447223611806,9e-06,1e-06,sparse,CountSketch random projection,countsketch_random_projection,0.0235,0.9307065902803572,0.8841324060598988,0.014241041999980553,0.1729009589999464,0.0001975419999666883,0.06525395799997113,0.23835691699997597,0.999983122250724,0.6857757556667886,0.5758361249999098,2.6334640000000036,0.2541870420000123,16.827219009399414,643.109375,643.109375,0.0,,,,,,,,,,,,,0.0005759160000025076,163.0,11.0,36.0,0.0,0.0014721250000206965,0.05377391700000089,0.09839266700004146,0.009540708000031373,0.008886666999956105,0.00021654200003240476
4000,10,420260516,3,3,4.0,20183,124408,0.0077755,0.2973403340000118,0.04394237499997189,0,0.0,15.13725,31.0,20118.830368,5.029707591999999,15.089122776,0.11094447223611806,9e-06,1e-06,sparse,Non-random,non_random,0.01775,0.947473061933216,0.9084174216652892,0.014419041999985893,0.045718749999991815,0.00011733399998092864,0.06534558399999923,0.11118808300000182,1.0000000000000009,0.6962492863068142,0.4524643769999557,1.231314999999995,0.12731254200002695,4.305091857910156,643.140625,643.140625,0.0,,,,,,,,,,,,,,,,,,,,,,,
4000,10,420260516,3,3,4.0,20183,124408,0.0077755,0.2973403340000118,0.04394237499997189,0,0.0,15.13725,31.0,20118.830368,5.029707591999999,15.089122776,0.11094447223611806,9e-06,1e-06,sparse,Gaussian random projection,gaussian_random_projection,0.02125,0.9372940058867046,0.8941864561775942,0.014263416000005691,0.179522583999983,0.00031466699999782577,0.06303725000003624,0.24288033300001644,0.9999833844719087,0.6922701166500977,0.5841572100000008,2.671734000000015,0.2588022090000095,21.74684429168701,643.140625,643.140625,0.0,0.007334582999988015,0.06221650000003365,0.0911056670000221,0.00981424999997671,0.008813583000005565,0.00017237499997690975,,,,,,,,,,,,,,,,,
4000,10,420260516,3,3,4.0,20183,124408,0.0077755,0.2973403340000118,0.04394237499997189,0,0.0,15.13725,31.0,20118.830368,5.029707591999999,15.089122776,0.11094447223611806,9e-06,1e-06,sparse,Random sampling,random_sampling,0.0535,0.8459144653562571,0.7767276544112559,0.01441262500003404,0.07745612499996923,0.00010975000003554669,0.07736458300001914,0.15493487499998082,1.0620719486038765,0.7977668758247539,0.4962131670000076,1.7075869999998758,0.17100437499999543,5.611397743225098,643.140625,643.1484375,0.0078125,,,,,,,0.005173249999984364,0.07226174999999557,64204.0,44854.0,0.7,86906.0,,,,,,,,,,,
4000,10,420260516,3,3,4.0,20183,124408,0.0077755,0.2973403340000118,0.04394237499997189,0,0.0,15.13725,31.0,20118.830368,5.029707591999999,15.089122776,0.11094447223611806,9e-06,1e-06,sparse,CountSketch random projection,countsketch_random_projection,0.022,0.935124942357126,0.891025380118031,0.014554667000027166,0.17292025000000422,0.00020016700000269338,0.06578162499999962,0.23890654199999517,0.9999853464521178,0.6928713647184221,0.5801847509999902,2.6481509999998707,0.2551031250000051,16.83580207824707,643.1484375,643.1484375,0.0,,,,,,,,,,,,,0.0005972499999984393,163.0,11.0,39.0,0.0,0.001476625000009335,0.05429770800003553,0.09714466700000912,0.00978487499997982,0.009396459000015511,0.00017170799998211805
5000,1,520260507,3,3,4.0,25199,155498,0.00621992,0.37519754200002353,0.05597645799997508,0,0.0,15.1194,32.0,25155.864294400002,5.031172858880001,15.093518576640001,0.11097779555911182,5.76e-06,6.4e-07,sparse,Non-random,non_random,0.0194,0.9426344997317604,0.9009252053712176,0.017270540999959394,0.053211459000010564,0.0001355409999632684,0.07595175000000154,0.12931354199997713,1.0000000000000002,0.6928422637664161,0.560472749999974,1.4814220000002933,0.14868537500001366,5.3801116943359375,643.1484375,643.1484375,0.0,,,,,,,,,,,,,,,,,,,,,,,
5000,1,520260507,3,3,4.0,25199,155498,0.00621992,0.37519754200002353,0.05597645799997508,0,0.0,15.1194,32.0,25155.864294400002,5.031172858880001,15.093518576640001,0.11097779555911182,5.76e-06,6.4e-07,sparse,Gaussian random projection,gaussian_random_projection,0.0246,0.9275353226101543,0.8795409523150829,0.017014291000009507,0.2085151669999732,0.0002227090000133103,0.07143441599998823,0.2801773339999727,0.9999791243799525,0.6883185321137175,0.7113462919999733,3.0774360000000343,0.2991543750000005,27.08082103729248,643.1484375,643.1484375,0.0,0.009085832999971899,0.08103195900002902,0.09740020800001048,0.012667167000017798,0.008099458999993203,0.0001941250000072614,,,,,,,,,,,,,,,,,
5000,1,520260507,3,3,4.0,25199,155498,0.00621992,0.37519754200002353,0.05597645799997508,0,0.0,15.1194,32.0,25155.864294400002,5.031172858880001,15.093518576640001,0.11097779555911182,5.76e-06,6.4e-07,sparse,Random sampling,random_sampling,0.0546,0.8429207426216897,0.7733384622805622,0.016958041000009416,0.08981337500000564,0.00011037500001975786,0.07474337499996864,0.1646718339999893,1.0583211174058855,0.7903154352159172,0.5958411249999926,1.9172950000001947,0.1835409579999805,6.987977027893066,643.1484375,643.1484375,0.0,,,,,,,0.006237499999997453,0.08355545800003483,80249.0,55929.0,0.7,108382.0,,,,,,,,,,,
5000,1,520260507,3,3,4.0,25199,155498,0.00621992,0.37519754200002353,0.05597645799997508,0,0.0,15.1194,32.0,25155.864294400002,5.031172858880001,15.093518576640001,0.11097779555911182,5.76e-06,6.4e-07,sparse,CountSketch random projection,countsketch_random_projection,0.0232,0.9315990401013218,0.8854747541959578,0.016982125000026826,0.1930807919999893,0.00022833299999547307,0.06923499999999194,0.26254875000000766,0.9999771273131209,0.6871564461264107,0.6937181249999753,2.8611379999997553,0.2814301660000069,20.94144630432129,643.1484375,643.1484375,0.0,,,,,,,,,,,,,0.0006033329999581838,163.0,19.0,52.0,0.0,0.0017923339999583732,0.0679599580000172,0.10149541599997747,0.01227016600000752,0.00870279200000823,0.0002119579999657617
5000,2,520260508,3,3,4.0,25167,155342,0.00621368,0.3721689170000104,0.05520604200000889,0,0.0,15.1002,28.0,25155.864294400002,5.031172858880001,15.093518576640001,0.11097779555911182,5.76e-06,6.4e-07,sparse,Non-random,non_random,0.0146,0.956668137761523,0.92204451717831,0.01706733400004623,0.05395462500001713,0.0001310419999640544,0.06962395800002241,0.12371629200004008,1.0,0.6944527438153122,0.5510845840000229,1.40176799999972,0.1428130840000108,5.374755859375,643.1484375,643.1484375,0.0,,,,,,,,,,,,,,,,,,,,,,,
5000,2,520260508,3,3,4.0,25167,155342,0.00621368,0.3721689170000104,0.05520604200000889,0,0.0,15.1002,28.0,25155.864294400002,5.031172858880001,15.093518576640001,0.11097779555911182,5.76e-06,6.4e-07,sparse,Gaussian random projection,gaussian_random_projection,0.0212,0.9373866953608742,0.8933857310272879,0.018482084000027044,0.207546667000031,0.00022954100001015831,0.06721083299999009,0.27499229099998956,0.9999784657477695,0.690013446841801,0.7023620000000506,3.0398559999998724,0.29549533299996256,27.079035758972168,643.1484375,643.1484375,0.0,0.009102125000026717,0.07983045800000355,0.09724583399997755,0.011852332999978898,0.009266916999990826,0.00020424999996748738,,,,,,,,,,,,,,,,,
5000,2,520260508,3,3,4.0,25167,155342,0.00621368,0.3721689170000104,0.05520604200000889,0,0.0,15.1002,28.0,25155.864294400002,5.031172858880001,15.093518576640001,0.11097779555911182,5.76e-06,6.4e-07,sparse,Random sampling,random_sampling,0.0452,0.868956560030611,0.8044989588311326,0.017057332999968366,0.11106829099998095,0.0001904999999737811,0.07850891700002194,0.18977337500001568,1.0622295240763653,0.796101110950824,0.617142666999996,2.160678000000189,0.20872445800000605,6.991161346435547,643.1484375,643.1484375,0.0,,,,,,,0.006358540999997331,0.10467416599999524,80171.0,56022.0,0.7,108559.0,,,,,,,,,,,
5000,2,520260508,3,3,4.0,25167,155342,0.00621368,0.3721689170000104,0.05520604200000889,0,0.0,15.1002,28.0,25155.864294400002,5.031172858880001,15.093518576640001,0.11097779555911182,5.76e-06,6.4e-07,sparse,CountSketch random projection,countsketch_random_projection,0.0194,0.9426244225995535,0.9007159792542763,0.017300458000022445,0.19073429200000191,0.00023008400000890106,0.0665828749999946,0.2575518329999795,0.9999797512220022,0.6897760513618023,0.6849222100000247,2.878312000000278,0.27674299999995355,20.939661026000977,643.1484375,643.1484375,0.0,,,,,,,,,,,,,0.0006098750000091968,163.0,17.0,48.0,0.0,0.0018036669999901278,0.06870508399998698,0.09833170799998925,0.012531666999961999,0.00838912500000788,0.0003169999999954598
5000,3,520260509,3,3,4.0,25272,155964,0.00623856,0.3801086670000018,0.05623783299995466,0,0.0,15.1632,35.0,25155.864294400002,5.031172858880001,15.093518576640001,0.11097779555911182,5.76e-06,6.4e-07,sparse,Non-random,non_random,0.015,0.9554895837284295,0.9198301987498629,0.017442791999997098,0.05439608300002874,0.0001269159999992553,0.07091516700000966,0.12544537500002662,0.9999999999999997,0.6971105712128631,0.5617846659999941,1.4381330000001071,0.14507379100001572,5.396110534667969,643.1484375,643.1484375,0.0,,,,,,,,,,,,,,,,,,,,,,,
5000,3,520260509,3,3,4.0,25272,155964,0.00623856,0.3801086670000018,0.05623783299995466,0,0.0,15.1632,35.0,25155.864294400002,5.031172858880001,15.093518576640001,0.11097779555911182,5.76e-06,6.4e-07,sparse,Gaussian random projection,gaussian_random_projection,0.0186,0.944961200407501,0.9044661234604094,0.01708645799999431,0.20807129199999963,0.00023466699997243268,0.06772499999999582,0.2760353749999922,0.9999785214591322,0.692562934385239,0.7123774589999243,3.0633120000002236,0.2951206250000382,27.086153984069824,643.1484375,643.1484375,0.0,0.00932287500000939,0.07882433399998945,0.09775499999994963,0.012741791999985708,0.00916879100003598,0.00021683400001393238,,,,,,,,,,,,,,,,,
5000,3,520260509,3,3,4.0,25272,155964,0.00623856,0.3801086670000018,0.05623783299995466,0,0.0,15.1632,35.0,25155.864294400002,5.031172858880001,15.093518576640001,0.11097779555911182,5.76e-06,6.4e-07,sparse,Random sampling,random_sampling,0.05,0.8555449496999499,0.7882636608298669,0.0168243329999882,0.0869965420000085,0.00010937500002228262,0.07561170799999672,0.1627222920000122,1.0660085769649978,0.800275141655515,0.599064124999984,1.9048699999998462,0.18152937499996824,7.021245956420898,643.1484375,643.1484375,0.0,,,,,,,0.00636845799999719,0.0806064170000127,80482.0,56309.0,0.7,109056.0,,,,,,,,,,,
5000,3,520260509,3,3,4.0,25272,155964,0.00623856,0.3801086670000018,0.05623783299995466,0,0.0,15.1632,35.0,25155.864294400002,5.031172858880001,15.093518576640001,0.11097779555911182,5.76e-06,6.4e-07,sparse,CountSketch random projection,countsketch_random_projection,0.0226,0.93334033355149,0.887771673487951,0.017326041999979225,0.19071795900003963,0.0003499169999940932,0.06878725000001396,0.2598609170000259,0.9999816976188747,0.6918733624589426,0.6962016260000041,2.906017000000247,0.2790325830000029,20.946779251098633,643.1484375,643.1484375,0.0,,,,,,,,,,,,,0.0006046670000046106,163.0,19.0,44.0,0.0,0.0019055829999956586,0.06863112500002444,0.0993630410000037,0.012390541999991456,0.007531208999978389,0.00021837500003130117
5000,4,520260510,3,3,4.0,24958,154092,0.00616368,0.3691486670000472,0.05467904099998577,0,0.0,14.9748,30.0,25155.864294400002,5.031172858880001,15.093518576640001,0.11097779555911182,5.76e-06,6.4e-07,sparse,Non-random,non_random,0.0186,0.9450033766731065,0.9052925383163924,0.016955790999986675,0.054511332999993556,0.00014637500004255344,0.06887024999997493,0.12353487500001847,0.9999999999999997,0.6962939941715999,0.547355666000044,1.4179509999999027,0.14244058400004178,5.331840515136719,643.1484375,643.1484375,0.0,,,,,,,,,,,,,,,,,,,,,,,
5000,4,520260510,3,3,4.0,24958,154092,0.00616368,0.3691486670000472,0.05467904099998577,0,0.0,14.9748,30.0,25155.864294400002,5.031172858880001,15.093518576640001,0.11097779555911182,5.76e-06,6.4e-07,sparse,Gaussian random projection,gaussian_random_projection,0.0274,0.9194713564617949,0.8689740879889735,0.016973667000002024,0.20876762500000723,0.0003463339999711934,0.06570366699997976,0.2748238749999814,0.9999758882818308,0.6913049176334358,0.6986453339999912,3.0729709999995976,0.2937620409999795,27.064730644226074,643.1484375,643.1484375,0.0,0.009139124999990145,0.08217104099998096,0.0972880420000024,0.012291624999988926,0.007614042000000154,0.00020079199998690456,,,,,,,,,,,,,,,,,
5000,4,520260510,3,3,4.0,24958,154092,0.00616368,0.3691486670000472,0.05467904099998577,0,0.0,14.9748,30.0,25155.864294400002,5.031172858880001,15.093518576640001,0.11097779555911182,5.76e-06,6.4e-07,sparse,Random sampling,random_sampling,0.0546,0.8429241246524909,0.7734806920727635,0.01712950000001001,0.08908033300002671,0.00011483299999781593,0.07511525000001029,0.16432262500001116,1.0666646202075754,0.7965971369233629,0.5881381240000678,1.9230059999999867,0.18333404100002326,6.950344085693359,643.1484375,643.1484375,0.0,,,,,,,0.006242915999962406,0.08281479100003253,79546.0,55799.0,0.7,108081.0,,,,,,,,,,,
5000,4,520260510,3,3,4.0,24958,154092,0.00616368,0.3691486670000472,0.05467904099998577,0,0.0,14.9748,30.0,25155.864294400002,5.031172858880001,15.093518576640001,0.11097779555911182,5.76e-06,6.4e-07,sparse,CountSketch random projection,countsketch_random_projection,0.0254,0.9252296603038284,0.8764648951263185,0.016860667000003104,0.19153883299998142,0.00023104100000637118,0.07148483299999953,0.26325945900003944,0.9999757611403574,0.6907077898359562,0.6870824150000203,2.940309999999954,0.28201804200000424,20.925355911254883,643.1484375,643.1484375,0.0,,,,,,,,,,,,,0.0006099579999840898,163.0,15.0,47.0,0.0,0.00178783299998031,0.06840645800002676,0.10006133399997452,0.012356041000032292,0.008070832999976574,0.0001979589999905329
5000,5,520260511,3,3,4.0,25284,156074,0.00624296,0.3713738330000069,0.05465437499998416,0,0.0,15.1704,31.0,25155.864294400002,5.031172858880001,15.093518576640001,0.11097779555911182,5.76e-06,6.4e-07,sparse,Non-random,non_random,0.0146,0.9566629499946127,0.921913317288286,0.017761333000009927,0.05588233299999956,0.00014058299996122514,0.07390787499997487,0.12993858300001193,1.0000000000000002,0.6963736042190215,0.5559589989999267,1.3749470000002475,0.14968537499999002,5.3998870849609375,643.1484375,643.1484375,0.0,,,,,,,,,,,,,,,,,,,,,,,
5000,5,520260511,3,3,4.0,25284,156074,0.00624296,0.3713738330000069,0.05465437499998416,0,0.0,15.1704,31.0,25155.864294400002,5.031172858880001,15.093518576640001,0.11097779555911182,5.76e-06,6.4e-07,sparse,Gaussian random projection,gaussian_random_projection,0.0194,0.9426233904225422,0.9007405210541837,0.017215292000003046,0.20835879200001273,0.00022470900000826077,0.06712912500000812,0.2757173339999781,0.9999711785660886,0.6921809170367891,0.7017408340000202,2.9660759999997026,0.29487349999999424,27.08741283416748,643.1484375,643.1484375,0.0,0.009062958000015442,0.07968620899998768,0.0976556659999801,0.012163874999998825,0.00954912500003502,0.00020012499999211286,,,,,,,,,,,,,,,,,
5000,5,520260511,3,3,4.0,25284,156074,0.00624296,0.3713738330000069,0.05465437499998416,0,0.0,15.1704,31.0,25155.864294400002,5.031172858880001,15.093518576640001,0.11097779555911182,5.76e-06,6.4e-07,sparse,Random sampling,random_sampling,0.0496,0.856717950054833,0.7895168587895774,0.018548750000036307,0.08739524999998594,0.00011179099999480968,0.08053154100002757,0.16804466700000376,1.068103845581992,0.7951174348156723,0.5940667899999994,1.7575119999996787,0.1901464590000046,7.043478012084961,643.1484375,643.1484375,0.0,,,,,,,0.006524916999978814,0.08084387499997092,80537.0,56594.0,0.7,109635.0,,,,,,,,,,,
5000,5,520260511,3,3,4.0,25284,156074,0.00624296,0.3713738330000069,0.05465437499998416,0,0.0,15.1704,31.0,25155.864294400002,5.031172858880001,15.093518576640001,0.11097779555911182,5.76e-06,6.4e-07,sparse,CountSketch random projection,countsketch_random_projection,0.0204,0.9397160974235226,0.8967688624568118,0.01731866599999421,0.19828295899998238,0.0004107919999682963,0.06608808300001101,0.2647911249999879,0.9999838361211558,0.6902526350667609,0.6908100419999528,2.931427999999869,0.28405137499999,20.94803810119629,643.1484375,649.37109375,6.22265625,,,,,,,,,,,,,0.0006308330000024398,163.0,19.0,46.0,0.0,0.001844084000026669,0.07422216700001627,0.1005927499999757,0.012061125000002448,0.008627790999980789,0.00022404200001346908
5000,6,520260512,3,3,4.0,24845,153442,0.00613768,0.36705783399997927,0.05411933299996008,0,0.0,14.907,32.0,25155.864294400002,5.031172858880001,15.093518576640001,0.11097779555911182,5.76e-06,6.4e-07,sparse,Non-random,non_random,0.0122,0.9637220073729209,0.9331323361477356,0.01738429200003111,0.05251891699998623,0.0001314170000341619,0.07267220899996119,0.1253296670000168,1.0,0.7003152120513094,0.5464997099999209,1.4356629999997494,0.14473845800000618,5.3095245361328125,649.37109375,649.37109375,0.0,,,,,,,,,,,,,,,,,,,,,,,
5000,6,520260512,3,3,4.0,24845,153442,0.00613768,0.36705783399997927,0.05411933299996008,0,0.0,14.907,32.0,25155.864294400002,5.031172858880001,15.093518576640001,0.11097779555911182,5.76e-06,6.4e-07,sparse,Gaussian random projection,gaussian_random_projection,0.0192,0.943201829290504,0.9017145610535283,0.016951417000029778,0.2049913330000095,0.0003828749999570391,0.06810975000001918,0.2734897500000102,0.9999777070110858,0.6949390484154458,0.694661124999925,3.029117000000042,0.2923497910000492,27.057291984558105,649.37109375,649.37109375,0.0,0.009186750000026223,0.07580595799998946,0.09891037500000266,0.012556458999995357,0.008187417000044661,0.00028191699999524644,,,,,,,,,,,,,,,,,
5000,6,520260512,3,3,4.0,24845,153442,0.00613768,0.36705783399997927,0.05411933299996008,0,0.0,14.907,32.0,25155.864294400002,5.031172858880001,15.093518576640001,0.11097779555911182,5.76e-06,6.4e-07,sparse,Random sampling,random_sampling,0.046,0.8667229406689912,0.8014774602144698,0.017077208000046085,0.08755312499999945,0.0001882500000078835,0.07899104200004103,0.16673804199996312,1.0628347133916374,0.8044482841656103,0.5879095839999877,1.917652999999973,0.18570979200001148,6.903635025024414,649.37109375,649.37109375,0.0,,,,,,,0.0061773750000497785,0.08134262500004752,79221.0,55306.0,0.7,107107.0,,,,,,,,,,,
5000,6,520260512,3,3,4.0,24845,153442,0.00613768,0.36705783399997927,0.05411933299996008,0,0.0,14.907,32.0,25155.864294400002,5.031172858880001,15.093518576640001,0.11097779555911182,5.76e-06,6.4e-07,sparse,CountSketch random projection,countsketch_random_projection,0.0186,0.9449784524849463,0.9046578282342413,0.017201124999985495,0.19818275000000085,0.0002349579999645357,0.06635762500002329,0.26478025000000116,0.9999761159927937,0.6961335865427566,0.685952499999928,2.957296999999926,0.2838408750000099,20.917917251586914,649.37109375,649.37109375,0.0,,,,,,,,,,,,,0.0006010000000173932,163.0,14.0,46.0,0.0,0.0017778749999592947,0.07438925000002428,0.09949737499999856,0.012288916999978028,0.009371332999990045,0.00020641700001533536
5000,7,520260513,3,3,4.0,25051,154622,0.00618488,0.37003045800003065,0.056066833000045335,0,0.0,15.0306,31.0,25155.864294400002,5.031172858880001,15.093518576640001,0.11097779555911182,5.76e-06,6.4e-07,sparse,Non-random,non_random,0.0184,0.945539654650342,0.9053639815002297,0.01724899999999252,0.05483416699996724,0.00013004099997715457,0.06735995799999728,0.1223323339999638,0.9999999999999999,0.6966273099965707,0.5484214570000177,1.400398999999652,0.14171020800000633,5.35003662109375,649.37109375,649.37109375,0.0,,,,,,,,,,,,,,,,,,,,,,,
5000,7,520260513,3,3,4.0,25051,154622,0.00618488,0.37003045800003065,0.056066833000045335,0,0.0,15.0306,31.0,25155.864294400002,5.031172858880001,15.093518576640001,0.11097779555911182,5.76e-06,6.4e-07,sparse,Gaussian random projection,gaussian_random_projection,0.0216,0.9362252737977715,0.8929066238288389,0.017391166000038538,0.20538433400002987,0.0003578749999633146,0.06617633299998715,0.2719243340000048,0.9999771395909832,0.6913883597338887,0.6980158330000563,3.0196039999996174,0.29128745799999933,27.070796012878418,649.37109375,649.37109375,0.0,0.00902200000001585,0.07798441700003877,0.09661075000002484,0.012294708000013088,0.009189292000030491,0.00021812500000351065,,,,,,,,,,,,,,,,,
5000,7,520260513,3,3,4.0,25051,154622,0.00618488,0.37003045800003065,0.056066833000045335,0,0.0,15.0306,31.0,25155.864294400002,5.031172858880001,15.093518576640001,0.11097779555911182,5.76e-06,6.4e-07,sparse,Random sampling,random_sampling,0.0512,0.8523229076759344,0.7846310576858255,0.017074083000011342,0.09086679199998571,0.00011920899999040557,0.07850937499995325,0.16950004200003832,1.066201226678305,0.7994926428947156,0.5955926670000053,1.9726500000001579,0.18845266699997865,6.963544845581055,649.37109375,649.37109375,0.0,,,,,,,0.006229915999995228,0.08461325000001807,79811.0,55844.0,0.7,108160.0,,,,,,,,,,,
5000,7,520260513,3,3,4.0,25051,154622,0.00618488,0.37003045800003065,0.056066833000045335,0,0.0,15.0306,31.0,25155.864294400002,5.031172858880001,15.093518576640001,0.11097779555911182,5.76e-06,6.4e-07,sparse,CountSketch random projection,countsketch_random_projection,0.0214,0.936815456125987,0.8926596332047985,0.02067041700001937,0.18991791600001307,0.00037779199999476987,0.06666762499997958,0.2569693750000397,0.9999834219161625,0.6920510346594244,0.6830606240000634,2.912659000000076,0.27952437499999405,20.931421279907227,649.37109375,649.37109375,0.0,,,,,,,,,,,,,0.0006154999999807842,163.0,18.0,46.0,0.0,0.0017735419999667101,0.06722712500004491,0.09867724999998018,0.012360957999987932,0.008968250000009448,0.0002294999999890024
5000,8,520260514,3,3,4.0,25289,156024,0.00624096,0.38157187499996326,0.0569814169999745,0,0.0,15.1734,30.0,25155.864294400002,5.031172858880001,15.093518576640001,0.11097779555911182,5.76e-06,6.4e-07,sparse,Non-random,non_random,0.0192,0.9432032501455949,0.9018622733020091,0.017189874999985477,0.054352582999968035,0.00014620899997908055,0.07456979099998762,0.12907512499998575,0.999999999999999,0.6919294840996352,0.5676218749998725,1.4717930000001616,0.14834529099999827,5.398170471191406,649.37109375,649.37109375,0.0,,,,,,,,,,,,,,,,,,,,,,,
5000,8,520260514,3,3,4.0,25289,156024,0.00624096,0.38157187499996326,0.0569814169999745,0,0.0,15.1734,30.0,25155.864294400002,5.031172858880001,15.093518576640001,0.11097779555911182,5.76e-06,6.4e-07,sparse,Gaussian random projection,gaussian_random_projection,0.024,0.9292536003651422,0.8825994999363415,0.017268417000025238,0.20659879199996567,0.00023704199998064723,0.0675007080000114,0.27434175000001915,0.9999767476359989,0.6873038450369632,0.7128898339998955,3.0150450000001,0.2936179160000165,27.086840629577637,649.37109375,649.37109375,0.0,0.009076375000006465,0.0806244170000241,0.09648212499996589,0.01252225000001772,0.007647958999996263,0.00020104100002527048,,,,,,,,,,,,,,,,,
5000,8,520260514,3,3,4.0,25289,156024,0.00624096,0.38157187499996326,0.0569814169999745,0,0.0,15.1734,30.0,25155.864294400002,5.031172858880001,15.093518576640001,0.11097779555911182,5.76e-06,6.4e-07,sparse,Random sampling,random_sampling,0.0578,0.8339816253300659,0.7638696087973018,0.019187457999976232,0.08855750000003582,0.00012316700002656944,0.07843074999999544,0.1671169169999871,1.0601758703150905,0.7953659107249261,0.6056647089999956,1.9583299999999326,0.1882397919999903,7.0094757080078125,649.37109375,649.37109375,0.0,,,,,,,0.006384791000016321,0.0821474169999874,80512.0,56097.0,0.7,108700.0,,,,,,,,,,,
5000,8,520260514,3,3,4.0,25289,156024,0.00624096,0.38157187499996326,0.0569814169999745,0,0.0,15.1734,30.0,25155.864294400002,5.031172858880001,15.093518576640001,0.11097779555911182,5.76e-06,6.4e-07,sparse,CountSketch random projection,countsketch_random_projection,0.0258,0.9240678759269206,0.8748705629858035,0.017296791000035228,0.19016654099999641,0.00023233299998537404,0.067809082999986,0.2582122499999855,0.9999784629216705,0.6873291870923542,0.6967612489999055,2.8867410000002565,0.27737512499999184,20.947465896606445,649.37109375,649.37109375,0.0,,,,,,,,,,,,,0.0006092090000038297,163.0,18.0,51.0,0.0,0.00179462500000227,0.06819387500001994,0.09869579099995462,0.01212162500002023,0.008504958999992596,0.00020462499998075145
5000,9,520260515,3,3,4.0,25049,154661,0.00618644,0.3770708339999942,0.05604566699997804,1,0.0002,15.0294,29.0,25155.864294400002,5.031172858880001,15.093518576640001,0.11097779555911182,5.76e-06,6.4e-07,sparse,Non-random,non_random,0.0166,0.9508133351816365,0.9129639177535869,0.016995124999994005,0.05278924999998935,0.00012474999999767533,0.06871962499997153,0.12164054199996599,1.0000000000000002,0.6943160642130729,0.5547501259999308,1.4027470000000903,0.14057383300001902,5.351375579833984,649.37109375,649.37109375,0.0,,,,,,,,,,,,,,,,,,,,,,,
5000,9,520260515,3,3,4.0,25049,154661,0.00618644,0.3770708339999942,0.05604566699997804,1,0.0002,15.0294,29.0,25155.864294400002,5.031172858880001,15.093518576640001,0.11097779555911182,5.76e-06,6.4e-07,sparse,Gaussian random projection,gaussian_random_projection,0.0238,0.9298526248673182,0.8834118316497743,0.017115042000000358,0.22255950000004532,0.0002646249999997963,0.06547837499999787,0.2883074590000092,0.999977040412722,0.6896289439473707,0.7214190010000152,3.2032030000000304,0.30731062499995687,27.071242332458496,649.37109375,649.37109375,0.0,0.009135333000017454,0.09586020899996583,0.09710408300003337,0.012142333000042527,0.008050000000025648,0.00022437500001615263,,,,,,,,,,,,,,,,,
5000,9,520260515,3,3,4.0,25049,154661,0.00618644,0.3770708339999942,0.05604566699997804,1,0.0002,15.0294,29.0,25155.864294400002,5.031172858880001,15.093518576640001,0.11097779555911182,5.76e-06,6.4e-07,sparse,Random sampling,random_sampling,0.0594,0.8296656807298675,0.757532027680312,0.016929584000024533,0.08948766700001443,0.00011591700001645222,0.0752087500000016,0.16481733400001986,1.0616346456124786,0.793726281500613,0.5979288350000047,1.9075339999999414,0.18361300000003666,6.955183029174805,649.37109375,649.37109375,0.0,,,,,,,0.006237333000001399,0.08322833400001173,79830.0,55705.0,0.7,107903.0,,,,,,,,,,,
5000,9,520260515,3,3,4.0,25049,154661,0.00618644,0.3770708339999942,0.05604566699997804,1,0.0002,15.0294,29.0,25155.864294400002,5.031172858880001,15.093518576640001,0.11097779555911182,5.76e-06,6.4e-07,sparse,CountSketch random projection,countsketch_random_projection,0.0298,0.9125667312490425,0.859672200489894,0.016946542000027875,0.19217399999996587,0.0004029159999845433,0.06943437500001437,0.2620239999999967,0.9999823276429393,0.6890223338180318,0.695127791999937,2.916639000000032,0.28081812499999614,20.931867599487305,649.37109375,649.37109375,0.0,,,,,,,,,,,,,0.0006060410000259253,163.0,14.0,44.0,0.0,0.0018015829999740163,0.06806045799999083,0.10132249999998066,0.012310000000013588,0.007766749999973399,0.00021612500000856016
5000,10,520260516,3,3,4.0,25185,155500,0.00622,0.37435370899999043,0.05564504100004797,0,0.0,15.111,30.0,25155.864294400002,5.031172858880001,15.093518576640001,0.11097779555911182,5.76e-06,6.4e-07,sparse,Non-random,non_random,0.0168,0.9502216329101315,0.9121821482702039,0.01733854200000451,0.0545377500000086,0.00014191700000765195,0.07077733300002365,0.12546420800003943,1.0000000000000002,0.6883524521083988,0.5554557500000783,1.4263889999997446,0.14482716599997048,5.380180358886719,649.37109375,649.37109375,0.0,,,,,,,,,,,,,,,,,,,,,,,
5000,10,520260516,3,3,4.0,25185,155500,0.00622,0.37435370899999043,0.05564504100004797,0,0.0,15.111,30.0,25155.864294400002,5.031172858880001,15.093518576640001,0.11097779555911182,5.76e-06,6.4e-07,sparse,Gaussian random projection,gaussian_random_projection,0.0262,0.9229394572361452,0.8735581140303947,0.017045791999976245,0.20877899999999272,0.0003555829999868365,0.06431941700003563,0.2734607909999909,0.9999783044839657,0.682938817585675,0.7034527500000536,3.0516310000002704,0.2932878329999653,27.080843925476074,649.37109375,649.37109375,0.0,0.009192666999979338,0.07943416700004491,0.09818549999999959,0.01246041699999978,0.009191375000000335,0.0002477090000070348,,,,,,,,,,,,,,,,,
5000,10,520260516,3,3,4.0,25185,155500,0.00622,0.37435370899999043,0.05564504100004797,0,0.0,15.111,30.0,25155.864294400002,5.031172858880001,15.093518576640001,0.11097779555911182,5.76e-06,6.4e-07,sparse,Random sampling,random_sampling,0.0624,0.821520198258601,0.7486203364782882,0.01716700000002902,0.08876108399999794,0.00010904199996275565,0.07485362500000292,0.1637284160000263,1.065779863972249,0.792678935085339,0.593722501000002,1.9121579999996356,0.18277412499998036,7.022141456604004,649.37109375,649.37109375,0.0,,,,,,,0.0062629170000150225,0.08247670800000151,80250.0,56428.0,0.7,109357.0,,,,,,,,,,,
5000,10,520260516,3,3,4.0,25185,155500,0.00622,0.37435370899999043,0.05564504100004797,0,0.0,15.111,30.0,25155.864294400002,5.031172858880001,15.093518576640001,0.11097779555911182,5.76e-06,6.4e-07,sparse,CountSketch random projection,countsketch_random_projection,0.024,0.9293163787175436,0.8826906013592437,0.01708762500004468,0.19874425000000429,0.00022449999994478276,0.06792587500001446,0.26689929200000506,0.9999815888600936,0.6828786973117166,0.6968933750000019,2.910149000000274,0.2859387909999782,20.941469192504883,649.37109375,649.37109375,0.0,,,,,,,,,,,,,0.0006057919999875594,163.0,16.0,48.0,0.0,0.0017944999999599531,0.07569641700001739,0.10013004199998932,0.012086707999969803,0.00818058300001212,0.00019112500001483568
6000,1,620260507,3,3,4.0,30564,188746,0.005242944444444444,0.45389558299996224,0.0685942080000359,0,0.0,15.282,30.0,30192.89688888889,5.032149481481482,15.096448444444444,0.1109999938302488,4e-06,4.4444444444444444e-07,sparse,Non-random,non_random,0.016833333333333332,0.9501480236114774,0.9125835016672017,0.0226018339999996,0.06440387499998224,0.00024408299998412986,0.07648720899999262,0.14114508299996942,0.9999999999999991,0.6944503590013203,0.6636249579999571,1.6378770000001168,0.16608770800002048,6.5292205810546875,649.37109375,649.41015625,0.0390625,,,,,,,,,,,,,,,,,,,,,,,
6000,1,620260507,3,3,4.0,30564,188746,0.005242944444444444,0.45389558299996224,0.0685942080000359,0,0.0,15.282,30.0,30192.89688888889,5.032149481481482,15.096448444444444,0.1109999938302488,4e-06,4.4444444444444444e-07,sparse,Gaussian random projection,gaussian_random_projection,0.025,0.9263974318542794,0.8781734377366772,0.019950459000028786,0.24816995899999483,0.00026345899999569156,0.07599070800000618,0.3244288750000237,0.9999776624268935,0.6887954615097698,0.8469139169999949,3.568004000000201,0.34671408399998427,32.439494132995605,649.41015625,665.06640625,15.65625,0.011167833000001792,0.10128374999999323,0.11120770800005175,0.015341750000004595,0.008746583999993618,0.0003780840000331409,,,,,,,,,,,,,,,,,
6000,1,620260507,3,3,4.0,30564,188746,0.005242944444444444,0.45389558299996224,0.0685942080000359,0,0.0,15.282,30.0,30192.89688888889,5.032149481481482,15.096448444444444,0.1109999938302488,4e-06,4.4444444444444444e-07,sparse,Random sampling,random_sampling,0.04666666666666667,0.8648888001280417,0.799179819107135,0.019708125000022392,0.10210558300002504,0.00021662499995045437,0.07911441700002797,0.1814426669999989,1.061370217841428,0.7953171724780498,0.7039264160000016,2.10789399999976,0.20333779200001345,8.477876663208008,665.06640625,665.06640625,0.0,,,,,,,0.007501916000023812,0.09456516700004158,97373.0,68038.0,0.7,131894.0,,,,,,,,,,,
6000,1,620260507,3,3,4.0,30564,188746,0.005242944444444444,0.45389558299996224,0.0685942080000359,0,0.0,15.282,30.0,30192.89688888889,5.032149481481482,15.096448444444444,0.1109999938302488,4e-06,4.4444444444444444e-07,sparse,CountSketch random projection,countsketch_random_projection,0.026333333333333334,0.922534448051577,0.8730890818221696,0.019966500000009546,0.23381699999998773,0.0002579590000095777,0.07456387499996708,0.3086439999999584,0.9999742458915959,0.6874821291163798,0.8311286249999625,3.4178149999997913,0.3307800000000043,25.071786880493164,665.06640625,665.06640625,0.0,,,,,,,,,,,,,0.0006392089999849304,163.0,23.0,54.0,0.0,0.002128583000001072,0.09387529199995015,0.1115080420000254,0.015946999999982836,0.009426916999984769,0.0002443750000225009
6000,2,620260508,3,3,4.0,30021,185532,0.005153666666666667,0.448094875000038,0.0666519170000015,0,0.0,15.0105,31.0,30192.89688888889,5.032149481481482,15.096448444444444,0.1109999938302488,4e-06,4.4444444444444444e-07,sparse,Non-random,non_random,0.013,0.9613750961229447,0.9292525553179426,0.020258875000024545,0.06273362499996438,0.00013329099999737082,0.07489233300003661,0.13776604099996348,1.0000000000000002,0.691680440973386,0.6525060410000378,1.5980060000001686,0.16038408299999674,6.418876647949219,665.06640625,665.06640625,0.0,,,,,,,,,,,,,,,,,,,,,,,
6000,2,620260508,3,3,4.0,30021,185532,0.005153666666666667,0.448094875000038,0.0666519170000015,0,0.0,15.0105,31.0,30192.89688888889,5.032149481481482,15.096448444444444,0.1109999938302488,4e-06,4.4444444444444444e-07,sparse,Gaussian random projection,gaussian_random_projection,0.027833333333333335,0.9182070303267355,0.8671415438238605,0.019888917000002948,0.24229008300000032,0.00028224999999793,0.07145129199994926,0.31402850000000626,0.999969460826948,0.684373264398625,0.828770416999987,3.4234419999997954,0.3361205829999676,32.40271282196045,665.06640625,665.06640625,0.0,0.010913458000004539,0.0993228329999738,0.10838312499998892,0.01464220899998736,0.00862804100000858,0.00034695799996598,,,,,,,,,,,,,,,,,
6000,2,620260508,3,3,4.0,30021,185532,0.005153666666666667,0.448094875000038,0.0666519170000015,0,0.0,15.0105,31.0,30192.89688888889,5.032149481481482,15.096448444444444,0.1109999938302488,4e-06,4.4444444444444444e-07,sparse,Random sampling,random_sampling,0.05483333333333333,0.842199562963111,0.7731819273661577,0.02020987499997773,0.1044460420000064,0.00012270799999214432,0.07707170899999483,0.18164508299997806,1.0617203375832822,0.7939557055380541,0.6963872510000328,2.11286599999994,0.2040022919999842,8.346766471862793,665.06640625,665.06640625,0.0,,,,,,,0.007468167000013182,0.0969559999999774,95766.0,67050.0,0.7,129937.0,,,,,,,,,,,
6000,2,620260508,3,3,4.0,30021,185532,0.005153666666666667,0.448094875000038,0.0666519170000015,0,0.0,15.0105,31.0,30192.89688888889,5.032149481481482,15.096448444444444,0.1109999938302488,4e-06,4.4444444444444444e-07,sparse,CountSketch random projection,countsketch_random_projection,0.024833333333333332,0.9268715283634016,0.8790805664817334,0.019711916999995083,0.22397266699999818,0.0002518329999929847,0.07461820800000396,0.29884716600003003,0.9999732468746984,0.6839809941585143,0.8135895000000346,3.316395000000284,0.32064858300003607,25.035005569458008,665.06640625,665.06640625,0.0,,,,,,,,,,,,,0.0006152500000098371,163.0,21.0,50.0,0.0,0.0021220840000069074,0.0849110830000086,0.11256091599994988,0.015489957999989201,0.008004541999980574,0.0002258750000123655
6000,3,620260509,3,3,4.0,30655,189288,0.005258,0.45978479100000413,0.06770645900002137,0,0.0,15.3275,31.0,30192.89688888889,5.032149481481482,15.096448444444444,0.1109999938302488,4e-06,4.4444444444444444e-07,sparse,Non-random,non_random,0.017833333333333333,0.9472300214861974,0.9080057130458561,0.019615957999974398,0.06356495900001846,0.0001386669999874357,0.07373195799999621,0.13744258399998444,1.0,0.6922788291855575,0.6649268340000276,1.5954440000000432,0.15944954099995812,6.547828674316406,665.06640625,665.06640625,0.0,,,,,,,,,,,,,,,,,,,,,,,
6000,3,620260509,3,3,4.0,30655,189288,0.005258,0.45978479100000413,0.06770645900002137,0,0.0,15.3275,31.0,30192.89688888889,5.032149481481482,15.096448444444444,0.1109999938302488,4e-06,4.4444444444444444e-07,sparse,Gaussian random projection,gaussian_random_projection,0.030166666666666668,0.9115113955687474,0.858522768255871,0.0198765000000094,0.23989691700001003,0.0002856659999679323,0.07375983399998631,0.3139473749999979,0.9999701969008323,0.6859669996512276,0.8414336669999898,3.471095000000332,0.3360331250000286,32.44569683074951,665.06640625,665.06640625,0.0,0.01087875000001759,0.10002691599999025,0.1058675419999986,0.015075125000009848,0.007700708000015766,0.0003040839999925993,,,,,,,,,,,,,,,,,
6000,3,620260509,3,3,4.0,30655,189288,0.005258,0.45978479100000413,0.06770645900002137,0,0.0,15.3275,31.0,30192.89688888889,5.032149481481482,15.096448444444444,0.1109999938302488,4e-06,4.4444444444444444e-07,sparse,Random sampling,random_sampling,0.05483333333333333,0.8422261888973845,0.7724388673148654,0.020129999999994652,0.10260899999997264,0.000127374999976837,0.079034374999992,0.18177520800003322,1.0619302379441806,0.7953557381454922,0.709261999999967,2.1254220000000714,0.20413158299999168,8.505849838256836,665.06640625,665.06640625,0.0,,,,,,,0.0075512500000058935,0.09503308399996513,97644.0,68283.0,0.7,132396.0,,,,,,,,,,,
6000,3,620260509,3,3,4.0,30655,189288,0.005258,0.45978479100000413,0.06770645900002137,0,0.0,15.3275,31.0,30192.89688888889,5.032149481481482,15.096448444444444,0.1109999938302488,4e-06,4.4444444444444444e-07,sparse,CountSketch random projection,countsketch_random_projection,0.027166666666666665,0.9201660972955001,0.8697443295712364,0.019923667000000478,0.22391545799996493,0.00025283299999045994,0.06708908299998484,0.2912622499999884,0.9999704296948035,0.6859188500239104,0.8187486239999657,3.240632999999889,0.3133586669999886,25.07798957824707,665.06640625,665.06640625,0.0,,,,,,,,,,,,,0.0006310840000196549,163.0,22.0,58.0,0.0,0.002162290999990546,0.08603166599999668,0.11175324999999248,0.015455000000031305,0.007613708000008046,0.00022266700000272976
6000,4,620260510,3,3,4.0,30280,187010,0.005194722222222222,0.4625627500000178,0.0662020420000431,0,0.0,15.14,31.0,30192.89688888889,5.032149481481482,15.096448444444444,0.1109999938302488,4e-06,4.4444444444444444e-07,sparse,Non-random,non_random,0.017666666666666667,0.9477001009306013,0.9088081506604395,0.01994204200002514,0.06479741699996566,0.0001363750000109576,0.07346679200003337,0.13840787499998441,0.9999999999999998,0.6917201311985292,0.6671653760000709,1.6008090000000266,0.16061345800000026,6.4696197509765625,665.06640625,665.06640625,0.0,,,,,,,,,,,,,,,,,,,,,,,
6000,4,620260510,3,3,4.0,30280,187010,0.005194722222222222,0.4625627500000178,0.0662020420000431,0,0.0,15.14,31.0,30192.89688888889,5.032149481481482,15.096448444444444,0.1109999938302488,4e-06,4.4444444444444444e-07,sparse,Gaussian random projection,gaussian_random_projection,0.025333333333333333,0.9254358612330212,0.8771039184838643,0.019549457999971764,0.2402199170000472,0.00025087500000609,0.06776349999995546,0.30823912500000006,0.9999758892152317,0.6853726340030151,0.8369990840000696,3.3208569999997053,0.33006762499996967,32.41962718963623,665.06640625,665.56640625,0.5,0.011127165999994304,0.09776429199996528,0.10848241700000472,0.015078415999994377,0.007513916000050358,0.00021558299999924202,,,,,,,,,,,,,,,,,
6000,4,620260510,3,3,4.0,30280,187010,0.005194722222222222,0.4625627500000178,0.0662020420000431,0,0.0,15.14,31.0,30192.89688888889,5.032149481481482,15.096448444444444,0.1109999938302488,4e-06,4.4444444444444444e-07,sparse,Random sampling,random_sampling,0.05683333333333333,0.8366615195158927,0.766547115432056,0.019649167000011403,0.10439999999999827,0.00012574999999515057,0.08196833300002027,0.18649895799995875,1.0643867718877023,0.7956274028559812,0.7152588750000746,2.0632550000000265,0.20828541599996697,8.394850730895996,665.56640625,665.56640625,0.0,,,,,,,0.007471749999979238,0.09690012499999057,96505.0,67359.0,0.7,130468.0,,,,,,,,,,,
6000,4,620260510,3,3,4.0,30280,187010,0.005194722222222222,0.4625627500000178,0.0662020420000431,0,0.0,15.14,31.0,30192.89688888889,5.032149481481482,15.096448444444444,0.1109999938302488,4e-06,4.4444444444444444e-07,sparse,CountSketch random projection,countsketch_random_projection,0.028333333333333332,0.9168033028229852,0.8656667956075722,0.01965387500001725,0.23069704199997432,0.00039100000003600144,0.06941779200002429,0.3005118749999838,0.9999720224578903,0.6855872398764061,0.8292706260000955,3.348269000000073,0.32227091700002575,25.05191993713379,665.56640625,665.56640625,0.0,,,,,,,,,,,,,0.0006251670000096965,163.0,24.0,59.0,0.0,0.0021603750000167565,0.09035191700002088,0.1140814999999975,0.01478854199996249,0.008379500000046392,0.00024008399998365348
6000,5,620260511,3,3,4.0,30207,186600,0.005183333333333333,0.45393875000002026,0.0682005829999639,0,0.0,15.1035,35.0,30192.89688888889,5.032149481481482,15.096448444444444,0.1109999938302488,4e-06,4.4444444444444444e-07,sparse,Non-random,non_random,0.013833333333333333,0.9589167657106975,0.9254885973978583,0.0194746660000078,0.06296754199996712,0.0001402080000048045,0.06558966700004021,0.1287041660000341,0.9999999999999999,0.692084858385489,0.6508367499999963,1.488839999999982,0.15049558300000854,6.455543518066406,665.56640625,665.56640625,0.0,,,,,,,,,,,,,,,,,,,,,,,
6000,5,620260511,3,3,4.0,30207,186600,0.005183333333333333,0.45393875000002026,0.0682005829999639,0,0.0,15.1035,35.0,30192.89688888889,5.032149481481482,15.096448444444444,0.1109999938302488,4e-06,4.4444444444444444e-07,sparse,Gaussian random projection,gaussian_random_projection,0.026833333333333334,0.9210949013602269,0.8716174755830423,0.01993166699998028,0.25324116699999877,0.000259249999999156,0.06875329199999669,0.32225908399999525,0.9999739891133946,0.685132154917822,0.8443930419999788,3.5265739999999823,0.34442875000002005,32.41493511199951,665.56640625,665.56640625,0.0,0.010995917000002464,0.11368808299999955,0.10523887499999773,0.014928499999996347,0.008117624999954387,0.00023054100000763356,,,,,,,,,,,,,,,,,
6000,5,620260511,3,3,4.0,30207,186600,0.005183333333333333,0.45393875000002026,0.0682005829999639,0,0.0,15.1035,35.0,30192.89688888889,5.032149481481482,15.096448444444444,0.1109999938302488,4e-06,4.4444444444444444e-07,sparse,Random sampling,random_sampling,0.0535,0.8458890808573324,0.7763813674838638,0.01977595900001461,0.10271429199997328,0.0001262499999938882,0.07934704199999487,0.1821924170000102,1.0626805958995222,0.7938689120786941,0.7043269169999462,2.1292939999998453,0.20411274999997886,8.393593788146973,665.56640625,665.56640625,0.0,,,,,,,0.007407333000003291,0.09528308299996979,96300.0,67430.0,0.7,130678.0,,,,,,,,,,,
6000,5,620260511,3,3,4.0,30207,186600,0.005183333333333333,0.45393875000002026,0.0682005829999639,0,0.0,15.1035,35.0,30192.89688888889,5.032149481481482,15.096448444444444,0.1109999938302488,4e-06,4.4444444444444444e-07,sparse,CountSketch random projection,countsketch_random_projection,0.024333333333333332,0.9283667292128526,0.8813552631037809,0.019729166999979952,0.22592170800004396,0.0004322089999959644,0.07016770900003166,0.29652895800001033,0.9999738675514971,0.6847983218332533,0.8186609590000558,3.3050990000001548,0.3183630000000335,25.04722785949707,665.56640625,665.56640625,0.0,,,,,,,,,,,,,0.0006151669999781006,163.0,19.0,52.0,0.0,0.0021194999999920583,0.08494691700002477,0.11335466700001007,0.014816666000001533,0.009711542000047757,0.0002820830000018759
6000,6,620260512,3,3,4.0,30156,186324,0.005175666666666667,0.4518769169999928,0.06739641699999765,0,0.0,15.078,31.0,30192.89688888889,5.032149481481482,15.096448444444444,0.1109999938302488,4e-06,4.4444444444444444e-07,sparse,Non-random,non_random,0.016833333333333332,0.9501360279329562,0.9121563647394084,0.023053707999963535,0.06450333399999408,0.00014029200002596554,0.07126645800002507,0.13591791699997202,1.0000000000000004,0.6950011041004709,0.6551834180000355,1.5740519999999378,0.16128262499995571,6.446067810058594,665.56640625,665.56640625,0.0,,,,,,,,,,,,,,,,,,,,,,,
6000,6,620260512,3,3,4.0,30156,186324,0.005175666666666667,0.4518769169999928,0.06739641699999765,0,0.0,15.078,31.0,30192.89688888889,5.032149481481482,15.096448444444444,0.1109999938302488,4e-06,4.4444444444444444e-07,sparse,Gaussian random projection,gaussian_random_projection,0.027333333333333334,0.9196576043739695,0.8689322511779518,0.019819541999993362,0.264086500000019,0.00025695899995525906,0.06859074999999848,0.33293883300001426,0.9999753238045548,0.6884266538901955,0.8522075429999632,3.4074350000000777,0.354967457999976,32.411776542663574,665.56640625,665.56640625,0.0,0.010954333000029237,0.10019066600000315,0.12407529200004319,0.015591249999999945,0.012999500000034914,0.00023779100001775078,,,,,,,,,,,,,,,,,
6000,6,620260512,3,3,4.0,30156,186324,0.005175666666666667,0.4518769169999928,0.06739641699999765,0,0.0,15.078,31.0,30192.89688888889,5.032149481481482,15.096448444444444,0.1109999938302488,4e-06,4.4444444444444444e-07,sparse,Random sampling,random_sampling,0.05633333333333333,0.8381306592738115,0.7676004304175449,0.020254625000006854,0.1031756669999595,0.0001911670000254162,0.07804570899997998,0.18141854200001717,1.062136924098761,0.7948456728675272,0.7006858769999553,2.1160610000001725,0.20385583299997734,8.359807014465332,665.56640625,665.56640625,0.0,,,,,,,0.007347750000008091,0.09579449999995404,96162.0,67036.0,0.7,129854.0,,,,,,,,,,,
6000,6,620260512,3,3,4.0,30156,186324,0.005175666666666667,0.4518769169999928,0.06739641699999765,0,0.0,15.078,31.0,30192.89688888889,5.032149481481482,15.096448444444444,0.1109999938302488,4e-06,4.4444444444444444e-07,sparse,CountSketch random projection,countsketch_random_projection,0.027166666666666665,0.9201392397824545,0.8697073661226824,0.02014283300002262,0.2319603750000283,0.0002472500000294531,0.07478983299995434,0.30700195800000074,0.9999764117088557,0.6880873787642131,0.8262707920000025,3.3571970000002693,0.32930562499996086,25.044069290161133,665.56640625,665.56640625,0.0,,,,,,,,,,,,,0.0006393750000484033,163.0,24.0,51.0,0.0,0.0021397499999693537,0.08575787500001297,0.11926187500000651,0.01638162500000817,0.007514916999980414,0.00022041599999056416
6000,7,620260513,3,3,4.0,30136,186272,0.005174222222222222,0.44944075000000794,0.06841725000003862,0,0.0,15.068,30.0,30192.89688888889,5.032149481481482,15.096448444444444,0.1109999938302488,4e-06,4.4444444444444444e-07,sparse,Non-random,non_random,0.014666666666666666,0.9564738802080601,0.9213151101256619,0.0197244159999741,0.06358808400000271,0.00013895800003638215,0.07459562500002903,0.13832920800001602,0.9999999999999999,0.6920148740348074,0.6561806670001147,1.4207299999998213,0.1603897499999789,6.444282531738281,665.56640625,665.56640625,0.0,,,,,,,,,,,,,,,,,,,,,,,
6000,7,620260513,3,3,4.0,30136,186272,0.005174222222222222,0.44944075000000794,0.06841725000003862,0,0.0,15.068,30.0,30192.89688888889,5.032149481481482,15.096448444444444,0.1109999938302488,4e-06,4.4444444444444444e-07,sparse,Gaussian random projection,gaussian_random_projection,0.023833333333333335,0.9297999280300491,0.8832101134263546,0.019715041999972982,0.24572766700003967,0.00038458299997046197,0.07520716699997365,0.3213251249999871,0.9999715661312745,0.6848334340294441,0.8391774170000303,3.429497000000083,0.3431924579999759,32.41118144989014,665.56640625,665.56640625,0.0,0.010914249999984804,0.09762825000001385,0.11241454100002102,0.015491999999994732,0.008969417000002977,0.0002446250000502914,,,,,,,,,,,,,,,,,
6000,7,620260513,3,3,4.0,30136,186272,0.005174222222222222,0.44944075000000794,0.06841725000003862,0,0.0,15.068,30.0,30192.89688888889,5.032149481481482,15.096448444444444,0.1109999938302488,4e-06,4.4444444444444444e-07,sparse,Random sampling,random_sampling,0.051666666666666666,0.8510048870683091,0.7830277472105879,0.019633541000018795,0.10184270900003867,0.0001197499999534557,0.08042020800002092,0.18238716700000168,1.062594253729804,0.793777833672779,0.7002406670000596,2.038369999999759,0.20413087500003257,8.388651847839355,665.56640625,665.56640625,0.0,,,,,,,0.007338041999958023,0.09448195799996029,96136.0,67440.0,0.7,130727.0,,,,,,,,,,,
6000,7,620260513,3,3,4.0,30136,186272,0.005174222222222222,0.44944075000000794,0.06841725000003862,0,0.0,15.068,30.0,30192.89688888889,5.032149481481482,15.096448444444444,0.1109999938302488,4e-06,4.4444444444444444e-07,sparse,CountSketch random projection,countsketch_random_projection,0.022833333333333334,0.932649142816328,0.8866443340798024,0.019858042000009846,0.22640237500002058,0.000250957999980983,0.06738287499996432,0.29404091699996115,0.9999766164916833,0.6863416269526793,0.8118942080000124,3.21244999999999,0.3159814580000102,25.043474197387695,665.56640625,665.56640625,0.0,,,,,,,,,,,,,0.0006123329999923044,163.0,24.0,57.0,0.0,0.002134791999992558,0.08615104200003998,0.11296879100001433,0.014863290999983292,0.009391124999979183,0.00023754200003622827
6000,8,620260514,3,3,4.0,30203,186562,0.005182277777777778,0.4495473339999876,0.06633275000001504,0,0.0,15.1015,31.0,30192.89688888889,5.032149481481482,15.096448444444444,0.1109999938302488,4e-06,4.4444444444444444e-07,sparse,Non-random,non_random,0.018333333333333333,0.9457374134156211,0.9052826805929258,0.019813375000012456,0.06475420900000017,0.00025154200000088167,0.07833199999998897,0.1433477909999965,1.0000000000000002,0.6921686145684588,0.6592178349999926,1.57860299999993,0.16546741700000211,6.4542388916015625,665.56640625,665.56640625,0.0,,,,,,,,,,,,,,,,,,,,,,,
6000,8,620260514,3,3,4.0,30203,186562,0.005182277777777778,0.4495473339999876,0.06633275000001504,0,0.0,15.1015,31.0,30192.89688888889,5.032149481481482,15.096448444444444,0.1109999938302488,4e-06,4.4444444444444444e-07,sparse,Gaussian random projection,gaussian_random_projection,0.033166666666666664,0.9029531154546012,0.846957258660692,0.019912541999985933,0.2439995419999832,0.0002681249999909596,0.07033229199998914,0.31460429099996645,0.9999718728554347,0.6849602879704367,0.8304800429999659,3.391994000000068,0.3367541250000272,32.41450023651123,665.56640625,665.56640625,0.0,0.010923708000007082,0.09750320900002407,0.10970737499997085,0.015382708000004186,0.010198333000005277,0.00024087499997449413,,,,,,,,,,,,,,,,,
6000,8,620260514,3,3,4.0,30203,186562,0.005182277777777778,0.4495473339999876,0.06633275000001504,0,0.0,15.1015,31.0,30192.89688888889,5.032149481481482,15.096448444444444,0.1109999938302488,4e-06,4.4444444444444444e-07,sparse,Random sampling,random_sampling,0.058666666666666666,0.8317055662806904,0.760457421619453,0.019655166999996254,0.10382662499995376,0.00012233299997888025,0.07962304199998016,0.18357645899999397,1.0615058313697592,0.7917418889599197,0.6994520839999154,2.0905829999996968,0.20541620900002044,8.383257865905762,665.56640625,665.56640625,0.0,,,,,,,0.007377542000028825,0.09642641700003196,96281.0,67283.0,0.7,130408.0,,,,,,,,,,,
6000,8,620260514,3,3,4.0,30203,186562,0.005182277777777778,0.4495473339999876,0.06633275000001504,0,0.0,15.1015,31.0,30192.89688888889,5.032149481481482,15.096448444444444,0.1109999938302488,4e-06,4.4444444444444444e-07,sparse,CountSketch random projection,countsketch_random_projection,0.030333333333333334,0.9110609525403733,0.8576093512035454,0.019837541000015335,0.22527433400000518,0.0002959580000378992,0.06862649999999348,0.29420175000001336,0.9999766125305306,0.6856398879692496,0.8100768760000392,3.213447999999971,0.3161920000000009,25.04679298400879,665.56640625,665.56640625,0.0,,,,,,,,,,,,,0.0006197909999627882,163.0,22.0,65.0,0.0,0.002135457999997925,0.08425645900001655,0.11438724999999295,0.015454333999969094,0.008018708999998125,0.00034666599998445236
6000,9,620260515,3,3,4.0,30332,187384,0.005205111111111111,0.4675997909999978,0.06691241700002593,0,0.0,15.166,30.0,30192.89688888889,5.032149481481482,15.096448444444444,0.1109999938302488,4e-06,4.4444444444444444e-07,sparse,Non-random,non_random,0.016166666666666666,0.9520729745951546,0.9146828608942328,0.01988191700002062,0.06434691700002304,0.0001366249999819047,0.06871566600000278,0.13320620900003632,0.9999999999999996,0.6941940187198454,0.6677114160000315,1.5248400000000402,0.1554916669999784,6.482460021972656,665.56640625,665.56640625,0.0,,,,,,,,,,,,,,,,,,,,,,,
6000,9,620260515,3,3,4.0,30332,187384,0.005205111111111111,0.4675997909999978,0.06691241700002593,0,0.0,15.166,30.0,30192.89688888889,5.032149481481482,15.096448444444444,0.1109999938302488,4e-06,4.4444444444444444e-07,sparse,Gaussian random projection,gaussian_random_projection,0.026,0.923524304870057,0.8745073902691818,0.019987875000026634,0.244697374999987,0.0004294999999956417,0.06970712500003629,0.3148408330000052,0.999977776509166,0.6877057483183117,0.8493462080000427,3.5023120000000745,0.33707491699999537,32.42390727996826,665.56640625,665.56640625,0.0,0.010893916999975772,0.10057866599998988,0.10817204200003516,0.015199833999986367,0.009508000000039374,0.0002829169999927217,,,,,,,,,,,,,,,,,
6000,9,620260515,3,3,4.0,30332,187384,0.005205111111111111,0.4675997909999978,0.06691241700002593,0,0.0,15.166,30.0,30192.89688888889,5.032149481481482,15.096448444444444,0.1109999938302488,4e-06,4.4444444444444444e-07,sparse,Random sampling,random_sampling,0.048,0.8611549297289953,0.7946267189374491,0.020010833000014827,0.10120024999997668,0.00011816699998234981,0.07592933300003324,0.1772519999999531,1.0624250030429185,0.7969001990820926,0.711759958000016,2.0868139999997766,0.1995260830000234,8.42862319946289,665.56640625,665.56640625,0.0,,,,,,,0.007409582999969189,0.09376862499999561,96692.0,67713.0,0.7,131244.0,,,,,,,,,,,
6000,9,620260515,3,3,4.0,30332,187384,0.005205111111111111,0.4675997909999978,0.06691241700002593,0,0.0,15.166,30.0,30192.89688888889,5.032149481481482,15.096448444444444,0.1109999938302488,4e-06,4.4444444444444444e-07,sparse,CountSketch random projection,countsketch_random_projection,0.02266666666666667,0.9331420062158096,0.8877802576406347,0.019720957999993516,0.22677900000002182,0.0002574170000002596,0.07059950000001436,0.2976403330000039,0.999973746280483,0.688394131811381,0.8321481250000602,3.3040729999997893,0.3194495000000188,25.05620002746582,665.56640625,665.56640625,0.0,,,,,,,,,,,,,0.0006182920000128433,163.0,24.0,52.0,0.0,0.002106042000036723,0.0846511249999935,0.11419575000002169,0.015475417000004654,0.0094427919999589,0.00024095800000623058
6000,10,620260516,3,3,4.0,30149,186270,0.005174166666666666,0.45574241600002097,0.0662827909999919,0,0.0,15.0745,31.0,30192.89688888889,5.032149481481482,15.096448444444444,0.1109999938302488,4e-06,4.4444444444444444e-07,sparse,Non-random,non_random,0.019333333333333334,0.9428251803596359,0.9012224481007884,0.019920916000046418,0.06282195900001852,0.00013716700004806626,0.07669820799998206,0.13966512500002182,0.9999999999999997,0.6933227118925104,0.6616825410000615,1.6235780000001796,0.1620745829999919,6.4442138671875,665.56640625,665.56640625,0.0,,,,,,,,,,,,,,,,,,,,,,,
6000,10,620260516,3,3,4.0,30149,186270,0.005174166666666666,0.45574241600002097,0.0662827909999919,0,0.0,15.0745,31.0,30192.89688888889,5.032149481481482,15.096448444444444,0.1109999938302488,4e-06,4.4444444444444444e-07,sparse,Gaussian random projection,gaussian_random_projection,0.029666666666666668,0.9129607631340058,0.8599878266734393,0.020184999999969477,0.24743895799997517,0.00026279200000089986,0.06887208299997383,0.31657829200003107,0.9999699257259943,0.6866187219517224,0.8385990399999628,3.5315550000000258,0.3389973750000195,32.41115856170654,665.56640625,680.49609375,14.9296875,0.010922959000026822,0.09966824999997925,0.11248624999996082,0.015363292000017736,0.008703625000009652,0.0002414170000406557,,,,,,,,,,,,,,,,,
6000,10,620260516,3,3,4.0,30149,186270,0.005174166666666666,0.45574241600002097,0.0662827909999919,0,0.0,15.0745,31.0,30192.89688888889,5.032149481481482,15.096448444444444,0.1109999938302488,4e-06,4.4444444444444444e-07,sparse,Random sampling,random_sampling,0.0555,0.840386605799758,0.7700037819352638,0.019935583999995288,0.10255041700003176,0.00011829200002466678,0.07996775000003709,0.18264100000004646,1.0651371465021786,0.7975102306478925,0.7046616660001064,2.144260000000031,0.20473549999996976,8.3740873336792,680.49609375,680.49609375,0.0,,,,,,,0.007435457999974915,0.0950907920000077,96135.0,67249.0,0.7,130299.0,,,,,,,,,,,
6000,10,620260516,3,3,4.0,30149,186270,0.005174166666666666,0.45574241600002097,0.0662827909999919,0,0.0,15.0745,31.0,30192.89688888889,5.032149481481482,15.096448444444444,0.1109999938302488,4e-06,4.4444444444444444e-07,sparse,CountSketch random projection,countsketch_random_projection,0.0295,0.9134394546938799,0.8606584755272352,0.01990766699998403,0.22571475000000873,0.00027425000001812805,0.07119037500001468,0.2971839580000051,0.999967732408259,0.6866402089753412,0.8192045820000544,3.302165999999943,0.3192012079999813,25.0434513092041,680.49609375,680.49609375,0.0,,,,,,,,,,,,,0.0006242910000082702,163.0,18.0,54.0,0.0,0.002157624999995278,0.08473612500000627,0.11436262499995564,0.01454608400001689,0.008879457999967144,0.00035650000000941873
7000,1,720260507,3,3,4.0,35435,218962,0.004468612244897959,0.5303104170000097,0.08125245799999448,0,0.0,15.186428571428571,37.0,35229.93481404082,5.03284783057726,15.09854349173178,0.11101588208876005,2.9387755102040816e-06,3.26530612244898e-07,sparse,Non-random,non_random,0.015714285714285715,0.9534022961724563,0.9166883041072602,0.022546792000014193,0.07353104200001326,0.00014162500002612433,0.07371170900000834,0.14739062499995725,0.9999999999999994,0.6948813519743046,0.7589472510000519,1.712912999999844,0.17251570799999172,7.5742340087890625,680.49609375,680.53515625,0.0390625,,,,,,,,,,,,,,,,,,,,,,,
7000,1,720260507,3,3,4.0,35435,218962,0.004468612244897959,0.5303104170000097,0.08125245799999448,0,0.0,15.186428571428571,37.0,35229.93481404082,5.03284783057726,15.09854349173178,0.11101588208876005,2.9387755102040816e-06,3.26530612244898e-07,sparse,Gaussian random projection,gaussian_random_projection,0.023714285714285716,0.9301004455372804,0.8833077510009771,0.022488707999968938,0.2980357499999968,0.0002971669999851656,0.0694416659999888,0.3677790000000414,0.9999711969210432,0.6859188555186663,0.979337457999975,4.024840999999924,0.3928346249999777,37.763468742370605,680.53515625,699.453125,18.91796875,0.012749333999977353,0.1335457920000067,0.12422145799996542,0.017576708000035524,0.009521957999993447,0.000368207999997594,,,,,,,,,,,,,,,,,
7000,1,720260507,3,3,4.0,35435,218962,0.004468612244897959,0.5303104170000097,0.08125245799999448,0,0.0,15.186428571428571,37.0,35229.93481404082,5.03284783057726,15.09854349173178,0.11101588208876005,2.9387755102040816e-06,3.26530612244898e-07,sparse,Random sampling,random_sampling,0.05028571428571429,0.85477644308133,0.7872326963960976,0.023140458000000308,0.11735774999999649,0.000127374999976837,0.08036583299997346,0.19785579099999495,1.0638369825709477,0.7962859860350396,0.809413832999951,2.3413879999998244,0.22338937500001066,9.818781852722168,699.453125,699.453125,0.0,,,,,,,0.008489542000006622,0.10884604199998194,112981.0,78879.0,0.7,152816.0,,,,,,,,,,,
7000,1,720260507,3,3,4.0,35435,218962,0.004468612244897959,0.5303104170000097,0.08125245799999448,0,0.0,15.186428571428571,37.0,35229.93481404082,5.03284783057726,15.09854349173178,0.11101588208876005,2.9387755102040816e-06,3.26530612244898e-07,sparse,CountSketch random projection,countsketch_random_projection,0.028714285714285713,0.9156855089561569,0.8634326593376288,0.02271366700000499,0.2622804169999995,0.00030474999999796637,0.07344141700002638,0.33603141600002573,0.9999673182423832,0.6867549109710003,0.947589459000028,3.733780999999908,0.36110199999995984,29.167428970336914,699.453125,699.453125,0.0,,,,,,,,,,,,,0.0006427499999972497,163.0,27.0,66.0,0.0,0.002456583000025603,0.10966995799998358,0.1215915839999866,0.01765633299999081,0.00958287499997823,0.0006094580000421956
7000,2,720260508,3,3,4.0,35276,217998,0.004448938775510204,0.5202596249999942,0.08012487500002408,0,0.0,15.118285714285713,31.0,35229.93481404082,5.03284783057726,15.09854349173178,0.11101588208876005,2.9387755102040816e-06,3.26530612244898e-07,sparse,Non-random,non_random,0.015142857142857144,0.955076588744328,0.9192373627337073,0.027435291999950095,0.07276029199999812,0.0002297500000167929,0.07311316699997406,0.14611262500000066,0.9999999999999998,0.6966034697454142,0.7464877090000073,1.7541049999999814,0.17608670800001391,7.5411376953125,699.453125,699.453125,0.0,,,,,,,,,,,,,,,,,,,,,,,
7000,2,720260508,3,3,4.0,35276,217998,0.004448938775510204,0.5202596249999942,0.08012487500002408,0,0.0,15.118285714285713,31.0,35229.93481404082,5.03284783057726,15.09854349173178,0.11101588208876005,2.9387755102040816e-06,3.26530612244898e-07,sparse,Gaussian random projection,gaussian_random_projection,0.02542857142857143,0.9251755419204536,0.8767579992308061,0.022465500000009797,0.2750690830000053,0.0002870420000249396,0.07644245800003091,0.3518031670000141,0.9999656765054175,0.6876571459490669,0.9521830830000795,3.9013490000002093,0.37673829100003786,37.75243663787842,699.453125,699.453125,0.0,0.013001583000004757,0.11720533300001534,0.11825445800002399,0.018315625000013824,0.007962499999962347,0.0002831250000099317,,,,,,,,,,,,,,,,,
7000,2,720260508,3,3,4.0,35276,217998,0.004448938775510204,0.5202596249999942,0.08012487500002408,0,0.0,15.118285714285713,31.0,35229.93481404082,5.03284783057726,15.09854349173178,0.11101588208876005,2.9387755102040816e-06,3.26530612244898e-07,sparse,Random sampling,random_sampling,0.04971428571428571,0.856360684477984,0.7893602551755468,0.02238020899994808,0.11701287500000035,0.00012412500001346416,0.08201191599999902,0.1991536250000081,1.0688333932034766,0.800990447923059,0.7995334160000311,2.350082999999813,0.2238702500000045,9.810181617736816,699.453125,699.453125,0.0,,,,,,,0.0088249169999699,0.10816549999998415,112499.0,79035.0,0.7,153105.0,,,,,,,,,,,
7000,2,720260508,3,3,4.0,35276,217998,0.004448938775510204,0.5202596249999942,0.08012487500002408,0,0.0,15.118285714285713,31.0,35229.93481404082,5.03284783057726,15.09854349173178,0.11101588208876005,2.9387755102040816e-06,3.26530612244898e-07,sparse,CountSketch random projection,countsketch_random_projection,0.028285714285714286,0.9169605118246577,0.8656037812864785,0.022746917000006306,0.2602285000000393,0.0002879169999800979,0.07094745800003466,0.3314683749999858,0.9999720943343631,0.6878422436949488,0.9318483750000723,3.661055000000033,0.3566140419999897,29.156396865844727,699.453125,699.453125,0.0,,,,,,,,,,,,,0.0006651250000118125,163.0,30.0,62.0,0.0,0.0025873330000081296,0.10246599999999262,0.12704291699998294,0.018166500000006636,0.008967708999989554,0.00027991700000029596
7000,3,720260509,3,3,4.0,35097,216892,0.004426367346938775,0.5212220839999873,0.07831266700003425,0,0.0,15.041571428571428,31.0,35229.93481404082,5.03284783057726,15.09854349173178,0.11101588208876005,2.9387755102040816e-06,3.26530612244898e-07,sparse,Non-random,non_random,0.017714285714285714,0.9475499524020933,0.9082945472916493,0.02324529100002337,0.0732856249999827,0.0001569169999697806,0.07394395900001882,0.1473940000000198,0.9999999999999996,0.6955863683353846,0.7469212519999928,1.7097170000001825,0.17323762500001294,7.503166198730469,699.453125,699.453125,0.0,,,,,,,,,,,,,,,,,,,,,,,
7000,3,720260509,3,3,4.0,35097,216892,0.004426367346938775,0.5212220839999873,0.07831266700003425,0,0.0,15.041571428571428,31.0,35229.93481404082,5.03284783057726,15.09854349173178,0.11101588208876005,2.9387755102040816e-06,3.26530612244898e-07,sparse,Gaussian random projection,gaussian_random_projection,0.031,0.9091603592760262,0.8550776487082692,0.023570082999981423,0.2761706250000202,0.0003012079999962225,0.07258220900001788,0.3490603340000007,0.9999595017751147,0.6874917124697899,0.9485887930000558,3.889427000000069,0.3751487499999939,37.739779472351074,699.453125,699.453125,0.0,0.013349917000027745,0.1182550000000333,0.11709295899999006,0.017741875000012897,0.009363500000006297,0.0003063749999796528,,,,,,,,,,,,,,,,,
7000,3,720260509,3,3,4.0,35097,216892,0.004426367346938775,0.5212220839999873,0.07831266700003425,0,0.0,15.041571428571428,31.0,35229.93481404082,5.03284783057726,15.09854349173178,0.11101588208876005,2.9387755102040816e-06,3.26530612244898e-07,sparse,Random sampling,random_sampling,0.054714285714285715,0.8425644399773554,0.7732358636170772,0.022590832999981103,0.115723542000012,0.00012554199997794058,0.08154149999995752,0.19739516699996784,1.0625710183989392,0.7941722728134882,0.796925334999969,2.3252489999999852,0.22236162499996226,9.742083549499512,699.453125,699.453125,0.0,,,,,,,0.008440042000017911,0.10726145899997164,111946.0,78326.0,0.7,151795.0,,,,,,,,,,,
7000,3,720260509,3,3,4.0,35097,216892,0.004426367346938775,0.5212220839999873,0.07831266700003425,0,0.0,15.041571428571428,31.0,35229.93481404082,5.03284783057726,15.09854349173178,0.11101588208876005,2.9387755102040816e-06,3.26530612244898e-07,sparse,CountSketch random projection,countsketch_random_projection,0.028857142857142856,0.9152979824100204,0.8630637527429461,0.022575332999963393,0.2566318749999823,0.0004283330000021124,0.07086050000003752,0.32792662499997505,0.999964792473385,0.6881691719454502,0.9274554590000434,3.6625370000001567,0.35283762499994964,29.143739700317383,699.453125,699.453125,0.0,,,,,,,,,,,,,0.000633499999992182,163.0,28.0,58.0,0.0,0.002450415999987854,0.10080858399999215,0.12564920799997026,0.017963541999961308,0.008776082999986556,0.0002777079999987109
7000,4,720260510,3,3,4.0,35117,217012,0.004428816326530612,0.533728291999978,0.08055224999998245,0,0.0,15.050142857142857,32.0,35229.93481404082,5.03284783057726,15.09854349173178,0.11101588208876005,2.9387755102040816e-06,3.26530612244898e-07,sparse,Non-random,non_random,0.018285714285714287,0.9458827976430121,0.9055106760221145,0.022647167000002355,0.07326841700000841,0.00013924999996106635,0.07436291700003039,0.14777766599996767,0.9999999999999997,0.6945288246024021,0.7620511259999603,1.6766469999997753,0.17301774999998543,7.507286071777344,699.453125,699.453125,0.0,,,,,,,,,,,,,,,,,,,,,,,
7000,4,720260510,3,3,4.0,35117,217012,0.004428816326530612,0.533728291999978,0.08055224999998245,0,0.0,15.050142857142857,32.0,35229.93481404082,5.03284783057726,15.09854349173178,0.11101588208876005,2.9387755102040816e-06,3.26530612244898e-07,sparse,Gaussian random projection,gaussian_random_projection,0.03042857142857143,0.9108048772632772,0.8576199477156352,0.02253670800001828,0.28052249999996093,0.0002913329999501002,0.07263491699995939,0.3534535420000111,0.9999702096330509,0.6872599807822769,0.9677292919998308,3.887830000000122,0.3785092919999897,37.7411527633667,699.453125,699.453125,0.0,0.012699290999989898,0.1190400410000052,0.12179404099998692,0.017540499999995518,0.009059665999984645,0.0003331670000079612,,,,,,,,,,,,,,,,,
7000,4,720260510,3,3,4.0,35117,217012,0.004428816326530612,0.533728291999978,0.08055224999998245,0,0.0,15.050142857142857,32.0,35229.93481404082,5.03284783057726,15.09854349173178,0.11101588208876005,2.9387755102040816e-06,3.26530612244898e-07,sparse,Random sampling,random_sampling,0.05542857142857143,0.8405952897048397,0.7702367396363913,0.02270837499997924,0.11654516699996975,0.0001226250000172513,0.08532237500003248,0.20199487500002533,1.0644704481451013,0.7963485399687924,0.8162707089999799,2.3514560000003257,0.22705916699999307,9.770757675170898,699.453125,699.453125,0.0,,,,,,,0.008424042000001464,0.10809975000000804,112006.0,78713.0,0.7,152546.0,,,,,,,,,,,
7000,4,720260510,3,3,4.0,35117,217012,0.004428816326530612,0.533728291999978,0.08055224999998245,0,0.0,15.050142857142857,32.0,35229.93481404082,5.03284783057726,15.09854349173178,0.11101588208876005,2.9387755102040816e-06,3.26530612244898e-07,sparse,CountSketch random projection,countsketch_random_projection,0.031,0.909148912547184,0.8554450772340824,0.022653332999993836,0.26600370900001735,0.00033741600003622807,0.07533787500000244,0.341683957999976,0.9999662414201449,0.6858247055075575,0.9559595420000164,3.6887549999996736,0.366671666000002,29.145112991333008,699.453125,699.453125,0.0,,,,,,,,,,,,,0.0006317920000356025,163.0,30.0,65.0,0.0,0.0024456670000176928,0.10160883399998966,0.13234449999998787,0.020482125000000906,0.00807091600000831,0.00033558400002675626
7000,5,720260511,3,3,4.0,35106,216992,0.004428408163265306,0.5173445000000356,0.07729412500003718,0,0.0,15.045428571428571,30.0,35229.93481404082,5.03284783057726,15.09854349173178,0.11101588208876005,2.9387755102040816e-06,3.26530612244898e-07,sparse,Non-random,non_random,0.017857142857142856,0.9471392252402828,0.907675893492345,0.02305258300003743,0.07449591699997882,0.00014804099998855236,0.07306429199996956,0.14771529199998668,1.0000000000000009,0.6952852328264939,0.7423468750000097,1.664690999999948,0.1735317499999951,7.506599426269531,699.453125,699.453125,0.0,,,,,,,,,,,,,,,,,,,,,,,
7000,5,720260511,3,3,4.0,35106,216992,0.004428408163265306,0.5173445000000356,0.07729412500003718,0,0.0,15.045428571428571,30.0,35229.93481404082,5.03284783057726,15.09854349173178,0.11101588208876005,2.9387755102040816e-06,3.26530612244898e-07,sparse,Gaussian random projection,gaussian_random_projection,0.026857142857142857,0.9210445351381713,0.87080489363373,0.023062667000033343,0.2825606249999737,0.0003674999999816464,0.07401687499998388,0.35695054199999277,0.9999612022629366,0.6877944042384925,0.951583625000012,3.9365990000001148,0.382500417000017,37.74092388153076,699.453125,699.453125,0.0,0.0128692079999837,0.11947474999999486,0.12215183299997534,0.017926458000033563,0.009690374999991036,0.00037149999997154737,,,,,,,,,,,,,,,,,
7000,5,720260511,3,3,4.0,35106,216992,0.004428408163265306,0.5173445000000356,0.07729412500003718,0,0.0,15.045428571428571,30.0,35229.93481404082,5.03284783057726,15.09854349173178,0.11101588208876005,2.9387755102040816e-06,3.26530612244898e-07,sparse,Random sampling,random_sampling,0.053,0.8472663252950962,0.7782646984825919,0.02241366700002345,0.11661154199998691,0.0002031249999845386,0.08028287499996623,0.19710366699996484,1.0633933785004734,0.7975667317414856,0.7917361670000105,2.3188169999998536,0.22191170799999327,9.744034767150879,699.453125,699.453125,0.0,,,,,,,0.008425499999987096,0.10815204099998255,111996.0,78334.0,0.7,151790.0,,,,,,,,,,,
7000,5,720260511,3,3,4.0,35106,216992,0.004428408163265306,0.5173445000000356,0.07729412500003718,0,0.0,15.045428571428571,30.0,35229.93481404082,5.03284783057726,15.09854349173178,0.11101588208876005,2.9387755102040816e-06,3.26530612244898e-07,sparse,CountSketch random projection,countsketch_random_projection,0.028714285714285713,0.915700449765517,0.8636333282496057,0.022240666000016063,0.26231229100000064,0.0002737079999519665,0.07707425000000967,0.33966450000002624,0.9999612972557702,0.6867139742982474,0.9342988740000351,3.765370999999959,0.3642743749999795,29.14488410949707,699.453125,699.453125,0.0,,,,,,,,,,,,,0.0006424160000051415,163.0,27.0,57.0,0.0,0.0024718340000049466,0.10891641700004584,0.12408937499998274,0.018250499999965086,0.007639832999984719,0.0002587920000109989
7000,6,720260512,3,3,4.0,34838,215308,0.004394040816326531,0.5146650419999901,0.07795695799995883,0,0.0,14.930571428571428,31.0,35229.93481404082,5.03284783057726,15.09854349173178,0.11101588208876005,2.9387755102040816e-06,3.26530612244898e-07,sparse,Non-random,non_random,0.01685714285714286,0.9500688796683008,0.9120377992922173,0.02247833299998092,0.07428229199996395,0.00015654200001335994,0.08008895799997617,0.15453500000000986,0.9999999999999989,0.6939582061834111,0.7471497919999024,1.790773000000172,0.17958991699998705,7.448783874511719,699.453125,699.453125,0.0,,,,,,,,,,,,,,,,,,,,,,,
7000,6,720260512,3,3,4.0,34838,215308,0.004394040816326531,0.5146650419999901,0.07795695799995883,0,0.0,14.930571428571428,31.0,35229.93481404082,5.03284783057726,15.09854349173178,0.11101588208876005,2.9387755102040816e-06,3.26530612244898e-07,sparse,Gaussian random projection,gaussian_random_projection,0.03,0.9120299585165904,0.8588428827584121,0.022577124999997977,0.27919504199996936,0.00045083300000214876,0.07570262500001945,0.3553544999999758,0.9999626917441821,0.685771568110219,0.9479704999999399,3.945806000000175,0.3804135419999852,37.721652030944824,699.453125,699.453125,0.0,0.013328166000007968,0.11808145899999545,0.12031170799997426,0.017799834000015835,0.009273708000023362,0.0003246670000294216,,,,,,,,,,,,,,,,,
7000,6,720260512,3,3,4.0,34838,215308,0.004394040816326531,0.5146650419999901,0.07795695799995883,0,0.0,14.930571428571428,31.0,35229.93481404082,5.03284783057726,15.09854349173178,0.11101588208876005,2.9387755102040816e-06,3.26530612244898e-07,sparse,Random sampling,random_sampling,0.05128571428571429,0.8521306551459065,0.7846815862982713,0.022647583000036775,0.1471680410000431,0.00012387499998567364,0.08343999999999596,0.23073654200004512,1.064620465847784,0.7958018124407035,0.8233539159999737,2.6772280000000137,0.2557580409999787,9.670334815979004,699.453125,699.453125,0.0,,,,,,,0.008418166000012661,0.13872537500003546,111154.0,77764.0,0.7,150609.0,,,,,,,,,,,
7000,6,720260512,3,3,4.0,34838,215308,0.004394040816326531,0.5146650419999901,0.07795695799995883,0,0.0,14.930571428571428,31.0,35229.93481404082,5.03284783057726,15.09854349173178,0.11101588208876005,2.9387755102040816e-06,3.26530612244898e-07,sparse,CountSketch random projection,countsketch_random_projection,0.03,0.9120773881333535,0.8594681774715248,0.022351916999980403,0.25481462500005136,0.00029591700001674326,0.07110600000004297,0.3262211669999715,0.9999604697974602,0.6864120860463381,0.91883854200006,3.645140999999967,0.3509146659999942,29.125612258911133,699.453125,699.453125,0.0,,,,,,,,,,,,,0.0006474580000030983,163.0,26.0,58.0,0.0,0.002440041999989262,0.10105687499998339,0.12428604199999427,0.017954250000002503,0.008046792000016012,0.0003262500000005275
7000,7,720260513,3,3,4.0,35252,217824,0.004445387755102041,0.5276905000000056,0.07967166599996744,0,0.0,15.108,29.0,35229.93481404082,5.03284783057726,15.09854349173178,0.11101588208876005,2.9387755102040816e-06,3.26530612244898e-07,sparse,Non-random,non_random,0.016714285714285713,0.9504706686846491,0.9125310687911893,0.023197958000025665,0.07425312500004111,0.00013749999999390639,0.07632295799999156,0.1507203749999917,1.000000000000001,0.692953413559426,0.7580757489999996,1.7540500000000065,0.17666320800003632,7.535163879394531,699.453125,699.453125,0.0,,,,,,,,,,,,,,,,,,,,,,,
7000,7,720260513,3,3,4.0,35252,217824,0.004445387755102041,0.5276905000000056,0.07967166599996744,0,0.0,15.108,29.0,35229.93481404082,5.03284783057726,15.09854349173178,0.11101588208876005,2.9387755102040816e-06,3.26530612244898e-07,sparse,Gaussian random projection,gaussian_random_projection,0.029714285714285714,0.9128141056155278,0.8599316230080291,0.02267458300002545,0.2742741669999873,0.00028983400000015536,0.07128395899997031,0.34585229200001777,0.9999632527493687,0.685989232241496,0.9532101259999308,3.85015199999998,0.37096737500002064,37.75044536590576,699.453125,699.453125,0.0,0.012933250000003227,0.11603508299998566,0.1183142920000364,0.01814070900002207,0.008518833999971775,0.00028458300005240744,,,,,,,,,,,,,,,,,
7000,7,720260513,3,3,4.0,35252,217824,0.004445387755102041,0.5276905000000056,0.07967166599996744,0,0.0,15.108,29.0,35229.93481404082,5.03284783057726,15.09854349173178,0.11101588208876005,2.9387755102040816e-06,3.26530612244898e-07,sparse,Random sampling,random_sampling,0.054,0.844587901878221,0.7751513367863175,0.02291166599997041,0.11686287499998116,0.00012433400002009876,0.08286504199998035,0.19985745799999677,1.0602641998063642,0.7926674337190228,0.8072144169999547,2.349836000000323,0.22516845899997406,9.768487930297852,699.453125,699.453125,0.0,,,,,,,0.008618624999996882,0.10822195800000145,112412.0,78447.0,0.7,152028.0,,,,,,,,,,,
7000,7,720260513,3,3,4.0,35252,217824,0.004445387755102041,0.5276905000000056,0.07967166599996744,0,0.0,15.108,29.0,35229.93481404082,5.03284783057726,15.09854349173178,0.11101588208876005,2.9387755102040816e-06,3.26530612244898e-07,sparse,CountSketch random projection,countsketch_random_projection,0.026571428571428572,0.9218582998167956,0.8717284206781797,0.022630291999973906,0.2576570829999696,0.0002852080000366186,0.07684662500003014,0.33479420800000526,0.9999670956973065,0.6861038873020604,0.9421510820000094,3.7209320000001753,0.3597737090000237,29.15440559387207,699.453125,699.453125,0.0,,,,,,,,,,,,,0.0006365830000163442,163.0,29.0,71.0,0.0,0.0025551250000148684,0.10168433299998014,0.12637691700001596,0.017143041999986508,0.008932041999969442,0.0002793339999698219
7000,8,720260514,3,3,4.0,35640,220200,0.004493877551020408,0.5323636659999806,0.08059720900001821,0,0.0,15.274285714285714,30.0,35229.93481404082,5.03284783057726,15.09854349173178,0.11101588208876005,2.9387755102040816e-06,3.26530612244898e-07,sparse,Non-random,non_random,0.01814285714285714,0.9463036096144692,0.9062242916857378,0.022918749999973898,0.07335420799995518,0.00014912500000718865,0.0774109579999731,0.1509213749999958,1.0000000000000002,0.6940144855609516,0.7638751659999343,1.726267000000007,0.17679425000000037,7.616737365722656,699.453125,699.4609375,0.0078125,,,,,,,,,,,,,,,,,,,,,,,
7000,8,720260514,3,3,4.0,35640,220200,0.004493877551020408,0.5323636659999806,0.08059720900001821,0,0.0,15.274285714285714,30.0,35229.93481404082,5.03284783057726,15.09854349173178,0.11101588208876005,2.9387755102040816e-06,3.26530612244898e-07,sparse,Gaussian random projection,gaussian_random_projection,0.027428571428571427,0.9193838583220034,0.8687069662156155,0.022294499999986783,0.2788508749999892,0.0002976669999839032,0.07159095800000159,0.35074420899996994,0.9999637940104507,0.6868322782299304,0.9637003749999735,3.885327999999845,0.3755332909999538,37.77763652801514,699.4609375,699.4609375,0.0,0.01283083299995269,0.12060883399999511,0.11976262499996437,0.017202708000013445,0.008045125000023745,0.00035162500000751606,,,,,,,,,,,,,,,,,
7000,8,720260514,3,3,4.0,35640,220200,0.004493877551020408,0.5323636659999806,0.08059720900001821,0,0.0,15.274285714285714,30.0,35229.93481404082,5.03284783057726,15.09854349173178,0.11101588208876005,2.9387755102040816e-06,3.26530612244898e-07,sparse,Random sampling,random_sampling,0.053714285714285714,0.8453136958259245,0.7757464183092746,0.022511334000000716,0.11641245900000285,0.0001240000000279906,0.09300550000000385,0.20954804199999444,1.0612475667050605,0.7937059219524359,0.8225028340000335,2.309881000000132,0.23456483300003583,9.879181861877441,699.4609375,699.4609375,0.0,,,,,,,0.008575708000023496,0.10781454100003884,113600.0,79374.0,0.7,153871.0,,,,,,,,,,,
7000,8,720260514,3,3,4.0,35640,220200,0.004493877551020408,0.5323636659999806,0.08059720900001821,0,0.0,15.274285714285714,30.0,35229.93481404082,5.03284783057726,15.09854349173178,0.11101588208876005,2.9387755102040816e-06,3.26530612244898e-07,sparse,CountSketch random projection,countsketch_random_projection,0.027428571428571427,0.9194152876523392,0.8687636570310356,0.022667458000000806,0.2540290829999776,0.0002852090000260432,0.07039020799999207,0.3247092080000016,0.9999700266341985,0.6863944578722855,0.9376653749999946,3.6102639999999155,0.3497308329999669,29.181596755981445,699.4609375,699.4609375,0.0,,,,,,,,,,,,,0.0006389999999782958,163.0,21.0,60.0,0.0,0.0024871250000160217,0.1040433329999928,0.12051429100000632,0.017696124999986296,0.00832358299999214,0.000275791999968078
7000,9,720260515,3,3,4.0,35380,218634,0.004461918367346939,0.5329401249999819,0.07988124999997126,0,0.0,15.162857142857144,32.0,35229.93481404082,5.03284783057726,15.09854349173178,0.11101588208876005,2.9387755102040816e-06,3.26530612244898e-07,sparse,Non-random,non_random,0.01814285714285714,0.9462988703151373,0.9060798978124477,0.02280483300000924,0.07507512499995528,0.00034929200000988203,0.07905854200004114,0.15449470800001563,1.0000000000000002,0.6902168684909986,0.7673043339999595,1.7266930000000684,0.18005195800003548,7.5629730224609375,699.4609375,699.4609375,0.0,,,,,,,,,,,,,,,,,,,,,,,
7000,9,720260515,3,3,4.0,35380,218634,0.004461918367346939,0.5329401249999819,0.07988124999997126,0,0.0,15.162857142857144,32.0,35229.93481404082,5.03284783057726,15.09854349173178,0.11101588208876005,2.9387755102040816e-06,3.26530612244898e-07,sparse,Gaussian random projection,gaussian_random_projection,0.032285714285714286,0.9054890034701966,0.8501536661335225,0.02259029199996121,0.295022208999967,0.00027612499997076156,0.07832891700002165,0.37363154100000884,0.9999616527742229,0.6805945680089809,0.9864486259999126,4.053269,0.39879541700003074,37.75971508026123,699.4609375,699.4609375,0.0,0.012668125000004693,0.1332150830000387,0.12294845799999621,0.018439999999998236,0.007439042000044083,0.00025875000000041837,,,,,,,,,,,,,,,,,
7000,9,720260515,3,3,4.0,35380,218634,0.004461918367346939,0.5329401249999819,0.07988124999997126,0,0.0,15.162857142857144,32.0,35229.93481404082,5.03284783057726,15.09854349173178,0.11101588208876005,2.9387755102040816e-06,3.26530612244898e-07,sparse,Random sampling,random_sampling,0.055142857142857146,0.8413729769379289,0.7711300820193568,0.02230645800000275,0.11765249999996286,0.00012170799999466908,0.08202112499998293,0.19980012499996747,1.0695794721517806,0.7993351799589349,0.8126167079998936,2.220872999999756,0.22477754099998037,9.830958366394043,699.4609375,699.4609375,0.0,,,,,,,0.00868550000001278,0.10893987499997593,112817.0,79179.0,0.7,153330.0,,,,,,,,,,,
7000,9,720260515,3,3,4.0,35380,218634,0.004461918367346939,0.5329401249999819,0.07988124999997126,0,0.0,15.162857142857144,32.0,35229.93481404082,5.03284783057726,15.09854349173178,0.11101588208876005,2.9387755102040816e-06,3.26530612244898e-07,sparse,CountSketch random projection,countsketch_random_projection,0.033428571428571426,0.9022213594066413,0.8462527377468749,0.023090958000011597,0.2988727919999974,0.0002957920000312697,0.07561741699998947,0.3747907919999989,0.9999675953866609,0.6829919615821919,0.9876073759999713,3.6317370000001574,0.4007123330000013,29.16367530822754,699.4609375,699.46484375,0.00390625,,,,,,,,,,,,,0.0006697499999859247,163.0,27.0,58.0,0.0,0.0024932089999651907,0.12020225000003393,0.14860241700000643,0.018219250000015563,0.0083370830000149,0.0002924170000255799
7000,10,720260516,3,3,4.0,35249,217780,0.004444489795918367,0.5408380409999722,0.08360170899999275,0,0.0,15.106714285714286,33.0,35229.93481404082,5.03284783057726,15.09854349173178,0.11101588208876005,2.9387755102040816e-06,3.26530612244898e-07,sparse,Non-random,non_random,0.01685714285714286,0.9500555105911218,0.9118877930491023,0.02462616700000808,0.07678150000003825,0.0001519580000035603,0.0801307090000023,0.15707200000002786,1.0000000000000002,0.6906715759905235,0.7815039170000091,1.7438649999999143,0.18438158300000396,7.533653259277344,699.46484375,699.46484375,0.0,,,,,,,,,,,,,,,,,,,,,,,
7000,10,720260516,3,3,4.0,35249,217780,0.004444489795918367,0.5408380409999722,0.08360170899999275,0,0.0,15.106714285714286,33.0,35229.93481404082,5.03284783057726,15.09854349173178,0.11101588208876005,2.9387755102040816e-06,3.26530612244898e-07,sparse,Gaussian random projection,gaussian_random_projection,0.026285714285714287,0.922695198686045,0.8731100925866649,0.023737041000003956,0.32950929200001156,0.0004951669999968544,0.07374654199998076,0.4037614589999521,0.9999702485113814,0.6825552500272611,1.0281907509999542,4.144870000000083,0.4300643329999616,37.7499418258667,699.46484375,699.46484375,0.0,0.013417333000006693,0.15386108299998114,0.1300162500000397,0.0207987499999831,0.010825833000012608,0.0005065839999929267,,,,,,,,,,,,,,,,,
7000,10,720260516,3,3,4.0,35249,217780,0.004444489795918367,0.5408380409999722,0.08360170899999275,0,0.0,15.106714285714286,33.0,35229.93481404082,5.03284783057726,15.09854349173178,0.11101588208876005,2.9387755102040816e-06,3.26530612244898e-07,sparse,Random sampling,random_sampling,0.05128571428571429,0.8520247103238697,0.7837315837168912,0.02273208400004023,0.1210197500000163,0.00019924999998011117,0.08643362500004059,0.2076580829999557,1.0646456029016684,0.7943318693715207,0.832092375000002,2.3350980000000163,0.23281404200002953,9.797056198120117,699.46484375,699.46484375,0.0,,,,,,,0.0088947909999888,0.11208654199998591,112390.0,78877.0,0.7,152869.0,,,,,,,,,,,
7000,10,720260516,3,3,4.0,35249,217780,0.004444489795918367,0.5408380409999722,0.08360170899999275,0,0.0,15.106714285714286,33.0,35229.93481404082,5.03284783057726,15.09854349173178,0.11101588208876005,2.9387755102040816e-06,3.26530612244898e-07,sparse,CountSketch random projection,countsketch_random_projection,0.030857142857142857,0.9095640266768714,0.8554271026408489,0.02224408299997549,0.26880408300002046,0.0002969170000142185,0.07285200000001169,0.34195749999997815,0.9999655990961369,0.6803473365875743,0.9663927500000113,3.6981089999999313,0.36664529199998697,29.153902053833008,699.46484375,699.46484375,0.0,,,,,,,,,,,,,0.0006710000000111904,163.0,27.0,58.0,0.0,0.0024830419999943842,0.11380795799999532,0.12280079200002092,0.01894724999999653,0.009750958999973136,0.0002847499999916181
8000,1,820260507,3,3,4.0,40168,248386,0.00388103125,0.6216571250000129,0.09602616600000147,0,0.0,15.063,33.0,40266.970740000004,5.033371342500001,15.100114027500002,0.11102778472309038,2.25e-06,2.5e-07,sparse,Non-random,non_random,0.017625,0.9478158816217306,0.9085047507884814,0.026110915999993267,0.08692708299997776,0.00016420800000105373,0.07580279200004725,0.16290125000000444,0.9999999999999997,0.6911937386829408,0.8805773740000404,1.821136000000024,0.19196174999996174,8.592056274414062,699.46484375,699.50390625,0.0390625,,,,,,,,,,,,,,,,,,,,,,,
8000,1,820260507,3,3,4.0,40168,248386,0.00388103125,0.6216571250000129,0.09602616600000147,0,0.0,15.063,33.0,40266.970740000004,5.033371342500001,15.100114027500002,0.11102778472309038,2.25e-06,2.5e-07,sparse,Gaussian random projection,gaussian_random_projection,0.031,0.9091432886603374,0.8547058829732807,0.02670125000003054,0.3624531670000124,0.00033137499997337727,0.07619662499996593,0.4389859579999893,0.9999617927035916,0.681290134810712,1.156664457999966,4.638132999999925,0.4684657500000071,43.07837963104248,699.50390625,721.0390625,21.53515625,0.014818291999972644,0.17113833399997702,0.14515720800000054,0.021413417000019308,0.009356792000005498,0.00048087499999383,,,,,,,,,,,,,,,,,
8000,1,820260507,3,3,4.0,40168,248386,0.00388103125,0.6216571250000129,0.09602616600000147,0,0.0,15.063,33.0,40266.970740000004,5.033371342500001,15.100114027500002,0.11102778472309038,2.25e-06,2.5e-07,sparse,Random sampling,random_sampling,0.05125,0.8521626914558467,0.7840301626356411,0.02529195800002526,0.13527691699999878,0.00013854099995569413,0.08273629199999277,0.21815633300002446,1.064043747869942,0.7925525781059873,0.9358350409999616,2.523561999999856,0.24608266699999604,11.16426944732666,721.0390625,721.0390625,0.0,,,,,,,0.010565250000013293,0.12468679199997723,128193.0,89953.0,0.7,174348.0,,,,,,,,,,,
8000,1,820260507,3,3,4.0,40168,248386,0.00388103125,0.6216571250000129,0.09602616600000147,0,0.0,15.063,33.0,40266.970740000004,5.033371342500001,15.100114027500002,0.11102778472309038,2.25e-06,2.5e-07,sparse,CountSketch random projection,countsketch_random_projection,0.030875,0.9094934392508159,0.8553669003510004,0.025612042000034307,0.30405520799996566,0.0003210419999959413,0.08121849999997721,0.3855997090000187,0.9999644494965224,0.6828268053192166,1.1032780409999532,4.156451999999717,0.4138688749999915,33.25400733947754,721.0390625,721.05078125,0.01171875,,,,,,,,,,,,,0.0006725840000285643,163.0,36.0,68.0,0.0,0.002848875000040607,0.1315432499999929,0.13638637500002915,0.02339374999996835,0.008604208999997809,0.0005509580000193637
8000,2,820260508,3,3,4.0,40191,248468,0.0038823125,0.6185954999999694,0.09875020800001266,0,0.0,15.071625,32.0,40266.970740000004,5.033371342500001,15.100114027500002,0.11102778472309038,2.25e-06,2.5e-07,sparse,Non-random,non_random,0.017875,0.9470756577507171,0.9075941914855883,0.02743779099995436,0.0873690839999881,0.00014516699997102478,0.07842891600000712,0.1659508330000108,1.0,0.6949300579024128,0.8832888749999483,1.8287749999999505,0.19755750000001626,8.594871520996094,721.05078125,721.05078125,0.0,,,,,,,,,,,,,,,,,,,,,,,
8000,2,820260508,3,3,4.0,40191,248468,0.0038823125,0.6185954999999694,0.09875020800001266,0,0.0,15.071625,32.0,40266.970740000004,5.033371342500001,15.100114027500002,0.11102778472309038,2.25e-06,2.5e-07,sparse,Gaussian random projection,gaussian_random_projection,0.032875,0.9037840476816317,0.8480838037295522,0.02585241699995322,0.35510066599999845,0.0003440419999947153,0.07897045800001479,0.4344213339999783,0.999960389592778,0.6848455313168128,1.15176087399999,4.607331000000158,0.46305733399998417,43.079318046569824,721.05078125,721.05078125,0.0,0.015113374999998541,0.16473999999999478,0.1430245000000241,0.02164508300000989,0.010164792000011857,0.0003517499999929896,,,,,,,,,,,,,,,,,
8000,2,820260508,3,3,4.0,40191,248468,0.0038823125,0.6185954999999694,0.09875020800001266,0,0.0,15.071625,32.0,40266.970740000004,5.033371342500001,15.100114027500002,0.11102778472309038,2.25e-06,2.5e-07,sparse,Random sampling,random_sampling,0.056875,0.8366237839323971,0.7661826814464172,0.028169083999955546,0.13858245900001975,0.00014195800002880787,0.08735491699997056,0.2260836670000117,1.0665517530707094,0.7973125322750303,0.9434250420000012,2.572661000000153,0.2569110840000235,11.157659530639648,721.05078125,721.05078125,0.0,,,,,,,0.009623583000006874,0.128932500000019,128234.0,89873.0,0.7,174089.0,,,,,,,,,,,
8000,2,820260508,3,3,4.0,40191,248468,0.0038823125,0.6185954999999694,0.09875020800001266,0,0.0,15.071625,32.0,40266.970740000004,5.033371342500001,15.100114027500002,0.11102778472309038,2.25e-06,2.5e-07,sparse,CountSketch random projection,countsketch_random_projection,0.03525,0.8970352392997211,0.8390824623674464,0.025527249999981905,0.31681749999995645,0.00033333300001459065,0.09071570800000472,0.407871082999975,0.9999628919034964,0.6840734588872611,1.1252122489999579,4.256898999999976,0.4372736249999889,33.25494575500488,721.05078125,721.05078125,0.0,,,,,,,,,,,,,0.0007227079999552188,163.0,30.0,69.0,0.0,0.0029135409999980766,0.14368312499999547,0.13965729200003807,0.020935291999990113,0.008524500000021362,0.00031575000002703746
8000,3,820260509,3,3,4.0,40192,248516,0.0038830625,0.6400542499999915,0.09298649999999498,0,0.0,15.072,34.0,40266.970740000004,5.033371342500001,15.100114027500002,0.11102778472309038,2.25e-06,2.5e-07,sparse,Non-random,non_random,0.01775,0.9474530384037231,0.9078434026814437,0.028293915999995534,0.08526208299997506,0.00014999999996234692,0.07915633299995761,0.16457570900001883,1.0000000000000002,0.695792271810573,0.8976091659998815,1.9187360000000808,0.19573979200004032,8.596519470214844,721.05078125,721.05078125,0.0,,,,,,,,,,,,,,,,,,,,,,,
8000,3,820260509,3,3,4.0,40192,248516,0.0038830625,0.6400542499999915,0.09298649999999498,0,0.0,15.072,34.0,40266.970740000004,5.033371342500001,15.100114027500002,0.11102778472309038,2.25e-06,2.5e-07,sparse,Gaussian random projection,gaussian_random_projection,0.029,0.9148808508613583,0.862526954203536,0.02903012500001978,0.37007374999996046,0.0003652089999945929,0.07772733400003062,0.44817212499998504,0.9999640457059498,0.6871400008116326,1.1812070429999721,4.647411999999804,0.47996595799997976,43.079867362976074,721.05078125,721.05078125,0.0,0.015002999999978783,0.17838541700001542,0.14212399999996705,0.023751291000053243,0.010090833999981896,0.0006371669999793994,,,,,,,,,,,,,,,,,
8000,3,820260509,3,3,4.0,40192,248516,0.0038830625,0.6400542499999915,0.09298649999999498,0,0.0,15.072,34.0,40266.970740000004,5.033371342500001,15.100114027500002,0.11102778472309038,2.25e-06,2.5e-07,sparse,Random sampling,random_sampling,0.050625,0.8538726863174747,0.7861275198607608,0.026027290999991237,0.14111954099996638,0.00013583399999106405,0.08652679199997237,0.22778704199998856,1.0602552741781195,0.7948991215393143,0.9608229169999163,2.3826859999999215,0.2564995839999824,11.152141571044922,721.05078125,721.05078125,0.0,,,,,,,0.01069041699997797,0.13040333300000384,128258.0,89735.0,0.7,173931.0,,,,,,,,,,,
8000,3,820260509,3,3,4.0,40192,248516,0.0038830625,0.6400542499999915,0.09298649999999498,0,0.0,15.072,34.0,40266.970740000004,5.033371342500001,15.100114027500002,0.11102778472309038,2.25e-06,2.5e-07,sparse,CountSketch random projection,countsketch_random_projection,0.031375,0.9081125336601299,0.8538871192533879,0.025649499999985892,0.3268673750000062,0.0003731659999743897,0.07503504099997826,0.402281749999986,0.9999589995972086,0.6866634931090367,1.1353163319999453,4.350466999999753,0.4305702500000166,33.25549507141113,721.05078125,721.05078125,0.0,,,,,,,,,,,,,0.0006698749999713982,163.0,29.0,68.0,0.0,0.0028023329999768976,0.15139545799996768,0.13995625000001155,0.021921625000004497,0.009454915999981495,0.0005209999999920001
8000,4,820260510,3,3,4.0,40143,248202,0.00387815625,0.6501707919999831,0.09538108300000658,0,0.0,15.053625,30.0,40266.970740000004,5.033371342500001,15.100114027500002,0.11102778472309038,2.25e-06,2.5e-07,sparse,Non-random,non_random,0.01775,0.9474436706845168,0.908085016125784,0.02663129199999048,0.08450108400001,0.00014533299997765425,0.07982291599995506,0.16447699999997667,1.0000000000000002,0.6922371594897383,0.9100212079999324,1.8388330000002497,0.19408512500001507,8.585739135742188,721.05078125,721.05078125,0.0,,,,,,,,,,,,,,,,,,,,,,,
8000,4,820260510,3,3,4.0,40143,248202,0.00387815625,0.6501707919999831,0.09538108300000658,0,0.0,15.053625,30.0,40266.970740000004,5.033371342500001,15.100114027500002,0.11102778472309038,2.25e-06,2.5e-07,sparse,Gaussian random projection,gaussian_random_projection,0.03325,0.9027265359484002,0.8464045949705731,0.025449832999981936,0.36872745799996665,0.00032249999998157364,0.08000241600001345,0.44905779100002974,0.9999526871679661,0.6822333037736524,1.1946042489999513,4.646759999999631,0.477424625000026,43.076273918151855,721.05078125,721.05078125,0.0,0.015411792000008973,0.17659120800004757,0.14335108299997046,0.02286758299999292,0.010113250000017615,0.00033579199998712284,,,,,,,,,,,,,,,,,
8000,4,820260510,3,3,4.0,40143,248202,0.00387815625,0.6501707919999831,0.09538108300000658,0,0.0,15.053625,30.0,40266.970740000004,5.033371342500001,15.100114027500002,0.11102778472309038,2.25e-06,2.5e-07,sparse,Random sampling,random_sampling,0.058875,0.8311444501343335,0.7592911814521777,0.02538724999999431,0.13548912499999233,0.00013691700002027574,0.08350545799999054,0.21913658300002226,1.0620363601778038,0.7907198654267605,0.9646833749999928,2.527823000000353,0.24719579099996736,11.130963325500488,721.05078125,721.05078125,0.0,,,,,,,0.009720458999993298,0.12574316700005284,128101.0,89537.0,0.7,173488.0,,,,,,,,,,,
8000,4,820260510,3,3,4.0,40143,248202,0.00387815625,0.6501707919999831,0.09538108300000658,0,0.0,15.053625,30.0,40266.970740000004,5.033371342500001,15.100114027500002,0.11102778472309038,2.25e-06,2.5e-07,sparse,CountSketch random projection,countsketch_random_projection,0.04,0.8835707853245295,0.8222313589085007,0.026082125000016276,0.31621141599998737,0.00047920899999098765,0.08928062500001488,0.40597762499999135,0.9999630335875201,0.6814791454930855,1.1515231249999829,4.166994000000159,0.4347167089999857,33.251901626586914,721.05078125,721.05078125,0.0,,,,,,,,,,,,,0.0006687910000096053,163.0,33.0,70.0,0.0,0.0029876670000135164,0.12712983300002634,0.14377308300004188,0.03111895900002537,0.010096000000032745,0.0003504160000034062
8000,5,820260511,3,3,4.0,40163,248348,0.0038804375,0.6327464999999961,0.0978175829999941,0,0.0,15.061125,33.0,40266.970740000004,5.033371342500001,15.100114027500002,0.11102778472309038,2.25e-06,2.5e-07,sparse,Non-random,non_random,0.015875,0.9529372464918533,0.916091975591956,0.02779437499998494,0.09483508300002086,0.0002132920000121885,0.08534624999998641,0.18040329199999405,0.9999999999999987,0.6915263994536964,0.9109587080000097,1.678953999999976,0.2111367499999801,8.590751647949219,721.05078125,721.05078125,0.0,,,,,,,,,,,,,,,,,,,,,,,
8000,5,820260511,3,3,4.0,40163,248348,0.0038804375,0.6327464999999961,0.0978175829999941,0,0.0,15.061125,33.0,40266.970740000004,5.033371342500001,15.100114027500002,0.11102778472309038,2.25e-06,2.5e-07,sparse,Gaussian random projection,gaussian_random_projection,0.03475,0.8984473476319733,0.8408858386744031,0.025738332999992508,0.3439883749999808,0.0004869580000104179,0.07815820799999074,0.4226395000000025,0.9999573949691078,0.6818276312574374,1.1531976239999722,4.551543999999922,0.4541974170000458,43.0779447555542,721.05078125,721.05078125,0.0,0.016236875000004147,0.15283199999998942,0.14259529199995313,0.02265033300000141,0.009076457999981358,0.0005173330000047827,,,,,,,,,,,,,,,,,
8000,5,820260511,3,3,4.0,40163,248348,0.0038804375,0.6327464999999961,0.0978175829999941,0,0.0,15.061125,33.0,40266.970740000004,5.033371342500001,15.100114027500002,0.11102778472309038,2.25e-06,2.5e-07,sparse,Random sampling,random_sampling,0.05775,0.8342842970822801,0.7632550738585743,0.025646958999971048,0.13350270799998043,0.00013195799999721203,0.086102832999984,0.21974212499998202,1.0590850408449628,0.7925661764322135,0.9503015819999518,2.549242999999933,0.24806020799996986,11.117192268371582,721.05078125,721.05078125,0.0,,,,,,,0.01031208400002015,0.12316741699999056,128174.0,89284.0,0.7,173019.0,,,,,,,,,,,
8000,5,820260511,3,3,4.0,40163,248348,0.0038804375,0.6327464999999961,0.0978175829999941,0,0.0,15.061125,33.0,40266.970740000004,5.033371342500001,15.100114027500002,0.11102778472309038,2.25e-06,2.5e-07,sparse,CountSketch random projection,countsketch_random_projection,0.033375,0.902377275393475,0.8461630164662164,0.025819582999986324,0.30865824999995084,0.0003311660000235861,0.07895566700000245,0.387950208999996,0.9999568702970182,0.6823164475792346,1.118509165999967,4.209102000000257,0.4164365830000065,33.25357246398926,721.05078125,721.05078125,0.0,,,,,,,,,,,,,0.0006718749999663487,163.0,35.0,65.0,0.0,0.003066041000010955,0.135610832999987,0.13699395800000502,0.022911292000003414,0.009012499999982992,0.00032974999999169086
8000,6,820260512,3,3,4.0,40211,248592,0.00388425,0.6116687499999784,0.0928442080000309,0,0.0,15.079125,32.0,40266.970740000004,5.033371342500001,15.100114027500002,0.11102778472309038,2.25e-06,2.5e-07,sparse,Non-random,non_random,0.01675,0.9503724630345384,0.9121244941868399,0.02530641700002434,0.08444404200002964,0.00015008399998350797,0.07293366599998308,0.15753470900000366,1.0000000000000004,0.6929620746543941,0.8620407500000056,1.7906729999999698,0.18573887500002684,8.599128723144531,721.05078125,721.05078125,0.0,,,,,,,,,,,,,,,,,,,,,,,
8000,6,820260512,3,3,4.0,40211,248592,0.00388425,0.6116687499999784,0.0928442080000309,0,0.0,15.079125,32.0,40266.970740000004,5.033371342500001,15.100114027500002,0.11102778472309038,2.25e-06,2.5e-07,sparse,Gaussian random projection,gaussian_random_projection,0.03425,0.8998832999656028,0.8429587057388723,0.025825208000014754,0.35850641600001154,0.0005612080000219066,0.0769050419999644,0.4359828750000361,0.9999441587198664,0.683959125677823,1.1404856240000072,4.674887000000126,0.4646912919999977,43.08073711395264,721.05078125,721.05078125,0.0,0.014491875000032906,0.1697458749999896,0.14217562499999303,0.0231384169999842,0.008383124999966185,0.0004603340000244316,,,,,,,,,,,,,,,,,
8000,6,820260512,3,3,4.0,40211,248592,0.00388425,0.6116687499999784,0.0928442080000309,0,0.0,15.079125,32.0,40266.970740000004,5.033371342500001,15.100114027500002,0.11102778472309038,2.25e-06,2.5e-07,sparse,Random sampling,random_sampling,0.04575,0.867464349712609,0.8024058395072559,0.025409125000010135,0.13522654199999806,0.00013266600001315965,0.08291729199999054,0.21828070800000887,1.06922455433223,0.8008365216825013,0.9227894580000111,2.4963849999999184,0.24633633299998792,11.176019668579102,721.05078125,721.05078125,0.0,,,,,,,0.009745416999976442,0.12545866700003216,128296.0,90123.0,0.7,174534.0,,,,,,,,,,,
8000,6,820260512,3,3,4.0,40211,248592,0.00388425,0.6116687499999784,0.0928442080000309,0,0.0,15.079125,32.0,40266.970740000004,5.033371342500001,15.100114027500002,0.11102778472309038,2.25e-06,2.5e-07,sparse,CountSketch random projection,countsketch_random_projection,0.03,0.9120098307302539,0.8587917085361875,0.027071083999999246,0.3284290000000283,0.0003237919999605765,0.07365504099999498,0.4024134160000017,0.9999557705987911,0.6839085559590881,1.1069207909999932,4.2341889999997875,0.43228850000002694,33.256364822387695,721.05078125,721.05078125,0.0,,,,,,,,,,,,,0.0007110839999882046,163.0,32.0,64.0,0.0,0.002835666000009951,0.140684374999978,0.15329058399998985,0.021501499999999396,0.009000082999989445,0.0003447499999538195
8000,7,820260513,3,3,4.0,40431,249966,0.00390571875,0.6190529999999512,0.09363562500004718,0,0.0,15.161625,34.0,40266.970740000004,5.033371342500001,15.100114027500002,0.11102778472309038,2.25e-06,2.5e-07,sparse,Non-random,non_random,0.015875,0.9529577085593163,0.9164658115679447,0.025621124999986478,0.08887199999998074,0.00015808400002015333,0.08942066600002363,0.17845916700002817,1.0000000000000002,0.6944421169292713,0.8911393750000229,1.7858949999999822,0.20756820799999787,8.64630126953125,721.05078125,721.05078125,0.0,,,,,,,,,,,,,,,,,,,,,,,
8000,7,820260513,3,3,4.0,40431,249966,0.00390571875,0.6190529999999512,0.09363562500004718,0,0.0,15.161625,34.0,40266.970740000004,5.033371342500001,15.100114027500002,0.11102778472309038,2.25e-06,2.5e-07,sparse,Gaussian random projection,gaussian_random_projection,0.034,0.9006506757236292,0.8444744560472468,0.02607904100000269,0.3577308330000051,0.00033854099996233344,0.0739254169999981,0.4319998330000203,0.9999609449533168,0.6826063753680733,1.144683415999964,4.632278999999926,0.46086429199999657,43.09646129608154,721.05078125,721.05078125,0.0,0.016156250000051386,0.17312416700002586,0.13624966600002608,0.02245958299999984,0.009327292000023135,0.0003490409999926669,,,,,,,,,,,,,,,,,
8000,7,820260513,3,3,4.0,40431,249966,0.00390571875,0.6190529999999512,0.09363562500004718,0,0.0,15.161625,34.0,40266.970740000004,5.033371342500001,15.100114027500002,0.11102778472309038,2.25e-06,2.5e-07,sparse,Random sampling,random_sampling,0.0565,0.8376855811292122,0.7669849708123789,0.025819749999982378,0.1331937089999542,0.0001310000000103173,0.08430612500001189,0.2176357089999783,1.0649366037648775,0.8003851242417002,0.9303194589999748,2.4982929999996486,0.24610966600005213,11.213635444641113,721.05078125,721.05078125,0.0,,,,,,,0.009677707999969698,0.12349420800001099,128983.0,90251.0,0.7,174859.0,,,,,,,,,,,
8000,7,820260513,3,3,4.0,40431,249966,0.00390571875,0.6190529999999512,0.09363562500004718,0,0.0,15.161625,34.0,40266.970740000004,5.033371342500001,15.100114027500002,0.11102778472309038,2.25e-06,2.5e-07,sparse,CountSketch random projection,countsketch_random_projection,0.028625,0.9159654369616549,0.8640598803434202,0.025645375000010517,0.2990379169999642,0.00047291700002460857,0.07673854099999744,0.3762548750000292,0.9999574415942659,0.6855062697606307,1.0889379999999846,4.1346950000001925,0.40665074999998296,33.2720890045166,721.05078125,721.05078125,0.0,,,,,,,,,,,,,0.0007037500000137697,163.0,32.0,71.0,0.0,0.002856749999978092,0.1287751670000148,0.13649225000000342,0.021839166999995996,0.007917749999990065,0.00037008300000707095
8000,8,820260514,3,3,4.0,40197,248582,0.00388409375,0.6115666670000337,0.09281924999999092,0,0.0,15.073875,30.0,40266.970740000004,5.033371342500001,15.100114027500002,0.11102778472309038,2.25e-06,2.5e-07,sparse,Non-random,non_random,0.019625,0.9419891343560128,0.9001181785335195,0.025679874999980257,0.08395379200004527,0.00015345799999977316,0.07694570799998246,0.1610607499999901,1.0000000000000007,0.6929541434446785,0.8654388750000521,1.835950000000139,0.1900398749999681,8.598785400390625,721.05078125,721.05078125,0.0,,,,,,,,,,,,,,,,,,,,,,,
8000,8,820260514,3,3,4.0,40197,248582,0.00388409375,0.6115666670000337,0.09281924999999092,0,0.0,15.073875,30.0,40266.970740000004,5.033371342500001,15.100114027500002,0.11102778472309038,2.25e-06,2.5e-07,sparse,Gaussian random projection,gaussian_random_projection,0.0315,0.9077551801775434,0.8532769671396293,0.02578195799998184,0.33908537500002467,0.0005241669999804799,0.07756791699995347,0.41718333400001484,0.9999612580274968,0.6819512643776349,1.1215633759999832,4.54329400000006,0.44572549999998046,43.08062267303467,721.05078125,721.05078125,0.0,0.015246917000013127,0.15501083399999516,0.1394243750000328,0.021379625000008673,0.007612583000025097,0.0003392920000351296,,,,,,,,,,,,,,,,,
8000,8,820260514,3,3,4.0,40197,248582,0.00388409375,0.6115666670000337,0.09281924999999092,0,0.0,15.073875,30.0,40266.970740000004,5.033371342500001,15.100114027500002,0.11102778472309038,2.25e-06,2.5e-07,sparse,Random sampling,random_sampling,0.053375,0.846264806423952,0.776821583274225,0.025806875000000673,0.16742658300000812,0.0001287499999875763,0.08375574999996616,0.2513157909999677,1.0638810234581269,0.79715147791198,0.9556969999999865,2.87839699999995,0.27985912500002996,11.161539077758789,721.05078125,721.05078125,0.0,,,,,,,0.00976020799998878,0.15764337500002057,128291.0,89876.0,0.7,174149.0,,,,,,,,,,,
8000,8,820260514,3,3,4.0,40197,248582,0.00388409375,0.6115666670000337,0.09281924999999092,0,0.0,15.073875,30.0,40266.970740000004,5.033371342500001,15.100114027500002,0.11102778472309038,2.25e-06,2.5e-07,sparse,CountSketch random projection,countsketch_random_projection,0.0355,0.8963288149525196,0.8388337000694553,0.025116665999973975,0.3093053750000081,0.000338875000011285,0.07725895800001581,0.3869079169999736,0.999956495982839,0.6807804280463706,1.0912891250000598,4.213705000000118,0.41466124999999465,33.25625038146973,721.05078125,721.05078125,0.0,,,,,,,,,,,,,0.0006597919999649093,163.0,29.0,67.0,0.0,0.0028465419999861297,0.13478095900001108,0.13998620800003891,0.020797082999990835,0.009649582999998074,0.0005198329999984708
8000,9,820260515,3,3,4.0,40122,248110,0.00387671875,0.6089997500000095,0.09452670799998941,0,0.0,15.04575,33.0,40266.970740000004,5.033371342500001,15.100114027500002,0.11102778472309038,2.25e-06,2.5e-07,sparse,Non-random,non_random,0.0175,0.9481934054937344,0.9092593806058247,0.025370082999984334,0.08338825000004135,0.0002277080000112619,0.07552524999999832,0.15915004200002159,1.0000000000000009,0.6920325081654822,0.8626676660000498,1.8475859999998647,0.18747737499995765,8.58258056640625,721.05078125,721.05078125,0.0,,,,,,,,,,,,,,,,,,,,,,,
8000,9,820260515,3,3,4.0,40122,248110,0.00387671875,0.6089997500000095,0.09452670799998941,0,0.0,15.04575,33.0,40266.970740000004,5.033371342500001,15.100114027500002,0.11102778472309038,2.25e-06,2.5e-07,sparse,Gaussian random projection,gaussian_random_projection,0.032875,0.9037764016715036,0.848056407638317,0.025345291999997244,0.431764625000028,0.0005577079999738999,0.08127325000003793,0.5136030419999997,0.9999455105469692,0.6825399354726722,1.2171220410000387,4.26552700000002,0.5417045419999909,43.07522106170654,721.05078125,721.05078125,0.0,0.016272833000016362,0.2334080839999615,0.143918541000005,0.025320582999995622,0.012036666999961199,0.0007073749999904066,,,,,,,,,,,,,,,,,
8000,9,820260515,3,3,4.0,40122,248110,0.00387671875,0.6089997500000095,0.09452670799998941,0,0.0,15.04575,33.0,40266.970740000004,5.033371342500001,15.100114027500002,0.11102778472309038,2.25e-06,2.5e-07,sparse,Random sampling,random_sampling,0.05475,0.8424567473825176,0.7723457410745713,0.029398958000001585,0.16009170799998174,0.00024470800002518445,0.09429129200003672,0.25463445900004444,1.0648583551180248,0.7929662302045095,0.9581541660000426,2.2372929999996813,0.2882744579999894,11.157140731811523,721.05078125,721.05078125,0.0,,,,,,,0.01080420799996773,0.14924062500000446,128055.0,89940.0,0.7,174291.0,,,,,,,,,,,
8000,9,820260515,3,3,4.0,40122,248110,0.00387671875,0.6089997500000095,0.09452670799998941,0,0.0,15.04575,33.0,40266.970740000004,5.033371342500001,15.100114027500002,0.11102778472309038,2.25e-06,2.5e-07,sparse,CountSketch random projection,countsketch_random_projection,0.033375,0.9023838000882409,0.8462634750084208,0.030352790999984336,0.5233336250000207,0.00036829200001875506,0.08829391700004408,0.6120019170000432,0.9999665910984727,0.6835048348880022,1.3155222920000824,4.235699999999724,0.6476081249999766,33.2508487701416,721.05078125,721.05078125,0.0,,,,,,,,,,,,,0.0011347090000413118,163.0,32.0,67.0,0.0,0.003276457999959348,0.3247069999999894,0.1497507500000097,0.03268141600000263,0.010984957999994549,0.0007084590000090429
8000,10,820260516,3,3,4.0,40180,248424,0.003881625,0.644554458000016,0.09421270800004322,0,0.0,15.0675,32.0,40266.970740000004,5.033371342500001,15.100114027500002,0.11102778472309038,2.25e-06,2.5e-07,sparse,Non-random,non_random,0.0145,0.9569688391552873,0.9221372494750291,0.025620915999979843,0.0857522080000308,0.00015120900002330018,0.07555987500001038,0.16147129199998744,0.999999999999999,0.6965403042081841,0.9002304580001237,1.8537249999999403,0.18986595899997383,8.593360900878906,721.05078125,721.05078125,0.0,,,,,,,,,,,,,,,,,,,,,,,
8000,10,820260516,3,3,4.0,40180,248424,0.003881625,0.644554458000016,0.09421270800004322,0,0.0,15.0675,32.0,40266.970740000004,5.033371342500001,15.100114027500002,0.11102778472309038,2.25e-06,2.5e-07,sparse,Gaussian random projection,gaussian_random_projection,0.02825,0.9170538816644449,0.8658601964812921,0.025571624999997766,0.3325607080000168,0.000319875000002412,0.07403191700001344,0.40691820899996856,0.9999635655287499,0.687902239828398,1.1456796660000919,4.397171000000071,0.4352025829999775,43.07881450653076,721.05078125,721.05078125,0.0,0.014739375000033306,0.1515298339999731,0.13761458400000492,0.020648208000011437,0.007651166000016474,0.00031883300005119963,,,,,,,,,,,,,,,,,
8000,10,820260516,3,3,4.0,40180,248424,0.003881625,0.644554458000016,0.09421270800004322,0,0.0,15.0675,32.0,40266.970740000004,5.033371342500001,15.100114027500002,0.11102778472309038,2.25e-06,2.5e-07,sparse,Random sampling,random_sampling,0.0495,0.8570726177026443,0.7903382542488965,0.02535441599997057,0.13532016699997484,0.00013612499998316707,0.08507691599999134,0.22053870800004916,1.0618135925149792,0.7988890324746918,0.9593003740000086,2.585239999999885,0.2492119579999894,11.136458396911621,721.05078125,721.05078125,0.0,,,,,,,0.010383625000031316,0.12490966700005401,128212.0,89544.0,0.7,173527.0,,,,,,,,,,,
8000,10,820260516,3,3,4.0,40180,248424,0.003881625,0.644554458000016,0.09421270800004322,0,0.0,15.0675,32.0,40266.970740000004,5.033371342500001,15.100114027500002,0.11102778472309038,2.25e-06,2.5e-07,sparse,CountSketch random projection,countsketch_random_projection,0.025875,0.9238705191126746,0.8745245501420335,0.02537333300000455,0.3285930840000333,0.000311374999967029,0.0762149170000157,0.40512416699999676,0.9999586300274533,0.6868786980938022,1.1438865420000752,4.3956679999996595,0.433219500000007,33.25444221496582,721.05078125,721.05078125,0.0,,,,,,,,,,,,,0.0006780000000503605,163.0,30.0,68.0,0.0,0.0028701250000153777,0.15746804100001555,0.13718566700003976,0.02194716700000754,0.008087750000015603,0.00030491699999402044
9000,1,920260507,3,3,4.0,45432,280858,0.0034673827160493827,0.6860850830000231,0.10844537499997386,0,0.0,15.144,31.0,45304.005333333334,5.033778370370371,15.101335111111112,0.11103703429446768,1.7777777777777777e-06,1.9753086419753087e-07,sparse,Non-random,non_random,0.017777777777777778,0.947368265830061,0.9077436933863454,0.0280711250000536,0.09406366599995408,0.00015112500000213913,0.07482204199999387,0.16904379200002495,0.9999999999999993,0.6928041607449325,0.9635672909999471,1.9543439999997645,0.2005035420000354,9.714523315429688,721.05078125,721.08984375,0.0390625,,,,,,,,,,,,,,,,,,,,,,,
9000,1,920260507,3,3,4.0,45432,280858,0.0034673827160493827,0.6860850830000231,0.10844537499997386,0,0.0,15.144,31.0,45304.005333333334,5.033778370370371,15.101335111111112,0.11103703429446768,1.7777777777777777e-06,1.9753086419753087e-07,sparse,Gaussian random projection,gaussian_random_projection,0.036333333333333336,0.8939501366357726,0.8351301438722599,0.028371375000006083,0.393048374999978,0.00036649999998417115,0.08163391700003331,0.4750546669999949,0.9999451095260008,0.6829669408650497,1.2695792499999925,5.058692000000065,0.5067451670000196,48.42817211151123,721.08984375,745.15234375,24.0625,0.016553917000010188,0.1782984170000077,0.16362566700001935,0.024053666999975576,0.009686917000010453,0.0007659589999775562,,,,,,,,,,,,,,,,,
9000,1,920260507,3,3,4.0,45432,280858,0.0034673827160493827,0.6860850830000231,0.10844537499997386,0,0.0,15.144,31.0,45304.005333333334,5.033778370370371,15.101335111111112,0.11103703429446768,1.7777777777777777e-06,1.9753086419753087e-07,sparse,Random sampling,random_sampling,0.051111111111111114,0.8524992663175087,0.7843357455289388,0.028524708000020382,0.1500721670000189,0.00013312499999074134,0.08318358300005002,0.23339391600001136,1.0626517095666181,0.7938249118050114,1.0279193330000567,2.7295820000003914,0.2648296250000044,12.60019302368164,745.15234375,745.15234375,0.0,,,,,,,0.011545833000013772,0.13850020899997162,144929.0,101500.0,0.7,196748.0,,,,,,,,,,,
9000,1,920260507,3,3,4.0,45432,280858,0.0034673827160493827,0.6860850830000231,0.10844537499997386,0,0.0,15.144,31.0,45304.005333333334,5.033778370370371,15.101335111111112,0.11103703429446768,1.7777777777777777e-06,1.9753086419753087e-07,sparse,CountSketch random projection,countsketch_random_projection,0.03711111111111111,0.8917568770601145,0.8323989982732144,0.0282364580000376,0.3498842089999812,0.0003404579999823909,0.08006608300001972,0.430295416999968,0.9999615106018476,0.6818207078755214,1.2248212079999803,4.673649999999725,0.46144516599997587,37.37546730041504,745.15234375,745.15234375,0.0,,,,,,,,,,,,,0.0006762910000475131,163.0,32.0,81.0,0.0,0.0035589579999850685,0.15898574999999937,0.1529188330000011,0.02436112499998444,0.008964333999983864,0.00036537500000122236
9000,2,920260508,3,3,4.0,45482,281274,0.0034725185185185184,0.7175364170000194,0.10822445800005198,0,0.0,15.160666666666666,33.0,45304.005333333334,5.033778370370371,15.101335111111112,0.11103703429446768,1.7777777777777777e-06,1.9753086419753087e-07,sparse,Non-random,non_random,0.018,0.9467180945324486,0.9066908699365522,0.028667832999985876,0.09355391700000837,0.00014462500001855005,0.0772538749999967,0.1709589170000072,0.9999999999999999,0.6961214752679215,0.996713292000095,2.000242000000071,0.2028697089999696,9.728805541992188,745.15234375,745.15234375,0.0,,,,,,,,,,,,,,,,,,,,,,,
9000,2,920260508,3,3,4.0,45482,281274,0.0034725185185185184,0.7175364170000194,0.10822445800005198,0,0.0,15.160666666666666,33.0,45304.005333333334,5.033778370370371,15.101335111111112,0.11103703429446768,1.7777777777777777e-06,1.9753086419753087e-07,sparse,Gaussian random projection,gaussian_random_projection,0.030333333333333334,0.9110446622704065,0.8574322298990874,0.0302757089999659,0.4739681660000201,0.0003699580000215974,0.09193499999997812,0.5662781249999966,0.9999618360156762,0.6867457675766199,1.3920339990000912,4.688140000000203,0.5995631250000315,48.43293285369873,745.15234375,745.15234375,0.0,0.01660283400002527,0.25665620799998123,0.16338237500002606,0.024692166000022553,0.011640334000048824,0.0009217080000212263,,,,,,,,,,,,,,,,,
9000,2,920260508,3,3,4.0,45482,281274,0.0034725185185185184,0.7175364170000194,0.10822445800005198,0,0.0,15.160666666666666,33.0,45304.005333333334,5.033778370370371,15.101335111111112,0.11103703429446768,1.7777777777777777e-06,1.9753086419753087e-07,sparse,Random sampling,random_sampling,0.04677777777777778,0.8645589877307462,0.7987610179851681,0.028104166999980862,0.18812320900002533,0.0001591669999925216,0.08425212500003454,0.2725395829999684,1.0669227449692182,0.7986223313604582,1.0982953760001237,3.084972000000107,0.3035785420000252,12.620694160461426,745.15234375,745.15234375,0.0,,,,,,,0.010937624999996842,0.1771599159999937,145137.0,101721.0,0.7,197077.0,,,,,,,,,,,
9000,2,920260508,3,3,4.0,45482,281274,0.0034725185185185184,0.7175364170000194,0.10822445800005198,0,0.0,15.160666666666666,33.0,45304.005333333334,5.033778370370371,15.101335111111112,0.11103703429446768,1.7777777777777777e-06,1.9753086419753087e-07,sparse,CountSketch random projection,countsketch_random_projection,0.028333333333333332,0.9167884705275696,0.8649401930530145,0.028666290999979083,0.3685559999999555,0.0004768339999827731,0.08072066700003688,0.4497601250000116,0.9999437479905898,0.6860982432831627,1.2755143760000465,4.7466739999999845,0.4814548749999972,37.38022804260254,745.15234375,745.15234375,0.0,,,,,,,,,,,,,0.0007055419999915102,163.0,39.0,77.0,0.0,0.0032961659999841686,0.1567265000000475,0.1589606669999739,0.03643833299997823,0.011915541999997004,0.00041633299997556605
9000,3,920260509,3,3,4.0,45024,278502,0.0034382962962962965,0.7493327919999615,0.10620770900004572,0,0.0,15.008,32.0,45304.005333333334,5.033778370370371,15.101335111111112,0.11103703429446768,1.7777777777777777e-06,1.9753086419753087e-07,sparse,Non-random,non_random,0.019444444444444445,0.9425034555918025,0.9008954018881251,0.0284199170000079,0.09535070800001222,0.00014937499997813575,0.07931270799997492,0.17481924999998455,0.9999999999999997,0.6939837973627976,1.0303532919999725,1.95398699999987,0.20624641699998847,9.633636474609375,745.15234375,745.15234375,0.0,,,,,,,,,,,,,,,,,,,,,,,
9000,3,920260509,3,3,4.0,45024,278502,0.0034382962962962965,0.7493327919999615,0.10620770900004572,0,0.0,15.008,32.0,45304.005333333334,5.033778370370371,15.101335111111112,0.11103703429446768,1.7777777777777777e-06,1.9753086419753087e-07,sparse,Gaussian random projection,gaussian_random_projection,0.038,0.8892661176209354,0.829562474584809,0.028334583000003022,0.3962316250000413,0.0003519170000458871,0.08295770899997024,0.47954641600000514,0.9999487724207753,0.6806766077832078,1.3350817520000646,5.011798999999883,0.5109495410000022,48.40120983123779,745.15234375,745.15234375,0.0,0.016509208000002218,0.18574345799999037,0.15715825000000905,0.027124042000025383,0.009069874999966032,0.0005655410000144911,,,,,,,,,,,,,,,,,
9000,3,920260509,3,3,4.0,45024,278502,0.0034382962962962965,0.7493327919999615,0.10620770900004572,0,0.0,15.008,32.0,45304.005333333334,5.033778370370371,15.101335111111112,0.11103703429446768,1.7777777777777777e-06,1.9753086419753087e-07,sparse,Random sampling,random_sampling,0.05644444444444444,0.8378834743004923,0.7680177401233552,0.0287242919999926,0.14911837500000047,0.00013141699997731848,0.08627270900001349,0.2355269999999905,1.0648667292384175,0.7966413674458526,1.0910630019999985,2.702756000000136,0.26722479199997906,12.52385139465332,745.15234375,745.15234375,0.0,,,,,,,0.010891374999971504,0.13820304099999703,143751.0,101080.0,0.7,195869.0,,,,,,,,,,,
9000,3,920260509,3,3,4.0,45024,278502,0.0034382962962962965,0.7493327919999615,0.10620770900004572,0,0.0,15.008,32.0,45304.005333333334,5.033778370370371,15.101335111111112,0.11103703429446768,1.7777777777777777e-06,1.9753086419753087e-07,sparse,CountSketch random projection,countsketch_random_projection,0.03788888888888889,0.8895463590760312,0.829797045347129,0.02791416700000582,0.4117915420000031,0.0005193339999891577,0.0834499160000064,0.49576670900000863,0.9999392776691567,0.6828624783177432,1.351301293000006,4.692168000000038,0.5267442079999682,37.3485050201416,745.15234375,745.15234375,0.0,,,,,,,,,,,,,0.0007218339999894852,163.0,35.0,75.0,0.0,0.003325916999983747,0.19750008300002264,0.17564133399997672,0.02442954200000713,0.00968374999996513,0.00040366700000049605
9000,4,920260510,3,3,4.0,45152,279346,0.003448716049382716,0.7469460419999905,0.10807287500000484,0,0.0,15.050666666666666,31.0,45304.005333333334,5.033778370370371,15.101335111111112,0.11103703429446768,1.7777777777777777e-06,1.9753086419753087e-07,sparse,Non-random,non_random,0.016888888888888887,0.9499657107115307,0.9116493779460756,0.03143629100003409,0.09775833300000158,0.00023450000003322202,0.08340308399999685,0.1814067920000184,1.0,0.6962418634360403,1.036414834000027,1.9792490000004364,0.21614179199997352,9.662612915039062,745.15234375,745.15234375,0.0,,,,,,,,,,,,,,,,,,,,,,,
9000,4,920260510,3,3,4.0,45152,279346,0.003448716049382716,0.7469460419999905,0.10807287500000484,0,0.0,15.050666666666666,31.0,45304.005333333334,5.033778370370371,15.101335111111112,0.11103703429446768,1.7777777777777777e-06,1.9753086419753087e-07,sparse,Gaussian random projection,gaussian_random_projection,0.03333333333333333,0.9025079886171963,0.8467270507456378,0.028030708000017057,0.3827464999999961,0.00035095900000214897,0.08115695800000822,0.46425937499998327,0.9999478721792953,0.6851438197941324,1.3192733340000018,4.987386000000242,0.4984361670000226,48.410868644714355,745.15234375,745.15234375,0.0,0.01712904100003243,0.17410879099998056,0.15743479100001423,0.025028999999960888,0.008518874999992931,0.0004637499999944339,,,,,,,,,,,,,,,,,
9000,4,920260510,3,3,4.0,45152,279346,0.003448716049382716,0.7469460419999905,0.10807287500000484,0,0.0,15.050666666666666,31.0,45304.005333333334,5.033778370370371,15.101335111111112,0.11103703429446768,1.7777777777777777e-06,1.9753086419753087e-07,sparse,Random sampling,random_sampling,0.051111111111111114,0.8525423825189178,0.7845763142430222,0.03210416699999996,0.19281791699995665,0.00013433300000542658,0.08990183299999899,0.28285883300003434,1.0615538673212634,0.7981223653117397,1.1378729999999564,3.194506000000274,0.31799433300000146,12.514409065246582,745.15234375,745.15234375,0.0,,,,,,,0.010674875000006523,0.18211912500004246,144173.0,100697.0,0.7,195130.0,,,,,,,,,,,
9000,4,920260510,3,3,4.0,45152,279346,0.003448716049382716,0.7469460419999905,0.10807287500000484,0,0.0,15.050666666666666,31.0,45304.005333333334,5.033778370370371,15.101335111111112,0.11103703429446768,1.7777777777777777e-06,1.9753086419753087e-07,sparse,CountSketch random projection,countsketch_random_projection,0.035222222222222224,0.8971557059632178,0.8396477343828965,0.029071666999982426,0.369476958000007,0.00040687500001013177,0.08014591699998164,0.4500345000000152,0.9999550246410401,0.6855466029797123,1.3050486669999941,4.716864999999871,0.48425816700000723,37.358163833618164,745.15234375,745.15234375,0.0,,,,,,,,,,,,,0.0007330839999895034,163.0,41.0,91.0,0.0,0.003312374999950407,0.16954512500001329,0.1601551669999708,0.023807750000003125,0.011386374999972304,0.0004498330000046735
9000,5,920260511,3,3,4.0,45241,279778,0.0034540493827160492,0.7141931659999727,0.1055576250000172,0,0.0,15.080333333333334,31.0,45304.005333333334,5.033778370370371,15.101335111111112,0.11103703429446768,1.7777777777777777e-06,1.9753086419753087e-07,sparse,Non-random,non_random,0.016,0.9525808233943858,0.9158319531241124,0.028819666999993387,0.1132497080000121,0.0001702079999859052,0.08581229200001417,0.19924020799999198,1.0000000000000004,0.6940847859624751,1.018982999000002,1.9167819999997846,0.23124412499998925,9.677444458007812,745.15234375,745.15234375,0.0,,,,,,,,,,,,,,,,,,,,,,,
9000,5,920260511,3,3,4.0,45241,279778,0.0034540493827160492,0.7141931659999727,0.1055576250000172,0,0.0,15.080333333333334,31.0,45304.005333333334,5.033778370370371,15.101335111111112,0.11103703429446768,1.7777777777777777e-06,1.9753086419753087e-07,sparse,Gaussian random projection,gaussian_random_projection,0.03766666666666667,0.8902200986596644,0.8306641714100043,0.027989208000008148,0.4254149999999868,0.00036604199999601406,0.08176745899999105,0.5075531669999691,0.9999483127451733,0.6815688442901046,1.3272992919999638,4.9354450000000725,0.538632333999999,48.415812492370605,745.15234375,745.15234375,0.0,0.016537958000014896,0.21215220800002044,0.16026325000001407,0.026487750000001142,0.009518666000019493,0.0003859580000380447,,,,,,,,,,,,,,,,,
9000,5,920260511,3,3,4.0,45241,279778,0.0034540493827160492,0.7141931659999727,0.1055576250000172,0,0.0,15.080333333333334,31.0,45304.005333333334,5.033778370370371,15.101335111111112,0.11103703429446768,1.7777777777777777e-06,1.9753086419753087e-07,sparse,Random sampling,random_sampling,0.05333333333333334,0.8463828484622661,0.7770919337269181,0.028099999999994907,0.15107354100001658,0.000130041000033998,0.0865415420000204,0.23774966600001335,1.0615509716717118,0.7942410204236824,1.057495915000061,2.7611719999999877,0.26874450000002525,12.544906616210938,745.15234375,745.15234375,0.0,,,,,,,0.010751499999969383,0.1402984169999968,144389.0,101008.0,0.7,195767.0,,,,,,,,,,,
9000,5,920260511,3,3,4.0,45241,279778,0.0034540493827160492,0.7141931659999727,0.1055576250000172,0,0.0,15.080333333333334,31.0,45304.005333333334,5.033778370370371,15.101335111111112,0.11103703429446768,1.7777777777777777e-06,1.9753086419753087e-07,sparse,CountSketch random projection,countsketch_random_projection,0.036222222222222225,0.894285434477256,0.8358027892019873,0.02957554199997503,0.3455775410000115,0.0005571250000002692,0.07974604100002125,0.425890708000054,0.9999541139954634,0.682333594633347,1.245631498000023,4.677776999999878,0.45852120800003604,37.363107681274414,745.15234375,745.15234375,0.0,,,,,,,,,,,,,0.00074050000000625,163.0,39.0,77.0,0.0,0.0031940839999720083,0.14941520799999353,0.15767483400003357,0.024403416000041034,0.009510708999982853,0.0005482920000190461
9000,6,920260512,3,3,4.0,45460,281102,0.003470395061728395,0.7022396250000043,0.10789891600001056,0,0.0,15.153333333333334,32.0,45304.005333333334,5.033778370370371,15.101335111111112,0.11103703429446768,1.7777777777777777e-06,1.9753086419753087e-07,sparse,Non-random,non_random,0.01588888888888889,0.9528940189444435,0.9159899986311898,0.02889220800000203,0.0963918749999948,0.0001485829999978705,0.07838966600002095,0.17493799999999737,0.9999999999999993,0.6966394824059141,0.9850686650000284,1.9842140000000654,0.2070457910000414,9.722900390625,745.15234375,745.15234375,0.0,,,,,,,,,,,,,,,,,,,,,,,
9000,6,920260512,3,3,4.0,45460,281102,0.003470395061728395,0.7022396250000043,0.10789891600001056,0,0.0,15.153333333333334,32.0,45304.005333333334,5.033778370370371,15.101335111111112,0.11103703429446768,1.7777777777777777e-06,1.9753086419753087e-07,sparse,Gaussian random projection,gaussian_random_projection,0.031,0.9091518697371984,0.8549348109828598,0.02767716700003575,0.3994152079999935,0.0003418329999931302,0.07816212500000574,0.4779241249999586,0.9999484700238978,0.6888884347572306,1.2880577070000072,4.896987999999965,0.5116943339999693,48.43096446990967,745.15234375,745.15234375,0.0,0.017331707999971968,0.1941920419999974,0.15427679199996192,0.02525754200001984,0.007940458000007311,0.0003519159999996191,,,,,,,,,,,,,,,,,
9000,6,920260512,3,3,4.0,45460,281102,0.003470395061728395,0.7022396250000043,0.10789891600001056,0,0.0,15.153333333333334,32.0,45304.005333333334,5.033778370370371,15.101335111111112,0.11103703429446768,1.7777777777777777e-06,1.9753086419753087e-07,sparse,Random sampling,random_sampling,0.05211111111111111,0.8497571538709655,0.7809700876018512,0.028420124999968266,0.15183887500000992,0.00013587500001221997,0.08484962500000393,0.23682908300003191,1.061985222380451,0.7976151411642732,1.0469629160000409,2.738206999999875,0.26832308300004115,12.600756645202637,745.15234375,745.15234375,0.0,,,,,,,0.010771166999973047,0.14104279100001804,145051.0,101453.0,0.7,196619.0,,,,,,,,,,,
9000,6,920260512,3,3,4.0,45460,281102,0.003470395061728395,0.7022396250000043,0.10789891600001056,0,0.0,15.153333333333334,32.0,45304.005333333334,5.033778370370371,15.101335111111112,0.11103703429446768,1.7777777777777777e-06,1.9753086419753087e-07,sparse,CountSketch random projection,countsketch_random_projection,0.03266666666666666,0.9043986253110607,0.8487000678010145,0.029983334000007744,0.36185679200002596,0.0003547920000528393,0.0810632499999997,0.44328012500000114,0.9999594483554889,0.6871317199371886,1.2534133750000933,4.864038000000164,0.4761575840000205,37.37825965881348,745.15234375,745.15234375,0.0,,,,,,,,,,,,,0.0006760410000197226,163.0,34.0,73.0,0.0,0.0033354579999809175,0.16838124999998172,0.1531362910000098,0.02543595899999218,0.010450165999998262,0.00038179099999524624
9000,7,920260513,3,3,4.0,45064,278716,0.0034409382716049383,0.6823042919999693,0.1066224170000396,0,0.0,15.021333333333333,35.0,45304.005333333334,5.033778370370371,15.101335111111112,0.11103703429446768,1.7777777777777777e-06,1.9753086419753087e-07,sparse,Non-random,non_random,0.016,0.9525668154835323,0.9154798701050486,0.02836912499998334,0.09462020800003756,0.00014512499996044426,0.08053154099997073,0.17530354199999465,1.0,0.6945160998934633,0.9642235829999777,2.0099719999998342,0.20712708299998894,9.640983581542969,745.15234375,745.15234375,0.0,,,,,,,,,,,,,,,,,,,,,,,
9000,7,920260513,3,3,4.0,45064,278716,0.0034409382716049383,0.6823042919999693,0.1066224170000396,0,0.0,15.021333333333333,35.0,45304.005333333334,5.033778370370371,15.101335111111112,0.11103703429446768,1.7777777777777777e-06,1.9753086419753087e-07,sparse,Gaussian random projection,gaussian_random_projection,0.035444444444444445,0.8965237888124892,0.8387712059466812,0.032794082999998864,0.38959487500000023,0.0003432920000250306,0.0926564999999755,0.4826003750000041,0.999949413010641,0.684082453649479,1.2715213760000097,4.930611000000226,0.5184718329999782,48.403658866882324,745.15234375,745.15234375,0.0,0.017983458999992763,0.17818995799996173,0.15822587500002783,0.026734207999993487,0.00805204099998491,0.0003559589999895252,,,,,,,,,,,,,,,,,
9000,7,920260513,3,3,4.0,45064,278716,0.0034409382716049383,0.6823042919999693,0.1066224170000396,0,0.0,15.021333333333333,35.0,45304.005333333334,5.033778370370371,15.101335111111112,0.11103703429446768,1.7777777777777777e-06,1.9753086419753087e-07,sparse,Random sampling,random_sampling,0.05588888888888889,0.8393723772347708,0.7691953009054937,0.029009416999997484,0.15039591599997948,0.00013116699994952796,0.0862422919999517,0.236774209000032,1.0634671526989292,0.795734241746755,1.0256960839998897,2.658300000000054,0.2688093329999788,12.50125789642334,745.15234375,745.15234375,0.0,,,,,,,0.010791208000000552,0.1395809169999893,143858.0,100690.0,0.7,195103.0,,,,,,,,,,,
9000,7,920260513,3,3,4.0,45064,278716,0.0034409382716049383,0.6823042919999693,0.1066224170000396,0,0.0,15.021333333333333,35.0,45304.005333333334,5.033778370370371,15.101335111111112,0.11103703429446768,1.7777777777777777e-06,1.9753086419753087e-07,sparse,CountSketch random projection,countsketch_random_projection,0.03122222222222222,0.9085171356269279,0.8542713514145084,0.02821512499997425,0.370372916000008,0.0003485000000296168,0.07925558300001967,0.44998237500004734,0.9999437858867081,0.6840328934588786,1.2389037080000662,4.890361999999641,0.48103545899999745,37.35095405578613,745.15234375,745.15234375,0.0,,,,,,,,,,,,,0.0006779159999723561,163.0,38.0,82.0,0.0,0.003300875000036285,0.17139600000001565,0.15773087499997018,0.02721233300002268,0.00963337500002126,0.0003663329999881171
9000,8,920260514,3,3,4.0,45164,279294,0.003448074074074074,0.6971567079999659,0.10777941699996063,0,0.0,15.054666666666666,32.0,45304.005333333334,5.033778370370371,15.101335111111112,0.11103703429446768,1.7777777777777777e-06,1.9753086419753087e-07,sparse,Non-random,non_random,0.017888888888888888,0.947048160109677,0.9072588699301606,0.028559334000021863,0.09764745799998309,0.00014616700002534344,0.08143979200002605,0.17924116599999707,0.9999999999999994,0.6946375531212966,0.984169541999961,2.0222520000002078,0.21093520900001295,9.66082763671875,745.15234375,745.15625,0.00390625,,,,,,,,,,,,,,,,,,,,,,,
9000,8,920260514,3,3,4.0,45164,279294,0.003448074074074074,0.6971567079999659,0.10777941699996063,0,0.0,15.054666666666666,32.0,45304.005333333334,5.033778370370371,15.101335111111112,0.11103703429446768,1.7777777777777777e-06,1.9753086419753087e-07,sparse,Gaussian random projection,gaussian_random_projection,0.035444444444444445,0.8964742488651131,0.8383024639084992,0.02804191699999592,0.3962118329999953,0.00039037499999494685,0.07890000000003283,0.47550725000002103,0.9999497567362694,0.6827188347103645,1.2804383329999496,4.944750000000113,0.5065424999999664,48.41027355194092,745.15625,745.15625,0.0,0.016989500000022417,0.19366445800000065,0.1527168329999995,0.023970375000033073,0.008347334000006867,0.00044004199997971227,,,,,,,,,,,,,,,,,
9000,8,920260514,3,3,4.0,45164,279294,0.003448074074074074,0.6971567079999659,0.10777941699996063,0,0.0,15.054666666666666,32.0,45304.005333333334,5.033778370370371,15.101335111111112,0.11103703429446768,1.7777777777777777e-06,1.9753086419753087e-07,sparse,Random sampling,random_sampling,0.052333333333333336,0.8491514234794179,0.7802902493436885,0.03778658300001325,0.15081216700002642,0.0001305410000327356,0.08963862500002051,0.24058616600001415,1.06204873091534,0.7957509727250253,1.0455174580000062,2.829537999999957,0.28328983299996935,12.506915092468262,745.15625,745.15625,0.0,,,,,,,0.012885291999964466,0.13789883300000838,144147.0,100617.0,0.7,194936.0,,,,,,,,,,,
9000,8,920260514,3,3,4.0,45164,279294,0.003448074074074074,0.6971567079999659,0.10777941699996063,0,0.0,15.054666666666666,32.0,45304.005333333334,5.033778370370371,15.101335111111112,0.11103703429446768,1.7777777777777777e-06,1.9753086419753087e-07,sparse,CountSketch random projection,countsketch_random_projection,0.035666666666666666,0.8958411932979677,0.8374896585582673,0.03003120900001477,0.38109274999999343,0.0003539589999945747,0.07568354099998942,0.4571362500000191,0.9999495185020629,0.6815704713932552,1.262066374999904,4.4805639999999585,0.4900971669999876,37.35756874084473,745.15625,745.15625,0.0,,,,,,,,,,,,,0.0007118329999684647,163.0,37.0,82.0,0.0,0.0032580829999915295,0.18710849999996526,0.15707120799999075,0.02403658399998676,0.008485291999988931,0.0003609579999874768
9000,9,920260515,3,3,4.0,45303,280148,0.003458617283950617,0.6960632500000088,0.1085639160000369,0,0.0,15.101,32.0,45304.005333333334,5.033778370370371,15.101335111111112,0.11103703429446768,1.7777777777777777e-06,1.9753086419753087e-07,sparse,Non-random,non_random,0.01611111111111111,0.9522464279763426,0.9150296466462629,0.02843099999995502,0.09954749999997148,0.00014533299997765425,0.08061341699999502,0.18031474999997954,0.9999999999999996,0.69598360412988,0.9849334159999898,1.9917279999999664,0.2124098330000379,9.690147399902344,745.15625,745.15625,0.0,,,,,,,,,,,,,,,,,,,,,,,
9000,9,920260515,3,3,4.0,45303,280148,0.003458617283950617,0.6960632500000088,0.1085639160000369,0,0.0,15.101,32.0,45304.005333333334,5.033778370370371,15.101335111111112,0.11103703429446768,1.7777777777777777e-06,1.9753086419753087e-07,sparse,Gaussian random projection,gaussian_random_projection,0.02722222222222222,0.9199899506117539,0.8692400244066677,0.027811417000009442,0.39130987499999037,0.00034620799999629526,0.07830629099998987,0.46996695799998633,0.9999576662961247,0.688136190662175,1.2745895400000222,4.868257999999969,0.500878666999995,48.42004680633545,745.15625,745.15625,0.0,0.016422707999993236,0.18741862499996387,0.15297737499997766,0.024374832999967566,0.009699291000003996,0.00036220800001274256,,,,,,,,,,,,,,,,,
9000,9,920260515,3,3,4.0,45303,280148,0.003458617283950617,0.6960632500000088,0.1085639160000369,0,0.0,15.101,32.0,45304.005333333334,5.033778370370371,15.101335111111112,0.11103703429446768,1.7777777777777777e-06,1.9753086419753087e-07,sparse,Random sampling,random_sampling,0.050888888888888886,0.8531484172709469,0.7849913404154895,0.03231991600000583,0.1513416659999507,0.0001400000000444379,0.08854595799999743,0.2400327080000011,1.0606116156841465,0.7959796321903394,1.0446547900000382,2.7110810000003767,0.27711262499997247,12.547026634216309,745.15625,745.15625,0.0,,,,,,,0.011511958000028244,0.1398041249999551,144574.0,100938.0,0.7,195618.0,,,,,,,,,,,
9000,9,920260515,3,3,4.0,45303,280148,0.003458617283950617,0.6960632500000088,0.1085639160000369,0,0.0,15.101,32.0,45304.005333333334,5.033778370370371,15.101335111111112,0.11103703429446768,1.7777777777777777e-06,1.9753086419753087e-07,sparse,CountSketch random projection,countsketch_random_projection,0.028333333333333332,0.9167942401854821,0.8650558843282758,0.028339166000023397,0.3517746249999618,0.0003485420000401973,0.07837112499998966,0.4304994159999751,0.9999539176854806,0.6865941454040391,1.2351214580000374,4.615577999999914,0.4617334590000155,37.36734199523926,745.15625,745.15625,0.0,,,,,,,,,,,,,0.0006946249999941756,163.0,38.0,71.0,0.0,0.0033169589999602067,0.15480491599998913,0.15846824999999853,0.02421454199998152,0.009824166999976569,0.00039191700000174023
9000,10,920260516,3,3,4.0,45465,281158,0.0034710864197530864,0.7147383750000245,0.10927658299999621,0,0.0,15.155,34.0,45304.005333333334,5.033778370370371,15.101335111111112,0.11103703429446768,1.7777777777777777e-06,1.9753086419753087e-07,sparse,Non-random,non_random,0.012777777777777779,0.962035227726748,0.9300425742209265,0.030664041999955316,0.09564650000004349,0.0003142500000308246,0.08216858299999785,0.17814120799999955,0.9999999999999998,0.6952646361192214,1.0021442910000928,1.9423299999998562,0.21296612500003675,9.724822998046875,745.15625,745.15625,0.0,,,,,,,,,,,,,,,,,,,,,,,
9000,10,920260516,3,3,4.0,45465,281158,0.0034710864197530864,0.7147383750000245,0.10927658299999621,0,0.0,15.155,34.0,45304.005333333334,5.033778370370371,15.101335111111112,0.11103703429446768,1.7777777777777777e-06,1.9753086419753087e-07,sparse,Gaussian random projection,gaussian_random_projection,0.02688888888888889,0.9209474601249793,0.8706820709238249,0.029026625000028616,0.418385040999965,0.0005374579999966045,0.07912516700002925,0.4980549169999904,0.9999608215478263,0.6856456175453096,1.3220626240000115,4.832535000000007,0.5310534159999634,48.43160533905029,745.15625,745.15625,0.0,0.016564416999983678,0.19853266600000552,0.1686214169999971,0.025474875000043085,0.008629166999980953,0.00047066700000186756,,,,,,,,,,,,,,,,,
9000,10,920260516,3,3,4.0,45465,281158,0.0034710864197530864,0.7147383750000245,0.10927658299999621,0,0.0,15.155,34.0,45304.005333333334,5.033778370370371,15.101335111111112,0.11103703429446768,1.7777777777777777e-06,1.9753086419753087e-07,sparse,Random sampling,random_sampling,0.04488888888888889,0.8698140727776403,0.8059297357340333,0.03147375000003194,0.15194033299997045,0.00015258299998777147,0.09304600000001528,0.24514458299995567,1.0656667106700923,0.7987890721095187,1.0691538739999942,2.588962000000265,0.2794856250000066,12.603048324584961,745.15625,745.15625,0.0,,,,,,,0.010873582999977316,0.14103858300001093,145079.0,101512.0,0.7,196628.0,,,,,,,,,,,
9000,10,920260516,3,3,4.0,45465,281158,0.0034710864197530864,0.7147383750000245,0.10927658299999621,0,0.0,15.155,34.0,45304.005333333334,5.033778370370371,15.101335111111112,0.11103703429446768,1.7777777777777777e-06,1.9753086419753087e-07,sparse,CountSketch random projection,countsketch_random_projection,0.028777777777777777,0.9155421966081944,0.8635746865775437,0.028215249999959724,0.36673583399999643,0.0005017920000227605,0.07620633299995916,0.443450208999991,0.9999512389710455,0.6847810190969307,1.267458916999999,4.7033369999999195,0.47454966599997306,37.378971099853516,745.15625,745.15625,0.0,,,,,,,,,,,,,0.0006819170000085251,163.0,39.0,78.0,0.0,0.003437125000004926,0.16777124999998705,0.1562059999999974,0.02712608399997407,0.010922333999985767,0.0005052079999927628
10000,1,1020260507,3,3,4.0,50568,312776,0.00312776,0.7876602919999982,0.12352574999999888,0,0.0,15.1704,30.0,50341.04325888,5.034104325888,15.102312977664,0.11104444888977795,1.44e-06,1.6e-07,sparse,Non-random,non_random,0.0165,0.9511209065031442,0.9134224645117417,0.031428333000008024,0.10852137500000936,0.0002308749999997417,0.08233416699999907,0.19109554200002776,0.9999999999999999,0.6920903642664973,1.1022724590000053,2.108788000000004,0.22635641599998735,10.817970275878906,745.15625,745.1953125,0.0390625,,,,,,,,,,,,,,,,,,,,,,,
10000,1,1020260507,3,3,4.0,50568,312776,0.00312776,0.7876602919999982,0.12352574999999888,0,0.0,15.1704,30.0,50341.04325888,5.034104325888,15.102312977664,0.11104444888977795,1.44e-06,1.6e-07,sparse,Gaussian random projection,gaussian_random_projection,0.0429,0.8754430581090279,0.8120941299341741,0.03159845900000846,0.48207787500001587,0.00038362499998356725,0.08169754199997215,0.5641635409999708,0.9999568250611759,0.6799080257715396,1.4753450839999687,5.243323000000146,0.6000200409999934,53.771918296813965,745.1953125,771.53125,26.3359375,0.018722166000031848,0.23812391600000637,0.1872755409999627,0.02756341600002088,0.00983179199999995,0.0004946660000086922,,,,,,,,,,,,,,,,,
10000,1,1020260507,3,3,4.0,50568,312776,0.00312776,0.7876602919999982,0.12352574999999888,0,0.0,15.1704,30.0,50341.04325888,5.034104325888,15.102312977664,0.11104444888977795,1.44e-06,1.6e-07,sparse,Random sampling,random_sampling,0.0542,0.8439866821979541,0.7740836283660262,0.031012958000019353,0.1623728339999957,0.00016470799999979135,0.08481950000003735,0.24736170899996068,1.0648010679963051,0.7972554807718012,1.15854308400003,2.9171590000000833,0.28166391599995677,14.037649154663086,771.53125,771.53125,0.0,,,,,,,0.011873207999997248,0.15047137499999508,161388.0,113243.0,0.7,219492.0,,,,,,,,,,,
10000,1,1020260507,3,3,4.0,50568,312776,0.00312776,0.7876602919999982,0.12352574999999888,0,0.0,15.1704,30.0,50341.04325888,5.034104325888,15.102312977664,0.11104444888977795,1.44e-06,1.6e-07,sparse,CountSketch random projection,countsketch_random_projection,0.0373,0.8912576773091125,0.8320392914518373,0.03516616699999986,0.416331624999998,0.00038829200002510333,0.08391004199995677,0.5006351250000307,0.9999442916514393,0.6810148683004253,1.411816000999977,5.380385999999817,0.539001374999998,41.49058723449707,771.53125,771.53125,0.0,,,,,,,,,,,,,0.0007123749999777829,163.0,45.0,80.0,0.0,0.0037762919999977385,0.18964325000001736,0.18263445799999545,0.029406583000024966,0.0096337079999671,0.0004577079999990019
10000,2,1020260508,3,3,4.0,50513,312464,0.00312464,0.7778147500000046,0.13138062499996295,0,0.0,15.1539,31.0,50341.04325888,5.034104325888,15.102312977664,0.11104444888977795,1.44e-06,1.6e-07,sparse,Non-random,non_random,0.0178,0.947306118496779,0.9076848174385833,0.031073958000035873,0.11075299999998833,0.00015812499998446583,0.07714300000003504,0.18806112499999017,0.9999999999999987,0.6920748719741143,1.0972494999999753,1.9888230000001386,0.22324412499995105,10.807258605957031,771.53125,771.53125,0.0,,,,,,,,,,,,,,,,,,,,,,,
10000,2,1020260508,3,3,4.0,50513,312464,0.00312464,0.7778147500000046,0.13138062499996295,0,0.0,15.1539,31.0,50341.04325888,5.034104325888,15.102312977664,0.11104444888977795,1.44e-06,1.6e-07,sparse,Gaussian random projection,gaussian_random_projection,0.039,0.8864234242826756,0.8258070710978279,0.0325995410000246,0.42585845799999333,0.0004155419999847254,0.0861815840000304,0.5124616669999682,0.9999618750709744,0.6792673761300068,1.421650958999976,5.2792679999997745,0.5484245830000418,53.76805400848389,771.53125,771.53125,0.0,0.01847870800003193,0.19477604200000087,0.17578929100000096,0.027548833000025752,0.00863608400004523,0.0005590419999634832,,,,,,,,,,,,,,,,,
10000,2,1020260508,3,3,4.0,50513,312464,0.00312464,0.7778147500000046,0.13138062499996295,0,0.0,15.1539,31.0,50341.04325888,5.034104325888,15.102312977664,0.11104444888977795,1.44e-06,1.6e-07,sparse,Random sampling,random_sampling,0.0542,0.8439825221224495,0.7740476042538167,0.03424579199997879,0.1644954590000225,0.00013812499997811756,0.08803504100001192,0.2526730000000157,1.0671143426253857,0.7972293666695236,1.16186399999998,2.9759079999998903,0.2900775420000059,14.010038375854492,771.53125,771.53125,0.0,,,,,,,0.011851417000002584,0.1526207920000502,161232.0,112967.0,0.7,218854.0,,,,,,,,,,,
10000,2,1020260508,3,3,4.0,50513,312464,0.00312464,0.7778147500000046,0.13138062499996295,0,0.0,15.1539,31.0,50341.04325888,5.034104325888,15.102312977664,0.11104444888977795,1.44e-06,1.6e-07,sparse,CountSketch random projection,countsketch_random_projection,0.0437,0.8731997115700437,0.8094480374693372,0.03109745799997654,0.38237887499997214,0.0003922500000044238,0.0841964589999975,0.4669728329999998,0.999942730383394,0.6786729095156633,1.3761629589999416,5.127452000000176,0.5011660830000437,41.487016677856445,771.53125,771.53125,0.0,,,,,,,,,,,,,0.0006962090000115495,163.0,45.0,86.0,0.0,0.0037360000000035143,0.16683799999998428,0.1729427910000254,0.028684457999986535,0.009006791999979669,0.00041341600001487677
10000,3,1020260509,3,3,4.0,50422,311858,0.00311858,0.776582000000019,0.12130241699998123,0,0.0,15.1266,32.0,50341.04325888,5.034104325888,15.102312977664,0.11104444888977795,1.44e-06,1.6e-07,sparse,Non-random,non_random,0.0179,0.9470085036302378,0.9071086168356276,0.03501116699999329,0.1049014589999615,0.0001600840000151038,0.08176466699995899,0.18683391600001187,1.0000000000000009,0.691247576728739,1.0847106269999358,2.1965610000002016,0.22651616600001034,10.786453247070312,771.53125,771.53125,0.0,,,,,,,,,,,,,,,,,,,,,,,
10000,3,1020260509,3,3,4.0,50422,311858,0.00311858,0.776582000000019,0.12130241699998123,0,0.0,15.1266,32.0,50341.04325888,5.034104325888,15.102312977664,0.11104444888977795,1.44e-06,1.6e-07,sparse,Gaussian random projection,gaussian_random_projection,0.0443,0.8714952425145817,0.8072767470534544,0.032551041999965946,0.48814479200001415,0.0004696249999938118,0.09093420799996466,0.5795568329999696,0.999951473922612,0.6778304892975303,1.4774330419999728,5.206243000000086,0.6154811250000307,53.76111888885498,771.53125,771.53125,0.0,0.01966850000002296,0.2439577089999716,0.18387041699998008,0.030063208000001396,0.009950000000003456,0.0005317920000038612,,,,,,,,,,,,,,,,,
10000,3,1020260509,3,3,4.0,50422,311858,0.00311858,0.776582000000019,0.12130241699998123,0,0.0,15.1266,32.0,50341.04325888,5.034104325888,15.102312977664,0.11104444888977795,1.44e-06,1.6e-07,sparse,Random sampling,random_sampling,0.0584,0.8324561330777988,0.760726216649311,0.030504667000002428,0.16319358300000886,0.0001365840000175922,0.09190520799995738,0.2552399580000042,1.0640149220857251,0.7941343918341895,1.153119791999984,2.9132620000000315,0.2888458749999927,13.979459762573242,771.53125,771.53125,0.0,,,,,,,0.011827291999964018,0.15134091700002728,160929.0,112678.0,0.7,218328.0,,,,,,,,,,,
10000,3,1020260509,3,3,4.0,50422,311858,0.00311858,0.776582000000019,0.12130241699998123,0,0.0,15.1266,32.0,50341.04325888,5.034104325888,15.102312977664,0.11104444888977795,1.44e-06,1.6e-07,sparse,CountSketch random projection,countsketch_random_projection,0.0369,0.8923319297525568,0.8333168597396957,0.03050775000002659,0.4322660839999912,0.00037833299995782,0.08126991699998598,0.5139190839999515,0.9999405389722581,0.6790797006707436,1.4117987509999352,5.276922000000013,0.5475993750000043,41.48008155822754,771.53125,771.53125,0.0,,,,,,,,,,,,,0.0007252080000057504,163.0,42.0,78.0,0.0,0.005762875000016265,0.20733766699999023,0.18077054100001533,0.02875616699998318,0.008370167000009587,0.00045083300000214876
10000,4,1020260510,3,3,4.0,50160,310314,0.00310314,0.7771996669999908,0.1193074999999908,0,0.0,15.048,32.0,50341.04325888,5.034104325888,15.102312977664,0.11104444888977795,1.44e-06,1.6e-07,sparse,Non-random,non_random,0.0182,0.946143389987361,0.9060385710162355,0.040508334000037394,0.10647525000001679,0.00019220799998720395,0.07996079100001907,0.18663608299999623,0.9999999999999993,0.6921265442263218,1.0831354160000046,2.1150989999996455,0.23064483300004213,10.733444213867188,771.53125,771.53125,0.0,,,,,,,,,,,,,,,,,,,,,,,
10000,4,1020260510,3,3,4.0,50160,310314,0.00310314,0.7771996669999908,0.1193074999999908,0,0.0,15.048,32.0,50341.04325888,5.034104325888,15.102312977664,0.11104444888977795,1.44e-06,1.6e-07,sparse,Gaussian random projection,gaussian_random_projection,0.0355,0.8963089192291652,0.8382746224471257,0.03091716700004099,0.4651812919999543,0.00039779100001169354,0.08058912500001725,0.5461734589999878,0.9999441968906196,0.6805788035820096,1.4426753749999648,4.916674999999941,0.5807092079999734,53.743449211120605,771.53125,771.53125,0.0,0.01832574999997405,0.22489029199999777,0.18170970799997122,0.029322417000003043,0.010465416999977606,0.00040187500002275556,,,,,,,,,,,,,,,,,
10000,4,1020260510,3,3,4.0,50160,310314,0.00310314,0.7771996669999908,0.1193074999999908,0,0.0,15.048,32.0,50341.04325888,5.034104325888,15.102312977664,0.11104444888977795,1.44e-06,1.6e-07,sparse,Random sampling,random_sampling,0.0554,0.84067367811061,0.7703012488156383,0.03179158299997198,0.1646400409999842,0.0002067500000180189,0.0891145830000255,0.2539671669999848,1.0633224354072026,0.7935079516751309,1.1504685410000093,2.908104000000094,0.2889484170000287,13.902885437011719,771.53125,771.53125,0.0,,,,,,,0.012134250000030988,0.15246737500001473,160157.0,112004.0,0.7,217000.0,,,,,,,,,,,
10000,4,1020260510,3,3,4.0,50160,310314,0.00310314,0.7771996669999908,0.1193074999999908,0,0.0,15.048,32.0,50341.04325888,5.034104325888,15.102312977664,0.11104444888977795,1.44e-06,1.6e-07,sparse,CountSketch random projection,countsketch_random_projection,0.0444,0.871292521092287,0.8074026867460473,0.030546040999979596,0.4068181669999831,0.00046720800003186014,0.08523720799996681,0.4925287920000301,0.999949123234364,0.6770118287897225,1.3890297499999633,5.216899000000012,0.5262390000000323,41.462411880493164,771.53125,771.53125,0.0,,,,,,,,,,,,,0.0007183339999983218,163.0,45.0,89.0,0.0,0.0036584169999969163,0.18241687500000126,0.18012820800004192,0.030088208999984545,0.00918162499999653,0.0005152499999780957
10000,5,1020260511,3,3,4.0,50603,312938,0.00312938,0.772523958000022,0.11944658299995581,0,0.0,15.1809,33.0,50341.04325888,5.034104325888,15.102312977664,0.11104444888977795,1.44e-06,1.6e-07,sparse,Non-random,non_random,0.018,0.9467187895752966,0.9067518091548513,0.0330260419999604,0.10590949999999566,0.00015775000002804518,0.08594395800002985,0.19201895800000557,0.9999999999999996,0.6924008494142564,1.0839817490000314,2.1839199999999437,0.22892770800001472,10.823532104492188,771.53125,771.53125,0.0,,,,,,,,,,,,,,,,,,,,,,,
10000,5,1020260511,3,3,4.0,50603,312938,0.00312938,0.772523958000022,0.11944658299995581,0,0.0,15.1809,33.0,50341.04325888,5.034104325888,15.102312977664,0.11104444888977795,1.44e-06,1.6e-07,sparse,Gaussian random projection,gaussian_random_projection,0.0366,0.8932026083687141,0.834154766036528,0.03059445799999594,0.45959512499996436,0.0005005410000080701,0.08161337500001764,0.5417152500000384,0.9999474729676072,0.6817930118541293,1.433679581999968,5.259705000000395,0.578710416999968,53.773478507995605,771.53125,771.53125,0.0,0.019211124999969797,0.22554437500002678,0.17655991700002005,0.02875783299998602,0.008994709000035073,0.0004400839999902928,,,,,,,,,,,,,,,,,
10000,5,1020260511,3,3,4.0,50603,312938,0.00312938,0.772523958000022,0.11944658299995581,0,0.0,15.1809,33.0,50341.04325888,5.034104325888,15.102312977664,0.11104444888977795,1.44e-06,1.6e-07,sparse,Random sampling,random_sampling,0.0554,0.8406718430945598,0.7702256328085229,0.0352907079999909,0.1668322920000378,0.0001330000000052678,0.09094233299998677,0.2579127079999921,1.062175835997747,0.7941462365149785,1.1498781660000077,2.7871319999999287,0.2964004579999937,14.030204772949219,771.53125,771.53125,0.0,,,,,,,0.011981208000008792,0.1548287909999999,161469.0,113076.0,0.7,219196.0,,,,,,,,,,,
10000,5,1020260511,3,3,4.0,50603,312938,0.00312938,0.772523958000022,0.11944658299995581,0,0.0,15.1809,33.0,50341.04325888,5.034104325888,15.102312977664,0.11104444888977795,1.44e-06,1.6e-07,sparse,CountSketch random projection,countsketch_random_projection,0.0342,0.8999947301101124,0.8433688120068231,0.031173874999979034,0.39371329200002947,0.0005732909999665026,0.08151016699997626,0.47580291699995314,0.9999586911151922,0.6808612802260652,1.36776729099995,5.114900999999918,0.5101416659999813,41.492441177368164,771.53125,771.53125,0.0,,,,,,,,,,,,,0.0007201249999866377,163.0,39.0,82.0,0.0,0.0037569169999756014,0.17121358299999656,0.17824337499996545,0.029256832999976723,0.009880125000051976,0.0005578340000056414
10000,6,1020260512,3,3,4.0,50095,309912,0.00309912,0.7634190420000095,0.1184635839999828,0,0.0,15.0285,32.0,50341.04325888,5.034104325888,15.102312977664,0.11104444888977795,1.44e-06,1.6e-07,sparse,Non-random,non_random,0.0153,0.9546212499870051,0.9185510856808781,0.033795249999968746,0.10540049999997336,0.00018054200000960918,0.08090512500001523,0.18649508300001116,0.9999999999999998,0.6945426766464136,1.0683687929999905,2.1867640000000392,0.22379454199995052,10.719642639160156,771.53125,771.53125,0.0,,,,,,,,,,,,,,,,,,,,,,,
10000,6,1020260512,3,3,4.0,50095,309912,0.00309912,0.7634190420000095,0.1184635839999828,0,0.0,15.0285,32.0,50341.04325888,5.034104325888,15.102312977664,0.11104444888977795,1.44e-06,1.6e-07,sparse,Gaussian random projection,gaussian_random_projection,0.0341,0.9003458955202676,0.8440297180862479,0.030825292000031368,0.43019066599998723,0.0005805420000228878,0.07983804200000577,0.5106178749999799,0.9999582659674353,0.6834590233125186,1.3924918760000082,5.220041999999921,0.5448025410000241,53.73884868621826,771.53125,771.53125,0.0,0.018148249999967447,0.19981116700000712,0.17578737499997033,0.028207000000008975,0.007753250000007483,0.00040033299995911875,,,,,,,,,,,,,,,,,
10000,6,1020260512,3,3,4.0,50095,309912,0.00309912,0.7634190420000095,0.1184635839999828,0,0.0,15.0285,32.0,50341.04325888,5.034104325888,15.102312977664,0.11104444888977795,1.44e-06,1.6e-07,sparse,Random sampling,random_sampling,0.0533,0.8464568985849191,0.777127255031253,0.031010334000029616,0.21802354200002583,0.0001997499999788488,0.0895253749999938,0.30775470900005075,1.0654821623495574,0.7965010609051058,1.1896312929999908,3.3158469999998488,0.3419680419999622,13.905326843261719,771.53125,771.53125,0.0,,,,,,,0.01171137500000441,0.2062775409999631,159956.0,112165.0,0.7,217288.0,,,,,,,,,,,
10000,6,1020260512,3,3,4.0,50095,309912,0.00309912,0.7634190420000095,0.1184635839999828,0,0.0,15.0285,32.0,50341.04325888,5.034104325888,15.102312977664,0.11104444888977795,1.44e-06,1.6e-07,sparse,CountSketch random projection,countsketch_random_projection,0.0414,0.8796349374261382,0.8171922115781163,0.03193949999996448,0.40134029200004306,0.000391207999996368,0.08651758299998846,0.4882543329999862,0.9999377611843543,0.6809226865373925,1.3701317090000202,5.145599000000402,0.5233086249999701,41.45781135559082,771.53125,771.53125,0.0,,,,,,,,,,,,,0.0006922500000428045,163.0,38.0,84.0,0.0,0.003670833000001039,0.16969825000001038,0.18273629099996924,0.03424487500001305,0.009752666999986559,0.00047629099998403035
10000,7,1020260513,3,3,4.0,50728,313744,0.00313744,0.7943135840000082,0.12349774999995589,0,0.0,15.2184,33.0,50341.04325888,5.034104325888,15.102312977664,0.11104444888977795,1.44e-06,1.6e-07,sparse,Non-random,non_random,0.0182,0.9461459040544277,0.9059647818349792,0.036370999999974174,0.10501995799995711,0.00029816699998264085,0.08327841599998465,0.18860841600002232,1.0,0.6917144788832739,1.1064078749998885,2.1775149999998575,0.23031733300001633,10.851203918457031,771.53125,771.53125,0.0,,,,,,,,,,,,,,,,,,,,,,,
10000,7,1020260513,3,3,4.0,50728,313744,0.00313744,0.7943135840000082,0.12349774999995589,0,0.0,15.2184,33.0,50341.04325888,5.034104325888,15.102312977664,0.11104444888977795,1.44e-06,1.6e-07,sparse,Gaussian random projection,gaussian_random_projection,0.0395,0.88496802991845,0.8241967707136995,0.03260558299996319,0.4512654170000019,0.00037612500000250293,0.08129829099999597,0.5329450830000155,0.9999573369780314,0.6784267034358802,1.4507511669999644,5.2862990000003265,0.5690318750000074,53.78270244598389,771.53125,771.53125,0.0,0.019386916000030396,0.2178951249999841,0.17445820800003276,0.029246499999999287,0.009817041999951925,0.00039829100001043116,,,,,,,,,,,,,,,,,
10000,7,1020260513,3,3,4.0,50728,313744,0.00313744,0.7943135840000082,0.12349774999995589,0,0.0,15.2184,33.0,50341.04325888,5.034104325888,15.102312977664,0.11104444888977795,1.44e-06,1.6e-07,sparse,Random sampling,random_sampling,0.0557,0.8398654874850101,0.7695574325930754,0.03126358299999765,0.16364766599997438,0.00013745899997275046,0.08525604099997963,0.24904587499997888,1.0665112339027931,0.796832061453791,1.1668524999998908,2.9586380000000645,0.2834835000000453,14.079708099365234,771.53125,771.53125,0.0,,,,,,,0.011882083000045895,0.15174137499997187,161872.0,113601.0,0.7,220141.0,,,,,,,,,,,
10000,7,1020260513,3,3,4.0,50728,313744,0.00313744,0.7943135840000082,0.12349774999995589,0,0.0,15.2184,33.0,50341.04325888,5.034104325888,15.102312977664,0.11104444888977795,1.44e-06,1.6e-07,sparse,CountSketch random projection,countsketch_random_projection,0.0385,0.8878187795685881,0.8272878380977522,0.03130450000003293,0.3860610000000406,0.00037204100004828433,0.07723887500003457,0.4636762909999561,0.9999437347532408,0.678484481305858,1.3814832500000875,5.105497000000014,0.49810050000002093,41.501665115356445,771.53125,771.53125,0.0,,,,,,,,,,,,,0.0007009159999711301,163.0,42.0,82.0,0.0,0.0037661659999912445,0.1684944160000441,0.17566924999999856,0.029112708000013754,0.007860666999988553,0.00040529099999275786
10000,8,1020260514,3,3,4.0,50420,311946,0.00311946,0.7547501669999974,0.11873583400000598,0,0.0,15.126,31.0,50341.04325888,5.034104325888,15.102312977664,0.11104444888977795,1.44e-06,1.6e-07,sparse,Non-random,non_random,0.0182,0.9461319556047618,0.9059179806683169,0.03125566599999274,0.1041447919999996,0.00015945799998462462,0.08110729200001288,0.18541891600000326,0.9999999999999994,0.6926067993680298,1.0588975430000005,2.1717429999998785,0.22041191700003537,10.789474487304688,771.53125,771.53125,0.0,,,,,,,,,,,,,,,,,,,,,,,
10000,8,1020260514,3,3,4.0,50420,311946,0.00311946,0.7547501669999974,0.11873583400000598,0,0.0,15.126,31.0,50341.04325888,5.034104325888,15.102312977664,0.11104444888977795,1.44e-06,1.6e-07,sparse,Gaussian random projection,gaussian_random_projection,0.0347,0.8985933315634992,0.8410364239136018,0.030746582999995553,0.4437783749999653,0.0005593330000124297,0.08234541699999909,0.5266896249999604,0.9999492080346876,0.6830986023305046,1.4001691259999802,5.177935000000161,0.5607445410000196,53.762125968933105,771.53125,771.53125,0.0,0.018780499999991207,0.205794166999965,0.18020404100002452,0.029502166999975543,0.008733167000002595,0.0006816250000269974,,,,,,,,,,,,,,,,,
10000,8,1020260514,3,3,4.0,50420,311946,0.00311946,0.7547501669999974,0.11873583400000598,0,0.0,15.126,31.0,50341.04325888,5.034104325888,15.102312977664,0.11104444888977795,1.44e-06,1.6e-07,sparse,Random sampling,random_sampling,0.0536,0.8456577528454592,0.7763744837311807,0.03140216600002077,0.1617618750000247,0.00013270799996689675,0.08763304199999311,0.24953216699998393,1.0657385001753434,0.7957264395182085,1.123013625999988,2.767652999999882,0.2840473750000001,13.99586296081543,771.53125,771.53125,0.0,,,,,,,0.011858667000012701,0.1498812909999856,160973.0,112882.0,0.7,218754.0,,,,,,,,,,,
10000,8,1020260514,3,3,4.0,50420,311946,0.00311946,0.7547501669999974,0.11873583400000598,0,0.0,15.126,31.0,50341.04325888,5.034104325888,15.102312977664,0.11104444888977795,1.44e-06,1.6e-07,sparse,CountSketch random projection,countsketch_random_projection,0.0355,0.8963264031429043,0.8388155773990205,0.031363207999959286,0.3909168330000057,0.00037908299998434813,0.085483666000016,0.4767845420000185,0.9999438121111214,0.680690621363495,1.3502655830000094,5.119354999999814,0.5112507080000341,41.481088638305664,771.53125,771.53125,0.0,,,,,,,,,,,,,0.0007034999999859792,163.0,41.0,81.0,0.0,0.00392000000005055,0.16771095799998648,0.17930050000001074,0.029259125000010044,0.00929887500001314,0.0006657079999854432
10000,9,1020260515,3,3,4.0,50176,310312,0.00310312,0.750981749999994,0.11483333399996809,0,0.0,15.0528,33.0,50341.04325888,5.034104325888,15.102312977664,0.11104444888977795,1.44e-06,1.6e-07,sparse,Non-random,non_random,0.0165,0.9511009298978373,0.9133860928400243,0.03111420900000894,0.10562654199998178,0.0001481250000097134,0.07928137499999366,0.1850641249999967,1.0,0.6953537255901574,1.0508711259999473,2.157161999999971,0.22020545800000946,10.733375549316406,771.53125,771.53125,0.0,,,,,,,,,,,,,,,,,,,,,,,
10000,9,1020260515,3,3,4.0,50176,310312,0.00310312,0.750981749999994,0.11483333399996809,0,0.0,15.0528,33.0,50341.04325888,5.034104325888,15.102312977664,0.11104444888977795,1.44e-06,1.6e-07,sparse,Gaussian random projection,gaussian_random_projection,0.0395,0.8850803876105418,0.8245761898344931,0.031051167000043733,0.43406741600000487,0.0006292080000207534,0.07885287499999549,0.5135562909999862,0.9999478508963329,0.6795797463952186,1.3793645829999832,5.165527000000111,0.5481543749999673,53.74342632293701,771.53125,771.53125,0.0,0.01894870799998216,0.20203229100002318,0.17658058299997492,0.026426791999995203,0.00950941700000385,0.00046704200002523066,,,,,,,,,,,,,,,,,
10000,9,1020260515,3,3,4.0,50176,310312,0.00310312,0.750981749999994,0.11483333399996809,0,0.0,15.0528,33.0,50341.04325888,5.034104325888,15.102312977664,0.11104444888977795,1.44e-06,1.6e-07,sparse,Random sampling,random_sampling,0.053,0.8473046183115388,0.7780234875725556,0.030869582999969225,0.16260583299998643,0.00013579200003732694,0.0840580839999916,0.246804209000004,1.063706922685394,0.7981098247840593,1.1126147929999775,2.8856510000000526,0.2807878750000441,13.915265083312988,771.53125,771.53125,0.0,,,,,,,0.011811833000024308,0.1507717079999793,160156.0,112182.0,0.7,217357.0,,,,,,,,,,,
10000,9,1020260515,3,3,4.0,50176,310312,0.00310312,0.750981749999994,0.11483333399996809,0,0.0,15.0528,33.0,50341.04325888,5.034104325888,15.102312977664,0.11104444888977795,1.44e-06,1.6e-07,sparse,CountSketch random projection,countsketch_random_projection,0.0353,0.8968880534312195,0.8388942802955835,0.031360582999980124,0.3960674170000402,0.0003902089999883174,0.0812317079999616,0.4776942920000238,0.9999468265670778,0.6852106435432854,1.3435044179999522,5.083004000000074,0.5121554999999489,41.46238899230957,771.53125,771.53125,0.0,,,,,,,,,,,,,0.0006952500000352302,163.0,42.0,85.0,0.0,0.0036683339999967757,0.17556920800001308,0.17983462500001224,0.027139083999998093,0.008552291000000878,0.000545291999969777
10000,10,1020260516,3,3,4.0,50265,310954,0.00310954,0.7670790419999776,0.11673737499995696,0,0.0,15.0795,32.0,50341.04325888,5.034104325888,15.102312977664,0.11104444888977795,1.44e-06,1.6e-07,sparse,Non-random,non_random,0.0204,0.9397472415934323,0.8969648442702146,0.030769958999997016,0.10913341700000956,0.00015933299999915107,0.0771394580000333,0.18643954099997018,0.9999999999999997,0.6880366562792739,1.0702486249999765,2.0206759999996393,0.22073862499996721,10.755416870117188,771.53125,771.53125,0.0,,,,,,,,,,,,,,,,,,,,,,,
10000,10,1020260516,3,3,4.0,50265,310954,0.00310954,0.7670790419999776,0.11673737499995696,0,0.0,15.0795,32.0,50341.04325888,5.034104325888,15.102312977664,0.11104444888977795,1.44e-06,1.6e-07,sparse,Gaussian random projection,gaussian_random_projection,0.0441,0.8721227609519413,0.8085746689743144,0.031070249999970656,0.426567958000021,0.00046337500003801324,0.08254520899998852,0.5095829589999994,0.9999494957856927,0.6748553308565216,1.393392958999982,5.310942999999952,0.5439528750000022,53.750773429870605,771.53125,771.53125,0.0,0.018362874999979795,0.19382316700000501,0.17544920900002126,0.02821216600000298,0.010181374999945092,0.00045162500003925743,,,,,,,,,,,,,,,,,
10000,10,1020260516,3,3,4.0,50265,310954,0.00310954,0.7670790419999776,0.11673737499995696,0,0.0,15.0795,32.0,50341.04325888,5.034104325888,15.102312977664,0.11104444888977795,1.44e-06,1.6e-07,sparse,Random sampling,random_sampling,0.0618,0.8232581943199598,0.750977479883864,0.03101641699998936,0.1610194579999984,0.000129624999999578,0.09033470800000032,0.2514881669999909,1.0650667129978737,0.7944277466171813,1.1353002079999328,2.903214000000389,0.2857144999999832,13.946449279785156,771.53125,771.53125,0.0,,,,,,,0.011732499999993706,0.14926399999995965,160477.0,112460.0,0.7,217886.0,,,,,,,,,,,
10000,10,1020260516,3,3,4.0,50265,310954,0.00310954,0.7670790419999776,0.11673737499995696,0,0.0,15.0795,32.0,50341.04325888,5.034104325888,15.102312977664,0.11104444888977795,1.44e-06,1.6e-07,sparse,CountSketch random projection,countsketch_random_projection,0.0437,0.8732159561388533,0.8094789308098118,0.030522375000032298,0.3796961669999632,0.0005906670000399572,0.08231495899997299,0.4626109580000275,0.9999533098152612,0.6758445452735643,1.3464182099999107,5.0818819999999505,0.4962309160000018,41.469736099243164,771.53125,771.53125,0.0,,,,,,,,,,,,,0.00070037500000808,163.0,35.0,80.0,0.0,0.0036216660000150114,0.16226158300003135,0.17541566699998157,0.028244832999973823,0.008961457999987488,0.00041516700002830476
