rho_n,rep,seed,n,K,m,num_hyperedges_total,theta_nnz,theta_density,generation_wall_sec,hypergraph_laplacian_build_wall_sec,num_isolated_nodes,isolated_fraction,hypergraph_degree_mean,hypergraph_degree_max,expected_hyperedges_total,expected_hyperedges_per_n,expected_degree_mean,candidate_within_fraction,p_in,p_out,sampling_mode,method,method_key,misclassification_rate,ARI,NMI,metric_wall_sec,non_random_eigensolver,eigen_decomposition_wall_sec,embedding_normalize_wall_sec,kmeans_wall_sec,spectral_clustering_wall_sec,top_eigenvalue_max,top_eigenvalue_min,algorithm_total_wall_sec,cpu_time_sec,wall_clock_sec,peak_traced_memory_mb,rss_before_mb,rss_after_mb,rss_delta_mb,rp_draw_omega_sec,rp_power_iter_sec,rp_qr_sec,rp_build_core_sec,rp_small_eig_sec,rp_core_eigensolver,rp_lift_sec,rs_sample_matrix_wall_sec,rs_eigensolver,rs_eig_wall_sec,rs_original_upper_nnz,rs_sampled_upper_nnz,rs_sampling_probability,rs_sampled_theta_nnz,cs_draw_hash_sec,cs_embedding_dim,cs_bucket_min_load,cs_bucket_max_load,cs_empty_buckets,cs_initial_multiply_sec,cs_power_iter_sec,cs_qr_sec,cs_build_core_sec,cs_small_eig_sec,cs_core_eigensolver,cs_lift_sec,cs_hash_seed,cs_sparse_explicit_sketch_sec
2.0,1,220260507,5000,3,3,12385,79147,0.00316588,0.1632680000038817,0.0199398000258952,1,0.0002,7.431,19.0,12577.9321472,2.5155864294400003,7.54675928832,0.1109777955591118,2.88e-06,3.2e-07,sparse,Non-random,non_random,0.1018,0.7178532670602344,0.6366806377320954,0.0340738999657332,eigsh,0.0103349999990314,0.0001318000722676,0.0620883998926728,0.0725614000111818,1.000000000000001,0.7438616954635352,0.2557629999937489,0.984375,0.1085808000061661,2.766521453857422,,,,,,,,,,,,,,,,,,,,,,,,,,,,,,,
2.0,1,220260507,5000,3,3,12385,79147,0.00316588,0.06943187498836778,0.0137649579992285,1,0.0002,7.431,19.0,12577.932147200001,2.5155864294400003,7.5467592883200005,0.11097779555911182,2.88e-06,3.2e-07,sparse,Gaussian random projection,gaussian_random_projection,0.1376,0.6299550169818419,0.5498006253030229,0.026692624989664182,,0.10307575001206715,0.0003012500092154369,0.213905208001961,0.31728612500592135,0.9997230795454973,0.7327277984863022,0.40047904101083986,2.9075520000000097,0.34482391699566506,26.20557689666748,661.875,661.875,0.0,0.0034756660024868324,0.027475459006382152,0.0495868340076413,0.01597758299612906,0.0035044579999521375,eigsh,0.0018925420008599758,,,,,,,,,,,,,,,,,,,,,
2.0,1,220260507,5000,3,3,12385,79147,0.00316588,0.1632680000038817,0.0199398000258952,1,0.0002,7.431,19.0,12577.9321472,2.5155864294400003,7.54675928832,0.1109777955591118,2.88e-06,3.2e-07,sparse,Random sampling,random_sampling,0.2976,0.3163054037783102,0.2715438790735514,0.0322436999995261,,0.0283837000606581,8.519995026290417e-05,0.0945076999487355,0.1229826000053435,1.0829248318237377,0.8823320869689033,0.3061843999894336,1.28125,0.1570575999794528,3.660078048706055,,,,,,,,,,,0.0033048000186681,eigsh,0.02506060001906,42073.0,29614.0,0.7,55659.0,,,,,,,,,,,,,,
2.0,1,220260507,5000,3,3,12385,79147,0.00316588,0.1742262500000038,0.0281857920000447,1,0.0002,7.431,19.0,12577.9321472,2.5155864294400003,7.54675928832,0.1109777955591118,2.88e-06,3.2e-07,sparse,CountSketch random projection,countsketch_random_projection,0.1462,0.6095293122606676,0.529904067451197,0.0192112500000121,,0.1512359170000081,0.000224084000024,0.0930187920000094,0.244484084000021,0.999778413937728,0.7296511963658321,0.4468908350000902,2.155610000000024,0.2651738749999595,20.93106460571289,609.9453125,609.9453125,0.0,,,,,,,,,,,,,,,0.0003731660000312,163.0,16.0,43.0,0.0,0.0021675419999951,0.0409017500000459,0.0934280419999709,0.009604333000027,0.0044377500000223,eigsh,0.0002721249999808,3189182342.0,0.0021675419999951
2.0,2,220260508,5000,3,3,12686,80926,0.00323704,0.1930003999732434,0.0197960999794304,4,0.0008,7.6116,18.0,12577.9321472,2.5155864294400003,7.54675928832,0.1109777955591118,2.88e-06,3.2e-07,sparse,Non-random,non_random,0.098,0.7274887701318632,0.6465547321063757,0.0344199000392109,eigsh,0.0092925999779254,0.000105099985376,0.0607182000530883,0.0701227000681683,1.0,0.7406933508054796,0.2829123999690637,1.015625,0.1058319999137893,2.819125175476074,,,,,,,,,,,,,,,,,,,,,,,,,,,,,,,
2.0,2,220260508,5000,3,3,12686,80926,0.00323704,0.0758569589961553,0.013670375003130175,4,0.0008,7.6116,18.0,12577.932147200001,2.5155864294400003,7.5467592883200005,0.11097779555911182,2.88e-06,3.2e-07,sparse,Gaussian random projection,gaussian_random_projection,0.1342,0.6377626737691671,0.5567966788641787,0.02866258299036417,,0.10257791700132657,0.0002956249954877421,0.2203928340022685,0.3232727909926325,0.9997508163828589,0.7267588481135325,0.4127937099983683,3.207565999999929,0.3529246669932036,26.225687980651855,661.875,661.875,0.0,0.0034245000133523718,0.028069541993318126,0.05592237500241026,0.009153792008874007,0.0025252079940401018,eigsh,0.0019298750121379271,,,,,,,,,,,,,,,,,,,,,
2.0,2,220260508,5000,3,3,12686,80926,0.00323704,0.1930003999732434,0.0197960999794304,4,0.0008,7.6116,18.0,12577.9321472,2.5155864294400003,7.54675928832,0.1109777955591118,2.88e-06,3.2e-07,sparse,Random sampling,random_sampling,0.2564,0.3799886859833307,0.3235222189733584,0.0334890999365597,,0.0240671000210568,8.320005144923925e-05,0.0800487000960856,0.1042044999776408,1.0737559049885264,0.8710901955442918,0.3169955001212656,1.234375,0.1394296999787911,3.723897933959961,,,,,,,,,,,0.0034103000070899,eigsh,0.0206409000093117,42961.0,29982.0,0.7,56524.0,,,,,,,,,,,,,,
2.0,2,220260508,5000,3,3,12686,80926,0.00323704,0.1857435830000326,0.0279452090000518,4,0.0008,7.6116,18.0,12577.9321472,2.5155864294400003,7.54675928832,0.1109777955591118,2.88e-06,3.2e-07,sparse,CountSketch random projection,countsketch_random_projection,0.1386,0.6273231440409257,0.5465376011628232,0.0176802919999659,,0.1386342499999955,0.0002074170000128,0.0903930419999596,0.2292393749999632,0.999739530920032,0.7284729391662296,0.4429235010000525,2.1445979999999736,0.2484058340000388,20.969406127929688,609.953125,609.953125,0.0,,,,,,,,,,,,,,,0.0003693340000268,163.0,17.0,45.0,0.0,0.00214704199999,0.0367968329999826,0.0865549170000008,0.0084240420000014,0.0039649160000294,eigsh,0.0003353749999632,1848652628.0,0.00214704199999
2.0,3,220260509,5000,3,3,12797,81615,0.0032646,0.1825117999687791,0.0199226000113412,7,0.0014,7.6782,18.0,12577.9321472,2.5155864294400003,7.54675928832,0.1109777955591118,2.88e-06,3.2e-07,sparse,Non-random,non_random,0.1102,0.6966203361752926,0.6148148414197822,0.0356309000635519,eigsh,0.0125046999892219,0.0001126999268308,0.0622450000373646,0.0748690000036731,1.0000000000000009,0.7378033580706385,0.2772967999335378,1.0,0.1123197999550029,2.842780113220215,,,,,,,,,,,,,,,,,,,,,,,,,,,,,,,
2.0,3,220260509,5000,3,3,12797,81615,0.0032646,0.0824937500001397,0.01391900000453461,7,0.0014,7.6782,18.0,12577.932147200001,2.5155864294400003,7.5467592883200005,0.11097779555911182,2.88e-06,3.2e-07,sparse,Gaussian random projection,gaussian_random_projection,0.169,0.5571499269956821,0.48027019354070655,0.017296874997555278,,0.1114088750036899,0.00010395899880677462,0.25044791601249017,0.36196516700147185,0.9997822243340193,0.7201694738846082,0.45837350001966115,3.109961999999996,0.3801688749954337,26.23352336883545,661.875,661.875,0.0,0.003488792004645802,0.031310542006394826,0.06430995800474193,0.006940291990758851,0.0015700000076321885,eigsh,0.002704667000216432,,,,,,,,,,,,,,,,,,,,,
2.0,3,220260509,5000,3,3,12797,81615,0.0032646,0.1825117999687791,0.0199226000113412,7,0.0014,7.6782,18.0,12577.9321472,2.5155864294400003,7.54675928832,0.1109777955591118,2.88e-06,3.2e-07,sparse,Random sampling,random_sampling,0.5644,0.021140733669017,0.0353785984540941,0.0332754000555723,,0.0207742000930011,8.290004916489124e-05,0.116794400033541,0.137657199986279,1.0753572062711307,0.876411443392287,0.3400859001558274,1.3125,0.1728787999600172,3.762871742248535,,,,,,,,,,,0.003510299953632,eigsh,0.0172486000228673,43304.0,30374.0,0.7,57242.0,,,,,,,,,,,,,,
2.0,3,220260509,5000,3,3,12797,81615,0.0032646,0.1805047500000114,0.0276077500000155,7,0.0014,7.6782,18.0,12577.9321472,2.5155864294400003,7.54675928832,0.1109777955591118,2.88e-06,3.2e-07,sparse,CountSketch random projection,countsketch_random_projection,0.1518,0.5962666249357705,0.5170310046856754,0.0178000000000224,,0.1446478330000218,0.0002249169999686,0.092802000000006,0.2376806670000064,0.9997719627356716,0.7240669613298609,0.4457872500000235,2.148527999999942,0.256864500000006,20.985240936279297,609.953125,609.97265625,0.01953125,,,,,,,,,,,,,,,0.0003362919999858,163.0,19.0,49.0,0.0,0.0020301669999867,0.0390710839999997,0.0897237080000081,0.0089483749999885,0.0041040000000407,eigsh,0.0003877089999946,4158739.0,0.0020301669999867
2.0,4,220260510,5000,3,3,12666,80835,0.0032334,0.180695499991998,0.0203650000039488,1,0.0002,7.5996,21.0,12577.9321472,2.5155864294400003,7.54675928832,0.1109777955591118,2.88e-06,3.2e-07,sparse,Non-random,non_random,0.1082,0.7016401885346546,0.6198785939877373,0.0323103999253362,eigsh,0.0099248000187799,9.480002336204052e-05,0.0613354999804869,0.0713619999587535,0.9999999999999996,0.739148498232313,0.2724156000185758,0.921875,0.1049855999881401,2.816000938415528,,,,,,,,,,,,,,,,,,,,,,,,,,,,,,,
2.0,4,220260510,5000,3,3,12666,80835,0.0032334,0.0765821670065634,0.013822749999235384,1,0.0002,7.5996,21.0,12577.932147200001,2.5155864294400003,7.5467592883200005,0.11097779555911182,2.88e-06,3.2e-07,sparse,Gaussian random projection,gaussian_random_projection,0.153,0.5937998843437502,0.5149790494744895,0.016013500004191883,,0.10016129100404214,0.00172341700817924,0.2740611670014914,0.3759523749904474,0.9996979409856925,0.7230182444291617,0.4663507920195116,3.5631120000000465,0.39285216700227465,26.224696159362793,661.875,660.875,-1.0,0.0037366670003393665,0.0356141249940265,0.04688812499807682,0.008882874986738898,0.003111625002929941,eigsh,0.0006057919963495806,,,,,,,,,,,,,,,,,,,,,
2.0,4,220260510,5000,3,3,12666,80835,0.0032334,0.180695499991998,0.0203650000039488,1,0.0002,7.5996,21.0,12577.9321472,2.5155864294400003,7.54675928832,0.1109777955591118,2.88e-06,3.2e-07,sparse,Random sampling,random_sampling,0.4672,0.13906187352868,0.1392720178252199,0.0321892999345436,,0.0225401999196037,7.890001870691776e-05,0.1012278000125661,0.1238527999958023,1.0798417825200857,0.8791927775101376,0.3249073999468237,1.46875,0.157789200078696,3.734945297241211,,,,,,,,,,,0.0034135000314563,eigsh,0.0191122000105679,42917.0,30182.0,0.7,56882.0,,,,,,,,,,,,,,
2.0,4,220260510,5000,3,3,12666,80835,0.0032334,0.1820164169999998,0.0284822499999677,1,0.0002,7.5996,21.0,12577.9321472,2.5155864294400003,7.54675928832,0.1109777955591118,2.88e-06,3.2e-07,sparse,CountSketch random projection,countsketch_random_projection,0.146,0.60991688402216,0.5300365781595175,0.0176334590000237,,0.1448989999999526,0.000211084,0.095893999999987,0.2410087499999917,0.9997395384457006,0.727062652159605,0.4515027509999072,2.1716949999999997,0.2600930840000046,20.96695899963379,609.97265625,609.97265625,0.0,,,,,,,,,,,,,,,0.0003652080000051,163.0,17.0,48.0,0.0,0.0020907919999899,0.0392785419999768,0.089600541999971,0.0096479580000163,0.0036686249999888,eigsh,0.000204583000027,1433331240.0,0.0020907919999899
2.0,5,220260511,5000,3,3,12571,80272,0.00321088,0.1805536000756546,0.0209674999350681,2,0.0004,7.5426,22.0,12577.9321472,2.5155864294400003,7.54675928832,0.1109777955591118,2.88e-06,3.2e-07,sparse,Non-random,non_random,0.1042,0.7117116739099262,0.6303170930567413,0.0323565000435337,eigsh,0.0095160999335348,0.000108000007458,0.0613943999633193,0.0710251999553293,0.9999999999999992,0.7410274530589468,0.272539599915035,0.875,0.1046448000706732,2.796671867370605,,,,,,,,,,,,,,,,,,,,,,,,,,,,,,,
2.0,5,220260511,5000,3,3,12571,80272,0.00321088,0.07277787500061095,0.01577866601292044,2,0.0004,7.5426,22.0,12577.932147200001,2.5155864294400003,7.5467592883200005,0.11097779555911182,2.88e-06,3.2e-07,sparse,Gaussian random projection,gaussian_random_projection,0.1454,0.6112053952649584,0.5309238308981933,0.024443208996672183,,0.10908716700214427,0.0007296660041902214,0.23671058400941547,0.34653320800862275,0.9997429227538865,0.7263532296410801,0.43508395802928135,3.437950999999998,0.3718712090048939,26.218053817749023,660.875,660.875,0.0,0.0034328330075368285,0.03228612500242889,0.06006333300319966,0.009386083009303547,0.0020534159993985668,eigsh,0.001319916991633363,,,,,,,,,,,,,,,,,,,,,
2.0,5,220260511,5000,3,3,12571,80272,0.00321088,0.1805536000756546,0.0209674999350681,2,0.0004,7.5426,22.0,12577.9321472,2.5155864294400003,7.54675928832,0.1109777955591118,2.88e-06,3.2e-07,sparse,Random sampling,random_sampling,0.4168,0.2035786434157294,0.2078222684418486,0.032106899889186,,0.0192171999951824,0.0001168999588117,0.1118072000099346,0.1311485000187531,1.0725641708090694,0.8725693612156534,0.3326623999746516,1.625,0.1650743000209331,3.689715385437012,,,,,,,,,,,0.0032139000250026,eigsh,0.0159838999388739,42635.0,29689.0,0.7,55900.0,,,,,,,,,,,,,,
2.0,5,220260511,5000,3,3,12571,80272,0.00321088,0.1860793750000198,0.0280269589999875,2,0.0004,7.5426,22.0,12577.9321472,2.5155864294400003,7.54675928832,0.1109777955591118,2.88e-06,3.2e-07,sparse,CountSketch random projection,countsketch_random_projection,0.1576,0.5828692838600384,0.5043264562701671,0.017704832999982,,0.1513630829999783,0.0002064580000364,0.0926697909999916,0.2442441250000229,0.9997697206728312,0.7250903359010188,0.4583456660000138,2.1233539999999493,0.2635042500000395,20.953704833984375,609.97265625,609.97265625,0.0,,,,,,,,,,,,,,,0.0003967910000142,163.0,18.0,44.0,0.0,0.0022872499999948,0.0394428749999633,0.0935272909999866,0.0116501250000169,0.0036606660000302,eigsh,0.0003533340000103,2731340753.0,0.0022872499999948
2.0,6,220260512,5000,3,3,12611,80517,0.00322068,0.1748737000161782,0.0194406000664457,3,0.0006,7.5666,19.0,12577.9321472,2.5155864294400003,7.54675928832,0.1109777955591118,2.88e-06,3.2e-07,sparse,Non-random,non_random,0.1016,0.7182534646235871,0.6379052707907849,0.0322573999874293,eigsh,0.0141856999834999,0.0001006000675261,0.0646254000021144,0.0789185999892652,1.0000000000000009,0.7420538998747699,0.2732260001357645,0.90625,0.1130003000143915,2.8050832748413086,,,,,,,,,,,,,,,,,,,,,,,,,,,,,,,
2.0,6,220260512,5000,3,3,12611,80517,0.00322068,0.07715166700654663,0.01319429099385161,3,0.0006,7.5666,19.0,12577.932147200001,2.5155864294400003,7.5467592883200005,0.11097779555911182,2.88e-06,3.2e-07,sparse,Gaussian random projection,gaussian_random_projection,0.1624,0.5724677873157767,0.49534529283798556,0.01473429100587964,,0.09733812499325722,0.00010433299758005887,0.2679209999914747,0.36536741598683875,0.9997694487053966,0.7227095149072936,0.4557094159827102,3.4535050000000638,0.3810016669885954,26.221007347106934,660.875,660.875,0.0,0.0035734160046558827,0.0327627500082599,0.05003450000367593,0.00694350000412669,0.0015866670000832528,eigsh,0.0013466669915942475,,,,,,,,,,,,,,,,,,,,,
2.0,6,220260512,5000,3,3,12611,80517,0.00322068,0.1748737000161782,0.0194406000664457,3,0.0006,7.5666,19.0,12577.9321472,2.5155864294400003,7.54675928832,0.1109777955591118,2.88e-06,3.2e-07,sparse,Random sampling,random_sampling,0.2234,0.4420484759278485,0.3766600866882922,0.0334123000502586,,0.0294444999890401,9.61999176070094e-05,0.0741417000535875,0.1036882000043988,1.0829838173518995,0.8731459501174178,0.2979967000428587,1.234375,0.1388293999480083,3.725323677062988,,,,,,,,,,,0.0033331000013276,eigsh,0.0260941000888124,42757.0,30141.0,0.7,56780.0,,,,,,,,,,,,,,
2.0,6,220260512,5000,3,3,12611,80517,0.00322068,0.1754614579999724,0.0267878330000144,3,0.0006,7.5666,19.0,12577.9321472,2.5155864294400003,7.54675928832,0.1109777955591118,2.88e-06,3.2e-07,sparse,CountSketch random projection,countsketch_random_projection,0.1332,0.6403563264517875,0.5594802074164398,0.0173930829999449,,0.140333666999993,0.0002022500000293,0.0882701669999619,0.2288112080000246,0.999784410930742,0.7304218265547217,0.4310553749999712,2.059261000000106,0.2475873340000021,20.961498260498047,609.99609375,609.99609375,0.0,,,,,,,,,,,,,,,0.0003457089999869,163.0,17.0,46.0,0.0,0.002043292000053,0.0370031250000124,0.0890707080000083,0.0080077499999902,0.003632959000015,eigsh,0.0001929580000137,4158453344.0,0.002043292000053
2.0,7,220260513,5000,3,3,12581,80324,0.00321296,0.1806585999438539,0.0196610999992117,8,0.0016,7.5486,18.0,12577.9321472,2.5155864294400003,7.54675928832,0.1109777955591118,2.88e-06,3.2e-07,sparse,Non-random,non_random,0.1052,0.7093277267101243,0.6285287252113615,0.0331761999987065,eigsh,0.0093668999616056,9.029998909682035e-05,0.0626144000561907,0.0720779999392107,0.9999999999999988,0.7407613414762582,0.2723912999499589,0.890625,0.1067028000252321,2.798457145690918,,,,,,,,,,,,,,,,,,,,,,,,,,,,,,,
2.0,7,220260513,5000,3,3,12581,80324,0.00321296,0.07207412499701604,0.01838349999161437,8,0.0016,7.5486,18.0,12577.932147200001,2.5155864294400003,7.5467592883200005,0.11097779555911182,2.88e-06,3.2e-07,sparse,Gaussian random projection,gaussian_random_projection,0.1398,0.624525502254811,0.5439300289717882,0.023342166998190805,,0.11172524999710731,0.0004071660077897832,0.25152891599282157,0.36366824999277014,0.9997554416691834,0.7284862664000264,0.4541189569863491,3.496473999999921,0.38803675000963267,26.218649864196777,660.875,667.109375,6.234375,0.004679874997236766,0.02976887499971781,0.056980250010383315,0.016114416008349508,0.002646749999257736,eigsh,0.00027804200362879783,,,,,,,,,,,,,,,,,,,,,
2.0,7,220260513,5000,3,3,12581,80324,0.00321296,0.1806585999438539,0.0196610999992117,8,0.0016,7.5486,18.0,12577.9321472,2.5155864294400003,7.54675928832,0.1109777955591118,2.88e-06,3.2e-07,sparse,Random sampling,random_sampling,0.3716,0.2319826683164422,0.2260796288480314,0.0316714000655338,,0.0210620999569073,7.690000347793102e-05,0.1041364000411704,0.1252809999277815,1.074300907675216,0.8752569974980432,0.3255950999446213,1.5,0.1586985000176355,3.689014434814453,,,,,,,,,,,0.0032510000746697,eigsh,0.0177967000054195,42658.0,29675.0,0.7,55846.0,,,,,,,,,,,,,,
2.0,7,220260513,5000,3,3,12581,80324,0.00321296,0.1745814579999773,0.0274092499999483,8,0.0016,7.5486,18.0,12577.9321472,2.5155864294400003,7.54675928832,0.1109777955591118,2.88e-06,3.2e-07,sparse,CountSketch random projection,countsketch_random_projection,0.1536,0.5921145813517034,0.5132161262187963,0.0179501249999702,,0.1385210420000362,0.0002003750000199,0.0915346250000084,0.2302623329999846,0.9996913923737532,0.7261394081567214,0.4322467499999902,2.108322000000044,0.2496484580000242,20.955799102783203,609.99609375,610.0,0.00390625,,,,,,,,,,,,,,,0.0003392080000139,163.0,16.0,50.0,0.0,0.0021027909999702,0.0367374579999477,0.0862323750000086,0.0090982080000117,0.0036359999999717,eigsh,0.0003367500000308,3829177339.0,0.0021027909999702
2.0,8,220260514,5000,3,3,12614,80546,0.00322184,0.1758073000237345,0.0198516999371349,2,0.0004,7.5684,19.0,12577.9321472,2.5155864294400003,7.54675928832,0.1109777955591118,2.88e-06,3.2e-07,sparse,Non-random,non_random,0.0874,0.7548277789657664,0.6763300298472386,0.0340091999387368,eigsh,0.0092495999997481,7.979990914463997e-05,0.0603348000440746,0.0696696999948471,1.0000000000000009,0.7457001940759538,0.265323199913837,0.796875,0.1049680000869557,2.8060789108276367,,,,,,,,,,,,,,,,,,,,,,,,,,,,,,,
2.0,8,220260514,5000,3,3,12614,80546,0.00322184,0.07173245800368022,0.01404362499306444,2,0.0004,7.5684,19.0,12577.932147200001,2.5155864294400003,7.5467592883200005,0.11097779555911182,2.88e-06,3.2e-07,sparse,Gaussian random projection,gaussian_random_projection,0.1374,0.6302964569461614,0.5498549293652973,0.014375667000422254,,0.10715741699095815,0.0006848750053904951,0.2735342079977272,0.381380791994161,0.999733348608645,0.7312510889758055,0.4671525829908205,3.5495519999999487,0.396650958005921,26.22158718109131,667.109375,667.109375,0.0,0.004525874988758005,0.02817212500667665,0.06072479099384509,0.01002637499186676,0.002617792008095421,eigsh,0.0003100419999100268,,,,,,,,,,,,,,,,,,,,,
2.0,8,220260514,5000,3,3,12614,80546,0.00322184,0.1758073000237345,0.0198516999371349,2,0.0004,7.5684,19.0,12577.9321472,2.5155864294400003,7.54675928832,0.1109777955591118,2.88e-06,3.2e-07,sparse,Random sampling,random_sampling,0.2352,0.4208200480526787,0.3594990652310295,0.0321440000552684,,0.0255765999900177,8.380005601793528e-05,0.0764060999499633,0.1020723000401631,1.0758338532354357,0.872011721698067,0.2977254999568686,1.296875,0.1359583999728784,3.706685066223145,,,,,,,,,,,0.0033310999860987,eigsh,0.0222302000038325,42772.0,29870.0,0.7,56225.0,,,,,,,,,,,,,,
2.0,8,220260514,5000,3,3,12614,80546,0.00322184,0.1742608750000158,0.0275890419999882,2,0.0004,7.5684,19.0,12577.9321472,2.5155864294400003,7.54675928832,0.1109777955591118,2.88e-06,3.2e-07,sparse,CountSketch random projection,countsketch_random_projection,0.133,0.6406341951426794,0.5597551421107959,0.0190501669999889,,0.143920874999992,0.0002266250000388,0.0943140420000077,0.238468083999976,0.9997357092444034,0.7309381881603471,0.4403114590000427,2.161234000000036,0.2589676659999895,20.96338653564453,610.0,610.05078125,0.05078125,,,,,,,,,,,,,,,0.0003419999999891,163.0,15.0,43.0,0.0,0.0020862920000013,0.03821179199997,0.0897551670000211,0.0087310829999864,0.0043686249999836,eigsh,0.0003812919999859,1861684268.0,0.0020862920000013
2.0,9,220260515,5000,3,3,12656,80767,0.00323068,0.1785393999889493,0.0197836000006645,3,0.0006,7.5936,20.0,12577.9321472,2.5155864294400003,7.54675928832,0.1109777955591118,2.88e-06,3.2e-07,sparse,Non-random,non_random,0.1066,0.7056582991230504,0.6241085988184829,0.0321144999470561,eigsh,0.0099805999780073,9.450002107769252e-05,0.0601429000962525,0.0702243999112397,1.0000000000000004,0.7370573972224016,0.2685410000849515,0.8125,0.1036480999318882,2.813666343688965,,,,,,,,,,,,,,,,,,,,,,,,,,,,,,,
2.0,9,220260515,5000,3,3,12656,80767,0.00323068,0.07334862499556039,0.012965292000444606,3,0.0006,7.5936,20.0,12577.932147200001,2.5155864294400003,7.5467592883200005,0.11097779555911182,2.88e-06,3.2e-07,sparse,Gaussian random projection,gaussian_random_projection,0.1534,0.5927431759600392,0.5136812710605118,0.015559208011836745,,0.1065652920078719,0.0004581669927574694,0.27407354199385736,0.381102708997787,0.9997665869954495,0.7192677214151533,0.4674109179904917,3.6593279999999595,0.3975027080014115,26.223868370056152,667.109375,667.109375,0.0,0.003686124997329898,0.029536166999605484,0.061116084005334415,0.008190874999854714,0.0024475829995935783,eigsh,0.0003154580044792965,,,,,,,,,,,,,,,,,,,,,
2.0,9,220260515,5000,3,3,12656,80767,0.00323068,0.1785393999889493,0.0197836000006645,3,0.0006,7.5936,20.0,12577.9321472,2.5155864294400003,7.54675928832,0.1109777955591118,2.88e-06,3.2e-07,sparse,Random sampling,random_sampling,0.4176,0.171165197700314,0.1749309496948372,0.03236939990893,,0.0278848999878391,8.700008038431406e-05,0.0954817999154329,0.1234600000316277,1.076991988017178,0.8768181232576868,0.3217766999732703,1.390625,0.1575983000220731,3.7127180099487305,,,,,,,,,,,0.0033131999662145,eigsh,0.0245563000207766,42882.0,29902.0,0.7,56270.0,,,,,,,,,,,,,,
2.0,9,220260515,5000,3,3,12656,80767,0.00323068,0.1811527920000344,0.0279513339999653,3,0.0006,7.5936,20.0,12577.9321472,2.5155864294400003,7.54675928832,0.1109777955591118,2.88e-06,3.2e-07,sparse,CountSketch random projection,countsketch_random_projection,0.1466,0.6083636598088862,0.5286832835801158,0.0179076249999639,,0.1455464999999662,0.0003692089999844,0.0984772500000303,0.2443995419999964,0.9997614204228604,0.7207532813419569,0.4534970849999808,2.167687000000001,0.2637398749999988,20.96544647216797,610.05078125,610.05078125,0.0,,,,,,,,,,,,,,,0.0003656669999827,163.0,16.0,55.0,0.0,0.0020767500000147,0.0396784999999795,0.0898885420000397,0.0094011669999645,0.0036936669999931,eigsh,0.0003652089999945,3078630681.0,0.0020767500000147
2.0,10,220260516,5000,3,3,12619,80540,0.0032216,0.1752004000591114,0.0198467000154778,2,0.0004,7.5714,19.0,12577.9321472,2.5155864294400003,7.54675928832,0.1109777955591118,2.88e-06,3.2e-07,sparse,Non-random,non_random,0.1098,0.6977446069038507,0.6162283598566957,0.0344967999262735,eigsh,0.0093160999240353,7.880001794546843e-05,0.0607059999601915,0.0701064999448135,0.9999999999999996,0.7376435228673227,0.2651479999767616,1.015625,0.1059107000473886,2.805872917175293,,,,,,,,,,,,,,,,,,,,,,,,,,,,,,,
2.0,10,220260516,5000,3,3,12619,80540,0.0032216,0.07667079199745785,0.015125792007893324,2,0.0004,7.5714,19.0,12577.932147200001,2.5155864294400003,7.5467592883200005,0.11097779555911182,2.88e-06,3.2e-07,sparse,Gaussian random projection,gaussian_random_projection,0.1524,0.5952152066655555,0.5164107624811677,0.023343749999185093,,0.10165504200267605,0.0005314999871188775,0.24051237500680145,0.34270624999771826,0.9997708317690684,0.7231692260314099,0.43449550100194756,3.3034790000000385,0.3669169589993544,26.22122097015381,667.109375,667.109375,0.0,0.003419250002480112,0.0332804159988882,0.051774375009699725,0.007257457997184247,0.004188124992651865,eigsh,0.00034545800008345395,,,,,,,,,,,,,,,,,,,,,
2.0,10,220260516,5000,3,3,12619,80540,0.0032216,0.1752004000591114,0.0198467000154778,2,0.0004,7.5714,19.0,12577.9321472,2.5155864294400003,7.54675928832,0.1109777955591118,2.88e-06,3.2e-07,sparse,Random sampling,random_sampling,0.4072,0.1639112761547123,0.1506015988720557,0.0333930000197142,,0.0371244000270962,0.0001065999967977,0.0940746000269427,0.1313119000988081,1.0747631719272348,0.871867114211867,0.326352700125426,1.484375,0.1666079999413341,3.7076826095581055,,,,,,,,,,,0.0039995000697672,eigsh,0.0331053000409156,42769.0,29869.0,0.7,56269.0,,,,,,,,,,,,,,
2.0,10,220260516,5000,3,3,12619,80540,0.0032216,0.1867867920000208,0.0271708750000243,2,0.0004,7.5714,19.0,12577.9321472,2.5155864294400003,7.54675928832,0.1109777955591118,2.88e-06,3.2e-07,sparse,CountSketch random projection,countsketch_random_projection,0.1578,0.5827934262589786,0.5050333534088499,0.0176713339999992,,0.1415879159999917,0.0002061659999981,0.1028735419999975,0.2446729589999563,0.9997348277647264,0.7213281572548703,0.4586252910000326,2.1534110000000055,0.263784625000028,20.96081161499023,610.05078125,610.05078125,0.0,,,,,,,,,,,,,,,0.0003422089999958,163.0,14.0,44.0,0.0,0.0021058749999838,0.0372904170000083,0.0885691249999922,0.0090254579999964,0.0038716250000447,eigsh,0.0003382920000376,3771478782.0,0.0021058749999838
4.0,1,420260507,5000,3,3,25282,156032,0.00624128,0.3375615999102592,0.0412618000991642,0,0.0,15.1692,29.0,25155.8642944,5.031172858880001,15.09351857664,0.1109777955591118,5.76e-06,6.4e-07,sparse,Non-random,non_random,0.012,0.9643083505555604,0.9340251770277048,0.0348516000667586,eigsh,0.0094967000186443,0.000120099983178,0.0516859999625012,0.0613104000221937,0.9999999999999994,0.6942559661634053,0.4401261999737471,0.890625,0.0988032999448478,5.397685050964356,,,,,,,,,,,,,,,,,,,,,,,,,,,,,,,
4.0,1,420260507,5000,3,3,25282,156032,0.00624128,0.15234937499917578,0.0277951669995673,0,0.0,15.1692,29.0,25155.864294400002,5.031172858880001,15.093518576640001,0.11097779555911182,5.76e-06,6.4e-07,sparse,Gaussian random projection,gaussian_random_projection,0.0206,0.939156881793418,0.8964046417799135,0.021138833995792083,,0.1361835410061758,0.0006831250066170469,0.1736898749950342,0.3105608749901876,0.9999737235729069,0.6896920557022751,0.4907010830065701,2.5517690000000357,0.33352112499414943,27.08535671234131,667.109375,667.109375,0.0,0.0035142910055583343,0.051672083005541936,0.050666875002207235,0.025561583999660797,0.0021619579929392785,eigsh,0.001700791995972395,,,,,,,,,,,,,,,,,,,,,
4.0,1,420260507,5000,3,3,25282,156032,0.00624128,0.3375615999102592,0.0412618000991642,0,0.0,15.1692,29.0,25155.8642944,5.031172858880001,15.09351857664,0.1109777955591118,5.76e-06,6.4e-07,sparse,Random sampling,random_sampling,0.0474,0.8628358375520022,0.7971058176001135,0.033681400003843,,0.0157741999719291,0.0001941000809893,0.0547587999608367,0.0707330000586807,1.069914932615463,0.7965550951374721,0.4495505000231787,1.140625,0.1081241000210866,7.053763389587402,,,,,,,,,,,0.0052559999749064,eigsh,0.0102039000485092,80516.0,56760.0,0.7,109977.0,,,,,,,,,,,,,,
4.0,1,420260507,5000,3,3,25282,156032,0.00624128,0.3608384159999787,0.0552071660000024,0,0.0,15.1692,29.0,25155.8642944,5.031172858880001,15.09351857664,0.1109777955591118,5.76e-06,6.4e-07,sparse,CountSketch random projection,countsketch_random_projection,0.0224,0.9338899863992592,0.8887482294976818,0.0180815830000256,,0.1892029999999636,0.000217750000047,0.0761483750000024,0.265574708000031,0.9999772391571032,0.6884778431505748,0.6816147069999943,2.0652339999999185,0.2856916250000267,22.568660736083984,610.05078125,610.05078125,0.0,,,,,,,,,,,,,,,0.0003903749999949,163.0,15.0,49.0,0.0,0.0030512910000197,0.073473124999964,0.0946388330000331,0.0134732920000146,0.0038928750000195,eigsh,0.0002275420000046,1761059175.0,0.0030512910000197
4.0,2,420260508,5000,3,3,25279,156042,0.00624168,0.347832900006324,0.0412667000200599,0,0.0,15.1674,30.0,25155.8642944,5.031172858880001,15.09351857664,0.1109777955591118,5.76e-06,6.4e-07,sparse,Non-random,non_random,0.0178,0.9472929340559064,0.9075097812264497,0.0360290999524295,eigsh,0.0096653000218793,7.949990686029196e-05,0.055842800065875,0.0655941000441089,0.9999999999999996,0.6935573337546844,0.4546872000209987,0.9375,0.1043212000513449,5.398028373718262,,,,,,,,,,,,,,,,,,,,,,,,,,,,,,,
4.0,2,420260508,5000,3,3,25279,156042,0.00624168,0.18467558399424888,0.02490279199264478,0,0.0,15.1674,30.0,25155.864294400002,5.031172858880001,15.093518576640001,0.11097779555911182,5.76e-06,6.4e-07,sparse,Gaussian random projection,gaussian_random_projection,0.0214,0.9368124231513703,0.8925995899212907,0.024925874997279607,,0.13096316700102761,0.00029262500174809247,0.1649867089872714,0.29624708399933297,0.9999793052004724,0.6894524983193897,0.5058208769769408,2.5246140000000423,0.32315041599213146,27.08537197113037,667.109375,667.109375,0.0,0.003246457999921404,0.04776295799820218,0.05986924999160692,0.015901124992524274,0.0018552500114310533,eigsh,0.001166917005321011,,,,,,,,,,,,,,,,,,,,,
4.0,2,420260508,5000,3,3,25279,156042,0.00624168,0.347832900006324,0.0412667000200599,0,0.0,15.1674,30.0,25155.8642944,5.031172858880001,15.09351857664,0.1109777955591118,5.76e-06,6.4e-07,sparse,Random sampling,random_sampling,0.0512,0.852260699119742,0.7841731413078306,0.0319276000373065,,0.0155996000394225,0.0001639000838622,0.0554584999335929,0.0712281999876722,1.0644659401057732,0.7962889916656227,0.4603216000832617,0.828125,0.1067873999709263,7.037079811096191,,,,,,,,,,,0.0046899999724701,eigsh,0.010470199980773,80521.0,56493.0,0.7,109507.0,,,,,,,,,,,,,,
4.0,2,420260508,5000,3,3,25279,156042,0.00624168,0.3637913750000052,0.053570708000052,0,0.0,15.1674,30.0,25155.8642944,5.031172858880001,15.09351857664,0.1109777955591118,5.76e-06,6.4e-07,sparse,CountSketch random projection,countsketch_random_projection,0.0242,0.9286932227296756,0.8811834723065466,0.0177472920000241,,0.180592957999977,0.0002164580000112,0.0701629999999795,0.2509770409999987,0.9999825809549212,0.6878413436749579,0.6683344990000251,1.9698419999999712,0.2707717500000512,22.57196807861328,610.05078125,610.05078125,0.0,,,,,,,,,,,,,,,0.0003750829999944,163.0,19.0,41.0,0.0,0.003046582999957,0.0685775410000246,0.0915970419999894,0.0129813749999811,0.0037187499999618,eigsh,0.0002500830000258,1127214649.0,0.003046582999957
4.0,3,420260509,5000,3,3,25086,154894,0.00619576,0.3360060999402776,0.0410915000829845,0,0.0,15.0516,33.0,25155.8642944,5.031172858880001,15.09351857664,0.1109777955591118,5.76e-06,6.4e-07,sparse,Non-random,non_random,0.0132,0.9607716160643416,0.9285671762546936,0.0321757000638172,eigsh,0.0082528999773785,0.0002425999846309,0.052628600038588,0.0611324000637978,0.9999999999999996,0.6910400060494163,0.4382217000238597,0.9375,0.0960914999013766,5.3585710525512695,,,,,,,,,,,,,,,,,,,,,,,,,,,,,,,
4.0,3,420260509,5000,3,3,25086,154894,0.00619576,0.1796349999931408,0.02687570899433922,0,0.0,15.0516,33.0,25155.864294400002,5.031172858880001,15.093518576640001,0.11097779555911182,5.76e-06,6.4e-07,sparse,Gaussian random projection,gaussian_random_projection,0.0222,0.9345116615874364,0.8896934693276571,0.018936499996925704,,0.12459720799233764,0.00026250000519212335,0.1905460420093732,0.3154100420069881,0.9999797816608672,0.6845906624701019,0.521916458994383,2.6545719999999164,0.33559237500594463,27.07243251800537,667.109375,667.109375,0.0,0.0034436660062056035,0.04749770798662212,0.049715084009221755,0.02065595900057815,0.0026571250054985285,eigsh,0.00024170799588318914,,,,,,,,,,,,,,,,,,,,,
4.0,3,420260509,5000,3,3,25086,154894,0.00619576,0.3360060999402776,0.0410915000829845,0,0.0,15.0516,33.0,25155.8642944,5.031172858880001,15.09351857664,0.1109777955591118,5.76e-06,6.4e-07,sparse,Random sampling,random_sampling,0.0502,0.8550250949755578,0.7875252912256141,0.0324795000487938,,0.0195961999706923,0.0001912999432533,0.0583234999794513,0.0781178999459371,1.0657720998204974,0.794551242593463,0.4552085999166593,0.90625,0.1140939999604597,6.989603042602539,,,,,,,,,,,0.0056001000339165,eigsh,0.01356210000813,79947.0,56148.0,0.7,108779.0,,,,,,,,,,,,,,
4.0,3,420260509,5000,3,3,25086,154894,0.00619576,0.3461499169999911,0.0523972499999558,0,0.0,15.0516,33.0,25155.8642944,5.031172858880001,15.09351857664,0.1109777955591118,5.76e-06,6.4e-07,sparse,CountSketch random projection,countsketch_random_projection,0.0246,0.9275260816247984,0.8798305592161216,0.0174947079999583,,0.1794792499999857,0.0002159590000019,0.0772361660000342,0.256936416999963,0.999976055225605,0.6844040872129207,0.6554785419999689,1.9494969999998375,0.2764638339999692,22.545726776123047,610.05078125,610.07421875,0.0234375,,,,,,,,,,,,,,,0.0003656669999827,163.0,19.0,52.0,0.0,0.0030401660000052,0.0683763750000139,0.0895183330000009,0.0132360829999811,0.0045023750000154,eigsh,0.0003889170000093,3211862945.0,0.0030401660000052
4.0,4,420260510,5000,3,3,25119,155046,0.00620184,0.3380732000805437,0.0414037998998537,0,0.0,15.0714,29.0,25155.8642944,5.031172858880001,15.09351857664,0.1109777955591118,5.76e-06,6.4e-07,sparse,Non-random,non_random,0.0182,0.9461360848914973,0.906375875452869,0.0323669000063091,eigsh,0.0081648000050336,7.800001185387373e-05,0.0519672000082209,0.0602161999559029,1.0,0.6929162407910399,0.439687000005506,1.0,0.0956402999581769,5.363833427429199,,,,,,,,,,,,,,,,,,,,,,,,,,,,,,,
4.0,4,420260510,5000,3,3,25119,155046,0.00620184,0.16937729199707974,0.026523042004555464,0,0.0,15.0714,29.0,25155.864294400002,5.031172858880001,15.093518576640001,0.11097779555911182,5.76e-06,6.4e-07,sparse,Gaussian random projection,gaussian_random_projection,0.0256,0.9246952806779278,0.8763969356207,0.027301207999698818,,0.12626845900376793,0.00025483300851192325,0.1989717499964172,0.3255011250003008,0.9999787693350266,0.6867307050192144,0.5213953760103323,2.8332419999999274,0.35412750000250526,27.074122428894043,667.109375,667.109375,0.0,0.0035488749999785796,0.04685720799898263,0.056572458997834474,0.013662124998518266,0.0022360000002663583,eigsh,0.0002904580032918602,,,,,,,,,,,,,,,,,,,,,
4.0,4,420260510,5000,3,3,25119,155046,0.00620184,0.3380732000805437,0.0414037998998537,0,0.0,15.0714,29.0,25155.8642944,5.031172858880001,15.09351857664,0.1109777955591118,5.76e-06,6.4e-07,sparse,Random sampling,random_sampling,0.0546,0.8428365872531052,0.7729644984980574,0.0319951999699696,,0.0193131000269204,0.0001615000655874,0.0571092999307438,0.0765904999570921,1.0612857687719506,0.7938860173174033,0.4560609000036493,1.03125,0.1120193001115694,6.984670639038086,,,,,,,,,,,0.0055536999134346,eigsh,0.0133012000005692,80023.0,56014.0,0.7,108566.0,,,,,,,,,,,,,,
4.0,4,420260510,5000,3,3,25119,155046,0.00620184,0.3490500829999519,0.055434249999962,0,0.0,15.0714,29.0,25155.8642944,5.031172858880001,15.09351857664,0.1109777955591118,5.76e-06,6.4e-07,sparse,CountSketch random projection,countsketch_random_projection,0.0248,0.9269734808080234,0.8789378681155344,0.0178465420000293,,0.1863912919999961,0.0002450830000384,0.0708360829999605,0.2574778750000064,0.999981336332527,0.6873387633656087,0.6619567909999091,1.9718319999999496,0.2774531249999654,22.55131149291992,610.07421875,610.07421875,0.0,,,,,,,,,,,,,,,0.0004004169999802,163.0,17.0,45.0,0.0,0.0033154169999534,0.0737708749999797,0.0912617080000472,0.0132554589999926,0.0040131249999717,eigsh,0.0002979170000116,3474826686.0,0.0033154169999534
4.0,5,420260511,5000,3,3,24964,154190,0.0061676,0.3360805000411346,0.0417148999404162,0,0.0,14.9784,32.0,25155.8642944,5.031172858880001,15.09351857664,0.1109777955591118,5.76e-06,6.4e-07,sparse,Non-random,non_random,0.0184,0.9455430457953192,0.9057915179301927,0.032529600081034,eigsh,0.0083510000258684,7.379997987300158e-05,0.0518164000241085,0.0602467999560758,0.999999999999999,0.6909810329067326,0.4380366000114009,0.578125,0.0957584000425413,5.334444999694824,,,,,,,,,,,,,,,,,,,,,,,,,,,,,,,
4.0,5,420260511,5000,3,3,24964,154190,0.0061676,0.16395866598759312,0.023412499998812564,0,0.0,14.9784,32.0,25155.864294400002,5.031172858880001,15.093518576640001,0.11097779555911182,5.76e-06,6.4e-07,sparse,Gaussian random projection,gaussian_random_projection,0.0298,0.9125074541935577,0.8606857621396622,0.021614208002574742,,0.1262387500028126,9.791699994821101e-05,0.22035741699801292,0.34669970799586736,0.9999797350503178,0.684373909621714,0.5340652499871794,2.9650589999999966,0.36953870799334254,27.064276695251465,667.109375,666.109375,-1.0,0.0034757919929688796,0.047721916998852976,0.06183533299190458,0.00880900000629481,0.0014576669927919284,eigsh,0.0020408330019563437,,,,,,,,,,,,,,,,,,,,,
4.0,5,420260511,5000,3,3,24964,154190,0.0061676,0.3360805000411346,0.0417148999404162,0,0.0,14.9784,32.0,25155.8642944,5.031172858880001,15.09351857664,0.1109777955591118,5.76e-06,6.4e-07,sparse,Random sampling,random_sampling,0.0548,0.8422971752963643,0.7721538497501217,0.0357314000139012,,0.0182203999720513,0.0001584000419825,0.0573315999936312,0.0757167000556364,1.063571124437518,0.7959969215343307,0.453505799989216,1.15625,0.1150022000074386,6.938229560852051,,,,,,,,,,,0.0059782000025734,eigsh,0.0117314999224618,79595.0,55607.0,0.7,107699.0,,,,,,,,,,,,,,
4.0,5,420260511,5000,3,3,24964,154190,0.0061676,0.364920541999993,0.0549437079999961,0,0.0,14.9784,32.0,25155.8642944,5.031172858880001,15.09351857664,0.1109777955591118,5.76e-06,6.4e-07,sparse,CountSketch random projection,countsketch_random_projection,0.0272,0.9200213034664014,0.869516043345185,0.0180714589999979,,0.1742294160000028,0.0002102500000091,0.069010124999977,0.2434546249999698,0.9999675754084282,0.6838294955973697,0.6633140409999783,2.0056059999999434,0.2634923329999878,22.530563354492188,610.07421875,610.07421875,0.0,,,,,,,,,,,,,,,0.0003731249999532,163.0,17.0,42.0,0.0,0.0030335839999793,0.0687832920000346,0.084991666999997,0.0127699579999784,0.0039417909999883,eigsh,0.00028791699998,3504379091.0,0.0030335839999793
4.0,6,420260512,5000,3,3,25093,154904,0.00619616,0.346757199964486,0.0398223999654874,0,0.0,15.0558,31.0,25155.8642944,5.031172858880001,15.09351857664,0.1109777955591118,5.76e-06,6.4e-07,sparse,Non-random,non_random,0.0164,0.9513959994664823,0.9138735337881784,0.0354938000673428,eigsh,0.0086940000765025,9.740004315972328e-05,0.0514828000450506,0.060279699973762,1.0,0.6917465179716132,0.4468538000946864,0.75,0.0989606999792158,5.3589582443237305,,,,,,,,,,,,,,,,,,,,,,,,,,,,,,,
4.0,6,420260512,5000,3,3,25093,154904,0.00619616,0.16109216699260287,0.02475883299484849,0,0.0,15.0558,31.0,25155.864294400002,5.031172858880001,15.093518576640001,0.11097779555911182,5.76e-06,6.4e-07,sparse,Gaussian random projection,gaussian_random_projection,0.027,0.9206178938214007,0.8701491392136248,0.02299920799850952,,0.1456118750065798,0.0003974169958382845,0.23293158299929928,0.37894629100628663,0.9999779532903876,0.6867462124765606,0.5647918749891687,2.894960000000083,0.40360991698980797,27.072299003601074,666.109375,666.109375,0.0,0.0033513750095153227,0.04734254098730162,0.07673699999577366,0.011915333991055377,0.0044307089992798865,eigsh,0.0005050419858889654,,,,,,,,,,,,,,,,,,,,,
4.0,6,420260512,5000,3,3,25093,154904,0.00619616,0.346757199964486,0.0398223999654874,0,0.0,15.0558,31.0,25155.8642944,5.031172858880001,15.09351857664,0.1109777955591118,5.76e-06,6.4e-07,sparse,Random sampling,random_sampling,0.0572,0.8356948065930131,0.7648958011023745,0.0317042999668046,,0.0172240999527275,0.0001491999719291,0.0562621999997645,0.0736419999739155,1.0627813320533197,0.7967280069432007,0.4602150998543948,1.140625,0.1090365999843925,6.990784645080566,,,,,,,,,,,0.0058412000071257,eigsh,0.0108832999831065,79952.0,56138.0,0.7,108822.0,,,,,,,,,,,,,,
4.0,6,420260512,5000,3,3,25093,154904,0.00619616,0.3527274589999933,0.0558716659999731,0,0.0,15.0558,31.0,25155.8642944,5.031172858880001,15.09351857664,0.1109777955591118,5.76e-06,6.4e-07,sparse,CountSketch random projection,countsketch_random_projection,0.0252,0.9258215301888112,0.8775485196633513,0.01888283400001,,0.1887826249999875,0.0002477500000281,0.0714585000000056,0.260495915999968,0.9999759828902144,0.6868967189734343,0.6690879999999879,2.024750999999924,0.2813908749999996,22.548919677734375,610.07421875,610.07421875,0.0,,,,,,,,,,,,,,,0.0003749159999983,163.0,17.0,44.0,0.0,0.0030808749999664,0.0735857920000171,0.0937670420000245,0.0135725420000198,0.0038250410000273,eigsh,0.0005127500000412,2250338475.0,0.0030808749999664
4.0,7,420260513,5000,3,3,25550,157630,0.0063052,0.3860627999529242,0.0416988000506535,0,0.0,15.33,31.0,25155.8642944,5.031172858880001,15.09351857664,0.1109777955591118,5.76e-06,6.4e-07,sparse,Non-random,non_random,0.0192,0.9432344924311228,0.90207420112994,0.0347179999807849,eigsh,0.0084813999710604,0.0001127000432461,0.0517086000181734,0.060308999964036,1.0000000000000009,0.6899779057420296,0.4880643000360578,0.828125,0.0976472999900579,5.452548027038574,,,,,,,,,,,,,,,,,,,,,,,,,,,,,,,
4.0,7,420260513,5000,3,3,25550,157630,0.0063052,0.18732741700659972,0.028808125003706664,0,0.0,15.33,31.0,25155.864294400002,5.031172858880001,15.093518576640001,0.11097779555911182,5.76e-06,6.4e-07,sparse,Gaussian random projection,gaussian_random_projection,0.0246,0.9275448881786247,0.8795890948714324,0.0239105410000775,,0.14366820799477864,0.0006528339872602373,0.18769633299962152,0.3320236669969745,0.9999819816495593,0.6830620683742565,0.5481529169919668,2.71573699999999,0.3572354579955572,27.103346824645996,666.109375,666.109375,0.0,0.003838124990579672,0.0527776250091847,0.06735758400463965,0.010882875008974224,0.0043234159966232255,eigsh,0.0029874159954488277,,,,,,,,,,,,,,,,,,,,,
4.0,7,420260513,5000,3,3,25550,157630,0.0063052,0.3860627999529242,0.0416988000506535,0,0.0,15.33,31.0,25155.8642944,5.031172858880001,15.09351857664,0.1109777955591118,5.76e-06,6.4e-07,sparse,Random sampling,random_sampling,0.0562,0.8384731294697135,0.7681822535769157,0.0327078000409528,,0.0178722999989986,0.0002118999836966,0.0588916999986395,0.0769822000293061,1.0594649132014338,0.7872596702819615,0.5047374999849126,1.125,0.113106400007382,7.074348449707031,,,,,,,,,,,0.0055880999425426,eigsh,0.0119208999676629,81315.0,56582.0,0.7,109686.0,,,,,,,,,,,,,,
4.0,7,420260513,5000,3,3,25550,157630,0.0063052,0.3642604589999791,0.0544627499999705,0,0.0,15.33,31.0,25155.8642944,5.031172858880001,15.09351857664,0.1109777955591118,5.76e-06,6.4e-07,sparse,CountSketch random projection,countsketch_random_projection,0.0278,0.9183148584985932,0.8671492298381672,0.0182721250000099,,0.1779958330000113,0.0002072080000061,0.0710020000000213,0.2492101249999905,0.9999836549911808,0.6845146438828418,0.6679282499999886,2.010438000000022,0.2695552920000068,22.603607177734375,610.07421875,610.07421875,0.0,,,,,,,,,,,,,,,0.0003698749999898,163.0,17.0,48.0,0.0,0.0030725000000302,0.0698222500000156,0.0880888750000394,0.0125730420000422,0.0037178340000423,eigsh,0.0003097919999959,634151346.0,0.0030725000000302
4.0,8,420260514,5000,3,3,25104,154926,0.00619704,0.3370270000305027,0.0423298999667167,0,0.0,15.0624,30.0,25155.8642944,5.031172858880001,15.09351857664,0.1109777955591118,5.76e-06,6.4e-07,sparse,Non-random,non_random,0.0144,0.9572657004970396,0.9227707944815412,0.0329781000036746,eigsh,0.0082571000093594,7.43999844416976e-05,0.0512214000336825,0.0595622999826446,1.0,0.697451494712995,0.4389098000247031,0.890625,0.0956350000342354,5.359713554382324,,,,,,,,,,,,,,,,,,,,,,,,,,,,,,,
4.0,8,420260514,5000,3,3,25104,154926,0.00619704,0.17159354100294877,0.026587332991766743,0,0.0,15.0624,30.0,25155.864294400002,5.031172858880001,15.093518576640001,0.11097779555911182,5.76e-06,6.4e-07,sparse,Gaussian random projection,gaussian_random_projection,0.0192,0.9432174819769599,0.9025190647573704,0.018920875008916482,,0.13367645800462924,0.00010299999848939478,0.23935329201049171,0.3731368750013644,0.999980197980553,0.6925067304327476,0.5713136240083259,3.149426999999946,0.39334891698672436,27.07260036468506,666.109375,666.109375,0.0,0.00356604099215474,0.0514714580058353,0.06400141700578388,0.011561499995877966,0.0019233339990023524,eigsh,0.0006470420048572123,,,,,,,,,,,,,,,,,,,,,
4.0,8,420260514,5000,3,3,25104,154926,0.00619704,0.3370270000305027,0.0423298999667167,0,0.0,15.0624,30.0,25155.8642944,5.031172858880001,15.09351857664,0.1109777955591118,5.76e-06,6.4e-07,sparse,Random sampling,random_sampling,0.0478,0.8617526168318621,0.7959875104778726,0.0315898000262677,,0.0199816999956965,0.0002103999722748,0.0552853000117465,0.0754837000276893,1.0638470010523613,0.800384474646571,0.4548342999769375,1.140625,0.110584000009112,6.981915473937988,,,,,,,,,,,0.0072046000277623,eigsh,0.0123576999176293,79963.0,56019.0,0.7,108546.0,,,,,,,,,,,,,,
4.0,8,420260514,5000,3,3,25104,154926,0.00619704,0.3463324580000062,0.0527933330000109,0,0.0,15.0624,30.0,25155.8642944,5.031172858880001,15.09351857664,0.1109777955591118,5.76e-06,6.4e-07,sparse,CountSketch random projection,countsketch_random_projection,0.0236,0.930454014546946,0.8844141161806307,0.0174083330000485,,0.1770647920000101,0.0002089580000301,0.0722881670000106,0.2495664580000038,0.9999816359092332,0.6923488803287343,0.6486877080000681,2.0123069999999643,0.2689859169999522,22.548667907714844,610.07421875,610.07421875,0.0,,,,,,,,,,,,,,,0.0003726670000219,163.0,15.0,48.0,0.0,0.003085374999955,0.0686701249999828,0.0883959159999676,0.0126011660000244,0.0036959999999908,eigsh,0.0001996670000039,2029088568.0,0.003085374999955
4.0,9,420260515,5000,3,3,25092,154924,0.00619696,0.3451285000192001,0.0401598999742418,0,0.0,15.0552,35.0,25155.8642944,5.031172858880001,15.09351857664,0.1109777955591118,5.76e-06,6.4e-07,sparse,Non-random,non_random,0.0172,0.9490430459562914,0.9109119739351628,0.0326655000681057,eigsh,0.0082755999173969,9.360001422464848e-05,0.0516682000597938,0.0600428999168798,1.0000000000000004,0.6914894265347291,0.4453257999848574,0.765625,0.0956169000128284,5.359644889831543,,,,,,,,,,,,,,,,,,,,,,,,,,,,,,,
4.0,9,420260515,5000,3,3,25092,154924,0.00619696,0.1519919579877751,0.026845917003811337,0,0.0,15.0552,35.0,25155.864294400002,5.031172858880001,15.093518576640001,0.11097779555911182,5.76e-06,6.4e-07,sparse,Gaussian random projection,gaussian_random_projection,0.0266,0.9217917993128636,0.8723828502159724,0.024605999991763383,,0.12609108300239313,0.00033462498686276376,0.22465470900351647,0.3510855420026928,0.99998321004489,0.6857661612290751,0.5299182919843588,3.05184399999996,0.37705170799745247,27.07252788543701,666.109375,666.109375,0.0,0.0034366250038146973,0.04697070800466463,0.06224491700413637,0.010020084009738639,0.001443499990273267,eigsh,0.0005046659935032949,,,,,,,,,,,,,,,,,,,,,
4.0,9,420260515,5000,3,3,25092,154924,0.00619696,0.3451285000192001,0.0401598999742418,0,0.0,15.0552,35.0,25155.8642944,5.031172858880001,15.09351857664,0.1109777955591118,5.76e-06,6.4e-07,sparse,Random sampling,random_sampling,0.0564,0.8378934153021513,0.7669845344738342,0.032334899995476,,0.0198840999510139,0.0001852000132203,0.0557872999925166,0.0758632000070065,1.0611160736263028,0.7905341484500599,0.4611449999501928,1.109375,0.1122766999760642,6.965639114379883,,,,,,,,,,,0.0054714001016691,eigsh,0.0140146999619901,79962.0,55785.0,0.7,108080.0,,,,,,,,,,,,,,
4.0,9,420260515,5000,3,3,25092,154924,0.00619696,0.3543201250000152,0.0655527079999842,0,0.0,15.0552,35.0,25155.8642944,5.031172858880001,15.09351857664,0.1109777955591118,5.76e-06,6.4e-07,sparse,CountSketch random projection,countsketch_random_projection,0.0248,0.9269453445065275,0.8797385414193634,0.0178831250000257,,0.1844212089999928,0.0002152920000071,0.0718135000000188,0.2564551660000234,0.9999761737444764,0.6856169476044024,0.6763228340000182,1.9884409999999664,0.2763857499999744,22.546207427978516,610.59765625,610.59765625,0.0,,,,,,,,,,,,,,,0.0003793750000227,163.0,15.0,50.0,0.0,0.0031095420000042,0.0720222499999749,0.0921074579999867,0.0125695419999942,0.0037810839999679,eigsh,0.0003967080000393,3993617747.0,0.0031095420000042
4.0,10,420260516,5000,3,3,25203,155602,0.00622408,0.3402384000364691,0.0416702999500557,0,0.0,15.1218,33.0,25155.8642944,5.031172858880001,15.09351857664,0.1109777955591118,5.76e-06,6.4e-07,sparse,Non-random,non_random,0.0194,0.942639025649386,0.9009572021370256,0.0322790000354871,eigsh,0.0089965999359264,7.469998672604561e-05,0.0538732000859454,0.0629498999333009,0.9999999999999996,0.6913628836772536,0.4448531999951228,0.703125,0.0977878000121563,5.382922172546387,,,,,,,,,,,,,,,,,,,,,,,,,,,,,,,
4.0,10,420260516,5000,3,3,25203,155602,0.00622408,0.14703304201248102,0.025004750001244247,0,0.0,15.1218,33.0,25155.864294400002,5.031172858880001,15.093518576640001,0.11097779555911182,5.76e-06,6.4e-07,sparse,Gaussian random projection,gaussian_random_projection,0.0296,0.9132055682053665,0.8610360756877664,0.01685008300410118,,0.12193879099504557,9.708300058264285e-05,0.21018787499633618,0.3322300410072785,0.9999767859650518,0.6855551755197182,0.5042615410056897,2.7815959999999222,0.3505451249948237,27.080187797546387,666.109375,666.109375,0.0,0.0033921249996637926,0.049595082993619144,0.05069858299975749,0.014204459002939984,0.0015360419929493219,eigsh,0.001973708000150509,,,,,,,,,,,,,,,,,,,,,
4.0,10,420260516,5000,3,3,25203,155602,0.00622408,0.3402384000364691,0.0416702999500557,0,0.0,15.1218,33.0,25155.8642944,5.031172858880001,15.09351857664,0.1109777955591118,5.76e-06,6.4e-07,sparse,Random sampling,random_sampling,0.0548,0.8423792071425967,0.7728265866158953,0.0360958999954164,,0.0187691000755876,0.0001586999278515,0.0581032000482082,0.0770369000965729,1.06169107275469,0.7923466655998203,0.4589397000381723,0.984375,0.116718600038439,7.002058029174805,,,,,,,,,,,0.0057531000347808,eigsh,0.0126219999510794,80301.0,56115.0,0.7,108749.0,,,,,,,,,,,,,,
4.0,10,420260516,5000,3,3,25203,155602,0.00622408,0.3581756249999444,0.0564380420000247,0,0.0,15.1218,33.0,25155.8642944,5.031172858880001,15.09351857664,0.1109777955591118,5.76e-06,6.4e-07,sparse,CountSketch random projection,countsketch_random_projection,0.0252,0.9258407465341094,0.8778544807546005,0.0176255829999831,,0.1780155839999793,0.0003659170000105,0.0703982910000036,0.2487864589999731,0.9999799522720888,0.6859144575141057,0.6633934589999626,2.0094930000000204,0.2685765420000052,22.560352325439453,610.59765625,610.59765625,0.0,,,,,,,,,,,,,,,0.000414792000015,163.0,17.0,44.0,0.0,0.0030499999999733,0.0694577920000369,0.0883860830000458,0.0125925829999573,0.0037525410000398,eigsh,0.0002863749999733,3728445448.0,0.0030499999999733
8.0,1,820260507,5000,3,3,50294,304140,0.0121656,0.6615046999650076,0.091205499949865,0,0.0,30.1764,52.0,50311.7285888,10.06234571776,30.18703715328,0.1109777955591118,1.152e-05,1.28e-06,sparse,Non-random,non_random,0.0004,0.9987996400963602,0.996934757466302,0.0351102999411523,eigsh,0.0129186999984085,7.839989848434925e-05,0.0459100999869406,0.0589129999279975,1.0000000000000009,0.6685923233120842,0.8116173997987062,0.71875,0.0989255000604316,10.482569694519045,,,,,,,,,,,,,,,,,,,,,,,,,,,,,,,
8.0,1,820260507,5000,3,3,50294,304140,0.0121656,0.2962725419929484,0.05148516601184383,0,0.0,30.1764,52.0,50311.728588800004,10.062345717760001,30.187037153280002,0.11097779555911182,1.152e-05,1.28e-06,sparse,Gaussian random projection,gaussian_random_projection,0.0006,0.9982000001442592,0.9954023004462627,0.024418166998657398,,0.1802717499958817,9.825000597629696e-05,0.12914824999461416,0.30952245800290257,0.999996847780112,0.6666499184224335,0.6572759580012644,2.3080260000000408,0.33633612499397714,28.780020713806152,666.109375,666.109375,0.0,0.0033982080058194697,0.08737620800093282,0.06093533299281262,0.025051292002899572,0.0024138750013662502,eigsh,0.0003069160011364147,,,,,,,,,,,,,,,,,,,,,
8.0,1,820260507,5000,3,3,50294,304140,0.0121656,0.6615046999650076,0.091205499949865,0,0.0,30.1764,52.0,50311.7285888,10.06234571776,30.18703715328,0.1109777955591118,1.152e-05,1.28e-06,sparse,Random sampling,random_sampling,0.0056,0.9832670102498298,0.9657661149003628,0.0327246999368071,,0.0186522000003606,7.54999928176403e-05,0.0508069999050349,0.0695399999385699,1.0592302720541753,0.759773271845558,0.8222448998130858,0.890625,0.1080513000488281,13.546825408935549,,,,,,,,,,,0.0086062001064419,eigsh,0.0099827999947592,154570.0,108419.0,0.7,213336.0,,,,,,,,,,,,,,
8.0,1,820260507,5000,3,3,50294,304140,0.0121656,0.7087426670000241,0.1154981669999983,0,0.0,30.1764,52.0,50311.7285888,10.06234571776,30.18703715328,0.1109777955591118,1.152e-05,1.28e-06,sparse,CountSketch random projection,countsketch_random_projection,0.0004,0.9987996400963602,0.9969347574663024,0.0181426670000064,,0.2603619170000115,0.0002152079999859,0.0560246659999847,0.3166072500000041,0.9999975619881744,0.6672618548108621,1.1408426250000048,2.026729999999816,0.3382555410000236,25.54495620727539,610.59765625,610.59765625,0.0,,,,,,,,,,,,,,,0.0004988750000052,163.0,14.0,44.0,0.0,0.0054954169999632,0.1384854170000267,0.0909268749999796,0.0208589590000087,0.0037792910000007,eigsh,0.0002584169999977,151191118.0,0.0054954169999632
8.0,2,820260508,5000,3,3,50466,305182,0.01220728,0.700106899952516,0.0877895000157877,0,0.0,30.2796,51.0,50311.7285888,10.06234571776,30.18703715328,0.1109777955591118,1.152e-05,1.28e-06,sparse,Non-random,non_random,0.0006,0.998200360504504,0.9956546720083383,0.0347062000073492,eigsh,0.0119031000649556,7.429998368024826e-05,0.0458714999258518,0.057854100014083,1.000000000000001,0.6708546498039861,0.8457452999427915,0.90625,0.0974404000444337,10.518343925476074,,,,,,,,,,,,,,,,,,,,,,,,,,,,,,,
8.0,2,820260508,5000,3,3,50466,305182,0.01220728,0.34219520799524616,0.050070917000994086,0,0.0,30.2796,51.0,50311.728588800004,10.062345717760001,30.187037153280002,0.11097779555911182,1.152e-05,1.28e-06,sparse,Gaussian random projection,gaussian_random_projection,0.0006,0.998200360504504,0.9956546720083383,0.023922334003145806,,0.2510087920090882,0.0021015829988755286,0.14551395901071373,0.3986349170008907,0.9999968864459252,0.669342340254013,0.7908904590149177,2.9313070000000607,0.4249272080051014,28.79234218597412,666.109375,666.109375,0.0,0.003368624995346181,0.08563737499935087,0.10427825000078883,0.048333708007703535,0.0028260410035727546,eigsh,0.005127082986291498,,,,,,,,,,,,,,,,,,,,,
8.0,2,820260508,5000,3,3,50466,305182,0.01220728,0.700106899952516,0.0877895000157877,0,0.0,30.2796,51.0,50311.7285888,10.06234571776,30.18703715328,0.1109777955591118,1.152e-05,1.28e-06,sparse,Random sampling,random_sampling,0.004,0.9880320566560424,0.9740392861770548,0.0323801999911665,,0.0194656000239774,7.54999928176403e-05,0.0498249999945983,0.0693715000525116,1.0573067747548643,0.7580324771378248,0.8572624999796972,0.953125,0.1081152000697329,13.582876205444336,,,,,,,,,,,0.0094243999337777,eigsh,0.0099808999802917,155091.0,108640.0,0.7,213789.0,,,,,,,,,,,,,,
8.0,2,820260508,5000,3,3,50466,305182,0.01220728,0.7197567090000234,0.1101422500000239,0,0.0,30.2796,51.0,50311.7285888,10.06234571776,30.18703715328,0.1109777955591118,1.152e-05,1.28e-06,sparse,CountSketch random projection,countsketch_random_projection,0.0006,0.9982000005767776,0.9954022995728606,0.0181414169999811,,0.2498186669999995,0.0003722920000086,0.0655894999999873,0.3157865840000227,0.999996451926884,0.6694802090012588,1.145679418000043,2.122978000000103,0.3372770000000287,25.56285858154297,610.59765625,610.6015625,0.00390625,,,,,,,,,,,,,,,0.0003865830000222,163.0,16.0,48.0,0.0,0.0051279169999816,0.1287804589999837,0.0904441659999975,0.020496707999996,0.004222875000039,eigsh,0.000272166000002,3510582505.0,0.0051279169999816
8.0,3,820260509,5000,3,3,50262,304000,0.01216,0.6645599999465048,0.0880923999939113,0,0.0,30.1572,52.0,50311.7285888,10.06234571776,30.18703715328,0.1109777955591118,1.152e-05,1.28e-06,sparse,Non-random,non_random,0.0006,0.998201080360216,0.99565489137121,0.035939099965617,eigsh,0.0114966999972239,7.569999434053898e-05,0.046095099998638,0.0576728000305593,1.0,0.6684994066650768,0.8103198999306187,0.875,0.0985499999951571,10.477763175964355,,,,,,,,,,,,,,,,,,,,,,,,,,,,,,,
8.0,3,820260509,5000,3,3,50262,304000,0.01216,0.33313245901081245,0.05487324998830445,0,0.0,30.1572,52.0,50311.728588800004,10.062345717760001,30.187037153280002,0.11097779555911182,1.152e-05,1.28e-06,sparse,Gaussian random projection,gaussian_random_projection,0.0004,0.998800360096072,0.9969349765495861,0.014551000000210479,,0.2014194170042174,0.0006661670049652457,0.11754125000152271,0.31963704200461507,0.9999971778368278,0.6670464252006819,0.7076325430098223,2.2517839999999296,0.3368013750005048,28.778666496276855,666.109375,666.109375,0.0,0.0035528750013327226,0.09143599998787977,0.06696195900440216,0.033279916999163106,0.004492042004130781,eigsh,0.00037275000067893416,,,,,,,,,,,,,,,,,,,,,
8.0,3,820260509,5000,3,3,50262,304000,0.01216,0.6645599999465048,0.0880923999939113,0,0.0,30.1572,52.0,50311.7285888,10.06234571776,30.18703715328,0.1109777955591118,1.152e-05,1.28e-06,sparse,Random sampling,random_sampling,0.0032,0.9904190907050856,0.9784496906364638,0.0353464999934658,,0.0189547000918537,7.479998748749495e-05,0.0505997999571263,0.0696350000798702,1.0557982383105584,0.7575163011142427,0.8222816999768838,0.953125,0.1107207000022754,13.523943901062012,,,,,,,,,,,0.0089979000622406,eigsh,0.0098940000170841,154500.0,108112.0,0.7,212768.0,,,,,,,,,,,,,,
8.0,3,820260509,5000,3,3,50262,304000,0.01216,0.7152816660000099,0.1170318750000092,0,0.0,30.1572,52.0,50311.7285888,10.06234571776,30.18703715328,0.1109777955591118,1.152e-05,1.28e-06,sparse,CountSketch random projection,countsketch_random_projection,0.0008,0.997601080336216,0.9941223250097896,0.0181637919999957,,0.2521624579999866,0.0002127089999817,0.0569294999999669,0.309309374999998,0.9999970401848256,0.6668143471372253,1.1416182079999544,2.001007999999956,0.3308412920000023,25.541309356689453,610.6015625,610.6015625,0.0,,,,,,,,,,,,,,,0.0004181250000101,163.0,19.0,50.0,0.0,0.0054131250000182,0.133106166999994,0.0887927500000387,0.0204362079999782,0.0037168749999523,eigsh,0.0002282080000099,1362713633.0,0.0054131250000182
8.0,4,820260510,5000,3,3,50313,304298,0.01217192,0.6919778999872506,0.1084290000144392,0,0.0,30.1878,53.0,50311.7285888,10.06234571776,30.18703715328,0.1109777955591118,1.152e-05,1.28e-06,sparse,Non-random,non_random,0.0012,0.9964018010086624,0.9910574099533216,0.0355239999480545,eigsh,0.0111477999016642,7.370009552687407e-05,0.0512155001051723,0.0624438999220728,0.9999999999999998,0.6700536303016836,0.8628439001040533,0.828125,0.1033430000534281,10.487994194030762,,,,,,,,,,,,,,,,,,,,,,,,,,,,,,,
8.0,4,820260510,5000,3,3,50313,304298,0.01217192,0.3288339580030879,0.05498304199136328,0,0.0,30.1878,53.0,50311.728588800004,10.062345717760001,30.187037153280002,0.11097779555911182,1.152e-05,1.28e-06,sparse,Gaussian random projection,gaussian_random_projection,0.0016,0.9952036029774961,0.988497346404311,0.0207086669979617,,0.1843285829963861,0.0005600000004051253,0.11681220801256131,0.3017094579990953,0.999997351624699,0.6686420457460427,0.6855177910038037,2.1320440000000644,0.32485983399965335,28.781928062438965,666.109375,666.109375,0.0,0.003406874995562248,0.08447641599923372,0.05947825001203455,0.03183587500825524,0.002561708999564871,eigsh,0.0005794579919893295,,,,,,,,,,,,,,,,,,,,,
8.0,4,820260510,5000,3,3,50313,304298,0.01217192,0.6919778999872506,0.1084290000144392,0,0.0,30.1878,53.0,50311.7285888,10.06234571776,30.18703715328,0.1109777955591118,1.152e-05,1.28e-06,sparse,Random sampling,random_sampling,0.0046,0.9862519180056368,0.9715305737404736,0.0349874000530689,,0.0218757999828085,0.0001648999750614,0.0572265000082552,0.0792757000308483,1.0524241972367931,0.7565943221709602,0.879674099967815,0.59375,0.1216954999836161,13.522416114807127,,,,,,,,,,,0.011566000059247,eigsh,0.0102087999694049,154649.0,108001.0,0.7,212560.0,,,,,,,,,,,,,,
8.0,4,820260510,5000,3,3,50313,304298,0.01217192,0.7090243750000127,0.1174135420000084,0,0.0,30.1878,53.0,50311.7285888,10.06234571776,30.18703715328,0.1109777955591118,1.152e-05,1.28e-06,sparse,CountSketch random projection,countsketch_random_projection,0.0006,0.998200360072072,0.9954024101881652,0.0182463749999897,,0.5886501669999689,0.0002157920000058,0.0643915829999741,0.6532627919999641,0.9999975628238056,0.6681723600581082,1.47969545899997,2.043911999999864,0.6749646669999834,25.54351806640625,610.6015625,635.48046875,24.87890625,,,,,,,,,,,,,,,0.0004570420000504,163.0,15.0,47.0,0.0,0.0054641250000031,0.4155328330000429,0.1428102080000144,0.0201897499999859,0.003864333000024,eigsh,0.0002666249999947,4255326811.0,0.0054641250000031
8.0,5,820260511,5000,3,3,50397,304694,0.01218776,0.6635248999809846,0.0892923000501468,0,0.0,30.2382,51.0,50311.7285888,10.06234571776,30.18703715328,0.1109777955591118,1.152e-05,1.28e-06,sparse,Non-random,non_random,0.0004,0.998799999952,0.9969348672771586,0.0332640000851824,eigsh,0.0111202000407502,9.159999899566174e-05,0.0463156999321654,0.0575344000244513,1.0000000000000004,0.668945804777453,0.8103447000030428,0.828125,0.096019500051625,10.50158977508545,,,,,,,,,,,,,,,,,,,,,,,,,,,,,,,
8.0,5,820260511,5000,3,3,50397,304694,0.01218776,0.33935362499323674,0.05052908400830347,0,0.0,30.2382,51.0,50311.728588800004,10.062345717760001,30.187037153280002,0.11097779555911182,1.152e-05,1.28e-06,sparse,Gaussian random projection,gaussian_random_projection,0.0012,0.9964021607204322,0.9910575201698585,0.03038133299560286,,0.17141104199981783,0.00011204100155737251,0.15625166699464899,0.32778058300027624,0.9999966487395338,0.6674695409567738,0.7176574589975644,2.5846890000000258,0.3612402089929674,28.786757469177246,666.109375,666.109375,0.0,0.0034558750048745424,0.08390029199654236,0.05551683300291188,0.019826832998660393,0.004576583000016399,eigsh,0.003020457996171899,,,,,,,,,,,,,,,,,,,,,
8.0,5,820260511,5000,3,3,50397,304694,0.01218776,0.6635248999809846,0.0892923000501468,0,0.0,30.2382,51.0,50311.7285888,10.06234571776,30.18703715328,0.1109777955591118,1.152e-05,1.28e-06,sparse,Random sampling,random_sampling,0.0084,0.9749484174770616,0.9507520320604128,0.0328759000403806,,0.0212366000050678,9.089999366551638e-05,0.0502396000083535,0.0715730000520125,1.0519516773025748,0.7558829644053644,0.8243843000382185,0.890625,0.11127829994075,13.529911041259766,,,,,,,,,,,0.0114980000071227,eigsh,0.009660099982284,154847.0,107994.0,0.7,212555.0,,,,,,,,,,,,,,
8.0,5,820260511,5000,3,3,50397,304694,0.01218776,0.7006598749999853,0.109217166999997,0,0.0,30.2382,51.0,50311.7285888,10.06234571776,30.18703715328,0.1109777955591118,1.152e-05,1.28e-06,sparse,CountSketch random projection,countsketch_random_projection,0.0004,0.998800360096072,0.996934976549586,0.0180685000000266,,0.2541385000000105,0.0002615000000218,0.0609512500000164,0.3153572920000442,0.999997065226938,0.6673364315404086,1.1252282920000312,2.056049999999914,0.3366509999999607,25.5543212890625,635.48046875,635.48046875,0.0,,,,,,,,,,,,,,,0.0004705829999807,163.0,19.0,46.0,0.0,0.0054291249999778,0.1298807090000195,0.0921850419999827,0.0214768330000083,0.0041169579999973,eigsh,0.0005097089999708,1992312005.0,0.0054291249999778
8.0,6,820260512,5000,3,3,50343,304374,0.01217496,0.6752161000622436,0.088301399955526,0,0.0,30.2058,54.0,50311.7285888,10.06234571776,30.18703715328,0.1109777955591118,1.152e-05,1.28e-06,sparse,Non-random,non_random,0.0008,0.9976005402642484,0.9938698981610088,0.0325552999274805,eigsh,0.0071868000086396,7.740000728517771e-05,0.0474759000353515,0.054746099980548,1.0000000000000002,0.669177081182911,0.818257600069046,0.921875,0.0929311000509187,10.49060344696045,,,,,,,,,,,,,,,,,,,,,,,,,,,,,,,
8.0,6,820260512,5000,3,3,50343,304374,0.01217496,0.31114825000986457,0.05097316599858459,0,0.0,30.2058,54.0,50311.728588800004,10.062345717760001,30.187037153280002,0.11097779555911182,1.152e-05,1.28e-06,sparse,Gaussian random projection,gaussian_random_projection,0.0014,0.9958032411286483,0.9897775443295385,0.019610209012171254,,0.15312008299224544,0.0002823329996317625,0.11538329199538566,0.26879120800003875,0.9999966850245791,0.6675815057145011,0.630907123995712,1.926684000000023,0.2907872089999728,28.783095359802246,666.109375,666.109375,0.0,0.0033904579904628918,0.0850979160022689,0.03990158399392385,0.021268500000587665,0.0022946670069359243,eigsh,0.00024691699945833534,,,,,,,,,,,,,,,,,,,,,
8.0,6,820260512,5000,3,3,50343,304374,0.01217496,0.6752161000622436,0.088301399955526,0,0.0,30.2058,54.0,50311.7285888,10.06234571776,30.18703715328,0.1109777955591118,1.152e-05,1.28e-06,sparse,Random sampling,random_sampling,0.0068,0.9796956284126472,0.9587018192825169,0.0325060000177472,,0.020344499964267,8.929998148232698e-05,0.0486998000415042,0.0691394000314176,1.0600923973301302,0.7619750942067063,0.8326511000050232,0.8125,0.1089794000145047,13.567511558532717,,,,,,,,,,,0.0105798998847603,eigsh,0.0096897000912576,154687.0,108637.0,0.7,213807.0,,,,,,,,,,,,,,
8.0,6,820260512,5000,3,3,50343,304374,0.01217496,0.7348039999999969,0.1152767920000314,0,0.0,30.2058,54.0,50311.7285888,10.06234571776,30.18703715328,0.1109777955591118,1.152e-05,1.28e-06,sparse,CountSketch random projection,countsketch_random_projection,0.0008,0.997600720192144,0.9938699530991724,0.018044083999996,,0.246765249999953,0.0002114170000027,0.0641322500000001,0.3111137500000041,0.999996849604649,0.6677456141992599,1.1611897089999843,2.0539380000000165,0.3325235419999899,25.55142593383789,635.48046875,635.48046875,0.0,,,,,,,,,,,,,,,0.0004062920000365,163.0,17.0,45.0,0.0,0.0050535000000309,0.1295324169999503,0.0874864169999796,0.0201326659999949,0.0037274580000143,eigsh,0.0003779589999908,3776503218.0,0.0050535000000309
8.0,7,820260513,5000,3,3,50211,303470,0.0121388,0.6645258000353351,0.0915782999945804,0,0.0,30.1266,53.0,50311.7285888,10.06234571776,30.18703715328,0.1109777955591118,1.152e-05,1.28e-06,sparse,Non-random,non_random,0.0002,0.9994000000480864,0.998467433503938,0.0348917000228539,eigsh,0.0120451999828219,7.589999586343765e-05,0.0447242999216541,0.0568504999391734,0.9999999999999994,0.6707650143678473,0.8129494999302551,0.84375,0.0965461999876424,10.459567070007324,,,,,,,,,,,,,,,,,,,,,,,,,,,,,,,
8.0,7,820260513,5000,3,3,50211,303470,0.0121388,0.33251741700223647,0.051477707995218225,0,0.0,30.1266,53.0,50311.728588800004,10.062345717760001,30.187037153280002,0.11097779555911182,1.152e-05,1.28e-06,sparse,Gaussian random projection,gaussian_random_projection,0.0002,0.9994000000480864,0.9984674335039376,0.026091583000379615,,0.1826329169998644,0.00010845799988601357,0.15054595800756942,0.3332920419925358,0.9999972815296674,0.6693301118058854,0.7172824580047745,2.3933669999998983,0.36170045800099615,28.772353172302246,666.109375,666.109375,0.0,0.003339834001963027,0.09705174999544397,0.060635667003225535,0.018057458990369923,0.0015475409891223535,eigsh,0.0010939170024357736,,,,,,,,,,,,,,,,,,,,,
8.0,7,820260513,5000,3,3,50211,303470,0.0121388,0.6645258000353351,0.0915782999945804,0,0.0,30.1266,53.0,50311.7285888,10.06234571776,30.18703715328,0.1109777955591118,1.152e-05,1.28e-06,sparse,Random sampling,random_sampling,0.0042,0.987438001487222,0.9729635710842176,0.0345289999386295,,0.0204560999991372,7.780001033097506e-05,0.0470451000146567,0.0675843000644818,1.057808809810249,0.7613253347243584,0.8236831000540406,1.046875,0.1085795999970287,13.503748893737791,,,,,,,,,,,0.0104070999659597,eigsh,0.0099846000084653,154235.0,107993.0,0.7,212472.0,,,,,,,,,,,,,,
8.0,7,820260513,5000,3,3,50211,303470,0.0121388,0.7181156249999958,0.115531959000009,0,0.0,30.1266,53.0,50311.7285888,10.06234571776,30.18703715328,0.1109777955591118,1.152e-05,1.28e-06,sparse,CountSketch random projection,countsketch_random_projection,0.0002,0.9994000000480864,0.9984674335039376,0.0181306659999904,,0.2526890000000321,0.0002098749999959,0.0640922080000336,0.3169961250000028,0.9999962602787996,0.6693111010427502,1.1506386670000666,2.114618000000064,0.3388675830000238,25.527908325195312,635.48046875,635.48046875,0.0,,,,,,,,,,,,,,,0.0005426250000368,163.0,18.0,48.0,0.0,0.0059332079999876,0.1307065830000056,0.0914098339999895,0.0199420410000357,0.0037278749999813,eigsh,0.0003771249999999,3974357461.0,0.0059332079999876
8.0,8,820260514,5000,3,3,50055,302772,0.01211088,0.6824591000331566,0.0872266999213025,0,0.0,30.033,57.0,50311.7285888,10.06234571776,30.18703715328,0.1109777955591118,1.152e-05,1.28e-06,sparse,Non-random,non_random,0.0006,0.998199640649138,0.9956544527110884,0.0347943999804556,eigsh,0.0112871999153867,9.049999061971904e-05,0.046477900003083,0.0578621999593451,1.0000000000000009,0.6669809632020645,0.8275413998635486,0.921875,0.0977437999099493,10.435603141784668,,,,,,,,,,,,,,,,,,,,,,,,,,,,,,,
8.0,8,820260514,5000,3,3,50055,302772,0.01211088,0.32883004200994037,0.05738250000285916,0,0.0,30.033,57.0,50311.728588800004,10.062345717760001,30.187037153280002,0.11097779555911182,1.152e-05,1.28e-06,sparse,Gaussian random projection,gaussian_random_projection,0.0004,0.998799999952,0.9969348672771591,0.02644304199202452,,0.17688749999797437,0.00010437500895932317,0.21373020800820086,0.3907267910108203,0.9999974425565592,0.6649988690594546,0.7769346250279341,2.994862000000012,0.4196546250022948,28.76456356048584,666.109375,666.109375,0.0,0.00367745800758712,0.08995291699829977,0.05464300001040101,0.02469645800010767,0.0014618749992223457,eigsh,0.0011235840065637603,,,,,,,,,,,,,,,,,,,,,
8.0,8,820260514,5000,3,3,50055,302772,0.01211088,0.6824591000331566,0.0872266999213025,0,0.0,30.033,57.0,50311.7285888,10.06234571776,30.18703715328,0.1109777955591118,1.152e-05,1.28e-06,sparse,Random sampling,random_sampling,0.0062,0.9814796133470632,0.962149927258128,0.0323595000663772,,0.0248085999628528,0.0002112999791279,0.0541224000044167,0.0791506000095978,1.0609940747948,0.7591382854760208,0.8488280999008566,0.921875,0.1184988999739289,13.48209285736084,,,,,,,,,,,0.0105432999553158,eigsh,0.0141388999763876,153886.0,107886.0,0.7,212237.0,,,,,,,,,,,,,,
8.0,8,820260514,5000,3,3,50055,302772,0.01211088,0.695379207999963,0.1071519169999533,0,0.0,30.033,57.0,50311.7285888,10.06234571776,30.18703715328,0.1109777955591118,1.152e-05,1.28e-06,sparse,CountSketch random projection,countsketch_random_projection,0.0006,0.998199640649138,0.9956544527110884,0.0175992919999998,,0.2582562919999986,0.0006443329999683,0.0633233749999817,0.3222327080000013,0.9999968013171808,0.6649392102378193,1.124755124999865,1.9732160000000931,0.3429137080000259,25.513477325439453,635.48046875,635.48828125,0.0078125,,,,,,,,,,,,,,,0.0003762079999773,163.0,16.0,44.0,0.0,0.0047977909999872,0.1292384999999853,0.0912040829999796,0.0215839580000078,0.0092227090000278,eigsh,0.001598333000004,3666596295.0,0.0047977909999872
8.0,9,820260515,5000,3,3,50642,306142,0.01224568,0.7111569000408053,0.088829799904488,0,0.0,30.3852,52.0,50311.7285888,10.06234571776,30.18703715328,0.1109777955591118,1.152e-05,1.28e-06,sparse,Non-random,non_random,0.0,1.0,1.0,0.0335667999461293,eigsh,0.0122403000714257,7.609999738633633e-05,0.0473956000059843,0.0597176000010222,1.0000000000000009,0.6716767940788618,0.8596987000200897,0.84375,0.0988375999731943,10.551302909851074,,,,,,,,,,,,,,,,,,,,,,,,,,,,,,,
8.0,9,820260515,5000,3,3,50642,306142,0.01224568,0.29822020899155177,0.051980916992761195,0,0.0,30.3852,52.0,50311.728588800004,10.062345717760001,30.187037153280002,0.11097779555911182,1.152e-05,1.28e-06,sparse,Gaussian random projection,gaussian_random_projection,0.0002,0.9994000000480864,0.9984674335039379,0.02733808300399687,,0.17546354100340977,0.0004960420046700165,0.157458375004353,0.3334241670090705,0.9999964646276421,0.6701010894472833,0.6836190839967458,2.5906980000000885,0.3630829590110807,28.80298137664795,666.109375,666.109375,0.0,0.0035248750064056367,0.08464345800166484,0.04744574999494944,0.03539108300174121,0.0030782079993514344,eigsh,0.00033133300894405693,,,,,,,,,,,,,,,,,,,,,
8.0,9,820260515,5000,3,3,50642,306142,0.01224568,0.7111569000408053,0.088829799904488,0,0.0,30.3852,52.0,50311.7285888,10.06234571776,30.18703715328,0.1109777955591118,1.152e-05,1.28e-06,sparse,Random sampling,random_sampling,0.0032,0.990419449697982,0.9784498022972904,0.0347579000517725,,0.0180758999194949,7.499998901039362e-05,0.0478793000802397,0.0660356999142095,1.059153037706521,0.7618620090484571,0.8660168999340385,0.96875,0.1070600999519229,13.628643989562988,,,,,,,,,,,0.0086805000901222,eigsh,0.0093331000534817,155571.0,109032.0,0.7,214564.0,,,,,,,,,,,,,,
8.0,9,820260515,5000,3,3,50642,306142,0.01224568,0.7180507090000106,0.115914000000032,0,0.0,30.3852,52.0,50311.7285888,10.06234571776,30.18703715328,0.1109777955591118,1.152e-05,1.28e-06,sparse,CountSketch random projection,countsketch_random_projection,0.0002,0.999399819940018,0.9984673789514548,0.0179301250000207,,0.2491693339999869,0.0002079999999864,0.0616392090000204,0.3110210410000036,0.9999966964152822,0.6698352238492657,1.1449812520000364,2.0564939999999297,0.3322334999999725,25.58506774902344,635.48828125,635.48828125,0.0,,,,,,,,,,,,,,,0.0004037919999859,163.0,18.0,50.0,0.0,0.0049645830000031,0.1299452910000127,0.0884036250000122,0.0212567919999742,0.0037870000000452,eigsh,0.0003619999999955,887227384.0,0.0049645830000031
8.0,10,820260516,5000,3,3,50294,304192,0.01216768,0.681379699963145,0.0937325999839231,0,0.0,30.1764,50.0,50311.7285888,10.06234571776,30.18703715328,0.1109777955591118,1.152e-05,1.28e-06,sparse,Non-random,non_random,0.0008,0.9976007207686624,0.993869951956975,0.0323294999543577,eigsh,0.0066059000091627,8.9599983766675e-05,0.0470083999680355,0.0537103000096976,1.0,0.6669838637038927,0.828816199908033,0.9375,0.0912689000833779,10.484354972839355,,,,,,,,,,,,,,,,,,,,,,,,,,,,,,,
8.0,10,820260516,5000,3,3,50294,304192,0.01216768,0.32176504100789316,0.051963833000627346,0,0.0,30.1764,50.0,50311.728588800004,10.062345717760001,30.187037153280002,0.11097779555911182,1.152e-05,1.28e-06,sparse,Gaussian random projection,gaussian_random_projection,0.001,0.9970012634466354,0.9928420699632793,0.020804333995329216,,0.16158558300230652,0.0002945000014733523,0.16985425000893883,0.33173854200867936,0.9999975254258395,0.665426544917567,0.7054632070212392,2.5018290000000434,0.3548162079969188,28.780714988708496,666.109375,666.109375,0.0,0.003434749989537522,0.0868322089954745,0.049202750000404194,0.018636332999449223,0.001997749990550801,eigsh,0.0010196250077569857,,,,,,,,,,,,,,,,,,,,,
8.0,10,820260516,5000,3,3,50294,304192,0.01216768,0.681379699963145,0.0937325999839231,0,0.0,30.1764,50.0,50311.7285888,10.06234571776,30.18703715328,0.1109777955591118,1.152e-05,1.28e-06,sparse,Random sampling,random_sampling,0.0046,0.9862424981013816,0.9704535974248244,0.0323851000284776,,0.018377500004135,9.430001955479383e-05,0.0500048000831157,0.0684824000345543,1.0586433207956294,0.7602410191144414,0.8435889000538737,0.84375,0.1065656000282615,13.521934509277344,,,,,,,,,,,0.0083970999112352,eigsh,0.0098959000315517,154596.0,108053.0,0.7,212588.0,,,,,,,,,,,,,,
8.0,10,820260516,5000,3,3,50294,304192,0.01216768,0.7081794169999966,0.1138813750000053,0,0.0,30.1764,50.0,50311.7285888,10.06234571776,30.18703715328,0.1109777955591118,1.152e-05,1.28e-06,sparse,CountSketch random projection,countsketch_random_projection,0.0014,0.9958039634333078,0.990030021879562,0.0177713340000309,,0.2475262080000106,0.0002328329999841,0.0637497499999995,0.3115151669999818,0.9999969674112014,0.6651093711254288,1.1335695829999963,2.0743600000000697,0.3326817500000061,25.545509338378903,635.48828125,635.48828125,0.0,,,,,,,,,,,,,,,0.0004468330000122,163.0,18.0,47.0,0.0,0.0055993749999743,0.13207541700001,0.0849420840000334,0.0203674580000097,0.0037543749999713,eigsh,0.0002482090000057,2054844282.0,0.0055993749999743
16.0,1,1620260507,5000,3,3,100227,596178,0.02384712,1.339503000024706,0.1982801000121981,0,0.0,60.1362,88.0,100623.4571776,20.124691435520003,60.37407430656,0.1109777955591118,2.304e-05,2.56e-06,sparse,Non-random,non_random,0.0,1.0,1.0,0.0328739000251516,eigsh,0.0117922999197617,0.0001076000044122,0.0453140999889001,0.0572214999701827,1.0,0.6591163437403954,1.5949970999499783,0.921875,0.1002122000791132,20.508898735046387,,,,,,,,,,,,,,,,,,,,,,,,,,,,,,,
16.0,1,1620260507,5000,3,3,100227,596178,0.02384712,0.585170582999126,0.11087229198892601,0,0.0,60.1362,88.0,100623.45717760001,20.124691435520003,60.374074306560004,0.11097779555911182,2.304e-05,2.56e-06,sparse,Gaussian random projection,gaussian_random_projection,0.0,1.0,1.0,0.02944191699498333,,0.2670192079967819,9.595899609848857e-05,0.12919712500297464,0.39631804201053455,0.9999993301608514,0.6585777654150644,1.092355166983907,2.588622999999984,0.43127279200416524,32.12252712249756,666.109375,666.109375,0.0,0.0033796659990912303,0.15891758300131187,0.06529316600062884,0.03695283300476149,0.001496833996498026,eigsh,0.00029783399077132344,,,,,,,,,,,,,,,,,,,,,
16.0,1,1620260507,5000,3,3,100227,596178,0.02384712,1.339503000024706,0.1982801000121981,0,0.0,60.1362,88.0,100623.4571776,20.124691435520003,60.37407430656,0.1109777955591118,2.304e-05,2.56e-06,sparse,Random sampling,random_sampling,0.0002,0.999399999976,0.9984674336385791,0.0321420000400394,,0.0311091000912711,0.0001408999087288,0.044824399985373,0.0760809000348672,1.0580235427146003,0.7450006301015967,1.6138575000222772,0.96875,0.1196435999590903,26.365946769714355,,,,,,,,,,,0.0162277000490576,eigsh,0.0147176999598741,300589.0,210559.0,0.7,417574.0,,,,,,,,,,,,,,
16.0,1,1620260507,5000,3,3,100227,596178,0.02384712,1.429724292000003,0.2505151249999926,0,0.0,60.1362,88.0,100623.4571776,20.124691435520003,60.37407430656,0.1109777955591118,2.304e-05,2.56e-06,sparse,CountSketch random projection,countsketch_random_projection,0.0,1.0,1.0,0.0180160419999992,,0.3938250420000031,0.0003692919999593,0.0542617080000127,0.4484622499999773,0.9999992956679707,0.6585716961651915,2.128695458999971,2.2823390000000927,0.4723583750000557,30.81627655029297,635.48828125,635.4921875,0.00390625,,,,,,,,,,,,,,,0.0004454170000371,163.0,16.0,52.0,0.0,0.0112154999999916,0.2555933750000463,0.0871999579999851,0.0347516250000126,0.0042336250000403,eigsh,0.0002934590000336,198658326.0,0.0112154999999916
16.0,2,1620260508,5000,3,3,100692,598786,0.02395144,1.4026416999986395,0.2057720000157132,0,0.0,60.4152,87.0,100623.4571776,20.124691435520003,60.37407430656,0.1109777955591118,2.304e-05,2.56e-06,sparse,Non-random,non_random,0.0,1.0,1.0,0.035453199991025,eigsh,0.0119100000010803,8.080003317445517e-05,0.0439820999745279,0.0559790000552311,1.0000000000000002,0.657293486411785,1.6643866000231355,0.796875,0.1011444999603554,20.598437309265137,,,,,,,,,,,,,,,,,,,,,,,,,,,,,,,
16.0,2,1620260508,5000,3,3,100692,598786,0.02395144,0.6310201250016689,0.12016245900304057,0,0.0,60.4152,87.0,100623.45717760001,20.124691435520003,60.374074306560004,0.11097779555911182,2.304e-05,2.56e-06,sparse,Gaussian random projection,gaussian_random_projection,0.0,1.0,1.0,0.025512624997645617,,0.2725746250071097,0.00013662499259226024,0.11123025001143105,0.38394687499385327,0.9999994305497137,0.6568475924343021,1.1351240840158425,2.406881999999996,0.41414733399869874,32.152323722839355,666.109375,672.328125,6.21875,0.0035218330012867227,0.16332641699409578,0.06664074999571312,0.0359414169943193,0.0015645420062355697,eigsh,0.0008781669894233346,,,,,,,,,,,,,,,,,,,,,
16.0,2,1620260508,5000,3,3,100692,598786,0.02395144,1.4026416999986395,0.2057720000157132,0,0.0,60.4152,87.0,100623.4571776,20.124691435520003,60.37407430656,0.1109777955591118,2.304e-05,2.56e-06,sparse,Random sampling,random_sampling,0.0,1.0,1.0,0.0324011000338941,,0.0299932000925764,0.0001508001005277,0.0432056999998167,0.0733571000164374,1.0535209614345715,0.7393346620056089,1.6817634002072737,0.6875,0.1178702999604865,26.470620155334476,,,,,,,,,,,0.0155171999940648,eigsh,0.0143084999872371,301893.0,211301.0,0.7,419134.0,,,,,,,,,,,,,,
16.0,2,1620260508,5000,3,3,100692,598786,0.02395144,1.447356500000012,0.2389244170000211,0,0.0,60.4152,87.0,100623.4571776,20.124691435520003,60.37407430656,0.1109777955591118,2.304e-05,2.56e-06,sparse,CountSketch random projection,countsketch_random_projection,0.0,1.0,1.0,0.0175484999999753,,0.3954198330000054,0.0002020000000015,0.0524999169999773,0.4481263750000153,0.999999223461063,0.6567261626946975,2.1344026670000176,2.2667880000001333,0.4721407910000152,30.85761260986328,637.77734375,646.84765625,9.0703125,,,,,,,,,,,,,,,0.0004860000000235,163.0,17.0,52.0,0.0,0.010586083000021,0.2539875829999687,0.091747625000039,0.0346744169999624,0.0036578749999875,eigsh,0.0002305830000182,627936193.0,0.010586083000021
16.0,3,1620260509,5000,3,3,100715,598712,0.02394848,1.3960719000315294,0.2008013000013306,0,0.0,60.429,95.0,100623.4571776,20.124691435520003,60.37407430656,0.1109777955591118,2.304e-05,2.56e-06,sparse,Non-random,non_random,0.0,1.0,1.0,0.0323810999980196,eigsh,0.0115549999754875,8.030002936720848e-05,0.0438318001106381,0.0554729999275878,1.0,0.6569451323690761,1.652340300148353,0.734375,0.0968051999807357,20.59589672088623,,,,,,,,,,,,,,,,,,,,,,,,,,,,,,,
16.0,3,1620260509,5000,3,3,100715,598712,0.02394848,0.5930405839899322,0.11083404200326186,0,0.0,60.429,95.0,100623.45717760001,20.124691435520003,60.374074306560004,0.11097779555911182,2.304e-05,2.56e-06,sparse,Gaussian random projection,gaussian_random_projection,0.0,1.0,1.0,0.01748724999197293,,0.2710680830059573,0.0002759580092970282,0.11852954200003296,0.3898778750008205,0.9999993997078014,0.6564029260033563,1.0937482090084814,2.4010680000000093,0.41179691698926035,32.15122890472412,672.328125,672.34375,0.015625,0.0035050829901592806,0.1612838750006631,0.050041458001942374,0.050777874988853,0.003123290996882133,eigsh,0.0003505420027067885,,,,,,,,,,,,,,,,,,,,,
16.0,3,1620260509,5000,3,3,100715,598712,0.02394848,1.3960719000315294,0.2008013000013306,0,0.0,60.429,95.0,100623.4571776,20.124691435520003,60.37407430656,0.1109777955591118,2.304e-05,2.56e-06,sparse,Random sampling,random_sampling,0.0,1.0,1.0,0.0322282999986782,,0.0297710000304505,0.0001061999937519,0.044069799943827,0.0739534000167623,1.0565052350712023,0.7437517442900313,1.6708202000008896,0.953125,0.1165567000862211,26.47552299499512,,,,,,,,,,,0.0153538000304251,eigsh,0.0142646000022068,301856.0,211411.0,0.7,419305.0,,,,,,,,,,,,,,
16.0,3,1620260509,5000,3,3,100715,598712,0.02394848,1.4384230420000108,0.2477351249999628,0,0.0,60.429,95.0,100623.4571776,20.124691435520003,60.37407430656,0.1109777955591118,2.304e-05,2.56e-06,sparse,CountSketch random projection,countsketch_random_projection,0.0,1.0,1.0,0.0177896659999987,,0.4054426669999884,0.0002303329999904,0.0552503329999467,0.4609289590000003,0.9999992400185403,0.6564674154209992,2.1470814999998993,2.207680999999866,0.4848402910000118,30.864093780517575,646.84765625,646.84765625,0.0,,,,,,,,,,,,,,,0.0004720420000126,163.0,16.0,46.0,0.0,0.011990916000002,0.2580552499999839,0.0940450410000153,0.0366058750000206,0.0039352090000193,eigsh,0.0002657499999827,4157413988.0,0.011990916000002
16.0,4,1620260510,5000,3,3,100583,598372,0.02393488,1.3406656999140978,0.2097359000472352,0,0.0,60.3498,90.0,100623.4571776,20.124691435520003,60.37407430656,0.1109777955591118,2.304e-05,2.56e-06,sparse,Non-random,non_random,0.0,1.0,1.0,0.0344912000000476,eigsh,0.0114181000972166,7.880001794546843e-05,0.0434463999699801,0.0549493000144138,1.0,0.6595305691576201,1.6053449000464752,0.8125,0.0988286000210791,20.584223747253414,,,,,,,,,,,,,,,,,,,,,,,,,,,,,,,
16.0,4,1620260510,5000,3,3,100583,598372,0.02393488,0.6062506659945939,0.11546054200152867,0,0.0,60.3498,90.0,100623.45717760001,20.124691435520003,60.374074306560004,0.11097779555911182,2.304e-05,2.56e-06,sparse,Gaussian random projection,gaussian_random_projection,0.0,1.0,1.0,0.021881832988583483,,0.26158166700042784,0.0004982090031262487,0.1421028339973418,0.404187959007686,0.9999994039109426,0.6590615134295557,1.1258939179970184,2.4812789999999723,0.43073345799348317,32.14738750457764,672.34375,672.34375,0.0,0.0033001669944496825,0.17304641599184833,0.04281145799905062,0.03732841600140091,0.0031456669967155904,eigsh,0.0005188749928493053,,,,,,,,,,,,,,,,,,,,,
16.0,4,1620260510,5000,3,3,100583,598372,0.02393488,1.3406656999140978,0.2097359000472352,0,0.0,60.3498,90.0,100623.4571776,20.124691435520003,60.37407430656,0.1109777955591118,2.304e-05,2.56e-06,sparse,Random sampling,random_sampling,0.0,1.0,1.0,0.0323929999722167,,0.0304344999603927,0.0001531000016257,0.0428256000159308,0.0734211000381037,1.0555531028688825,0.7465642621647802,1.6238147999392822,1.140625,0.1150895999744534,26.44962787628174,,,,,,,,,,,0.0159658999182283,eigsh,0.0142926999833434,301686.0,211128.0,0.7,418756.0,,,,,,,,,,,,,,
16.0,4,1620260510,5000,3,3,100583,598372,0.02393488,1.4297798750000084,0.2314674579999973,0,0.0,60.3498,90.0,100623.4571776,20.124691435520003,60.37407430656,0.1109777955591118,2.304e-05,2.56e-06,sparse,CountSketch random projection,countsketch_random_projection,0.0,1.0,1.0,0.0180050000000164,,0.4316484579999837,0.0002994170000079,0.0539465829999699,0.4859010419999663,0.9999992338593908,0.6590378998038805,2.1471417909999673,2.1952919999998812,0.5098812090000138,30.85435485839844,646.84765625,646.84765625,0.0,,,,,,,,,,,,,,,0.0004749579999838,163.0,17.0,45.0,0.0,0.0133059159999788,0.2647470420000104,0.112703042000021,0.0358106250000105,0.0040547080000123,eigsh,0.0004377500000032,3156270290.0,0.0133059159999788
16.0,5,1620260511,5000,3,3,100638,598568,0.02394272,1.3353449000278488,0.2088663000613451,0,0.0,60.3828,87.0,100623.4571776,20.124691435520003,60.37407430656,0.1109777955591118,2.304e-05,2.56e-06,sparse,Non-random,non_random,0.0,1.0,1.0,0.0339862999971956,eigsh,0.0143562000012025,8.60999571159482e-05,0.0484778999816626,0.0629276999970898,1.0,0.6587694906845842,1.607131400029175,0.703125,0.1091034999117255,20.59095287322998,,,,,,,,,,,,,,,,,,,,,,,,,,,,,,,
16.0,5,1620260511,5000,3,3,100638,598568,0.02394272,0.6291764169873204,0.12237366700719576,0,0.0,60.3828,87.0,100623.45717760001,20.124691435520003,60.374074306560004,0.11097779555911182,2.304e-05,2.56e-06,sparse,Gaussian random projection,gaussian_random_projection,0.0,1.0,1.0,0.02460558399616275,,0.2604131249972852,0.00030700000934302807,0.09309399999619927,0.35382133300299756,0.9999992864407843,0.65835274613323,1.1053642089973437,2.080547999999908,0.3852281250001397,32.149481773376465,672.34375,672.34375,0.0,0.00362324999878183,0.16742458401131444,0.05744191700068768,0.02723516600963194,0.002792459010379389,eigsh,0.0009371249907417223,,,,,,,,,,,,,,,,,,,,,
16.0,5,1620260511,5000,3,3,100638,598568,0.02394272,1.3353449000278488,0.2088663000613451,0,0.0,60.3828,87.0,100623.4571776,20.124691435520003,60.37407430656,0.1109777955591118,2.304e-05,2.56e-06,sparse,Random sampling,random_sampling,0.0,1.0,1.0,0.0330337999621406,,0.0322486999211832,0.0001448000548407,0.042947500012815,0.0753493999363854,1.0544829159018625,0.7442871021386479,1.619552200078033,1.109375,0.1205252999207004,26.43968677520752,,,,,,,,,,,0.0177951999939978,eigsh,0.014284300035797,301784.0,210934.0,0.7,418358.0,,,,,,,,,,,,,,
16.0,5,1620260511,5000,3,3,100638,598568,0.02394272,1.474987375000012,0.2569377920000306,0,0.0,60.3828,87.0,100623.4571776,20.124691435520003,60.37407430656,0.1109777955591118,2.304e-05,2.56e-06,sparse,CountSketch random projection,countsketch_random_projection,0.0,1.0,1.0,0.0172688750000133,,0.3922712910000427,0.0002107089999867,0.060633915999972,0.4531209579999995,0.9999993760568814,0.6582990294600278,2.185041083000044,2.3233439999999064,0.4768785419999517,30.85797882080078,646.84765625,646.84765625,0.0,,,,,,,,,,,,,,,0.0005080419999785,163.0,17.0,48.0,0.0,0.0117237910000085,0.2535537499999805,0.0877999999999588,0.0346532499999625,0.0036620419999735,eigsh,0.0003206659999932,326596883.0,0.0117237910000085
16.0,6,1620260512,5000,3,3,100197,595562,0.02382248,1.3272546000080183,0.2276469999924302,0,0.0,60.1182,92.0,100623.4571776,20.124691435520003,60.37407430656,0.1109777955591118,2.304e-05,2.56e-06,sparse,Non-random,non_random,0.0,1.0,1.0,0.0327475999947637,eigsh,0.0113065999466925,7.850001566112041e-05,0.0425769999856129,0.0539674999890849,0.9999999999999996,0.6575600720268913,1.6088636999484152,0.78125,0.0961284000659361,20.48775005340576,,,,,,,,,,,,,,,,,,,,,,,,,,,,,,,
16.0,6,1620260512,5000,3,3,100197,595562,0.02382248,0.6137019580055494,0.10976474999915808,0,0.0,60.1182,92.0,100623.45717760001,20.124691435520003,60.374074306560004,0.11097779555911182,2.304e-05,2.56e-06,sparse,Gaussian random projection,gaussian_random_projection,0.0,1.0,1.0,0.023769082996295765,,0.26720633399963845,0.0003050840023206547,0.1435636669921223,0.4110794169973815,0.9999993905204823,0.6570477607070193,1.1345417929987889,2.642161999999985,0.43981820800399873,32.11503028869629,672.34375,672.34375,0.0,0.003567250008927658,0.15958224999485537,0.05749083300179336,0.043640707997838035,0.0020290420070523396,eigsh,0.0002023750130319968,,,,,,,,,,,,,,,,,,,,,
16.0,6,1620260512,5000,3,3,100197,595562,0.02382248,1.3272546000080183,0.2276469999924302,0,0.0,60.1182,92.0,100623.4571776,20.124691435520003,60.37407430656,0.1109777955591118,2.304e-05,2.56e-06,sparse,Random sampling,random_sampling,0.0002,0.9994000000480864,0.998467433503938,0.0347968999994918,,0.0316021000035107,0.0001421000342816,0.0456777000799775,0.0774303000653162,1.054340205418688,0.7422483409304695,1.6323235001182184,1.125,0.1240486000897362,26.320761680603027,,,,,,,,,,,0.0168595999712124,eigsh,0.0145658999681472,300281.0,210063.0,0.7,416634.0,,,,,,,,,,,,,,
16.0,6,1620260512,5000,3,3,100197,595562,0.02382248,1.4349483749999763,0.2471223750000035,0,0.0,60.1182,92.0,100623.4571776,20.124691435520003,60.37407430656,0.1109777955591118,2.304e-05,2.56e-06,sparse,CountSketch random projection,countsketch_random_projection,0.0,1.0,1.0,0.0178084170000261,,0.3958752500000173,0.0002140420000387,0.05243408299998,0.4485294579999959,0.9999991670999876,0.657044722825842,2.130594125000016,2.196662999999944,0.4728368329999739,30.801422119140625,646.84765625,646.8515625,0.00390625,,,,,,,,,,,,,,,0.0005482500000084,163.0,17.0,49.0,0.0,0.0101715839999769,0.2523360829999888,0.0928719580000461,0.0359196660000407,0.0037438749999978,eigsh,0.0002289579999796,865187636.0,0.0101715839999769
16.0,7,1620260513,5000,3,3,100369,597268,0.02389072,1.356183600029908,0.2002384000224992,0,0.0,60.2214,91.0,100623.4571776,20.124691435520003,60.37407430656,0.1109777955591118,2.304e-05,2.56e-06,sparse,Non-random,non_random,0.0,1.0,1.0,0.0332146999426186,eigsh,0.0110915000550448,9.220000356435776e-05,0.0429034999106079,0.0540927000110968,0.9999999999999998,0.6581548619801904,1.6105092000216246,0.71875,0.0968976999865844,20.546320915222168,,,,,,,,,,,,,,,,,,,,,,,,,,,,,,,
16.0,7,1620260513,5000,3,3,100369,597268,0.02389072,0.5928761250106618,0.11160525000013877,0,0.0,60.2214,91.0,100623.45717760001,20.124691435520003,60.374074306560004,0.11097779555911182,2.304e-05,2.56e-06,sparse,Gaussian random projection,gaussian_random_projection,0.0,1.0,1.0,0.026069875006214716,,0.2879390830057673,0.0005035000067437068,0.11609379200672265,0.4045407920057187,0.9999993473470965,0.6577222002589962,1.1090177500300342,2.644567000000052,0.43549558299127966,32.13475322723389,672.34375,672.359375,0.015625,0.003268625005148351,0.1599529170052847,0.058240167010808364,0.06368291699618567,0.0014700829924549907,eigsh,0.0009748340089572594,,,,,,,,,,,,,,,,,,,,,
16.0,7,1620260513,5000,3,3,100369,597268,0.02389072,1.356183600029908,0.2002384000224992,0,0.0,60.2214,91.0,100623.4571776,20.124691435520003,60.37407430656,0.1109777955591118,2.304e-05,2.56e-06,sparse,Random sampling,random_sampling,0.0,1.0,1.0,0.0357021000236272,,0.0296154000097885,0.0001423000358045,0.0441970000974833,0.0739626999711617,1.0544821159975988,0.7438273261748585,1.630376700195484,1.046875,0.1220979000208899,26.39100170135498,,,,,,,,,,,0.015425999998115,eigsh,0.0140358998905867,301134.0,210594.0,0.7,417693.0,,,,,,,,,,,,,,
16.0,7,1620260513,5000,3,3,100369,597268,0.02389072,1.4130545000000438,0.2278139580000129,0,0.0,60.2214,91.0,100623.4571776,20.124691435520003,60.37407430656,0.1109777955591118,2.304e-05,2.56e-06,sparse,CountSketch random projection,countsketch_random_projection,0.0,1.0,1.0,0.0177370830000427,,0.4086681669999734,0.000209959000017,0.0519640420000087,0.460846833000005,0.9999993600348402,0.6575399597093473,2.101710626000056,2.1749379999998837,0.4851187090000053,30.83272171020508,646.8515625,646.8515625,0.0,,,,,,,,,,,,,,,0.0004160830000046,163.0,18.0,47.0,0.0,0.0105961250000063,0.253079624999998,0.1041025829999853,0.036374999999964,0.003705458000013,eigsh,0.0003448749999961,445251066.0,0.0105961250000063
16.0,8,1620260514,5000,3,3,100909,599962,0.02399848,1.3493658000370488,0.2065850000362843,0,0.0,60.5454,101.0,100623.4571776,20.124691435520003,60.37407430656,0.1109777955591118,2.304e-05,2.56e-06,sparse,Non-random,non_random,0.0,1.0,1.0,0.0337279000086709,eigsh,0.0109762999927625,7.680000271648169e-05,0.0424385999795049,0.0534969000145792,0.9999999999999996,0.6588502005363078,1.609442500048317,0.796875,0.0966314000543206,20.63881206512451,,,,,,,,,,,,,,,,,,,,,,,,,,,,,,,
16.0,8,1620260514,5000,3,3,100909,599962,0.02399848,0.6149630410072859,0.12244095900678076,0,0.0,60.5454,101.0,100623.45717760001,20.124691435520003,60.374074306560004,0.11097779555911182,2.304e-05,2.56e-06,sparse,Gaussian random projection,gaussian_random_projection,0.0,1.0,1.0,0.015197792003164068,,0.2955982919957023,0.0007522090018028393,0.13746933299989905,0.4338253750029253,0.9999993604837862,0.6583078041616716,1.171223834011471,2.657468999999992,0.4541651670006104,32.16543483734131,672.359375,672.359375,0.0,0.0033010829938575625,0.16847624999354593,0.061601499997777864,0.05665016699640546,0.002154292000341229,eigsh,0.002365041000302881,,,,,,,,,,,,,,,,,,,,,
16.0,8,1620260514,5000,3,3,100909,599962,0.02399848,1.3493658000370488,0.2065850000362843,0,0.0,60.5454,101.0,100623.4571776,20.124691435520003,60.37407430656,0.1109777955591118,2.304e-05,2.56e-06,sparse,Random sampling,random_sampling,0.0,1.0,1.0,0.0325786999892443,,0.0290775999892503,0.0002153000095859,0.0456611999543383,0.0749633000232279,1.0530596521133064,0.7437751929617505,1.6309049000265077,0.875,0.1191581999883055,26.520350456237797,,,,,,,,,,,0.0150734999915584,eigsh,0.013797799940221,302481.0,211687.0,0.7,419901.0,,,,,,,,,,,,,,
16.0,8,1620260514,5000,3,3,100909,599962,0.02399848,1.465419666999992,0.2499249999999619,0,0.0,60.5454,101.0,100623.4571776,20.124691435520003,60.37407430656,0.1109777955591118,2.304e-05,2.56e-06,sparse,CountSketch random projection,countsketch_random_projection,0.0,1.0,1.0,0.0175083749999771,,0.3968930839999984,0.0002194170000393,0.0545960000000036,0.4517134580000288,0.9999993841829684,0.6582580748297372,2.1670531679999954,2.2598699999998644,0.4751569999999674,30.88334274291992,646.8515625,646.8515625,0.0,,,,,,,,,,,,,,,0.0004927909999992,163.0,18.0,45.0,0.0,0.0109520000000316,0.258787333999976,0.0867120839999984,0.0356784589999961,0.0039509160000079,eigsh,0.0002581249999593,1673329984.0,0.0109520000000316
16.0,9,1620260515,5000,3,3,100111,595336,0.02381344,1.320803300011903,0.2035866000223904,0,0.0,60.0666,94.0,100623.4571776,20.124691435520003,60.37407430656,0.1109777955591118,2.304e-05,2.56e-06,sparse,Non-random,non_random,0.0,1.0,1.0,0.0346342000411823,eigsh,0.0118713000556454,9.360001422464848e-05,0.0428513999795541,0.0548230999847874,0.9999999999999998,0.6583122870028599,1.5792062000837177,0.75,0.0987044000066816,20.47999095916748,,,,,,,,,,,,,,,,,,,,,,,,,,,,,,,
16.0,9,1620260515,5000,3,3,100111,595336,0.02381344,0.6133320420049131,0.1095301669993205,0,0.0,60.0666,94.0,100623.45717760001,20.124691435520003,60.374074306560004,0.11097779555911182,2.304e-05,2.56e-06,sparse,Gaussian random projection,gaussian_random_projection,0.0,1.0,1.0,0.027451500005554408,,0.2684962499915855,0.0002581669978098944,0.15276033300324343,0.42151904200727586,0.9999991862379622,0.657825166515913,1.1443769589968724,2.8028739999999743,0.4539439170039259,32.112494468688965,672.359375,672.359375,0.0,0.0034045000065816566,0.15832854200561997,0.04986595900845714,0.05396370799280703,0.0014670840027974918,eigsh,0.00021304099936969578,,,,,,,,,,,,,,,,,,,,,
16.0,9,1620260515,5000,3,3,100111,595336,0.02381344,1.320803300011903,0.2035866000223904,0,0.0,60.0666,94.0,100623.4571776,20.124691435520003,60.37407430656,0.1109777955591118,2.304e-05,2.56e-06,sparse,Random sampling,random_sampling,0.0,1.0,1.0,0.035895699984394,,0.0349171999841928,0.000196999986656,0.0477905999869108,0.082914900034666,1.0551310152932154,0.7460839347296472,1.6072946999920532,0.828125,0.128952799947001,26.337865829467773,,,,,,,,,,,0.0181165999965742,eigsh,0.0165499999420717,300168.0,210371.0,0.7,417253.0,,,,,,,,,,,,,,
16.0,9,1620260515,5000,3,3,100111,595336,0.02381344,1.4104869160000248,0.2410904999999843,0,0.0,60.0666,94.0,100623.4571776,20.124691435520003,60.37407430656,0.1109777955591118,2.304e-05,2.56e-06,sparse,CountSketch random projection,countsketch_random_projection,0.0,1.0,1.0,0.0173451249999629,,0.4015062500000113,0.0002228750000199,0.0534600839999939,0.4551946670000006,0.9999993659027848,0.6577808200428986,2.1067666250000343,2.249650999999858,0.4793700409999815,30.806713104248047,646.8515625,646.8515625,0.0,,,,,,,,,,,,,,,0.0005680830000187,163.0,19.0,47.0,0.0,0.0112517499999853,0.259704916999965,0.0891768330000104,0.0364694169999779,0.0038518339999882,eigsh,0.0003740419999758,3047920171.0,0.0112517499999853
16.0,10,1620260516,5000,3,3,100756,599472,0.02397888,1.3303371999645606,0.1973644000245258,0,0.0,60.4536,90.0,100623.4571776,20.124691435520003,60.37407430656,0.1109777955591118,2.304e-05,2.56e-06,sparse,Non-random,non_random,0.0,1.0,1.0,0.0320551000768318,eigsh,0.0109431999735534,9.109999518841504e-05,0.04298689996358,0.0540276999818161,1.0000000000000002,0.6600238778049053,1.5817227999214083,0.703125,0.0955047999741509,20.621989250183105,,,,,,,,,,,,,,,,,,,,,,,,,,,,,,,
16.0,10,1620260516,5000,3,3,100756,599472,0.02397888,0.5929093750019092,0.1094340830022702,0,0.0,60.4536,90.0,100623.45717760001,20.124691435520003,60.374074306560004,0.11097779555911182,2.304e-05,2.56e-06,sparse,Gaussian random projection,gaussian_random_projection,0.0,1.0,1.0,0.022764292007195763,,0.2799497920059366,0.00042987499909941107,0.10495091600751039,0.38533504100632854,0.9999992334392984,0.6595602844221503,1.0876740410167258,2.4081579999999576,0.41303920799691696,32.15982723236084,672.359375,672.359375,0.0,0.003253875009249896,0.16069058400171343,0.053559666994260624,0.05744454200612381,0.0032826250098878518,eigsh,0.0005660419992636889,,,,,,,,,,,,,,,,,,,,,
16.0,10,1620260516,5000,3,3,100756,599472,0.02397888,1.3303371999645606,0.1973644000245258,0,0.0,60.4536,90.0,100623.4571776,20.124691435520003,60.37407430656,0.1109777955591118,2.304e-05,2.56e-06,sparse,Random sampling,random_sampling,0.0002,0.999399819940018,0.9984673789514548,0.0349166000960394,,0.0299658000003546,0.0001487999688833,0.0452916000504046,0.0754131999565288,1.0568353454224553,0.7477684760321097,1.603107800008729,0.96875,0.1225117000285536,26.474135398864743,,,,,,,,,,,0.0154696000972762,eigsh,0.0143067000899463,302236.0,211188.0,0.7,418832.0,,,,,,,,,,,,,,
16.0,10,1620260516,5000,3,3,100756,599472,0.02397888,1.4479056250000326,0.2489293329999782,0,0.0,60.4536,90.0,100623.4571776,20.124691435520003,60.37407430656,0.1109777955591118,2.304e-05,2.56e-06,sparse,CountSketch random projection,countsketch_random_projection,0.0,1.0,1.0,0.0178115840000145,,0.3866049579999639,0.0002082920000248,0.0479637089999869,0.4347810829999616,0.9999993461316938,0.6595925505035901,2.1316119169999865,2.2059810000000653,0.45902058300004,30.867355346679688,646.8515625,646.8515625,0.0,,,,,,,,,,,,,,,0.0004794160000187,163.0,17.0,51.0,0.0,0.0101558750000094,0.2493088750000538,0.0882431659999838,0.0345515000000204,0.0036058750000051,eigsh,0.0002043749999529,1169969133.0,0.0101558750000094
32.0,1,3220260507,5000,3,3,201326,1171866,0.04687464,2.734657399938442,0.4523790000239387,0,0.0,120.7956,160.0,201246.9143552,40.249382871040005,120.74814861312,0.1109777955591118,4.608e-05,5.12e-06,sparse,Non-random,non_random,0.0,1.0,1.0,0.0337868001079186,eigsh,0.0199763999553397,8.030002936720848e-05,0.0437994999811053,0.0638632000191137,0.9999999999999998,0.6516328915353437,3.250892599928193,0.796875,0.1169747000094503,40.27357769012451,,,,,,,,,,,,,,,,,,,,,,,,,,,,,,,
32.0,1,3220260507,5000,3,3,201326,1171866,0.04687464,1.2202252080023754,0.24439091600652318,0,0.0,120.7956,160.0,201246.91435520002,40.249382871040005,120.74814861312001,0.11097779555911182,4.608e-05,5.12e-06,sparse,Gaussian random projection,gaussian_random_projection,0.0,1.0,1.0,0.02728216598916333,,0.42850483300571796,0.00031108300026971847,0.12664066700381227,0.5554620000038994,0.9999997395721016,0.6514022889479902,2.0200727070186986,2.8490050000000338,0.5921626250055851,40.273531913757324,673.125,673.125,0.0,0.0033952090016100556,0.30491783301113173,0.04536479100352153,0.07250979200762231,0.0014533750072587281,eigsh,0.0002863749978132546,,,,,,,,,,,,,,,,,,,,,
32.0,1,3220260507,5000,3,3,201326,1171866,0.04687464,2.734657399938442,0.4523790000239387,0,0.0,120.7956,160.0,201246.9143552,40.249382871040005,120.74814861312,0.1109777955591118,4.608e-05,5.12e-06,sparse,Random sampling,random_sampling,0.0,1.0,1.0,0.0357093999627977,,0.0568862000945955,0.0001592000480741,0.0451054000295698,0.1021580999949947,1.0523360250719167,0.7349174309845843,3.28918720013462,0.734375,0.1581279999809339,51.64889526367188,,,,,,,,,,,0.0318328000139445,eigsh,0.0247277000453323,588433.0,412032.0,0.7,820590.0,,,,,,,,,,,,,,
32.0,1,3220260507,5000,3,3,201326,1171866,0.04687464,3.035140709000018,0.5581929169999853,0,0.0,120.7956,160.0,201246.9143552,40.249382871040005,120.74814861312,0.1109777955591118,4.608e-05,5.12e-06,sparse,CountSketch random projection,countsketch_random_projection,0.0,1.0,1.0,0.0174479579999911,,0.6656000829999584,0.0002163329999689,0.0499420829999621,0.7157636669999761,0.9999997763225196,0.6513988549115303,4.309092124999893,2.7309030000001258,0.7450310419999937,40.27490234375,646.8515625,646.8515625,0.0,,,,,,,,,,,,,,,0.0005709580000257,163.0,18.0,46.0,0.0,0.0207802499999729,0.4855477080000128,0.0896345419999988,0.0650542500000028,0.0036959590000265,eigsh,0.0002524159999666,174210363.0,0.0207802499999729
32.0,2,3220260508,5000,3,3,201506,1172922,0.04691688,2.7987552999984477,0.4738920000381768,0,0.0,120.9036,161.0,201246.9143552,40.249382871040005,120.74814861312,0.1109777955591118,4.608e-05,5.12e-06,sparse,Non-random,non_random,0.0,1.0,1.0,0.034577399957925,eigsh,0.0198455000063404,8.160003926604986e-05,0.0431354999309405,0.0630690000252798,1.0000000000000002,0.65110931470995,3.335709900013171,0.984375,0.1163460999960079,40.30983257293701,,,,,,,,,,,,,,,,,,,,,,,,,,,,,,,
32.0,2,3220260508,5000,3,3,201506,1172922,0.04691688,1.1841724590049125,0.24297766700328793,0,0.0,120.9036,161.0,201246.91435520002,40.249382871040005,120.74814861312001,0.11097779555911182,4.608e-05,5.12e-06,sparse,Gaussian random projection,gaussian_random_projection,0.0,1.0,1.0,0.025092374999076128,,0.4474719580030069,0.00010112499876413494,0.12405916598800104,0.571636499997112,0.9999997299694381,0.6509092690735427,1.9987823749979725,2.8970279999999775,0.6055986670107814,40.309786796569824,674.140625,674.140625,0.0,0.0033206660009454936,0.3080686670000432,0.05624274999718182,0.07655979199626017,0.0016685409937053919,eigsh,0.00037562500801868737,,,,,,,,,,,,,,,,,,,,,
32.0,2,3220260508,5000,3,3,201506,1172922,0.04691688,2.7987552999984477,0.4738920000381768,0,0.0,120.9036,161.0,201246.9143552,40.249382871040005,120.74814861312,0.1109777955591118,4.608e-05,5.12e-06,sparse,Random sampling,random_sampling,0.0,1.0,1.0,0.033317600027658,,0.0562045000260695,0.0001462999498471,0.0467161999549716,0.1030752999940887,1.0562741516197778,0.73680102337145,3.3757142999675125,1.125,0.1577571999514475,51.72549533843994,,,,,,,,,,,0.0314014999894425,eigsh,0.0244931000052019,588961.0,412853.0,0.7,822187.0,,,,,,,,,,,,,,
32.0,2,3220260508,5000,3,3,201506,1172922,0.04691688,3.0019407080000065,0.5350809579999805,0,0.0,120.9036,161.0,201246.9143552,40.249382871040005,120.74814861312,0.1109777955591118,4.608e-05,5.12e-06,sparse,CountSketch random projection,countsketch_random_projection,0.0,1.0,1.0,0.0174191670000141,,0.6732602079999879,0.0002104590000158,0.0562329170000452,0.7297086250000007,0.9999997557285112,0.650840293983894,4.266725250000036,2.864465999999993,0.7594981660000144,40.3111572265625,646.8515625,646.8515625,0.0,,,,,,,,,,,,,,,0.0005357919999937,163.0,16.0,44.0,0.0,0.0212131250000311,0.4948812500000485,0.0886193339999863,0.0638496249999889,0.0037610420000078,eigsh,0.0003361670000003,4045552870.0,0.0212131250000311
32.0,3,3220260509,5000,3,3,201208,1171522,0.04686088,2.7246468000812456,0.4784053999464959,0,0.0,120.7248,169.0,201246.9143552,40.249382871040005,120.74814861312,0.1109777955591118,4.608e-05,5.12e-06,sparse,Non-random,non_random,0.0,1.0,1.0,0.0348259999882429,eigsh,0.0199976000003516,9.620003402233124e-05,0.0427205000305548,0.0628208999987691,1.0,0.6519445684135835,3.2658665000926703,0.859375,0.1155603999504819,40.26176738739014,,,,,,,,,,,,,,,,,,,,,,,,,,,,,,,
32.0,3,3220260509,5000,3,3,201208,1171522,0.04686088,1.1838084170012735,0.23946579200855922,0,0.0,120.7248,169.0,201246.91435520002,40.249382871040005,120.74814861312001,0.11097779555911182,4.608e-05,5.12e-06,sparse,Gaussian random projection,gaussian_random_projection,0.0,1.0,1.0,0.021656040989910252,,0.42039370800193865,0.00038995800423435867,0.13855020799383055,0.5593402079975931,0.9999997571041139,0.6516510387890139,1.9826080830098363,2.8232659999999896,0.5891604170028586,40.26172161102295,675.109375,675.109375,0.0,0.0033567909995326772,0.30354191600054037,0.05774537500110455,0.049681250005960464,0.0029559579998021945,eigsh,0.00047729200741741806,,,,,,,,,,,,,,,,,,,,,
32.0,3,3220260509,5000,3,3,201208,1171522,0.04686088,2.7246468000812456,0.4784053999464959,0,0.0,120.7248,169.0,201246.9143552,40.249382871040005,120.74814861312,0.1109777955591118,4.608e-05,5.12e-06,sparse,Random sampling,random_sampling,0.0,1.0,1.0,0.0329340000171214,,0.0576213999884203,0.0001580000389367,0.0432350999908521,0.1010237000882625,1.0535347677581035,0.7357483124667122,3.3040667000459507,0.8125,0.1536339999875053,51.60940361022949,,,,,,,,,,,0.0318882999708876,eigsh,0.0254136000294238,588261.0,411574.0,0.7,819641.0,,,,,,,,,,,,,,
32.0,3,3220260509,5000,3,3,201208,1171522,0.04686088,3.002037457999961,0.5423683340000025,0,0.0,120.7248,169.0,201246.9143552,40.249382871040005,120.74814861312,0.1109777955591118,4.608e-05,5.12e-06,sparse,CountSketch random projection,countsketch_random_projection,0.0,1.0,1.0,0.0177379589999873,,0.6917448750000403,0.0003641659999971,0.0538792500000226,0.7459950829999684,0.9999997453670196,0.6517480813047352,4.290394083000024,2.8263220000001184,0.7756519160000153,40.263092041015625,646.8515625,646.8515625,0.0,,,,,,,,,,,,,,,0.0004655000000184,163.0,18.0,49.0,0.0,0.0215127079999888,0.4979465829999867,0.1024538330000268,0.065048833999981,0.0037854160000279,eigsh,0.0004309580000381,3977103013.0,0.0215127079999888
32.0,4,3220260510,5000,3,3,201155,1171362,0.04685448,2.7216790999518707,0.4841797000262886,0,0.0,120.693,164.0,201246.9143552,40.249382871040005,120.74814861312,0.1109777955591118,4.608e-05,5.12e-06,sparse,Non-random,non_random,0.0,1.0,1.0,0.0330777999479323,eigsh,0.0198681999463588,9.169999975711109e-05,0.0434735000599175,0.0634402999421581,1.0000000000000002,0.6523383550543196,3.269292199984193,0.921875,0.1155929999658837,40.25627422332764,,,,,,,,,,,,,,,,,,,,,,,,,,,,,,,
32.0,4,3220260510,5000,3,3,201155,1171362,0.04685448,1.1730783749953844,0.24920449999626726,0,0.0,120.693,164.0,201246.91435520002,40.249382871040005,120.74814861312001,0.11097779555911182,4.608e-05,5.12e-06,sparse,Gaussian random projection,gaussian_random_projection,0.0,1.0,1.0,0.03459058399312198,,0.44705437500670087,0.000270208009169437,0.12583095800073352,0.5731613750103861,0.9999997949812871,0.6521381713666048,1.9954384160082554,2.8889290000000756,0.6175744159991154,40.25622844696045,676.09375,676.09375,0.0,0.003795249998802319,0.31934983299288433,0.0575544580060523,0.060963916999753565,0.00323220799327828,eigsh,0.0011382079974282533,,,,,,,,,,,,,,,,,,,,,
32.0,4,3220260510,5000,3,3,201155,1171362,0.04685448,2.7216790999518707,0.4841797000262886,0,0.0,120.693,164.0,201246.9143552,40.249382871040005,120.74814861312,0.1109777955591118,4.608e-05,5.12e-06,sparse,Random sampling,random_sampling,0.0,1.0,1.0,0.0333590999944135,,0.0562834000447765,0.000144499936141,0.0429501000326126,0.0993859999580308,1.0537301381800632,0.7346822712747565,3.3052367999916896,0.984375,0.1517238999949768,51.59638500213623,,,,,,,,,,,0.0314352000132203,eigsh,0.0245279000373557,588181.0,411435.0,0.7,819355.0,,,,,,,,,,,,,,
32.0,4,3220260510,5000,3,3,201155,1171362,0.04685448,3.020827249999968,0.539801916999977,0,0.0,120.693,164.0,201246.9143552,40.249382871040005,120.74814861312,0.1109777955591118,4.608e-05,5.12e-06,sparse,CountSketch random projection,countsketch_random_projection,0.0,1.0,1.0,0.0177619579999941,,0.6587788330000421,0.0002075830000194,0.058445708000022,0.7174370000000181,0.999999745501799,0.6521118127178842,4.278061291000029,2.840246999999863,0.7467568330000063,40.257598876953125,646.8515625,646.8515625,0.0,,,,,,,,,,,,,,,0.0005405829999745,163.0,18.0,46.0,0.0,0.0209791249999966,0.4823301250000327,0.0864191250000203,0.0642107080000187,0.0040463330000193,eigsh,0.0001984999999535,1006659241.0,0.0209791249999966
32.0,5,3220260511,5000,3,3,201857,1174904,0.04699616,3.498176499968394,0.5454716000240296,0,0.0,121.1142,163.0,201246.9143552,40.249382871040005,120.74814861312,0.1109777955591118,4.608e-05,5.12e-06,sparse,Non-random,non_random,0.0,1.0,1.0,0.0329506000271067,eigsh,0.0220234000589698,9.759992826730012e-05,0.0449902000837028,0.0671183000085875,1.0,0.6527202247737764,4.110759300063364,0.8125,0.1224923999980092,40.37787914276123,,,,,,,,,,,,,,,,,,,,,,,,,,,,,,,
32.0,5,3220260511,5000,3,3,201857,1174904,0.04699616,1.2004706250008894,0.25344462499197107,0,0.0,121.1142,163.0,201246.91435520002,40.249382871040005,120.74814861312001,0.11097779555911182,4.608e-05,5.12e-06,sparse,Gaussian random projection,gaussian_random_projection,0.0,1.0,1.0,0.025509084007353522,,0.44829829200170934,0.0005477920058183372,0.11899870799970813,0.567849291008315,0.9999997350639078,0.6525214122180659,2.0217600420000963,2.9584540000000743,0.6026997079898138,40.37783336639404,676.21875,676.21875,0.0,0.0035097910003969446,0.30332808299863245,0.04847333300858736,0.08874175000528339,0.0031561249925289303,eigsh,0.0003357090026838705,,,,,,,,,,,,,,,,,,,,,
32.0,5,3220260511,5000,3,3,201857,1174904,0.04699616,3.498176499968394,0.5454716000240296,0,0.0,121.1142,163.0,201246.9143552,40.249382871040005,120.74814861312,0.1109777955591118,4.608e-05,5.12e-06,sparse,Random sampling,random_sampling,0.0,1.0,1.0,0.03645510005299,,0.062928200000897,0.0001689000055193,0.0451363999163731,0.1082423999905586,1.053798544087059,0.7350698876782717,4.151881599915214,1.046875,0.1646005000220611,51.7858772277832,,,,,,,,,,,0.0365627999417483,eigsh,0.0260260999202728,589952.0,413153.0,0.7,822815.0,,,,,,,,,,,,,,
32.0,5,3220260511,5000,3,3,201857,1174904,0.04699616,3.0080620829999702,0.5325367500000198,0,0.0,121.1142,163.0,201246.9143552,40.249382871040005,120.74814861312,0.1109777955591118,4.608e-05,5.12e-06,sparse,CountSketch random projection,countsketch_random_projection,0.0,1.0,1.0,0.0175253329999804,,0.6593565410000224,0.000250249999965,0.0492678749999981,0.7088811670000155,0.9999997738866032,0.6524990578954054,4.249473498999976,2.5486450000000787,0.7379599160000225,40.37920379638672,646.8515625,646.8515625,0.0,,,,,,,,,,,,,,,0.0005544999999642,163.0,19.0,45.0,0.0,0.021099042000003,0.4801512920000164,0.0896170409999967,0.0638162919999558,0.0036632080000345,eigsh,0.0003392919999782,3832133739.0,0.021099042000003
32.0,6,3220260512,5000,3,3,201195,1171428,0.04685712,2.7823406999232247,0.5064157000742853,0,0.0,120.717,165.0,201246.9143552,40.249382871040005,120.74814861312,0.1109777955591118,4.608e-05,5.12e-06,sparse,Non-random,non_random,0.0,1.0,1.0,0.0368903999915346,eigsh,0.0201693000271916,9.53000271692872e-05,0.0463200999656692,0.0665923000779002,1.0,0.6528681024846744,3.35534110001754,0.9375,0.1223956000758335,40.25854015350342,,,,,,,,,,,,,,,,,,,,,,,,,,,,,,,
32.0,6,3220260512,5000,3,3,201195,1171428,0.04685712,1.2060884169914061,0.26631216700479854,0,0.0,120.717,165.0,201246.91435520002,40.249382871040005,120.74814861312001,0.11097779555911182,4.608e-05,5.12e-06,sparse,Gaussian random projection,gaussian_random_projection,0.0,1.0,1.0,0.030928709005820565,,0.4396003750007367,9.745900752022862e-05,0.11631599999964237,0.5560195409925655,0.9999996967854985,0.6525955041414577,2.028414418004104,2.912221000000045,0.5959378749976167,40.25849437713623,676.109375,676.109375,0.0,0.00346604100195691,0.3032962500001304,0.05731233299593441,0.07301266699505504,0.0017567089962540194,eigsh,0.00024995899002533406,,,,,,,,,,,,,,,,,,,,,
32.0,6,3220260512,5000,3,3,201195,1171428,0.04685712,2.7823406999232247,0.5064157000742853,0,0.0,120.717,165.0,201246.9143552,40.249382871040005,120.74814861312,0.1109777955591118,4.608e-05,5.12e-06,sparse,Random sampling,random_sampling,0.0,1.0,1.0,0.0387248999904841,,0.0602611999493092,0.0001822999911382,0.0465098000131547,0.106962600024417,1.052094051392675,0.733952311251779,3.3957096999511123,0.859375,0.1666563000762835,51.61446666717529,,,,,,,,,,,0.0335529000731185,eigsh,0.0262205000035464,588214.0,411662.0,0.7,819846.0,,,,,,,,,,,,,,
32.0,6,3220260512,5000,3,3,201195,1171428,0.04685712,2.9973645000000033,0.5378353340000217,0,0.0,120.717,165.0,201246.9143552,40.249382871040005,120.74814861312,0.1109777955591118,4.608e-05,5.12e-06,sparse,CountSketch random projection,countsketch_random_projection,0.0,1.0,1.0,0.0177701249999699,,0.6867242499999975,0.0002337089999855,0.0508111249999956,0.7377740410000229,0.9999997277824362,0.6526326596355932,4.272968918000004,2.6842129999999997,0.7677259579999713,40.259864807128906,646.8515625,646.8515625,0.0,,,,,,,,,,,,,,,0.0004617919999532,163.0,17.0,48.0,0.0,0.0219046250000474,0.500681874999998,0.0954450419999943,0.0640749579999919,0.0037801670000021,eigsh,0.0003005829999551,4192166813.0,0.0219046250000474
32.0,7,3220260513,5000,3,3,200574,1167712,0.04670848,2.876419399981387,0.4863903999794274,0,0.0,120.3444,157.0,201246.9143552,40.249382871040005,120.74814861312,0.1109777955591118,4.608e-05,5.12e-06,sparse,Non-random,non_random,0.0,1.0,1.0,0.0377966999076306,eigsh,0.0234254000242799,0.0001236000098288,0.0516077999491244,0.0751646000426262,0.9999999999999996,0.6515481734387243,3.437966599944048,0.71875,0.1329373000189662,40.130961418151855,,,,,,,,,,,,,,,,,,,,,,,,,,,,,,,
32.0,7,3220260513,5000,3,3,200574,1167712,0.04670848,1.1733034999924712,0.23959216600633226,0,0.0,120.3444,157.0,201246.91435520002,40.249382871040005,120.74814861312001,0.11097779555911182,4.608e-05,5.12e-06,sparse,Gaussian random projection,gaussian_random_projection,0.0,1.0,1.0,0.024988041011965834,,0.4149303750018589,0.0001552079920656979,0.13197712499822956,0.5470762499899138,0.999999720017648,0.6513038810851549,1.9599583739909576,2.79434399999991,0.5817942089925054,40.13091564178467,676.015625,676.015625,0.0,0.003310833009891212,0.3005842499987921,0.04765337500430178,0.058140500012086704,0.0032180000125663355,eigsh,0.0007804579945513979,,,,,,,,,,,,,,,,,,,,,
32.0,7,3220260513,5000,3,3,200574,1167712,0.04670848,2.876419399981387,0.4863903999794274,0,0.0,120.3444,157.0,201246.9143552,40.249382871040005,120.74814861312,0.1109777955591118,4.608e-05,5.12e-06,sparse,Random sampling,random_sampling,0.0,1.0,1.0,0.0387700999854132,,0.0597627999959513,0.0001441000495105,0.0465750000439584,0.1064897000323981,1.0582322140817897,0.7385642329859959,3.469291700050235,0.890625,0.1649457999737933,51.48438835144043,,,,,,,,,,,0.0332235000096261,eigsh,0.0260417000390589,586356.0,410867.0,0.7,818178.0,,,,,,,,,,,,,,
32.0,7,3220260513,5000,3,3,200574,1167712,0.04670848,2.9751618329999587,0.5538101250000409,0,0.0,120.3444,157.0,201246.9143552,40.249382871040005,120.74814861312,0.1109777955591118,4.608e-05,5.12e-06,sparse,CountSketch random projection,countsketch_random_projection,0.0,1.0,1.0,0.0182618329999968,,0.6701057499999479,0.0003686249999645,0.0544845830000326,0.724965291999979,0.999999784815457,0.6513260216490273,4.253930915999945,2.807164000000057,0.7551898339999639,40.132286071777344,646.8515625,646.8515625,0.0,,,,,,,,,,,,,,,0.0004687079999712,163.0,18.0,44.0,0.0,0.0205932920000009,0.4876087499999926,0.0911103340000067,0.0659920420000048,0.0038371670000287,eigsh,0.0004023750000214,138011216.0,0.0205932920000009
32.0,8,3220260514,5000,3,3,201711,1174396,0.04697584,2.787235599942506,0.5124841000651941,0,0.0,121.0266,161.0,201246.9143552,40.249382871040005,120.74814861312,0.1109777955591118,4.608e-05,5.12e-06,sparse,Non-random,non_random,0.0,1.0,1.0,0.0360253999242559,eigsh,0.0203958000056445,7.940002251416445e-05,0.0455355999292805,0.0660176000092178,0.9999999999999996,0.6516433371886176,3.3657304999651387,0.703125,0.1216638000914827,40.36043834686279,,,,,,,,,,,,,,,,,,,,,,,,,,,,,,,
32.0,8,3220260514,5000,3,3,201711,1174396,0.04697584,1.2033939169923542,0.2461784580082167,0,0.0,121.0266,161.0,201246.91435520002,40.249382871040005,120.74814861312001,0.11097779555911182,4.608e-05,5.12e-06,sparse,Gaussian random projection,gaussian_random_projection,0.0,1.0,1.0,0.021423832993605174,,0.46881387500616256,0.00012466699990909547,0.20021020900458097,0.6691540839965455,0.9999997493769314,0.6513887628250085,2.1187211260112235,3.600133000000028,0.699208499994711,40.360392570495605,676.21875,676.21875,0.0,0.0034742499992717057,0.3222416670032544,0.06126887499704026,0.07606074999785051,0.0017337500030407682,eigsh,0.003125374991213903,,,,,,,,,,,,,,,,,,,,,
32.0,8,3220260514,5000,3,3,201711,1174396,0.04697584,2.787235599942506,0.5124841000651941,0,0.0,121.0266,161.0,201246.9143552,40.249382871040005,120.74814861312,0.1109777955591118,4.608e-05,5.12e-06,sparse,Random sampling,random_sampling,0.0,1.0,1.0,0.0402338999556377,,0.0607373999664559,0.0001875000307336,0.0455987999448552,0.1065340000204742,1.0502967027009662,0.7327668066127979,3.4062433999497443,0.9375,0.1658801999874413,51.77654457092285,,,,,,,,,,,0.032772299950011,eigsh,0.0274655999382957,589698.0,413142.0,0.7,822846.0,,,,,,,,,,,,,,
32.0,8,3220260514,5000,3,3,201711,1174396,0.04697584,3.026102500000036,0.54017862500001,0,0.0,121.0266,161.0,201246.9143552,40.249382871040005,120.74814861312,0.1109777955591118,4.608e-05,5.12e-06,sparse,CountSketch random projection,countsketch_random_projection,0.0,1.0,1.0,0.0178865000000314,,0.6687113339999655,0.0002102079999986,0.0550851669999588,0.7240117919999989,0.9999997750477012,0.6514193826225588,4.290287833999969,2.821901999999909,0.7534488340000394,40.36176300048828,646.8515625,646.8515625,0.0,,,,,,,,,,,,,,,0.000455708000004,163.0,15.0,41.0,0.0,0.0224263339999879,0.4906341249999855,0.0865657079999664,0.0645359999999755,0.0038344170000073,eigsh,0.0002001250000489,2084444510.0,0.0224263339999879
32.0,9,3220260515,5000,3,3,201939,1175180,0.0470072,2.8298911000601947,0.4877659999765456,0,0.0,121.1634,168.0,201246.9143552,40.249382871040005,120.74814861312,0.1109777955591118,4.608e-05,5.12e-06,sparse,Non-random,non_random,0.0,1.0,1.0,0.035550000029616,eigsh,0.0210920000681653,8.28000484034419e-05,0.0461650999495759,0.0673471000045538,0.9999999999999998,0.6505481119182333,3.384997000102885,0.828125,0.1230841999640688,40.38735485076904,,,,,,,,,,,,,,,,,,,,,,,,,,,,,,,
32.0,9,3220260515,5000,3,3,201939,1175180,0.0470072,1.1565729169960832,0.24996979199931957,0,0.0,121.1634,168.0,201246.91435520002,40.249382871040005,120.74814861312001,0.11097779555911182,4.608e-05,5.12e-06,sparse,Gaussian random projection,gaussian_random_projection,0.0,1.0,1.0,0.02025833299558144,,0.49653529199713375,0.0007582079997519031,0.1398069580027368,0.6371088750020135,0.9999997876030682,0.6502888295010931,2.0436431669950252,3.3273120000000063,0.6680753749969881,40.387309074401855,676.265625,676.265625,0.0,0.003654499989352189,0.3187223749991972,0.051468583988025784,0.11685483300243504,0.00315016700187698,eigsh,0.0002982909936690703,,,,,,,,,,,,,,,,,,,,,
32.0,9,3220260515,5000,3,3,201939,1175180,0.0470072,2.8298911000601947,0.4877659999765456,0,0.0,121.1634,168.0,201246.9143552,40.249382871040005,120.74814861312,0.1109777955591118,4.608e-05,5.12e-06,sparse,Random sampling,random_sampling,0.0,1.0,1.0,0.0367475999519228,,0.0645908999722451,0.0001577000366523,0.0439791999524459,0.1087366000283509,1.0530493750514267,0.7337969812983512,3.426384899998084,0.71875,0.1655063000507652,51.807230949401855,,,,,,,,,,,0.0368827999336645,eigsh,0.027376199956052,590090.0,413378.0,0.7,823276.0,,,,,,,,,,,,,,
32.0,9,3220260515,5000,3,3,201939,1175180,0.0470072,3.0136700830000223,0.5388651669999831,0,0.0,121.1634,168.0,201246.9143552,40.249382871040005,120.74814861312,0.1109777955591118,4.608e-05,5.12e-06,sparse,CountSketch random projection,countsketch_random_projection,0.0,1.0,1.0,0.0172494160000269,,0.6686950000000138,0.0002070419999995,0.0566758749999962,0.7255828749999864,0.9999997307456814,0.6502617009228344,4.278113167000015,2.80036199999995,0.7549364170000104,40.38867950439453,646.8515625,646.8515625,0.0,,,,,,,,,,,,,,,0.0005412500000261,163.0,18.0,45.0,0.0,0.0204464999999913,0.4954677499999889,0.084731583000007,0.063468916999966,0.0036403749999749,eigsh,0.000349749999998,2014575355.0,0.0204464999999913
32.0,10,3220260516,5000,3,3,200720,1168424,0.04673696,2.808904999983497,0.5059321000007913,0,0.0,120.432,169.0,201246.9143552,40.249382871040005,120.74814861312,0.1109777955591118,4.608e-05,5.12e-06,sparse,Non-random,non_random,0.0,1.0,1.0,0.0322859999723732,eigsh,0.0207133000949397,9.34000127017498e-05,0.0444249000865966,0.0652381000109016,1.0000000000000002,0.6511840404154637,3.3800687001785263,0.84375,0.1164019999559968,40.15540599822998,,,,,,,,,,,,,,,,,,,,,,,,,,,,,,,
32.0,10,3220260516,5000,3,3,200720,1168424,0.04673696,1.1783080840104958,0.23741874999541324,0,0.0,120.432,169.0,201246.91435520002,40.249382871040005,120.74814861312001,0.11097779555911182,4.608e-05,5.12e-06,sparse,Gaussian random projection,gaussian_random_projection,0.0,1.0,1.0,0.020201624996843748,,0.41917320899665356,0.0003889580111717805,0.1396964589948766,0.559262958006002,0.9999997519688042,0.6509126903594118,1.974985460008611,2.8367609999999104,0.588929541001562,40.15536022186279,676.046875,676.046875,0.0,0.0033877499954542145,0.3014873339998303,0.056769957998767495,0.054195750009967014,0.0021577080042334273,eigsh,0.00024445900635328144,,,,,,,,,,,,,,,,,,,,,
32.0,10,3220260516,5000,3,3,200720,1168424,0.04673696,2.808904999983497,0.5059321000007913,0,0.0,120.432,169.0,201246.9143552,40.249382871040005,120.74814861312,0.1109777955591118,4.608e-05,5.12e-06,sparse,Random sampling,random_sampling,0.0,1.0,1.0,0.0342851999448612,,0.0583770000375807,0.0001610999461263,0.0434893000638112,0.102036099997349,1.0523943337077688,0.7353379450745354,3.4168645000318065,0.96875,0.1565915000392124,51.49945831298828,,,,,,,,,,,0.0332278000423684,eigsh,0.0247787999687716,586712.0,410849.0,0.7,818232.0,,,,,,,,,,,,,,
32.0,10,3220260516,5000,3,3,200720,1168424,0.04673696,3.003745832999982,0.5572341669999901,0,0.0,120.432,169.0,201246.9143552,40.249382871040005,120.74814861312,0.1109777955591118,4.608e-05,5.12e-06,sparse,CountSketch random projection,countsketch_random_projection,0.0,1.0,1.0,0.017946084000016,,0.677716332999978,0.0003679169999486,0.0545500840000272,0.732641000000001,0.9999996928738512,0.6509637900530245,4.293614333999926,2.8017409999999927,0.7627295409999988,40.15673065185547,646.8515625,646.8515625,0.0,,,,,,,,,,,,,,,0.0005845000000022,163.0,16.0,43.0,0.0,0.0225127089999546,0.4924409580000315,0.0920376669999996,0.0658269169999812,0.0037864170000148,eigsh,0.0004109999999855,2682946188.0,0.0225127089999546
64.0,1,6420260507,5000,3,3,401742,2257900,0.090316,5.539682499947958,1.051904399995692,0,0.0,241.0452,317.0,402493.8287104,80.49876574208001,241.49629722624,0.1109777955591118,9.216e-05,1.024e-05,sparse,Non-random,non_random,0.0,1.0,1.0,0.0323704000329598,eigsh,0.0388873999472707,8.589995559304953e-05,0.042563599999994,0.0815430999500677,0.9999999999999996,0.6484219915775998,6.673123799846508,0.796875,0.1500636999262496,77.55959606170654,,,,,,,,,,,,,,,,,,,,,,,,,,,,,,,
64.0,1,6420260507,5000,3,3,401742,2257900,0.090316,2.389755166004761,0.5410986250062706,0,0.0,241.0452,317.0,402493.82871040003,80.49876574208001,241.49629722624002,0.11097779555911182,9.216e-05,1.024e-05,sparse,Gaussian random projection,gaussian_random_projection,0.0,1.0,1.0,0.016014749999158084,,0.7782390840002336,0.0008137499971780926,0.13270687499607448,0.9117663750075735,0.9999998756937668,0.6482897663573214,3.842613500004518,3.8423930000000155,0.9441637080017244,77.55955028533936,722.984375,722.984375,0.0,0.00345370800641831,0.5711829580104677,0.05277633300283924,0.14573108399054036,0.0030386669968720526,eigsh,0.0009716249915072694,,,,,,,,,,,,,,,,,,,,,
64.0,1,6420260507,5000,3,3,401742,2257900,0.090316,5.539682499947958,1.051904399995692,0,0.0,241.0452,317.0,402493.8287104,80.49876574208001,241.49629722624,0.1109777955591118,9.216e-05,1.024e-05,sparse,Random sampling,random_sampling,0.0,1.0,1.0,0.0334728999296203,,0.1166634999681264,8.889997843652964e-05,0.0433290000073611,0.1600870999973267,1.0564504471573206,0.7310555326991598,6.751668299897574,0.875,0.2299946000566706,99.39939785003662,,,,,,,,,,,0.0704435999505221,eigsh,0.0452400000067427,1131450.0,792966.0,0.7,1582392.0,,,,,,,,,,,,,,
64.0,1,6420260507,5000,3,3,401742,2257900,0.090316,6.33611941700002,1.2637389999999868,0,0.0,241.0452,317.0,402493.8287104,80.49876574208001,241.49629722624,0.1109777955591118,9.216e-05,1.024e-05,sparse,CountSketch random projection,countsketch_random_projection,0.0,1.0,1.0,0.0175570000000107,,1.1772005839999906,0.0002042080000137,0.0564971659999855,1.2339077500000144,0.9999998633867404,0.648277695822293,8.833760374999997,3.874042000000145,1.2742687920000435,77.56092071533203,691.28125,699.89453125,8.61328125,,,,,,,,,,,,,,,0.0005912500000135,163.0,15.0,46.0,0.0,0.0361475830000017,0.9305561250000096,0.0875354170000264,0.1182717919999731,0.0036940420000064,eigsh,0.000342584000009,410314574.0,0.0361475830000017
64.0,2,6420260508,5000,3,3,402328,2260962,0.09043848,5.563762199948542,1.0314921999815851,0,0.0,241.3968,292.0,402493.8287104,80.49876574208001,241.49629722624,0.1109777955591118,9.216e-05,1.024e-05,sparse,Non-random,non_random,0.0,1.0,1.0,0.0348264999920502,eigsh,0.0381697000702843,0.0001406000228598,0.0445456999586895,0.0828651000047102,0.9999999999999998,0.6492104556231888,6.678110399981961,0.859375,0.1530738000292331,77.66472148895264,,,,,,,,,,,,,,,,,,,,,,,,,,,,,,,
64.0,2,6420260508,5000,3,3,402328,2260962,0.09043848,2.373196000000462,0.532136708003236,0,0.0,241.3968,292.0,402493.82871040003,80.49876574208001,241.49629722624002,0.11097779555911182,9.216e-05,1.024e-05,sparse,Gaussian random projection,gaussian_random_projection,0.0,1.0,1.0,0.022726082999724895,,0.7881484579993412,0.0012480000004870817,0.14763637499709148,0.9370399589970475,0.9999998559496597,0.6490607148053243,3.8423655410006177,4.139735000000087,0.9760433330084197,77.66467571258545,749.984375,758.609375,8.625,0.0032674169924575835,0.5712554999918211,0.0506243749987334,0.15541845899133477,0.003624375007348135,eigsh,0.0027845419972436503,,,,,,,,,,,,,,,,,,,,,
64.0,2,6420260508,5000,3,3,402328,2260962,0.09043848,5.563762199948542,1.0314921999815851,0,0.0,241.3968,292.0,402493.8287104,80.49876574208001,241.49629722624,0.1109777955591118,9.216e-05,1.024e-05,sparse,Random sampling,random_sampling,0.0,1.0,1.0,0.0337120000040158,,0.1144145000725984,9.469990618526936e-05,0.0425451999763026,0.1570604000007733,1.052610061952511,0.7317037161016811,6.752308799885213,1.046875,0.2266522999852895,99.45821857452393,,,,,,,,,,,0.0667922999709844,eigsh,0.0465759999351576,1132981.0,792933.0,0.7,1582373.0,,,,,,,,,,,,,,
64.0,2,6420260508,5000,3,3,402328,2260962,0.09043848,6.223228457999994,1.2506403330000353,0,0.0,241.3968,292.0,402493.8287104,80.49876574208001,241.49629722624,0.1109777955591118,9.216e-05,1.024e-05,sparse,CountSketch random projection,countsketch_random_projection,0.0,1.0,1.0,0.0182871669999826,,1.1772460419999788,0.0002317499999548,0.0538620830000127,1.2313449999999762,0.9999998830956248,0.6490897311044216,8.705208665999976,3.7839930000000095,1.2747358330000225,77.66604614257812,725.79296875,734.41796875,8.625,,,,,,,,,,,,,,,0.0005295830000022,163.0,19.0,46.0,0.0,0.0324672500000247,0.9320144999999798,0.0877384589999792,0.1201834589999748,0.0038959999999974,eigsh,0.0003550419999669,3882442327.0,0.0324672500000247
64.0,3,6420260509,5000,3,3,402243,2259708,0.09038832,5.557855000020936,1.0107459999853745,0,0.0,241.3458,301.0,402493.8287104,80.49876574208001,241.49629722624,0.1109777955591118,9.216e-05,1.024e-05,sparse,Non-random,non_random,0.0,1.0,1.0,0.0341296999249607,eigsh,0.0390029000118374,8.669996168464422e-05,0.0432233000174164,0.0823202000465244,0.9999999999999996,0.6488202333282685,6.650913899997249,0.90625,0.1529263000702485,77.6216688156128,,,,,,,,,,,,,,,,,,,,,,,,,,,,,,,
64.0,3,6420260509,5000,3,3,402243,2259708,0.09038832,2.386692625004798,0.5298906250100117,0,0.0,241.3458,301.0,402493.82871040003,80.49876574208001,241.49629722624002,0.11097779555911182,9.216e-05,1.024e-05,sparse,Gaussian random projection,gaussian_random_projection,0.0,1.0,1.0,0.02174683299381286,,0.7978668330033543,0.00024441699497401714,0.0836845410085516,0.8818039579928154,0.9999998664466796,0.648690245413532,3.7983790410216898,3.559934999999996,0.9194296670029871,77.6216230392456,760.59375,760.59375,0.0,0.0033091669902205467,0.571895167013281,0.04597824999655131,0.17142962499929126,0.0014717919984832406,eigsh,0.000648125002044253,,,,,,,,,,,,,,,,,,,,,
64.0,3,6420260509,5000,3,3,402243,2259708,0.09038832,5.557855000020936,1.0107459999853745,0,0.0,241.3458,301.0,402493.8287104,80.49876574208001,241.49629722624,0.1109777955591118,9.216e-05,1.024e-05,sparse,Random sampling,random_sampling,0.0,1.0,1.0,0.0332625999581068,,0.1145607000216841,8.779997006058693e-05,0.0427890999708324,0.1574435000075027,1.0539987405249558,0.7291773574418071,6.726038599968888,1.0625,0.2266356000909581,99.41451072692873,,,,,,,,,,,0.067635100102052,eigsh,0.0458292999537661,1132354.0,792665.0,0.7,1581817.0,,,,,,,,,,,,,,
64.0,3,6420260509,5000,3,3,402243,2259708,0.09038832,6.208895250000012,1.2609231249999766,0,0.0,241.3458,301.0,402493.8287104,80.49876574208001,241.49629722624,0.1109777955591118,9.216e-05,1.024e-05,sparse,CountSketch random projection,countsketch_random_projection,0.0,1.0,1.0,0.0177187919999823,,1.1748239589999798,0.0002050409999583,0.0575490420000051,1.2325831659999835,0.9999998720068194,0.6486983593895285,8.702396416999932,3.876995000000079,1.2723514159999922,77.62299346923828,737.37109375,737.37109375,0.0,,,,,,,,,,,,,,,0.0005139999999528,163.0,15.0,43.0,0.0,0.0337990830000194,0.9316235000000006,0.0875787080000236,0.1172306249999906,0.0036805830000048,eigsh,0.0003385839999623,1554779174.0,0.0337990830000194
64.0,4,6420260510,5000,3,3,402209,2259808,0.09039232,6.126026499900036,1.3236017000162974,0,0.0,241.3254,303.0,402493.8287104,80.49876574208001,241.49629722624,0.1109777955591118,9.216e-05,1.024e-05,sparse,Non-random,non_random,0.0,1.0,1.0,0.0340995999285951,eigsh,0.0461228999774903,0.0001047999830916,0.0451587000861763,0.0913936999859288,0.9999999999999992,0.6491261108403156,7.541014599963091,0.875,0.167296800063923,77.62510204315186,,,,,,,,,,,,,,,,,,,,,,,,,,,,,,,
64.0,4,6420260510,5000,3,3,402209,2259808,0.09039232,2.3694220839970512,0.5182218330010073,0,0.0,241.3254,303.0,402493.82871040003,80.49876574208001,241.49629722624002,0.11097779555911182,9.216e-05,1.024e-05,sparse,Gaussian random projection,gaussian_random_projection,0.0,1.0,1.0,0.02537925000069663,,0.8289615000103367,0.0005880829994566739,0.12792987500142772,0.9574850420030998,0.9999998736805376,0.6489481501747184,3.8451233750092797,4.002265999999963,0.9981115409900667,77.62505626678467,762.59375,762.59375,0.0,0.0033787080028560013,0.604980042000534,0.06311304098926485,0.15315733299939893,0.0025362500018673018,eigsh,0.0003810420021181926,,,,,,,,,,,,,,,,,,,,,
64.0,4,6420260510,5000,3,3,402209,2259808,0.09039232,6.126026499900036,1.3236017000162974,0,0.0,241.3254,303.0,402493.8287104,80.49876574208001,241.49629722624,0.1109777955591118,9.216e-05,1.024e-05,sparse,Random sampling,random_sampling,0.0,1.0,1.0,0.0341507999692112,,0.1167924999026581,0.0001329000806435,0.0451841000467538,0.1621173999737948,1.0511170483824983,0.7297591140967102,7.611737699946389,0.921875,0.2330876999767497,99.4141492843628,,,,,,,,,,,0.0703479000367224,eigsh,0.0452753000427037,1132404.0,792616.0,0.7,1581760.0,,,,,,,,,,,,,,
64.0,4,6420260510,5000,3,3,402209,2259808,0.09039232,6.141853874999981,1.2444759580000095,0,0.0,241.3254,303.0,402493.8287104,80.49876574208001,241.49629722624,0.1109777955591118,9.216e-05,1.024e-05,sparse,CountSketch random projection,countsketch_random_projection,0.0,1.0,1.0,0.017533166000021,,1.163436083000022,0.0002273750000085,0.0548060830000167,1.2184758330000136,0.9999998811430472,0.6489981630494404,8.604799374000038,3.782929999999851,1.257755374999988,77.62642669677734,744.91015625,744.91015625,0.0,,,,,,,,,,,,,,,0.0004567080000015,163.0,18.0,46.0,0.0,0.0340820420000227,0.9160130829999956,0.0882293340000046,0.1199365409999586,0.0042952079999736,eigsh,0.0003615829999716,2318424591.0,0.0340820420000227
64.0,5,6420260511,5000,3,3,403065,2264318,0.09057272,7.757285699946806,1.1445244000060484,0,0.0,241.839,300.0,402493.8287104,80.49876574208001,241.49629722624,0.1109777955591118,9.216e-05,1.024e-05,sparse,Non-random,non_random,0.0,1.0,1.0,0.033588399994187,eigsh,0.0383306000148877,9.019998833537102e-05,0.043460699962452,0.0818884000182151,1.0000000000000004,0.6498530907041808,8.98369159991853,0.890625,0.1509702999610453,77.77994060516357,,,,,,,,,,,,,,,,,,,,,,,,,,,,,,,
64.0,5,6420260511,5000,3,3,403065,2264318,0.09057272,2.3793709999881685,0.533391582997865,0,0.0,241.839,300.0,402493.82871040003,80.49876574208001,241.49629722624002,0.11097779555911182,9.216e-05,1.024e-05,sparse,Gaussian random projection,gaussian_random_projection,0.0,1.0,1.0,0.020649208992836066,,0.801886667002691,0.0008905830036383122,0.14972191701235715,0.9525049579970073,0.9999998667863028,0.6497441731066089,3.86526175000472,3.9623530000000073,0.9903001670027152,77.77989482879639,781.046875,781.046875,0.0,0.0035888330021407455,0.5979112500062911,0.06412095799169037,0.128965458003222,0.0035413750010775402,eigsh,0.0004870830016443506,,,,,,,,,,,,,,,,,,,,,
64.0,5,6420260511,5000,3,3,403065,2264318,0.09057272,7.757285699946806,1.1445244000060484,0,0.0,241.839,300.0,402493.8287104,80.49876574208001,241.49629722624,0.1109777955591118,9.216e-05,1.024e-05,sparse,Random sampling,random_sampling,0.0,1.0,1.0,0.0409104999853298,,0.1570300000021234,0.0001401000190526,0.0470841000787913,0.2042637999402359,1.0563475533485975,0.7331537216986875,9.106064300052822,1.140625,0.2920119999907911,99.69820499420166,,,,,,,,,,,0.0918688999954611,eigsh,0.0633184000616893,1134659.0,795455.0,0.7,1587372.0,,,,,,,,,,,,,,
64.0,5,6420260511,5000,3,3,403065,2264318,0.09057272,6.203240250000022,1.2618376249999983,0,0.0,241.839,300.0,402493.8287104,80.49876574208001,241.49629722624,0.1109777955591118,9.216e-05,1.024e-05,sparse,CountSketch random projection,countsketch_random_projection,0.0,1.0,1.0,0.0174318340000354,,1.183173000000011,0.0002267079999569,0.0525388329999714,1.235943499999962,0.9999998633095932,0.6497174185960578,8.701016415999959,3.8344050000000607,1.275391916999979,77.78126525878906,762.23828125,762.23828125,0.0,,,,,,,,,,,,,,,0.0005015410000055,163.0,18.0,52.0,0.0,0.0331667089999996,0.935371707999991,0.0914888329999712,0.1184641670000132,0.0038562919999662,eigsh,0.0002547500000105,1515693878.0,0.0331667089999996
64.0,6,6420260512,5000,3,3,402893,2262654,0.09050616,6.433063699980266,1.0107721999520436,0,0.0,241.7358,302.0,402493.8287104,80.49876574208001,241.49629722624,0.1109777955591118,9.216e-05,1.024e-05,sparse,Non-random,non_random,0.0,1.0,1.0,0.0351702000480145,eigsh,0.040206899982877,9.039998985826968e-05,0.0453200999181717,0.0856243999442085,0.9999999999999996,0.6488063115342855,7.529453299823217,0.75,0.1582772999536246,77.72281169891357,,,,,,,,,,,,,,,,,,,,,,,,,,,,,,,
64.0,6,6420260512,5000,3,3,402893,2262654,0.09050616,2.419519582996145,0.5294451670051785,0,0.0,241.7358,302.0,402493.82871040003,80.49876574208001,241.49629722624002,0.11097779555911182,9.216e-05,1.024e-05,sparse,Gaussian random projection,gaussian_random_projection,0.0,1.0,1.0,0.028069959007552825,,0.7815302910021273,0.0005848339933436364,0.14917949998925906,0.931307332997676,0.9999998959293983,0.648651643697001,3.8802593749860534,3.993137000000047,0.9780387920036446,77.72276592254639,782.03125,782.03125,0.0,0.003601208998588845,0.5897610839892877,0.057240709007601254,0.12441704100638162,0.004808540994417854,eigsh,0.0005901249969610944,,,,,,,,,,,,,,,,,,,,,
64.0,6,6420260512,5000,3,3,402893,2262654,0.09050616,6.433063699980266,1.0107721999520436,0,0.0,241.7358,302.0,402493.8287104,80.49876574208001,241.49629722624,0.1109777955591118,9.216e-05,1.024e-05,sparse,Random sampling,random_sampling,0.0,1.0,1.0,0.0339348999550566,,0.1209210000233724,8.510006591677666e-05,0.0445797001011669,0.1655924000078812,1.0530870684919154,0.7311971713198321,7.609421700122766,0.859375,0.2367402999661862,99.51404762268066,,,,,,,,,,,0.0732272999593988,eigsh,0.0466594999888911,1133827.0,793264.0,0.7,1583024.0,,,,,,,,,,,,,,
64.0,6,6420260512,5000,3,3,402893,2262654,0.09050616,6.2141882500000065,1.2391604160000045,0,0.0,241.7358,302.0,402493.8287104,80.49876574208001,241.49629722624,0.1109777955591118,9.216e-05,1.024e-05,sparse,CountSketch random projection,countsketch_random_projection,0.0,1.0,1.0,0.0177860410000221,,1.1666787919999706,0.0002352089999817,0.0501838330000055,1.2171032499999797,0.9999998820180118,0.6486821902048538,8.670446499999969,3.739798000000064,1.2561832910000137,77.72413635253906,762.23828125,762.23828125,0.0,,,,,,,,,,,,,,,0.0005712919999609,163.0,20.0,47.0,0.0,0.0319819169999959,0.9202261249999992,0.0897488749999979,0.1196489170000063,0.0040764590000321,eigsh,0.0003559170000357,1389137624.0,0.0319819169999959
64.0,7,6420260513,5000,3,3,402282,2259852,0.09039408,5.609374899999239,1.013848999980837,0,0.0,241.3692,295.0,402493.8287104,80.49876574208001,241.49629722624,0.1109777955591118,9.216e-05,1.024e-05,sparse,Non-random,non_random,0.0,1.0,1.0,0.0345690000103786,eigsh,0.0392328000161796,9.940005838871002e-05,0.0454112000297755,0.0847506000427529,0.9999999999999998,0.6502959287571081,6.70796730008442,0.96875,0.1557625000132247,77.62661266326904,,,,,,,,,,,,,,,,,,,,,,,,,,,,,,,
64.0,7,6420260513,5000,3,3,402282,2259852,0.09039408,2.3345640420011478,0.5651399580092402,0,0.0,241.3692,295.0,402493.82871040003,80.49876574208001,241.49629722624002,0.11097779555911182,9.216e-05,1.024e-05,sparse,Gaussian random projection,gaussian_random_projection,0.0,1.0,1.0,0.020706208000774495,,0.7329670830076793,0.00033325000549666584,0.08566662500379607,0.818972916007624,0.9999998846215118,0.6501743222797842,3.71867095802736,3.0453149999999596,0.8558938339992892,77.62656688690186,782.921875,782.921875,0.0,0.0033865840086946264,0.5693927079992136,0.04742516600526869,0.10544170800130814,0.0025022920017363504,eigsh,0.0002798750065267086,,,,,,,,,,,,,,,,,,,,,
64.0,7,6420260513,5000,3,3,402282,2259852,0.09039408,5.609374899999239,1.013848999980837,0,0.0,241.3692,295.0,402493.8287104,80.49876574208001,241.49629722624,0.1109777955591118,9.216e-05,1.024e-05,sparse,Random sampling,random_sampling,0.0,1.0,1.0,0.034049000008963,,0.1187800000188872,8.429994340986013e-05,0.0432798999827355,0.1621498999884352,1.0526972032441988,0.732807710854618,6.785368099925108,1.0625,0.2337987000355497,99.41901683807372,,,,,,,,,,,0.0719343000091612,eigsh,0.04574249999132,1132426.0,792682.0,0.7,1581870.0,,,,,,,,,,,,,,
64.0,7,6420260513,5000,3,3,402282,2259852,0.09039408,6.182646250000005,1.2635843749999935,0,0.0,241.3692,295.0,402493.8287104,80.49876574208001,241.49629722624,0.1109777955591118,9.216e-05,1.024e-05,sparse,CountSketch random projection,countsketch_random_projection,0.0,1.0,1.0,0.0174474169999712,,1.178271584000015,0.0002085830000169,0.0599122919999786,1.2383981250000031,0.999999864885048,0.6501324834588806,8.684623084000009,3.8592559999999594,1.277577291,77.62793731689453,763.03125,763.03125,0.0,,,,,,,,,,,,,,,0.0004624169999942,163.0,17.0,46.0,0.0,0.0330000410000366,0.9291690840000228,0.0913633750000144,0.1201252079999903,0.0039074169999935,eigsh,0.0001888329999815,158495446.0,0.0330000410000366
64.0,8,6420260514,5000,3,3,403084,2264708,0.09058832,5.64750640001148,1.0396983000682667,0,0.0,241.8504,301.0,402493.8287104,80.49876574208001,241.49629722624,0.1109777955591118,9.216e-05,1.024e-05,sparse,Non-random,non_random,0.0,1.0,1.0,0.034745099954307,eigsh,0.0381719999713823,8.829997386783361e-05,0.0429115999722853,0.0811789999715983,0.9999999999999998,0.6498271678107965,6.768376599997282,0.84375,0.15283279994037,77.79333019256592,,,,,,,,,,,,,,,,,,,,,,,,,,,,,,,
64.0,8,6420260514,5000,3,3,403084,2264708,0.09058832,2.4235155830101576,0.5851279579947004,0,0.0,241.8504,301.0,402493.82871040003,80.49876574208001,241.49629722624002,0.11097779555911182,9.216e-05,1.024e-05,sparse,Gaussian random projection,gaussian_random_projection,0.0,1.0,1.0,0.023856500003603287,,0.821222000013222,0.0017316670127911493,0.1527922910026973,0.9757526659959694,0.9999998599228646,0.6496955412702098,3.9843894990335684,4.499034999999935,1.0157458330068039,77.79328441619873,784.046875,784.046875,0.0,0.0032503749971510842,0.5727790419914527,0.047832166994339786,0.190390292002121,0.0038922920066397637,eigsh,0.0023031250020721927,,,,,,,,,,,,,,,,,,,,,
64.0,8,6420260514,5000,3,3,403084,2264708,0.09058832,5.64750640001148,1.0396983000682667,0,0.0,241.8504,301.0,402493.8287104,80.49876574208001,241.49629722624,0.1109777955591118,9.216e-05,1.024e-05,sparse,Random sampling,random_sampling,0.0,1.0,1.0,0.0332510999869555,,0.1174838999286294,8.779997006058693e-05,0.0441445000469684,0.1617223999928683,1.053507016351327,0.7325809713666024,6.848920900025405,1.015625,0.2315364999230951,99.59372615814208,,,,,,,,,,,0.0701974000548943,eigsh,0.046252999920398,1134854.0,793834.0,0.7,1584158.0,,,,,,,,,,,,,,
64.0,8,6420260514,5000,3,3,403084,2264708,0.09058832,6.225338499999964,1.2469311659999676,0,0.0,241.8504,301.0,402493.8287104,80.49876574208001,241.49629722624,0.1109777955591118,9.216e-05,1.024e-05,sparse,CountSketch random projection,countsketch_random_projection,0.0,1.0,1.0,0.0179544160000091,,1.1599697909999804,0.0002041660000031,0.0542499169999928,1.2144286669999929,0.9999998796669884,0.649693539350888,8.686693539999908,3.78469599999994,1.2547391249999578,77.7946548461914,763.7578125,763.7578125,0.0,,,,,,,,,,,,,,,0.0005902500000161,163.0,19.0,44.0,0.0,0.0329502910000201,0.9129630829999656,0.0897882919999801,0.119784500000037,0.0036422499999844,eigsh,0.0001930829999992,1819499781.0,0.0329502910000201
64.0,9,6420260515,5000,3,3,401647,2255954,0.09023816,5.563543700031005,1.0385602000169456,0,0.0,240.9882,299.0,402493.8287104,80.49876574208001,241.49629722624,0.1109777955591118,9.216e-05,1.024e-05,sparse,Non-random,non_random,0.0,1.0,1.0,0.0327929999912157,eigsh,0.0388947000028565,8.459994569420815e-05,0.0429863000754267,0.0819723999593406,1.0,0.6492700757985187,6.684069500071928,0.921875,0.1503464999841526,77.49278545379639,,,,,,,,,,,,,,,,,,,,,,,,,,,,,,,
64.0,9,6420260515,5000,3,3,401647,2255954,0.09023816,2.370053500009817,0.5441652079898631,0,0.0,240.9882,299.0,402493.82871040003,80.49876574208001,241.49629722624002,0.11097779555911182,9.216e-05,1.024e-05,sparse,Gaussian random projection,gaussian_random_projection,0.0,1.0,1.0,0.03159516600135248,,0.7442059590102872,0.0007458749896613881,0.13104091699642595,0.8759988749952754,0.9999998657705438,0.6491434893647693,3.7902114589960547,3.6690419999999904,0.9234489589871373,77.4927396774292,793.40625,793.40625,0.0,0.003319625000585802,0.5723281670070719,0.04724245800753124,0.11602433300868142,0.0030222499917726964,eigsh,0.001061957998899743,,,,,,,,,,,,,,,,,,,,,
64.0,9,6420260515,5000,3,3,401647,2255954,0.09023816,5.563543700031005,1.0385602000169456,0,0.0,240.9882,299.0,402493.8287104,80.49876574208001,241.49629722624,0.1109777955591118,9.216e-05,1.024e-05,sparse,Random sampling,random_sampling,0.0,1.0,1.0,0.0322017000289633,,0.1134229000890627,0.0001676999963819,0.0434176999842748,0.1570174000225961,1.0553387942739576,0.7328415493184977,6.75911220011767,0.9375,0.2244267000351101,99.27583980560304,,,,,,,,,,,0.0653341000434011,eigsh,0.04744989995379,1130477.0,791735.0,0.7,1579937.0,,,,,,,,,,,,,,
64.0,9,6420260515,5000,3,3,401647,2255954,0.09023816,6.242839416000038,1.2625548329999674,0,0.0,240.9882,299.0,402493.8287104,80.49876574208001,241.49629722624,0.1109777955591118,9.216e-05,1.024e-05,sparse,CountSketch random projection,countsketch_random_projection,0.0,1.0,1.0,0.018008874999964,,1.5759800409999798,0.0002544999999827,0.0554349170000136,1.631675624999957,0.9999998707630696,0.6491156526484533,9.137063706999982,4.244719000000032,1.6732287920000315,77.49411010742188,757.51171875,723.859375,-33.65234375,,,,,,,,,,,,,,,0.0005335000000172,163.0,15.0,45.0,0.0,0.0349146249999989,1.2830799160000197,0.0989390409999941,0.1536569169999779,0.0045012079999651,eigsh,0.0002725420000047,2985257671.0,0.0349146249999989
64.0,10,6420260516,5000,3,3,402400,2261350,0.090454,5.582016099942848,1.060772500000894,0,0.0,241.44,297.0,402493.8287104,80.49876574208001,241.49629722624,0.1109777955591118,9.216e-05,1.024e-05,sparse,Non-random,non_random,0.0,1.0,1.0,0.0327619999879971,eigsh,0.0385262999916449,9.280000813305378e-05,0.0430901999352499,0.0817155999829992,0.9999999999999996,0.6489397416823725,6.72449789987877,0.6875,0.1501859000418335,77.6780424118042,,,,,,,,,,,,,,,,,,,,,,,,,,,,,,,
64.0,10,6420260516,5000,3,3,402400,2261350,0.090454,2.369229625008302,0.5331110419938341,0,0.0,241.44,297.0,402493.82871040003,80.49876574208001,241.49629722624002,0.11097779555911182,9.216e-05,1.024e-05,sparse,Gaussian random projection,gaussian_random_projection,0.0,1.0,1.0,0.02277470899571199,,0.7459721670020372,0.000564500005566515,0.1642175420129206,0.9107605419994798,0.999999873708967,0.6487694347837111,3.81309487602266,3.884125999999924,0.949597625003662,77.67799663543701,794.53125,794.53125,0.0,0.0033290839928667992,0.5741333339974517,0.04975704201206099,0.11406254199391697,0.0029892919992562383,eigsh,0.00038300000596791506,,,,,,,,,,,,,,,,,,,,,
64.0,10,6420260516,5000,3,3,402400,2261350,0.090454,5.582016099942848,1.060772500000894,0,0.0,241.44,297.0,402493.8287104,80.49876574208001,241.49629722624,0.1109777955591118,9.216e-05,1.024e-05,sparse,Random sampling,random_sampling,0.0,1.0,1.0,0.036350900074467,,0.1156248000916093,9.449990466237068e-05,0.0431834000628441,0.1589086999883875,1.0531880002381215,0.7308136840390824,6.801691300002858,1.015625,0.2316917000571265,99.4628438949585,,,,,,,,,,,0.0670461000408977,eigsh,0.0474558999994769,1133175.0,792897.0,0.7,1582284.0,,,,,,,,,,,,,,
64.0,10,6420260516,5000,3,3,402400,2261350,0.090454,6.574588374999962,1.2994008339999823,0,0.0,241.44,297.0,402493.8287104,80.49876574208001,241.49629722624,0.1109777955591118,9.216e-05,1.024e-05,sparse,CountSketch random projection,countsketch_random_projection,0.0,1.0,1.0,0.0176436660000263,,1.2467669580000234,0.000302750000003,0.0565574590000323,1.303635665999991,0.9999998718235902,0.6488114739038126,9.177616376000003,3.843082000000095,1.343179415999998,77.67936706542969,739.03125,738.140625,-0.890625,,,,,,,,,,,,,,,0.0007216669999934,163.0,14.0,49.0,0.0,0.0333117079999851,0.9978257910000252,0.0902319589999933,0.1205437499999675,0.0037057090000303,eigsh,0.0003193339999825,3205138990.0,0.0333117079999851
