,Random Projection,Random Sampling,Non-random
Random Projection,1.0,0.8134703180291574,0.8134703180291574
Random Sampling,0.8134703180291574,1.0,1.0
Non-random,0.8134703180291574,1.0,1.0
