,Random Projection,Random Sampling,irlba,svds,svdr,partial_eigen
Random Projection,1.0,0.31701346067216274,0.274548705167377,0.2800513375759666,0.22009218097115973,0.23537043599317134
Random Sampling,0.31701346067216274,1.0,0.3505804245598829,0.35612377749841784,0.17840900111461777,0.24247417438734922
irlba,0.274548705167377,0.3505804245598829,1.0,0.9098074925948285,0.30075534652104197,0.352238032330437
svds,0.2800513375759666,0.35612377749841784,0.9098074925948285,1.0,0.3214424704067226,0.39351324467205956
svdr,0.22009218097115973,0.17840900111461777,0.30075534652104197,0.3214424704067226,1.0,0.3024001777456786
partial_eigen,0.23537043599317134,0.24247417438734922,0.352238032330437,0.39351324467205956,0.3024001777456786,1.0
