method,median_time_sec,median_time_excl_sampling_sec
Random Projection,0.005382957999245264,
Random Sampling,0.006324917005258612,0.005874584006960504
irlba,0.007646625002962537,
partial_eigen,0.011248333990806714,
svdr,0.0019396660063648596,
svds,0.004049541996209882,
