rep,method,time_sec,time_sec_excl_sampling
1,Random Projection,0.005382957999245264,
1,Random Sampling,0.006324917005258612,0.005874584006960504
1,irlba,0.007646625002962537,
1,svds,0.004049541996209882,
1,svdr,0.0019396660063648596,
1,partial_eigen,0.011248333990806714,
