n,rep,seed,K,m,rho_n,num_hyperedges_total,theta_nnz,theta_density,generation_wall_sec,hypergraph_laplacian_build_wall_sec,num_isolated_nodes,isolated_fraction,hypergraph_degree_mean,hypergraph_degree_max,expected_hyperedges_total,expected_hyperedges_per_n,expected_degree_mean,candidate_within_fraction,p_in,p_out,sampling_mode,method,method_key,misclassification_rate,ARI,NMI,metric_wall_sec,non_random_eigensolver,eigen_decomposition_wall_sec,embedding_normalize_wall_sec,kmeans_wall_sec,spectral_clustering_wall_sec,top_eigenvalue_max,top_eigenvalue_min,algorithm_total_wall_sec,cpu_time_sec,wall_clock_sec,peak_traced_memory_mb,rss_before_mb,rss_after_mb,rss_delta_mb,rp_draw_omega_sec,rp_power_iter_sec,rp_qr_sec,rp_build_core_sec,rp_small_eig_sec,rp_core_eigensolver,rp_lift_sec,rs_sample_matrix_wall_sec,rs_eigensolver,rs_eig_wall_sec,rs_original_upper_nnz,rs_sampled_upper_nnz,rs_sampling_probability,rs_sampled_theta_nnz,cs_draw_hash_sec,cs_hash_seed,cs_embedding_dim,cs_bucket_min_load,cs_bucket_max_load,cs_empty_buckets,cs_initial_multiply_sec,cs_sparse_explicit_sketch_sec,cs_power_iter_sec,cs_qr_sec,cs_build_core_sec,cs_small_eig_sec,cs_core_eigensolver,cs_lift_sec
2000,1,220260507,3,3,16.0,39976,231650,0.0579125,0.6313120999839157,0.1189886000938713,0,0.0,59.964,86.0,40179.08736,20.08954368,60.26863104,0.1107778889444722,0.000144,1.6e-05,sparse,Non-random,non_random,0.0,1.0,0.9999999999999998,0.0189188001677393,eigsh,0.0082719000056386,9.96999442577362e-05,0.1287263999693095,0.1371075001079589,0.9999999999999998,0.6575417663172484,0.887398699996993,0.765625,0.1618311000056564,7.970919609069824,,,,,,,,,,,,,,,,,,,,,,,,,,,,,,,
2000,1,220260507,3,3,16.0,39976,231650,0.0579125,0.6313120999839157,0.1189886000938713,0,0.0,59.964,86.0,40179.08736,20.08954368,60.26863104,0.1107778889444722,0.000144,1.6e-05,sparse,Gaussian random projection,gaussian_random_projection,0.0,1.0,1.0,0.0191152000334113,,0.1932868000585585,0.0001904000528156,0.149304499849677,0.3427930001635104,0.9999997771462196,0.6574088323441444,1.0930824000388384,1.03125,0.3672962000127882,13.016180992126465,,,,0.0033183998893946,0.1340137000661343,0.0367850000038743,0.0151869000401347,0.0033166001085191,eigsh,0.0003114000428467,,,,,,,,,,,,,,,,,,,,,
2000,1,220260507,3,3,16.0,39976,231650,0.0579125,0.6313120999839157,0.1189886000938713,0,0.0,59.964,86.0,40179.08736,20.08954368,60.26863104,0.1107778889444722,0.000144,1.6e-05,sparse,Random sampling,random_sampling,0.0,1.0,1.0,0.0198990998324006,,0.0218727998435497,0.0001968999858945,0.149326599901542,0.1714061999227851,1.0579257714241097,0.7469271733759772,0.9216969998087734,0.796875,0.197313800221309,10.292795181274414,,,,,,,,,,,0.0101157000754028,eigsh,0.0116630000993609,116825.0,81910.0,0.7,162411.0,,,,,,,,,,,,,,
2000,1,220260507,3,3,16.0,39976,231650,0.0579125,0.6313120999839157,0.1189886000938713,0,0.0,59.964,86.0,40179.08736,20.08954368,60.26863104,0.1107778889444722,0.000144,1.6e-05,sparse,CountSketch random projection,countsketch_random_projection,0.0,1.0,1.0,0.0221091001294553,,0.1877408998552709,0.0002111999783664,0.1037033998873084,0.2916651000268757,0.9999997943143868,0.6573875318636686,1.041956199798733,1.078125,0.3194788999389857,12.45682144165039,,,,,,,,,,,,,,,,,,0.000416399911046,3189182342.0,163.0,3.0,21.0,0.0,0.0135392001830041,0.0135392001830041,0.1292300000786781,0.0253113000653684,0.0143657000735402,0.0041236001998186,eigsh,0.0003613999579101
2000,2,220260508,3,3,16.0,40302,233498,0.0583745,0.6681487001478672,0.1233484002295881,0,0.0,60.453,87.0,40179.08736,20.08954368,60.26863104,0.1107778889444722,0.000144,1.6e-05,sparse,Non-random,non_random,0.0,1.0,0.9999999999999998,0.0262898001819849,eigsh,0.0087389000691473,0.0001298999413847,0.1750292000360787,0.1839068001136183,0.9999999999999998,0.6548973564130148,0.9753951004240662,0.890625,0.2150695000309497,8.034380912780762,,,,,,,,,,,,,,,,,,,,,,,,,,,,,,,
2000,2,220260508,3,3,16.0,40302,233498,0.0583745,0.6681487001478672,0.1233484002295881,0,0.0,60.453,87.0,40179.08736,20.08954368,60.26863104,0.1107778889444722,0.000144,1.6e-05,sparse,Gaussian random projection,gaussian_random_projection,0.0,1.0,0.9999999999999998,0.0198421999812126,,0.1843316999729722,0.0002384998369961,0.1468118999619037,0.3313919999636709,0.9999997972226078,0.6547469173198238,1.1228792001493275,1.0625,0.3577651001978665,13.03732967376709,,,,0.003610200015828,0.1282256999984383,0.0314273999538272,0.015776399988681,0.0045638000592589,eigsh,0.0003391997888684,,,,,,,,,,,,,,,,,,,,,
2000,2,220260508,3,3,16.0,40302,233498,0.0583745,0.6681487001478672,0.1233484002295881,0,0.0,60.453,87.0,40179.08736,20.08954368,60.26863104,0.1107778889444722,0.000144,1.6e-05,sparse,Random sampling,random_sampling,0.0,1.0,1.0,0.0216466998681426,,0.0217408000025898,0.0001328000798821,0.1830408000387251,0.2049227999523282,1.0564927528282877,0.7403199335551426,0.9964115004986523,0.703125,0.2326089001726359,10.361124992370604,,,,,,,,,,,0.0107824001461267,eigsh,0.0108028000686317,117749.0,82371.0,0.7,163337.0,,,,,,,,,,,,,,
2000,2,220260508,3,3,16.0,40302,233498,0.0583745,0.6681487001478672,0.1233484002295881,0,0.0,60.453,87.0,40179.08736,20.08954368,60.26863104,0.1107778889444722,0.000144,1.6e-05,sparse,CountSketch random projection,countsketch_random_projection,0.0,1.0,0.9999999999999998,0.0174170997925102,,0.1393004001583904,0.0001519001089036,0.0911450001876801,0.230605199933052,0.99999978142154,0.6547482520256417,1.0220944008324295,0.8125,0.2533749998547137,12.49669361114502,,,,,,,,,,,,,,,,,,0.000450599938631,1848652628.0,163.0,5.0,21.0,0.0,0.0060262000188231,0.0060262000188231,0.0935253000352531,0.0228426998946815,0.0131938999984413,0.0028340001590549,eigsh,0.0001722001470625
2000,3,220260509,3,3,16.0,40488,234828,0.058707,0.6937853000126779,0.1512158000841736,0,0.0,60.732,89.0,40179.08736,20.08954368,60.26863104,0.1107778889444722,0.000144,1.6e-05,sparse,Non-random,non_random,0.0,1.0,0.9999999999999998,0.0177211000118404,eigsh,0.010000699898228,0.0001172001939266,0.2575117999222129,0.2676379000768065,1.0,0.6543709293468419,1.1126308001112193,1.03125,0.2912785001099109,8.080042839050293,,,,,,,,,,,,,,,,,,,,,,,,,,,,,,,
2000,3,220260509,3,3,16.0,40488,234828,0.058707,0.6937853000126779,0.1512158000841736,0,0.0,60.732,89.0,40179.08736,20.08954368,60.26863104,0.1107778889444722,0.000144,1.6e-05,sparse,Gaussian random projection,gaussian_random_projection,0.0,1.0,0.9999999999999998,0.0188897000625729,,0.1763202999718487,0.0002118998672813,0.0980543000623583,0.274595099966973,0.9999998024152426,0.6541916947028734,1.11958759999834,1.0,0.3025273999664932,13.052258491516112,,,,0.003630300052464,0.1305125998333096,0.0244662999175488,0.0143086002208292,0.0028923000209033,eigsh,0.0001751000527292,,,,,,,,,,,,,,,,,,,,,
2000,3,220260509,3,3,16.0,40488,234828,0.058707,0.6937853000126779,0.1512158000841736,0,0.0,60.732,89.0,40179.08736,20.08954368,60.26863104,0.1107778889444722,0.000144,1.6e-05,sparse,Random sampling,random_sampling,0.0,1.0,1.0,0.0174634999129921,,0.0200175000354647,9.709992446005344e-05,0.0899463000241667,0.1100679000373929,1.0510649798698706,0.7380041877290165,0.9550620000809432,0.921875,0.1327196999918669,10.417478561401367,,,,,,,,,,,0.0086815999820828,eigsh,0.0112195999827235,118414.0,82797.0,0.7,164215.0,,,,,,,,,,,,,,
2000,3,220260509,3,3,16.0,40488,234828,0.058707,0.6937853000126779,0.1512158000841736,0,0.0,60.732,89.0,40179.08736,20.08954368,60.26863104,0.1107778889444722,0.000144,1.6e-05,sparse,CountSketch random projection,countsketch_random_projection,0.0,1.0,0.9999999999999998,0.0171240998897701,,0.1400007999036461,0.0001611001789569,0.088078600121662,0.2282479000277817,0.9999997703732266,0.6541815474115532,1.0732416003011167,1.0,0.2506888001225889,12.505719184875488,,,,,,,,,,,,,,,,,,0.0003588001709431,4158739.0,163.0,4.0,33.0,0.0,0.0067076000850647,0.0067076000850647,0.0912103001028299,0.0225738000590354,0.015744199976325,0.0029533000197261,eigsh,0.0002029000315815
2000,4,220260510,3,3,16.0,40353,234020,0.058505,0.6307204000186175,0.1345074998680502,0,0.0,60.5295,88.0,40179.08736,20.08954368,60.26863104,0.1107778889444722,0.000144,1.6e-05,sparse,Non-random,non_random,0.0,1.0,0.9999999999999998,0.0185005001258105,eigsh,0.0077947999816387,0.0001942999660968,0.2277416998986154,0.2357416998129338,0.9999999999999996,0.6559959519284514,1.0009586997330189,0.859375,0.2594803001265973,8.052302360534668,,,,,,,,,,,,,,,,,,,,,,,,,,,,,,,
2000,4,220260510,3,3,16.0,40353,234020,0.058505,0.6307204000186175,0.1345074998680502,0,0.0,60.5295,88.0,40179.08736,20.08954368,60.26863104,0.1107778889444722,0.000144,1.6e-05,sparse,Gaussian random projection,gaussian_random_projection,0.0,1.0,0.9999999999999998,0.0170811999123543,,0.15201329998672,0.0001555001363158,0.0959493000991642,0.2481263999361544,0.9999997652409944,0.6558171712489306,1.013346000108868,1.09375,0.270729900104925,13.04330348968506,,,,0.0032195001840591,0.108330899849534,0.0247977999970316,0.0123411999084055,0.0028584001120179,eigsh,0.0001733000390231,,,,,,,,,,,,,,,,,,,,,
2000,4,220260510,3,3,16.0,40353,234020,0.058505,0.6307204000186175,0.1345074998680502,0,0.0,60.5295,88.0,40179.08736,20.08954368,60.26863104,0.1107778889444722,0.000144,1.6e-05,sparse,Random sampling,random_sampling,0.0,1.0,0.9999999999999998,0.0174038000404834,,0.0207969001494348,0.0001305998302996,0.0921379001811146,0.1130739001091569,1.0478854717712915,0.7361580118426694,0.8782933000475168,1.125,0.1354608000256121,10.406686782836914,,,,,,,,,,,0.0087871998548507,eigsh,0.0118213000241667,118010.0,82857.0,0.7,164366.0,,,,,,,,,,,,,,
2000,4,220260510,3,3,16.0,40353,234020,0.058505,0.6307204000186175,0.1345074998680502,0,0.0,60.5295,88.0,40179.08736,20.08954368,60.26863104,0.1107778889444722,0.000144,1.6e-05,sparse,CountSketch random projection,countsketch_random_projection,0.0,1.0,0.9999999999999998,0.0190735999494791,,0.1528360000811517,0.0002093000803142,0.0949247998651117,0.2479799999855458,0.999999812065024,0.6558092389476498,1.0131979999132454,1.203125,0.2723030000925064,12.49330997467041,,,,,,,,,,,,,,,,,,0.0003357999958097,1433331240.0,163.0,4.0,23.0,0.0,0.0078696000855416,0.0078696000855416,0.1009545000270009,0.0246580000966787,0.0140863999258726,0.0043549998663365,eigsh,0.000218299916014
2000,5,220260511,3,3,16.0,40581,234996,0.058749,0.7564441999420524,0.1515936001669615,0,0.0,60.8715,96.0,40179.08736,20.08954368,60.26863104,0.1107778889444722,0.000144,1.6e-05,sparse,Non-random,non_random,0.0,1.0,0.9999999999999998,0.0198568000923842,eigsh,0.0106685999780893,0.0001302999444305,0.1272287000901997,0.1380364000797271,1.0,0.6567490486554729,1.0460654001217335,0.984375,0.1639227999839931,8.085810661315918,,,,,,,,,,,,,,,,,,,,,,,,,,,,,,,
2000,5,220260511,3,3,16.0,40581,234996,0.058749,0.7564441999420524,0.1515936001669615,0,0.0,60.8715,96.0,40179.08736,20.08954368,60.26863104,0.1107778889444722,0.000144,1.6e-05,sparse,Gaussian random projection,gaussian_random_projection,0.0,1.0,1.0,0.0168534000404179,,0.1482787998393178,0.000155699905008,0.0923145997803658,0.240757199935615,0.9999997994297408,0.6565983815988895,1.1487868996337056,1.296875,0.2628466000314802,13.054472923278809,,,,0.0032252999953925,0.1072549000382423,0.0217762000393122,0.0125176000874489,0.0030601001344621,eigsh,0.0001564999110996,,,,,,,,,,,,,,,,,,,,,
2000,5,220260511,3,3,16.0,40581,234996,0.058749,0.7564441999420524,0.1515936001669615,0,0.0,60.8715,96.0,40179.08736,20.08954368,60.26863104,0.1107778889444722,0.000144,1.6e-05,sparse,Random sampling,random_sampling,0.0,1.0,0.9999999999999998,0.0190914999693632,,0.0212258000392466,0.0001143999397754,0.0953361999709159,0.1166844998952001,1.051600371899907,0.742366216889247,1.024714200058952,0.9375,0.1409535999409854,10.41562271118164,,,,,,,,,,,0.0092200001236051,eigsh,0.0118407001718878,118498.0,82727.0,0.7,164065.0,,,,,,,,,,,,,,
2000,5,220260511,3,3,16.0,40581,234996,0.058749,0.7564441999420524,0.1515936001669615,0,0.0,60.8715,96.0,40179.08736,20.08954368,60.26863104,0.1107778889444722,0.000144,1.6e-05,sparse,CountSketch random projection,countsketch_random_projection,0.0,1.0,0.9999999999999998,0.0178245001006871,,0.1462570999283343,0.0002007000148296,0.0955356999766081,0.2420027998741716,0.9999998407304482,0.6565439158624348,1.150031300028786,1.1875,0.2653188998810947,12.517842292785645,,,,,,,,,,,,,,,,,,0.0004251999780535,2731340753.0,163.0,5.0,22.0,0.0,0.0080683000851422,0.0080683000851422,0.0975653000641614,0.02252610004507,0.0129732000641524,0.0041483999229967,eigsh,0.0002173001412302
2000,6,220260512,3,3,16.0,40055,232196,0.058049,0.6341363000683486,0.1222218999173492,0,0.0,60.0825,90.0,40179.08736,20.08954368,60.26863104,0.1107778889444722,0.000144,1.6e-05,sparse,Non-random,non_random,0.0,1.0,1.0,0.0187941999174654,eigsh,0.0084852001164108,0.0001900000497698,0.2005557999946177,0.2092410000041127,0.9999999999999998,0.6517968920154446,0.9655892001464964,0.875,0.2345600000116974,7.989680290222168,,,,,,,,,,,,,,,,,,,,,,,,,,,,,,,
2000,6,220260512,3,3,16.0,40055,232196,0.058049,0.6341363000683486,0.1222218999173492,0,0.0,60.0825,90.0,40179.08736,20.08954368,60.26863104,0.1107778889444722,0.000144,1.6e-05,sparse,Gaussian random projection,gaussian_random_projection,0.0,1.0,1.0,0.0178984000813215,,0.1464141001924872,0.0001670001074671,0.0887782999780029,0.2353660999797284,0.9999998317964968,0.6515987934198217,0.9917176002636552,0.828125,0.2587451001163572,13.022181510925291,,,,0.0031596000771969,0.1024827999062836,0.0241823999676853,0.0129535000305622,0.0031183999963104,eigsh,0.0002045999281108,,,,,,,,,,,,,,,,,,,,,
2000,6,220260512,3,3,16.0,40055,232196,0.058049,0.6341363000683486,0.1222218999173492,0,0.0,60.0825,90.0,40179.08736,20.08954368,60.26863104,0.1107778889444722,0.000144,1.6e-05,sparse,Random sampling,random_sampling,0.0,1.0,1.0,0.017311800038442,,0.0206648998428136,0.0001129999291151,0.0914762001484632,0.1122611998580396,1.0569474322753052,0.7347252196829541,0.8686122999060899,1.09375,0.134540099883452,10.320782661437988,,,,,,,,,,,0.009453099919483,eigsh,0.0110399001277983,117098.0,82156.0,0.7,162910.0,,,,,,,,,,,,,,
2000,6,220260512,3,3,16.0,40055,232196,0.058049,0.6341363000683486,0.1222218999173492,0,0.0,60.0825,90.0,40179.08736,20.08954368,60.26863104,0.1107778889444722,0.000144,1.6e-05,sparse,CountSketch random projection,countsketch_random_projection,0.0,1.0,1.0,0.0193202998489141,,0.1449215998873114,0.0001676001120358,0.095087100053206,0.2401856000069528,0.9999998206206988,0.6516401643038411,0.9965345000382512,1.03125,0.2646262999624014,12.461681365966797,,,,,,,,,,,,,,,,,,0.0003437001723796,4158453344.0,163.0,4.0,24.0,0.0,0.0077100000344216,0.0077100000344216,0.097675000084564,0.0230361002031713,0.012689399998635,0.003000000026077,eigsh,0.0002045000437647
2000,7,220260513,3,3,16.0,40443,234332,0.058583,0.8209776000585407,0.1452035000547766,0,0.0,60.6645,91.0,40179.08736,20.08954368,60.26863104,0.1107778889444722,0.000144,1.6e-05,sparse,Non-random,non_random,0.0,1.0,0.9999999999999998,0.0179163999855518,eigsh,0.0073146999347954,0.0001130001619458,0.0891752999741584,0.0966105998959392,0.9999999999999996,0.6575089237566981,1.062784100184217,0.625,0.1186871000099927,8.063014030456543,,,,,,,,,,,,,,,,,,,,,,,,,,,,,,,
2000,7,220260513,3,3,16.0,40443,234332,0.058583,0.8209776000585407,0.1452035000547766,0,0.0,60.6645,91.0,40179.08736,20.08954368,60.26863104,0.1107778889444722,0.000144,1.6e-05,sparse,Gaussian random projection,gaussian_random_projection,0.0,1.0,1.0,0.0175487999804317,,0.1490505998954177,0.0002429999876767,0.0913220001384615,0.2406257998663932,0.999999798325204,0.6573454600212741,1.2067967001348734,1.015625,0.2631428001914173,13.046725273132324,,,,0.0030997998546808,0.1062559001147747,0.0230507999658584,0.0127380001358687,0.0032362998463213,eigsh,0.0002451001200824,,,,,,,,,,,,,,,,,,,,,
2000,7,220260513,3,3,16.0,40443,234332,0.058583,0.8209776000585407,0.1452035000547766,0,0.0,60.6645,91.0,40179.08736,20.08954368,60.26863104,0.1107778889444722,0.000144,1.6e-05,sparse,Random sampling,random_sampling,0.0005,0.998498874063205,0.9965853313238792,0.0173575999215245,,0.0183988001663237,0.0001447000540792,0.0945828999392688,0.1131339999847114,1.0542714149522097,0.7407282833806291,1.0793075002729893,1.03125,0.1359205998014658,10.37094020843506,,,,,,,,,,,0.0087514000479131,eigsh,0.0094690001569688,118166.0,82282.0,0.7,163148.0,,,,,,,,,,,,,,
2000,7,220260513,3,3,16.0,40443,234332,0.058583,0.8209776000585407,0.1452035000547766,0,0.0,60.6645,91.0,40179.08736,20.08954368,60.26863104,0.1107778889444722,0.000144,1.6e-05,sparse,CountSketch random projection,countsketch_random_projection,0.0,1.0,1.0,0.0196853000670671,,0.1449158999603241,0.0001552000176161,0.0962167999241501,0.2412960999645292,0.9999998010509384,0.6573702199738051,1.2074690000154078,1.140625,0.2667590000201016,12.498150825500488,,,,,,,,,,,,,,,,,,0.000395500101149,3829177339.0,163.0,3.0,23.0,0.0,0.007620400050655,0.007620400050655,0.0940530998632311,0.0265980998519808,0.0129015001002699,0.0029060000088065,eigsh,0.0001871001441031
2000,8,220260514,3,3,16.0,40037,232286,0.0580715,0.6536418001633137,0.1336604999378323,0,0.0,60.0555,91.0,40179.08736,20.08954368,60.26863104,0.1107778889444722,0.000144,1.6e-05,sparse,Non-random,non_random,0.0,1.0,1.0,0.0184606001712381,eigsh,0.0088921999558806,0.000118900090456,0.1814963999204337,0.1905165999196469,1.0000000000000002,0.65800087942432,0.9778098000679164,0.71875,0.2144575000274926,7.992770195007324,,,,,,,,,,,,,,,,,,,,,,,,,,,,,,,
2000,8,220260514,3,3,16.0,40037,232286,0.0580715,0.6536418001633137,0.1336604999378323,0,0.0,60.0555,91.0,40179.08736,20.08954368,60.26863104,0.1107778889444722,0.000144,1.6e-05,sparse,Gaussian random projection,gaussian_random_projection,0.0,1.0,1.0,0.0182819999754428,,0.1413708999752998,0.000184399774298,0.0896040999796241,0.231168899917975,0.9999998162518332,0.6578744367368926,1.0184616998303682,0.96875,0.2550309000071138,13.023316383361816,,,,0.0033233999274671,0.0972766999620944,0.0239757001399993,0.013242800021544,0.0030366000719368,eigsh,0.0001711000222712,,,,,,,,,,,,,,,,,,,,,
2000,8,220260514,3,3,16.0,40037,232286,0.0580715,0.6536418001633137,0.1336604999378323,0,0.0,60.0555,91.0,40179.08736,20.08954368,60.26863104,0.1107778889444722,0.000144,1.6e-05,sparse,Random sampling,random_sampling,0.0,1.0,1.0,0.0199760999530553,,0.0210953999776393,0.0002055999357253,0.1002526001539081,0.1215625999029725,1.0529921829360671,0.7440520195050317,0.9088559001684188,0.6875,0.1465700999833643,10.31073760986328,,,,,,,,,,,0.0088313999585807,eigsh,0.01204129983671,117143.0,81978.0,0.7,162576.0,,,,,,,,,,,,,,
2000,8,220260514,3,3,16.0,40037,232286,0.0580715,0.6536418001633137,0.1336604999378323,0,0.0,60.0555,91.0,40179.08736,20.08954368,60.26863104,0.1107778889444722,0.000144,1.6e-05,sparse,CountSketch random projection,countsketch_random_projection,0.0,1.0,1.0,0.0203152999747544,,0.1478470000438392,0.0002091999631375,0.0988911997992545,0.2469585998915135,0.9999997765286456,0.6578431137020714,1.0342496999073774,1.140625,0.2724184000398963,12.46975803375244,,,,,,,,,,,,,,,,,,0.0004035998135805,1861684268.0,163.0,4.0,25.0,0.0,0.0082735999021679,0.0082735999021679,0.0985361998900771,0.0233390000648796,0.0131477999966591,0.0036521998699754,eigsh,0.0001738001592457
2000,9,220260515,3,3,16.0,39922,231386,0.0578465,0.6637105001136661,0.1249319999478757,0,0.0,59.883,92.0,40179.08736,20.08954368,60.26863104,0.1107778889444722,0.000144,1.6e-05,sparse,Non-random,non_random,0.0,1.0,0.9999999999999998,0.0186254000291228,eigsh,0.0073098998982459,0.0001387000083923,0.1933873000089079,0.2008450999855995,1.0000000000000002,0.6556030817911352,0.989478399977088,1.078125,0.2243591998703777,7.961871147155762,,,,,,,,,,,,,,,,,,,,,,,,,,,,,,,
2000,9,220260515,3,3,16.0,39922,231386,0.0578465,0.6637105001136661,0.1249319999478757,0,0.0,59.883,92.0,40179.08736,20.08954368,60.26863104,0.1107778889444722,0.000144,1.6e-05,sparse,Gaussian random projection,gaussian_random_projection,0.0,1.0,1.0,0.0187631999142467,,0.1597920998465269,0.0002284999936819,0.0938966998364776,0.2539270000997931,0.9999997846941108,0.6554002608796827,1.0425597997382283,1.171875,0.2782000999432057,13.012911796569824,,,,0.0033026998862624,0.1124434999655932,0.0241652000695467,0.0143131997901946,0.0048922998830676,eigsh,0.0002452998887747,,,,,,,,,,,,,,,,,,,,,
2000,9,220260515,3,3,16.0,39922,231386,0.0578465,0.6637105001136661,0.1249319999478757,0,0.0,59.883,92.0,40179.08736,20.08954368,60.26863104,0.1107778889444722,0.000144,1.6e-05,sparse,Random sampling,random_sampling,0.0005,0.998499999625,0.9965856736581904,0.0192606998607516,,0.0204952999483793,0.0001290999352931,0.0965124999638646,0.1171448999084532,1.0565718724701123,0.7428805075029352,0.9057793999090792,1.125,0.1414896000642329,10.267573356628418,,,,,,,,,,,0.0085991998203098,eigsh,0.0117397999856621,116693.0,81623.0,0.7,161834.0,,,,,,,,,,,,,,
2000,9,220260515,3,3,16.0,39922,231386,0.0578465,0.6637105001136661,0.1249319999478757,0,0.0,59.883,92.0,40179.08736,20.08954368,60.26863104,0.1107778889444722,0.000144,1.6e-05,sparse,CountSketch random projection,countsketch_random_projection,0.0,1.0,0.9999999999999998,0.0175913998391479,,0.1396765999961644,0.0002098002005368,0.0929318000562489,0.2328275002073496,0.999999814059114,0.6554307585751149,1.021460700314492,1.171875,0.2551479001995176,12.444427490234377,,,,,,,,,,,,,,,,,,0.0003603999502956,3078630681.0,163.0,5.0,27.0,0.0,0.0074558001942932,0.0074558001942932,0.0920163001865148,0.023631399963051,0.0125535000115633,0.0031843001488596,eigsh,0.0002105999737977
2000,10,220260516,3,3,16.0,40337,233854,0.0584635,0.683186799986288,0.1152119000907987,0,0.0,60.5055,87.0,40179.08736,20.08954368,60.26863104,0.1107778889444722,0.000144,1.6e-05,sparse,Non-random,non_random,0.0,1.0,0.9999999999999998,0.0262529000174254,eigsh,0.0062569000292569,0.0001252999063581,0.2258085000794381,0.2321993000805378,0.9999999999999998,0.6564039369118698,1.0305894000921398,1.15625,0.264726199908182,8.046603202819824,,,,,,,,,,,,,,,,,,,,,,,,,,,,,,,
2000,10,220260516,3,3,16.0,40337,233854,0.0584635,0.683186799986288,0.1152119000907987,0,0.0,60.5055,87.0,40179.08736,20.08954368,60.26863104,0.1107778889444722,0.000144,1.6e-05,sparse,Gaussian random projection,gaussian_random_projection,0.0,1.0,0.9999999999999998,0.0193231999874115,,0.163751000072807,0.0002164999023079,0.1004755001049488,0.2644529000390321,0.9999997729352584,0.6562399292947391,1.0628417001571506,0.921875,0.2893705000169575,13.041403770446776,,,,0.0037223999388515,0.1165636999066919,0.0251468999776989,0.0139591000042855,0.0038095999043434,eigsh,0.0002514000516384,,,,,,,,,,,,,,,,,,,,,
2000,10,220260516,3,3,16.0,40337,233854,0.0584635,0.683186799986288,0.1152119000907987,0,0.0,60.5055,87.0,40179.08736,20.08954368,60.26863104,0.1107778889444722,0.000144,1.6e-05,sparse,Random sampling,random_sampling,0.0,1.0,1.0,0.0195264997892081,,0.0197719999123364,0.0001121000386774,0.1028466999996453,0.1227374000009149,1.0582894296761691,0.7427244088063061,0.921129500027746,0.703125,0.1476125998888164,10.369135856628418,,,,,,,,,,,0.0085814001504331,eigsh,0.0111151000019162,117927.0,82393.0,0.7,163363.0,,,,,,,,,,,,,,
2000,10,220260516,3,3,16.0,40337,233854,0.0584635,0.683186799986288,0.1152119000907987,0,0.0,60.5055,87.0,40179.08736,20.08954368,60.26863104,0.1107778889444722,0.000144,1.6e-05,sparse,CountSketch random projection,countsketch_random_projection,0.0,1.0,0.9999999999999998,0.0173247000202536,,0.1371915000490844,0.000159400049597,0.0925749000161886,0.2299349999520927,0.9999998457250784,0.6562671591975491,1.0283245001919568,1.0,0.2524862999562174,12.495015144348145,,,,,,,,,,,,,,,,,,0.0003403997980058,3771478782.0,163.0,3.0,19.0,0.0,0.0067404001019895,0.0067404001019895,0.0923009000252932,0.0221136999316513,0.0123852000106126,0.0028842000756412,eigsh,0.0001743000466376
4000,1,420260507,3,3,16.0,80641,477428,0.02983925,1.3682023000437766,0.1968392999842763,0,0.0,60.48075,93.0,80475.321472,20.118830368,60.356491104,0.110944472236118,3.6e-05,4e-06,sparse,Non-random,non_random,0.0,1.0,1.0,0.0290382001549005,eigsh,0.0115107002202421,9.09001100808382e-05,0.0493038999848067,0.0609127997886389,1.0,0.654375034755885,1.625947100343183,0.765625,0.0978108998388052,16.424311637878418,,,,,,,,,,,,,,,,,,,,,,,,,,,,,,,
4000,1,420260507,3,3,16.0,80641,477428,0.02983925,1.3682023000437766,0.1968392999842763,0,0.0,60.48075,93.0,80475.321472,20.118830368,60.356491104,0.110944472236118,3.6e-05,4e-06,sparse,Gaussian random projection,gaussian_random_projection,0.0,1.0,1.0,0.0308040000963956,,0.2906703001353889,0.000236100051552,0.0466191999148577,0.3375834000762552,0.99999943013558,0.6539690207303618,1.902567200129852,0.96875,0.3786089001223445,25.784899711608887,,,,0.0053529001306742,0.2246393000241369,0.0323634999804198,0.0240716999396681,0.0031367000192403,eigsh,0.0003291999455541,,,,,,,,,,,,,,,,,,,,,
4000,1,420260507,3,3,16.0,80641,477428,0.02983925,1.3682023000437766,0.1968392999842763,0,0.0,60.48075,93.0,80475.321472,20.118830368,60.356491104,0.110944472236118,3.6e-05,4e-06,sparse,Random sampling,random_sampling,0.00025,0.9992500938204384,0.998135104513984,0.0297925001941621,,0.0300207999534904,9.329989552497864e-05,0.0457106998655945,0.0758324000053107,1.0550171418496257,0.7403131428064131,1.640866399742663,0.640625,0.1159769999794662,21.16444301605225,,,,,,,,,,,0.016907500103116,eigsh,0.0129313999786973,240714.0,169118.0,0.7,335474.0,,,,,,,,,,,,,,
4000,1,420260507,3,3,16.0,80641,477428,0.02983925,1.3682023000437766,0.1968392999842763,0,0.0,60.48075,93.0,80475.321472,20.118830368,60.356491104,0.110944472236118,3.6e-05,4e-06,sparse,CountSketch random projection,countsketch_random_projection,0.0,1.0,1.0,0.0311269999947398,,0.4110520998947322,0.0002965999301522,0.0532560001593083,0.4646152998320758,0.9999994981564788,0.6539275235203117,2.0296463000122458,1.359375,0.5066445998381823,24.742032051086422,,,,,,,,,,,,,,,,,,0.000375100178644,1761059175.0,163.0,11.0,41.0,0.0,0.0122523000463843,0.0122523000463843,0.2368250000290572,0.1261249000672251,0.0309097000863403,0.0034996001049876,eigsh,0.0004369998350739
4000,2,420260508,3,3,16.0,81039,479760,0.029985,1.5200642999261618,0.2153038000687956,0,0.0,60.77925,92.0,80475.321472,20.118830368,60.356491104,0.110944472236118,3.6e-05,4e-06,sparse,Non-random,non_random,0.0,1.0,1.0,0.029504699865356,eigsh,0.0097628999501466,8.709984831511974e-05,0.0495579000562429,0.05941650015302,1.0,0.657602133095144,1.7947759998496622,0.859375,0.0979384998790919,16.504323959350586,,,,,,,,,,,,,,,,,,,,,,,,,,,,,,,
4000,2,420260508,3,3,16.0,81039,479760,0.029985,1.5200642999261618,0.2153038000687956,0,0.0,60.77925,92.0,80475.321472,20.118830368,60.356491104,0.110944472236118,3.6e-05,4e-06,sparse,Gaussian random projection,gaussian_random_projection,0.0,1.0,1.0,0.0290181001182645,,0.303089499939233,0.0002242000773549,0.0452609001658856,0.3485836000181734,0.999999427637609,0.6572061579267612,2.083942700177431,0.9375,0.3895624000579119,25.81188488006592,,,,0.0056111998856067,0.2283522998914122,0.0371979000046849,0.0278074999805539,0.0031981999054551,eigsh,0.0003077997826039,,,,,,,,,,,,,,,,,,,,,
4000,2,420260508,3,3,16.0,81039,479760,0.029985,1.5200642999261618,0.2153038000687956,0,0.0,60.77925,92.0,80475.321472,20.118830368,60.356491104,0.110944472236118,3.6e-05,4e-06,sparse,Random sampling,random_sampling,0.00025,0.9992498125001876,0.9981350190626131,0.0292791998945176,,0.0294573998544365,0.0001286000479012,0.0479331999085843,0.0775276001077145,1.0561593989935822,0.7419812097638941,1.81288729980588,0.859375,0.1172671001404523,21.257957458496094,,,,,,,,,,,0.0164344999939203,eigsh,0.0128460000269114,241880.0,169814.0,0.7,336848.0,,,,,,,,,,,,,,
4000,2,420260508,3,3,16.0,81039,479760,0.029985,1.5200642999261618,0.2153038000687956,0,0.0,60.77925,92.0,80475.321472,20.118830368,60.356491104,0.110944472236118,3.6e-05,4e-06,sparse,CountSketch random projection,countsketch_random_projection,0.0,1.0,1.0,0.0319930000696331,,0.2806738000363111,0.0002557998523116,0.0463819000869989,0.3273217999376356,0.9999995143185728,0.6571769912523197,2.062679599970579,1.25,0.3697247998788953,24.7852144241333,,,,,,,,,,,,,,,,,,0.000375400064513,1127214649.0,163.0,13.0,34.0,0.0,0.0122501000296324,0.0122501000296324,0.1990661998279392,0.0354086000006645,0.0297703999094665,0.0029523998964577,eigsh,0.0002451001200824
4000,3,420260509,3,3,16.0,80636,477362,0.029835125,1.5931506999768317,0.1871013999916613,0,0.0,60.477,89.0,80475.321472,20.118830368,60.356491104,0.110944472236118,3.6e-05,4e-06,sparse,Non-random,non_random,0.0,1.0,1.0,0.03025189996697,eigsh,0.0103134999517351,8.610007353127003e-05,0.0490754998754709,0.0594824000727385,1.0,0.6583414122415976,1.8397271998692304,0.765625,0.0977264998946338,16.422045707702637,,,,,,,,,,,,,,,,,,,,,,,,,,,,,,,
4000,3,420260509,3,3,16.0,80636,477362,0.029835125,1.5931506999768317,0.1871013999916613,0,0.0,60.477,89.0,80475.321472,20.118830368,60.356491104,0.110944472236118,3.6e-05,4e-06,sparse,Gaussian random projection,gaussian_random_projection,0.0,1.0,1.0,0.0295998000074177,,0.2961111001204699,0.0001723000314086,0.0561714000068604,0.3524622002150863,0.9999994569765692,0.6579074758625525,2.132706900127232,1.078125,0.3928373001981526,25.78439235687256,,,,0.0054339999333024,0.2153689998667687,0.0347899999469518,0.0343560001347214,0.0047621000558137,eigsh,0.0008219999726861,,,,,,,,,,,,,,,,,,,,,
4000,3,420260509,3,3,16.0,80636,477362,0.029835125,1.5931506999768317,0.1871013999916613,0,0.0,60.477,89.0,80475.321472,20.118830368,60.356491104,0.110944472236118,3.6e-05,4e-06,sparse,Random sampling,random_sampling,0.0,1.0,1.0,0.0295559000223875,,0.0293675998691469,8.599995635449886e-05,0.0460580000653862,0.0755193999502807,1.0557510375674597,0.7445414412177954,1.8557636998593807,0.78125,0.1162225999869406,21.134258270263672,,,,,,,,,,,0.0159197999164462,eigsh,0.0133106000721454,240681.0,168716.0,0.7,334636.0,,,,,,,,,,,,,,
4000,3,420260509,3,3,16.0,80636,477362,0.029835125,1.5931506999768317,0.1871013999916613,0,0.0,60.477,89.0,80475.321472,20.118830368,60.356491104,0.110944472236118,3.6e-05,4e-06,sparse,CountSketch random projection,countsketch_random_projection,0.0,1.0,1.0,0.0309940001461654,,0.2688045999966562,0.0001801999751478,0.0473831000272184,0.316376999951899,0.9999995513815848,0.6579419317687402,2.0966199999675155,1.25,0.3584994999691844,24.73453426361084,,,,,,,,,,,,,,,,,,0.0004022000357508,3211862945.0,163.0,13.0,42.0,0.0,0.0145523000974208,0.0145523000974208,0.1908116999547928,0.0332166000735014,0.0261925000231713,0.0028204000554978,eigsh,0.0002699999604374
4000,4,420260510,3,3,16.0,80523,476544,0.029784,1.590535999974236,0.2108127998653799,0,0.0,60.39225,91.0,80475.321472,20.118830368,60.356491104,0.110944472236118,3.6e-05,4e-06,sparse,Non-random,non_random,0.0,1.0,1.0,0.028799699852243,eigsh,0.0102758000139147,9.729992598295212e-05,0.0466326000168919,0.0570137000177055,1.0,0.6559576271707065,1.8583544997964052,0.609375,0.0937188998796045,16.393961906433105,,,,,,,,,,,,,,,,,,,,,,,,,,,,,,,
4000,4,420260510,3,3,16.0,80523,476544,0.029784,1.590535999974236,0.2108127998653799,0,0.0,60.39225,91.0,80475.321472,20.118830368,60.356491104,0.110944472236118,3.6e-05,4e-06,sparse,Gaussian random projection,gaussian_random_projection,0.0,1.0,1.0,0.0329958000220358,,0.3084340998902917,0.0002666001673787,0.0513456999324262,0.3600547998212278,0.999999558102687,0.6555465345750736,2.1613951998297125,1.078125,0.4035438999999314,25.774832725524902,,,,0.0065439001191407,0.2245587999932468,0.0420539998449385,0.0295365001074969,0.0044079998042434,eigsh,0.0005743999499827,,,,,,,,,,,,,,,,,,,,,
4000,4,420260510,3,3,16.0,80523,476544,0.029784,1.590535999974236,0.2108127998653799,0,0.0,60.39225,91.0,80475.321472,20.118830368,60.356491104,0.110944472236118,3.6e-05,4e-06,sparse,Random sampling,random_sampling,0.00025,0.9992498123593164,0.9981350193168856,0.0294025999028235,,0.0287953000515699,0.0001729999203234,0.0517323999665677,0.0807086999993771,1.0568454753222662,0.7402268597357305,1.882049499778077,0.515625,0.1190768000669777,21.09392738342285,,,,,,,,,,,0.0150761001277714,eigsh,0.0135190000291913,240272.0,168371.0,0.7,333934.0,,,,,,,,,,,,,,
4000,4,420260510,3,3,16.0,80523,476544,0.029784,1.590535999974236,0.2108127998653799,0,0.0,60.39225,91.0,80475.321472,20.118830368,60.356491104,0.110944472236118,3.6e-05,4e-06,sparse,CountSketch random projection,countsketch_random_projection,0.0,1.0,1.0,0.0312552999239414,,0.2802770000416785,0.0003209998831152,0.0501008999999612,0.3307091000024229,0.999999546012144,0.6555140497231055,2.132047699764371,1.125,0.3733614000957459,24.726258277893063,,,,,,,,,,,,,,,,,,0.0002947000321,3474826686.0,163.0,10.0,37.0,0.0,0.0128915000241249,0.0128915000241249,0.1978890001773834,0.0377020998857915,0.0258138000499457,0.0044747998472303,eigsh,0.0004577999934554
4000,5,420260511,3,3,16.0,80407,476380,0.02977375,1.4965204999316484,0.2629378999117762,0,0.0,60.30525,91.0,80475.321472,20.118830368,60.356491104,0.110944472236118,3.6e-05,4e-06,sparse,Non-random,non_random,0.0,1.0,1.0,0.0301496000029146,eigsh,0.00992720015347,9.390013292431831e-05,0.0491461001802235,0.0591742000542581,0.9999999999999998,0.6557524755718638,1.8186256003100425,0.71875,0.0980865000747144,16.388331413269043,,,,,,,,,,,,,,,,,,,,,,,,,,,,,,,
4000,5,420260511,3,3,16.0,80407,476380,0.02977375,1.4965204999316484,0.2629378999117762,0,0.0,60.30525,91.0,80475.321472,20.118830368,60.356491104,0.110944472236118,3.6e-05,4e-06,sparse,Gaussian random projection,gaussian_random_projection,0.0,1.0,1.0,0.0290250000543892,,0.3009043999481946,0.0002347999252378,0.0466414999682456,0.3477898000273853,0.9999994441206292,0.6553940166507379,2.1072390996851027,1.203125,0.388539400184527,25.77290630340576,,,,0.0056155000347644,0.2246653998736292,0.0371314999647438,0.0289237999822944,0.0037056999281048,eigsh,0.0002536999527364,,,,,,,,,,,,,,,,,,,,,
4000,5,420260511,3,3,16.0,80407,476380,0.02977375,1.4965204999316484,0.2629378999117762,0,0.0,60.30525,91.0,80475.321472,20.118830368,60.356491104,0.110944472236118,3.6e-05,4e-06,sparse,Random sampling,random_sampling,0.0,1.0,1.0,0.0309923999011516,,0.0293632999528199,0.0001159999519586,0.051907799905166,0.0813961999956518,1.0568479840645504,0.742849320394724,1.8408454996533687,0.703125,0.1233296000864356,21.099696159362797,,,,,,,,,,,0.0162750000599771,eigsh,0.0129220001399517,240190.0,168498.0,0.7,334193.0,,,,,,,,,,,,,,
4000,5,420260511,3,3,16.0,80407,476380,0.02977375,1.4965204999316484,0.2629378999117762,0,0.0,60.30525,91.0,80475.321472,20.118830368,60.356491104,0.110944472236118,3.6e-05,4e-06,sparse,CountSketch random projection,countsketch_random_projection,0.0,1.0,1.0,0.0287865998689085,,0.2765763998031616,0.000256499974057,0.0456528000067919,0.3224961999803781,0.9999993097486422,0.6553378590536829,2.081944099627435,0.921875,0.3613242001738399,24.73019123077393,,,,,,,,,,,,,,,,,,0.0002917000092566,3504379091.0,163.0,13.0,35.0,0.0,0.0108819000888615,0.0108819000888615,0.1972586000338196,0.039167599985376,0.0251335999928414,0.0029692999087274,eigsh,0.0002697999589145
4000,6,420260512,3,3,16.0,80741,478044,0.02987775,1.412573000183329,0.2248640998732298,0,0.0,60.55575,89.0,80475.321472,20.118830368,60.356491104,0.110944472236118,3.6e-05,4e-06,sparse,Non-random,non_random,0.0,1.0,1.0,0.0328305000439286,eigsh,0.0106466000434011,0.0001052999868988,0.0477307999972254,0.0584895999636501,0.9999999999999996,0.6580662599743009,1.6959198000840845,0.734375,0.1019036001525819,16.445460319519043,,,,,,,,,,,,,,,,,,,,,,,,,,,,,,,
4000,6,420260512,3,3,16.0,80741,478044,0.02987775,1.412573000183329,0.2248640998732298,0,0.0,60.55575,89.0,80475.321472,20.118830368,60.356491104,0.110944472236118,3.6e-05,4e-06,sparse,Gaussian random projection,gaussian_random_projection,0.0,1.0,1.0,0.0320622001308947,,0.3347285999916494,0.0002802999224513,0.0508275001775473,0.3858473999425769,0.9999995820277884,0.6576491413295847,2.023273500148207,1.25,0.430206400109455,25.79214763641357,,,,0.005719400011003,0.2512577001471072,0.0413494000677019,0.0309200999327003,0.0040595999453216,eigsh,0.0005323998630046,,,,,,,,,,,,,,,,,,,,,
4000,6,420260512,3,3,16.0,80741,478044,0.02987775,1.412573000183329,0.2248640998732298,0,0.0,60.55575,89.0,80475.321472,20.118830368,60.356491104,0.110944472236118,3.6e-05,4e-06,sparse,Random sampling,random_sampling,0.0,1.0,1.0,0.0294224000535905,,0.0299374000169336,9.539979510009287e-05,0.0456930000800639,0.0757327999453991,1.0544487323410237,0.7447588400089157,1.7131628999486566,1.0625,0.1162872998975217,21.151114463806152,,,,,,,,,,,0.0160842000041157,eigsh,0.0136726000346243,241022.0,168762.0,0.7,334740.0,,,,,,,,,,,,,,
4000,6,420260512,3,3,16.0,80741,478044,0.02987775,1.412573000183329,0.2248640998732298,0,0.0,60.55575,89.0,80475.321472,20.118830368,60.356491104,0.110944472236118,3.6e-05,4e-06,sparse,CountSketch random projection,countsketch_random_projection,0.0,1.0,1.0,0.0290659999009221,,0.272630900144577,0.0002975999377667,0.0461925000417977,0.3191297999583184,0.9999995090966444,0.6576945144744792,1.9565581001807004,1.171875,0.3583852001465857,24.76290607452393,,,,,,,,,,,,,,,,,,0.0004082999657839,2250338475.0,163.0,13.0,36.0,0.0,0.0114591000601649,0.0114591000601649,0.1949340000282973,0.0352274000179022,0.0257132998667657,0.0035681000445038,eigsh,0.0005471999756991
4000,7,420260513,3,3,16.0,80050,474194,0.029637125,1.468008500058204,0.2278458999935537,0,0.0,60.0375,90.0,80475.321472,20.118830368,60.356491104,0.110944472236118,3.6e-05,4e-06,sparse,Non-random,non_random,0.0,1.0,1.0,0.0302153001539409,eigsh,0.0106059999670833,8.63000750541687e-05,0.0470696000847965,0.0577694999519735,1.0,0.6601805643742992,1.7536163001786915,0.59375,0.0963421000633388,16.313281059265137,,,,,,,,,,,,,,,,,,,,,,,,,,,,,,,
4000,7,420260513,3,3,16.0,80050,474194,0.029637125,1.468008500058204,0.2278458999935537,0,0.0,60.0375,90.0,80475.321472,20.118830368,60.356491104,0.110944472236118,3.6e-05,4e-06,sparse,Gaussian random projection,gaussian_random_projection,0.0,1.0,1.0,0.0325007999781519,,0.3071971000172198,0.0002681000623852,0.0580407998058944,0.3655161999631673,0.9999995637564332,0.6597673966718764,2.061360399937257,1.046875,0.4093227998819202,25.74804401397705,,,,0.0055114000570029,0.2324485999997705,0.0370832998305559,0.0278129000216722,0.0033992999233305,eigsh,0.0002669000532478,,,,,,,,,,,,,,,,,,,,,
4000,7,420260513,3,3,16.0,80050,474194,0.029637125,1.468008500058204,0.2278458999935537,0,0.0,60.0375,90.0,80475.321472,20.118830368,60.356491104,0.110944472236118,3.6e-05,4e-06,sparse,Random sampling,random_sampling,0.0,1.0,1.0,0.0382565001491457,,0.0327992001548409,8.719996549189091e-05,0.0543475998565554,0.0872434000484645,1.0523286883935925,0.7442358222423312,1.783088400028646,0.953125,0.1370237998198717,20.962549209594727,,,,,,,,,,,0.0163640999235212,eigsh,0.0162641999777406,239097.0,167130.0,0.7,331488.0,,,,,,,,,,,,,,
4000,7,420260513,3,3,16.0,80050,474194,0.029637125,1.468008500058204,0.2278458999935537,0,0.0,60.0375,90.0,80475.321472,20.118830368,60.356491104,0.110944472236118,3.6e-05,4e-06,sparse,CountSketch random projection,countsketch_random_projection,0.0,1.0,1.0,0.0300313001498579,,0.2953218999318778,0.0002949000336229,0.0510384999215602,0.3466641998384148,0.9999995067350452,0.6598323378862215,2.042509699938819,1.078125,0.385732099879533,24.690564155578613,,,,,,,,,,,,,,,,,,0.0003901000600308,634151346.0,163.0,14.0,38.0,0.0,0.0123144998215138,0.0123144998215138,0.2062953000422567,0.0382660999894142,0.0322824001777917,0.0045683998614549,eigsh,0.0004517999477684
4000,8,420260514,3,3,16.0,80572,476968,0.0298105,1.4480574999470264,0.1981940001714974,0,0.0,60.429,92.0,80475.321472,20.118830368,60.356491104,0.110944472236118,3.6e-05,4e-06,sparse,Non-random,non_random,0.0,1.0,1.0,0.0289255999960005,eigsh,0.0122497000265866,8.830009028315544e-05,0.0491758999414742,0.0615216998849064,1.0,0.6556074116915003,1.7077654001768678,0.65625,0.1001538999844342,16.40851879119873,,,,,,,,,,,,,,,,,,,,,,,,,,,,,,,
4000,8,420260514,3,3,16.0,80572,476968,0.0298105,1.4480574999470264,0.1981940001714974,0,0.0,60.429,92.0,80475.321472,20.118830368,60.356491104,0.110944472236118,3.6e-05,4e-06,sparse,Gaussian random projection,gaussian_random_projection,0.0,1.0,1.0,0.0290196998976171,,0.2960069000255316,0.0002619000151753,0.0472833001986146,0.3435607000719756,0.999999497692801,0.6551328242375297,1.9898036003578452,1.140625,0.3811277998611331,25.77958583831787,,,,0.0057658997830003,0.2195133999921381,0.0354061000980436,0.0301139000803232,0.0041000999044626,eigsh,0.0002649999223649,,,,,,,,,,,,,,,,,,,,,
4000,8,420260514,3,3,16.0,80572,476968,0.0298105,1.4480574999470264,0.1981940001714974,0,0.0,60.429,92.0,80475.321472,20.118830368,60.356491104,0.110944472236118,3.6e-05,4e-06,sparse,Random sampling,random_sampling,0.0,1.0,1.0,0.0285992999561131,,0.0289859999902546,8.050003089010715e-05,0.0450477001722902,0.0741205001249909,1.056225754744654,0.7405698083036255,1.7203657003119588,0.78125,0.1141613000072538,21.120161056518555,,,,,,,,,,,0.0167770001571625,eigsh,0.0120697000529617,240484.0,168623.0,0.7,334453.0,,,,,,,,,,,,,,
4000,8,420260514,3,3,16.0,80572,476968,0.0298105,1.4480574999470264,0.1981940001714974,0,0.0,60.429,92.0,80475.321472,20.118830368,60.356491104,0.110944472236118,3.6e-05,4e-06,sparse,CountSketch random projection,countsketch_random_projection,0.0,1.0,1.0,0.0281883999705314,,0.2881050000432879,0.0002500999253243,0.0518706000875681,0.3402384000364691,0.9999994530208236,0.6551151546317745,1.986477200174704,1.15625,0.3788419000338763,24.732529640197757,,,,,,,,,,,,,,,,,,0.0003667999990284,2029088568.0,163.0,14.0,40.0,0.0,0.0128848000895231,0.0128848000895231,0.2036802999209612,0.0363816001918166,0.0304476998280733,0.003201600164175,eigsh,0.0004363998305052
4000,9,420260515,3,3,16.0,80429,476392,0.0297745,1.4975421999115497,0.1867291000671684,0,0.0,60.32175,93.0,80475.321472,20.118830368,60.356491104,0.110944472236118,3.6e-05,4e-06,sparse,Non-random,non_random,0.0,1.0,1.0,0.0289346000645309,eigsh,0.0107125998474657,8.87999776750803e-05,0.0445101000368595,0.0553192999213933,0.9999999999999998,0.6572052061705769,1.7395827998407185,0.625,0.0945911000017076,16.38874340057373,,,,,,,,,,,,,,,,,,,,,,,,,,,,,,,
4000,9,420260515,3,3,16.0,80429,476392,0.0297745,1.4975421999115497,0.1867291000671684,0,0.0,60.32175,93.0,80475.321472,20.118830368,60.356491104,0.110944472236118,3.6e-05,4e-06,sparse,Gaussian random projection,gaussian_random_projection,0.0,1.0,1.0,0.0298182999249547,,0.2956092001404613,0.0002340001519769,0.0429953001439571,0.3388480001594871,0.9999995259017664,0.6568482652618847,2.0231098004151136,1.09375,0.3803252000361681,25.773390769958496,,,,0.0067513000685721,0.2190389998722821,0.0361760999076068,0.0289258998818695,0.0036613000556826,eigsh,0.0004551000893115,,,,,,,,,,,,,,,,,,,,,
4000,9,420260515,3,3,16.0,80429,476392,0.0297745,1.4975421999115497,0.1867291000671684,0,0.0,60.32175,93.0,80475.321472,20.118830368,60.356491104,0.110944472236118,3.6e-05,4e-06,sparse,Random sampling,random_sampling,0.0,1.0,1.0,0.0286286000628024,,0.0270701001863926,8.939998224377632e-05,0.0425559999421238,0.0697227001655846,1.0509411252230143,0.7392069487341371,1.7539868000894785,0.875,0.1090637999586761,21.0601110458374,,,,,,,,,,,0.0137422000989317,eigsh,0.0131584999617189,240196.0,167908.0,0.7,333060.0,,,,,,,,,,,,,,
4000,9,420260515,3,3,16.0,80429,476392,0.0297745,1.4975421999115497,0.1867291000671684,0,0.0,60.32175,93.0,80475.321472,20.118830368,60.356491104,0.110944472236118,3.6e-05,4e-06,sparse,CountSketch random projection,countsketch_random_projection,0.0,1.0,1.0,0.028842199826613,,0.2658095001243055,0.0002407000865787,0.0449046997819095,0.3109639999456703,0.9999995309011174,0.6567962646772928,1.995226199971512,1.296875,0.3521509999409318,24.72425937652588,,,,,,,,,,,,,,,,,,0.0004056000616401,3993617747.0,163.0,13.0,37.0,0.0,0.0110007999464869,0.0110007999464869,0.1869187999982386,0.0351297999732196,0.0280950998421758,0.0032957999501377,eigsh,0.0003557000309228
4000,10,420260516,3,3,16.0,80466,476392,0.0297745,1.5726534000132233,0.1826001999434083,0,0.0,60.3495,95.0,80475.321472,20.118830368,60.356491104,0.110944472236118,3.6e-05,4e-06,sparse,Non-random,non_random,0.0,1.0,1.0,0.0327401999384164,eigsh,0.0099145001731812,0.0001093000173568,0.0474570000078529,0.0574884000234305,1.0000000000000002,0.6586918531543672,1.8127344001550227,0.5,0.0988125000149011,16.38874340057373,,,,,,,,,,,,,,,,,,,,,,,,,,,,,,,
4000,10,420260516,3,3,16.0,80466,476392,0.0297745,1.5726534000132233,0.1826001999434083,0,0.0,60.3495,95.0,80475.321472,20.118830368,60.356491104,0.110944472236118,3.6e-05,4e-06,sparse,Gaussian random projection,gaussian_random_projection,0.0,1.0,1.0,0.0303978000301867,,0.2835305000189692,0.0002752000000327,0.0481316000223159,0.3319459999911487,0.9999994717029532,0.658322471172211,2.0871908999979496,1.078125,0.372844599885866,25.77299404144287,,,,0.0053509999997913,0.2127135000191629,0.0341314000543206,0.0257763999979943,0.0043945000506937,eigsh,0.0003906998317688,,,,,,,,,,,,,,,,,,,,,
4000,10,420260516,3,3,16.0,80466,476392,0.0297745,1.5726534000132233,0.1826001999434083,0,0.0,60.3495,95.0,80475.321472,20.118830368,60.356491104,0.110944472236118,3.6e-05,4e-06,sparse,Random sampling,random_sampling,0.00025,0.9992498125001876,0.9981350190626131,0.0294141999911516,,0.0291042998433113,9.270012378692628e-05,0.0456944999750703,0.0748990001156926,1.0555608685288225,0.7449455713204501,1.8301450998988005,0.96875,0.1149063999764621,21.065448760986328,,,,,,,,,,,0.0154919000342488,eigsh,0.0134169999510049,240196.0,168005.0,0.7,333201.0,,,,,,,,,,,,,,
4000,10,420260516,3,3,16.0,80466,476392,0.0297745,1.5726534000132233,0.1826001999434083,0,0.0,60.3495,95.0,80475.321472,20.118830368,60.356491104,0.110944472236118,3.6e-05,4e-06,sparse,CountSketch random projection,countsketch_random_projection,0.0,1.0,1.0,0.0274720001034438,,0.2683762998785823,0.0002307998947799,0.0434580999426543,0.3120750999078154,0.9999994254961584,0.658319701226083,2.0673187996726483,1.015625,0.3496227001305669,24.72298526763916,,,,,,,,,,,,,,,,,,0.0004165999125689,3728445448.0,163.0,12.0,42.0,0.0,0.0108703000005334,0.0108703000005334,0.1921160998754203,0.0335707999765872,0.0266382000409066,0.00373540003784,eigsh,0.0004626000300049
6000,1,620260507,3,3,16.0,121170,722618,0.0200727222222222,2.150813699932769,0.3015491999685764,0,0.0,60.585,88.0,120771.58755555555,20.128597925925927,60.38579377777778,0.1109999938302488,1.6e-05,1.7777777777777775e-06,sparse,Non-random,non_random,0.0,1.0,1.0,0.0423342001158744,eigsh,0.0159071001689881,9.039998985826968e-05,0.0568640998098999,0.0728702000342309,0.9999999999999998,0.6572448155786532,2.525224499870092,0.78125,0.1301752999424934,24.85750102996826,,,,,,,,,,,,,,,,,,,,,,,,,,,,,,,
6000,1,620260507,3,3,16.0,121170,722618,0.0200727222222222,2.150813699932769,0.3015491999685764,0,0.0,60.585,88.0,120771.58755555555,20.128597925925927,60.38579377777778,0.1109999938302488,1.6e-05,1.7777777777777775e-06,sparse,Gaussian random projection,gaussian_random_projection,0.0,1.0,1.0,0.0401123000774532,,0.4637827000115067,0.0003131998237222,0.0552660999819636,0.5193712001200765,0.9999992182872044,0.6565804728334593,2.971724899718538,1.359375,0.5721338998991996,38.54748439788818,,,,0.0095051999669522,0.357621300034225,0.0469219000078737,0.0452739999163895,0.0028546000830829,eigsh,0.0005303998477756,,,,,,,,,,,,,,,,,,,,,
6000,1,620260507,3,3,16.0,121170,722618,0.0200727222222222,2.150813699932769,0.3015491999685764,0,0.0,60.585,88.0,120771.58755555555,20.128597925925927,60.38579377777778,0.1109999938302488,1.6e-05,1.7777777777777775e-06,sparse,Random sampling,random_sampling,0.0001666666666666,0.9994999583125016,0.9986951868229892,0.0421164999715983,,0.0409717001020908,0.0001610000617802,0.0537501999642699,0.0948926999699324,1.059630493241322,0.7452425650315628,2.5472458000294864,0.78125,0.1512559000402689,31.947656631469727,,,,,,,,,,,0.0228158999234437,eigsh,0.0178982999641448,364309.0,255278.0,0.7,506292.0,,,,,,,,,,,,,,
6000,1,620260507,3,3,16.0,121170,722618,0.0200727222222222,2.150813699932769,0.3015491999685764,0,0.0,60.585,88.0,120771.58755555555,20.128597925925927,60.38579377777778,0.1109999938302488,1.6e-05,1.7777777777777775e-06,sparse,CountSketch random projection,countsketch_random_projection,0.0,1.0,1.0,0.040987699991092,,0.4167321000713855,0.0003158000763505,0.0514083001762628,0.4684647000394761,0.9999990082053788,0.6565180268709887,2.9208191002253443,1.203125,0.5230409000068903,37.01933765411377,,,,,,,,,,,,,,,,,,0.0003400999121367,3654371627.0,163.0,21.0,51.0,0.0,0.0187411999795585,0.0187411999795585,0.3063303998205811,0.0472921999171376,0.0389543999917805,0.0035942001268267,eigsh,0.0006838999688625
6000,2,620260508,3,3,16.0,120991,721826,0.0200507222222222,2.249390299897641,0.3105230999644846,0,0.0,60.4955,90.0,120771.58755555555,20.128597925925927,60.38579377777778,0.1109999938302488,1.6e-05,1.7777777777777775e-06,sparse,Non-random,non_random,0.0,1.0,1.0,0.0390292999800294,eigsh,0.0175568999256938,8.770008571445942e-05,0.0511227000970393,0.0687746000476181,1.0000000000000002,0.6580923962727063,2.628680699970573,0.953125,0.1202325001358985,24.830309867858887,,,,,,,,,,,,,,,,,,,,,,,,,,,,,,,
6000,2,620260508,3,3,16.0,120991,721826,0.0200507222222222,2.249390299897641,0.3105230999644846,0,0.0,60.4955,90.0,120771.58755555555,20.128597925925927,60.38579377777778,0.1109999938302488,1.6e-05,1.7777777777777775e-06,sparse,Gaussian random projection,gaussian_random_projection,0.0,1.0,1.0,0.0394270999822765,,0.4677158000413328,0.0002918001264333,0.0567567001562565,0.5247756000608206,0.999999162396218,0.6574056686978182,3.0846777001861483,1.4375,0.5771788998972625,38.53832149505615,,,,0.008110900176689,0.3598650000058114,0.0479425999801605,0.0472293000202626,0.003117199987173,eigsh,0.0004974000621587,,,,,,,,,,,,,,,,,,,,,
6000,2,620260508,3,3,16.0,120991,721826,0.0200507222222222,2.249390299897641,0.3105230999644846,0,0.0,60.4955,90.0,120771.58755555555,20.128597925925927,60.38579377777778,0.1109999938302488,1.6e-05,1.7777777777777775e-06,sparse,Random sampling,random_sampling,0.0,1.0,1.0,0.0403789000120013,,0.038723099976778,0.0001725999172776,0.055464900098741,0.0943692999426275,1.0524513668794675,0.7410554319414351,2.6542739998549223,1.09375,0.1502745000179857,31.91037368774414,,,,,,,,,,,0.0202672998420894,eigsh,0.0182159999385476,363913.0,254920.0,0.7,505693.0,,,,,,,,,,,,,,
6000,2,620260508,3,3,16.0,120991,721826,0.0200507222222222,2.249390299897641,0.3105230999644846,0,0.0,60.4955,90.0,120771.58755555555,20.128597925925927,60.38579377777778,0.1109999938302488,1.6e-05,1.7777777777777775e-06,sparse,CountSketch random projection,countsketch_random_projection,0.0,1.0,1.0,0.0410300998482853,,0.5018209998961538,0.0003038998693227,0.0540066000539809,0.5561408000066876,0.9999991639456078,0.6575530777813376,3.116044899681583,1.34375,0.6117624999023974,37.00586795806885,,,,,,,,,,,,,,,,,,0.0004958999343216,77615444.0,163.0,20.0,52.0,0.0,0.0242027000058442,0.0242027000058442,0.3802757000084966,0.0488320000004023,0.0417746000457555,0.0046528000384569,eigsh,0.0007261000573635
6000,3,620260509,3,3,16.0,120416,718294,0.0199526111111111,2.130301299970597,0.329401999944821,0,0.0,60.208,91.0,120771.58755555555,20.128597925925927,60.38579377777778,0.1109999938302488,1.6e-05,1.7777777777777775e-06,sparse,Non-random,non_random,0.0,1.0,1.0,0.0397246999200433,eigsh,0.0158739001490175,0.0001089998986572,0.0507455999031662,0.0667363998945802,1.0,0.657116466740534,2.526431799866259,0.796875,0.1194046000018715,24.7090482711792,,,,,,,,,,,,,,,,,,,,,,,,,,,,,,,
6000,3,620260509,3,3,16.0,120416,718294,0.0199526111111111,2.130301299970597,0.329401999944821,0,0.0,60.208,91.0,120771.58755555555,20.128597925925927,60.38579377777778,0.1109999938302488,1.6e-05,1.7777777777777775e-06,sparse,Gaussian random projection,gaussian_random_projection,0.0,1.0,1.0,0.0445681000128388,,0.530486400006339,0.0003192001022398,0.0541515999939292,0.5849673000629991,0.9999989291033636,0.6564799162179821,3.044660500017926,1.40625,0.6437204000540078,38.498000144958496,,,,0.0079423999413847,0.4083588998764753,0.04835160006769,0.0599815999157726,0.0037346000317484,eigsh,0.0010465001687407,,,,,,,,,,,,,,,,,,,,,
6000,3,620260509,3,3,16.0,120416,718294,0.0199526111111111,2.130301299970597,0.329401999944821,0,0.0,60.208,91.0,120771.58755555555,20.128597925925927,60.38579377777778,0.1109999938302488,1.6e-05,1.7777777777777775e-06,sparse,Random sampling,random_sampling,0.0,1.0,1.0,0.0516752998810261,,0.044626000104472,0.0001706001348793,0.0566777999047189,0.1014826002065092,1.0541094063525596,0.7413916612337894,2.5611777000594884,1.078125,0.1679781000129878,31.723344802856445,,,,,,,,,,,0.0242398998234421,eigsh,0.0201474998611956,362147.0,253248.0,0.7,502290.0,,,,,,,,,,,,,,
6000,3,620260509,3,3,16.0,120416,718294,0.0199526111111111,2.130301299970597,0.329401999944821,0,0.0,60.208,91.0,120771.58755555555,20.128597925925927,60.38579377777778,0.1109999938302488,1.6e-05,1.7777777777777775e-06,sparse,CountSketch random projection,countsketch_random_projection,0.0,1.0,1.0,0.0409243998583406,,0.493568800156936,0.0004175999201834,0.0525776001159101,0.5465751001611352,0.99999918036054,0.6563758362178416,3.006267300108448,1.375,0.6037554999347776,36.92877674102783,,,,,,,,,,,,,,,,,,0.0004815999418497,619604663.0,163.0,24.0,51.0,0.0,0.0221875999122858,0.0221875999122858,0.3584069001954049,0.0465432999189943,0.0617311000823974,0.0028894999995827,eigsh,0.0004696000833064
6000,4,620260510,3,3,16.0,120395,717880,0.0199411111111111,2.173727799905464,0.3683353001251817,0,0.0,60.1975,92.0,120771.58755555555,20.128597925925927,60.38579377777778,0.1109999938302488,1.6e-05,1.7777777777777775e-06,sparse,Non-random,non_random,0.0,1.0,1.0,0.0403351001441478,eigsh,0.0146000001113861,9.059999138116837e-05,0.0530624000821262,0.0677614999003708,1.0000000000000009,0.656797275373107,2.60981610021554,0.640625,0.1210517999716103,24.69483470916748,,,,,,,,,,,,,,,,,,,,,,,,,,,,,,,
6000,4,620260510,3,3,16.0,120395,717880,0.0199411111111111,2.173727799905464,0.3683353001251817,0,0.0,60.1975,92.0,120771.58755555555,20.128597925925927,60.38579377777778,0.1109999938302488,1.6e-05,1.7777777777777775e-06,sparse,Gaussian random projection,gaussian_random_projection,0.0,1.0,1.0,0.0400710999965667,,0.5247720000334084,0.0002939000260084,0.0538093999493867,0.5788849000819027,0.9999991981079565,0.6561577370996682,3.1209384000394493,1.625,0.6338112000375986,38.49331188201904,,,,0.0093016000464558,0.4119761998299509,0.0516664998140186,0.0462604998610913,0.0036973000969737,eigsh,0.0009659000206738,,,,,,,,,,,,,,,,,,,,,
6000,4,620260510,3,3,16.0,120395,717880,0.0199411111111111,2.173727799905464,0.3683353001251817,0,0.0,60.1975,92.0,120771.58755555555,20.128597925925927,60.38579377777778,0.1109999938302488,1.6e-05,1.7777777777777775e-06,sparse,Random sampling,random_sampling,0.0,1.0,1.0,0.0395991997793316,,0.0397485999856144,0.0002135999966412,0.0516445999965071,0.0916156999301165,1.0538867983099065,0.7438536182208338,2.6336699000094086,0.96875,0.1452604001387953,31.69853687286377,,,,,,,,,,,0.0216690998058766,eigsh,0.0178533000871539,361940.0,253006.0,0.7,501811.0,,,,,,,,,,,,,,
6000,4,620260510,3,3,16.0,120395,717880,0.0199411111111111,2.173727799905464,0.3683353001251817,0,0.0,60.1975,92.0,120771.58755555555,20.128597925925927,60.38579377777778,0.1109999938302488,1.6e-05,1.7777777777777775e-06,sparse,CountSketch random projection,countsketch_random_projection,0.0,1.0,1.0,0.0398644001688808,,0.4233510999474674,0.0002902999985963,0.0525553999468684,0.4762069000862539,0.9999990970064312,0.6560803558188284,3.018259899923578,1.1875,0.5291711001191288,36.9319543838501,,,,,,,,,,,,,,,,,,0.000418399926275,4111781510.0,163.0,20.0,54.0,0.0,0.0194851998239755,0.0194851998239755,0.3095880001783371,0.0495943001005798,0.0401260999497026,0.0027755999471992,eigsh,0.000405800063163
6000,5,620260511,3,3,16.0,120461,718056,0.019946,2.2011889000423253,0.329494799952954,0,0.0,60.2305,88.0,120771.58755555555,20.128597925925927,60.38579377777778,0.1109999938302488,1.6e-05,1.7777777777777775e-06,sparse,Non-random,non_random,0.0,1.0,1.0,0.0384478999767452,eigsh,0.0139539998490363,8.819997310638428e-05,0.0477217000443488,0.061770400032401,1.0,0.6579971418031431,2.592447599861771,0.921875,0.1117531999479979,24.70087718963623,,,,,,,,,,,,,,,,,,,,,,,,,,,,,,,
6000,5,620260511,3,3,16.0,120461,718056,0.019946,2.2011889000423253,0.329494799952954,0,0.0,60.2305,88.0,120771.58755555555,20.128597925925927,60.38579377777778,0.1109999938302488,1.6e-05,1.7777777777777775e-06,sparse,Gaussian random projection,gaussian_random_projection,0.0,1.0,1.0,0.0397932000923901,,0.4445614002179354,0.0003275999333709,0.0485382999759167,0.493439300218597,0.9999991823937688,0.65728156563793,3.0241110001225024,1.40625,0.5491772999521345,38.494977951049805,,,,0.0083449000958353,0.3339203998912126,0.0458160999696701,0.0510954000055789,0.0035288000945001,eigsh,0.0007225999142974,,,,,,,,,,,,,,,,,,,,,
6000,5,620260511,3,3,16.0,120461,718056,0.019946,2.2011889000423253,0.329494799952954,0,0.0,60.2305,88.0,120771.58755555555,20.128597925925927,60.38579377777778,0.1109999938302488,1.6e-05,1.7777777777777775e-06,sparse,Random sampling,random_sampling,0.0,1.0,1.0,0.0383842999581247,,0.0371940999757498,0.0002005998976528,0.0534169999882578,0.0908205001614987,1.0580908567946652,0.7462577550307897,2.62149539985694,0.796875,0.1410119000356644,31.745342254638672,,,,,,,,,,,0.019895700039342,eigsh,0.0169875000137835,362028.0,253645.0,0.7,503047.0,,,,,,,,,,,,,,
6000,5,620260511,3,3,16.0,120461,718056,0.019946,2.2011889000423253,0.329494799952954,0,0.0,60.2305,88.0,120771.58755555555,20.128597925925927,60.38579377777778,0.1109999938302488,1.6e-05,1.7777777777777775e-06,sparse,CountSketch random projection,countsketch_random_projection,0.0,1.0,1.0,0.0411056000739336,,0.4107156000100076,0.0003688000142574,0.0522537000942975,0.4633460000623017,0.999999132585866,0.6574238278496696,2.994021800113842,1.5625,0.519615099998191,36.932923316955566,,,,,,,,,,,,,,,,,,0.0004171000327914,3206046488.0,163.0,19.0,52.0,0.0,0.0196161998901516,0.0196161998901516,0.2913877998944372,0.045844699954614,0.0480146000627428,0.0037728999741375,eigsh,0.0006355999503284
6000,6,620260512,3,3,16.0,120748,720182,0.0200050555555555,2.014156799996272,0.3016157001256943,0,0.0,60.374,94.0,120771.58755555555,20.128597925925927,60.38579377777778,0.1109999938302488,1.6e-05,1.7777777777777775e-06,sparse,Non-random,non_random,0.0,1.0,1.0,0.0390540000516921,eigsh,0.0131224000360816,9.709992446005344e-05,0.0469877999275922,0.0602146999444812,1.0,0.6589071620302456,2.3759798000101,0.859375,0.1111548000480979,24.7738676071167,,,,,,,,,,,,,,,,,,,,,,,,,,,,,,,
6000,6,620260512,3,3,16.0,120748,720182,0.0200050555555555,2.014156799996272,0.3016157001256943,0,0.0,60.374,94.0,120771.58755555555,20.128597925925927,60.38579377777778,0.1109999938302488,1.6e-05,1.7777777777777775e-06,sparse,Gaussian random projection,gaussian_random_projection,0.0,1.0,1.0,0.0491559999063611,,0.5545146001968533,0.0004014000296592,0.0575423999689519,0.6124704999383539,0.999999275545254,0.6582328728916517,2.9282309003174305,1.609375,0.6786559000611305,38.51935863494873,,,,0.0091965000610798,0.4364117998629808,0.0459692999720573,0.0580126999411731,0.0031020999886095,eigsh,0.0006734000053256,,,,,,,,,,,,,,,,,,,,,
6000,6,620260512,3,3,16.0,120748,720182,0.0200050555555555,2.014156799996272,0.3016157001256943,0,0.0,60.374,94.0,120771.58755555555,20.128597925925927,60.38579377777778,0.1109999938302488,1.6e-05,1.7777777777777775e-06,sparse,Random sampling,random_sampling,0.0,1.0,1.0,0.04114959994331,,0.0526305998209863,0.0003227998968213,0.0691539000254124,0.1221167999319732,1.0517706001170883,0.7442708876234151,2.437879799865186,0.875,0.1767776999622583,31.798558235168457,,,,,,,,,,,0.0246708001941442,eigsh,0.0273450000677257,363091.0,253779.0,0.7,503402.0,,,,,,,,,,,,,,
6000,6,620260512,3,3,16.0,120748,720182,0.0200050555555555,2.014156799996272,0.3016157001256943,0,0.0,60.374,94.0,120771.58755555555,20.128597925925927,60.38579377777778,0.1109999938302488,1.6e-05,1.7777777777777775e-06,sparse,CountSketch random projection,countsketch_random_projection,0.0,1.0,1.0,0.0426949998363852,,0.4689929999876767,0.0003647999837994,0.0549636001233011,0.5243313999380916,0.9999991318630276,0.658393965380274,2.840093900216744,1.265625,0.5793097999412566,36.96572971343994,,,,,,,,,,,,,,,,,,0.0003858997952193,1669003467.0,163.0,22.0,57.0,0.0,0.0217319000512361,0.0217319000512361,0.3308502999134362,0.0451352999079972,0.0652311998419463,0.0040235999040305,eigsh,0.0007360999006778
6000,7,620260513,3,3,16.0,120604,719108,0.0199752222222222,2.0762996000703424,0.3227016001474112,0,0.0,60.302,93.0,120771.58755555555,20.128597925925927,60.38579377777778,0.1109999938302488,1.6e-05,1.7777777777777775e-06,sparse,Non-random,non_random,0.0,1.0,1.0,0.0397828998975455,eigsh,0.0155056999064981,0.000110600143671,0.0510356000158935,0.0666604000143706,0.9999999999999996,0.6568297345889046,2.4656531002838165,0.9375,0.1181681999005377,24.736994743347168,,,,,,,,,,,,,,,,,,,,,,,,,,,,,,,
6000,7,620260513,3,3,16.0,120604,719108,0.0199752222222222,2.0762996000703424,0.3227016001474112,0,0.0,60.302,93.0,120771.58755555555,20.128597925925927,60.38579377777778,0.1109999938302488,1.6e-05,1.7777777777777775e-06,sparse,Gaussian random projection,gaussian_random_projection,0.0,1.0,1.0,0.0443422999233007,,0.4953868000302464,0.0004023998044431,0.0605608001351356,0.5563620000611991,0.999999074394652,0.6561829975226421,2.955351200187579,1.25,0.6126488000154495,38.50731563568115,,,,0.0080669000744819,0.3749339999631047,0.0474211999680846,0.0602637999691069,0.003058300120756,eigsh,0.0007192001212388,,,,,,,,,,,,,,,,,,,,,
6000,7,620260513,3,3,16.0,120604,719108,0.0199752222222222,2.0762996000703424,0.3227016001474112,0,0.0,60.302,93.0,120771.58755555555,20.128597925925927,60.38579377777778,0.1109999938302488,1.6e-05,1.7777777777777775e-06,sparse,Random sampling,random_sampling,0.0,1.0,1.0,0.0423578999470919,,0.0444137998856604,0.000193899963051,0.0537171000614762,0.0983345999848097,1.0546533409072425,0.7421075222909983,2.4973260001279414,0.796875,0.1548838999588042,31.789334297180176,,,,,,,,,,,0.0241308000404387,eigsh,0.0200322999153286,362554.0,253960.0,0.7,503733.0,,,,,,,,,,,,,,
6000,7,620260513,3,3,16.0,120604,719108,0.0199752222222222,2.0762996000703424,0.3227016001474112,0,0.0,60.302,93.0,120771.58755555555,20.128597925925927,60.38579377777778,0.1109999938302488,1.6e-05,1.7777777777777775e-06,sparse,CountSketch random projection,countsketch_random_projection,0.0,1.0,1.0,0.0403414999600499,,0.4772327998653054,0.0002896001096814,0.0509983000811189,0.5285302000120282,0.999998976846128,0.6561482954484917,2.9275219002738595,1.65625,0.58414960000664,36.95580387115479,,,,,,,,,,,,,,,,,,0.0004839999601244,3916972193.0,163.0,20.0,55.0,0.0,0.0247660998720675,0.0247660998720675,0.3428440999705344,0.0442347000353038,0.0605438000056892,0.0031288999598473,eigsh,0.0004041001666337
6000,8,620260514,3,3,16.0,120706,719896,0.0199971111111111,2.1296252999454737,0.3263972999993711,0,0.0,60.353,89.0,120771.58755555555,20.128597925925927,60.38579377777778,0.1109999938302488,1.6e-05,1.7777777777777775e-06,sparse,Non-random,non_random,0.0,1.0,1.0,0.0476832001004368,eigsh,0.0157451000995934,8.950009942054749e-05,0.0557835998479276,0.0716272999998182,1.0,0.6579390560833348,2.5276407999917865,0.65625,0.1332127000205218,24.76404857635498,,,,,,,,,,,,,,,,,,,,,,,,,,,,,,,
6000,8,620260514,3,3,16.0,120706,719896,0.0199971111111111,2.1296252999454737,0.3263972999993711,0,0.0,60.353,89.0,120771.58755555555,20.128597925925927,60.38579377777778,0.1109999938302488,1.6e-05,1.7777777777777775e-06,sparse,Gaussian random projection,gaussian_random_projection,0.0,1.0,1.0,0.0383685999549925,,0.4878063001669943,0.0002942997962236,0.0500346000771969,0.5381439998745918,0.9999991020293784,0.6573250786408217,2.99415779998526,1.515625,0.5908379999455065,38.51613521575928,,,,0.0091675999574363,0.3769325998146087,0.0478068999946117,0.0488169000018388,0.0035521001555025,eigsh,0.0005888000596314,,,,,,,,,,,,,,,,,,,,,
6000,8,620260514,3,3,16.0,120706,719896,0.0199971111111111,2.1296252999454737,0.3263972999993711,0,0.0,60.353,89.0,120771.58755555555,20.128597925925927,60.38579377777778,0.1109999938302488,1.6e-05,1.7777777777777775e-06,sparse,Random sampling,random_sampling,0.0,1.0,1.0,0.0401874000672251,,0.0420679999515414,0.0001743999309837,0.0539849000051617,0.0962368000764399,1.0561012009021935,0.7441259042111384,2.552249899832532,0.859375,0.1491843999829143,31.79280567169189,,,,,,,,,,,0.0230855999980121,eigsh,0.0187611000146716,362948.0,253802.0,0.7,503382.0,,,,,,,,,,,,,,
6000,8,620260514,3,3,16.0,120706,719896,0.0199971111111111,2.1296252999454737,0.3263972999993711,0,0.0,60.353,89.0,120771.58755555555,20.128597925925927,60.38579377777778,0.1109999938302488,1.6e-05,1.7777777777777775e-06,sparse,CountSketch random projection,countsketch_random_projection,0.0,1.0,1.0,0.0417637999635189,,0.4244936001487076,0.0002870000898838,0.0481058000586926,0.4728954001329839,0.9999991879526108,0.6572636107273876,2.928909000242129,1.375,0.5293277001474053,36.96192264556885,,,,,,,,,,,,,,,,,,0.0002962001599371,2223235734.0,163.0,21.0,57.0,0.0,0.0174525999464094,0.0174525999464094,0.3047140000853687,0.0457709999755024,0.0519644999876618,0.0030213999561965,eigsh,0.0004990000743418
6000,9,620260515,3,3,16.0,121225,722920,0.0200811111111111,2.0388815999031067,0.359637799905613,0,0.0,60.6125,95.0,120771.58755555555,20.128597925925927,60.38579377777778,0.1109999938302488,1.6e-05,1.7777777777777775e-06,sparse,Non-random,non_random,0.0,1.0,1.0,0.0409162000287324,eigsh,0.0138421000447124,0.0001213999930769,0.0536407998297363,0.0676128999330103,1.0,0.6579269335455251,2.466123699676245,0.84375,0.1213989998213946,24.86786937713623,,,,,,,,,,,,,,,,,,,,,,,,,,,,,,,
6000,9,620260515,3,3,16.0,121225,722920,0.0200811111111111,2.0388815999031067,0.359637799905613,0,0.0,60.6125,95.0,120771.58755555555,20.128597925925927,60.38579377777778,0.1109999938302488,1.6e-05,1.7777777777777775e-06,sparse,Gaussian random projection,gaussian_random_projection,0.0,1.0,1.0,0.0428025999572128,,0.4750691999215632,0.0003674000035971,0.0493932999670505,0.524841400096193,0.999999276305252,0.6573509469837656,2.9233492997009307,1.34375,0.5811425000429153,38.55064296722412,,,,0.0080995000898838,0.3573579001240432,0.0449995000381022,0.0597244000528007,0.003272800007835,eigsh,0.0007378000300377,,,,,,,,,,,,,,,,,,,,,
6000,9,620260515,3,3,16.0,121225,722920,0.0200811111111111,2.0388815999031067,0.359637799905613,0,0.0,60.6125,95.0,120771.58755555555,20.128597925925927,60.38579377777778,0.1109999938302488,1.6e-05,1.7777777777777775e-06,sparse,Random sampling,random_sampling,0.0,1.0,1.0,0.0384899999480694,,0.0388931001070886,0.0002375999465584,0.0500744997989386,0.0892167000565677,1.0580777465461264,0.7454497157340272,2.487724599661305,0.921875,0.1394692999310791,31.95273971557617,,,,,,,,,,,0.0206022001802921,eigsh,0.0180377999786287,364460.0,255257.0,0.7,506274.0,,,,,,,,,,,,,,
6000,9,620260515,3,3,16.0,121225,722920,0.0200811111111111,2.0388815999031067,0.359637799905613,0,0.0,60.6125,95.0,120771.58755555555,20.128597925925927,60.38579377777778,0.1109999938302488,1.6e-05,1.7777777777777775e-06,sparse,CountSketch random projection,countsketch_random_projection,0.0,1.0,1.0,0.0387478000484406,,0.4256242997944355,0.0003084000200033,0.0509687000885605,0.476911999983713,0.9999990417684534,0.6572178747682725,2.875420799711719,1.484375,0.5296131998766214,37.02118396759033,,,,,,,,,,,,,,,,,,0.0002923998981714,2440745105.0,163.0,20.0,52.0,0.0,0.0171795999631285,0.0171795999631285,0.2963610000442713,0.0483939000405371,0.0591523998882621,0.0029018998611718,eigsh,0.0005075999069958
6000,10,620260516,3,3,16.0,120848,720768,0.0200213333333333,2.1856142000760883,0.3392723998986184,0,0.0,60.424,98.0,120771.58755555555,20.128597925925927,60.38579377777778,0.1109999938302488,1.6e-05,1.7777777777777775e-06,sparse,Non-random,non_random,0.0,1.0,1.0,0.0404938999563455,eigsh,0.014682900160551,0.0001038999762386,0.0520542999729514,0.0668483001645654,1.0,0.6569489219615621,2.591727700084448,0.953125,0.121042100014165,24.793986320495605,,,,,,,,,,,,,,,,,,,,,,,,,,,,,,,
6000,10,620260516,3,3,16.0,120848,720768,0.0200213333333333,2.1856142000760883,0.3392723998986184,0,0.0,60.424,98.0,120771.58755555555,20.128597925925927,60.38579377777778,0.1109999938302488,1.6e-05,1.7777777777777775e-06,sparse,Gaussian random projection,gaussian_random_projection,0.0,1.0,1.0,0.0395244001410901,,0.4999772999435663,0.0003581000491976,0.0526245997752994,0.5529709998518229,0.9999990647881544,0.6562232950977659,3.07784659974277,1.4375,0.6069335998035967,38.52621364593506,,,,0.0077672000043094,0.3850340000353753,0.046828200109303,0.0562140999827533,0.0028832999523729,eigsh,0.0004318999126553,,,,,,,,,,,,,,,,,,,,,
6000,10,620260516,3,3,16.0,120848,720768,0.0200213333333333,2.1856142000760883,0.3392723998986184,0,0.0,60.424,98.0,120771.58755555555,20.128597925925927,60.38579377777778,0.1109999938302488,1.6e-05,1.7777777777777775e-06,sparse,Random sampling,random_sampling,0.0,1.0,1.0,0.0398857998661696,,0.0411406999919563,0.0002289998810738,0.0508569001685828,0.092236700002104,1.0555469666142878,0.7421292140451329,2.61711320001632,1.09375,0.1465906000230461,31.87421131134033,,,,,,,,,,,0.0225096999201923,eigsh,0.0183068001642823,363384.0,254718.0,0.7,505236.0,,,,,,,,,,,,,,
6000,10,620260516,3,3,16.0,120848,720768,0.0200213333333333,2.1856142000760883,0.3392723998986184,0,0.0,60.424,98.0,120771.58755555555,20.128597925925927,60.38579377777778,0.1109999938302488,1.6e-05,1.7777777777777775e-06,sparse,CountSketch random projection,countsketch_random_projection,0.0,1.0,1.0,0.0402546999976038,,0.4430211000144481,0.0003774999640882,0.0494266001041978,0.4928361000493169,0.9999991426813708,0.6560988217242663,3.017711800057441,1.5625,0.5456006000749767,36.97769260406494,,,,,,,,,,,,,,,,,,0.0003080000169575,40132671.0,163.0,23.0,51.0,0.0,0.0187609000131487,0.0187609000131487,0.3120782000478357,0.0492188001517206,0.0579870999790728,0.0029588001780211,eigsh,0.0006146999076008
8000,1,820260507,3,3,16.0,160768,962298,0.01503590625,2.814536300022155,0.4501334000378847,0,0.0,60.288,89.0,161067.88296000002,20.13348537,60.40045611000001,0.1110277847230903,9e-06,1e-06,sparse,Non-random,non_random,0.0,1.0,1.0,0.0524369999766349,eigsh,0.0207917001098394,0.0001219999976456,0.0582410001661628,0.0791639001108706,1.0,0.6590633049443032,3.343824400333688,1.03125,0.1488846000283956,33.10151958465576,,,,,,,,,,,,,,,,,,,,,,,,,,,,,,,
8000,1,820260507,3,3,16.0,160768,962298,0.01503590625,2.814536300022155,0.4501334000378847,0,0.0,60.288,89.0,161067.88296000002,20.13348537,60.40045611000001,0.1110277847230903,9e-06,1e-06,sparse,Gaussian random projection,gaussian_random_projection,0.0,1.0,1.0,0.0525644000153988,,0.7187367000151426,0.0004781999159604,0.0631083999760449,0.7823323998600245,0.9999987623561444,0.6581098361214106,4.046992999967188,2.09375,0.8520200999919325,51.24681377410889,,,,0.0104978999588638,0.5764713000971824,0.0630848999135196,0.0629041998181492,0.0033166999928653,eigsh,0.0009907002095133,,,,,,,,,,,,,,,,,,,,,
8000,1,820260507,3,3,16.0,160768,962298,0.01503590625,2.814536300022155,0.4501334000378847,0,0.0,60.288,89.0,161067.88296000002,20.13348537,60.40045611000001,0.1110277847230903,9e-06,1e-06,sparse,Random sampling,random_sampling,0.0,1.0,1.0,0.0521024998743087,,0.0566935001406818,0.0002027000300586,0.0562233000528067,0.1131284998264163,1.0577443881515798,0.7479256258532854,3.377789200283587,1.015625,0.1822873998899012,42.53422546386719,,,,,,,,,,,0.0281785998959094,eigsh,0.0281903999857604,485149.0,340112.0,0.7,674585.0,,,,,,,,,,,,,,
8000,1,820260507,3,3,16.0,160768,962298,0.01503590625,2.814536300022155,0.4501334000378847,0,0.0,60.288,89.0,161067.88296000002,20.13348537,60.40045611000001,0.1110277847230903,9e-06,1e-06,sparse,CountSketch random projection,countsketch_random_projection,0.0,1.0,1.0,0.0523508000187575,,0.5782731999643147,0.0003601000644266,0.0612025998998433,0.639845099998638,0.9999987513528568,0.6582716937060665,3.904505599988625,1.953125,0.7079006999265403,49.19181537628174,,,,,,,,,,,,,,,,,,0.0003800000995397,151191118.0,163.0,27.0,72.0,0.0,0.0234260000288486,0.0234260000288486,0.4085091000888496,0.0601049000397324,0.0804757000878453,0.0035218999255448,eigsh,0.0008125000167638
8000,2,820260508,3,3,16.0,160816,962724,0.0150425625,2.9024064000695944,0.4363051999825984,0,0.0,60.306,93.0,161067.88296000002,20.13348537,60.40045611000001,0.1110277847230903,9e-06,1e-06,sparse,Non-random,non_random,0.0,1.0,1.0,0.0518615001346915,eigsh,0.0181321999989449,0.0001121999230235,0.0557205001823604,0.07397329993546,1.0,0.6566799217184573,3.412676500156522,1.25,0.1438104999251663,33.11614513397217,,,,,,,,,,,,,,,,,,,,,,,,,,,,,,,
8000,2,820260508,3,3,16.0,160816,962724,0.0150425625,2.9024064000695944,0.4363051999825984,0,0.0,60.306,93.0,161067.88296000002,20.13348537,60.40045611000001,0.1110277847230903,9e-06,1e-06,sparse,Gaussian random projection,gaussian_random_projection,0.0,1.0,1.0,0.0499019001144915,,0.6570723000913858,0.0003601999487727,0.0575226000510156,0.7149646000470966,0.9999987267473448,0.6556026571054527,4.053666700143367,1.8125,0.7810064000077546,51.25139141082764,,,,0.0107937001157552,0.5101579998154193,0.0589717999100685,0.0713003000710159,0.0038310999516397,eigsh,0.000921499915421,,,,,,,,,,,,,,,,,,,,,
8000,2,820260508,3,3,16.0,160816,962724,0.0150425625,2.9024064000695944,0.4363051999825984,0,0.0,60.306,93.0,161067.88296000002,20.13348537,60.40045611000001,0.1110277847230903,9e-06,1e-06,sparse,Random sampling,random_sampling,0.0,1.0,1.0,0.0515826998744159,,0.0522374999709427,0.0002361999358981,0.0615269001573324,0.1140139000490307,1.0546141086202097,0.7434882292189694,3.452712200116366,0.984375,0.1815738000441342,42.50401973724365,,,,,,,,,,,0.0282906000502407,eigsh,0.0236424000468105,485362.0,339542.0,0.7,673488.0,,,,,,,,,,,,,,
8000,2,820260508,3,3,16.0,160816,962724,0.0150425625,2.9024064000695944,0.4363051999825984,0,0.0,60.306,93.0,161067.88296000002,20.13348537,60.40045611000001,0.1110277847230903,9e-06,1e-06,sparse,CountSketch random projection,countsketch_random_projection,0.0,1.0,1.0,0.0528323000762611,,0.6918103999923915,0.0003470000810921,0.0625132999848574,0.7546794000081718,0.9999986667945016,0.6556299349450635,4.093382300110534,1.71875,0.8286398001946509,49.18950176239014,,,,,,,,,,,,,,,,,,0.0004285001195967,3510582505.0,163.0,27.0,68.0,0.0,0.0269303999375551,0.0269303999375551,0.5135905998758972,0.0643132999539375,0.0805406998842954,0.0038102001417428,eigsh,0.0010339999571442
8000,3,820260509,3,3,16.0,160826,962570,0.01504015625,2.8250508999917656,0.4197404999285936,0,0.0,60.30975,91.0,161067.88296000002,20.13348537,60.40045611000001,0.1110277847230903,9e-06,1e-06,sparse,Non-random,non_random,0.0,1.0,1.0,0.0512214999180287,eigsh,0.0207026000134646,0.0001334000844508,0.0643792001064866,0.0852232999168336,0.9999999999999998,0.6572663466927156,3.330006600124761,0.8125,0.1550043001770973,33.11085796356201,,,,,,,,,,,,,,,,,,,,,,,,,,,,,,,
8000,3,820260509,3,3,16.0,160826,962570,0.01504015625,2.8250508999917656,0.4197404999285936,0,0.0,60.30975,91.0,161067.88296000002,20.13348537,60.40045611000001,0.1110277847230903,9e-06,1e-06,sparse,Gaussian random projection,gaussian_random_projection,0.0,1.0,1.0,0.0512548999395221,,0.678529400145635,0.0003443001769483,0.0754165998660028,0.7543003000319004,0.9999988269330684,0.6563459825394787,3.999081700108946,1.890625,0.8215470998547971,51.24962902069092,,,,0.0108209999743849,0.5483445001300424,0.056412000209093,0.0576593000441789,0.0034862000029534,eigsh,0.0006752000190317,,,,,,,,,,,,,,,,,,,,,
8000,3,820260509,3,3,16.0,160826,962570,0.01504015625,2.8250508999917656,0.4197404999285936,0,0.0,60.30975,91.0,161067.88296000002,20.13348537,60.40045611000001,0.1110277847230903,9e-06,1e-06,sparse,Random sampling,random_sampling,0.0,1.0,1.0,0.0534086001571267,,0.0526748998090624,0.0001848000101745,0.0602627999614924,0.1131326998583972,1.0543745941126912,0.7435704583938192,3.3579138997010887,1.25,0.1827091998420655,42.5260009765625,,,,,,,,,,,0.0289109000004827,eigsh,0.0234618000686168,485285.0,339896.0,0.7,674209.0,,,,,,,,,,,,,,
8000,3,820260509,3,3,16.0,160826,962570,0.01504015625,2.8250508999917656,0.4197404999285936,0,0.0,60.30975,91.0,161067.88296000002,20.13348537,60.40045611000001,0.1110277847230903,9e-06,1e-06,sparse,CountSketch random projection,countsketch_random_projection,0.0,1.0,1.0,0.053214400075376,,0.6867112000472844,0.0004568002186715,0.0610175000037997,0.7481955999974161,0.9999987114391764,0.6563659840939903,3.992976900190115,2.0625,0.8178751999512315,49.206658363342285,,,,,,,,,,,,,,,,,,0.0003402999136596,1362713633.0,163.0,30.0,65.0,0.0,0.0236524001229554,0.0236524001229554,0.5213083999697119,0.0627746002282947,0.0725982000585645,0.003790299873799,eigsh,0.0008144001476466
8000,4,820260510,3,3,16.0,161417,966172,0.0150964375,2.99112890008837,0.6485760000068694,0,0.0,60.531375,90.0,161067.88296000002,20.13348537,60.40045611000001,0.1110277847230903,9e-06,1e-06,sparse,Non-random,non_random,0.0,1.0,1.0,0.0593380001373589,eigsh,0.0214126000646501,9.859981946647169e-05,0.0552548998966813,0.0767739000730216,1.0,0.6584263017731806,3.716470999876037,1.171875,0.1541455001570284,33.23452281951904,,,,,,,,,,,,,,,,,,,,,,,,,,,,,,,
8000,4,820260510,3,3,16.0,161417,966172,0.0150964375,2.99112890008837,0.6485760000068694,0,0.0,60.531375,90.0,161067.88296000002,20.13348537,60.40045611000001,0.1110277847230903,9e-06,1e-06,sparse,Gaussian random projection,gaussian_random_projection,0.0,1.0,1.0,0.0555406999774277,,0.7639273998793215,0.000490800011903,0.0601123999804258,0.8245399000588804,0.9999985772845932,0.6574937115540199,4.46423549996689,1.90625,0.8962827001232654,51.291197776794434,,,,0.0107430999632924,0.581777400104329,0.0616609000135213,0.1037258999422192,0.0035100001841783,eigsh,0.000967500032857,,,,,,,,,,,,,,,,,,,,,
8000,4,820260510,3,3,16.0,161417,966172,0.0150964375,2.99112890008837,0.6485760000068694,0,0.0,60.531375,90.0,161067.88296000002,20.13348537,60.40045611000001,0.1110277847230903,9e-06,1e-06,sparse,Random sampling,random_sampling,0.0,1.0,1.0,0.0518503999337554,,0.0583236999809742,0.0001841001212596,0.0652137999422848,0.1237315000034868,1.0554297740904537,0.7443892415457575,3.763426500139758,0.9375,0.1962684001773595,42.643653869628906,,,,,,,,,,,0.0309359000530093,eigsh,0.02710000006482,487086.0,340599.0,0.7,675551.0,,,,,,,,,,,,,,
8000,4,820260510,3,3,16.0,161417,966172,0.0150964375,2.99112890008837,0.6485760000068694,0,0.0,60.531375,90.0,161067.88296000002,20.13348537,60.40045611000001,0.1110277847230903,9e-06,1e-06,sparse,CountSketch random projection,countsketch_random_projection,0.0,1.0,1.0,0.0562679001595824,,0.6870369000826031,0.0004297001287341,0.060783099848777,0.7482608000282198,0.9999988463203172,0.6574336361637582,4.3879546001553535,1.703125,0.8211313998326659,49.25771999359131,,,,,,,,,,,,,,,,,,0.0003297999501228,4255326811.0,163.0,30.0,71.0,0.0,0.0238218000158667,0.0238218000158667,0.4676711000502109,0.0674115000292658,0.1226997999474406,0.0029968000017106,eigsh,0.0007952998857945
8000,5,820260511,3,3,16.0,161116,964188,0.0150654375,2.85214739991352,0.4976562999654561,0,0.0,60.4185,100.0,161067.88296000002,20.13348537,60.40045611000001,0.1110277847230903,9e-06,1e-06,sparse,Non-random,non_random,0.0,1.0,1.0,0.0550241000019013,eigsh,0.0185529999434947,9.280000813305378e-05,0.0544034999329596,0.0730562000535428,1.0,0.6567302751811245,3.4228529997635637,1.015625,0.1476541000884026,33.16640758514404,,,,,,,,,,,,,,,,,,,,,,,,,,,,,,,
8000,5,820260511,3,3,16.0,161116,964188,0.0150654375,2.85214739991352,0.4976562999654561,0,0.0,60.4185,100.0,161067.88296000002,20.13348537,60.40045611000001,0.1110277847230903,9e-06,1e-06,sparse,Gaussian random projection,gaussian_random_projection,0.0,1.0,1.0,0.0508496998809278,,0.9894391000270844,0.0004745000042021,0.0564939000178128,1.046420400030911,0.9999987307886304,0.6557246081837729,4.396211199928075,2.5625,1.1154692999552935,51.26829433441162,,,,0.0119586999062448,0.8038888999726623,0.0607143999077379,0.1072925000917166,0.0032396998722106,eigsh,0.0010416000150144,,,,,,,,,,,,,,,,,,,,,
8000,5,820260511,3,3,16.0,161116,964188,0.0150654375,2.85214739991352,0.4976562999654561,0,0.0,60.4185,100.0,161067.88296000002,20.13348537,60.40045611000001,0.1110277847230903,9e-06,1e-06,sparse,Random sampling,random_sampling,0.0,1.0,1.0,0.0518662000540643,,0.0647180001251399,0.0002003998961299,0.0616649999283254,0.1265919001307338,1.0544900380914817,0.7425569635405705,3.476387099828571,1.171875,0.1946864000055939,42.5305757522583,,,,,,,,,,,0.032140800030902,eigsh,0.0322498001623898,486094.0,339520.0,0.7,673424.0,,,,,,,,,,,,,,
8000,5,820260511,3,3,16.0,161116,964188,0.0150654375,2.85214739991352,0.4976562999654561,0,0.0,60.4185,100.0,161067.88296000002,20.13348537,60.40045611000001,0.1110277847230903,9e-06,1e-06,sparse,CountSketch random projection,countsketch_random_projection,0.0,1.0,1.0,0.0514950999058783,,1.0749818999320269,0.0003559000324457,0.0612987999338656,1.1366473999805748,0.9999987819489686,0.6557475844516782,4.486440299777314,2.25,1.2045803999062628,49.21954822540283,,,,,,,,,,,,,,,,,,0.000329699832946,1992312005.0,163.0,31.0,70.0,0.0,0.0259944000281393,0.0259944000281393,0.8664224999956787,0.0634314999915659,0.1133800998795777,0.0032613999210298,eigsh,0.001010000007227
8000,6,820260512,3,3,16.0,160238,959306,0.01498915625,2.71342320018448,0.4725424000062048,0,0.0,60.08925,89.0,161067.88296000002,20.13348537,60.40045611000001,0.1110277847230903,9e-06,1e-06,sparse,Non-random,non_random,0.0,1.0,1.0,0.0497953998856246,eigsh,0.0182241001166403,9.820004925131798e-05,0.0565563000272959,0.07488640001975,1.0,0.6601952772167834,3.260844200383872,1.140625,0.14146349998191,32.99879741668701,,,,,,,,,,,,,,,,,,,,,,,,,,,,,,,
8000,6,820260512,3,3,16.0,160238,959306,0.01498915625,2.71342320018448,0.4725424000062048,0,0.0,60.08925,89.0,161067.88296000002,20.13348537,60.40045611000001,0.1110277847230903,9e-06,1e-06,sparse,Gaussian random projection,gaussian_random_projection,0.0,1.0,1.0,0.0510562001727521,,0.7785424999892712,0.000468699960038,0.0548895001411438,0.8339114000555128,0.9999984430701568,0.6593955616992422,4.019866300281137,2.078125,0.9009074999485164,51.21242427825928,,,,0.0116392998024821,0.6463385000824928,0.0597530000377446,0.0559052999597042,0.003052599960938,eigsh,0.0005708001554012,,,,,,,,,,,,,,,,,,,,,
8000,6,820260512,3,3,16.0,160238,959306,0.01498915625,2.71342320018448,0.4725424000062048,0,0.0,60.08925,89.0,161067.88296000002,20.13348537,60.40045611000001,0.1110277847230903,9e-06,1e-06,sparse,Random sampling,random_sampling,0.0,1.0,1.0,0.0594204999506473,,0.0577179000247269,0.0002130998764187,0.0581652000546455,0.11610610014759,1.0558481898428365,0.7456513074021671,3.3020618001464754,1.140625,0.1919368000235408,42.37701606750488,,,,,,,,,,,0.028702899813652,eigsh,0.0286473000887781,483653.0,338686.0,0.7,671754.0,,,,,,,,,,,,,,
8000,6,820260512,3,3,16.0,160238,959306,0.01498915625,2.71342320018448,0.4725424000062048,0,0.0,60.08925,89.0,161067.88296000002,20.13348537,60.40045611000001,0.1110277847230903,9e-06,1e-06,sparse,CountSketch random projection,countsketch_random_projection,0.0,1.0,1.0,0.0513457001652568,,0.5758750000968575,0.0004844998475164,0.0559247999917715,0.6322941000107676,0.9999990087832462,0.6593809369472904,3.8182499001268297,1.53125,0.7007562001235783,49.14443683624268,,,,,,,,,,,,,,,,,,0.0005123000591993,3776503218.0,163.0,32.0,67.0,0.0,0.0264985999092459,0.0264985999092459,0.3917060000821948,0.0857788999564945,0.0639950998593121,0.0048675998114049,eigsh,0.0010443001519888
8000,7,820260513,3,3,16.0,161279,965374,0.01508396875,2.774659400107339,0.4495425999630242,0,0.0,60.479625,89.0,161067.88296000002,20.13348537,60.40045611000001,0.1110277847230903,9e-06,1e-06,sparse,Non-random,non_random,0.0,1.0,1.0,0.0510559000540524,eigsh,0.0189708000980317,0.0001290999352931,0.0580607000738382,0.0771687999367713,1.0,0.6563830293119709,3.3013626001775265,1.078125,0.1450487999245524,33.207125663757324,,,,,,,,,,,,,,,,,,,,,,,,,,,,,,,
8000,7,820260513,3,3,16.0,161279,965374,0.01508396875,2.774659400107339,0.4495425999630242,0,0.0,60.479625,89.0,161067.88296000002,20.13348537,60.40045611000001,0.1110277847230903,9e-06,1e-06,sparse,Gaussian random projection,gaussian_random_projection,0.0,1.0,1.0,0.0512248000595718,,0.5981089000124484,0.0004800998140126,0.0606458000838756,0.6592443999834359,0.999998868756675,0.655402967831442,3.8834367999807,1.640625,0.7263178001157939,51.28191661834717,,,,0.0109625998884439,0.4474949999712407,0.0623095000628382,0.0712590999901294,0.0037746999878436,eigsh,0.000832200050354,,,,,,,,,,,,,,,,,,,,,
8000,7,820260513,3,3,16.0,161279,965374,0.01508396875,2.774659400107339,0.4495425999630242,0,0.0,60.479625,89.0,161067.88296000002,20.13348537,60.40045611000001,0.1110277847230903,9e-06,1e-06,sparse,Random sampling,random_sampling,0.0,1.0,1.0,0.0544823999516665,,0.064659500028938,0.0002603000029921,0.0620625999290496,0.1269918999169021,1.055581250135354,0.7428142455688239,3.351184400031343,0.9375,0.2023620000109076,42.642311096191406,,,,,,,,,,,0.0345712001435458,eigsh,0.0297071000095456,486687.0,340790.0,0.7,675969.0,,,,,,,,,,,,,,
8000,7,820260513,3,3,16.0,161279,965374,0.01508396875,2.774659400107339,0.4495425999630242,0,0.0,60.479625,89.0,161067.88296000002,20.13348537,60.40045611000001,0.1110277847230903,9e-06,1e-06,sparse,CountSketch random projection,countsketch_random_projection,0.0,1.0,1.0,0.0506342002190649,,0.5319734001532197,0.0003263999242335,0.0542642001528292,0.5865716999396682,0.999998852189995,0.6555233568642468,3.810766000300646,1.609375,0.6550221000798047,49.25215530395508,,,,,,,,,,,,,,,,,,0.0004521999508142,3974357461.0,163.0,35.0,67.0,0.0,0.0246359000448137,0.0246359000448137,0.3936177999712527,0.055499100126326,0.0523480998817831,0.0032143001444637,eigsh,0.0006917999126017
8000,8,820260514,3,3,16.0,161155,964682,0.01507315625,2.7301333001814783,0.4868956999853253,0,0.0,60.433125,91.0,161067.88296000002,20.13348537,60.40045611000001,0.1110277847230903,9e-06,1e-06,sparse,Non-random,non_random,0.0,1.0,1.0,0.0532709001563489,eigsh,0.020210700109601,9.360001422464848e-05,0.0552677998784929,0.07557910005562,1.0000000000000002,0.6582487261850387,3.292601100169122,1.0625,0.1459180999081581,33.18336772918701,,,,,,,,,,,,,,,,,,,,,,,,,,,,,,,
8000,8,820260514,3,3,16.0,161155,964682,0.01507315625,2.7301333001814783,0.4868956999853253,0,0.0,60.433125,91.0,161067.88296000002,20.13348537,60.40045611000001,0.1110277847230903,9e-06,1e-06,sparse,Gaussian random projection,gaussian_random_projection,0.0,1.0,1.0,0.0564959999173879,,0.6088081998750567,0.0003583999350667,0.0562271999660879,0.6654019998386502,0.999998869195333,0.6571220486201865,3.882422799943015,1.78125,0.7388538001105189,51.27414608001709,,,,0.011456600157544,0.4610764000099152,0.0602784999646246,0.0694644001778215,0.0037927001249045,eigsh,0.00139160011895,,,,,,,,,,,,,,,,,,,,,
8000,8,820260514,3,3,16.0,161155,964682,0.01507315625,2.7301333001814783,0.4868956999853253,0,0.0,60.433125,91.0,161067.88296000002,20.13348537,60.40045611000001,0.1110277847230903,9e-06,1e-06,sparse,Random sampling,random_sampling,0.0,1.0,1.0,0.0514372000470757,,0.0579772000201046,0.0002007000148296,0.0623212000355124,0.1205096000339835,1.0563707760433787,0.7454343307759697,3.3375281002372503,1.25,0.1892028998117894,42.6259126663208,,,,,,,,,,,0.0315878998953849,eigsh,0.0260479999706149,486341.0,340753.0,0.7,675884.0,,,,,,,,,,,,,,
8000,8,820260514,3,3,16.0,161155,964682,0.01507315625,2.7301333001814783,0.4868956999853253,0,0.0,60.433125,91.0,161067.88296000002,20.13348537,60.40045611000001,0.1110277847230903,9e-06,1e-06,sparse,CountSketch random projection,countsketch_random_projection,0.0,1.0,1.0,0.0509554001037031,,0.5524383999872953,0.0003566998057067,0.0580029999837279,0.6108087999746203,0.9999986655233648,0.6574098753313095,3.8278270999435335,1.953125,0.681247100001201,49.232693672180176,,,,,,,,,,,,,,,,,,0.0004471000283956,3666596295.0,163.0,33.0,72.0,0.0,0.0268574999645352,0.0268574999645352,0.4065288000274449,0.0585225999820977,0.055343700107187,0.0029813000001013,eigsh,0.000504600116983
8000,9,820260515,3,3,16.0,160566,961378,0.01502153125,2.8962021998595446,0.4248435001354664,0,0.0,60.21225,92.0,161067.88296000002,20.13348537,60.40045611000001,0.1110277847230903,9e-06,1e-06,sparse,Non-random,non_random,0.0,1.0,1.0,0.0508398001547902,eigsh,0.0303789000026881,0.0001141000539064,0.0592421998735517,0.0897439999971538,0.9999999999999992,0.6587402500621137,3.410780899925157,1.21875,0.1570730998646468,33.06993389129639,,,,,,,,,,,,,,,,,,,,,,,,,,,,,,,
8000,9,820260515,3,3,16.0,160566,961378,0.01502153125,2.8962021998595446,0.4248435001354664,0,0.0,60.21225,92.0,161067.88296000002,20.13348537,60.40045611000001,0.1110277847230903,9e-06,1e-06,sparse,Gaussian random projection,gaussian_random_projection,0.0,1.0,1.0,0.0553641999140381,,0.5984944999217987,0.0003978998865932,0.0636436999775469,0.6625475999899209,0.9999985363552316,0.6577216552273403,3.98358179978095,1.65625,0.7346461000852287,51.2361364364624,,,,0.0106053999625146,0.4652824001386761,0.0604283998254686,0.056493500014767,0.0035379000473767,eigsh,0.0010110000148415,,,,,,,,,,,,,,,,,,,,,
8000,9,820260515,3,3,16.0,160566,961378,0.01502153125,2.8962021998595446,0.4248435001354664,0,0.0,60.21225,92.0,161067.88296000002,20.13348537,60.40045611000001,0.1110277847230903,9e-06,1e-06,sparse,Random sampling,random_sampling,0.0,1.0,1.0,0.0504552000202238,,0.0516699000727385,0.0001993000041693,0.0583275000099092,0.1102064000442624,1.0556796034994478,0.7464296788694693,3.431242400081828,1.109375,0.1788540000561624,42.47514057159424,,,,,,,,,,,0.0284697001334279,eigsh,0.022887900006026,484689.0,339509.0,0.7,673412.0,,,,,,,,,,,,,,
8000,9,820260515,3,3,16.0,160566,961378,0.01502153125,2.8962021998595446,0.4248435001354664,0,0.0,60.21225,92.0,161067.88296000002,20.13348537,60.40045611000001,0.1110277847230903,9e-06,1e-06,sparse,CountSketch random projection,countsketch_random_projection,0.0,1.0,1.0,0.0507255000993609,,0.5627286999952048,0.0004872002173215,0.0541471000760793,0.6173744997940958,0.9999986886520869,0.6577907330273295,3.938408700283617,1.9375,0.6844872999936342,49.17838764190674,,,,,,,,,,,,,,,,,,0.0003861000295728,887227384.0,163.0,33.0,69.0,0.0,0.0239023999311029,0.0239023999311029,0.4099010999780148,0.0567852000240236,0.0667827001307159,0.0030265999957919,eigsh,0.0005575001705437
8000,10,820260516,3,3,16.0,161445,966250,0.01509765625,2.7502147001214325,0.4564561999868601,0,0.0,60.541875,92.0,161067.88296000002,20.13348537,60.40045611000001,0.1110277847230903,9e-06,1e-06,sparse,Non-random,non_random,0.0,1.0,1.0,0.0541556999087333,eigsh,0.0195198999717831,9.96000599116087e-05,0.0565918001811951,0.0762189000379294,1.0,0.6581884605646232,3.2828822003211826,1.25,0.1489459001459181,33.23720073699951,,,,,,,,,,,,,,,,,,,,,,,,,,,,,,,
8000,10,820260516,3,3,16.0,161445,966250,0.01509765625,2.7502147001214325,0.4564561999868601,0,0.0,60.541875,92.0,161067.88296000002,20.13348537,60.40045611000001,0.1110277847230903,9e-06,1e-06,sparse,Gaussian random projection,gaussian_random_projection,0.0,1.0,1.0,0.0513532001059502,,0.5962746001314372,0.0006002997979521,0.0636399001814425,0.6605238998308778,0.9999988060128272,0.6574110937132761,3.867185700219125,2.0625,0.7288495998363942,51.29209041595459,,,,0.0109031000174582,0.4486624000128358,0.0599622000008821,0.0699090000707656,0.0037652999162673,eigsh,0.0016548999119549,,,,,,,,,,,,,,,,,,,,,
8000,10,820260516,3,3,16.0,161445,966250,0.01509765625,2.7502147001214325,0.4564561999868601,0,0.0,60.541875,92.0,161067.88296000002,20.13348537,60.40045611000001,0.1110277847230903,9e-06,1e-06,sparse,Random sampling,random_sampling,0.0,1.0,1.0,0.051238999934867,,0.0556002999655902,0.0001664001028984,0.0593276999425143,0.1151024000719189,1.0546632747946854,0.7452145466851092,3.321765300119296,1.265625,0.1845325999893248,42.64123439788818,,,,,,,,,,,0.0312151000835001,eigsh,0.0240905999671667,487125.0,340527.0,0.7,675447.0,,,,,,,,,,,,,,
8000,10,820260516,3,3,16.0,161445,966250,0.01509765625,2.7502147001214325,0.4564561999868601,0,0.0,60.541875,92.0,161067.88296000002,20.13348537,60.40045611000001,0.1110277847230903,9e-06,1e-06,sparse,CountSketch random projection,countsketch_random_projection,0.0,1.0,1.0,0.0594252001028507,,0.5789552999194711,0.0003805998712778,0.0559441999066621,0.6352906001266092,0.9999988864265484,0.6572974619131666,3.841950999805704,1.828125,0.7158653999213129,49.26925754547119,,,,,,,,,,,,,,,,,,0.000369600020349,2054844282.0,163.0,31.0,75.0,0.0,0.0270964000374078,0.0270964000374078,0.4127439998555928,0.0587472000624984,0.0752348999958485,0.0029396000318229,eigsh,0.0006866999901831
10000,1,1020260507,3,3,16.0,201143,1206408,0.01206408,3.4373069000430405,0.6197871000040323,0,0.0,60.3429,92.0,201364.17303552,20.136417303552,60.409251910656,0.1110444488897779,5.76e-06,6.4e-07,sparse,Non-random,non_random,0.0,1.0,1.0,0.0616280001122504,eigsh,0.0237537000793963,0.0001647998578846,0.063399399863556,0.087327100103721,1.0,0.6588043364728893,4.14441189984791,1.109375,0.1704760999418795,41.49763011932373,,,,,,,,,,,,,,,,,,,,,,,,,,,,,,,
10000,1,1020260507,3,3,16.0,201143,1206408,0.01206408,3.4373069000430405,0.6197871000040323,0,0.0,60.3429,92.0,201364.17303552,20.136417303552,60.409251910656,0.1110444488897779,5.76e-06,6.4e-07,sparse,Gaussian random projection,gaussian_random_projection,0.0,1.0,1.0,0.0645499001257121,,0.8443393998313695,0.00052549992688,0.0661907000467181,0.91106850001961,0.9999986826326546,0.6573578284719306,4.96814959985204,2.1875,0.9979405999183656,63.99684047698975,,,,0.0135784999001771,0.6664915001019835,0.0684735001996159,0.0888403002172708,0.0042728001717478,eigsh,0.0012627001851797,,,,,,,,,,,,,,,,,,,,,
10000,1,1020260507,3,3,16.0,201143,1206408,0.01206408,3.4373069000430405,0.6197871000040323,0,0.0,60.3429,92.0,201364.17303552,20.136417303552,60.409251910656,0.1110444488897779,5.76e-06,6.4e-07,sparse,Random sampling,random_sampling,0.0001,0.9996999700000048,0.99917061019078,0.0636327001266181,,0.0679668001830577,0.0002021000254899,0.0601657000370323,0.1283453002106398,1.0557302476469526,0.7445080853259447,4.185428600292653,1.390625,0.212847099872306,53.27392959594727,,,,,,,,,,,0.0382872000336647,eigsh,0.0292513000313192,608204.0,425897.0,0.7,844792.0,,,,,,,,,,,,,,
10000,1,1020260507,3,3,16.0,201143,1206408,0.01206408,3.4373069000430405,0.6197871000040323,0,0.0,60.3429,92.0,201364.17303552,20.136417303552,60.409251910656,0.1110444488897779,5.76e-06,6.4e-07,sparse,CountSketch random projection,countsketch_random_projection,0.0,1.0,1.0,0.0630087000317871,,0.8014787998981774,0.0005365000106394,0.0623093000613153,0.8643348999321461,0.9999987423167562,0.6574737425438949,4.921418600017205,2.140625,0.9512271001003684,61.46264743804932,,,,,,,,,,,,,,,,,,0.0006856000982224,1290373088.0,163.0,43.0,86.0,0.0,0.030657900031656,0.030657900031656,0.6112345000728965,0.0701019999105483,0.083001899998635,0.003133000107482,eigsh,0.0009736998472362
10000,2,1020260508,3,3,16.0,201478,1208646,0.01208646,3.515380500117317,0.5840824998449534,0,0.0,60.4434,90.0,201364.17303552,20.136417303552,60.409251910656,0.1110444488897779,5.76e-06,6.4e-07,sparse,Non-random,non_random,0.0,1.0,1.0,0.0639155998360365,eigsh,0.0260220000054687,0.0001485000830143,0.0634248000569641,0.0896044999826699,1.0000000000000002,0.6579254082348679,4.1890583001077175,1.15625,0.1752650998532772,41.57446575164795,,,,,,,,,,,,,,,,,,,,,,,,,,,,,,,
10000,2,1020260508,3,3,16.0,201478,1208646,0.01208646,3.515380500117317,0.5840824998449534,0,0.0,60.4434,90.0,201364.17303552,20.136417303552,60.409251910656,0.1110444488897779,5.76e-06,6.4e-07,sparse,Gaussian random projection,gaussian_random_projection,0.0,1.0,1.0,0.0664037999231368,,0.8963978998363018,0.0004363001789897,0.0647174997720867,0.9615625001024456,0.9999988264649752,0.6567741245128518,5.061014699749649,2.21875,1.0493433000519872,64.0223035812378,,,,0.0142037998884916,0.680731900036335,0.071540700038895,0.1238646998535841,0.003325399942696,eigsh,0.0011974000371992,,,,,,,,,,,,,,,,,,,,,
10000,2,1020260508,3,3,16.0,201478,1208646,0.01208646,3.515380500117317,0.5840824998449534,0,0.0,60.4434,90.0,201364.17303552,20.136417303552,60.409251910656,0.1110444488897779,5.76e-06,6.4e-07,sparse,Random sampling,random_sampling,0.0001,0.9996999700000048,0.99917061019078,0.0630213001277297,,0.0692463999148458,0.0002288999967277,0.0612021000124514,0.1306879997719079,1.0560086737403138,0.7431823046082596,4.230140399886295,1.453125,0.2148899000603705,53.39523315429688,,,,,,,,,,,0.0365048998501151,eigsh,0.032344999955967,609323.0,427014.0,0.7,847018.0,,,,,,,,,,,,,,
10000,2,1020260508,3,3,16.0,201478,1208646,0.01208646,3.515380500117317,0.5840824998449534,0,0.0,60.4434,90.0,201364.17303552,20.136417303552,60.409251910656,0.1110444488897779,5.76e-06,6.4e-07,sparse,CountSketch random projection,countsketch_random_projection,0.0,1.0,1.0,0.0651752999983728,,0.8215652001090348,0.0004260998684912,0.0635973000898957,0.8855990001466125,0.9999981568756092,0.656718250871831,4.985051600029692,2.328125,0.9731070001143962,61.48740291595459,,,,,,,,,,,,,,,,,,0.0005244000349193,4024255329.0,163.0,36.0,92.0,0.0,0.0333704999648034,0.0333704999648034,0.5987031999975443,0.0703185000456869,0.1123645999468863,0.0036962998565286,eigsh,0.0012741999235004
10000,3,1020260509,3,3,16.0,201438,1208102,0.01208102,3.4873118000105023,0.575887099839747,0,0.0,60.4314,92.0,201364.17303552,20.136417303552,60.409251910656,0.1110444488897779,5.76e-06,6.4e-07,sparse,Non-random,non_random,0.0,1.0,1.0,0.0622060000896453,eigsh,0.0253431999590247,0.0001262000296264,0.0615381000097841,0.0870160998310893,0.9999999999999998,0.6591597963884077,4.150206399848685,1.21875,0.170569600071758,41.55578899383545,,,,,,,,,,,,,,,,,,,,,,,,,,,,,,,
10000,3,1020260509,3,3,16.0,201438,1208102,0.01208102,3.4873118000105023,0.575887099839747,0,0.0,60.4314,92.0,201364.17303552,20.136417303552,60.409251910656,0.1110444488897779,5.76e-06,6.4e-07,sparse,Gaussian random projection,gaussian_random_projection,0.0,1.0,1.0,0.062777399783954,,0.8351959998253733,0.0006326001603156,0.0607733000069856,0.8966141000855714,0.9999985382046626,0.6579163430765131,4.959800799842924,2.21875,0.9811899999622256,64.01622676849365,,,,0.0135802999138832,0.6668937001377344,0.0681669998448342,0.0790454000234603,0.0039029999170452,eigsh,0.0018362998962402,,,,,,,,,,,,,,,,,,,,,
10000,3,1020260509,3,3,16.0,201438,1208102,0.01208102,3.4873118000105023,0.575887099839747,0,0.0,60.4314,92.0,201364.17303552,20.136417303552,60.409251910656,0.1110444488897779,5.76e-06,6.4e-07,sparse,Random sampling,random_sampling,0.0,1.0,1.0,0.0625558998435735,,0.0695631999988108,0.0002595998812466,0.0621754999738186,0.1320086000487208,1.0540380660359214,0.7444750360354067,4.1951971997041255,1.25,0.21554009988904,53.35546684265137,,,,,,,,,,,0.036084100138396,eigsh,0.0329835000447928,609051.0,426576.0,0.7,846193.0,,,,,,,,,,,,,,
10000,3,1020260509,3,3,16.0,201438,1208102,0.01208102,3.4873118000105023,0.575887099839747,0,0.0,60.4314,92.0,201364.17303552,20.136417303552,60.409251910656,0.1110444488897779,5.76e-06,6.4e-07,sparse,CountSketch random projection,countsketch_random_projection,0.0,1.0,1.0,0.0656045000068843,,0.798091399949044,0.0004632000345736,0.063245499972254,0.8618143000639975,0.9999984956911456,0.6579079965544199,4.924998999806121,2.3125,0.9500237999018282,61.474727630615234,,,,,,,,,,,,,,,,,,0.0005505001172423,3420363596.0,163.0,42.0,85.0,0.0,0.0350195001810789,0.0350195001810789,0.5916234999895096,0.0694829002022743,0.0952411999460309,0.003743499983102,eigsh,0.001138900173828
10000,4,1020260510,3,3,16.0,201172,1206484,0.01206484,3.487248199991882,0.5552034999709576,0,0.0,60.3516,92.0,201364.17303552,20.136417303552,60.409251910656,0.1110444488897779,5.76e-06,6.4e-07,sparse,Non-random,non_random,0.0,1.0,1.0,0.0684728999622166,eigsh,0.0249312000814825,0.0001054999884217,0.06327769998461,0.088321299990639,1.0,0.6571314094394036,4.130766100017354,1.203125,0.1801730999723076,41.50023937225342,,,,,,,,,,,,,,,,,,,,,,,,,,,,,,,
10000,4,1020260510,3,3,16.0,201172,1206484,0.01206484,3.487248199991882,0.5552034999709576,0,0.0,60.3516,92.0,201364.17303552,20.136417303552,60.409251910656,0.1110444488897779,5.76e-06,6.4e-07,sparse,Gaussian random projection,gaussian_random_projection,0.0,1.0,1.0,0.0656326999887824,,0.9511107997968792,0.0006007999181747,0.0666657998226583,1.0183870000764728,0.9999981336405934,0.6558718425980633,5.060829099500552,2.796875,1.105396999977529,63.99741268157959,,,,0.0133197999093681,0.7304215000476688,0.0740025001578033,0.1263566999696195,0.0040080000180751,eigsh,0.0012099999003112,,,,,,,,,,,,,,,,,,,,,
10000,4,1020260510,3,3,16.0,201172,1206484,0.01206484,3.487248199991882,0.5552034999709576,0,0.0,60.3516,92.0,201364.17303552,20.136417303552,60.409251910656,0.1110444488897779,5.76e-06,6.4e-07,sparse,Random sampling,random_sampling,0.0,1.0,1.0,0.0656914000865072,,0.0697916999924928,0.0001964999828487,0.0660226000472903,0.1360206999816,1.0527928159424331,0.7412719707853935,4.178462499985471,1.265625,0.2236834000796079,53.24783134460449,,,,,,,,,,,0.0370304998941719,eigsh,0.0323516000062227,608242.0,425477.0,0.7,844014.0,,,,,,,,,,,,,,
10000,4,1020260510,3,3,16.0,201172,1206484,0.01206484,3.487248199991882,0.5552034999709576,0,0.0,60.3516,92.0,201364.17303552,20.136417303552,60.409251910656,0.1110444488897779,5.76e-06,6.4e-07,sparse,CountSketch random projection,countsketch_random_projection,0.0,1.0,1.0,0.065595299936831,,0.9376767000649124,0.0005759000778198,0.0605888999998569,0.9988517998717724,0.99999878476378,0.6558272877363565,5.041293200105429,2.40625,1.085456300061196,61.4498987197876,,,,,,,,,,,,,,,,,,0.0005304999649524,1586025799.0,163.0,41.0,87.0,0.0,0.0315773000475019,0.0315773000475019,0.7150461999699473,0.073908400023356,0.1098489998839795,0.003957699984312,eigsh,0.0011154999956488
10000,5,1020260511,3,3,16.0,200505,1202812,0.01202812,3.339826500043273,0.5517202999908477,0,0.0,60.1515,92.0,201364.17303552,20.136417303552,60.409251910656,0.1110444488897779,5.76e-06,6.4e-07,sparse,Non-random,non_random,0.0,1.0,1.0,0.0618157000280916,eigsh,0.0260157999582588,0.0001517999917268,0.0707141999155283,0.0968911000527441,1.0,0.6587747025246579,3.9884285998996343,1.484375,0.1815429001580923,41.37417125701904,,,,,,,,,,,,,,,,,,,,,,,,,,,,,,,
10000,5,1020260511,3,3,16.0,200505,1202812,0.01202812,3.339826500043273,0.5517202999908477,0,0.0,60.1515,92.0,201364.17303552,20.136417303552,60.409251910656,0.1110444488897779,5.76e-06,6.4e-07,sparse,Gaussian random projection,gaussian_random_projection,0.0,1.0,1.0,0.0692872998770326,,0.9788783001713456,0.0004155000206083,0.0644741000141948,1.043777900049463,0.9999984287070938,0.6574783794354735,4.935314700240269,2.25,1.134186200099066,63.95534038543701,,,,0.0134705000091344,0.7295054001733661,0.0763598999474197,0.153352899942547,0.0035987999290227,eigsh,0.0012613998260349,,,,,,,,,,,,,,,,,,,,,
10000,5,1020260511,3,3,16.0,200505,1202812,0.01202812,3.339826500043273,0.5517202999908477,0,0.0,60.1515,92.0,201364.17303552,20.136417303552,60.409251910656,0.1110444488897779,5.76e-06,6.4e-07,sparse,Random sampling,random_sampling,0.0,1.0,1.0,0.067051300080493,,0.0721234998200088,0.0002760998904705,0.066926300060004,0.1393349999561905,1.0555855116988155,0.7445904133542196,4.030872699804604,1.484375,0.2282843000721186,53.09298896789551,,,,,,,,,,,0.0394046001601964,eigsh,0.032230099895969,606406.0,424317.0,0.7,841608.0,,,,,,,,,,,,,,
10000,5,1020260511,3,3,16.0,200505,1202812,0.01202812,3.339826500043273,0.5517202999908477,0,0.0,60.1515,92.0,201364.17303552,20.136417303552,60.409251910656,0.1110444488897779,5.76e-06,6.4e-07,sparse,CountSketch random projection,countsketch_random_projection,0.0,1.0,1.0,0.0631140999030321,,0.94690620014444,0.000450599938631,0.0647909000981599,1.0121572001371533,0.999998412341962,0.6577434749036263,4.903694500215352,2.40625,1.0959249001462013,61.3844690322876,,,,,,,,,,,,,,,,,,0.0004430999979376,4088294357.0,163.0,38.0,81.0,0.0,0.0436277999542653,0.0436277999542653,0.702587699983269,0.0726370001211762,0.1215458000078797,0.0034741000272333,eigsh,0.0012684999965131
10000,6,1020260512,3,3,16.0,201557,1208826,0.01208826,3.4681605999358,0.5714420001022518,0,0.0,60.4671,91.0,201364.17303552,20.136417303552,60.409251910656,0.1110444488897779,5.76e-06,6.4e-07,sparse,Non-random,non_random,0.0,1.0,1.0,0.0638989999424666,eigsh,0.026348500046879,0.0001077000051736,0.0617315999697893,0.0881952999625355,1.0,0.6569158052995655,4.127790400059894,1.265625,0.1757766001392156,41.58064556121826,,,,,,,,,,,,,,,,,,,,,,,,,,,,,,,
10000,6,1020260512,3,3,16.0,201557,1208826,0.01208826,3.4681605999358,0.5714420001022518,0,0.0,60.4671,91.0,201364.17303552,20.136417303552,60.409251910656,0.1110444488897779,5.76e-06,6.4e-07,sparse,Gaussian random projection,gaussian_random_projection,0.0,1.0,1.0,0.0614845000673085,,0.9637593000661582,0.0006494000554084,0.0620826999656856,1.0265041999518871,0.999998787171556,0.6559667441762945,5.066094000125304,2.515625,1.1099466998130083,64.02411556243896,,,,0.014546699821949,0.739294599974528,0.0722249001264572,0.1318874000571668,0.0030004999134689,eigsh,0.0011289999820291,,,,,,,,,,,,,,,,,,,,,
10000,6,1020260512,3,3,16.0,201557,1208826,0.01208826,3.4681605999358,0.5714420001022518,0,0.0,60.4671,91.0,201364.17303552,20.136417303552,60.409251910656,0.1110444488897779,5.76e-06,6.4e-07,sparse,Random sampling,random_sampling,0.0001,0.9997000150045032,0.9991706238529616,0.0628206001129001,,0.0715059000067412,0.0001976999919861,0.0628557000309228,0.1345689999870956,1.0557809938103064,0.7431604278922382,4.174161900067702,1.40625,0.2181410000193864,53.41337013244629,,,,,,,,,,,0.0369367999956011,eigsh,0.0342048997990787,609413.0,427214.0,0.7,847444.0,,,,,,,,,,,,,,
10000,6,1020260512,3,3,16.0,201557,1208826,0.01208826,3.4681605999358,0.5714420001022518,0,0.0,60.4671,91.0,201364.17303552,20.136417303552,60.409251910656,0.1110444488897779,5.76e-06,6.4e-07,sparse,CountSketch random projection,countsketch_random_projection,0.0,1.0,1.0,0.0629825999494642,,0.9185671000741422,0.0004279999993741,0.0594310997985303,0.9784362998325378,0.9999982325130892,0.6557799156419253,5.018028799910098,2.171875,1.063217099988833,61.49835968017578,,,,,,,,,,,,,,,,,,0.0004821999464184,1888708298.0,163.0,43.0,94.0,0.0,0.0350112000014632,0.0350112000014632,0.664801900042221,0.0766404999885708,0.1354161000344902,0.0036054998636245,eigsh,0.0012370999902486
10000,7,1020260513,3,3,16.0,202327,1213380,0.0121338,3.574854400008917,0.5739677001256496,0,0.0,60.6981,93.0,201364.17303552,20.136417303552,60.409251910656,0.1110444488897779,5.76e-06,6.4e-07,sparse,Non-random,non_random,0.0,1.0,1.0,0.0609883000142872,eigsh,0.0228442000225186,0.0001459000632166,0.0628619999624788,0.0858607999980449,0.9999999999999998,0.6586080753149642,4.234674200182781,1.34375,0.1680473000742495,41.73699474334717,,,,,,,,,,,,,,,,,,,,,,,,,,,,,,,
10000,7,1020260513,3,3,16.0,202327,1213380,0.0121338,3.574854400008917,0.5739677001256496,0,0.0,60.6981,93.0,201364.17303552,20.136417303552,60.409251910656,0.1110444488897779,5.76e-06,6.4e-07,sparse,Gaussian random projection,gaussian_random_projection,0.0,1.0,1.0,0.062887700041756,,1.0235397000797093,0.0004129998851567,0.0597239998169243,1.083686700090766,0.9999985853439796,0.6574383612684231,5.232498799916357,2.53125,1.167440599994734,64.07633113861084,,,,0.0132377000991255,0.795044100144878,0.0846011000685393,0.1239777998998761,0.0041817999444901,eigsh,0.0011036000214517,,,,,,,,,,,,,,,,,,,,,
10000,7,1020260513,3,3,16.0,202327,1213380,0.0121338,3.574854400008917,0.5739677001256496,0,0.0,60.6981,93.0,201364.17303552,20.136417303552,60.409251910656,0.1110444488897779,5.76e-06,6.4e-07,sparse,Random sampling,random_sampling,0.0,1.0,1.0,0.0619934001006186,,0.0656431999523192,0.0002099000848829,0.0625434999819845,0.128409800119698,1.0567957109425228,0.7456996805051025,4.277218700153753,1.53125,0.2153411000035703,53.58319568634033,,,,,,,,,,,0.0347308001946657,eigsh,0.0304906000383198,611690.0,428396.0,0.7,849752.0,,,,,,,,,,,,,,
10000,7,1020260513,3,3,16.0,202327,1213380,0.0121338,3.574854400008917,0.5739677001256496,0,0.0,60.6981,93.0,201364.17303552,20.136417303552,60.409251910656,0.1110444488897779,5.76e-06,6.4e-07,sparse,CountSketch random projection,countsketch_random_projection,0.0,1.0,1.0,0.0625616000033915,,0.8993193998467177,0.0005004999693483,0.0609124999027699,0.9607430000323802,0.9999983972406364,0.6574374396177054,5.109554499853402,2.328125,1.0440086999442428,61.571465492248535,,,,,,,,,,,,,,,,,,0.0004655998200178,3695247795.0,163.0,44.0,79.0,0.0,0.0310276998206973,0.0310276998206973,0.6347290000412613,0.0755966999568045,0.1517115000169724,0.0030464001465588,eigsh,0.0010234999936074
10000,8,1020260514,3,3,16.0,201881,1211176,0.01211176,3.5597945000045,0.6195676999632269,0,0.0,60.5643,89.0,201364.17303552,20.136417303552,60.409251910656,0.1110444488897779,5.76e-06,6.4e-07,sparse,Non-random,non_random,0.0,1.0,1.0,0.0655773999169468,eigsh,0.0275341998785734,0.0001018999610096,0.0616174000315368,0.089260300155729,1.0,0.6576017662787349,4.268615699838847,1.359375,0.1791509001050144,41.66132640838623,,,,,,,,,,,,,,,,,,,,,,,,,,,,,,,
10000,8,1020260514,3,3,16.0,201881,1211176,0.01211176,3.5597945000045,0.6195676999632269,0,0.0,60.5643,89.0,201364.17303552,20.136417303552,60.409251910656,0.1110444488897779,5.76e-06,6.4e-07,sparse,Gaussian random projection,gaussian_random_projection,0.0,1.0,1.0,0.0627913000062108,,1.0471065000165254,0.0005793001037091,0.0667276000604033,1.1144232000224292,0.99999856126345,0.6564680379181591,5.293775600148365,2.515625,1.1989708000328392,64.05120754241943,,,,0.0144909999798983,0.7879443999845535,0.1105112999211996,0.1269133000168949,0.0038137000519782,eigsh,0.0015860002022236,,,,,,,,,,,,,,,,,,,,,
10000,8,1020260514,3,3,16.0,201881,1211176,0.01211176,3.5597945000045,0.6195676999632269,0,0.0,60.5643,89.0,201364.17303552,20.136417303552,60.409251910656,0.1110444488897779,5.76e-06,6.4e-07,sparse,Random sampling,random_sampling,0.0,1.0,1.0,0.0626288000494241,,0.0705582001246512,0.0002247998490929,0.0652371000032872,0.1360295000486076,1.055515058600487,0.7426474486771527,4.315382299944758,1.453125,0.2222619999665767,53.50452518463135,,,,,,,,,,,0.0400427998974919,eigsh,0.0301217001397162,610588.0,427863.0,0.7,848745.0,,,,,,,,,,,,,,
10000,8,1020260514,3,3,16.0,201881,1211176,0.01211176,3.5597945000045,0.6195676999632269,0,0.0,60.5643,89.0,201364.17303552,20.136417303552,60.409251910656,0.1110444488897779,5.76e-06,6.4e-07,sparse,CountSketch random projection,countsketch_random_projection,0.0,1.0,1.0,0.069568800041452,,0.9760398999787868,0.0004932000301778,0.0720069000963121,1.0485572000034151,0.999998522213834,0.6564273705279429,5.227902200073004,2.28125,1.140331800095737,61.53978443145752,,,,,,,,,,,,,,,,,,0.0003331999760121,2824251251.0,163.0,44.0,86.0,0.0,0.0325716000515967,0.0325716000515967,0.6811788999475539,0.0809155998285859,0.173513000132516,0.0042453999631106,eigsh,0.0016238999087363
10000,9,1020260515,3,3,16.0,200967,1205358,0.01205358,3.417417800053954,0.609817499993369,0,0.0,60.2901,90.0,201364.17303552,20.136417303552,60.409251910656,0.1110444488897779,5.76e-06,6.4e-07,sparse,Non-random,non_random,0.0,1.0,1.0,0.063053400022909,eigsh,0.025073800003156,0.0001308999489992,0.0600153000559657,0.085228499956429,1.0,0.6576832532823267,4.112455300055444,1.328125,0.1714045000262558,41.46158123016357,,,,,,,,,,,,,,,,,,,,,,,,,,,,,,,
10000,9,1020260515,3,3,16.0,200967,1205358,0.01205358,3.417417800053954,0.609817499993369,0,0.0,60.2901,90.0,201364.17303552,20.136417303552,60.409251910656,0.1110444488897779,5.76e-06,6.4e-07,sparse,Gaussian random projection,gaussian_random_projection,0.0,1.0,1.0,0.0675766000058502,,1.116860199952498,0.0006338998209685,0.0756079999264329,1.193114100024104,0.9999984470303004,0.6565767623007562,5.220337399747223,2.59375,1.2842751999851316,63.98482418060303,,,,0.0135152000002563,0.8665380999445915,0.0741743999533355,0.1556233998853713,0.0040661001112312,eigsh,0.0014753001742064,,,,,,,,,,,,,,,,,,,,,
10000,9,1020260515,3,3,16.0,200967,1205358,0.01205358,3.417417800053954,0.609817499993369,0,0.0,60.2901,90.0,201364.17303552,20.136417303552,60.409251910656,0.1110444488897779,5.76e-06,6.4e-07,sparse,Random sampling,random_sampling,0.0001,0.9996999699909984,0.9991706102093328,0.0630753000732511,,0.0722425000276416,0.0002575998660176,0.0675447001121938,0.1400564000941813,1.05231052762988,0.7422784455227172,4.167280100053176,1.234375,0.2255083001218736,53.22192668914795,,,,,,,,,,,0.0397162998560816,eigsh,0.0320321999024599,607679.0,425405.0,0.7,843912.0,,,,,,,,,,,,,,
10000,9,1020260515,3,3,16.0,200967,1205358,0.01205358,3.417417800053954,0.609817499993369,0,0.0,60.2901,90.0,201364.17303552,20.136417303552,60.409251910656,0.1110444488897779,5.76e-06,6.4e-07,sparse,CountSketch random projection,countsketch_random_projection,0.0,1.0,1.0,0.0659912000410258,,1.2014711999800056,0.0004392000846564,0.0668328001629561,1.2687550000846386,0.9999981971449208,0.65628788496622,5.295978500274941,2.890625,1.3576847999356687,61.43287563323975,,,,,,,,,,,,,,,,,,0.0005802998784929,4101713536.0,163.0,40.0,82.0,0.0,0.0341270000208169,0.0341270000208169,0.9020334999077022,0.0784048999194055,0.1788299998734146,0.004666999913752,eigsh,0.0014106000307947
10000,10,1020260516,3,3,16.0,201113,1206030,0.0120603,3.3972769000101835,0.5758250001817942,0,0.0,60.3339,90.0,201364.17303552,20.136417303552,60.409251910656,0.1110444488897779,5.76e-06,6.4e-07,sparse,Non-random,non_random,0.0,1.0,1.0,0.0626486998517066,eigsh,0.02725789998658,0.0001095000188797,0.0596404001116752,0.0870150998234748,1.0,0.6596613282542545,4.060109700309113,1.3125,0.1713163000531494,41.48465251922608,,,,,,,,,,,,,,,,,,,,,,,,,,,,,,,
10000,10,1020260516,3,3,16.0,201113,1206030,0.0120603,3.3972769000101835,0.5758250001817942,0,0.0,60.3339,90.0,201364.17303552,20.136417303552,60.409251910656,0.1110444488897779,5.76e-06,6.4e-07,sparse,Gaussian random projection,gaussian_random_projection,0.0,1.0,1.0,0.0664991000667214,,1.2668969000224024,0.0006041000597178,0.0657999000977724,1.3333121999166906,0.9999985393871522,0.6587084200393007,5.30640280037187,2.359375,1.4211014001630249,63.99221706390381,,,,0.0147431001532822,1.0108481999486685,0.0763666001148521,0.1591664999723434,0.0030799999367445,eigsh,0.0011551000643521,,,,,,,,,,,,,,,,,,,,,
10000,10,1020260516,3,3,16.0,201113,1206030,0.0120603,3.3972769000101835,0.5758250001817942,0,0.0,60.3339,90.0,201364.17303552,20.136417303552,60.409251910656,0.1110444488897779,5.76e-06,6.4e-07,sparse,Random sampling,random_sampling,0.0,1.0,1.0,0.0656711000483483,,0.065631499979645,0.0002007998991757,0.0665121001657098,0.132353400113061,1.0568087253651888,0.7457873244775949,4.105446300236508,1.328125,0.2217777001205831,53.26573848724365,,,,,,,,,,,0.0358564001508057,eigsh,0.0293883001431822,608015.0,425897.0,0.7,844762.0,,,,,,,,,,,,,,
10000,10,1020260516,3,3,16.0,201113,1206030,0.0120603,3.3972769000101835,0.5758250001817942,0,0.0,60.3339,90.0,201364.17303552,20.136417303552,60.409251910656,0.1110444488897779,5.76e-06,6.4e-07,sparse,CountSketch random projection,countsketch_random_projection,0.0,1.0,1.0,0.0629497999325394,,1.209409600123763,0.0005016000941395,0.0629766001366078,1.2729007999878377,0.9999982150680164,0.658574990094053,5.245989700546488,2.53125,1.3601092000026256,61.44254398345947,,,,,,,,,,,,,,,,,,0.0005646999925374,3334435331.0,163.0,42.0,83.0,0.0,0.0356489999685436,0.0356489999685436,0.9422891999129206,0.0771057000383734,0.1480317001696676,0.0032647000625729,eigsh,0.0011365001555532
