K,rep,method,error_P,error_Theta,error_B,time_sec,instance_gen_sec,metric_eval_sec,rp_draw_omega_sec,rp_power_iter_sec,rp_qr_sec,rp_build_core_sec,rp_reconstruct_sec,rp_small_eig_sec,rp_lift_sec,rp_kmeans_sec,algo_total_sec,algo_step_sum_sec,algo_other_sec,pipeline_total_sec,rs_sample_mask_sec,rs_build_sampled_matrix_sec,rs_eig_sec,rs_reconstruct_sec,rs_symmetrize_sec,rs_kmeans_sec,nr_eig_sec,nr_kmeans_sec,nr_copy_sec,sign_draw_omega_sec,sign_embedding_dim,sign_power_parameter,sign_subspace_iter_sec,sign_reconstruct_sec,sign_build_core_sec,sign_small_eig_sec,sign_lift_sec,sign_kmeans_sec
2,1,Random Projection,13.541642212664383,0.0,0.0013189792910246,0.0904172089940402,0.028179416025523,0.1529654999903869,6.324998685158789e-05,0.0036855000071227,0.0015145409852266,0.0005759590130764,0.0004477920010685,7.266699685715139e-05,6.333022611215711e-06,0.0840464999782852,0.0904172089940402,0.0904125419910997,4.6670029405504465e-06,0.2715621250099502,,,,,,,,,,,,,,,,,,
2,1,Random Sampling,17.436800861453897,0.0,0.0015307879883779,0.1345849999925121,0.028179416025523,0.1224812500004191,,,,,,,,,0.1345849999925121,0.1345783340802882,6.665912223979831e-06,0.2852456660184543,0.0073599580209702,0.0141422090237028,0.0238548750057816,0.0033100000000558,0.0014652500103693,0.0844460420194082,,,,,,,,,,,,
2,1,Non-random,24.103277828593015,0.0,0.0011308834876543,0.2628228749963455,0.028179416025523,0.2139989589923061,,,,,,,,,0.2628228749963455,0.2628202920313924,2.582964953035116e-06,0.5050012500141747,,,,,,,0.2254675420117564,0.0361879999982193,0.0011647500214166,,,,,,,,,
2,2,Random Projection,13.48457829587356,0.0,0.0005177814085367,0.0510733749833889,0.0258031249977648,0.1127913749951403,0.0001224169973284,0.0066967910097446,0.0005828750145155,0.0006727919972036,0.0051218750013504,8.508301107212901e-05,8.417002391070127e-06,0.0377756250090897,0.0510733749833889,0.0510658750426955,7.499940693378448e-06,0.1896678749762941,,,,,,,,,,,,,,,,,,
2,2,Random Sampling,17.463854503551257,0.0,0.000806386133996,0.0858011250093113,0.0258031249977648,0.1219350830069743,,,,,,,,,0.0858011250093113,0.0857951670186594,5.95799065195024e-06,0.2335393330140505,0.0152107919857371,0.0075415410101413,0.0104171659913845,0.0017560000123921,0.0013828340161126,0.0494868340028915,,,,,,,,,,,,
2,2,Non-random,23.921364940637247,0.0,0.0004255883487654,0.2660914579755626,0.0258031249977648,0.1286486670142039,,,,,,,,,0.2660914579755626,0.2660888750106096,2.582964953035116e-06,0.4205432499875314,,,,,,,0.2153690830164123,0.0500880839827004,0.0006317080114968,,,,,,,,,
2,3,Random Projection,13.721972318700749,0.0,0.0007640760806259,0.059414666990051,0.0174847920134197,0.1596116249857004,6.308298907242715e-05,0.0058429160271771,0.0006030830263625,0.0030898750119376,0.0017234999977517,0.0001206250162795,1.550000160932541e-05,0.0479500409855973,0.059414666990051,0.0594086230557877,6.043934263288975e-06,0.2365110839891713,,,,,,,,,,,,,,,,,,
2,3,Random Sampling,17.488408892495965,0.0,0.0009334418786097,0.0798007909907028,0.0174847920134197,0.107516833988484,,,,,,,,,0.0798007909907028,0.0797966240206733,4.166970029473305e-06,0.2048024169926066,0.0140442909905686,0.0106390420114621,0.0149558749981224,0.0009623330261092,0.0013894169824197,0.0378056660119909,,,,,,,,,,,,
2,3,Non-random,23.69735196627461,0.0,0.0005943769290123,0.3177783330029342,0.0174847920134197,0.1573685420153197,,,,,,,,,0.3177783330029342,0.3177760420076083,2.2909953258931637e-06,0.4926316670316737,,,,,,,0.2559767920174636,0.0607292499917093,0.0010699999984353,,,,,,,,,
2,4,Random Projection,13.372598789740056,0.0,0.0018777547447142,0.0362596249906346,0.0128919589915312,0.1399654579872731,6.708299042657018e-05,0.0042579589935485,0.0001791669928934,0.0004667080065701,0.0009817910031415,5.091700586490333e-05,6.332993507385254e-06,0.0302470000169705,0.0362596249906346,0.036256958002923,2.6669877115637064e-06,0.189117041969439,,,,,,,,,,,,,,,,,,
2,4,Random Sampling,16.74338279301767,0.0017361111111111,0.0034598724586722,0.1269487919926177,0.0128919589915312,0.1567590000049676,,,,,,,,,0.1269487919926177,0.1269417930452618,6.9989473558962345e-06,0.2965997509891167,0.0094937500252854,0.0154961250082124,0.0126757090038154,0.0038750839885324,0.0032567500020377,0.0821443750173784,,,,,,,,,,,,
2,4,Non-random,23.912488792910764,0.0,0.001733699845679,0.3838236250157933,0.0128919589915312,0.1415552909893449,,,,,,,,,0.3838236250157933,0.3838219159806613,1.7090351320803163e-06,0.5382708749966696,,,,,,,0.2715896659938153,0.1115967499790713,0.0006355000077746,,,,,,,,,
2,5,Random Projection,13.989770773093712,0.0,0.0015802496350872,0.0998699170013424,0.0391940410190727,0.1606970420107245,0.0001211669878102,0.0025292499922215,0.0002962909929919,0.0034109579864889,0.0010031670099124,5.379098001867533e-05,6.707996362820268e-06,0.092444499983685,0.0998699170013424,0.0998658319294918,4.085071850568056e-06,0.2997610000311397,,,,,,,,,,,,,,,,,,
2,5,Random Sampling,17.604761802571666,0.0,0.0016867007588769,0.0890555840160232,0.0391940410190727,0.1414349999977275,,,,,,,,,0.0890555840160232,0.0890503340051509,5.250010872259736e-06,0.2696846250328235,0.0065972089942079,0.0069628749915864,0.0101245830010157,0.0009716250060591,0.0047389579995069,0.0596550840127747,,,,,,,,,,,,
2,5,Non-random,23.855741165172237,0.0,0.0016782407407407,0.2913780419912655,0.0391940410190727,0.1164002500008791,,,,,,,,,0.2913780419912655,0.2913762500102166,1.7919810488820076e-06,0.4469723330112174,,,,,,,0.2556222919956781,0.0346213330049067,0.0011326250096317,,,,,,,,,
2,6,Random Projection,13.817275518475466,0.0,0.0008036107318663,0.0772164160152897,0.0204663329932373,0.232913332991302,6.024999311193824e-05,0.0049114589928649,0.0001869999978225,0.0005603749887086,0.0029980410181451,5.5082986364141107e-05,6.457994459196925e-06,0.0684340829902794,0.0772164160152897,0.077212748961756,3.66705353371799e-06,0.330596081999829,,,,,,,,,,,,,,,,,,
2,6,Random Sampling,17.62111160325027,0.0,0.001231829380793,0.134929749998264,0.0204663329932373,0.2162410000164527,,,,,,,,,0.134929749998264,0.1349250430066604,4.706991603597999e-06,0.371637083007954,0.0104160000046249,0.0074898750171996,0.0591280840162653,0.0020017499919049,0.0014311669801827,0.0544581669964827,,,,,,,,,,,,
2,6,Non-random,23.872119076613156,0.0,0.0006793740354938,0.3143620420014485,0.0204663329932373,0.1424277499900199,,,,,,,,,0.3143620420014485,0.3143597090092953,2.3329921532422304e-06,0.4772561249847058,,,,,,,0.247958624997409,0.0651925420097541,0.0012085420021321,,,,,,,,,
2,7,Random Projection,13.628700875556206,0.0,0.0015050958331632,0.0607969580159988,0.0213582919968757,0.1414053330081515,6.187500548548996e-05,0.0032363749924115,0.0003951250109821,0.0005011670000385,0.0039032920030876,0.0001911669969558,1.6125006368383765e-05,0.0524865410116035,0.0607969580159988,0.0607916670269332,5.290989065542817e-06,0.2235605830210261,,,,,,,,,,,,,,,,,,
2,7,Random Sampling,17.530425992328652,0.0,0.0014230755122913,0.0833072919922415,0.0213582919968757,0.1164203340013045,,,,,,,,,0.0833072919922415,0.083301748993108,5.542999133467674e-06,0.2210859179904218,0.0078887499985285,0.0110816249798517,0.0161123330180998,0.0037981669884175,0.0022135830076877,0.0422072910005226,,,,,,,,,,,,
2,7,Non-random,23.777495224880905,0.0,0.0016239872685185,0.2601087499933783,0.0213582919968757,0.1308678750065155,,,,,,,,,0.2601087499933783,0.2601069170050323,1.8329883459955456e-06,0.4123349169967696,,,,,,,0.2258810419880319,0.0330441250116564,0.0011817500053439,,,,,,,,,
2,8,Random Projection,13.470880981257451,0.0,0.0007372296503723,0.0964315420133061,0.0184725419967435,0.1479521250003017,5.9999991208314896e-05,0.0065191249886993,0.0004038329934701,0.0004607920127455,0.0062320830184035,0.0001275000104214,1.712498487904668e-05,0.082605333009269,0.0964315420133061,0.0964257910090964,5.75100420974195e-06,0.2628562090103514,,,,,,,,,,,,,,,,,,
2,8,Random Sampling,17.11695381543235,0.0,0.0017680237796647,0.0953415420081,0.0184725419967435,0.1795352500048466,,,,,,,,,0.0953415420081,0.0953345819434616,6.960064638406038e-06,0.2933493340096902,0.0131658329919446,0.0104582499770913,0.015957083000103,0.0018016659887507,0.0021692079899366,0.0517825419956352,,,,,,,,,,,,
2,8,Non-random,24.064890853361497,0.0,0.0008704668209876,0.2620580839866306,0.0184725419967435,0.125317541998811,,,,,,,,,0.2620580839866306,0.2620564179960638,1.6659905668348074e-06,0.4058481679821852,,,,,,,0.2256089589791372,0.0353756670083384,0.001071792008588,,,,,,,,,
2,9,Random Projection,13.516055191208356,0.0,0.0009737329773921,0.0715678750129882,0.025917582999682,0.1326407910091802,6.258301436901093e-05,0.0075585830199997,0.0015004159940872,0.0035061670059803,0.0066104590077884,0.0001214170188177,1.5666999388486147e-05,0.0521869999938644,0.0715678750129882,0.0715622920542955,5.58295869268477e-06,0.2301262490218505,,,,,,,,,,,,,,,,,,
2,9,Random Sampling,16.587044140365492,0.0,0.0022667019457476,0.1275915000005625,0.025917582999682,0.1408308749960269,,,,,,,,,0.1275915000005625,0.1275850009697023,6.49903086014092e-06,0.2943399579962715,0.0085485829913523,0.0132127920223865,0.0187053329718764,0.0022343340096995,0.0060381249932106,0.0788458339811768,,,,,,,,,,,,
2,9,Non-random,24.02201648399451,0.0,0.0008415316358024,0.3171720419777557,0.025917582999682,0.1459990419971291,,,,,,,,,0.3171720419777557,0.3171702929830644,1.748994691297412e-06,0.4890886669745669,,,,,,,0.2803991669788956,0.0357654590043239,0.0010056669998448,,,,,,,,,
2,10,Random Projection,14.042896350467135,0.0,0.0005611500943218,0.0443952910136431,0.0312890830100514,0.2210019589983858,6.512500112876296e-05,0.0038394999864976,0.0019055840093642,0.0034308340109419,0.0016290829807985,6.9500005338341e-05,6.999995093792677e-06,0.0334434579999651,0.0443952910136431,0.0443900839891284,5.20702451467514e-06,0.2966863330220803,,,,,,,,,,,,,,,,,,
2,10,Random Sampling,17.29686436512749,0.0,0.0022418709902728,0.0928572909906506,0.0312890830100514,0.1828919999825302,,,,,,,,,0.0928572909906506,0.0928526259667705,4.665023880079389e-06,0.3070383739832323,0.009522874985123,0.0067233750014565,0.0089557500032242,0.0012771670008078,0.0064448339981026,0.0599286249780561,,,,,,,,,,,,
2,10,Non-random,23.97634859948896,0.0,0.0004810474537037,0.3290717500203755,0.0312890830100514,0.1527743749902583,,,,,,,,,0.3290717500203755,0.3290689169953111,2.833025064319372e-06,0.5131352080206852,,,,,,,0.2283793750102631,0.09770916699199,0.0029803749930579,,,,,,,,,
2,11,Random Projection,14.10765430052134,0.0,0.0009066928081474,0.0835443339892663,0.0296196249837521,0.2000365419953595,6.425002356991172e-05,0.0046266250137705,0.0003440839936956,0.0041241659782826,0.0012433750089257,8.170798537321389e-05,7.417023880407214e-06,0.0730453750002197,0.0835443339892663,0.083537000027718,7.333961548283696e-06,0.313200500968378,,,,,,,,,,,,,,,,,,
2,11,Random Sampling,17.76247246076214,0.0,0.0011362402651468,0.076813708001282,0.0296196249837521,0.1206306249951012,,,,,,,,,0.076813708001282,0.076805751043139,7.956958143040538e-06,0.2270639579801354,0.0062609590240754,0.0093592079938389,0.0126310420164372,0.0051296249730512,0.0015432920190505,0.0418816250166855,,,,,,,,,,,,
2,11,Non-random,24.150964863949714,0.0,0.0009006076388888,0.318732000014279,0.0296196249837521,0.118189208995318,,,,,,,,,0.318732000014279,0.3187302080041263,1.7920101527124643e-06,0.4665408339933492,,,,,,,0.2661329160036985,0.0518659169902093,0.0007313750102184,,,,,,,,,
2,12,Random Projection,13.676252271630691,0.0,0.0012339317180408,0.0770586250000633,0.028830041992478,0.1558057090151123,0.0001084169780369,0.003076791006606,0.0007314579852391,0.0010529170103836,0.0050883749790955,0.0001244579907506,1.6583013348281384e-05,0.0668529999966267,0.0770586250000633,0.077051998960087,6.6260399762541056e-06,0.2616943760076538,,,,,,,,,,,,,,,,,,
2,12,Random Sampling,17.700511124287782,0.0,0.0007668298381504,0.093261915986659,0.028830041992478,0.1320218330074567,,,,,,,,,0.093261915986659,0.093255833024159,6.082962499931455e-06,0.2541137909865938,0.0073944999894592,0.0160496660100761,0.0133332920086104,0.003032875014469,0.0033635419968049,0.0500819580047391,,,,,,,,,,,,
2,12,Non-random,24.013426078073287,0.0,0.0010706018518518,0.281483083992498,0.028830041992478,0.1513788749871309,,,,,,,,,0.281483083992498,0.2814814170124009,1.6669800970703363e-06,0.461692000972107,,,,,,,0.2213618750101886,0.0593868330179248,0.0007327089842874,,,,,,,,,
2,13,Random Projection,13.49087509355261,0.0,0.0011906817920292,0.0951694170071277,0.0356483340146951,0.1478278330178,6.212500738911331e-05,0.0053437500027939,0.0003399999986868,0.0007383750053122,0.0023012919991742,0.0001301660086028,1.6457983292639256e-05,0.0862317499995697,0.0951694170071277,0.0951639160048216,5.5010023061186075e-06,0.2786455840396229,,,,,,,,,,,,,,,,,,
2,13,Random Sampling,17.57853152182211,0.0,0.0005192211192371,0.1014531250111758,0.0356483340146951,0.1188295830215793,,,,,,,,,0.1014531250111758,0.1014456669799983,7.458031177520752e-06,0.2559310420474503,0.0062300410063471,0.0174143749754875,0.0105769590009003,0.0018639170157257,0.0039859999960754,0.061374374985462,,,,,,,,,,,,
2,13,Non-random,23.730234739428216,0.0,0.0010947145061728,0.3065231250075158,0.0356483340146951,0.1650200419826433,,,,,,,,,0.3065231250075158,0.3065213749650866,1.7500424291938543e-06,0.5071915010048542,,,,,,,0.251109999982873,0.054769957991084,0.0006414169911295,,,,,,,,,
2,14,Random Projection,13.48533953770082,0.0,0.0017899767888222,0.1143500829930417,0.0257357920054346,0.1722626250120811,5.983299342915416e-05,0.0065400000021327,0.0001819999888539,0.000441124982899,0.0009902090241666,5.495900404639542e-05,6.290996680036187e-06,0.1060730410099495,0.1143500829930417,0.1143474580021575,2.6249908842146397e-06,0.3123485000105575,,,,,,,,,,,,,,,,,,
2,14,Random Sampling,16.252297024301807,0.0,0.0016056696058965,0.1183138750202488,0.0257357920054346,0.1412909160135314,,,,,,,,,0.1183138750202488,0.1183072100102435,6.665010005235672e-06,0.2853405830392148,0.0072420419892296,0.0192847920116037,0.0109799170168116,0.0040129999979399,0.0036541250010486,0.07313333399361,,,,,,,,,,,,
2,14,Non-random,23.86129373176439,0.0,0.001637249228395,0.3268353340099565,0.0257357920054346,0.1562399590038694,,,,,,,,,0.3268353340099565,0.326833416998852,1.9170111045241356e-06,0.5088110850192606,,,,,,,0.2719863750098739,0.054166374990018,0.00068066699896,,,,,,,,,
2,15,Random Projection,13.37543437173177,0.0,0.0011874202784754,0.0502844579750672,0.0216409999993629,0.1434617920021992,5.76250022277236e-05,0.0030809169984422,0.0001915000029839,0.0004585410060826,0.0034161660005338,5.6374992709606886e-05,7.541995728388429e-06,0.043012541020289,0.0502844579750672,0.0502812070189975,3.250956069678068e-06,0.2153872499766294,,,,,,,,,,,,,,,,,,
2,15,Random Sampling,16.861686491174137,0.0,0.0009894875532684,0.2068417920090723,0.0216409999993629,0.1569639999943319,,,,,,,,,0.2068417920090723,0.2068361669953446,5.62501372769475e-06,0.3854467920027673,0.0086083750065881,0.0099770000088028,0.0151722919836174,0.0010038329928647,0.0054505000007338,0.1666241670027375,,,,,,,,,,,,
2,15,Non-random,23.83074346349675,0.0,0.0009862075617284,0.31473808400915,0.0216409999993629,0.1552728329843375,,,,,,,,,0.31473808400915,0.314734584040707,3.4999684430658817e-06,0.4916519169928506,,,,,,,0.2517539590189699,0.0618273330037482,0.0011532920179888,,,,,,,,,
2,16,Random Projection,13.17540654125157,0.0,0.0024380719831464,0.0897437079984229,0.0183690410049166,0.1734201250073965,6.200000643730164e-05,0.0079562500177416,0.0003428329946473,0.0056897080212365,0.0016456670127809,7.179199019446969e-05,6.54099858365953e-06,0.0739641250111162,0.0897437079984229,0.0897389160527382,4.791945684701204e-06,0.2815328740107361,,,,,,,,,,,,,,,,,,
2,16,Random Sampling,17.32170853238527,0.0,0.0008243997748001,0.0540347500063944,0.0183690410049166,0.1429655420070048,,,,,,,,,0.0540347500063944,0.0540300000284332,4.749977961182594e-06,0.2153693330183159,0.0106472079933155,0.0132327080063987,0.0060198749997653,0.0011031670146621,0.0032375830051023,0.0197894590091891,,,,,,,,,,,,
2,16,Non-random,23.756814006683133,0.0,0.0023485725308642,0.3158736249897629,0.0183690410049166,0.1365219580184202,,,,,,,,,0.3158736249897629,0.3158710839634295,2.541026333346963e-06,0.4707646240130998,,,,,,,0.2415056249883491,0.0732047499914188,0.0011607089836616,,,,,,,,,
2,17,Random Projection,13.693571297920531,0.0,0.001402868171821,0.0877263330039568,0.0306507500063162,0.1532213329919614,7.183302659541368e-05,0.0170901249803137,0.0006552499835379,0.0059788330108858,0.00435624999227,7.154099876061082e-05,6.791990017518401e-06,0.0594896670081652,0.0877263330039568,0.0877202909905463,6.04201341047883e-06,0.2715984160022344,,,,,,,,,,,,,,,,,,
2,17,Random Sampling,17.747636193585215,0.0,0.0013422577511518,0.0918886250001378,0.0306507500063162,0.1721896670060232,,,,,,,,,0.0918886250001378,0.0918819999496918,6.625050446018577e-06,0.2947290420124773,0.0084497919888235,0.0155669169907923,0.0269298749917652,0.0023853330058045,0.0022720409906469,0.0362780419818591,,,,,,,,,,,,
2,17,Non-random,24.04618183956253,0.0,0.0012514467592592,0.3425499169970862,0.0306507500063162,0.1326990000088699,,,,,,,,,0.3425499169970862,0.3425478340068366,2.082990249618888e-06,0.5058996670122724,,,,,,,0.2745528340165037,0.0668662500102073,0.0011287499801255,,,,,,,,,
2,18,Random Projection,13.684802829479898,0.0,0.0017891971136179,0.0419269169797189,0.0209679590188898,0.1403664159879554,0.0001409169926773,0.0071249579777941,0.000345250009559,0.0005409999866969,0.0010484170052222,9.437499102205038e-05,1.4791992725804448e-05,0.0326110829773824,0.0419269169797189,0.0419207919330801,6.125046638771892e-06,0.2032612919865641,,,,,,,,,,,,,,,,,,
2,18,Random Sampling,17.570586878404107,0.0,0.003268467614425,0.0587917089869733,0.0209679590188898,0.2161359169986099,,,,,,,,,0.0587917089869733,0.0587874169577844,4.2920291889458895e-06,0.2958955850044731,0.0050818749878089,0.0084885830001439,0.0098834169912152,0.0010154999908991,0.0015902919985819,0.0327277499891351,,,,,,,,,,,,
2,18,Non-random,23.82462614177617,0.0,0.0016734182098765,0.3570894169970415,0.0209679590188898,0.2325642500072717,,,,,,,,,0.3570894169970415,0.3570868750393856,2.5419576559215784e-06,0.6106216260232031,,,,,,,0.2737881670182105,0.0816255829995498,0.0016731250216253,,,,,,,,,
2,19,Random Projection,13.364844139770788,0.0,0.0017550109972906,0.0460871249961201,0.0231967920262832,0.2098582079925108,6.295801722444594e-05,0.0021242499933578,0.0001804579806048,0.0006110839894972,0.0043158330081496,0.0001070419966708,1.579101081006229e-05,0.0386656659829895,0.0460871249961201,0.0460830819793045,4.043016815558076e-06,0.2791421250149142,,,,,,,,,,,,,,,,,,
2,19,Random Sampling,16.969157321299402,0.0,0.0018208673541708,0.1180655419884715,0.0231967920262832,0.1796289159974549,,,,,,,,,0.1180655419884715,0.1180601649684831,5.377019988372922e-06,0.3208912500122096,0.0056755830009933,0.0116969159862492,0.0154547910206019,0.0009583749924786,0.0037828749918844,0.0804916249762754,,,,,,,,,,,,
2,19,Non-random,23.95326111576516,0.0,0.0015950520833333,0.3012774580274708,0.0231967920262832,0.1430557499988936,,,,,,,,,0.3012774580274708,0.3012755419767927,1.9160506781190634e-06,0.4675300000526476,,,,,,,0.2345738749718293,0.0660605840093921,0.0006410829955711,,,,,,,,,
2,20,Random Projection,13.772658679027504,0.0,0.0009542074323303,0.0736998750071507,0.0228901669906917,0.168810958013637,6.366599700413644e-05,0.0107315000204835,0.0003037920105271,0.0008025830029509,0.0044241249852348,0.0001124159898608,1.5666009858250618e-05,0.0572410830063745,0.0736998750071507,0.0736948310222942,5.043984856456518e-06,0.2654010000114795,,,,,,,,,,,,,,,,,,
2,20,Random Sampling,16.702432701924224,0.0,0.001226280310668,0.1184127499873284,0.0228901669906917,0.1551308749767486,,,,,,,,,0.1184127499873284,0.1184062070096843,6.542977644130588e-06,0.2964337919547688,0.0065345840121153,0.0202630829880945,0.0128397910157218,0.0013898329925723,0.0064897080010268,0.0708892080001533,,,,,,,,,,,,
2,20,Non-random,23.889575863816745,0.0,0.0008692611882716,0.4667950829898473,0.0228901669906917,0.1751835000177379,,,,,,,,,0.4667950829898473,0.4667930839932523,1.9989965949207544e-06,0.664868749998277,,,,,,,0.2750292079872452,0.1910279169969726,0.0007359590090345,,,,,,,,,
3,1,Random Projection,14.456774291788957,0.0026041666666666,0.0034264153182911,0.052323708019685,0.0247422499815002,0.2317717499972786,6.591601413674653e-05,0.0034345419844612,0.0005235419957898,0.0009723749826662,0.0016846249927766,0.0001474590098951,2.062501152977347e-05,0.0454698340035975,0.052323708019685,0.0523189179948531,4.79002483189106e-06,0.3088377079984639,,,,,,,,,,,,,,,,,,
3,1,Random Sampling,18.671932338623705,0.0182291666666666,0.0051945370295995,0.2379669160000048,0.0247422499815002,0.2537299999967217,,,,,,,,,0.2379669160000048,0.2379598749685101,7.0410314947366714e-06,0.5164391659782268,0.0086426250054501,0.0118752910057082,0.0142603329732082,0.0015502920141443,0.0015114589768927,0.2001198749931063,,,,,,,,,,,,
3,1,Non-random,22.830775059179924,0.0026041666666666,0.0015665796344647,0.2820677920244634,0.0247422499815002,0.3685868330067023,,,,,,,,,0.2820677920244634,0.2820651679940056,2.6240304578095675e-06,0.675396875012666,,,,,,,0.2262998749793041,0.0543415840074885,0.0014237090072128,,,,,,,,,
3,2,Random Projection,14.324302971433296,0.0,0.0032593872264062,0.2181379999965429,0.0373112079978454,0.2078435420116875,7.395801367238164e-05,0.0155629579967353,0.002043540996965,0.0004710000066552,0.0094934590160846,0.0001335830020252,2.2624997654929757e-05,0.1903299170080572,0.2181379999965429,0.21813104103785,6.958958692848682e-06,0.4632927500060759,,,,,,,,,,,,,,,,,,
3,2,Random Sampling,18.297211477963874,0.015625,0.0038484810936207,0.1041927920014131,0.0373112079978454,0.2619739589863457,,,,,,,,,0.1041927920014131,0.1041857509699184,7.0410314947366714e-06,0.4034779589856043,0.0077250419999472,0.0109895830100867,0.0259150839992798,0.0010727919870987,0.0034627089917194,0.0550205409817863,,,,,,,,,,,,
3,2,Non-random,22.895040766003277,0.0,0.0005913628472222,0.4368443340063095,0.0373112079978454,0.1583606250060256,,,,,,,,,0.4368443340063095,0.4368412919866387,3.042019670829177e-06,0.6325161670101807,,,,,,,0.3733052499883342,0.0624098329863045,0.0011262090119998,,,,,,,,,
3,3,Random Projection,14.299145368188585,0.0,0.0047074607214837,0.0727257500111591,0.0268959169916342,0.1844726669951342,6.61670055706054e-05,0.0091649579990189,0.0003227499837521,0.0038310000090859,0.0011229579977225,5.9874990256503224e-05,8.458999218419194e-06,0.058146333991317,0.0727257500111591,0.0727225009759422,3.2490352168679237e-06,0.2840943339979276,,,,,,,,,,,,,,,,,,
3,3,Random Sampling,17.70957530748171,0.0052083333333333,0.0034822796647918,0.1252265420043841,0.0268959169916342,0.1688673330063466,,,,,,,,,0.1252265420043841,0.1252194590342696,7.082970114424825e-06,0.320989792002365,0.0142183330026455,0.0156212090223561,0.0137235000147484,0.001110624987632,0.0013985830009914,0.079147209005896,,,,,,,,,,,,
3,3,Non-random,22.644398883919724,0.0,0.0023139105902778,0.3096807089750655,0.0268959169916342,0.1782081249984912,,,,,,,,,0.3096807089750655,0.309678124031052,2.584944013506174e-06,0.514784750965191,,,,,,,0.2533962909947149,0.0551976250135339,0.001084208022803,,,,,,,,,
3,4,Random Projection,14.085217445726292,0.0026041666666666,0.0046455725381612,0.1073737919796258,0.0213246250059455,0.2220499999821186,7.05840066075325e-05,0.0241699159960262,0.0004273339873179,0.0027074170066043,0.0028190420125611,9.383299038745464e-05,9.584007784724236e-06,0.0770699999993667,0.1073737919796258,0.1073677100066561,6.081972969695926e-06,0.35074841696769,,,,,,,,,,,,,,,,,,
3,4,Random Sampling,18.15523268602751,0.0182291666666666,0.0048256731146219,0.1410086250107269,0.0213246250059455,0.240134667023085,,,,,,,,,0.1410086250107269,0.1410009580140467,7.6669966802001e-06,0.4024679170397576,0.0074271250050514,0.0101381250133272,0.0233770839986391,0.0009692499879747,0.0029000829963479,0.0961892910127062,,,,,,,,,,,,
3,4,Non-random,22.602340553916015,0.0052083333333333,0.0026781064115567,0.3065659169806167,0.0213246250059455,0.236700458015548,,,,,,,,,0.3065659169806167,0.3065643749723676,1.5420082490891218e-06,0.5645910000021104,,,,,,,0.2468730419932399,0.0590478329977486,0.0006434999813791,,,,,,,,,
3,5,Random Projection,14.41935951146116,0.0,0.0070535973453801,0.0809193330060225,0.0239937920123338,0.2204034999886062,6.870899233035743e-05,0.005788415990537,0.0007232500065583,0.000944499974139,0.0013173750194255,0.0001064169919118,2.0332983694970608e-05,0.0719446250004693,0.0809193330060225,0.0809136249590665,5.708046955987811e-06,0.3253166250069625,,,,,,,,,,,,,,,,,,
3,5,Random Sampling,17.794555794374972,0.0026041666666666,0.0025467799779628,0.085120250005275,0.0239937920123338,0.2623256670194678,,,,,,,,,0.085120250005275,0.0851136670389678,6.58296630717814e-06,0.3714397090370767,0.0101708340225741,0.0092327500169631,0.0167754579742904,0.0009614170121494,0.0035777500015683,0.0443954580114223,,,,,,,,,,,,
3,5,Non-random,22.93451119500427,0.0,0.0028428819444444,0.4950285830127541,0.0239937920123338,0.3255870419961866,,,,,,,,,0.4950285830127541,0.4950258329918142,2.7500209398567677e-06,0.8446094170212746,,,,,,,0.4335814579972066,0.0602324579958803,0.0012119169987272,,,,,,,,,
3,6,Random Projection,14.72545355980809,0.0,0.0024032281041505,0.0681257499963976,0.02463962501497,0.2238280409947037,7.404101779684424e-05,0.0080905829963739,0.0009908329811878,0.0011866250133607,0.0014644590264651,7.220800034701824e-05,9.25001222640276e-06,0.056224916013889,0.0681257499963976,0.068112915061647,1.2834934750571849e-05,0.3165934160060715,,,,,,,,,,,,,,,,,,
3,6,Random Sampling,17.444281462565975,0.0026041666666666,0.0020458894269034,0.1098850830167066,0.02463962501497,0.1376571249857079,,,,,,,,,0.1098850830167066,0.1098785419890191,6.541027687489986e-06,0.2721818330173846,0.0097176249837502,0.0105905419914051,0.0202341669937595,0.0012012910156045,0.0013945840182714,0.0667403329862281,,,,,,,,,,,,
3,6,Non-random,22.949579118900537,0.0,0.0033827039930555,0.4596233750053216,0.02463962501497,0.1662600839918013,,,,,,,,,0.4596233750053216,0.4596217490034178,1.6260019037872553e-06,0.650523084012093,,,,,,,0.3560777910170145,0.1028224999899976,0.0007214579964056,,,,,,,,,
3,7,Random Projection,14.706668321836585,0.0,0.0017995812964471,0.0615590829984284,0.0253660000162199,0.1276965419820044,6.620900239795446e-05,0.0067270419967826,0.0002010409953072,0.0005093329818919,0.0010057500039692,5.6958000641316175e-05,9.041017619892957e-06,0.0529803750105202,0.0615590829984284,0.0615557490091305,3.3339892979711294e-06,0.2146216249966528,,,,,,,,,,,,,,,,,,
3,7,Random Sampling,18.624703822419985,0.0078125,0.0011468543015075,0.1176075840194244,0.0253660000162199,0.1544150830013677,,,,,,,,,0.1176075840194244,0.1176013750082347,6.209011189639568e-06,0.297388667037012,0.0053077909979037,0.0116169590037316,0.0180212919949553,0.00219237501733,0.0038702499878127,0.0765927080065012,,,,,,,,,,,,
3,7,Non-random,22.90474913260225,0.0,0.00155029296875,0.3007040840166155,0.0253660000162199,0.1338925829913932,,,,,,,,,0.3007040840166155,0.3007023760001175,1.7080164980143309e-06,0.4599626670242287,,,,,,,0.2508929590112529,0.0487406669999472,0.0010687499889172,,,,,,,,,
3,8,Random Projection,14.16416367683935,0.0,0.003309227774887,0.0735804170253686,0.0235137089912313,0.1137402499734889,0.0001216660020872,0.0055454589892178,0.0007563749968539,0.0068483339855447,0.0015580839826725,7.300000288523734e-05,9.374984074383974e-06,0.0586609579913783,0.0735804170253686,0.0735732509347144,7.166090654209256e-06,0.210834375990089,,,,,,,,,,,,,,,,,,
3,8,Random Sampling,18.159704335843784,0.0130208333333333,0.0036624917113903,0.1031747499946504,0.0235137089912313,0.119994292006595,,,,,,,,,0.1031747499946504,0.1031690419476945,5.708046955987811e-06,0.2466827509924769,0.0081163749855477,0.022431791992858,0.019598541985033,0.0014553329965565,0.002962833008496,0.048604166979203,,,,,,,,,,,,
3,8,Non-random,22.86070273478153,0.0,0.0013373480902778,0.2701451249886304,0.0235137089912313,0.1572922079940326,,,,,,,,,0.2701451249886304,0.2701434170012362,1.707987394183874e-06,0.4509510419738944,,,,,,,0.2289453749835956,0.0404606670199427,0.0007373749976977,,,,,,,,,
3,9,Random Projection,14.618023876036547,0.0,0.0049881045829834,0.1351166249951347,0.0225016659824177,0.1589281249907799,6.550000398419797e-05,0.0111531669972464,0.0001990000018849,0.0010310409998055,0.0042478329851292,5.708402022719383e-05,8.542003342881799e-06,0.1183505000080913,0.1351166249951347,0.1351126670197118,3.9579754229635e-06,0.3165464159683324,,,,,,,,,,,,,,,,,,
3,9,Random Sampling,18.261670986052582,0.0104166666666666,0.0029818844226843,0.2226509999891277,0.0225016659824177,0.1572600829822477,,,,,,,,,0.2226509999891277,0.222645749017829,5.250971298664808e-06,0.4024127489537932,0.0117176659987308,0.0082993750111199,0.0209459170000627,0.0046536659938283,0.0014640000008512,0.1755651250132359,,,,,,,,,,,,
3,9,Non-random,22.86285951996015,0.0,0.0025037977430555,0.322851625009207,0.0225016659824177,0.1995004159980453,,,,,,,,,0.322851625009207,0.3228501249977853,1.500011421740055e-06,0.5448537069896702,,,,,,,0.2837799999979324,0.0384340420132502,0.0006360829866025,,,,,,,,,
3,10,Random Projection,14.749862651503156,0.0,0.0033659169167885,0.0498753749998286,0.0178853750112466,0.1672325410181656,0.0001179999962914,0.0067372499906923,0.0004115409974474,0.0008720410114619,0.001250750006875,0.0001097499916795,2.0875013433396816e-05,0.0403492499899584,0.0498753749998286,0.0498694569978397,5.918001988902688e-06,0.2349932910292409,,,,,,,,,,,,,,,,,,
3,10,Random Sampling,18.41406118906949,0.0078125,0.0017700062642903,0.1055677090189419,0.0178853750112466,0.1818801669869572,,,,,,,,,0.1055677090189419,0.1055635839875321,4.1250314097851515e-06,0.3053332510171458,0.0049047920037992,0.0141282499826047,0.0217078330169897,0.0010942919761873,0.0015967919898685,0.0621316250180825,,,,,,,,,,,,
3,10,Non-random,22.748114025155733,0.0,0.0015096028645833,0.3215210829803254,0.0178853750112466,0.1715784579864703,,,,,,,,,0.3215210829803254,0.3215191260678693,1.9569124560803175e-06,0.5109849159780424,,,,,,,0.2298070000251755,0.0910322090203408,0.000679917022353,,,,,,,,,
3,11,Random Projection,14.774919745894136,0.0026041666666666,0.0050794858614272,0.0589251249912194,0.021088708017487,0.1148030830081552,6.649998249486089e-05,0.0040227080171462,0.0005090829799883,0.003796458011493,0.0009964999917428,7.616699440404773e-05,8.917006198316813e-06,0.0494431670231279,0.0589251249912194,0.0589195000065956,5.624984623864293e-06,0.1948169160168618,,,,,,,,,,,,,,,,,,
3,11,Random Sampling,17.81577126613691,0.0,0.0064418644012007,0.0947632080060429,0.021088708017487,0.1247519580065272,,,,,,,,,0.0947632080060429,0.0947564580128528,6.749993190169334e-06,0.2406038740300573,0.0084388329996727,0.0187432499951683,0.0098635000176727,0.0055060829909052,0.0032616670068819,0.0489431250025518,,,,,,,,,,,,
3,11,Non-random,22.841427322424313,0.0026041666666666,0.0022073911472571,0.2802443340187892,0.021088708017487,0.199466416001087,,,,,,,,,0.2802443340187892,0.2802421660162508,2.168002538383007e-06,0.5007994580373634,,,,,,,0.2371179580222815,0.0424637499963864,0.0006604579975828,,,,,,,,,
3,12,Random Projection,14.87307110769463,0.0026041666666666,0.003684369266183,0.1221472909965086,0.0253954170038923,0.1707897919986862,0.0001179999962914,0.0056526249973103,0.0006463750032708,0.0011200000008102,0.0014562500000465,0.0001139579981099,1.966700074262917e-05,0.1130142500041984,0.1221472909965086,0.1221411250007804,6.165995728224516e-06,0.3183324999990873,,,,,,,,,,,,,,,,,,
3,12,Random Sampling,18.074365802869544,0.0104166666666666,0.0016006618563041,0.1557917079771869,0.0253954170038923,0.1312075839960016,,,,,,,,,0.1557917079771869,0.1557860000175424,5.707959644496441e-06,0.3123947089770809,0.0076178330054972,0.0117614579794462,0.0179798750032205,0.0015585840155836,0.0033604160125833,0.1135078340012114,,,,,,,,,,,,
3,12,Non-random,22.793734172730694,0.0,0.0012301974826388,0.2913086250191554,0.0253954170038923,0.1425541249918751,,,,,,,,,0.2913086250191554,0.2913067089975811,1.9160215742886062e-06,0.4592581670149229,,,,,,,0.2404115000099409,0.0497456669982057,0.0011495419894345,,,,,,,,,
3,13,Random Projection,14.382618590835408,0.0,0.0024549676359657,0.0518487080116756,0.024082374991849,0.1322062080143951,6.633298471570015e-05,0.0026090409955941,0.0004678749828599,0.0035693329991772,0.0018576660077087,8.966700988821685e-05,1.0124989785254002e-05,0.0431730830168817,0.0518487080116756,0.0518431229866109,5.585025064647198e-06,0.2081372910179197,,,,,,,,,,,,,,,,,,
3,13,Random Sampling,17.703748327177433,0.015625,0.0029283117835692,0.0998497919936198,0.024082374991849,0.1018401669862214,,,,,,,,,0.0998497919936198,0.0998448339814785,4.958012141287327e-06,0.2257723339716904,0.0072833749873097,0.0102147909929044,0.0224014999985229,0.0009782919951248,0.0015449170023202,0.0574219590052962,,,,,,,,,,,,
3,13,Non-random,23.171271791509714,0.0,0.0010810004340277,0.2946029999875463,0.024082374991849,0.1492446250049397,,,,,,,,,0.2946029999875463,0.2946013749751728,1.6250123735517263e-06,0.4679299999843351,,,,,,,0.249227249994874,0.0443499579851049,0.0010241669951938,,,,,,,,,
3,14,Random Projection,14.107658947498813,0.0,0.0043504081325077,0.0661088330089114,0.0321845410217065,0.1259525409841444,0.0001203329884447,0.0091220840113237,0.0014494160132016,0.0039977499982342,0.0017659589939285,7.862498750910163e-05,9.082985343411565e-06,0.0495594590029213,0.0661088330089114,0.0661027089809067,6.124028004705906e-06,0.2242459150147624,,,,,,,,,,,,,,,,,,
3,14,Random Sampling,17.93045376327664,0.0052083333333333,0.0054517789934533,0.1238293339847587,0.0321845410217065,0.1464132499822881,,,,,,,,,0.1238293339847587,0.1238235000346321,5.833950126543641e-06,0.3024271249887533,0.007136916014133,0.0157376249844674,0.0226790420128963,0.0016381670138798,0.0013690000050701,0.0752627500041853,,,,,,,,,,,,
3,14,Non-random,22.69120636308529,0.0,0.0030870225694444,0.259052041976247,0.0321845410217065,0.1311871660000179,,,,,,,,,0.259052041976247,0.2590504580002744,1.5839759726077318e-06,0.4224237489979714,,,,,,,0.226026999996975,0.0318818329833447,0.0011416250199545,,,,,,,,,
3,15,Random Projection,15.198171351489474,0.0078125,0.003742103279158,0.0519900420040357,0.013579166989075,0.1066617079777643,6.358398240990937e-05,0.0030172500119078,0.0003222079831175,0.0037771670031361,0.0032583750144112,0.00012208300177,2.1624990040436387e-05,0.0414016249997075,0.0519900420040357,0.0519839169865008,6.125017534941435e-06,0.1722309169708751,,,,,,,,,,,,,,,,,,
3,15,Random Sampling,17.956663315880913,0.0078125,0.0037465702234566,0.0926817079889588,0.013579166989075,0.1486661660019308,,,,,,,,,0.0926817079889588,0.092675457970472,6.250018486753106e-06,0.2549270409799646,0.0062028749962337,0.0132900830067228,0.0236953329876996,0.000967625004705,0.0016197919903788,0.0468997499847319,,,,,,,,,,,,
3,15,Non-random,22.748406221756397,0.0026041666666666,0.0019074368221202,0.2878362920018844,0.013579166989075,0.1502732909866608,,,,,,,,,0.2878362920018844,0.2878347919904627,1.500011421740055e-06,0.4516887499776203,,,,,,,0.2239973749965429,0.0631026249902788,0.0007347920036409,,,,,,,,,
3,16,Random Projection,13.913562287194942,0.0,0.0041272051784281,0.058518208010355,0.0197364999912679,0.11920120799914,6.591700366698205e-05,0.0073478749836795,0.0004789580125361,0.0009505419875495,0.0010350419906899,5.5459007853642106e-05,8.66700429469347e-06,0.0485722080047708,0.058518208010355,0.0585146679950412,3.5400153137743473e-06,0.1974559160007629,,,,,,,,,,,,,,,,,,
3,16,Random Sampling,17.484093784721086,0.0052083333333333,0.0027727946298095,0.1006786669895518,0.0197364999912679,0.1244612919981591,,,,,,,,,0.1006786669895518,0.1006731259985826,5.54099096916616e-06,0.2448764589789789,0.0089140000054612,0.014230166998459,0.0152062089764513,0.0048999580030795,0.0029262500174809,0.0544965419976506,,,,,,,,,,,,
3,16,Non-random,22.91723495924725,0.0052083333333333,0.0023168407205562,0.2882797909842338,0.0197364999912679,0.1283621249895077,,,,,,,,,0.2882797909842338,0.2882778749917634,1.91599247045815e-06,0.4363784159650095,,,,,,,0.2529175000090617,0.0341589589952491,0.0012014159874524,,,,,,,,,
3,17,Random Projection,15.078801875764071,0.0,0.0027299183935472,0.1023583750065881,0.0146913749922532,0.1318943750229664,7.108302088454366e-05,0.0041199590195901,0.0003950420068576,0.0083897080039605,0.0054000829986762,0.0001222910068463,2.1790998289361596e-05,0.0838334999862127,0.1023583750065881,0.1023534570413176,4.917965270578861e-06,0.2489441250218078,,,,,,,,,,,,,,,,,,
3,17,Random Sampling,19.139255639585773,0.0130208333333333,0.0032916383392555,0.1065557920082937,0.0146913749922532,0.1170924589969217,,,,,,,,,0.1065557920082937,0.1065480839752126,7.708033081144094e-06,0.2383396259974688,0.0091571249940898,0.0158293749846052,0.0183873329951893,0.005404166993685,0.0019209170131944,0.0558491669944487,,,,,,,,,,,,
3,17,Non-random,23.120265602711513,0.0,0.0009711371527778,0.291106958000455,0.0146913749922532,0.118412875017384,,,,,,,,,0.291106958000455,0.2911050419788807,1.9160215742886062e-06,0.4242112080100924,,,,,,,0.2442396249971352,0.0457802499877288,0.0010851669940166,,,,,,,,,
3,18,Random Projection,14.68292530304085,0.0,0.0063787360303813,0.0793290000001434,0.0163750410138163,0.1331847500114236,6.241700612008572e-05,0.015279167011613,0.0074381670274306,0.0017522500129416,0.0010124999971594,6.500000017695129e-05,8.625007467344403e-06,0.0537067090044729,0.0793290000001434,0.079324835067382,4.164932761341333e-06,0.2288887910253834,,,,,,,,,,,,,,,,,,
3,18,Random Sampling,18.07174797294249,0.0130208333333333,0.0039620677474552,0.1571651250123977,0.0163750410138163,0.1742512919881846,,,,,,,,,0.1571651250123977,0.1571595000277739,5.624984623864293e-06,0.3477914580143988,0.007460708002327,0.0088904169970192,0.0168542500177864,0.008063207991654,0.0033899999980349,0.1125009170209523,,,,,,,,,,,,
3,18,Non-random,22.60566349877659,0.0,0.0035753038194444,0.3275151670095511,0.0163750410138163,0.1716751250205561,,,,,,,,,0.3275151670095511,0.3275130000256467,2.166983904317022e-06,0.5155653330439236,,,,,,,0.2629994580056518,0.0633378750062547,0.0011756670137401,,,,,,,,,
3,19,Random Projection,14.29187726087062,0.0,0.0046006666276446,0.0655908749904483,0.0303794169740285,0.1537497909739613,6.662501255050302e-05,0.0085487920150626,0.000228041986702,0.0005622080061584,0.0010292079823557,6.304102134890854e-05,8.874980267137289e-06,0.0550795830204151,0.0655908749904483,0.0655863740248605,4.500965587794781e-06,0.2497200829384382,,,,,,,,,,,,,,,,,,
3,19,Random Sampling,18.341290254791716,0.0052083333333333,0.005318998997657,0.1353058340027928,0.0303794169740285,0.1520361250150017,,,,,,,,,0.1353058340027928,0.1353006680437829,5.165959009900689e-06,0.3177213759918231,0.0059908329858444,0.0177152919932268,0.0271287090145051,0.0014443340187426,0.004052666015923,0.0789688340155407,,,,,,,,,,,,
3,19,Non-random,22.841322236076508,0.0,0.0028157552083333,0.4330014999723062,0.0303794169740285,0.1565480420249514,,,,,,,,,0.4330014999723062,0.4329997910244856,1.7089478205889463e-06,0.6199289589712862,,,,,,,0.2968174160050694,0.1354123750061262,0.0007700000132899,,,,,,,,,
3,20,Random Projection,14.32268083026428,0.0,0.0051433746533514,0.0741638329927809,0.0315798340016044,0.1336787499894853,0.0001181249972432,0.0087155420042108,0.0009091249958146,0.0034862500033341,0.0018345410062465,7.458400796167552e-05,8.458009688183665e-06,0.0590117079846095,0.0741638329927809,0.0741583330091089,5.499983672052622e-06,0.2394224169838708,,,,,,,,,,,,,,,,,,
3,20,Random Sampling,18.490310967960717,0.0078125,0.0039066877407611,0.1025851249869447,0.0315798340016044,0.1794729999965056,,,,,,,,,0.1025851249869447,0.1025772909924853,7.833994459360838e-06,0.3136379589850548,0.0112253330007661,0.0101403330045286,0.022099124995293,0.0060567499895114,0.0023814580054022,0.0506742919969838,,,,,,,,,,,,
3,20,Non-random,22.67659808596879,0.0,0.0019205729166666,0.3058458750019781,0.0315798340016044,0.1364562920061871,,,,,,,,,0.3058458750019781,0.3058442499896046,1.6250123735517263e-06,0.4738820010097697,,,,,,,0.2703641249972861,0.0342934580112341,0.0011866669810842,,,,,,,,,
4,1,Random Projection,19.554370277250573,0.1354166666666666,0.028382396306957,0.1149501659965608,0.0233716250222641,0.2141071669757366,6.837499677203596e-05,0.0064158339810092,0.0025042910128831,0.0010495829919818,0.0035123749985359,0.0001197079836856,2.5667017325758937e-05,0.1012502920057158,0.1149501659965608,0.1149461249879095,4.041008651256561e-06,0.3524289579945616,,,,,,,,,,,,,,,,,,
4,1,Random Sampling,18.679253311561386,0.0868055555555555,0.0089264146987394,0.1079883750062435,0.0233716250222641,0.1161738749942742,,,,,,,,,0.1079883750062435,0.1079833750263787,4.999979864805937e-06,0.247533875022782,0.0074660000100266,0.009307207976235,0.0200878750183619,0.0009751670004334,0.0013590000162366,0.068788125005085,,,,,,,,,,,,
4,1,Non-random,22.249853706684732,0.0034722222222222,0.0040253349457022,0.3127584579924587,0.0233716250222641,0.148877875006292,,,,,,,,,0.3127584579924587,0.3127542089787312,4.249013727530837e-06,0.4850079580210149,,,,,,,0.2577529590053018,0.053772207989823,0.0012290419836062,,,,,,,,,
4,2,Random Projection,15.595834668227605,0.1145833333333333,0.0201264103323736,0.0906466250016819,0.0204555839882232,0.1276325409999117,7.587499567307532e-05,0.0095057090220507,0.0002154580142814,0.0052711250027641,0.0014929579920135,6.795799708925188e-05,9.208015399053693e-06,0.0740032499888911,0.0906466250016819,0.0906415410281624,5.08397351950407e-06,0.2387347499898169,,,,,,,,,,,,,,,,,,
4,2,Random Sampling,18.59691603769549,0.0729166666666666,0.0069436795356078,0.1480621249938849,0.0204555839882232,0.1334048330027144,,,,,,,,,0.1480621249938849,0.1480569990526419,5.12594124302268e-06,0.3019225419848226,0.0047646250168327,0.0142768330115359,0.0461350420082453,0.0013638329983223,0.0032881250081118,0.0782285410095937,,,,,,,,,,,,
4,2,Non-random,22.338996620691574,0.0104166666666666,0.0025086801310577,0.3378384160168934,0.0204555839882232,0.1437719580135308,,,,,,,,,0.3378384160168934,0.3378362920193467,2.1239975467324257e-06,0.5020659580186475,,,,,,,0.2534537500177976,0.0832920829998329,0.0010904590017162,,,,,,,,,
4,3,Random Projection,15.481718721094428,0.0347222222222222,0.0133947866578384,0.1478537500079255,0.0262011250015348,0.1327231249888427,7.091698353178799e-05,0.0053079170174896,0.0002034170029219,0.0034009169903583,0.0053328340000007,6.391698843799531e-05,1.2083008186891677e-05,0.1334575419896282,0.1478537500079255,0.1478495439805556,4.206027369946241e-06,0.3067779999983031,,,,,,,,,,,,,,,,,,
4,3,Random Sampling,19.406489723502215,0.0729166666666666,0.0093950111130935,0.1418695830216165,0.0262011250015348,0.139520166994771,,,,,,,,,0.1418695830216165,0.1418648340040817,4.749017534777522e-06,0.3075908750179223,0.0086494160059373,0.0126452919794246,0.0253561669960618,0.00388208401273,0.0013561660016421,0.0899757090082857,,,,,,,,,,,,
4,3,Non-random,22.264231420515237,0.0034722222222222,0.0032997851133314,0.2950961250171531,0.0262011250015348,0.1419814580003731,,,,,,,,,0.2950961250171531,0.2950945000047795,1.6250123735517263e-06,0.463278708019061,,,,,,,0.2313901250017807,0.062987208017148,0.0007171669858507,,,,,,,,,
4,4,Random Projection,15.203823876225576,0.0625,0.0176998313802557,0.0833795409998856,0.0176832500146701,0.1094184590037912,0.0001261660072486,0.0037757499958388,0.000444042001618,0.0080291659978684,0.0035236669937148,7.879099575802684e-05,8.834002073854208e-06,0.067386709008133,0.0833795409998856,0.0833731250022538,6.4159976318478584e-06,0.210481250018347,,,,,,,,,,,,,,,,,,
4,4,Random Sampling,19.79985900233665,0.0729166666666666,0.0072216819833539,0.1807347920257598,0.0176832500146701,0.1339973750000354,,,,,,,,,0.1807347920257598,0.1807297500781715,5.041947588324547e-06,0.3324154170404654,0.0074747500184457,0.0093692080117762,0.0290850000164937,0.0014293749991338,0.0026172090147156,0.1307542080176063,,,,,,,,,,,,
4,4,Non-random,22.244331239526925,0.0104166666666666,0.0024350208429281,0.3495572500105481,0.0176832500146701,0.140902790997643,,,,,,,,,0.3495572500105481,0.3495539169816766,3.333028871566057e-06,0.5081432910228614,,,,,,,0.2418019169999752,0.1064762089808937,0.0012757910008076,,,,,,,,,
4,5,Random Projection,15.18822068947029,0.0347222222222222,0.0173465195892488,0.1139722089865244,0.0266114160185679,0.1322333339776378,6.783398566767573e-05,0.0072114169888664,0.0001947080017998,0.0006444170139729,0.0018411669880151,0.0001356250140815,2.216699067503214e-05,0.1038504159951116,0.1139722089865244,0.1139677509781904,4.458008334040642e-06,0.2728169589827303,,,,,,,,,,,,,,,,,,
4,5,Random Sampling,19.384118248754216,0.0694444444444444,0.0069667586102109,0.1847057090199086,0.0266114160185679,0.1489286669821012,,,,,,,,,0.1847057090199086,0.1847008749900851,4.834029823541641e-06,0.3602457920205779,0.0073242500075139,0.0172677499940618,0.0227917919983156,0.001726124988636,0.0023599159903824,0.1332310420111753,,,,,,,,,,,,
4,5,Non-random,22.10734632619438,0.0034722222222222,0.0038098202847188,0.2867416670196689,0.0266114160185679,0.124651249992894,,,,,,,,,0.2867416670196689,0.2867396660149097,2.001004759222269e-06,0.4380043330311309,,,,,,,0.2297008330060634,0.0559048330178484,0.0011339999909978,,,,,,,,,
4,6,Random Projection,14.953082751485336,0.0763888888888889,0.0189387714249669,0.0801354580034967,0.0190012919774744,0.1391440840088762,7.691700011491776e-05,0.005922875017859,0.0004467499966267,0.0005311670247465,0.0079678750189486,8.058297680690885e-05,9.291019523516296e-06,0.065094958001282,0.0801354580034967,0.0801304160559084,5.041947588324547e-06,0.2382808339898474,,,,,,,,,,,,,,,,,,
4,6,Random Sampling,19.363680097294512,0.0625,0.0054163606192005,0.0984442079789005,0.0190012919774744,0.1181861249788198,,,,,,,,,0.0984442079789005,0.098438793036621,5.414942279458046e-06,0.2356316249351948,0.0079369170125573,0.0089613340096548,0.0188385419896803,0.0027677500038407,0.0013832920230925,0.0585509579977951,,,,,,,,,,,,
4,6,Non-random,22.18176174534282,0.0,0.0022038966049382,0.2685860409983434,0.0190012919774744,0.1326074170065112,,,,,,,,,0.2685860409983434,0.268584459030535,1.5819678083062172e-06,0.4201947499823291,,,,,,,0.2355637090222444,0.0319966250099241,0.0010241249983664,,,,,,,,,
4,7,Random Projection,15.343737121654364,0.0590277777777777,0.019109567719482,0.0752499589871149,0.0244659580057486,0.114760666998336,7.050001295283437e-05,0.0059777919959742,0.0004930419963784,0.0005662080075126,0.0048153749958146,6.0999998822808266e-05,9.834009688347578e-06,0.0632524589891545,0.0752499589871149,0.0752462100062985,3.7489808164536953e-06,0.2144765839911997,,,,,,,,,,,,,,,,,,
4,7,Random Sampling,19.398746202572895,0.0555555555555555,0.0080022944954382,0.1495912499958649,0.0244659580057486,0.1571216250013094,,,,,,,,,0.1495912499958649,0.149062876967946,0.0005283730279188,0.331178833002923,0.0080656250065658,0.0149112499784678,0.0570575419988017,0.0014655840059276,0.0014089169853832,0.0661539589927997,,,,,,,,,,,,
4,7,Non-random,22.067690181303615,0.0104166666666666,0.0056837098692033,0.3489991659880616,0.0244659580057486,0.189536959020188,,,,,,,,,0.3489991659880616,0.3489974589901976,1.7069978639483452e-06,0.5630020830139983,,,,,,,0.2850824999914039,0.0632426249794662,0.0006723340193275,,,,,,,,,
4,8,Random Projection,16.985742766701765,0.1111111111111111,0.0302136183080306,0.1334419159975368,0.0234492919989861,0.1863199590006843,0.00012437501573,0.0027496659895405,0.0004185000143479,0.0024193330027628,0.0025191250024363,0.0001374580024275,2.7959002181887627e-05,0.1250388750049751,0.1334419159975368,0.1334352910344023,6.624963134527206e-06,0.3432111669972073,,,,,,,,,,,,,,,,,,
4,8,Random Sampling,19.450798869862407,0.0937499999999999,0.0051002504071678,0.1283668749965727,0.0234492919989861,0.1419290420017205,,,,,,,,,0.1283668749965727,0.1283605429925955,6.332003977149725e-06,0.2937452089972794,0.0076512499945238,0.0178615000040736,0.0264717090176418,0.0014504169812425,0.0013744169846177,0.073551250010496,,,,,,,,,,,,
4,8,Non-random,22.38412146230225,0.0104166666666666,0.0049994536779613,0.3489075000106822,0.0234492919989861,0.1351784580037929,,,,,,,,,0.3489075000106822,0.3489035819948185,3.918015863746405e-06,0.5075352500134613,,,,,,,0.275119124999037,0.0704717909975443,0.0033126659982372,,,,,,,,,
4,9,Random Projection,16.61441681005618,0.0798611111111111,0.0239635802172747,0.2597072499920614,0.0174152909894473,0.1312122500094119,7.875001756474376e-05,0.0065867080120369,0.0005614160036202,0.0008857079956214,0.00209491699934,0.0001186669978778,2.108400803990662e-05,0.2493549170030746,0.2597072499920614,0.2597021670371759,5.082954885438085e-06,0.4083347909909207,,,,,,,,,,,,,,,,,,
4,9,Random Sampling,19.518207434697985,0.0729166666666666,0.0082676614495787,0.1675119579886086,0.0174152909894473,0.1348507920047268,,,,,,,,,0.1675119579886086,0.1675069579505361,5.00003807246685e-06,0.3197780409827828,0.010878250002861,0.0172506659873761,0.0238787499838508,0.0013980829971842,0.0034601249790284,0.1106410840002354,,,,,,,,,,,,
4,9,Non-random,22.2966651033062,0.0069444444444444,0.0023533950617283,0.3341814159939531,0.0174152909894473,0.198374916013563,,,,,,,,,0.3341814159939531,0.3341793339932337,2.082000719383359e-06,0.5499716229969636,,,,,,,0.2755234589858446,0.0575357080087997,0.0011201669985894,,,,,,,,,
4,10,Random Projection,16.052763926149424,0.0520833333333333,0.0234150391747422,0.0675934160244651,0.0242036249837838,0.1390559159917757,0.0001275420072488,0.00602533298661,0.0003258750075474,0.0004832499835174,0.0011573749943636,5.658299778588116e-05,8.542003342881799e-06,0.0594042080047074,0.0675934160244651,0.0675887079851236,4.708039341494441e-06,0.2308529570000246,,,,,,,,,,,,,,,,,,
4,10,Random Sampling,19.27008033815136,0.0798611111111111,0.0100346834600427,0.1072815840016119,0.0242036249837838,0.1319965000147931,,,,,,,,,0.1072815840016119,0.1072698739590123,1.1710042599588633e-05,0.2634817090001888,0.0081892909947782,0.0128037079994101,0.0268653749953955,0.0016407499788329,0.003347791993292,0.0544229579973034,,,,,,,,,,,,
4,10,Non-random,22.05083395729497,0.0069444444444444,0.0036506558641975,0.3009520409977995,0.0242036249837838,0.1498655420145951,,,,,,,,,0.3009520409977995,0.3009502920031082,1.748994691297412e-06,0.4750212079961784,,,,,,,0.2373993330111261,0.0627966249885503,0.0007543340034317,,,,,,,,,
4,11,Random Projection,15.005421319485745,0.0659722222222222,0.0180373360081781,0.1189834169927053,0.0210555829980876,0.1274128749791998,6.925000343471766e-05,0.0048722079955041,0.0003048329963348,0.0043914589914493,0.001453417004086,6.116600707173347e-05,8.000002708286047e-06,0.1078193749999627,0.1189834169927053,0.1189797080005519,3.708992153406143e-06,0.2674518749699928,,,,,,,,,,,,,,,,,,
4,11,Random Sampling,18.84047533623789,0.09375,0.0081658539269355,0.1272209169983398,0.0210555829980876,0.1283145830093417,,,,,,,,,0.1272209169983398,0.1272150840377435,5.832960596308112e-06,0.2765910830057692,0.0078237499983515,0.0168114579864777,0.0263856250094249,0.0012026670156046,0.0013418750022538,0.0736497090256307,,,,,,,,,,,,
4,11,Non-random,22.249658460261266,0.0138888888888888,0.0030719521604938,0.3627180409966968,0.0210555829980876,0.1579920410003978,,,,,,,,,0.3627180409966968,0.3627137509756721,4.290021024644375e-06,0.5417656649951823,,,,,,,0.2331820839899592,0.1287666249845642,0.0007650420011486,,,,,,,,,
4,12,Random Projection,16.436466051575476,0.0868055555555555,0.0206261894935188,0.1105504999868571,0.0266953340033069,0.1771945420186966,7.804101915098727e-05,0.0051883749838452,0.0004237499961163,0.0040480830066371,0.0023702090256847,0.0001154580095317,2.0332983694970608e-05,0.0983000420092139,0.1105504999868571,0.1105442910338752,6.208952981978655e-06,0.3144403760088607,,,,,,,,,,,,,,,,,,
4,12,Random Sampling,19.034554095078605,0.0451388888888888,0.0095592418351479,0.1067697090038564,0.0266953340033069,0.1561931250034831,,,,,,,,,0.1067697090038564,0.1067643729911651,5.336012691259384e-06,0.2896581680106465,0.0048487079911865,0.0174547499918844,0.0247555410023778,0.001352791005047,0.002304624998942,0.0560479580017272,,,,,,,,,,,,
4,12,Non-random,22.40787560727391,0.0,0.0041570216049382,0.343080499995267,0.0266953340033069,0.1573267499916255,,,,,,,,,0.343080499995267,0.343078541016439,1.9589788280427456e-06,0.5271025839901995,,,,,,,0.2706963749951683,0.0713793750037439,0.0010027910175267,,,,,,,,,
4,13,Random Projection,15.258789558874646,0.0277777777777777,0.0149581458574911,0.0857857079827226,0.0232139579893555,0.1583317909971811,7.695800741203129e-05,0.0168306670093443,0.0002012920158449,0.0007672500214539,0.0014734999858774,0.0001125000126194,2.0750012481585145e-05,0.066297042008955,0.0857857079827226,0.0857799590739887,5.748908733949065e-06,0.2673314569692593,,,,,,,,,,,,,,,,,,
4,13,Random Sampling,19.247128698690553,0.0624999999999999,0.0076665353507757,0.1581912919937167,0.0232139579893555,0.1588245829916559,,,,,,,,,0.1581912919937167,0.1581852909876033,6.0010061133652925e-06,0.3402298329747282,0.0109624580072704,0.0166800830047577,0.0300361249828711,0.0020691250101663,0.0032937079959083,0.0951437919866293,,,,,,,,,,,,
4,13,Non-random,22.306634770678993,0.0034722222222222,0.0018118031526336,0.2968899169936776,0.0232139579893555,0.1344451670011039,,,,,,,,,0.2968899169936776,0.2968880000407807,1.916952896863222e-06,0.4545490419841371,,,,,,,0.244482500012964,0.0513247500057332,0.0010807500220835,,,,,,,,,
4,14,Random Projection,16.31793308144909,0.0798611111111111,0.0207372328840713,0.0884657500137109,0.0198745839879848,0.1156453750154469,7.10829917807132e-05,0.0088118330168072,0.0001986249990295,0.0016870839754119,0.0011010830057784,0.0002242909977212,1.2333010090515018e-05,0.0763552919961512,0.0884657500137109,0.0884616239927709,4.12602094002068e-06,0.2239857090171426,,,,,,,,,,,,,,,,,,
4,14,Random Sampling,18.784715723853964,0.0486111111111111,0.0084969187026855,0.1818860839994158,0.0198745839879848,0.1304965839954093,,,,,,,,,0.1818860839994158,0.1818787069933023,7.377006113529205e-06,0.33225725198281,0.0073347500001545,0.0148125409905333,0.0327364160038996,0.0026043750112876,0.0050345829804427,0.1193560420069843,,,,,,,,,,,,
4,14,Non-random,22.308821953945415,0.0069444444444444,0.0017036716647443,0.3178450420091394,0.0198745839879848,0.123188375000609,,,,,,,,,0.3178450420091394,0.317842374992324,2.667016815394163e-06,0.4609080009977333,,,,,,,0.2548752920120023,0.0620629159966483,0.0009041669836733,,,,,,,,,
4,15,Random Projection,17.060747990425973,0.1111111111111111,0.0254742320576173,0.1094667500001378,0.0141977919847704,0.1435696670087054,7.254100637510419e-05,0.0055138340103439,0.0002037499798461,0.003674708015751,0.0010624999995343,5.454200436361134e-05,8.875009370967746e-06,0.098871833004523,0.1094667500001378,0.1094625830301083,4.166970029473305e-06,0.2672342089936137,,,,,,,,,,,,,,,,,,
4,15,Random Sampling,19.46975404451219,0.0625,0.0074063123549053,0.1185425000148825,0.0141977919847704,0.105772832990624,,,,,,,,,0.1185425000148825,0.1185368349833879,5.665031494572759e-06,0.238513124990277,0.0103260419855359,0.0080580000067129,0.0339567920018453,0.0056650000042282,0.0024680419883225,0.0580629589967429,,,,,,,,,,,,
4,15,Non-random,22.247274232229245,0.0,0.002613811728395,0.3665317079867236,0.0141977919847704,0.2300961249857209,,,,,,,,,0.3665317079867236,0.3665294999955222,2.207991201430559e-06,0.610825624957215,,,,,,,0.2892848750052508,0.0761835410085041,0.0010610839817672,,,,,,,,,
4,16,Random Projection,17.61626277844704,0.0694444444444444,0.0269876261173364,0.0957021669892128,0.0213313330023083,0.159081582998624,0.000119333009934,0.0109739589970558,0.0002281249908264,0.0006047080096323,0.0016494169831275,0.0001096670166589,2.6084017008543015e-05,0.0819845829973928,0.0957021669892128,0.0956958760216366,6.2909675762057304e-06,0.2761150829901453,,,,,,,,,,,,,,,,,,
4,16,Random Sampling,19.04327675886871,0.0694444444444444,0.0108053758540285,0.2628804160049185,0.0213313330023083,0.2393154579913243,,,,,,,,,0.2628804160049185,0.2628751239681151,5.2920368034392595e-06,0.5235272069985513,0.0071809579967521,0.0101634999737143,0.0391972909856122,0.0016852080007083,0.0024401670088991,0.2022080000024289,,,,,,,,,,,,
4,16,Non-random,22.3346406671739,0.0,0.0043499228395061,0.3600434160034638,0.0213313330023083,0.2437594580114819,,,,,,,,,0.3600434160034638,0.3600401250005234,3.2910029403865337e-06,0.6251342070172541,,,,,,,0.2508031670004129,0.1078872500220313,0.001349707978079,,,,,,,,,
4,17,Random Projection,15.727779423480245,0.0451388888888888,0.0149428440336847,0.0798819170158822,0.0218363750027492,0.2173478750046342,7.266600732691586e-05,0.0029904170078225,0.0002206249919254,0.0005290419794619,0.0047488330164924,8.274998981505632e-05,1.0374991688877344e-05,0.0712223750015255,0.0798819170158822,0.0798770829860586,4.834029823541641e-06,0.3190661670232657,,,,,,,,,,,,,,,,,,
4,17,Random Sampling,19.31407130466201,0.0763888888888889,0.0051793136994874,0.1347601659945212,0.0218363750027492,0.1966583339963108,,,,,,,,,0.1347601659945212,0.134754956990946,5.209003575146198e-06,0.3532548749935813,0.0045432079932652,0.0105507080152165,0.0533609999984037,0.0009814579971134,0.0033905000018421,0.0619280829851049,,,,,,,,,,,,
4,17,Non-random,22.229973192822847,0.0104166666666666,0.0033902391975308,0.4445219170011114,0.0218363750027492,0.1905909169872757,,,,,,,,,0.4445219170011114,0.4445197920140344,2.1249870769679542e-06,0.6569492089911364,,,,,,,0.2957259590039029,0.1481483750103507,0.0006454579997807,,,,,,,,,
4,18,Random Projection,16.17442455852551,0.0625,0.0230073475444048,0.2087263749854173,0.0228720829763915,0.192071041004965,7.204202120192349e-05,0.0031447499932255,0.0002164999896194,0.0031378339917864,0.0017498749948572,0.0001342089963145,2.329098060727119e-05,0.2002424579986836,0.2087263749854173,0.2087209589662961,5.416019121184945e-06,0.4236694989667739,,,,,,,,,,,,,,,,,,
4,18,Random Sampling,19.220463128023074,0.0590277777777777,0.0046412841437551,0.1347645829955581,0.0228720829763915,0.2114512500120327,,,,,,,,,0.1347645829955581,0.1347591670055408,5.415990017354488e-06,0.3690879159839824,0.0047497089835815,0.0082429579924792,0.0693141250230837,0.0011937500094063,0.001719874999253,0.0495387499977368,,,,,,,,,,,,
4,18,Non-random,22.22478157267137,0.0034722222222222,0.001625938386753,0.3480134999845177,0.0228720829763915,0.1889578750124201,,,,,,,,,0.3480134999845177,0.3480107920186128,2.7079659048467875e-06,0.5598434579733294,,,,,,,0.2553400829783641,0.0901863750186748,0.0024843340215738,,,,,,,,,
4,19,Random Projection,16.94096410198706,0.0729166666666666,0.0234917762736582,0.2483492089959327,0.0163501659990288,0.1334659999993164,7.308300700969994e-05,0.002508832985768,0.0002198340080212,0.0004828750097658,0.000993624998955,5.520798731595278e-05,8.584000170230865e-06,0.2440042500093113,0.2483492089959327,0.2483462920063175,2.916989615187049e-06,0.3981653749942779,,,,,,,,,,,,,,,,,,
4,19,Random Sampling,19.03661919741783,0.0729166666666666,0.0046215491928935,0.1323287500126753,0.0163501659990288,0.1323532919923309,,,,,,,,,0.1323287500126753,0.1323227910033892,5.959009286016226e-06,0.281032208004035,0.0067087500065099,0.0198318750190082,0.0289239999838173,0.0029355000006034,0.0038062079984229,0.0701164579950273,,,,,,,,,,,,
4,19,Non-random,22.460596356145977,0.0069444444444444,0.0015817901234567,0.3586472499882802,0.0163501659990288,0.1688731249887496,,,,,,,,,0.3586472499882802,0.3586451679875608,2.082000719383359e-06,0.5438705409760587,,,,,,,0.2447717920003924,0.1131007919902913,0.000772583996877,,,,,,,,,
4,20,Random Projection,15.541789290200684,0.0555555555555555,0.0167065628842933,0.0765976249822415,0.0271735840069595,0.139783916005399,8.045800495892763e-05,0.008037499996135,0.0009388329926878,0.0067482500162441,0.0012162079801782,7.691700011491776e-05,8.583010639995337e-06,0.0594855000090319,0.0765976249822415,0.076592249009991,5.3759722504764795e-06,0.2435551249946002,,,,,,,,,,,,,,,,,,
4,20,Random Sampling,19.50260921663865,0.0590277777777777,0.0079003471947254,0.1101910829893313,0.0271735840069595,0.1437922500190325,,,,,,,,,0.1101910829893313,0.1101851260464172,5.956942914053798e-06,0.2811569170153234,0.0059382920153439,0.0170620830031111,0.0258680420229211,0.0011596250114962,0.0013437499874271,0.0588133340061176,,,,,,,,,,,,
4,20,Non-random,22.11865691962658,0.0104166666666666,0.0032342449464922,0.2863079159869812,0.0271735840069595,0.162485042004846,,,,,,,,,0.2863079159869812,0.2863054180343169,2.497952664270997e-06,0.4759665419987868,,,,,,,0.2418594170012511,0.0432657090132124,0.0011802920198533,,,,,,,,,
5,1,Random Projection,19.535181183375933,0.7295313382269903,0.0575384881766629,0.1612954580050427,0.0207971250056289,0.2370444169791881,0.0001515409967396,0.0059694999945349,0.0011845419940073,0.0026300839963369,0.0010906249808613,7.120802183635533e-05,1.1208991054445503e-05,0.1501817089738324,0.1612954580050427,0.1612904179492034,5.040055839344859e-06,0.4191369999898597,,,,,,,,,,,,,,,,,,
5,1,Random Sampling,20.750977525467235,0.334274421230943,0.0164467434364408,0.1749264579848386,0.0207971250056289,0.1559677500044927,,,,,,,,,0.1749264579848386,0.1749199570040218,6.500980816781521e-06,0.3516913329949602,0.0072645409964025,0.0100523330038413,0.0314847919798921,0.0034697920200414,0.0013997080095577,0.1212487909942865,,,,,,,,,,,,
5,1,Non-random,21.972150262892683,0.0390927912667043,0.0053012580817476,0.3684328340168576,0.0207971250056289,0.1429869999992661,,,,,,,,,0.3684328340168576,0.3684300839959178,2.7500209398567677e-06,0.5322169590217527,,,,,,,0.2851529589970596,0.082238041999517,0.0010390829993411,,,,,,,,,
5,2,Random Projection,17.66781786118383,0.5687182382834557,0.0482779634078877,0.2197422919853124,0.0190551670093555,0.1580393750045914,7.687500328756869e-05,0.0091181250172667,0.0033503340091556,0.0006599159969482,0.0011002499959431,0.0001424170040991,2.670899266377091e-05,0.205261374998372,0.2197422919853124,0.2197360010177362,6.2909675762057304e-06,0.3968368339992594,,,,,,,,,,,,,,,,,,
5,2,Random Sampling,20.981392067401448,0.2126105778279691,0.0155501866138615,0.2156683329958468,0.0190551670093555,0.1405348749831318,,,,,,,,,0.2156683329958468,0.2156624180206563,5.914975190535188e-06,0.3752583749883342,0.0059375000128056,0.0187553750001825,0.0330305840179789,0.0013600829988718,0.0032574590004514,0.1533214169903658,,,,,,,,,,,,
5,2,Non-random,21.858214320232833,0.0434029738377564,0.0041271830213799,0.3244800409884192,0.0190551670093555,0.1302549579995684,,,,,,,,,0.3244800409884192,0.3244780000241007,2.0409643184393644e-06,0.4737901659973431,,,,,,,0.2522066670062486,0.0711320000118576,0.0011393330059945,,,,,,,,,
5,3,Random Projection,18.50471251918859,0.5772068511198947,0.0436387632279112,0.1505820000020321,0.0246724160097073,0.1586110840144101,7.516698678955436e-05,0.0054397080093622,0.0002276669838465,0.0005330830172169,0.0029553750064224,7.295797695405781e-05,1.141699613071978e-05,0.1412632089923136,0.1505820000020321,0.1505785839690361,3.4160329960286617e-06,0.3338655000261497,,,,,,,,,,,,,,,,,,
5,3,Random Sampling,20.165941575302472,0.2602860907208733,0.0117301950779927,0.2190294999745674,0.0246724160097073,0.1715976249834057,,,,,,,,,0.2190294999745674,0.2190242100332398,5.289941327646375e-06,0.4152995409676805,0.0096330000087618,0.0088332919985987,0.0421115420176647,0.0011648340150713,0.0023553749779239,0.1549261670152191,,,,,,,,,,,,
5,3,Non-random,21.88814534297442,0.0694146433276868,0.0054771105826397,0.3250684579834342,0.0246724160097073,0.1436852909973822,,,,,,,,,0.3250684579834342,0.3250658739707432,2.5840126909315586e-06,0.4934261649905238,,,,,,,0.2503577079914976,0.0735478329879697,0.0011603329912759,,,,,,,,,
5,4,Random Projection,19.024086915758705,0.7333333333333333,0.0538900083699205,0.1109833749942481,0.02225208299933,0.1320392500201705,0.0001361659960821,0.0052987500093877,0.0003499170124996,0.0021774169872514,0.002939875004813,6.975000724196434e-05,1.1834024917334318e-05,0.0999946250231005,0.1109833749942481,0.1109783340652939,5.040928954258561e-06,0.2652747080137487,,,,,,,,,,,,,,,,,,
5,4,Random Sampling,20.715661995204197,0.2821381517033691,0.0109470084137876,0.1478243340097833,0.02225208299933,0.1399557499971706,,,,,,,,,0.1478243340097833,0.1478187920001801,5.542009603232145e-06,0.310032167006284,0.0078109999885782,0.0094564160099253,0.0379444169811904,0.0017007919959723,0.003254959010519,0.0876512080139946,,,,,,,,,,,,
5,4,Non-random,21.86838340991202,0.0477696216826651,0.0030389363722696,0.3541833329945802,0.02225208299933,0.1415162500052247,,,,,,,,,0.3541833329945802,0.3541812089970335,2.1239975467324257e-06,0.517951665999135,,,,,,,0.2376769169932231,0.1138713340042159,0.0026329579995945,,,,,,,,,
5,5,Random Projection,16.51216699655741,0.4861848296630905,0.0359154669481318,0.1577448339958209,0.0278320409997832,0.1524400000052992,7.775000995025039e-05,0.0048477499803993,0.0005653749976772,0.0032277090067509,0.0012900409928988,8.020800305530429e-05,1.1125026503577828e-05,0.147639791975962,0.1577448339958209,0.1577397499931976,5.084002623334527e-06,0.3380168750009034,,,,,,,,,,,,,,,,,,
5,5,Random Sampling,21.21491816197,0.2995294560511952,0.0106905822246065,0.2260450000176206,0.0278320409997832,0.2002599999832455,,,,,,,,,0.2260450000176206,0.2260387079732027,6.29204441793263e-06,0.4541370410006493,0.0072798329929355,0.0138534159923437,0.0398688749992288,0.0010121669911313,0.0013306670007295,0.1626937499968335,,,,,,,,,,,,
5,5,Non-random,21.726916070119856,0.0390739695087521,0.0043856332703213,0.31373649998568,0.0278320409997832,0.2052892920037266,,,,,,,,,0.31373649998568,0.313733915972989,2.5840126909315586e-06,0.5468578329891898,,,,,,,0.2464119169744663,0.0645242080208845,0.0027977909776382,,,,,,,,,
5,6,Random Projection,19.835464396641367,0.5771315640880859,0.056091863057606,0.1298591250088066,0.0191118750080931,0.2112482909869868,7.504198583774269e-05,0.0117708329926244,0.0004151660250499,0.0005594579852186,0.0010888329998124,6.749999010935426e-05,1.158300437964499e-05,0.1158663750102277,0.1298591250088066,0.12985478999326,4.335015546530485e-06,0.3602192910038866,,,,,,,,,,,,,,,,,,
5,6,Random Sampling,20.781927190694795,0.3124411820063993,0.013751522446411,0.4249365419964306,0.0191118750080931,0.2492318750009872,,,,,,,,,0.4249365419964306,0.4249284169927705,8.125003660097718e-06,0.693280292005511,0.0056164590059779,0.0086500000033993,0.1368357079918496,0.008122250001179,0.0018797499942593,0.2638242499961052,,,,,,,,,,,,
5,6,Non-random,21.832532434411807,0.065047995482778,0.0050283553875236,0.4035401669971179,0.0191118750080931,0.2457321250112727,,,,,,,,,0.4035401669971179,0.4035384169837925,1.7500133253633976e-06,0.6683841670164838,,,,,,,0.2990579159813933,0.1037723339977674,0.0007081670046318,,,,,,,,,
5,7,Random Projection,18.21807745957143,0.5339920948616601,0.0478099054050629,0.1263381669996306,0.0184837499982677,0.2385479579970706,7.60830007493496e-05,0.0061052909877616,0.0005532089853659,0.0008340000058524,0.001074833999155,0.0001050830178428,2.970799687318504e-05,0.1175547500024549,0.1263381669996306,0.1263329579960554,5.209003575146198e-06,0.383369874994969,,,,,,,,,,,,,,,,,,
5,7,Random Sampling,20.695158598683697,0.2692452475061171,0.012701151924383,0.1569155000033788,0.0184837499982677,0.1914416670042555,,,,,,,,,0.1569155000033788,0.1569088359538,6.6640495788306e-06,0.3668409170059021,0.0051178339926991,0.0122671669814735,0.0320096670184284,0.0013804999762214,0.0021400839905254,0.1039935839944519,,,,,,,,,,,,
5,7,Non-random,21.696407857710607,0.0477696216826651,0.0042880499405469,0.2927614999935031,0.0184837499982677,0.1594607919978443,,,,,,,,,0.2927614999935031,0.2927600829862058,1.4170072972774506e-06,0.4707060419896152,,,,,,,0.215379707980901,0.0767327079956885,0.0006476670096162,,,,,,,,,
5,8,Random Projection,17.85748738646593,0.5510257858083945,0.051217141473855,0.1507440830173436,0.0270115410094149,0.1409357910160906,7.750000804662704e-05,0.0066364580125082,0.0002317090111318,0.0010197499941568,0.0018598749884404,0.0001160000101663,2.7290981961414215e-05,0.1407713750086259,0.1507440830173436,0.1507399580150377,4.125002305954695e-06,0.3186914150428492,,,,,,,,,,,,,,,,,,
5,8,Random Sampling,20.584572532144673,0.2692452475061171,0.0112407130299127,0.1499292919761501,0.0270115410094149,0.1281469170062337,,,,,,,,,0.1499292919761501,0.1499232100031804,6.081972969695926e-06,0.3050877499917988,0.0064393340144306,0.0121548339957371,0.0407267500122543,0.0021301669767126,0.0013697920076083,0.0871023329964373,,,,,,,,,,,,
5,8,Non-random,21.9734179272454,0.0868247694334651,0.0049494870389223,0.3683488749957178,0.0270115410094149,0.1603213749767746,,,,,,,,,0.3683488749957178,0.3683472089760471,1.666019670665264e-06,0.5556817909819074,,,,,,,0.2312545829918235,0.1363142089976463,0.0007784169865772,,,,,,,,,
5,9,Random Projection,18.378102527481023,0.6639186900056464,0.0474330926524345,0.2582437499950174,0.0308315840084105,0.1650976249948144,0.0001243329897988,0.0057244579948019,0.0005430830060504,0.0036360829835757,0.0039648750098422,0.0002160410222131,3.5834003938362e-05,0.2439913339912891,0.2582437499950174,0.2582360410015099,7.708993507549167e-06,0.4541729589982424,,,,,,,,,,,,,,,,,,
5,9,Random Sampling,20.861859058940123,0.3601355166572557,0.0160893076542133,0.2149272499955259,0.0308315840084105,0.1765086659870576,,,,,,,,,0.2149272499955259,0.2149196650425437,7.584952982142568e-06,0.4222674999909941,0.0129525830270722,0.0169446660147514,0.0355086250056047,0.0010242080024909,0.0048190829984378,0.1436704999941866,,,,,,,,,,,,
5,9,Non-random,21.80709776565729,0.0563899868247694,0.0035916824196597,0.3885102909989655,0.0308315840084105,0.1735622079868335,,,,,,,,,0.3885102909989655,0.388508499978343,1.7910206224769354e-06,0.5929040829942096,,,,,,,0.2659994999994524,0.1217507910041604,0.0007582089747302,,,,,,,,,
5,10,Random Projection,16.93481886522377,0.4210803689064558,0.0436501127775399,0.1732643339782953,0.0251700410153716,0.1637125000124797,7.641699630767107e-05,0.0153771250043064,0.0002506659948267,0.0006918750004842,0.0058488750073593,0.0001241669815499,2.7958012651652094e-05,0.1508622079854831,0.1732643339782953,0.1732592909829691,5.042995326220989e-06,0.3621468750061467,,,,,,,,,,,,,,,,,,
5,10,Random Sampling,20.595955150758936,0.2647844908714474,0.0092415167316678,0.3302232089918107,0.0251700410153716,0.612415667012101,,,,,,,,,0.3302232089918107,0.3302167069923598,6.5019994508475065e-06,0.9678089170192834,0.0113968329969793,0.0098370409978088,0.0372324579802807,0.0011109580227639,0.0013430839753709,0.269296333019156,,,,,,,,,,,,
5,10,Non-random,21.624254496649968,0.0347449651797477,0.0062759924385633,0.4191219169879332,0.0251700410153716,0.1209280830225907,,,,,,,,,0.4191219169879332,0.4191199580091052,1.9589788280427456e-06,0.5652200410258956,,,,,,,0.3146592080011032,0.1032736669876612,0.0011870830203406,,,,,,,,,
5,11,Random Projection,17.018298983938354,0.4123658949745906,0.037224487286823,0.1366428749752231,0.0209627909935079,0.1604432089952752,7.412498234771192e-05,0.0119129579979926,0.0004777919966727,0.0005678749876096,0.0010655419901013,9.841701830737291e-05,2.9375019948929548e-05,0.1224126250017434,0.1366428749752231,0.1366387089947238,4.165980499237776e-06,0.3180488749640062,,,,,,,,,,,,,,,,,,
5,11,Random Sampling,20.285101330800604,0.2603613777526821,0.0111557185681321,0.1391073749982752,0.0209627909935079,0.1192772499925922,,,,,,,,,0.1391073749982752,0.1390994179528206,7.957045454531908e-06,0.2793474159843754,0.00622049998492,0.0148572920006699,0.0338314999826252,0.0030680419877171,0.0038116250070743,0.0773104589898139,,,,,,,,,,,,
5,11,Non-random,21.708608531053464,0.0780726519856954,0.0044583436624015,0.3546847500256262,0.0209627909935079,0.1321327500045299,,,,,,,,,0.3546847500256262,0.3546827500103973,2.00001522898674e-06,0.5077802910236642,,,,,,,0.2801816250139382,0.0734679579909425,0.0010331670055165,,,,,,,,,
5,12,Random Projection,19.07916542048086,0.5990777338603426,0.0437739911565453,0.0917037089820951,0.0261273749929387,0.1145486250170506,7.979100337252021e-05,0.0071340409922413,0.0002084579900838,0.0005549579800572,0.0021038330160081,5.8999983593821526e-05,1.1083000572398303e-05,0.0815488750231452,0.0917037089820951,0.0917000389890745,3.66999302059412e-06,0.2323797089920845,,,,,,,,,,,,,,,,,,
5,12,Random Sampling,20.754536149758657,0.3386222473178995,0.0139431581681209,0.1425687080190982,0.0261273749929387,0.130239000020083,,,,,,,,,0.1425687080190982,0.1425643340044189,4.374014679342508e-06,0.29893508303212,0.0090069169818889,0.0144307500158902,0.0349002500006463,0.0010199579992331,0.0013538750063162,0.081852584000444,,,,,,,,,,,,
5,12,Non-random,21.666920821690773,0.0738377564464521,0.0059783866545603,0.6036315420060419,0.0261273749929387,0.1436551669903565,,,,,,,,,0.6036315420060419,0.6036277500388678,3.791967174038291e-06,0.7734140839893371,,,,,,,0.4107473750191275,0.1901398750196676,0.0027405000000726,,,,,,,,,
5,13,Random Projection,18.624828789224036,0.4991153773762469,0.0519863449384333,0.1877042080159299,0.0154025829979218,0.1404124579858034,7.404200732707977e-05,0.0086519999895244,0.0007004589715506,0.0016386670176871,0.0012461669975891,7.358301081694663e-05,1.1166994227096438e-05,0.1753036660084035,0.1877042080159299,0.1876997509971261,4.457018803805113e-06,0.3435192489996552,,,,,,,,,,,,,,,,,,
5,13,Random Sampling,20.422912875464984,0.2777526821005082,0.0124518499955125,0.2903229169896804,0.0154025829979218,0.1471919160103425,,,,,,,,,0.2903229169896804,0.290316623984836,6.293004844337702e-06,0.4529174159979447,0.0053391249966807,0.0182105829881038,0.0383633330056909,0.0042036669910885,0.0014063749986235,0.2227935410046484,,,,,,,,,,,,
5,13,Non-random,21.77766000282442,0.0607189911537737,0.002519126702743,0.5311209170031361,0.0154025829979218,0.16253658401547,,,,,,,,,0.5311209170031361,0.5311193329980597,1.5840050764381886e-06,0.709060084016528,,,,,,,0.2992209579970222,0.2311962499807123,0.0007021250203251,,,,,,,,,
5,14,Random Projection,16.995229782139894,0.5121776773950686,0.0406240574113733,0.1849443329847417,0.016928666998865,0.1741740409925114,0.0001351659884676,0.01220654201461,0.0002322920190636,0.0005850419984199,0.0083613330207299,0.0025035830039996,2.8458016458898783e-05,0.1608867920003831,0.1849443329847417,0.1849392080621328,5.124922608956695e-06,0.3760470409761183,,,,,,,,,,,,,,,,,,
5,14,Random Sampling,21.050107022706364,0.3081874647092038,0.0127002345348479,0.221105875010835,0.016928666998865,0.2943080420081969,,,,,,,,,0.221105875010835,0.2211001250252593,5.749985575675964e-06,0.532342584017897,0.0055637500190641,0.0144050419912673,0.0440145000175107,0.003871374996379,0.0032774580176919,0.1499679999833461,,,,,,,,,,,,
5,14,Non-random,21.817446740939985,0.0651232825145868,0.0071120689655172,0.4256937500031199,0.016928666998865,0.1833548330178018,,,,,,,,,0.4256937500031199,0.4256911260017659,2.6240013539791107e-06,0.6259772500197869,,,,,,,0.2650309579912573,0.1594960840011481,0.0011640840093605,,,,,,,,,
5,15,Random Projection,15.86887752624335,0.4124223602484471,0.0383419607373976,0.1436238330206833,0.0307806659839116,0.1485933749936521,0.0001339580048806,0.0098250419832766,0.000246125011472,0.0004787909856531,0.0026292499969713,0.0001599160023033,3.304099664092064e-05,0.1301118750125169,0.1436238330206833,0.1436179979937151,5.83502696827054e-06,0.3229978739982471,,,,,,,,,,,,,,,,,,
5,15,Random Sampling,21.083852992056688,0.2951063429324299,0.0120680814845415,0.1806003749952651,0.0307806659839116,0.1267561249842401,,,,,,,,,0.1806003749952651,0.1805952079885173,5.1670067477971315e-06,0.3381371659634169,0.0168331669992767,0.0100588749919552,0.0351233330147806,0.0025760419957805,0.0013567080022767,0.1146470829844474,,,,,,,,,,,,
5,15,Non-random,22.04964808637147,0.0520609824957651,0.0033219381688466,0.3773575000232085,0.0307806659839116,0.1583601250022184,,,,,,,,,0.3773575000232085,0.377352957992116,4.542031092569232e-06,0.5664982910093386,,,,,,,0.2918848750123288,0.0844098329835105,0.0010582499962765,,,,,,,,,
5,16,Random Projection,19.117895569933516,0.7159043854696029,0.0441923696940182,0.241582833987195,0.0215526249958202,0.2286577080085408,0.0001492500014137,0.0090651249920483,0.0014854169858153,0.0009672919986769,0.0012559159949887,0.0001122090034186,3.158301115036011e-05,0.2285098750144243,0.241582833987195,0.2415766670019365,6.166985258460045e-06,0.491793166991556,,,,,,,,,,,,,,,,,,
5,16,Random Sampling,21.269542395382576,0.2777526821005082,0.0163768383108608,0.1483992919966112,0.0215526249958202,0.2352144579926971,,,,,,,,,0.1483992919966112,0.1483947499946225,4.542001988738775e-06,0.4051663749851286,0.0086285000143107,0.0116287920100148,0.0259027919964864,0.0022292919747997,0.0015952910180203,0.0984100829809904,,,,,,,,,,,,
5,16,Non-random,21.63959220325274,0.0780914737436476,0.0050380427528079,0.3141185420099646,0.0215526249958202,0.1752609169925563,,,,,,,,,0.3141185420099646,0.3141168750007637,1.667009200900793e-06,0.5109320839983411,,,,,,,0.237255832995288,0.0761684169992804,0.0006926250061951,,,,,,,,,
5,17,Random Projection,18.48750997324688,0.5639186900056465,0.0479594611983669,0.1042814580141566,0.0199129169923253,0.1250311669718939,7.287500193342566e-05,0.0126759159902576,0.0008782920194789,0.0007729580102022,0.0041184169822372,7.116701453924179e-05,1.1625001206994057e-05,0.0856758329900913,0.1042814580141566,0.104277083009947,4.375004209578037e-06,0.249225541978376,,,,,,,,,,,,,,,,,,
5,17,Random Sampling,20.302075964161304,0.2907961603613778,0.0177271450200103,0.1913085840060375,0.0199129169923253,0.249146957998164,,,,,,,,,0.1913085840060375,0.1913028350390959,5.748966941609979e-06,0.4603684589965269,0.0109645839838776,0.0120615419873502,0.027841792005347,0.0020292920235078,0.0029308750235941,0.1354747500154189,,,,,,,,,,,,
5,17,Non-random,21.761184041022055,0.0651044607566346,0.0064801340971467,0.2954446670191828,0.0199129169923253,0.1540255410072859,,,,,,,,,0.2954446670191828,0.2954424999770708,2.167042111977935e-06,0.4693831250187941,,,,,,,0.2220826249977108,0.0721436659805476,0.0012162089988123,,,,,,,,,
5,18,Random Projection,20.50845087436003,0.5857707509881422,0.0564576456262206,0.1459042920032516,0.0249275419919285,0.1325033330067526,7.558299694210291e-05,0.0116165410145185,0.000542416004464,0.0033685000089462,0.0019727500039152,9.358301758766174e-05,1.2208998668938875e-05,0.1282164580188691,0.1459042920032516,0.145898040063912,6.2519393395632505e-06,0.3033351670019328,,,,,,,,,,,,,,,,,,
5,18,Random Sampling,20.434821855877065,0.2214944475814041,0.0084920793987234,0.1829444160102866,0.0249275419919285,0.1656642919988371,,,,,,,,,0.1829444160102866,0.1829390829661861,5.333044100552797e-06,0.3735362500010524,0.0093420420016627,0.0121632500085979,0.0364117079880088,0.0011904579878319,0.0032968329905997,0.1205347919894848,,,,,,,,,,,,
5,18,Non-random,21.645873994894295,0.0477884434406173,0.0033806206213976,0.3619022080092691,0.0249275419919285,0.1733705000078771,,,,,,,,,0.3619022080092691,0.3618986250367015,3.5829725675284863e-06,0.5602002500090748,,,,,,,0.2771075830096379,0.0830794580106157,0.0017115840164478,,,,,,,,,
5,19,Random Projection,19.71143218667375,0.742668925277621,0.0512115601298082,0.1523084170185029,0.0229545829934068,0.1581090000108815,7.716601248830557e-05,0.0051936249947175,0.0004630830080714,0.0010556670022197,0.0034209160075988,8.72089876793325e-05,1.2625008821487428e-05,0.1419923340145032,0.1523084170185029,0.1523026250360999,5.791982403025031e-06,0.3333720000227913,,,,,,,,,,,,,,,,,,
5,19,Random Sampling,20.35998656034845,0.3731789949181253,0.0204467042269574,0.1761936250259168,0.0229545829934068,0.1390887909801677,,,,,,,,,0.1761936250259168,0.1761877060052938,5.919020622968674e-06,0.3382369989994913,0.0120784159807953,0.0088458750105928,0.0463283749995753,0.0040305409929715,0.0014055409992579,0.1034989580221008,,,,,,,,,,,,
5,19,Non-random,21.74114756240686,0.0520986260116694,0.0060491493383743,0.4259585840045474,0.0229545829934068,0.1685586249805055,,,,,,,,,0.4259585840045474,0.4259568339912221,1.7500133253633976e-06,0.6174717919784598,,,,,,,0.3400836670189164,0.0848211669945158,0.0010519999777898,,,,,,,,,
5,20,Random Projection,17.410368673939555,0.5340109166196122,0.0409038711150991,0.1540104589948896,0.0257695830077864,0.154966708010761,7.54169886931777e-05,0.0082782919926103,0.0005637909926008,0.0006265829724725,0.0012535839923657,8.237501606345177e-05,1.279098796658218e-05,0.1431121249916032,0.1540104589948896,0.1540049579343758,5.501060513779521e-06,0.3347467500134371,,,,,,,,,,,,,,,,,,
5,20,Random Sampling,20.48916298144164,0.2690005646527386,0.0170183950440876,0.1981914160132873,0.0257695830077864,0.1360834170191083,,,,,,,,,0.1981914160132873,0.1981847499555442,6.666057743132114e-06,0.3600444160401821,0.0112882499815896,0.0080106660025194,0.0728174170071724,0.0061435829848051,0.0036212499835528,0.0963035839959047,,,,,,,,,,,,
5,20,Non-random,21.873948921579576,0.0607189911537737,0.0042588940024837,0.3441789160133339,0.0257695830077864,0.1480155840108636,,,,,,,,,0.3441789160133339,0.3441769590135664,1.9569997675716877e-06,0.517964083031984,,,,,,,0.262712666997686,0.0804157500097062,0.0010485420061741,,,,,,,,,
6,1,Random Projection,18.08248172221124,2.2239583333333335,0.0692231500199361,0.2759817079931963,0.0269112919922918,0.1722655830089934,0.0001412919955328,0.0063763750076759,0.0004657079989556,0.0008132910006679,0.0068445000215433,8.712499402463436e-05,1.2082979083061218e-05,0.2612359170161653,0.2759817079931963,0.2759762910136487,5.416979547590017e-06,0.4751585829944815,,,,,,,,,,,,,,,,,,
6,1,Random Sampling,21.65295774445481,0.7395833333333334,0.0287466586580729,0.2898911249940283,0.0269112919922918,0.1837345419917255,,,,,,,,,0.2898911249940283,0.2898866239702329,4.501023795455694e-06,0.5005369589780457,0.0131933330267202,0.0154090000141877,0.0627451249747537,0.0038852909929119,0.0013883329811505,0.1932655419805087,,,,,,,,,,,,
6,1,Non-random,21.58931733310327,0.25,0.0084131611828404,0.3832018339890055,0.0269112919922918,0.1900304580049123,,,,,,,,,0.3832018339890055,0.383200251031667,1.582957338541746e-06,0.6001435839862097,,,,,,,0.257372749998467,0.1251854170113802,0.0006420840218197,,,,,,,,,
6,2,Random Projection,18.18796134468089,1.6041666666666663,0.0616083399453005,0.2802529590262566,0.0214278750063385,0.1694277500209864,8.512500789947808e-05,0.0069162920117378,0.0002821670204866,0.0005487079906743,0.0036448749888222,7.720800931565464e-05,1.3290991773828864e-05,0.2686810410232283,0.2802529590262566,0.2802487070439383,4.251982318237424e-06,0.4711085840535816,,,,,,,,,,,,,,,,,,
6,2,Random Sampling,22.044942075881277,0.7500000000000001,0.018192262858013,0.1865064590238034,0.0214278750063385,0.1676432910026051,,,,,,,,,0.1865064590238034,0.1865003749844618,6.084039341658354e-06,0.3755776250327471,0.0098912499961443,0.0181642919778823,0.0420613340102136,0.0016332079831045,0.0014049999881535,0.1133452910289634,,,,,,,,,,,,
6,2,Non-random,21.57766231516246,0.1822916666666666,0.0064618981825911,0.3491066250135191,0.0214278750063385,0.1351369159820024,,,,,,,,,0.3491066250135191,0.3491040839871857,2.541026333346963e-06,0.50567141600186,,,,,,,0.2499254170106724,0.0964935829979367,0.0026850839785765,,,,,,,,,
6,3,Random Projection,17.32345447277098,1.5781249999999998,0.0553319625233998,0.2281084589776583,0.0244638340082019,0.1649197499791626,7.870802073739469e-05,0.0063726670050527,0.0002739590127021,0.0004952090093865,0.0010539999930188,7.320800796151161e-05,1.2625008821487428e-05,0.2197425840131472,0.2281084589776583,0.2281029600708279,5.498906830325723e-06,0.4174920429650228,,,,,,,,,,,,,,,,,,
6,3,Random Sampling,22.53541162585445,0.8906250000000001,0.0253257653469286,0.2139190419984515,0.0244638340082019,0.1373267500021029,,,,,,,,,0.2139190419984515,0.2139115000027232,7.541995728388429e-06,0.3757096260087564,0.0158173340023495,0.0108915829914622,0.0479798750020563,0.0059714160161092,0.0039295000024139,0.1293217919883318,,,,,,,,,,,,
6,3,Non-random,21.451185046550545,0.15625,0.0054813695025335,0.3972992910130415,0.0244638340082019,0.1347574579995125,,,,,,,,,0.3972992910130415,0.3972967499867081,2.541026333346963e-06,0.556520583020756,,,,,,,0.2934927500027697,0.1011312920018099,0.0026727079821284,,,,,,,,,
6,4,Random Projection,17.785994240970773,1.8072916666666663,0.0624536989043763,0.1693726250086911,0.0285968329990282,0.2459779579949099,0.0001316249836236,0.0077005829953122,0.0002731250133365,0.0008403750252909,0.0058375829830765,0.0001401669869665,2.9084010748192668e-05,0.1544141249905806,0.1693726250086911,0.1693666669889353,5.958019755780697e-06,0.4439474160026293,,,,,,,,,,,,,,,,,,
6,4,Random Sampling,22.11002080126143,0.7083333333333334,0.0220398131255395,0.1818489999859593,0.0285968329990282,0.2235802079958375,,,,,,,,,0.1818489999859593,0.1818449990532826,4.000932676717639e-06,0.4340260409808252,0.0135519580217078,0.0123228330048732,0.0566600830061361,0.0011942909914068,0.0013912090216763,0.0967246250074822,,,,,,,,,,,,
6,4,Non-random,21.96301431965225,0.1822916666666666,0.0068639053254437,0.3599527920014225,0.0285968329990282,0.1886346669925842,,,,,,,,,0.3599527920014225,0.359951791993808,1.00000761449337e-06,0.577184291993035,,,,,,,0.2552847500192001,0.1040419169876258,0.0006251249869819,,,,,,,,,
6,5,Random Projection,17.959344352189948,2.078125,0.0685612534497586,0.2711814169888384,0.0173095829959493,0.1505238329991698,8.487497689202428e-05,0.0111405000207014,0.000593792006839,0.0009681250085122,0.0018343749979976,0.0001221249985974,3.2458017813041806e-05,0.2564002499857452,0.2711814169888384,0.2711765000130981,4.916975740343332e-06,0.4390148329839576,,,,,,,,,,,,,,,,,,
6,5,Random Sampling,22.302590187516053,0.7708333333333334,0.0135487322924132,0.1981181660084985,0.0173095829959493,0.1582904160022735,,,,,,,,,0.1981181660084985,0.1981106239836663,7.542024832218885e-06,0.3737181650067214,0.0142432920110877,0.015539665997494,0.0463860419986303,0.0052729999879375,0.0018479579885024,0.1148206660000141,,,,,,,,,,,,
6,5,Non-random,21.78087906348132,0.21875,0.0069933042831331,0.333258124999702,0.0173095829959493,0.1506151670182589,,,,,,,,,0.333258124999702,0.3332562919822521,1.833017449826002e-06,0.5011828750139102,,,,,,,0.2552763749845326,0.0768260420009028,0.0011538749968167,,,,,,,,,
6,6,Random Projection,17.46724887707985,1.7604166666666667,0.059525675179084,0.2339009580027777,0.0211087909992784,0.1359020409872755,7.883401121944189e-05,0.0174329580040648,0.001981750014238,0.0060222499887458,0.0030906249885447,0.0001004580117296,2.458400558680296e-05,0.205162583006313,0.2339009580027777,0.2338940420304425,6.915972335264087e-06,0.3909117899893317,,,,,,,,,,,,,,,,,,
6,6,Random Sampling,22.006374269728905,0.8177083333333334,0.0207295911155097,0.2644428329949733,0.0211087909992784,0.1507124589988961,,,,,,,,,0.2644428329949733,0.2644384149753023,4.41801967099309e-06,0.4362640829931479,0.0047610829933546,0.008238332986366,0.0611318330047652,0.004086750006536,0.0013898329925723,0.184830582991708,,,,,,,,,,,,
6,6,Non-random,21.55840957572807,0.1770833333333333,0.0065910037484381,0.3604679590207524,0.0211087909992784,0.1558305420039687,,,,,,,,,0.3604679590207524,0.3604640419944189,3.917026333510876e-06,0.5374072920239996,,,,,,,0.2467088749981485,0.1124750419985503,0.0012801249977201,,,,,,,,,
6,7,Random Projection,17.521759055182144,1.6041666666666663,0.0572612872317701,0.2865938750037458,0.0181192919844761,0.1276254160038661,0.0004414160212036,0.0049442920135334,0.001208084024256,0.0023964589927345,0.0049899160221684,0.0001541660167276,3.120797919109464e-05,0.2724214170011692,0.2865938750037458,0.2865869580709841,6.916932761669159e-06,0.432338582992088,,,,,,,,,,,,,,,,,,
6,7,Random Sampling,22.400704188314563,0.796875,0.0244046761494712,0.1745089159812778,0.0181192919844761,0.1332653750141617,,,,,,,,,0.1745089159812778,0.1745024160481989,6.4999330788850784e-06,0.3258935829799156,0.0064441669965162,0.0086703750130254,0.0619929580134339,0.002825915988069,0.0013797090214211,0.093189291015733,,,,,,,,,,,,
6,7,Non-random,21.61263276867138,0.1302083333333333,0.0046444893187373,0.441604040999664,0.0181192919844761,0.1529380829888396,,,,,,,,,0.441604040999664,0.441602665989194,1.3750104699283838e-06,0.6126614159729797,,,,,,,0.2723569999798201,0.1686002080095932,0.0006454579997807,,,,,,,,,
6,8,Random Projection,17.19586851082118,1.546875,0.0620175269712633,0.2920725839794613,0.016331833001459,0.133440875011729,7.666699821129441e-05,0.004365874978248,0.000943583989283,0.0062070839921943,0.0070884579909034,0.0001608339953236,5.32910053152591e-05,0.27317087497795,0.2920725839794613,0.2920666679274291,5.916052032262087e-06,0.4418452919926494,,,,,,,,,,,,,,,,,,
6,8,Random Sampling,21.938105464696697,0.8697916666666666,0.0222584010115361,0.170086291996995,0.016331833001459,0.1103644589893519,,,,,,,,,0.170086291996995,0.1700783760752529,7.915921742096543e-06,0.296782583987806,0.0089907090004999,0.0205986250075511,0.0471730420249514,0.005964625015622,0.0014443750260397,0.0859070000005886,,,,,,,,,,,,
6,8,Non-random,21.552010986965005,0.1822916666666666,0.0071625344352617,0.4264936249819584,0.016331833001459,0.1818510000011883,,,,,,,,,0.4264936249819584,0.426491124992026,2.4999899324029684e-06,0.6246764579846058,,,,,,,0.2734349999809637,0.1519120830052998,0.0011440420057624,,,,,,,,,
6,9,Random Projection,18.73227847354973,2.203125,0.0635825723710196,0.2731244580063503,0.0287460839899722,0.1481905420077964,8.174998220056295e-05,0.0047349169908557,0.0002789169957395,0.0004363339976407,0.001103457994759,6.09580019954592e-05,1.2375006917864084e-05,0.2664127910102252,0.2731244580063503,0.2731214999803342,2.958026016131043e-06,0.450061084004119,,,,,,,,,,,,,,,,,,
6,9,Random Sampling,22.303495786030567,0.9322916666666666,0.0314439904078512,0.2658212499809451,0.0287460839899722,0.1323375420179218,,,,,,,,,0.2658212499809451,0.2658162919979077,4.95798303745687e-06,0.4269048759888392,0.0050958339998032,0.0071582919918,0.0534104160033166,0.0017716670117806,0.0032675830007065,0.1951124999905005,,,,,,,,,,,,
6,9,Non-random,21.448023956842437,0.25,0.0070550645468834,0.4078324590227566,0.0287460839899722,0.1552058749948628,,,,,,,,,0.4078324590227566,0.4078310830227565,1.3760000001639128e-06,0.5917844180075917,,,,,,,0.2662239170167595,0.1408852909808047,0.0007218750251922,,,,,,,,,
6,10,Random Projection,17.88427309265176,1.7291666666666667,0.0584225059559183,0.2717701249930542,0.0192288749967701,0.2164235829841345,7.81250128056854e-05,0.0039091249927878,0.0002674589923117,0.0005802089872304,0.0034791670041158,7.849998655728996e-05,1.2333010090515018e-05,0.2633612500212621,0.2717701249930542,0.2717661680071614,3.956985892727971e-06,0.5074225829739589,,,,,,,,,,,,,,,,,,
6,10,Random Sampling,22.682685410826743,0.953125,0.0228889155338616,0.1600618750089779,0.0192288749967701,0.1395665419986471,,,,,,,,,0.1600618750089779,0.1600556680059526,6.207003025338054e-06,0.3188572920043953,0.007609374995809,0.0143526250030845,0.0370812079927418,0.0012134590069763,0.0015452090010512,0.0982537920062895,,,,,,,,,,,,
6,10,Non-random,21.48202087787261,0.25,0.0072770484382073,0.3694519169803243,0.0192288749967701,0.1457372089789714,,,,,,,,,0.3694519169803243,0.3694496669922955,2.249988028779626e-06,0.534418000956066,,,,,,,0.2351963749970309,0.1330420419981237,0.0012112499971408,,,,,,,,,
6,11,Random Projection,17.971579987020004,2.0364583333333335,0.0625978597369757,0.2876790840236936,0.0255219169775955,0.1529063750058412,7.875001756474376e-05,0.007132166007068,0.0002870840253308,0.0006538750021718,0.0023399170022457,6.799999391660094e-05,1.5458004781976342e-05,0.2771003750094678,0.2876790840236936,0.2876756250625476,3.458961145952344e-06,0.4661073760071303,,,,,,,,,,,,,,,,,,
6,11,Random Sampling,22.71804246161609,0.9427083333333334,0.0233288882645273,0.3098894169961568,0.0255219169775955,0.1585702499723993,,,,,,,,,0.3098894169961568,0.3098828330112155,6.583984941244125e-06,0.4939815839461516,0.0113273750175721,0.0153037919953931,0.050846875004936,0.0031418750004377,0.0013862079940736,0.2278767079988028,,,,,,,,,,,,
6,11,Non-random,21.688787218062025,0.2083333333333333,0.0078767472706866,0.3095793750253506,0.0255219169775955,0.1326147920044604,,,,,,,,,0.3095793750253506,0.3095770410145633,2.334010787308216e-06,0.4677160840074066,,,,,,,0.2174238750012591,0.0910094160062726,0.0011437500070314,,,,,,,,,
6,12,Random Projection,18.27037104051429,1.6354166666666667,0.0683875952572623,0.1885725420142989,0.0251145830261521,0.1489518340094946,8.279099711216986e-05,0.0040388749912381,0.0061277500062715,0.0008555829990655,0.0044518749928101,8.345799869857728e-05,1.2708012945950031e-05,0.1729095409973524,0.1885725420142989,0.1885625809954945,9.961018804460764e-06,0.3626389590499457,,,,,,,,,,,,,,,,,,
6,12,Random Sampling,22.28808562576752,0.8385416666666667,0.0174161472590575,0.204979458998423,0.0251145830261521,0.1310945419827476,,,,,,,,,0.204979458998423,0.2049761250091251,3.3339892979711294e-06,0.3611885840073228,0.0058905000041704,0.0170274580013938,0.0408896669978275,0.0012045000039506,0.0013489589910022,0.1386150410107802,,,,,,,,,,,,
6,12,Non-random,21.619732699435342,0.203125,0.0055988713150664,0.343818082998041,0.0251145830261521,0.1642794579965993,,,,,,,,,0.343818082998041,0.3438166670093778,1.4159886632114649e-06,0.5332121240207925,,,,,,,0.2386585419881157,0.1044980000006035,0.0006601250206585,,,,,,,,,
6,13,Random Projection,17.597843459906432,1.572916666666667,0.0585277917254828,0.2435846659936942,0.0141175419848877,0.1764007079764269,8.554098894819617e-05,0.0041315419948659,0.0025502500066068,0.0013326669868547,0.0030817080114502,0.000126957980683,2.8375012334436175e-05,0.2322428339975886,0.2435846659936942,0.2435798749793321,4.791014362126589e-06,0.4341029159550089,,,,,,,,,,,,,,,,,,
6,13,Random Sampling,22.765524534733785,0.8802083333333334,0.0232665040642979,0.1952599590003956,0.0141175419848877,0.1546954590012319,,,,,,,,,0.1952599590003956,0.1952548729896079,5.086010787636042e-06,0.3640729599865153,0.0081743339833337,0.0091113329981453,0.04473391600186,0.0036140410229563,0.0013699579867534,0.1282512909965589,,,,,,,,,,,,
6,13,Non-random,21.638794017970316,0.1822916666666666,0.00765,0.3357635000138543,0.0141175419848877,0.1435312500107102,,,,,,,,,0.3357635000138543,0.3357613740081433,2.1260057110339403e-06,0.4934122920094523,,,,,,,0.2541650829953141,0.08056362500065,0.0010326660121791,,,,,,,,,
6,14,Random Projection,17.657464418261725,1.6041666666666663,0.0608756833581795,0.2926774579973425,0.0218545419920701,0.132122042006813,7.829102105461061e-05,0.0140595419798046,0.0012209579872433,0.0052427920163609,0.014029957994353,0.0008695000142324,3.174997982569039e-05,0.2571379590081051,0.2926774579973425,0.2926707500009797,6.707996362820268e-06,0.4466540419962257,,,,,,,,,,,,,,,,,,
6,14,Random Sampling,21.70575133048491,0.7916666666666666,0.0238632109141084,0.2715064169897232,0.0218545419920701,0.147855791990878,,,,,,,,,0.2715064169897232,0.2714994160050992,7.000984624028206e-06,0.4412167509726714,0.0077038330200593,0.0262973749777302,0.0537918749905657,0.0043385000026319,0.0072861250082496,0.1720817080058623,,,,,,,,,,,,
6,14,Non-random,21.45967797185667,0.1979166666666666,0.0064618981825911,0.3403025419975165,0.0218545419920701,0.1774791670031845,,,,,,,,,0.3403025419975165,0.3403005420113913,1.9999861251562834e-06,0.5396362509927712,,,,,,,0.2596704169991426,0.0798993750067893,0.0007307500054594,,,,,,,,,
6,15,Random Projection,18.2527609970359,2.2968750000000004,0.0651514875229102,0.2854493749910034,0.0252093749877531,0.2252458749862853,7.937499321997166e-05,0.0075165829912293,0.0002647090004757,0.0006860420107841,0.001069666002877,6.137500167824328e-05,1.2041011359542608e-05,0.275755458016647,0.2854493749910034,0.285445249028271,4.125962732359767e-06,0.5359046249650419,,,,,,,,,,,,,,,,,,
6,15,Random Sampling,22.386578022758187,0.8697916666666667,0.0205932287921439,0.1934569589793682,0.0252093749877531,0.2395095000101719,,,,,,,,,0.1934569589793682,0.1934509169950615,6.041984306648374e-06,0.4581758339772932,0.00917520900839,0.0136060420190915,0.0482416249869857,0.0012967079819645,0.0013589999871328,0.1197723330114968,,,,,,,,,,,,
6,15,Non-random,21.558789650116868,0.2604166666666667,0.0126353361094586,0.2691660420096013,0.0252093749877531,0.1812381670169998,,,,,,,,,0.2691660420096013,0.2691646260209381,1.4159886632114649e-06,0.4756135840143543,,,,,,,0.1899752920144237,0.0784473750100005,0.0007419589965138,,,,,,,,,
6,16,Random Projection,19.211149545507407,2.526041666666667,0.0717248168847479,0.2849767919979058,0.0240345839993096,0.1498683749814517,0.0001731250085867,0.0033162910258397,0.0004589580057654,0.0063687080109957,0.0050782079924829,0.0001384160132147,3.575001028366387e-05,0.2693979579780716,0.2849767919979058,0.2849674140452407,9.37795266509056e-06,0.4588797509786673,,,,,,,,,,,,,,,,,,
6,16,Random Sampling,23.014365999284763,1.1354166666666663,0.0326370392774722,0.2423202919890172,0.0240345839993096,0.1661603749962523,,,,,,,,,0.2423202919890172,0.242314623988932,5.6680000852793455e-06,0.4325152509845793,0.0065927910036407,0.0184089999820571,0.0551352080074138,0.0017187499906867,0.0033364580012857,0.1571224170038476,,,,,,,,,,,,
6,16,Non-random,21.552799277197593,0.234375,0.0091905381944444,0.3606632919982075,0.0240345839993096,0.2057232079969253,,,,,,,,,0.3606632919982075,0.3606611659924965,2.1260057110339403e-06,0.5904210839944426,,,,,,,0.2718170000007376,0.0881272909755352,0.0007168750162236,,,,,,,,,
6,17,Random Projection,18.306592593815672,1.6354166666666667,0.0628854460022174,0.2878885419922881,0.0232870420149993,0.1634843340143561,8.054199861362576e-05,0.0103148340131156,0.0007571250025648,0.0006047500064596,0.0067926249757874,0.0001458330079913,3.6416982766240835e-05,0.2691495000035502,0.2878885419922881,0.287881625990849,6.9160014390945435e-06,0.4746599180216435,,,,,,,,,,,,,,,,,,
6,17,Random Sampling,21.8547603061138,0.7656249999999999,0.0202143541729816,0.3615827080211602,0.0232870420149993,0.1652426660002675,,,,,,,,,0.3615827080211602,0.3615773739584256,5.334062734618783e-06,0.550112416036427,0.0125685830134898,0.0125087499909568,0.0988414579769596,0.0010976249759551,0.0034522080095484,0.2331087499915156,,,,,,,,,,,,
6,17,Non-random,21.577230985833893,0.1770833333333333,0.0064914494348841,0.343231958016986,0.0232870420149993,0.1337862079963088,,,,,,,,,0.343231958016986,0.3432297490071505,2.209009835496545e-06,0.5003052080282941,,,,,,,0.261085833015386,0.0810650409839581,0.0010788750078063,,,,,,,,,
6,18,Random Projection,17.956925427283135,2.244791666666667,0.0658028198902504,0.2793440420064144,0.0246706250181887,0.135157667013118,7.974999607540667e-05,0.0061361670086625,0.0005521250132005,0.0006882500019855,0.0057842079841066,7.012501009739935e-05,1.2542004697024822e-05,0.2660167079884559,0.2793440420064144,0.2793398750072811,4.1669991333037615e-06,0.4391723340377211,,,,,,,,,,,,,,,,,,
6,18,Random Sampling,22.31961441777075,0.8541666666666667,0.0230384876048743,0.2084014159918297,0.0246706250181887,0.1259496249840594,,,,,,,,,0.2084014159918297,0.2083954179834108,5.998008418828249e-06,0.3590216659940779,0.0100915420043747,0.0138264579873066,0.0679322920041158,0.002417499985313,0.0013702090072911,0.1127574169950094,,,,,,,,,,,,
6,18,Non-random,21.536291740418203,0.1875,0.0069074584226099,0.3718882499961182,0.0246706250181887,0.1724637080042157,,,,,,,,,0.3718882499961182,0.3718862500099931,1.9999861251562834e-06,0.5690225830185227,,,,,,,0.2741746249957941,0.0966261250141542,0.0010855000000447,,,,,,,,,
6,19,Random Projection,18.55745791045756,2.661458333333333,0.0665739236138343,0.2775932499789633,0.0243698749982286,0.1442417920043226,7.837501470930874e-05,0.0046964579960331,0.000489625002956,0.0005103329895064,0.0055325000139418,9.220800711773336e-05,1.3750017387792468e-05,0.2661748749960679,0.2775932499789633,0.2775881240377202,5.12594124302268e-06,0.4462049169815145,,,,,,,,,,,,,,,,,,
6,19,Random Sampling,21.973838174493153,0.6614583333333333,0.0191664833210161,0.2865448329830542,0.0243698749982286,0.1345967079978436,,,,,,,,,0.2865448329830542,0.2865364580065943,8.374976459890604e-06,0.4455114159791264,0.0094235829892568,0.0136858749901875,0.0466175410256255,0.0011923749989364,0.0034862500033341,0.2121308339992538,,,,,,,,,,,,
6,19,Non-random,21.636652841758178,0.2083333333333333,0.0056538942107455,0.403644667007029,0.0243698749982286,0.1376037910231389,,,,,,,,,0.403644667007029,0.4036431239801459,1.5430268831551075e-06,0.5656183330283966,,,,,,,0.2333709579834249,0.1695364580082241,0.0007357079884968,,,,,,,,,
6,20,Random Projection,18.55068190623475,2.0416666666666665,0.0674474747767052,0.2979262080043554,0.0277521249954588,0.1496466670068912,7.937499321997166e-05,0.005417666019639,0.0005394170002546,0.0005435000057332,0.0014951250050216,0.0001132090110331,3.1499977922067046e-05,0.2897017920040525,0.2979262080043554,0.2979215840168763,4.623987479135394e-06,0.4753250000067055,,,,,,,,,,,,,,,,,,
6,20,Random Sampling,22.50974471621124,0.8072916666666666,0.0196277453073463,0.2059022080211434,0.0277521249954588,0.1600650409818627,,,,,,,,,0.2059022080211434,0.2058969989884644,5.209032678976655e-06,0.393719373998465,0.0112865410046651,0.0137638750020414,0.0364745830011088,0.0052509999950416,0.0013723750016652,0.1377486249839421,,,,,,,,,,,,
6,20,Non-random,21.65318300321039,0.140625,0.0042472772069322,0.3158491250069346,0.0277521249954588,0.1153446669923141,,,,,,,,,0.3158491250069346,0.3158474999945611,1.6250123735517263e-06,0.4589459169947076,,,,,,,0.2217290830158163,0.0929612499894574,0.0011571669892873,,,,,,,,,
7,1,Random Projection,16.389152037880418,4.539837398373984,0.0730940428025148,0.3110583329980727,0.0223392500192858,0.0941717500099912,7.88329925853759e-05,0.0134682919888291,0.0005454999918583,0.0033086669864133,0.00331400000141,8.204099140129983e-05,1.45830272231251e-05,0.2902414579875767,0.3110583329980727,0.3110533739672974,4.9590307753533125e-06,0.4275693330273498,,,,,,,,,,,,,,,,,,
7,1,Random Sampling,23.63125396033886,1.865521064301552,0.0295930247505149,0.3853802920202724,0.0223392500192858,0.1430660839832853,,,,,,,,,0.3853802920202724,0.3853739159821998,6.376038072630763e-06,0.5507856260228436,0.0089657499920576,0.0102306670160032,0.0880121659720316,0.0053947909909766,0.0035131250042468,0.2692574170068837,,,,,,,,,,,,
7,1,Non-random,21.29130024757036,0.7353288987435329,0.0236649338374291,0.4377497079840395,0.0223392500192858,0.1356242499896325,,,,,,,,,0.4377497079840395,0.4377465010038577,3.2069801818579435e-06,0.5957132079929579,,,,,,,0.3052048340032343,0.1309660830011125,0.0015755839995108,,,,,,,,,
7,2,Random Projection,16.228097308349817,3.974279379157428,0.0699671205043361,0.3067077499872539,0.0180544159957207,0.152562792005483,0.000143792014569,0.0058520419988781,0.0002750830026343,0.0005581250006798,0.0030335829942487,0.0001315840054303,3.420800203457475e-05,0.2966739169787615,0.3067077499872539,0.3067023339972365,5.415990017354488e-06,0.4773249579884577,,,,,,,,,,,,,,,,,,
7,2,Random Sampling,23.694352872560817,1.8477087952697708,0.0341939646315476,0.2573040419956669,0.0180544159957207,0.1915914170094765,,,,,,,,,0.2573040419956669,0.2573001660057343,3.875989932566881e-06,0.4669498750008642,0.0044606249721255,0.0073361250106245,0.0634150829864665,0.0047413750144187,0.0013884170039091,0.1759585410181898,,,,,,,,,,,,
7,2,Non-random,21.795914916498575,0.6137841832963784,0.0097030373743836,0.3771010419877711,0.0180544159957207,0.3812563339888584,,,,,,,,,0.3771010419877711,0.3770975840161554,3.457971615716815e-06,0.7764117919723503,,,,,,,0.267879291990539,0.1070720420102588,0.0021462500153575,,,,,,,,,
7,3,Random Projection,16.0639357361315,3.2525129342202512,0.0673507068398471,0.3689209590083919,0.0512634170008823,0.7338399160071276,0.0016007910016924,0.0174061249999795,0.0026919159863609,0.0214853330107871,0.0021304590045474,0.0001660830166656,3.658398054540157e-05,0.3233938330085948,0.3689209590083919,0.3689111240091733,9.834999218583109e-06,1.154024292016402,,,,,,,,,,,,,,,,,,
7,3,Random Sampling,24.047438033014057,1.7686252771618625,0.0270337197699699,0.3458257500024047,0.0512634170008823,0.1274208750110119,,,,,,,,,0.3458257500024047,0.3458197479776572,6.002024747431278e-06,0.524510042014299,0.0056175409990828,0.0101127910020295,0.0834886659868061,0.0017316250014118,0.0013596669887192,0.2435094579996075,,,,,,,,,,,,
7,3,Non-random,21.36479974062631,0.6012564671101256,0.0192684949526723,0.5010265409946442,0.0512634170008823,0.1426750840037129,,,,,,,,,0.5010265409946442,0.5010242919961456,2.248998498544097e-06,0.6949650419992395,,,,,,,0.270332292013336,0.2296233749948442,0.0010686249879654,,,,,,,,,
7,4,Random Projection,16.39037687900949,3.7804138950480417,0.0745705141899277,0.3180127920059021,0.0237254160165321,0.1557001249748282,8.358299965038896e-05,0.007810667011654,0.0005809160065837,0.0005705000075977,0.0047881249920465,0.000165665987879,3.5833014408126473e-05,0.3039714579936117,0.3180127920059021,0.3180067480134312,6.043992470949888e-06,0.4974383329972625,,,,,,,,,,,,,,,,,,
7,4,Random Sampling,24.135736087738504,2.132889874353289,0.0313956543293358,0.2998699579911772,0.0237254160165321,0.1411362079961691,,,,,,,,,0.2998699579911772,0.2998638749995734,6.082991603761911e-06,0.4647315820038784,0.0105346250056754,0.0205668749986216,0.0680266249983105,0.0010886670206673,0.005197374994168,0.1944497079821303,,,,,,,,,,,,
7,4,Non-random,21.466007432181872,0.7354767184035477,0.0107525282569898,0.5554345839773305,0.0237254160165321,0.3022348340018652,,,,,,,,,0.5554345839773305,0.5554320410010405,2.542976289987564e-06,0.8813948339957278,,,,,,,0.3382877499971073,0.2160684999835211,0.0010757910204119,,,,,,,,,
7,5,Random Projection,16.503241638700306,4.045861049519585,0.0771757839097626,0.3213834170019254,0.0290871250035706,0.1952393749961629,9.183399379253387e-05,0.0038722500030416,0.0053427919920068,0.0017266249924432,0.0040067080117296,9.57080046646297e-05,1.662501017563045e-05,0.3062228749913629,0.3213834170019254,0.3213754169992171,8.000002708286047e-06,0.545709917001659,,,,,,,,,,,,,,,,,,
7,5,Random Sampling,25.060851955612655,2.254767184035477,0.0393654949051562,0.3780595000134781,0.0290871250035706,0.2041395420092158,,,,,,,,,0.3780595000134781,0.3780550000374205,4.499976057559252e-06,0.6112861670262646,0.0052605000091716,0.0204784580273553,0.077393084007781,0.0016969580028671,0.001354749983875,0.2718712500063702,,,,,,,,,,,,
7,5,Non-random,21.254173483743312,0.6927568366592757,0.0126860052350389,0.5158696669968776,0.0290871250035706,0.1378115000261459,,,,,,,,,0.5158696669968776,0.5158670829841867,2.5840126909315586e-06,0.6827682920265943,,,,,,,0.2458387079823296,0.2689114589884411,0.0011169160134159,,,,,,,,,
7,6,Random Projection,16.441324481677434,3.3364375461936433,0.0697455552845993,0.3109071250073612,0.0247554590168874,0.1551898749894462,0.0001478329941164,0.0125049579946789,0.0002586669870652,0.0010025830124504,0.001182832987979,7.383301272056997e-05,1.462499494664371e-05,0.2957171250018291,0.3109071250073612,0.3109024569857865,4.668021574616432e-06,0.4908524590136949,,,,,,,,,,,,,,,,,,
7,6,Random Sampling,24.69417663647861,1.950480413895048,0.03552855867163,0.4917113329865969,0.0247554590168874,0.1503799999773036,,,,,,,,,0.4917113329865969,0.4917057080019731,5.624984623864293e-06,0.6668467919807881,0.0122822499834001,0.0223434579966124,0.1706838750105817,0.0052358749962877,0.0038198750116862,0.2773403750034049,,,,,,,,,,,,
7,6,Non-random,21.276017275000548,0.6317073170731707,0.0219290493624542,0.478808374988148,0.0247554590168874,0.1490854999865405,,,,,,,,,0.478808374988148,0.4788068759953603,1.4989927876740694e-06,0.652649333991576,,,,,,,0.2689306669926736,0.2091391249850858,0.0007370840176008,,,,,,,,,
7,7,Random Projection,16.629968870503106,4.0524020694752405,0.0690368537970509,0.2908591250015888,0.0306579169991891,0.1679736250080168,0.0001516669872216,0.0136507500137668,0.0008792919979896,0.0027273329906165,0.0044655420060735,8.508298196829855e-05,1.45830272231251e-05,0.2688797079899814,0.2908591250015888,0.290853957994841,5.1670067477971315e-06,0.4894906670087948,,,,,,,,,,,,,,,,,,
7,7,Random Sampling,24.278506549690796,1.865668883961567,0.036751737850856,0.2536417079973034,0.0306579169991891,0.1545816250145435,,,,,,,,,0.2536417079973034,0.2536362919781822,5.416019121184945e-06,0.4388812500110362,0.0058029170031659,0.0093504999822471,0.0702262920094654,0.001089083001716,0.0013582079845946,0.1658092919969931,,,,,,,,,,,,
7,7,Non-random,21.33095793195429,0.753769401330377,0.0193632653061224,0.3776460000080988,0.0306579169991891,0.1668921670061536,,,,,,,,,0.3776460000080988,0.3776444989489391,1.5010591596364975e-06,0.5751960840134416,,,,,,,0.2520111249759793,0.1248687909974251,0.0007645829755347,,,,,,,,,
7,8,Random Projection,16.189939101912493,4.076570583887657,0.0671466240628135,0.2985703329904936,0.0293316250026691,0.1377860000065993,8.49170028232038e-05,0.0061696250049863,0.0005742920038755,0.0005589580105151,0.0034258750092703,0.0001205829903483,3.825000021606684e-05,0.2875932920142077,0.2985703329904936,0.2985657920362428,4.540954250842333e-06,0.4656879579997621,,,,,,,,,,,,,,,,,,
7,8,Random Sampling,24.78266442538085,2.1817812269031784,0.0389767632296537,0.3808372920029796,0.0293316250026691,0.2883254170010332,,,,,,,,,0.3808372920029796,0.3808319580275565,5.333975423127413e-06,0.698494334006682,0.0118645830079913,0.0127342090127058,0.0755760830070357,0.0024956660054158,0.0013696249807253,0.2767917920136824,,,,,,,,,,,,
7,8,Non-random,21.277183863409952,0.6378787878787879,0.0162853527581136,0.3430416670162231,0.0293316250026691,0.1788812919985503,,,,,,,,,0.3430416670162231,0.3430393340240698,2.3329921532422304e-06,0.5512545840174425,,,,,,,0.2459310000122059,0.0963702920125797,0.0007380419992841,,,,,,,,,
7,9,Random Projection,16.82454137929825,3.9270509977827057,0.071329285949999,0.3184682919818442,0.0272840000106953,0.1609054589935112,0.0016810000233817,0.0098869590146932,0.0008783749944996,0.0010773749963846,0.0021695840114261,0.0001193329808302,3.783401916734874e-05,0.3026124589960091,0.3184682919818442,0.3184629190363921,5.372945452108979e-06,0.5066577509860508,,,,,,,,,,,,,,,,,,
7,9,Random Sampling,23.605282131523893,1.8356245380635623,0.0260829248272863,0.3827543339866679,0.0272840000106953,0.1814534580043982,,,,,,,,,0.3827543339866679,0.3827489180257544,5.415960913524032e-06,0.5914917920017615,0.0051764590025413,0.0193143340002279,0.07331920901197,0.0017456669884268,0.0036703330115415,0.2795229160110466,,,,,,,,,,,,
7,9,Non-random,21.355107730571635,0.4863636363636363,0.0071641148840044,0.3401319589756895,0.0272840000106953,0.2342092090111691,,,,,,,,,0.3401319589756895,0.3401286670414265,3.2919342629611492e-06,0.601625167997554,,,,,,,0.2639353750273585,0.0723041250021196,0.0038891670119483,,,,,,,,,
7,10,Random Projection,16.64554110930884,4.186881005173688,0.0729262159841546,0.2900302500056568,0.0258162920072209,0.1528077909897547,8.487497689202428e-05,0.0062140829977579,0.0002585420152172,0.0012130000104662,0.0017844999965745,7.199999527074397e-05,1.4249992091208696e-05,0.2803839160187635,0.2900302500056568,0.2900251660030335,5.084002623334527e-06,0.4686543330026325,,,,,,,,,,,,,,,,,,
7,10,Random Sampling,24.48041587320238,1.9931633407243163,0.029295535585547,0.343744334008079,0.0258162920072209,0.2139048750104848,,,,,,,,,0.343744334008079,0.3437381649564486,6.169051630422473e-06,0.5834655010257848,0.0131646249792538,0.0136498750071041,0.0777737909811548,0.0038558749947696,0.003971415979322,0.2313225830148439,,,,,,,,,,,,
7,10,Non-random,21.357465861903,0.6861788617886178,0.0241299436643884,0.3607353749976028,0.0258162920072209,0.1970755000074859,,,,,,,,,0.3607353749976028,0.3607336659915745,1.7090060282498598e-06,0.5836271670123097,,,,,,,0.2544195409864187,0.1056474999932106,0.0006666250119451,,,,,,,,,
7,11,Random Projection,16.08943454996151,3.457871396895787,0.0705974592711178,0.2895955000130925,0.0345159169810358,0.2919263750081882,9.129199315793812e-05,0.0070035419776104,0.0002686670050024,0.0014402089873328,0.0041749590018298,8.300002082251012e-05,1.6207981389015913e-05,0.2765129159961361,0.2895955000130925,0.2895907929632813,4.707049811258912e-06,0.6160377920023166,,,,,,,,,,,,,,,,,,
7,11,Random Sampling,24.243012187800453,2.2669992609017,0.0401567874410459,0.4118147080007475,0.0345159169810358,0.2276295830088202,,,,,,,,,0.4118147080007475,0.4118074169673491,7.291033398360014e-06,0.6739602079906035,0.0074546670075505,0.0110349579772446,0.0993737500102724,0.0015426249883603,0.0034850839874707,0.2889163329964503,,,,,,,,,,,,
7,11,Non-random,21.56785916523476,0.7475240206947523,0.0239011696073665,0.4862791250052396,0.0345159169810358,0.206520832987735,,,,,,,,,0.4862791250052396,0.4862777929811273,1.332024112343788e-06,0.7273158749740105,,,,,,,0.3409565420006402,0.1446685419941786,0.0006527089863084,,,,,,,,,
7,12,Random Projection,16.71466775472065,4.138137472283814,0.0721759213993493,0.316429500002414,0.0228085829876363,0.2657398339943029,8.441699901595712e-05,0.0115768329997081,0.0002862499968614,0.0029500829987227,0.0010402080079074,6.587500683963299e-05,1.5042023733258247e-05,0.3004070000024512,0.316429500002414,0.3164257080352399,3.791967174038291e-06,0.6049779169843532,,,,,,,,,,,,,,,,,,
7,12,Random Sampling,23.732946764579385,1.7992239467849225,0.0296970358162551,0.2985540420049801,0.0228085829876363,0.1854322080034762,,,,,,,,,0.2985540420049801,0.2985468330152798,7.208989700302482e-06,0.5067948329960927,0.0102797080180607,0.0122455410019028,0.0715137919760309,0.0042830840102396,0.0016053330036811,0.1986193750053644,,,,,,,,,,,,
7,12,Non-random,21.473660692068737,0.485920177383592,0.0082828904620225,0.3581212499993853,0.0228085829876363,0.1607122919813264,,,,,,,,,0.3581212499993853,0.3581190829863772,2.167013008147478e-06,0.5416421249683481,,,,,,,0.2577627499995287,0.0996115829912014,0.0007447499956469,,,,,,,,,
7,13,Random Projection,16.373245169369447,3.6021064301552106,0.071063712859421,0.3136063330166507,0.0239926250069402,0.1284114999871235,0.0001505000109318,0.00835137499962,0.0024217499885708,0.0055480830196756,0.0013757499982602,8.941700798459351e-05,1.5249999705702066e-05,0.2956477910047397,0.3136063330166507,0.3135999160294886,6.416987162083387e-06,0.4660104580107145,,,,,,,,,,,,,,,,,,
7,13,Random Sampling,23.397864235089948,1.8590169992609016,0.0307477897838465,0.3638534579949919,0.0239926250069402,0.1345991670095827,,,,,,,,,0.3638534579949919,0.3638459999929182,7.458002073690295e-06,0.5224452500115149,0.009526707988698,0.0078780000039841,0.0745932499994523,0.0011962499993387,0.0032959170057438,0.267355874995701,,,,,,,,,,,,
7,13,Non-random,21.335209941108705,0.7046932742054693,0.0134495970405602,0.4246773750055581,0.0239926250069402,0.1162291249784175,,,,,,,,,0.4246773750055581,0.4246751670143567,2.207991201430559e-06,0.5648991249909159,,,,,,,0.307549667020794,0.1159325420157983,0.0011929579777643,,,,,,,,,
7,14,Random Projection,16.508152968862184,4.034035476718404,0.0719028983054027,0.2894617499841843,0.0235946659813635,0.1862520000140648,8.262498886324465e-05,0.0040225409902632,0.0002610000083222,0.0010662499989848,0.0022034589783288,0.0001180419931188,4.029198316857219e-05,0.281662666995544,0.2894617499841843,0.2894568759365938,4.87404759041965e-06,0.4993084159796126,,,,,,,,,,,,,,,,,,
7,14,Random Sampling,24.21519534136908,1.902032520325203,0.0296744301581496,0.2339888749993406,0.0235946659813635,0.22704708299716,,,,,,,,,0.2339888749993406,0.2339832499565091,5.6250428315252066e-06,0.4846306239778641,0.0076552079990506,0.0127939999802038,0.0646963750186842,0.0015641669742763,0.0036311250005383,0.1436423749837558,,,,,,,,,,,,
7,14,Non-random,21.45712021670781,0.61359940872136,0.0186705624543462,0.5320835419988725,0.0235946659813635,0.200757333979709,,,,,,,,,0.5320835419988725,0.5320819579937961,1.5840050764381886e-06,0.7564355419599451,,,,,,,0.3087855000048876,0.2225483749934937,0.0007480829954147,,,,,,,,,
7,15,Random Projection,16.497220593965043,4.233887657058389,0.0740946420756318,0.3061510830011684,0.0141175840108189,0.1491575829859357,7.916701724752784e-05,0.0081617920077405,0.0005740420019719,0.0020349580154288,0.0035087500000372,0.0001431250129826,4.108401481062174e-05,0.2916014159854967,0.3061510830011684,0.3061443340557161,6.748945452272892e-06,0.4694262499979231,,,,,,,,,,,,,,,,,,
7,15,Random Sampling,23.247119033817626,1.883887657058389,0.0322785454850434,0.3733782909985166,0.0141175840108189,0.1595498750102706,,,,,,,,,0.3733782909985166,0.3733722910110373,5.999987479299307e-06,0.5470457500196062,0.0087142499978654,0.0168735409970395,0.0667928330076392,0.0064783749985508,0.0034254170022904,0.2710878750076517,,,,,,,,,,,,
7,15,Non-random,21.63339207648221,0.6257945306725794,0.0110054168318139,0.6456950410210993,0.0141175840108189,0.3880648330086842,,,,,,,,,0.6456950410210993,0.6456925430102274,2.4980108719319105e-06,1.0478774580406025,,,,,,,0.3806052920117508,0.2640098340052645,0.0010774169932119,,,,,,,,,
7,16,Random Projection,16.54814478482563,3.9216925351071694,0.0701477380703101,0.3277601249865256,0.0304269589832983,0.2420486250193789,0.0001412500278092,0.0046975830045994,0.0005297499883454,0.0035521670070011,0.0019141670200042,0.000137541006552,3.470800584182143e-05,0.3167450829932932,0.3277601249865256,0.3277522490534466,7.875933079048991e-06,0.600235708989203,,,,,,,,,,,,,,,,,,
7,16,Random Sampling,23.510404143172288,1.774648928307465,0.0281497028648988,0.3594015410053544,0.0304269589832983,0.2710153340012766,,,,,,,,,0.3594015410053544,0.3593935429817065,7.998023647814989e-06,0.6608438339899294,0.0068032499984838,0.0094143330061342,0.0671963339846115,0.0046717500081285,0.00353745900793,0.2677704169764183,,,,,,,,,,,,
7,16,Non-random,21.255170643585767,0.5467849223946785,0.0154645873944119,0.5176249579817522,0.0304269589832983,0.1973597080213949,,,,,,,,,0.5176249579817522,0.5176215410174336,3.416964318603277e-06,0.7454116249864455,,,,,,,0.2781278750044293,0.2388387499959208,0.0006549160170834,,,,,,,,,
7,17,Random Projection,16.284605383674226,4.173466371027347,0.0672383328486868,0.3104986250109505,0.0247747499961406,0.1557949999987613,8.466601138934493e-05,0.0088287079997826,0.0005832499882671,0.0013329579960554,0.0012184169900137,7.695800741203129e-05,1.5541998436674476e-05,0.2983545419992879,0.3104986250109505,0.310495040990645,3.5840203054249287e-06,0.4910683750058524,,,,,,,,,,,,,,,,,,
7,17,Random Sampling,24.905129633579797,2.0478935698447893,0.035206316248159,0.3911497910157777,0.0247747499961406,0.1514921250054612,,,,,,,,,0.3911497910157777,0.3911425410187803,7.2499969974160194e-06,0.5674166660173796,0.0075188330083619,0.0097997499979101,0.0925690000003669,0.0022609579900745,0.0037094580184202,0.2752845420036465,,,,,,,,,,,,
7,17,Non-random,21.70482917265564,0.6807464892830746,0.009491617090319,0.3684603750007227,0.0247747499961406,0.1322155419911723,,,,,,,,,0.3684603750007227,0.3684583750437014,1.9999570213258262e-06,0.5254506669880357,,,,,,,0.243772625020938,0.1235300000116694,0.0011557500110939,,,,,,,,,
7,18,Random Projection,15.471290126482858,2.862564671101256,0.0652806224188673,0.3030507499934174,0.0229874590004328,0.1560992500162683,8.154098759405315e-05,0.0029160410049371,0.0002353749878238,0.0005673750129062,0.0054542500001844,8.845800766721368e-05,1.5375000657513738e-05,0.293688417004887,0.3030507499934174,0.3030468320066575,3.917986759915948e-06,0.4821374590101186,,,,,,,,,,,,,,,,,,
7,18,Random Sampling,24.27625207456942,2.1080931263858096,0.038068997036487,0.3496457499859389,0.0229874590004328,0.1324041670013684,,,,,,,,,0.3496457499859389,0.3496378750132862,7.874972652643919e-06,0.5050373759877402,0.0102864159853197,0.0117737920081708,0.0720027089992072,0.004982958023902,0.001518125005532,0.2490738749911543,,,,,,,,,,,,
7,18,Non-random,21.322069973314072,0.4495565410199556,0.0102324263038548,0.4190072500205133,0.0229874590004328,0.183188875002088,,,,,,,,,0.4190072500205133,0.4190055840008426,1.666019670665264e-06,0.6251835840230342,,,,,,,0.2631487920007203,0.1547066250059288,0.0011501669941935,,,,,,,,,
7,19,Random Projection,17.000363830933228,4.671877309682188,0.0748009465436808,0.3391932910017203,0.0262731660041026,0.1359506250009872,8.33340163808316e-05,0.0509314589726273,0.000668124994263,0.003882833989337,0.0027043750160373,0.0001232910144608,3.4249998861923814e-05,0.280760208988795,0.3391932910017203,0.3391878769907634,5.4140109568834305e-06,0.5014170820068102,,,,,,,,,,,,,,,,,,
7,19,Random Sampling,25.281830998841468,2.169586104951959,0.0380119489831244,0.3905250410025473,0.0262731660041026,0.1624268750019837,,,,,,,,,0.3905250410025473,0.3905207479838282,4.293018719181418e-06,0.5792250820086338,0.009674625005573,0.0109870409942232,0.0857134579855483,0.00196891601081,0.001341291994322,0.2808354159933515,,,,,,,,,,,,
7,19,Non-random,21.487578943201964,0.613340724316334,0.0127834467120181,0.4700837090204004,0.0262731660041026,0.2386161670146975,,,,,,,,,0.4700837090204004,0.4700822920131031,1.4170072972774506e-06,0.7349730420392007,,,,,,,0.3522419579967391,0.1171091670112218,0.0007311670051421,,,,,,,,,
7,20,Random Projection,16.822736969767053,4.0638580931263855,0.0713684277777674,0.2941280830127653,0.0199230829894077,0.2363338329887483,8.362499647773802e-05,0.0080292500206269,0.0002800420043058,0.0004802089824806,0.0036530830257106,8.095800876617432e-05,1.491699367761612e-05,0.2815016669919714,0.2941280830127653,0.2941237510240171,4.331988748162985e-06,0.5503849989909213,,,,,,,,,,,,,,,,,,
7,20,Random Sampling,23.815170616371216,1.871212121212121,0.0326264447572964,0.3417394169955514,0.0199230829894077,0.2275429999863263,,,,,,,,,0.3417394169955514,0.3417327089409809,6.708054570481181e-06,0.5892054999712855,0.0084821669734083,0.0144182920048478,0.1025088329915888,0.0041989579913206,0.001616916997591,0.2105075419822242,,,,,,,,,,,,
7,20,Non-random,21.57245997699841,0.5042867701404287,0.010080591887964,0.3769040420011151,0.0199230829894077,0.2388595830125268,,,,,,,,,0.3769040420011151,0.3769024580251425,1.5839759726077318e-06,0.6356867080030497,,,,,,,0.2513259580009617,0.124937000015052,0.0006395000091288,,,,,,,,,
8,1,Random Projection,15.779165760113104,5.833333333333333,0.0736960537556283,0.3108533330087084,0.0219151669880375,0.1518859170028008,8.766699465923011e-05,0.0041354589920956,0.0005561669822782,0.008538458001567,0.0018397919775452,8.904098649509251e-05,1.737498678267002e-05,0.2955837080080528,0.3108533330087084,0.3108476669294759,5.666079232469201e-06,0.4846544169995468,,,,,,,,,,,,,,,,,,
8,1,Random Sampling,25.61882447519463,3.868055555555556,0.0446598791067729,0.4250837910221889,0.0219151669880375,0.1600744159950409,,,,,,,,,0.4250837910221889,0.4250790819933172,4.70902887172997e-06,0.6070733740052674,0.0119871250062715,0.0085794159967917,0.098445832991274,0.0010199999960605,0.0013550000148825,0.3036917079880368,,,,,,,,,,,,
8,1,Non-random,21.067528395112824,1.5486111111111112,0.0286734086853063,0.5655785830167588,0.0219151669880375,0.1884022079757414,,,,,,,,,0.5655785830167588,0.5655764580296818,2.1249870769679542e-06,0.7758959579805378,,,,,,,0.290837750013452,0.2739258330257144,0.0008128749905154,,,,,,,,,
8,2,Random Projection,14.788923232592188,5.847222222222221,0.082772657651113,0.2985721660079434,0.024373791005928,0.1464737500064075,0.0001021249918267,0.0109904579876456,0.0007942499942146,0.0036373339826241,0.0012879999994765,8.566598990000784e-05,1.4375022146850824e-05,0.2816537499893456,0.2985721660079434,0.2985659579571802,6.208050763234496e-06,0.469419707020279,,,,,,,,,,,,,,,,,,
8,2,Random Sampling,25.629130681678035,4.729166666666666,0.0407156064702451,0.4579781249922234,0.024373791005928,0.1739996670221444,,,,,,,,,0.4579781249922234,0.4579734590370208,4.665955202654004e-06,0.656351583020296,0.0055597499886062,0.0075665000185836,0.1584411250078119,0.0022258340031839,0.0013880830083508,0.2827921670104842,,,,,,,,,,,,
8,2,Non-random,21.277747858880712,1.4791666666666667,0.0265564738292011,0.4701854160230141,0.024373791005928,0.2748122499906458,,,,,,,,,0.4701854160230141,0.4701831249985844,2.2910244297236204e-06,0.769371457019588,,,,,,,0.2845096249948255,0.1821492500021122,0.0035242500016465,,,,,,,,,
8,3,Random Projection,15.124581004837832,6.041666666666667,0.0745513724606602,0.2969472499971743,0.0191729579819366,0.2408024999895133,8.7958003859967e-05,0.0067132909898646,0.0003829589986708,0.0019960420031566,0.0011859590013045,9.566699736751616e-05,2.416700590401888e-05,0.2864554159750696,0.2969472499971743,0.2969414589751977,5.791021976619959e-06,0.5569227079686243,,,,,,,,,,,,,,,,,,
8,3,Random Sampling,25.512375246987325,3.7569444444444446,0.0397028756389969,0.3253351250023115,0.0191729579819366,0.174021459009964,,,,,,,,,0.3253351250023115,0.3253291649743914,5.9600279200822115e-06,0.5185295419942122,0.0093496659828815,0.0139163330022711,0.0777874169871211,0.0035700830048881,0.001498832978541,0.2192068330186884,,,,,,,,,,,,
8,3,Non-random,21.338923979796167,1.6666666666666663,0.0287279895753282,0.5200344999902882,0.0191729579819366,0.1534149590006563,,,,,,,,,0.5200344999902882,0.520032498985529,2.001004759222269e-06,0.6926224169728812,,,,,,,0.2453840420057531,0.273928665992571,0.0007197909872047,,,,,,,,,
8,4,Random Projection,15.028383084268349,5.576388888888889,0.0781603488761599,0.3034909580019302,0.0301741670118644,0.1573371249833144,8.99589795153588e-05,0.0036804999981541,0.000308958988171,0.0033100830041803,0.0010472089925315,6.320900865830481e-05,1.316700945608318e-05,0.2949734580179211,0.3034909580019302,0.3034865439985879,4.4140033423900604e-06,0.4910022499971092,,,,,,,,,,,,,,,,,,
8,4,Random Sampling,25.38986099840777,4.625,0.0346557231151758,0.4189475419989321,0.0301741670118644,0.1623590000090189,,,,,,,,,0.4189475419989321,0.4189420829643495,5.4590345825999975e-06,0.6114807090198155,0.0066761659982148,0.0162736669881269,0.0842382089758757,0.0057330830022692,0.0031832910026423,0.3028376669972203,,,,,,,,,,,,
8,4,Non-random,21.32528270102972,1.4791666666666663,0.0223833957023263,0.3916774170065764,0.0301741670118644,0.1763821660133544,,,,,,,,,0.3916774170065764,0.3916752079967409,2.209009835496545e-06,0.5982337500317954,,,,,,,0.2454748750024009,0.143722541979514,0.0024777910148259,,,,,,,,,
8,5,Random Projection,15.000470276047276,5.180555555555555,0.0797811343674092,0.3294053339923266,0.0283700420113746,0.1594253329967614,8.6499989265576e-05,0.0088496669777669,0.0011747080134227,0.0027362919936422,0.0019159159855917,0.0001320000155828,3.520798054523766e-05,0.3144699170079548,0.3294053339923266,0.3294002079637721,5.1260285545140505e-06,0.5172007090004627,,,,,,,,,,,,,,,,,,
8,5,Random Sampling,25.76828385773088,4.9444444444444455,0.0388776223521166,0.4316075840033591,0.0283700420113746,0.1840447080030571,,,,,,,,,0.4316075840033591,0.4316018329991493,5.75100420974195e-06,0.6440223340177909,0.009426375007024,0.0073367500153835,0.140857499995036,0.0010747500055003,0.0032540829852223,0.2696523749909829,,,,,,,,,,,,
8,5,Non-random,21.1033344759513,1.5069444444444444,0.0260375674469552,0.4657160420028958,0.0283700420113746,0.3165687499858904,,,,,,,,,0.4657160420028958,0.4657144580269232,1.5839759726077318e-06,0.8106548340001609,,,,,,,0.2873549580108374,0.1776078330003656,0.0007516670157201,,,,,,,,,
8,6,Random Projection,16.00428516994331,5.708333333333334,0.0795189691653566,0.288352041010512,0.0141351250058505,0.3468066659988835,9.979101014323533e-05,0.0032935409981291,0.0005458329978864,0.0035179579863324,0.0016006670193746,0.0001315420086029,3.462500171735883e-05,0.2791217080084607,0.288352041010512,0.288345665030647,6.37597986496985e-06,0.6492938320152462,,,,,,,,,,,,,,,,,,
8,6,Random Sampling,25.74453627812941,4.666666666666668,0.0432179476117791,0.49805316599668,0.0141351250058505,0.1998398750147316,,,,,,,,,0.49805316599668,0.4980478329816833,5.333014996722341e-06,0.7120281660172623,0.0095499169838149,0.014481166988844,0.1626213749987073,0.0019437499868217,0.0075684580078814,0.3018831660156138,,,,,,,,,,,,
8,6,Non-random,21.447894012837835,1.729166666666667,0.0316308864265928,0.5430324999906588,0.0141351250058505,0.1976863750023767,,,,,,,,,0.5430324999906588,0.5430300000007264,2.4999899324029684e-06,0.7548539999988861,,,,,,,0.2631857499945909,0.2787426249997224,0.001101625006413,,,,,,,,,
8,7,Random Projection,14.84185774078764,5.965277777777779,0.0734270041866565,0.3284741670067888,0.0195574579993262,0.1597524590033572,8.70829971972853e-05,0.0106636669952422,0.0003685420088004,0.0007643330027349,0.0011719999893102,0.000136749993544,4.391599213704467e-05,0.315232583991019,0.3284741670067888,0.3284688749699853,5.2920368034392595e-06,0.5077840840094723,,,,,,,,,,,,,,,,,,
8,7,Random Sampling,25.48803739989203,4.736111111111111,0.0445625972415118,0.4673363330075517,0.0195574579993262,0.1817228749860078,,,,,,,,,0.4673363330075517,0.4673306249605957,5.708046955987811e-06,0.6686166659928858,0.017328791989712,0.0070130829990375,0.1327779999992344,0.0043447919888421,0.0036467499739956,0.3022192080097738,,,,,,,,,,,,
8,7,Non-random,21.258094992573103,1.4236111111111112,0.021663379355687,0.4627359590085689,0.0195574579993262,0.2581238749844488,,,,,,,,,0.4627359590085689,0.4627343750034924,1.5840050764381886e-06,0.740417291992344,,,,,,,0.3227211250050459,0.1392301250016316,0.0007831249968148,,,,,,,,,
8,8,Random Projection,14.949677210773231,5.652777777777777,0.0760632294966856,0.2692499159893486,0.0131700829952023,0.1784209170145914,8.762499783188105e-05,0.0091682499914895,0.0015843329892959,0.0010075409954879,0.0014105830050539,0.000136457994813,3.1750008929520845e-05,0.2558174169971607,0.2692499159893486,0.2692439569800626,5.959009286016226e-06,0.4608409159991424,,,,,,,,,,,,,,,,,,
8,8,Random Sampling,25.83363193871051,4.451388888888889,0.0347042785042355,0.4830733749840874,0.0131700829952023,0.2090805839980021,,,,,,,,,0.4830733749840874,0.4830662939639296,7.081020157784224e-06,0.7053240419772919,0.0106937089876737,0.0071233749913517,0.1934945000102743,0.0012512919784057,0.0035417090111877,0.2669617089850362,,,,,,,,,,,,
8,8,Non-random,21.39839681899343,2.270833333333333,0.0449052355038468,0.5271574590005912,0.0131700829952023,0.1519944170140661,,,,,,,,,0.5271574590005912,0.5271553319762461,2.127024345099926e-06,0.6923219590098597,,,,,,,0.2314079999923706,0.2950031659856904,0.000744165998185,,,,,,,,,
8,9,Random Projection,14.656576587416652,5.277777777777778,0.0724121322603033,0.3009097079921048,0.0240208750183228,0.1332690000126604,8.308302494697273e-05,0.0090634159860201,0.000325208005961,0.0008526660094503,0.003343041986227,6.479199510067701e-05,1.44589866977185e-05,0.287159250001423,0.3009097079921048,0.3009059159958269,3.791996277868748e-06,0.458199583023088,,,,,,,,,,,,,,,,,,
8,9,Random Sampling,25.7249208407884,3.604166666666667,0.0414784116454395,0.4181045840086881,0.0240208750183228,0.1656797499745153,,,,,,,,,0.4181045840086881,0.4181000819953624,4.502013325691223e-06,0.6078052090015262,0.0090072919847443,0.0126443330082111,0.078370040981099,0.0016795420087873,0.0013867910020053,0.3150120830105152,,,,,,,,,,,,
8,9,Non-random,21.26781211546321,1.6527777777777777,0.036734693877551,0.4594278750009835,0.0240208750183228,0.193195875006495,,,,,,,,,0.4594278750009835,0.4594264999905135,1.3750104699283838e-06,0.6766446250258014,,,,,,,0.2410504999861586,0.2176355840056203,0.0007404159987345,,,,,,,,,
8,10,Random Projection,15.159739167174497,5.576388888888889,0.0728325026152095,0.284244459006004,0.0168282079976052,0.1387162079918198,9.4832998001948e-05,0.0061031660006847,0.0010114579927176,0.0008238330192398,0.0046365000016521,0.0001490410068072,4.712500958703458e-05,0.2713731249968987,0.284244459006004,0.2842390810255892,5.377980414777994e-06,0.439788874995429,,,,,,,,,,,,,,,,,,
8,10,Random Sampling,25.68207127366803,4.340277777777778,0.0307050200428802,0.3941020840138662,0.0168282079976052,0.1882377080037258,,,,,,,,,0.3941020840138662,0.3940963750064838,5.709007382392883e-06,0.5991680000151973,0.0138225840055383,0.0189110409992281,0.0686509590013884,0.0057174579997081,0.0013924580125603,0.2856018749880604,,,,,,,,,,,,
8,10,Non-random,21.36280752476742,1.5208333333333337,0.0287477887763935,0.4743449579982552,0.0168282079976052,0.1497051249898504,,,,,,,,,0.4743449579982552,0.47434366698144,1.2910168152302504e-06,0.6408782909857109,,,,,,,0.2256495420006103,0.2479467499942984,0.0007473749865312,,,,,,,,,
8,11,Random Projection,14.943793316597125,5.763888888888889,0.0755518867067128,0.3225643340265378,0.0242707500001415,0.1516295830078888,8.462500409223139e-05,0.0062268330075312,0.0005761659995187,0.0007934999885037,0.0066497499938122,0.0002100830024573,4.4249987695366144e-05,0.3079728750162758,0.3225643340265378,0.3225580819998868,6.252026651054621e-06,0.4984646670345682,,,,,,,,,,,,,,,,,,
8,11,Random Sampling,24.976645452897472,3.4652777777777777,0.0324349786977008,0.4167149160057306,0.0242707500001415,0.2007560419733636,,,,,,,,,0.4167149160057306,0.4167102919891476,4.624016582965851e-06,0.6417417079792358,0.0076904579764232,0.0205591249978169,0.0872890840109903,0.001169958995888,0.0013447910023387,0.2986568750056904,,,,,,,,,,,,
8,11,Non-random,21.283140482175178,1.1458333333333333,0.014554419284149,0.497808874992188,0.0242707500001415,0.1727034999930765,,,,,,,,,0.497808874992188,0.4978076249826699,1.2500095181167126e-06,0.6947831249854062,,,,,,,0.2451414579991251,0.2519986669940408,0.0006674999895039,,,,,,,,,
8,12,Random Projection,14.998800119508306,5.770833333333333,0.0778938883601018,0.3113631670130417,0.0172657499788329,0.1642281249805819,9.754201164469124e-05,0.0073265839891973,0.0004404589999467,0.0005792910233139,0.0061784169811289,9.729200974106789e-05,2.379098441451788e-05,0.296616334002465,0.3113631670130417,0.3113597100018523,3.4570111893117428e-06,0.4928570419724565,,,,,,,,,,,,,,,,,,
8,12,Random Sampling,25.436670118722656,4.180555555555555,0.0390937229614919,0.4059419590048492,0.0172657499788329,0.2224167079839389,,,,,,,,,0.4059419590048492,0.4059364150161855,5.543988663703203e-06,0.6456244169676211,0.006007000018144,0.010184582992224,0.0842856660019606,0.0014081250119488,0.0031932079873513,0.3008578330045566,,,,,,,,,,,,
8,12,Non-random,21.092027747076425,1.472222222222222,0.0201351097766935,0.5024307919957209,0.0172657499788329,0.1464580409810878,,,,,,,,,0.5024307919957209,0.5024290829896927,1.7090060282498598e-06,0.6661545829556417,,,,,,,0.2349042079877108,0.2667690000089351,0.0007558749930467,,,,,,,,,
8,13,Random Projection,14.84238103771509,5.2569444444444455,0.0787748440377861,0.3185384999960661,0.0198233340051956,0.1356220419984311,8.774999878369272e-05,0.0109409170108847,0.0002824580005835,0.0005955840169917,0.0062482089851982,0.0001273339730687,4.0916987927630544e-05,0.3002097500138916,0.3185384999960661,0.31853291898733,5.5810087360441685e-06,0.4739838759996928,,,,,,,,,,,,,,,,,,
8,13,Random Sampling,25.407116728704946,4.798611111111111,0.0392562706797804,0.4295737920037936,0.0198233340051956,0.1366830000188201,,,,,,,,,0.4295737920037936,0.4295687490084674,5.042995326220989e-06,0.5860801260278095,0.0072043330001179,0.0117784159956499,0.0953908330120612,0.0013722500007133,0.0013321669830475,0.3124907500168774,,,,,,,,,,,,
8,13,Non-random,21.312513978879696,1.3472222222222223,0.0195576775820909,0.4495863750053104,0.0198233340051956,0.1545558749930933,,,,,,,,,0.4495863750053104,0.449584624991985,1.7500133253633976e-06,0.6239655840035994,,,,,,,0.2417820419941563,0.2070700000040233,0.0007325829938054,,,,,,,,,
8,14,Random Projection,14.568681206946762,5.513888888888888,0.0718051222290681,0.319874750013696,0.0214395000075455,0.1498665830004029,9.824999142438172e-05,0.004676999989897,0.0014376250037457,0.0007899590127635,0.0057344590022694,0.0004181249823886,3.891700180247426e-05,0.3066750410071108,0.319874750013696,0.3198693759914022,5.374022293835878e-06,0.4911808330216445,,,,,,,,,,,,,,,,,,
8,14,Random Sampling,25.84844461973935,4.3125,0.0327853451224401,0.4132032089983113,0.0214395000075455,0.1799765000178013,,,,,,,,,0.4132032089983113,0.4131966660206672,6.542977644130588e-06,0.6146192090236582,0.0094283749931491,0.011142707982799,0.0776035420130938,0.0015500000154133,0.0064528330112807,0.307019208004931,,,,,,,,,,,,
8,14,Non-random,21.157357670158145,1.597222222222222,0.0258291940394167,0.5302159159909934,0.0214395000075455,0.2337528750067576,,,,,,,,,0.5302159159909934,0.5302137500257231,2.1659652702510357e-06,0.7854082910052966,,,,,,,0.2504956249904353,0.2785955840081442,0.0011225410271435,,,,,,,,,
8,15,Random Projection,14.805330973386791,5.597222222222222,0.0723345256905936,0.3109737499908078,0.0211889159982092,0.1942385000002104,0.0001675839885137,0.0052520000026561,0.000286791997496,0.0005275000003166,0.0011963339929934,7.02909892424941e-05,1.329201040789485e-05,0.3034549169824458,0.3109737499908078,0.3109687099640723,5.040026735514402e-06,0.5264011659892276,,,,,,,,,,,,,,,,,,
8,15,Random Sampling,25.940407511628845,4.743055555555555,0.0367799714674841,0.4333080000069458,0.0211889159982092,0.1731427499908022,,,,,,,,,0.4333080000069458,0.4332994589931331,8.54101381264627e-06,0.6276396659959573,0.009683332988061,0.0153674589819274,0.1010017920052632,0.0088095000246539,0.001620750001166,0.2968166249920614,,,,,,,,,,,,
8,15,Non-random,21.267214457236317,1.326388888888889,0.0146930318454123,0.5140112090157345,0.0211889159982092,0.1666766249982174,,,,,,,,,0.5140112090157345,0.5140088330081198,2.376007614657283e-06,0.7018767500121612,,,,,,,0.3217129580152686,0.1910659580025822,0.0012299169902689,,,,,,,,,
8,16,Random Projection,15.652053654512608,4.979166666666666,0.075663470979386,0.3166262909944635,0.0282924170023761,0.2274346250051167,0.000217833003262,0.0047336249845102,0.0005780000064987,0.0043893339752685,0.00192574999528,0.0001427500101272,4.2750005377456546e-05,0.3045877499971539,0.3166262909944635,0.3166177919774782,8.499016985297203e-06,0.5723533330019563,,,,,,,,,,,,,,,,,,
8,16,Random Sampling,25.467494095569627,3.5277777777777777,0.0360962980184367,0.4154056249826681,0.0282924170023761,0.149695750005776,,,,,,,,,0.4154056249826681,0.4153992900101002,6.334972567856312e-06,0.5933937919908203,0.0064678330090828,0.0155771669815294,0.0955732500005979,0.0012291659950278,0.0013582080136984,0.2951936660101637,,,,,,,,,,,,
8,16,Non-random,21.347147733645343,1.3958333333333337,0.0174856988423945,0.5460634999908507,0.0282924170023761,0.2345584159775171,,,,,,,,,0.5460634999908507,0.5460606240085326,2.875982318073511e-06,0.808914332970744,,,,,,,0.2782462500035763,0.2666605410049669,0.0011538329999893,,,,,,,,,
8,17,Random Projection,14.848061671249283,5.055555555555555,0.0692043401664345,0.3184137500065844,0.0254866249742917,0.1730213749979157,8.987501496449113e-05,0.0065990420116577,0.0022036250156816,0.0007619589741807,0.0042086670000571,0.0001492080045863,4.3957988964393735e-05,0.3043499579944182,0.3184137500065844,0.3184062920045107,7.458002073690295e-06,0.5169217499787919,,,,,,,,,,,,,,,,,,
8,17,Random Sampling,24.90681472142401,3.3125,0.0456802068879662,0.4279205000202637,0.0254866249742917,0.2352069579937961,,,,,,,,,0.4279205000202637,0.427913791994797,6.708025466650724e-06,0.6886140829883516,0.0092219579964876,0.0078947079891804,0.1015667089959606,0.0021612500131595,0.0034601250081323,0.3036090419918764,,,,,,,,,,,,
8,17,Non-random,21.22409272299265,1.2430555555555558,0.021262618170165,0.3898742919845972,0.0254866249742917,0.2386651249835267,,,,,,,,,0.3898742919845972,0.3898714589886367,2.832995960488915e-06,0.6540260419424158,,,,,,,0.2593964590050746,0.1282677499984856,0.0022072499850764,,,,,,,,,
8,18,Random Projection,14.806397951746456,5.277777777777778,0.0750008855002324,0.2928282089997083,0.0210877920035272,0.2226945829752367,0.0038270840013865,0.0032679589930921,0.0005354579770937,0.0006059170118533,0.0010950829891953,6.837502587586641e-05,1.925000105984509e-05,0.2834047090145759,0.2928282089997083,0.2928238350141328,4.373985575512052e-06,0.5366105839784723,,,,,,,,,,,,,,,,,,
8,18,Random Sampling,25.67393112679614,4.423611111111111,0.0430624000861384,0.4153136250097304,0.0210877920035272,0.2350304579886142,,,,,,,,,0.4153136250097304,0.4153057900257408,7.834983989596367e-06,0.671431875001872,0.0112407909764442,0.0108124169928487,0.0964047080196905,0.0047350410022772,0.001611750019947,0.2905010830145329,,,,,,,,,,,,
8,18,Non-random,21.345163105824508,1.5,0.020983379501385,0.4954652500164229,0.0210877920035272,0.2499305840174202,,,,,,,,,0.4954652500164229,0.495463458035374,1.7919810488820076e-06,0.7664836260373704,,,,,,,0.3054579580202698,0.1892655830015428,0.0007399170135613,,,,,,,,,
8,19,Random Projection,14.59257171009649,5.875,0.076493000117001,0.2987887499912176,0.0247980839922092,0.1898697500000707,8.58750136103481e-05,0.0062267910107038,0.0007517499907407,0.005581625009654,0.0017273749981541,9.283301187679172e-05,1.937500201165676e-05,0.2842973750084638,0.2987887499912176,0.2987829990452155,5.7509460020810366e-06,0.5134565839834977,,,,,,,,,,,,,,,,,,
8,19,Random Sampling,25.286760685005092,3.8472222222222223,0.0409359453573557,0.3870431249961257,0.0247980839922092,0.2069233329966664,,,,,,,,,0.3870431249961257,0.3870355429535266,7.582042599096894e-06,0.6187645419850014,0.0058562920021358,0.0154399589810054,0.1076671250048093,0.002786291996017,0.0038596249942202,0.2514262499753386,,,,,,,,,,,,
8,19,Non-random,21.37002090671013,1.4097222222222223,0.0173476454293629,0.482143500004895,0.0247980839922092,0.2285664160153828,,,,,,,,,0.482143500004895,0.4821417089842725,1.7910206224769354e-06,0.7355080000124872,,,,,,,0.3762360000109765,0.1052624169969931,0.0006432919763028,,,,,,,,,
8,20,Random Projection,14.906888677815942,5.833333333333334,0.0731820480768513,0.3127417080104351,0.0202904999896418,0.1615930419939104,0.0001545409904792,0.0056939159985631,0.0002937499957624,0.0011079589894507,0.0018553750123828,7.979100337252021e-05,1.3166980352252722e-05,0.3035380420042202,0.3127417080104351,0.3127365409745835,5.167035851627588e-06,0.4946252499939874,,,,,,,,,,,,,,,,,,
8,20,Random Sampling,25.740865910952564,4.340277777777778,0.0386786298927325,0.4367594170034863,0.0202904999896418,0.1705101249972358,,,,,,,,,0.4367594170034863,0.4367522909888066,7.126014679670334e-06,0.627560041990364,0.0141510409885086,0.0120443750056438,0.0989724999817553,0.0072024170076474,0.0033330000005662,0.3010489580046851,,,,,,,,,,,,
8,20,Non-random,21.39760475434284,1.2222222222222223,0.0194816016841366,0.457157874974655,0.0202904999896418,0.1588848340034019,,,,,,,,,0.457157874974655,0.4571563759818673,1.4989927876740694e-06,0.6363332089676987,,,,,,,0.2554430829768535,0.2009674590080976,0.0007458339969161,,,,,,,,,
2,1,SIGN,15.62356482298275,0.0,0.001505932652748343,0.040453249821439385,0.015847999835386872,0.19130345806479454,,,,,,,,,0.040453249821439385,0.040448248852044344,5.000969395041466e-06,0.2476047077216208,,,,,,,,,,5.9499870985746384e-05,12.0,2.0,0.008234832901507616,0.006542375078424811,0.0010469581466168165,9.333295747637749e-05,1.4833873137831688e-05,0.024456416023895144
2,2,SIGN,16.006842794907584,0.0,0.0005945173440162488,0.06370500009506941,0.017412458080798388,0.12882916699163616,,,,,,,,,0.06370500009506941,0.06369712599553168,7.874099537730217e-06,0.20994662516750395,,,,,,,,,,0.00010016607120633125,12.0,2.0,0.007032457971945405,0.006315500009804964,0.0007847920060157776,9.32919792830944e-05,1.5584053471684456e-05,0.04935533390380442
2,3,SIGN,15.87456123844139,0.0,0.001022936191525381,0.07386037497781217,0.02537625003606081,0.2784044579602778,,,,,,,,,0.07386037497781217,0.07385200005955994,8.37491825222969e-06,0.3776410829741508,,,,,,,,,,6.437511183321476e-05,12.0,2.0,0.01043875003233552,0.007174959173426032,0.0009175408631563187,6.554205901920795e-05,6.458023563027382e-06,0.05518437479622662
2,4,SIGN,14.873694479158344,0.0,0.0019809352427768157,0.05714262509718537,0.02006220817565918,0.1312178340740502,,,,,,,,,0.05714262509718537,0.05713187297806144,1.07521191239357e-05,0.20842266734689474,,,,,,,,,,7.699988782405853e-05,12.0,2.0,0.004342125030234456,0.005438457941636443,0.004631208023056388,0.0013262499123811722,8.041039109230042e-06,0.04130879114381969
2,5,SIGN,15.093527531825336,0.0,0.0015247168327883753,0.06785587500780821,0.019014707999303937,0.16445995797403157,,,,,,,,,0.06785587500780821,0.06784558389335871,1.0291114449501038e-05,0.2513305409811437,,,,,,,,,,7.479195483028889e-05,12.0,2.0,0.009004916995763779,0.009101249976083636,0.00360195804387331,0.0001152500044554472,1.6249949112534523e-05,0.04593116696923971
2,6,SIGN,14.950337924203286,0.0,0.0008893980663478018,0.0749675421975553,0.02237337501719594,0.178453833097592,,,,,,,,,0.0749675421975553,0.07495879288762808,8.749309927225113e-06,0.27579475031234324,,,,,,,,,,0.0001139170490205288,12.0,2.0,0.004983959021046758,0.00536958291195333,0.01483195903711021,8.966703899204731e-05,9.124865755438805e-06,0.049560582963749766
2,7,SIGN,16.540444282092924,0.0,0.0013889815221597157,0.052572666900232434,0.025409500114619732,0.19740508287213743,,,,,,,,,0.052572666900232434,0.052565126214176416,7.540686056017876e-06,0.2753872498869896,,,,,,,,,,6.345915608108044e-05,12.0,2.0,0.004269917029887438,0.009232459124177694,0.0025223749689757824,9.366613812744617e-05,1.3832934200763702e-05,0.03636941686272621
2,8,SIGN,15.682498020097064,0.0,0.0006801357214025194,0.04499716614373028,0.01825983403250575,0.22544787498191,,,,,,,,,0.04499716614373028,0.04498754255473614,9.623588994145393e-06,0.288704875158146,,,,,,,,,,0.00010837521404027939,12.0,2.0,0.006393417017534375,0.005329125095158815,0.0027203750796616077,0.00011983304284512997,7.58306123316288e-06,0.030308834044262767
2,9,SIGN,15.254222865514262,0.0,0.0011442272364459993,0.1408021249808371,0.02201845799572766,0.15337858302518725,,,,,,,,,0.1408021249808371,0.14079149928875268,1.0625692084431648e-05,0.316199166001752,,,,,,,,,,0.0001309579238295555,12.0,2.0,0.007633208995684981,0.006769541185349226,0.001625667093321681,7.179100066423416e-05,6.749993190169334e-06,0.12455358309671283
2,10,SIGN,15.611600262653624,0.0,0.0006382624158464134,0.07542512519285083,0.014097082894295454,0.10980883310548961,,,,,,,,,0.07542512519285083,0.07541866600513458,6.459187716245651e-06,0.1993310411926359,,,,,,,,,,6.212503649294376e-05,12.0,2.0,0.007050582906231284,0.010311625199392438,0.002793041057884693,6.125005893409252e-05,6.707850843667984e-06,0.05513333389535546
2,11,SIGN,15.424933496031493,0.0,0.0010612807224755216,0.0554708749987185,0.017846709117293358,0.15198520803824067,,,,,,,,,0.0554708749987185,0.05546466680243611,6.20819628238678e-06,0.22530279215425253,,,,,,,,,,6.212480366230011e-05,12.0,2.0,0.00672566588036716,0.0038066250272095203,0.00568962492980063,0.0001016668975353241,1.4709075912833214e-05,0.039064250187948346
2,12,SIGN,15.057980864358521,0.0,0.0013403108554043974,0.0587629999499768,0.021704333135858178,0.1783582919742912,,,,,,,,,0.0587629999499768,0.05875454074703157,8.459202945232391e-06,0.2588256250601262,,,,,,,,,,6.483308970928192e-05,12.0,2.0,0.004857874941080809,0.010775832924991846,0.003564500017091632,0.00010516680777072906,1.650000922381878e-05,0.03936983295716345
2,13,SIGN,15.631988441326705,0.0,0.0012755605263156111,0.039522417122498155,0.02179691707715392,0.1843652909155935,,,,,,,,,0.039522417122498155,0.03951424919068813,8.1679318100214e-06,0.24568462511524558,,,,,,,,,,0.0001129580195993185,12.0,2.0,0.006257625063881278,0.007580041186884046,0.0018620409537106752,0.00011058291420340538,1.5666941180825233e-05,0.023575334111228585
2,14,SIGN,15.904446786508576,0.0,0.0019306389489885944,0.04572600009851158,0.022460166830569506,0.15912062488496304,,,,,,,,,0.04572600009851158,0.04571883496828377,7.165130227804184e-06,0.22730679181404412,,,,,,,,,,5.991710349917412e-05,12.0,2.0,0.004134208895266056,0.004488375037908554,0.0035542079713195562,0.00011533405631780624,1.5666941180825233e-05,0.0333511249627918
2,15,SIGN,14.800466354614628,0.0,0.0013929727875185705,0.050319290952757,0.022003917023539543,0.15692516695708036,,,,,,,,,0.050319290952757,0.05031129205599427,7.998896762728691e-06,0.2292483749333769,,,,,,,,,,7.337494753301144e-05,12.0,2.0,0.004694875096902251,0.008140667108818889,0.005861208075657487,0.00012029195204377174,1.5333062037825584e-05,0.03140554181300104
2,16,SIGN,15.615634410459604,0.0,0.0025197660925743715,0.06565391691401601,0.017844957998022437,0.16066079097799957,,,,,,,,,0.06565391691401601,0.0656472931150347,6.623798981308937e-06,0.244159665890038,,,,,,,,,,7.229205220937729e-05,12.0,2.0,0.011719292029738426,0.009450415847823024,0.003119958098977804,9.6459174528718e-05,1.391698606312275e-05,0.04117495892569423
2,17,SIGN,15.234141032606525,0.0,0.0015772440026843582,0.08558412501588464,0.01594424992799759,0.17355637508444488,,,,,,,,,0.08558412501588464,0.08557808422483504,6.0407910495996475e-06,0.2750847500283271,,,,,,,,,,6.0167163610458374e-05,12.0,2.0,0.003834791947156191,0.01109312498010695,0.0039214580319821835,0.0005579160060733557,1.4709075912833214e-05,0.06609591701999307
2,18,SIGN,16.01621727235995,0.0,0.0018794698901041795,0.0776933329179883,0.023437832947820425,0.19908262509852648,,,,,,,,,0.0776933329179883,0.077685208292678,8.12462531030178e-06,0.3002137909643352,,,,,,,,,,0.00010812515392899513,12.0,2.0,0.006040417123585939,0.007235791999846697,0.000610999995842576,6.870809011161327e-05,7.0410314947366714e-06,0.06361412489786744
2,19,SIGN,15.43711022504809,0.0,0.0018866329682019067,0.054567917017266154,0.018009457970038056,0.1321356249973178,,,,,,,,,0.054567917017266154,0.05455999914556742,7.917871698737144e-06,0.204712999984622,,,,,,,,,,7.462501525878906e-05,12.0,2.0,0.00394066609442234,0.0043094169814139605,0.004320499952882528,7.141707465052605e-05,6.541144102811813e-06,0.04183683288283646
2,20,SIGN,16.431563443547546,0.0,0.0010816725041234848,0.06507145799696445,0.022295666858553886,0.17304858309216797,,,,,,,,,0.06507145799696445,0.06506404303945601,7.414957508444786e-06,0.2604157079476863,,,,,,,,,,6.258394569158554e-05,12.0,2.0,0.004862667061388493,0.00886079203337431,0.0033414161298424006,7.220893166959286e-05,6.959075108170509e-06,0.04785741586238146
3,1,SIGN,15.612358912975148,0.010416666666666666,0.004894684511119712,0.07754558394663036,0.023814915912225842,0.16329916683025658,,,,,,,,,0.07754558394663036,0.07753849914297462,7.084803655743599e-06,0.2646596666891128,,,,,,,,,,0.00014720787294209003,13.0,2.0,0.006856417050585151,0.007305125007405877,0.0007868329994380474,6.133317947387695e-05,9.00006853044033e-06,0.06237258296459913
3,2,SIGN,15.996141355108218,0.0026041666666666665,0.005417318613837985,0.06883858400397003,0.029195833019912243,0.17008320800960064,,,,,,,,,0.06883858400397003,0.06883162609301507,6.95791095495224e-06,0.2681176250334829,,,,,,,,,,6.733299233019352e-05,13.0,2.0,0.0038204172160476446,0.013020750135183334,0.002664250088855624,6.41669612377882e-05,1.0166782885789871e-05,0.0491845419164747
3,3,SIGN,16.36643621028694,0.010416666666666666,0.006604931057996061,0.05238637491129339,0.02523816702887416,0.18435654207132757,,,,,,,,,0.05238637491129339,0.052379456581547856,6.918329745531082e-06,0.2619810840114951,,,,,,,,,,6.700004450976849e-05,13.0,2.0,0.004541957983747125,0.008990000002086163,0.0007232078351080418,0.00014712498523294926,2.6207882910966873e-05,0.03788395784795284
3,4,SIGN,14.25135021694554,0.005208333333333333,0.005628565789327633,0.05034466693177819,0.023501832969486713,0.1818146661389619,,,,,,,,,0.05034466693177819,0.050337376073002815,7.2908587753772736e-06,0.2556611660402268,,,,,,,,,,0.00011837505735456944,13.0,2.0,0.005838667042553425,0.007029334083199501,0.0046558750327676535,7.254094816744328e-05,9.37492586672306e-06,0.0326132089830935
3,5,SIGN,15.00734779257296,0.018229166666666668,0.012069335538474751,0.07347220904193819,0.01889483304694295,0.18003679206594825,,,,,,,,,0.07347220904193819,0.07346408371813595,8.125323802232742e-06,0.2724038341548294,,,,,,,,,,8.041691035032272e-05,13.0,2.0,0.009148916928097606,0.005684291943907738,0.0009914999827742577,6.462493911385536e-05,9.082956239581108e-06,0.05748525005765259
3,6,SIGN,15.331114327774031,0.0026041666666666665,0.005194902250232891,0.06501058302819729,0.019950625021010637,0.11739149992354214,,,,,,,,,0.06501058302819729,0.06500445678830147,6.126239895820618e-06,0.20235270797275007,,,,,,,,,,0.0001231660135090351,13.0,2.0,0.0038437501061707735,0.00420737499371171,0.0009456658735871315,5.862489342689514e-05,9.37492586672306e-06,0.0558164999820292
3,7,SIGN,14.879816879658092,0.0026041666666666665,0.0038754143726086876,0.07741695898585021,0.017937917029485106,0.21995562501251698,,,,,,,,,0.07741695898585021,0.07740908395498991,7.875030860304832e-06,0.3153105010278523,,,,,,,,,,0.00021195807494223118,13.0,2.0,0.010865416843444109,0.0073035419918596745,0.005205790977925062,6.75420742481947e-05,8.667120710015297e-06,0.05374616687186062
3,8,SIGN,15.469520706388273,0.0,0.004799263769241668,0.0620408330578357,0.019458375172689557,0.20288787502795458,,,,,,,,,0.0620408330578357,0.0620320828165859,8.750241249799728e-06,0.28438708325847983,,,,,,,,,,6.483308970928192e-05,13.0,2.0,0.006735916947945952,0.006238457979634404,0.0008809580467641354,0.0001270407810807228,2.0416919142007828e-05,0.047964459052309394
3,9,SIGN,14.916637838378609,0.013020833333333332,0.007114043322607233,0.08372691599652171,0.020501542137935758,0.17410333291627467,,,,,,,,,0.08372691599652171,0.08372079161927104,6.124377250671387e-06,0.27833179105073214,,,,,,,,,,6.666709668934345e-05,13.0,2.0,0.006800625007599592,0.009113000007346272,0.0009261248633265495,6.466684862971306e-05,8.499948307871819e-06,0.0667412078473717
3,10,SIGN,16.003246624720774,0.0078125,0.006052194367266839,0.09137600008398294,0.025506374891847372,0.17586399987339973,,,,,,,,,0.09137600008398294,0.09136737370863557,8.62637534737587e-06,0.29274637484923005,,,,,,,,,,0.0001080839429050684,13.0,2.0,0.007021249970421195,0.008001874899491668,0.0019263331778347492,0.00013829092495143414,2.1540792658925056e-05,0.07415000000037253
3,11,SIGN,15.661915070180305,0.010416666666666666,0.0071962096091339744,0.07517458405345678,0.015432375017553568,0.13530408404767513,,,,,,,,,0.07517458405345678,0.0751675833016634,7.000751793384552e-06,0.22591104311868548,,,,,,,,,,0.00011229119263589382,13.0,2.0,0.010407499969005585,0.007734667044132948,0.0011700000613927841,9.866687469184399e-05,2.0208070054650307e-05,0.055624250089749694
3,12,SIGN,15.424081994303972,0.018229166666666664,0.006085548391878637,0.06848054099828005,0.02083624992519617,0.16659554187208414,,,,,,,,,0.06848054099828005,0.06846979074180126,1.0750256478786469e-05,0.25591233279556036,,,,,,,,,,0.00015012500807642937,13.0,2.0,0.006839707959443331,0.005398582899942994,0.0037407921627163887,6.695790216326714e-05,9.041978046298027e-06,0.052264582831412554
3,13,SIGN,14.933749336092161,0.0026041666666666665,0.004537223141412888,0.08016124996356666,0.017654500203207135,0.19031829200685024,,,,,,,,,0.08016124996356666,0.08015325060114264,7.999362424015999e-06,0.28813404217362404,,,,,,,,,,7.895799353718758e-05,13.0,2.0,0.0084737918805331,0.009265084052458405,0.0028813339304178953,0.00010487507097423077,1.933285966515541e-05,0.05932987481355667
3,14,SIGN,15.644244689276261,0.0026041666666666665,0.005631489177296944,0.07404779200442135,0.027838166803121567,0.21135170804336667,,,,,,,,,0.07404779200442135,0.0740408324636519,6.959540769457817e-06,0.3132376668509096,,,,,,,,,,0.00010820804163813591,13.0,2.0,0.005884667159989476,0.0065865409560501575,0.0019945830572396517,8.141598664224148e-05,9.917188435792923e-06,0.05937550007365644
3,15,SIGN,15.240333361267544,0.010416666666666666,0.005262791480389578,0.08329924987629056,0.021477875066921115,0.2983610830269754,,,,,,,,,0.08329924987629056,0.08329395856708288,5.291309207677841e-06,0.40313820797018707,,,,,,,,,,6.683287210762501e-05,13.0,2.0,0.004865458933636546,0.006534958956763148,0.002486916957423091,6.624986417591572e-05,9.707873687148094e-06,0.06926383310928941
3,16,SIGN,14.578100161796295,0.0078125,0.00587429613387333,0.0646011249627918,0.020675709005445242,0.31837520794942975,,,,,,,,,0.0646011249627918,0.06459466670639813,6.458256393671036e-06,0.4036520419176668,,,,,,,,,,6.616697646677494e-05,13.0,2.0,0.005621999967843294,0.0051277498714625835,0.0025980831123888493,9.620888158679008e-05,1.9290950149297714e-05,0.05106516694650054
3,17,SIGN,15.833539628533272,0.0,0.003753100186020625,0.06071508303284645,0.02524749981239438,0.2199356670025736,,,,,,,,,0.06071508303284645,0.060707000782713294,8.082250133156776e-06,0.30589824984781444,,,,,,,,,,0.00010999990627169609,13.0,2.0,0.007771959062665701,0.01032712496817112,0.0009406669996678829,6.837514229118824e-05,8.582836017012596e-06,0.041480291867628694
3,18,SIGN,15.255279835027414,0.015625,0.008385339473094028,0.06640616711229086,0.018936708103865385,0.20660570892505348,,,,,,,,,0.06640616711229086,0.06639937520958483,6.791902706027031e-06,0.2919485841412097,,,,,,,,,,0.00010812492109835148,13.0,2.0,0.0073232501745224,0.009361000033095479,0.0015591250266879797,0.00011562509462237358,2.4292152374982834e-05,0.047907957807183266
3,19,SIGN,15.541799196178586,0.005208333333333333,0.006477507591429149,0.07953200000338256,0.02417391585186124,0.15223895898088813,,,,,,,,,0.07953200000338256,0.07952562579885125,6.374204531311989e-06,0.25594487483613193,,,,,,,,,,6.737490184605122e-05,13.0,2.0,0.008102457970380783,0.0059698340483009815,0.0019070000853389502,0.0001504998654127121,2.5209039449691772e-05,0.06330324988812208
3,20,SIGN,15.60726261882754,0.026041666666666668,0.007971245283507067,0.08009891607798636,0.025937874801456928,0.29362545907497406,,,,,,,,,0.08009891607798636,0.08009308576583862,5.830312147736549e-06,0.39966224995441735,,,,,,,,,,0.00012066704221069813,13.0,2.0,0.006493333959951997,0.0044672919902950525,0.0024462088476866484,7.341708987951279e-05,1.13749410957098e-05,0.066480791894719
4,1,SIGN,19.50293215714271,0.39236111111111116,0.035934275676800465,0.13937895791605115,0.018727332819253206,0.2928436251822859,,,,,,,,,0.13937895791605115,0.13937025074847043,8.707167580723763e-06,0.45094991591759026,,,,,,,,,,0.0008541250135749578,14.0,2.0,0.00721625005826354,0.010942667024210095,0.0011477498337626457,0.00010324991308152676,2.0833918824791908e-05,0.11908537498675287
4,2,SIGN,16.696842972515675,0.34722222222222227,0.02670681712386594,0.16169304214417934,0.01842558290809393,0.1826224580872804,,,,,,,,,0.16169304214417934,0.16168675129301846,6.2908511608839035e-06,0.36274108313955367,,,,,,,,,,7.575005292892456e-05,14.0,2.0,0.008990542031824589,0.006940999999642372,0.0020660001318901777,5.75000885874033e-05,1.191697083413601e-05,0.14354404201731086
4,3,SIGN,15.733250116836796,0.1388888888888889,0.01783578027008828,0.19219620805233717,0.016526041785255075,0.1649035830050707,,,,,,,,,0.19219620805233717,0.19218866620212793,7.541850209236145e-06,0.37362583284266293,,,,,,,,,,0.0001296249683946371,14.0,2.0,0.018685291055589914,0.008283166913315654,0.0011564171873033047,0.00013841595500707626,2.3209024220705032e-05,0.16377254109829664
4,4,SIGN,15.143965722893476,0.21875,0.02066593348018997,0.07554874988272786,0.02248904202133417,0.2800772918853909,,,,,,,,,0.07554874988272786,0.07554145716130733,7.2927214205265045e-06,0.3781150837894529,,,,,,,,,,7.30419997125864e-05,14.0,2.0,0.01287854090332985,0.007542249979451299,0.001788583118468523,9.350012987852097e-05,2.595805563032627e-05,0.05313958297483623
4,5,SIGN,14.537001377791354,0.19791666666666669,0.020748779405694195,0.14443666697479784,0.01843916717916727,0.20922295888885856,,,,,,,,,0.14443666697479784,0.14442254090681672,1.4126067981123924e-05,0.3720987930428237,,,,,,,,,,7.241684943437576e-05,14.0,2.0,0.007343708071857691,0.011647666106000543,0.0008333749137818813,0.00010537495836615562,1.950003206729889e-05,0.12440049997530878
4,6,SIGN,15.863131428480079,0.3194444444444444,0.02970669250936836,0.09483183384872973,0.02407195884734392,0.19866712507791817,,,,,,,,,0.09483183384872973,0.09482558374293149,6.250105798244476e-06,0.3175709177739918,,,,,,,,,,7.229205220937729e-05,14.0,2.0,0.008982749888673425,0.005650583887472749,0.0040543340146541595,0.00010416586883366108,1.9290950149297714e-05,0.07594216708093882
4,7,SIGN,16.12469145744381,0.2777777777777778,0.025383483868982593,0.1188207499217242,0.015759540954604745,0.17939925007522106,,,,,,,,,0.1188207499217242,0.11881508398801088,5.665933713316917e-06,0.31397954095155,,,,,,,,,,7.062498480081558e-05,14.0,2.0,0.005259959027171135,0.0044293340761214495,0.0006293749902397394,6.9458968937397e-05,9.041046723723412e-06,0.10834729089401662
4,8,SIGN,17.324476940989044,0.28125,0.03648597819693089,0.10383145906962454,0.019310374977067113,0.19045041711069643,,,,,,,,,0.10383145906962454,0.10382254282012582,8.916249498724937e-06,0.3135922511573881,,,,,,,,,,8.358410559594631e-05,14.0,2.0,0.010055833030492067,0.009689958998933434,0.0011480420362204313,7.308297790586948e-05,1.0416842997074127e-05,0.082761624827981
4,9,SIGN,17.501008798215715,0.2743055555555556,0.03520602407050724,0.125966208986938,0.02059470792300999,0.15587512496858835,,,,,,,,,0.125966208986938,0.12595825013704598,7.958849892020226e-06,0.30243604187853634,,,,,,,,,,7.179193198680878e-05,14.0,2.0,0.004174957983195782,0.005522959167137742,0.0023481249809265137,0.00010758312419056892,1.0832911357283592e-05,0.11372200003825128
4,10,SIGN,15.714646388913543,0.18055555555555555,0.03132948595768886,0.14264529198408127,0.01537220785394311,0.17563800001516938,,,,,,,,,0.14264529198408127,0.1426382076460868,7.084337994456291e-06,0.33365549985319376,,,,,,,,,,7.145805284380913e-05,14.0,2.0,0.008588833035901189,0.01058766688220203,0.002109374850988388,6.029196083545685e-05,9.832903742790222e-06,0.12121074995957315
4,11,SIGN,15.643160000723038,0.2847222222222222,0.02497313501500334,0.11452758405357599,0.021047874819487333,0.16463529109023511,,,,,,,,,0.11452758405357599,0.11452041706070304,7.166992872953415e-06,0.30021074996329844,,,,,,,,,,7.187505252659321e-05,14.0,2.0,0.005493832984939218,0.007145249983295798,0.0018156669102609158,0.00010283314622938633,1.9042054191231728e-05,0.0998719169292599
4,12,SIGN,17.113131617407674,0.2708333333333333,0.02748995033988083,0.13284733309410512,0.022537124808877707,0.1786524171475321,,,,,,,,,0.13284733309410512,0.1328227510675788,2.45820265263319e-05,0.33403687505051494,,,,,,,,,,0.00011725001968443394,14.0,2.0,0.012163166888058186,0.006942500127479434,0.0015066249761730433,0.0001721670851111412,4.466692917048931e-05,0.11187637504190207
4,13,SIGN,15.208681344183923,0.1423611111111111,0.022001045426437743,0.21232345793396235,0.017524790950119495,0.19805308408103883,,,,,,,,,0.21232345793396235,0.21231433167122304,9.126262739300728e-06,0.4279013329651207,,,,,,,,,,6.916699931025505e-05,14.0,2.0,0.007694207830354571,0.0072122919373214245,0.000932707916945219,0.00013933307491242886,1.3457844033837318e-05,0.1962531660683453
4,14,SIGN,16.383466875811326,0.32291666666666663,0.03219568330366959,0.14975929213687778,0.024262999882921576,0.2329622081015259,,,,,,,,,0.14975929213687778,0.14975154283456504,7.749302312731743e-06,0.40698450012132525,,,,,,,,,,0.00012704194523394108,14.0,2.0,0.008835207903757691,0.014506000094115734,0.000987041974440217,6.883405148983002e-05,8.70879739522934e-06,0.1252187080681324
4,15,SIGN,17.581230975082264,0.42708333333333337,0.03632572445282531,0.09189275000244379,0.017032750183716416,0.3199518749024719,,,,,,,,,0.09189275000244379,0.09188749874010682,5.251262336969376e-06,0.4288773750886321,,,,,,,,,,7.187505252659321e-05,14.0,2.0,0.004398624878376722,0.006026082905009389,0.0017240000888705254,6.533297710120678e-05,8.707866072654724e-06,0.07959287497214973
4,16,SIGN,18.317395224752133,0.39583333333333337,0.03430254211303008,0.2234330829232931,0.021222250070422888,0.24254695791751146,,,,,,,,,0.2234330829232931,0.22342524817213416,7.834751158952713e-06,0.48720229091122746,,,,,,,,,,7.075001485645771e-05,14.0,2.0,0.005657666129991412,0.006968832807615399,0.0024823748972266912,8.841603994369507e-05,9.833136573433876e-06,0.20814737514592707
4,17,SIGN,14.46549658670342,0.1840277777777778,0.026909410566350572,0.1098021250218153,0.015494665829464793,0.17461970821022987,,,,,,,,,0.1098021250218153,0.10979437315836549,7.751863449811935e-06,0.29991649906150997,,,,,,,,,,7.858313620090485e-05,14.0,2.0,0.0073080831207334995,0.007608457934111357,0.010815458139404655,0.00010808301158249378,2.0792009308934212e-05,0.08385491580702364
4,18,SIGN,16.6401341142324,0.3055555555555556,0.02887640740171224,0.09076837520115077,0.01638550008647144,0.18633275013417006,,,,,,,,,0.09076837520115077,0.09076216677203774,6.208429113030434e-06,0.29348662542179227,,,,,,,,,,6.429199129343033e-05,14.0,2.0,0.007025207858532667,0.00750837498344481,0.0017605419270694256,8.262507617473602e-05,9.041978046298027e-06,0.07431208295747638
4,19,SIGN,17.301883092739246,0.34375,0.03300558316331534,0.07007633405737579,0.023202332900837064,0.15373454219661653,,,,,,,,,0.07007633405737579,0.07006645877845585,9.875278919935226e-06,0.24701320915482938,,,,,,,,,,8.55419784784317e-05,14.0,2.0,0.006773374974727631,0.004691625013947487,0.0006961249746382236,7.516704499721527e-05,9.124865755438805e-06,0.05773549992591143
4,20,SIGN,14.776762884785269,0.2013888888888889,0.022234877085419436,0.13005525013431907,0.022514875046908855,0.16677133296616375,,,,,,,,,0.13005525013431907,0.13004741678014398,7.83335417509079e-06,0.3193414581473917,,,,,,,,,,7.329112850129604e-05,14.0,2.0,0.014207957778126001,0.008611124940216541,0.0010199169628322124,0.0001332918182015419,1.3459008187055588e-05,0.10598837514407933
5,1,SIGN,17.989978289793438,1.4018257105213627,0.058334542374680665,0.20455024996772408,0.017162750009447336,0.19997033313848078,,,,,,,,,0.20455024996772408,0.20454137516207993,8.874805644154549e-06,0.4216833331156522,,,,,,,,,,8.033402264118195e-05,15.0,2.0,0.008744666120037436,0.01016862504184246,0.0018272919114679098,0.00011174986138939857,2.550007775425911e-05,0.18358320812694728
5,2,SIGN,16.630547073795597,1.1938264633916809,0.05424796163513265,0.19063837500289083,0.0163932500872761,0.1622015000320971,,,,,,,,,0.19063837500289083,0.19063145900145173,6.9160014390945435e-06,0.369233125122264,,,,,,,,,,0.00013204081915318966,15.0,2.0,0.008059917017817497,0.00725554209202528,0.0024626250378787518,8.654198609292507e-05,1.2082979083061218e-05,0.17262270906940103
5,3,SIGN,16.914137251586723,1.1502729154903066,0.05136510724186222,0.2416415410116315,0.02415829082019627,0.21573124988935888,,,,,,,,,0.2416415410116315,0.24163299868814647,8.542323485016823e-06,0.48153108172118664,,,,,,,,,,7.66250304877758e-05,15.0,2.0,0.014757791068404913,0.006617290899157524,0.0011081669945269823,0.00011024996638298035,3.220885992050171e-05,0.2189306658692658
5,4,SIGN,17.839941850912375,1.2414078674948241,0.05743255200756292,0.21690233401022851,0.018963209120556712,0.2625588751398027,,,,,,,,,0.21690233401022851,0.21689379401504993,8.539995178580284e-06,0.4984244182705879,,,,,,,,,,8.79999715834856e-05,15.0,2.0,0.007977584144100547,0.007220499916002154,0.001270584063604474,7.704203017055988e-05,3.041699528694153e-05,0.20022966689430177
5,5,SIGN,15.615197717134588,0.9330698287220026,0.04303085527563735,0.203809707891196,0.016749874921515584,0.21389924990944564,,,,,,,,,0.203809707891196,0.20379729173146188,1.2416159734129906e-05,0.43445883272215724,,,,,,,,,,0.00013949978165328503,15.0,2.0,0.006784416968002915,0.006326708011329174,0.002584042027592659,0.00010566599667072296,3.0374852940440178e-05,0.18782658409327269
5,6,SIGN,18.540529210772497,0.9760210803689064,0.05439444490555806,0.14997891709208488,0.016068541910499334,0.22532316599972546,,,,,,,,,0.14997891709208488,0.1499660429544747,1.2874137610197067e-05,0.3913706250023097,,,,,,,,,,8.941697888076305e-05,15.0,2.0,0.003977041924372315,0.0066491670440882444,0.0027356669306755066,0.00010012509301304817,1.1417083442211151e-05,0.1364032079000026
5,7,SIGN,16.80252596045561,0.9115942028985506,0.05414173390281718,0.1168533330783248,0.027370375115424395,0.20315491617657244,,,,,,,,,0.1168533330783248,0.1168448319658637,8.501112461090088e-06,0.34737862437032163,,,,,,,,,,8.979206904768944e-05,15.0,2.0,0.007485207868739963,0.008005999960005283,0.003135666949674487,7.1333022788167e-05,1.0791001841425896e-05,0.09804604109376669
5,8,SIGN,16.82314624814138,1.1763598720120458,0.05396548951586863,0.10339683317579329,0.018026416888460517,0.15103608299978077,,,,,,,,,0.10339683317579329,0.10338858258910477,8.250586688518524e-06,0.2724593330640346,,,,,,,,,,0.0001325418706983328,15.0,2.0,0.008155083982273936,0.009048790903761983,0.001115000108256936,0.00012995791621506214,3.374996595084667e-05,0.08477345784194767
5,9,SIGN,18.012595053696618,1.4361001317523057,0.0538794187388035,0.22284570802003145,0.02217629086226225,0.1436764169484377,,,,,,,,,0.22284570802003145,0.2228386690840125,7.038936018943787e-06,0.3886984158307314,,,,,,,,,,0.00010858406312763691,15.0,2.0,0.007181042106822133,0.0057910841424018145,0.0027719999197870493,0.00010508298873901367,2.4541979655623436e-05,0.20685633388347924
5,10,SIGN,16.4673638311538,0.9724261246000376,0.05150052179124495,0.2043184998910874,0.02031762502156198,0.21587399998679757,,,,,,,,,0.2043184998910874,0.20430754078552127,1.095910556614399e-05,0.44051012489944696,,,,,,,,,,0.00012162490747869015,15.0,2.0,0.009430957958102226,0.007537083933129907,0.003977375105023384,7.337494753301144e-05,1.195794902741909e-05,0.18315516598522663
5,11,SIGN,16.362564889472125,0.8552418595896858,0.04309311451908637,0.13728191703557968,0.017791584134101868,0.18706258293241262,,,,,,,,,0.13728191703557968,0.1372727071866393,9.209848940372467e-06,0.3421360841020942,,,,,,,,,,0.0009051668457686901,15.0,2.0,0.007205916102975607,0.007358375005424023,0.002953791059553623,0.00011454219929873943,2.6124995201826096e-05,0.1187087909784168
5,12,SIGN,18.47725816915327,0.9898927159796725,0.05111011383145664,0.16679112520068884,0.019616459030658007,0.17538324999623,,,,,,,,,0.16679112520068884,0.16678545786999166,5.667330697178841e-06,0.36179083422757685,,,,,,,,,,7.399986498057842e-05,15.0,2.0,0.006261457921937108,0.004006125032901764,0.001838665921241045,9.495904669165611e-05,1.354212872684002e-05,0.15449670795351267
5,13,SIGN,17.126763440602687,1.145699228307924,0.055768929936820866,0.19461050000973046,0.018909791950136423,0.16096500004641712,,,,,,,,,0.19461050000973046,0.19460295885801315,7.541151717305183e-06,0.374485292006284,,,,,,,,,,7.899990305304527e-05,15.0,2.0,0.00576512492261827,0.009944749996066093,0.0010586660355329514,0.0001027500256896019,2.6209047064185143e-05,0.177626458927989
5,14,SIGN,16.34578945143278,0.9636551853943159,0.04358452710929461,0.16194366686977446,0.02496700012125075,0.20916812494397163,,,,,,,,,0.16194366686977446,0.16193637484684587,7.292022928595543e-06,0.39607879193499684,,,,,,,,,,7.637497037649155e-05,15.0,2.0,0.011231290875002742,0.007312416099011898,0.0018760000821202993,0.00010249996557831764,2.5958986952900887e-05,0.14131183386780322
5,15,SIGN,15.218631898443666,0.8939958592132504,0.04304379365024111,0.13809745805338025,0.017050459049642086,0.16342324996367097,,,,,,,,,0.13809745805338025,0.13809137605130672,6.0820020735263824e-06,0.3185711670666933,,,,,,,,,,7.999991066753864e-05,15.0,2.0,0.009153208928182721,0.00826375000178814,0.0007076668553054333,6.620818749070168e-05,1.1250143870711327e-05,0.11980929202400148
5,16,SIGN,18.36751967653668,1.275682288725767,0.04807403189167353,0.1882115420885384,0.018704208079725504,0.14858604199253023,,,,,,,,,0.1882115420885384,0.18820475158281624,6.790505722165108e-06,0.35550179216079414,,,,,,,,,,7.687509059906006e-05,15.0,2.0,0.005526750115677714,0.00954395905137062,0.0028801248408854008,8.733314462006092e-05,1.3084150850772858e-05,0.1700766251888126
5,17,SIGN,17.908345718826773,0.9895162808206286,0.04898345862436648,0.2090260840486735,0.02088374993763864,0.19764775014482439,,,,,,,,,0.2090260840486735,0.2090190842282027,6.9998204708099365e-06,0.42755758413113654,,,,,,,,,,9.008403867483139e-05,15.0,2.0,0.007430542027577758,0.011209249962121248,0.0028692500200122595,8.187512867152691e-05,1.1999858543276787e-05,0.1873260831926018
5,18,SIGN,18.365261218862695,1.60549595332204,0.059464024293672924,0.22136908303946257,0.01943108392879367,0.19628029107116163,,,,,,,,,0.22136908303946257,0.22136087575927377,8.207280188798904e-06,0.43708045803941786,,,,,,,,,,8.479203097522259e-05,15.0,2.0,0.00456579215824604,0.008432082831859589,0.0015409169718623161,0.00011445791460573673,2.5667017325758934e-05,0.2065971668343991
5,19,SIGN,18.536469284259706,1.3892527762092979,0.05758397801420578,0.16929845907725394,0.01900375005789101,0.1429532920010388,,,,,,,,,0.16929845907725394,0.1692927530966699,5.705980584025383e-06,0.33125550113618374,,,,,,,,,,7.479218766093254e-05,15.0,2.0,0.005696167005226016,0.006588959135115147,0.0008349588606506586,6.654183380305767e-05,1.1167023330926895e-05,0.15602016705088317
5,20,SIGN,15.981322581722539,1.0027667984189723,0.04392701939862104,0.256699041929096,0.020587917184457183,0.20417516701854765,,,,,,,,,0.256699041929096,0.25669112568721175,7.916241884231567e-06,0.4814621261321008,,,,,,,,,,8.595804683864117e-05,15.0,2.0,0.007845375221222639,0.007188334129750729,0.023537417175248265,9.204098023474216e-05,1.1708121746778488e-05,0.21793029201216996
6,1,SIGN,16.65994676373167,2.9010416666666665,0.0696835850847139,0.2447503749281168,0.021764874923974276,0.2602609999012202,,,,,,,,,0.2447503749281168,0.24474366614595056,6.7087821662425995e-06,0.5267762497533113,,,,,,,,,,8.26660543680191e-05,16.0,2.0,0.005036915885284543,0.007160417037084699,0.00053641595877707,0.00010579219087958336,1.4459015801548958e-05,0.2318070000037551
6,2,SIGN,17.04179576870938,2.744791666666667,0.06746502542021038,0.2952467920258641,0.01744333398528397,0.2082275829743594,,,,,,,,,0.2952467920258641,0.2952409989666194,5.79305924475193e-06,0.5209177089855075,,,,,,,,,,8.370797149837017e-05,16.0,2.0,0.007520582992583513,0.010092457989230752,0.0008629169315099716,7.262500002980232e-05,1.158309169113636e-05,0.2765971249900758
6,3,SIGN,16.421163142570588,2.4270833333333335,0.062045680755526134,0.25709374994039536,0.018317624926567078,0.18313966714777052,,,,,,,,,0.25709374994039536,0.25708571029827,8.039642125368118e-06,0.45855104201473296,,,,,,,,,,9.454204700887203e-05,16.0,2.0,0.008161417208611965,0.004887209041044116,0.0020665419287979603,0.00010920804925262928,3.3041927963495255e-05,0.24173375009559095
6,4,SIGN,16.782231429020364,2.697916666666667,0.06809769889461156,0.30508079193532467,0.020932750077918172,0.1649805831257254,,,,,,,,,0.30508079193532467,0.3050747069064528,6.085028871893883e-06,0.49099412513896823,,,,,,,,,,7.691700011491776e-05,16.0,2.0,0.00764037505723536,0.00526695791631937,0.0007584579288959503,7.666600868105888e-05,1.2707896530628204e-05,0.2912426250986755
6,5,SIGN,16.249854232403425,3.114583333333333,0.06885327692710608,0.2898364579305053,0.01691141608171165,0.18512712488882244,,,,,,,,,0.2898364579305053,0.2898294178303331,7.040100172162056e-06,0.49187499890103936,,,,,,,,,,7.754191756248474e-05,16.0,2.0,0.004014207981526852,0.008891874924302101,0.0032881249208003283,0.00012133386917412281,3.5667093470692635e-05,0.27340066712349653
6,6,SIGN,16.534510586625995,2.395833333333333,0.06246107352138114,0.27900824998505414,0.02759125013835728,0.185309249907732,,,,,,,,,0.27900824998505414,0.279000542126596,7.707858458161354e-06,0.4919087500311434,,,,,,,,,,9.020790457725525e-05,16.0,2.0,0.0038082499522715807,0.004884208086878061,0.004436042159795761,0.00011424999684095383,2.6583904400467873e-05,0.2656410001218319
6,7,SIGN,15.557761854213092,2.473958333333333,0.06681351401590183,0.2854716668371111,0.016743625048547983,0.13672491698525846,,,,,,,,,0.2854716668371111,0.28546279203146696,8.874805644154549e-06,0.43894020887091756,,,,,,,,,,9.529199451208115e-05,16.0,2.0,0.0077658339869230986,0.005919416900724173,0.0005726250819861889,0.00013900012709200382,1.733284443616867e-05,0.27095329109579325
6,8,SIGN,16.33272300531396,2.197916666666667,0.0626263493739688,0.23008224996738136,0.01776358298957348,0.17481970903463662,,,,,,,,,0.23008224996738136,0.2300762920640409,5.95790334045887e-06,0.42266554199159145,,,,,,,,,,8.637504652142525e-05,16.0,2.0,0.011415000073611736,0.008371042087674141,0.005036332877352834,0.00010775006376206875,2.6416964828968048e-05,0.20503337495028973
6,9,SIGN,17.285033578159375,2.9322916666666665,0.0711834346616993,0.28339808294549584,0.022304499987512827,0.17716745915822685,,,,,,,,,0.28339808294549584,0.28338962490670383,8.458038792014122e-06,0.4828700420912355,,,,,,,,,,0.00015225005336105824,16.0,2.0,0.006478874944150448,0.007600582903251052,0.0008858749642968178,0.00014175008982419968,3.7458958104252815e-05,0.268092832993716
6,10,SIGN,16.514965105305123,2.510416666666667,0.06387479796459022,0.2688675420358777,0.01688137510791421,0.166979500092566,,,,,,,,,0.2688675420358777,0.2688604579307139,7.084105163812637e-06,0.4527284172363579,,,,,,,,,,0.00017791707068681717,16.0,2.0,0.0075799578335136175,0.008161624893546104,0.0029656249098479748,8.099991828203201e-05,1.2833159416913986e-05,0.24988150014542043
6,11,SIGN,16.655868548291995,3.0052083333333335,0.06952847254001338,0.2934614580590278,0.022548750042915344,0.1947817918844521,,,,,,,,,0.2934614580590278,0.29345416836440563,7.289694622159004e-06,0.5107919999863952,,,,,,,,,,0.0001408339012414217,16.0,2.0,0.009003542130813003,0.008399959187954664,0.0009945828933268785,0.00010866601951420307,3.3167190849781036e-05,0.2747734170407057
6,12,SIGN,17.106203180056667,2.4270833333333335,0.07279119687303279,0.29223966714926064,0.02461925009265542,0.17832858301699162,,,,,,,,,0.29223966714926064,0.2922331248410046,6.542308256030083e-06,0.4951875002589077,,,,,,,,,,8.904212154448032e-05,16.0,2.0,0.008721041958779097,0.007522040978074074,0.0023301660548895597,7.66250304877758e-05,1.2416858226060867e-05,0.27348179183900356
6,13,SIGN,16.170633290271976,2.494791666666667,0.06516772089836304,0.21305120899342,0.018574916990473866,0.17443829192779958,,,,,,,,,0.21305120899342,0.21304316679015756,8.042203262448311e-06,0.40606441791169345,,,,,,,,,,0.00013112486340105534,16.0,2.0,0.012004625052213669,0.007134875049814582,0.0018270418513566256,0.00011170795187354088,3.591715358197689e-05,0.1917978748679161
6,14,SIGN,16.037648742228896,2.2395833333333335,0.06262047423026165,0.32138500013388693,0.02527195797301829,0.17774395900778472,,,,,,,,,0.32138500013388693,0.32137533207423985,9.668059647083282e-06,0.52440091711469,,,,,,,,,,0.00015058298595249653,16.0,2.0,0.0159190830308944,0.009896457893773913,0.0030911669600754976,0.00017625000327825546,3.8790982216596603e-05,0.2921030002180487
6,15,SIGN,17.493244317305486,2.8541666666666665,0.0679837117451993,0.2846843749284744,0.017456917092204094,0.20036954199895263,,,,,,,,,0.2846843749284744,0.2846777490340173,6.625894457101822e-06,0.5025108340196311,,,,,,,,,,9.008287452161312e-05,16.0,2.0,0.00871350010856986,0.0054613330867141485,0.0024365419521927834,0.00013833306729793549,3.058300353586674e-05,0.2678073749411851
6,16,SIGN,17.9212697383081,2.979166666666667,0.07116633291698055,0.29385420796461403,0.020872750086709857,0.20175470784306526,,,,,,,,,0.29385420796461403,0.29384545725770295,8.750706911087036e-06,0.5164816658943892,,,,,,,,,,0.00015329103916883469,16.0,2.0,0.004201957955956459,0.007684583077207208,0.0005816658958792686,7.366714999079704e-05,1.2625008821487427e-05,0.2811376671306789
6,17,SIGN,16.930815951958152,2.5729166666666665,0.06266431613106493,0.25263762497343123,0.021167000057175756,0.17686070897616446,,,,,,,,,0.25263762497343123,0.2526291240938008,8.500879630446434e-06,0.45066533400677145,,,,,,,,,,0.0001338329166173935,16.0,2.0,0.008243249962106347,0.006957458099350333,0.002817166969180107,0.00013575004413723946,2.9208138585090637e-05,0.23431245796382427
6,18,SIGN,16.284650657942557,2.7135416666666665,0.0662300997694921,0.2358071249909699,0.024396958062425256,0.16451487503945827,,,,,,,,,0.2358071249909699,0.23580029141157866,6.833579391241074e-06,0.4247189580928534,,,,,,,,,,9.204121306538582e-05,16.0,2.0,0.005364249926060438,0.007432000013068318,0.001006874954327941,6.962521001696587e-05,1.2875068932771683e-05,0.22182262502610683
6,19,SIGN,16.77854457025575,3.2916666666666665,0.06782729231316814,0.29359795805066824,0.015320250065997243,0.18224749993532896,,,,,,,,,0.29359795805066824,0.29359179362654686,6.164424121379852e-06,0.49116570805199444,,,,,,,,,,7.91249331086874e-05,16.0,2.0,0.005301959114149213,0.010985916946083307,0.0005199168808758259,7.158401422202587e-05,1.2249918654561043e-05,0.27662104181945324
6,20,SIGN,17.527965788535102,3.1614583333333335,0.0677801980247408,0.251923416974023,0.020232749870046973,0.19440133403986692,,,,,,,,,0.251923416974023,0.25191704160533845,6.375368684530258e-06,0.4665575008839369,,,,,,,,,,8.699996396899223e-05,16.0,2.0,0.005775917088612914,0.0078682079911232,0.0028886247891932726,7.254187949001789e-05,1.2707896530628204e-05,0.23521204199641943
7,1,SIGN,16.03315569213361,5.061788617886178,0.08023282699475949,0.2577133330050856,0.0199628749396652,0.211690166965127,,,,,,,,,0.2577133330050856,0.25770750013180077,5.832873284816742e-06,0.4893663749098778,,,,,,,,,,8.26660543680191e-05,17.0,2.0,0.009567708009853959,0.00809991592541337,0.0022756250109523535,0.00012008403427898884,4.129204899072647e-05,0.23752020904794335
7,2,SIGN,14.968907530758685,4.4976718403547675,0.07281187015512666,0.253437832929194,0.019156958907842636,0.19348937505856156,,,,,,,,,0.253437832929194,0.25343062449246645,7.208436727523804e-06,0.4660841668955982,,,,,,,,,,8.312496356666088e-05,17.0,2.0,0.006033625220879912,0.005362041061744094,0.0018828751053661108,0.0005381249357014894,1.770816743373871e-05,0.23951312503777444
7,3,SIGN,15.141261528111656,4.260569105691057,0.07139563195581974,0.2879949158523232,0.020930167054757476,0.22309179115109146,,,,,,,,,0.2879949158523232,0.2879877486266196,7.167225703597069e-06,0.5320168740581721,,,,,,,,,,8.479109965264797e-05,17.0,2.0,0.0032242501620203257,0.008107125060632825,0.0015539159066975117,0.00016195815987884998,3.937515430152416e-05,0.2748163330834359
7,4,SIGN,15.501565963857452,4.418181818181818,0.07433164774230161,0.29880062490701675,0.02070083306171,0.1752736249472946,,,,,,,,,0.29880062490701675,0.2987923342734575,8.29063355922699e-06,0.49477508291602135,,,,,,,,,,9.791599586606026e-05,17.0,2.0,0.007954959059134126,0.005840917117893696,0.0010829169768840075,9.520910680294037e-05,1.850002445280552e-05,0.2837019159924239
7,5,SIGN,15.890984089744423,4.756873614190688,0.07551234527467564,0.2936072910670191,0.021176875103265047,0.19295183313079178,,,,,,,,,0.2936072910670191,0.2936002491042018,7.041962817311287e-06,0.5077359993010759,,,,,,,,,,8.399994112551212e-05,17.0,2.0,0.010890500154346228,0.008965292014181614,0.0006985410582274199,0.00010333303362131119,1.6541918739676476e-05,0.27284204098396003
7,6,SIGN,15.434210687051289,4.163229859571324,0.07491518723865251,0.2847712088841945,0.0232591659296304,0.19950829190202057,,,,,,,,,0.2847712088841945,0.28476245887577534,8.750008419156075e-06,0.5075386667158455,,,,,,,,,,9.929202497005463e-05,17.0,2.0,0.008372291922569275,0.005468625109642744,0.0007125830743461847,9.320885874330997e-05,1.6249949112534523e-05,0.27000020793639123
7,7,SIGN,15.862327530576593,4.830524759793052,0.0749139731771345,0.2869881670922041,0.023341791005805135,0.20662791607901454,,,,,,,,,0.2869881670922041,0.2869799982290715,8.168863132596016e-06,0.5169578741770238,,,,,,,,,,0.00014341599307954311,17.0,2.0,0.007880083052441478,0.007078125141561031,0.0014545000158250332,7.13749323040247e-05,1.5041092410683632e-05,0.2703374580014497
7,8,SIGN,15.281988739492146,4.40439763488544,0.06801807563329182,0.28696441696956754,0.01937100011855364,0.19135233387351036,,,,,,,,,0.28696441696956754,0.2869574998039752,6.917165592312813e-06,0.49768775096163154,,,,,,,,,,8.395779877901077e-05,17.0,2.0,0.0049770420882850885,0.008528624894097447,0.0037369171623140574,7.43749551475048e-05,1.4916062355041504e-05,0.2695416668429971
7,9,SIGN,15.211671093791566,4.419068736141906,0.07383189088015485,0.2962240839842707,0.023104708874598145,0.17528058285824955,,,,,,,,,0.2962240839842707,0.29621662595309317,7.458031177520752e-06,0.4946093757171184,,,,,,,,,,8.483394049108028e-05,17.0,2.0,0.006741833873093128,0.008503250079229474,0.0011225410271435976,6.862496957182884e-05,1.4666933566331863e-05,0.27968087512999773
7,10,SIGN,15.97628444248661,4.97549889135255,0.07507877250292871,0.29021620796993375,0.01571279182098806,0.2156309171114117,,,,,,,,,0.29021620796993375,0.2902112896554172,4.918314516544342e-06,0.5215599169023335,,,,,,,,,,8.183298632502556e-05,17.0,2.0,0.011758374981582165,0.008320458931848407,0.0009374578949064016,6.85409177094698e-05,1.4415942132472992e-05,0.26903020800091326
7,11,SIGN,15.342678538016616,4.551515151515152,0.07506936279971056,0.2745656669139862,0.017051709117367864,0.2043685419484973,,,,,,,,,0.2745656669139862,0.2745562079362571,9.458977729082108e-06,0.49598591797985137,,,,,,,,,,0.0001525420229882002,17.0,2.0,0.007870707893744111,0.006788749946281314,0.0013020001351833344,0.00015129102393984795,3.50000336766243e-05,0.2582559168804437
7,12,SIGN,15.61212885094411,4.721286031042129,0.07624667519744771,0.28212383296340704,0.020402041031047702,0.18932174984365702,,,,,,,,,0.28212383296340704,0.28211737563833594,6.45732507109642e-06,0.49184762383811176,,,,,,,,,,8.200015872716904e-05,17.0,2.0,0.007018791977316141,0.009424833115190268,0.002178833121433854,0.0001263751182705164,3.650016151368618e-05,0.2632500419858843
7,13,SIGN,15.263930199336595,4.544974131559497,0.07563562286798356,0.26104529201984406,0.017790375044569373,0.2195360839832574,,,,,,,,,0.26104529201984406,0.26103745913133025,7.832888513803482e-06,0.49837175104767084,,,,,,,,,,0.00016170809976756573,17.0,2.0,0.007767124800011516,0.009026625193655491,0.0008992920629680157,0.00022062496282160282,4.75000124424696e-05,0.2429145839996636
7,14,SIGN,15.95677194958183,4.333665927568366,0.07465977684380823,0.27853387501090765,0.019298041006550193,0.20316470810212195,,,,,,,,,0.27853387501090765,0.2785257080104202,8.167000487446785e-06,0.5009966241195798,,,,,,,,,,9.6083153039217e-05,17.0,2.0,0.0074757919646799564,0.005230624927207828,0.002368208020925522,7.295794785022736e-05,1.4791963621973991e-05,0.2632672500330955
7,15,SIGN,15.934303987746947,4.635476718403547,0.07233311869540338,0.2790330001153052,0.022749749943614006,0.1877322499640286,,,,,,,,,0.2790330001153052,0.2790259988978505,7.00121745467186e-06,0.4895150000229478,,,,,,,,,,8.479086682200432e-05,17.0,2.0,0.008566583041101694,0.0069188340567052364,0.0006843330338597298,7.7791977673769e-05,1.5207799151539803e-05,0.26267845812253654
7,16,SIGN,15.85622337425248,4.51489283074649,0.07353258350043895,0.27046904107555747,0.018779416102916002,0.17716358415782452,,,,,,,,,0.27046904107555747,0.2704597101546824,9.33092087507248e-06,0.466412041336298,,,,,,,,,,9.433389641344547e-05,17.0,2.0,0.006785250036045909,0.009692125022411346,0.004646583925932646,0.0001568750012665987,3.650016151368618e-05,0.24904804211109877
7,17,SIGN,15.910372011225077,4.56289726533629,0.06907402444133981,0.23987250006757677,0.019628165988251567,0.17372154095210135,,,,,,,,,0.23987250006757677,0.23986504203639925,7.458031177520752e-06,0.4332222070079297,,,,,,,,,,9.15410928428173e-05,17.0,2.0,0.007971083046868443,0.007645417004823685,0.0030690841376781464,0.00011129188351333141,1.5582889318466187e-05,0.22096104198135436
7,18,SIGN,14.651217658407532,3.8771618625277164,0.06867114776811581,0.2862513340078294,0.02113649994134903,0.20111245894804597,,,,,,,,,0.2862513340078294,0.28624500101432204,6.332993507385254e-06,0.5085002928972244,,,,,,,,,,0.00014641694724559784,17.0,2.0,0.005183875095099211,0.004760999931022525,0.000945208827033639,6.141699850559235e-05,1.4750054106116295e-05,0.27513233316130936
7,19,SIGN,15.722047051602441,5.060975609756098,0.0754065877730051,0.20866804104298353,0.0204989998601377,0.20132462494075298,,,,,,,,,0.20866804104298353,0.2086581247858703,9.916257113218307e-06,0.4304916658438742,,,,,,,,,,0.00011520786210894585,17.0,2.0,0.00874633388593793,0.005343541037291288,0.005815957905724645,7.654097862541676e-05,1.6709091141819954e-05,0.18854383402504027
7,20,SIGN,15.371347594850175,4.556430155210643,0.0755956868785941,0.2574249159079045,0.020418167114257812,0.16110149980522692,,,,,,,,,0.2574249159079045,0.25741833355277777,6.582355126738548e-06,0.43894458282738924,,,,,,,,,,0.00014791591092944145,17.0,2.0,0.013451875187456608,0.006270333891734481,0.0019692908972501755,7.641687989234924e-05,1.6666948795318604e-05,0.2354858338367194
8,1,SIGN,15.7681574155322,5.791666666666666,0.07984160465013238,0.2925085420720279,0.020631375024095178,0.18814012501388788,,,,,,,,,0.2925085420720279,0.2925026237498969,5.918322131037712e-06,0.501280042110011,,,,,,,,,,8.691614493727684e-05,18.0,2.0,0.012116708094254136,0.008774250047281384,0.0006029577925801277,7.716682739555836e-05,1.7999904230237007e-05,0.27082662493921816
8,2,SIGN,15.284909709971542,5.986111111111111,0.07945010131771431,0.298192041227594,0.021544083021581173,0.18146420805715024,,,,,,,,,0.298192041227594,0.29818349750712514,8.543720468878746e-06,0.5012003323063254,,,,,,,,,,9.391619823873043e-05,18.0,2.0,0.009468666044995189,0.008143250131979585,0.002546333009377122,0.00015658303163945675,3.3291056752204895e-05,0.27774145803414285
8,3,SIGN,16.013284832590333,6.138888888888889,0.07745108390102767,0.2958949999883771,0.022828042041510344,0.2025760831311345,,,,,,,,,0.2958949999883771,0.2958865840919316,8.415896445512772e-06,0.521299125161022,,,,,,,,,,0.00010708300396800041,18.0,2.0,0.0066576250828802586,0.005978333996608853,0.002576791914179921,9.958306327462196e-05,1.5709083527326584e-05,0.2804514579474926
8,4,SIGN,15.23717438421689,6.027777777777777,0.08140946256484116,0.2829239589627832,0.020869625033810735,0.19847350008785725,,,,,,,,,0.2829239589627832,0.28291754075326025,6.41820952296257e-06,0.5022670840844512,,,,,,,,,,8.7750144302845e-05,18.0,2.0,0.005930208833888173,0.004523749928921461,0.0016472910065203905,8.645793423056602e-05,1.5208031982183456e-05,0.27062687487341464
8,5,SIGN,14.589264900159483,5.604166666666667,0.08292966146630423,0.2405943339690566,0.02408187510445714,0.2115939159411937,,,,,,,,,0.2405943339690566,0.24058670736849308,7.6266005635261536e-06,0.47627012501470745,,,,,,,,,,0.00015658303163945675,18.0,2.0,0.007460624910891056,0.004447416169568896,0.0032930001616477966,0.0001216670498251915,3.258301876485348e-05,0.22507483302615583
8,6,SIGN,16.104865063785002,6.124999999999999,0.08155415097265929,0.29287770786322653,0.015110832871869206,0.22872983291745186,,,,,,,,,0.29287770786322653,0.29286858323030174,9.12463292479515e-06,0.5367183736525476,,,,,,,,,,0.00011379201896488667,18.0,2.0,0.0076008751057088375,0.004982250044122338,0.0012914161197841167,0.00013154186308383942,4.441593773663044e-05,0.2787042921409011
8,7,SIGN,15.253183488695909,6.006944444444445,0.07802301100365079,0.2929445840418339,0.018508957931771874,0.19082041690126061,,,,,,,,,0.2929445840418339,0.29293570877052844,8.875271305441856e-06,0.5022739588748664,,,,,,,,,,0.0001489589922130108,18.0,2.0,0.00831170892342925,0.008433167124167085,0.0011071250773966312,0.0001329157967120409,3.6499928683042526e-05,0.2747653329279274
8,8,SIGN,14.740570711377293,5.993055555555555,0.08027622352970579,0.2659247920382768,0.020096000051125884,0.17993237497285008,,,,,,,,,0.2659247920382768,0.2659183342475444,6.457790732383728e-06,0.46595316706225276,,,,,,,,,,9.158416651189327e-05,18.0,2.0,0.01035016612149775,0.005518791964277625,0.0023962499108165503,0.00012083398178219795,3.337510861456394e-05,0.24740733299404383
8,9,SIGN,14.654217995506785,5.826388888888889,0.08025087587983759,0.26101604220457375,0.023313333047553897,0.18815120798535645,,,,,,,,,0.26101604220457375,0.26100858207792044,7.460126653313637e-06,0.4724805832374841,,,,,,,,,,0.00010029086843132973,18.0,2.0,0.003413582919165492,0.00884445896372199,0.0016404581256210804,0.00012120814062654972,3.987504169344902e-05,0.24684870801866055
8,10,SIGN,14.271253345864677,6.180555555555555,0.0749253638283836,0.29719237494282424,0.02024570805951953,0.20142345782369375,,,,,,,,,0.29719237494282424,0.29718616558238864,6.209360435605049e-06,0.5188615408260375,,,,,,,,,,8.754199370741844e-05,18.0,2.0,0.006999207893386483,0.006780500058084726,0.000655332813039422,6.524985656142235e-05,1.3375189155340195e-05,0.2825849577784538
8,11,SIGN,15.3166966520152,6.048611111111111,0.08020398161457182,0.21449916693381965,0.018557541072368622,0.191576458979398,,,,,,,,,0.21449916693381965,0.2144878760445863,1.1290889233350754e-05,0.4246331669855863,,,,,,,,,,0.00010295910760760307,18.0,2.0,0.008431083057075739,0.006063499953597784,0.002460791962221265,8.020899258553982e-05,1.3707904145121574e-05,0.19733562506735325
8,12,SIGN,14.352819517984651,6.173611111111111,0.07970533338200764,0.27731883293017745,0.02006016601808369,0.19292812515050173,,,,,,,,,0.27731883293017745,0.2773129597771913,5.873152986168861e-06,0.49030712409876287,,,,,,,,,,9.858398698270321e-05,18.0,2.0,0.0039042499847710133,0.007067458936944604,0.001170292031019926,8.262507617473602e-05,1.4749821275472641e-05,0.2649749999400228
8,13,SIGN,15.140106858653713,5.826388888888889,0.07714298987700885,0.29086850001476705,0.018540291115641594,0.25042937509715557,,,,,,,,,0.29086850001476705,0.2908607495483011,7.750466465950012e-06,0.5598381662275642,,,,,,,,,,9.16249118745327e-05,18.0,2.0,0.01049525011330843,0.007189624942839146,0.001472249859943986,0.00012520793825387955,4.0416838601231575e-05,0.2714463749434799
8,14,SIGN,15.539992625956987,5.715277777777778,0.07341289464407133,0.30012079095467925,0.02275437512435019,0.20788195892237127,,,,,,,,,0.30012079095467925,0.3001128756441176,7.915310561656952e-06,0.5307571250014007,,,,,,,,,,8.708285167813301e-05,18.0,2.0,0.00640529184602201,0.0049291669856756926,0.0029703339096158743,0.0001674999948590994,5.1167095080018044e-05,0.28550233296118677
8,15,SIGN,14.560262963642325,6.062499999999998,0.08255912200569696,0.29524058289825916,0.016996166203171015,0.2104764999821782,,,,,,,,,0.29524058289825916,0.2952335011214018,7.081776857376099e-06,0.5227132490836084,,,,,,,,,,9.008403867483139e-05,18.0,2.0,0.008147458080202341,0.006092459196224809,0.001481083920225501,0.00010799989104270935,1.5666009858250618e-05,0.27929874998517334
8,16,SIGN,16.176993909513378,5.625,0.07398191115424257,0.2704732909332961,0.021557792089879513,0.16190141602419317,,,,,,,,,0.2704732909332961,0.2704657930880785,7.497845217585564e-06,0.45393249904736876,,,,,,,,,,0.00010537495836615562,18.0,2.0,0.004580459091812372,0.004308666102588177,0.0015802090056240559,0.0004454581066966057,3.470899537205696e-05,0.2594109168276191
8,17,SIGN,14.95194590599454,5.347222222222222,0.0705380205133983,0.28456154093146324,0.01866020797751844,0.21106166602112353,,,,,,,,,0.28456154093146324,0.2845542917493731,7.249182090163231e-06,0.5142834149301052,,,,,,,,,,9.699980728328228e-05,18.0,2.0,0.011698458110913634,0.00413066684268415,0.00392379192635417,0.0001216670498251915,4.0082959458231926e-05,0.2645426250528544
8,18,SIGN,15.44785122564128,5.763888888888889,0.07589690914441706,0.23386691603809595,0.02111624996177852,0.2088202501181513,,,,,,,,,0.23386691603809595,0.23385878978297114,8.126255124807358e-06,0.4638034161180258,,,,,,,,,,0.00015870784409344196,18.0,2.0,0.007937249960377812,0.00935570802539587,0.0007765830960124731,0.00012145796790719032,4.091695882380009e-05,0.21546816593036056
8,19,SIGN,14.287491226557457,6.083333333333334,0.07411798266198452,0.3013010839931667,0.01428670808672905,0.17089712503366172,,,,,,,,,0.3013010839931667,0.30129366647452116,7.417518645524979e-06,0.48648491711355746,,,,,,,,,,9.233294986188412e-05,18.0,2.0,0.005597666837275028,0.009461957961320877,0.005074708955362439,8.645793423056602e-05,1.4958903193473816e-05,0.2809655829332769
8,20,SIGN,15.000382979093501,5.694444444444445,0.07516659349812164,0.30595033313147724,0.01955045899376273,0.20211066701449454,,,,,,,,,0.30595033313147724,0.3059417479671538,8.585164323449135e-06,0.5276114591397345,,,,,,,,,,8.841580711305141e-05,18.0,2.0,0.012725124834105372,0.007103708107024431,0.001320833107456565,0.0001580000389367342,3.958307206630707e-05,0.2845060830004513
