alpha_n,rep,method,time_sec,instance_gen_sec,metric_eval_sec,rp_draw_omega_sec,rp_power_iter_sec,rp_qr_sec,rp_build_core_sec,rp_reconstruct_sec,rp_small_eig_sec,rp_lift_sec,rp_kmeans_sec,algo_total_sec,algo_step_sum_sec,algo_other_sec,pipeline_total_sec,rs_sample_mask_sec,rs_build_sampled_matrix_sec,rs_eig_sec,rs_reconstruct_sec,rs_symmetrize_sec,rs_kmeans_sec,nr_eig_sec,nr_kmeans_sec,nr_copy_sec,cs_draw_hash_sec,cs_initial_multiply_sec,cs_sparse_explicit_sketch_sec,cs_power_iter_sec,cs_qr_sec,cs_build_core_sec,cs_reconstruct_sec,cs_small_eig_sec,cs_lift_sec,cs_kmeans_sec,sign_draw_omega_sec,sign_subspace_iter_sec,sign_reconstruct_sec,sign_build_core_sec,sign_small_eig_sec,sign_lift_sec,sign_kmeans_sec
0.05,1,Random Projection,0.07786083300000257,0.014944874999997637,0.17518741700000362,0.00018079099999113168,0.003825708999997346,0.001724375000009104,0.0009000840000084054,0.0012911250000087193,0.00022445900000889196,3.724999999121792e-05,0.06966520800000353,0.07786083300000257,0.07784900100001835,1.183199998422424e-05,0.26799312500000383,,,,,,,,,,,,,,,,,,,,,,,,,,
0.05,1,Random Sampling,0.1522460000000052,0.014944874999997637,0.2071429579999915,,,,,,,,,0.1522460000000052,0.15223912400001893,6.875999986277748e-06,0.37433383299999434,0.005220625000006862,0.009225499999999442,0.07633316599999773,0.0007411250000046721,0.0028060000000067475,0.05791270800000348,,,,,,,,,,,,,,,,,,,,
0.05,1,Non-random,0.47101058300000886,0.014944874999997637,0.18497370800000112,,,,,,,,,0.47101058300000886,0.4710070000000002,3.5830000086889413e-06,0.6709291660000076,,,,,,,0.43474754199999666,0.035862665999999876,0.0003967920000036429,,,,,,,,,,,,,,,,,
0.05,1,CountSketch,0.05620366600000182,0.014944874999997637,0.17213566600000263,,,,,,,,,0.05620366600000182,0.05853008199997589,0.0,0.24328420700000208,,,,,,,,,,7.645799999522751e-05,0.0023616659999987633,0.0023616659999987633,0.0025848749999966003,0.001718999999994253,0.0008499999999997954,0.0009304999999955044,0.000308040999996706,3.520900000353322e-05,0.047302666999996745,,,,,,,
0.05,1,SIGN Bidirectional,0.06078133299999422,0.014944874999997637,0.18042987500000152,,,,,,,,,0.06078133299999422,0.060773250000039525,8.08299995469497e-06,0.2561560829999934,,,,,,,,,,,,,,,,,,,,0.00017845900001134396,0.010261458000002222,0.004616083000001936,0.0009170000000011669,0.00027179200000659876,1.929200000461151e-05,0.044509166000011646
0.05,2,Random Projection,0.07587933400000679,0.014712375000001998,0.17501949999999056,0.0001784580000077085,0.003352874999990263,0.0017537089999990485,0.0007981250000028695,0.001014624999996272,0.00014500000000339242,2.0041999988507087e-05,0.06860724999999945,0.07587933400000679,0.07587008399998751,9.25000001927856e-06,0.26561120899999935,,,,,,,,,,,,,,,,,,,,,,,,,,
0.05,2,Random Sampling,0.15977399999999875,0.014712375000001998,0.21122504199999526,,,,,,,,,0.15977399999999875,0.15976266699999542,1.1333000003332927e-05,0.385711416999996,0.005286292000008075,0.009491624999995452,0.08582508300000313,0.0006881670000069562,0.003195457999993323,0.05527604199998848,,,,,,,,,,,,,,,,,,,,
0.05,2,Non-random,0.4696219999999869,0.014712375000001998,0.19041370800000834,,,,,,,,,0.4696219999999869,0.4696150839999973,6.9159999895873625e-06,0.6747480829999972,,,,,,,0.4367285840000079,0.032124959000000786,0.0007615409999885969,,,,,,,,,,,,,,,,,
0.05,2,CountSketch,0.04987712500000896,0.014712375000001998,0.1694936250000012,,,,,,,,,0.04987712500000896,0.052311958999979424,0.0,0.23408312500001216,,,,,,,,,,8.120799999744577e-05,0.0024695420000000468,0.0024695420000000468,0.0028092919999949117,0.0022108329999923626,0.0008272080000040205,0.0008411249999937809,0.00021166700000208039,3.6667000003376415e-05,0.04035487499999135,,,,,,,
0.05,2,SIGN Bidirectional,0.06367666599999211,0.014712375000001998,0.1861165419999935,,,,,,,,,0.06367666599999211,0.06366678999997077,9.87600002133604e-06,0.2645055829999876,,,,,,,,,,,,,,,,,,,,0.00018366700000171932,0.009593333999987408,0.004901915999994344,0.0011524159999964922,0.00029720799999211067,2.0040999999082487e-05,0.04751820799999962
0.05,3,Random Projection,0.05204920799999968,0.01484445899998832,0.17196629100000393,0.00018212499999492593,0.003059125000007157,0.0018111670000138247,0.0007475409999955218,0.000997249999997507,0.00021770899999751236,3.52919999926371e-05,0.044987875000003896,0.05204920799999968,0.05203808400000298,1.112399999669833e-05,0.23885995799999193,,,,,,,,,,,,,,,,,,,,,,,,,,
0.05,3,Random Sampling,0.15634716700000695,0.01484445899998832,0.205665666999991,,,,,,,,,0.15634716700000695,0.15633958300000472,7.584000002225366e-06,0.37685729299998627,0.005191832999997814,0.009219375000000696,0.08449470800000825,0.0006872919999949545,0.0028283750000070995,0.053917999999995914,,,,,,,,,,,,,,,,,,,,
0.05,3,Non-random,0.470111916999997,0.01484445899998832,0.18364929199999835,,,,,,,,,0.470111916999997,0.47010841800000946,3.4989999875278954e-06,0.6686056679999837,,,,,,,0.43327220900000896,0.03646870900000465,0.00036749999999585725,,,,,,,,,,,,,,,,,
0.05,3,CountSketch,0.0685116249999993,0.01484445899998832,0.17086316700000737,,,,,,,,,0.0685116249999993,0.0713088319999855,0.0,0.254219250999995,,,,,,,,,,7.466699999270077e-05,0.0028264999999976226,0.0028264999999976226,0.002600999999998521,0.0017295829999994794,0.0008836250000001655,0.0008993330000066635,0.00026666600000169183,1.912499999434658e-05,0.059181832999996686,,,,,,,
0.05,3,SIGN Bidirectional,0.06920049999999378,0.01484445899998832,0.17317108400000336,,,,,,,,,0.06920049999999378,0.06919287599998825,7.624000005534981e-06,0.25721604299998546,,,,,,,,,,,,,,,,,,,,0.00018504199999824777,0.010200416000003543,0.004844374999990464,0.0010052920000021004,0.00025487499999599095,1.9209000001296772e-05,0.0526836669999966
0.05,4,Random Projection,0.05906920800001103,0.014866791000002877,0.17225249999999903,0.00021029100000191647,0.0033713330000040287,0.0017565830000023652,0.0008692499999938263,0.0011131250000033788,0.000287708000001885,1.8832999998608102e-05,0.051436042000005955,0.05906920800001103,0.05906316500001196,6.042999999067433e-06,0.24618849900001294,,,,,,,,,,,,,,,,,,,,,,,,,,
0.05,4,Random Sampling,0.13676649999999313,0.014866791000002877,0.20585450000000094,,,,,,,,,0.13676649999999313,0.13675987500000986,6.624999983273483e-06,0.35748779099999695,0.005234500000000253,0.009174458000003938,0.0666576670000012,0.0006533749999988459,0.0027857500000010305,0.05225412500000459,,,,,,,,,,,,,,,,,,,,
0.05,4,Non-random,0.4681856670000002,0.014866791000002877,0.1909318329999934,,,,,,,,,0.4681856670000002,0.4681814170000109,4.2499999892697815e-06,0.6739842909999965,,,,,,,0.43046929199999795,0.037314833000010594,0.0003972920000023805,,,,,,,,,,,,,,,,,
0.05,4,CountSketch,0.06114249999998833,0.014866791000002877,0.18408349999999984,,,,,,,,,0.06114249999998833,0.06352620799998476,0.0,0.26009279099999105,,,,,,,,,,7.95830000015485e-05,0.0024152499999985366,0.0024152499999985366,0.0027164159999983895,0.001741541999990659,0.0007643750000028149,0.0008715000000023565,0.00012729200000194396,1.9791999989138276e-05,0.05237520800000084,,,,,,,
0.05,4,SIGN Bidirectional,0.09615983300000153,0.014866791000002877,0.178153750000007,,,,,,,,,0.09615983300000153,0.09614966700003436,1.0165999967171047e-05,0.2891803740000114,,,,,,,,,,,,,,,,,,,,0.0001831670000029817,0.010107833000006394,0.00462383299999658,0.0010577090000083444,0.00016529200000547917,3.275000000257933e-05,0.079979083000012
0.05,5,Random Projection,0.05239374999999313,0.014798249999998347,0.1734227500000003,0.00018608400000630354,0.0033223750000104246,0.0017680419999948072,0.0007687920000023496,0.0008954580000022361,0.0001820410000021866,3.483399999026915e-05,0.045226791000004596,0.05239374999999313,0.05238441700001317,9.332999979960732e-06,0.24061474999999177,,,,,,,,,,,,,,,,,,,,,,,,,,
0.05,5,Random Sampling,0.15986720799999432,0.014798249999998347,0.21281354199999214,,,,,,,,,0.15986720799999432,0.15986020900000142,6.9989999929021e-06,0.3874789999999848,0.005263958000000457,0.009174666999996361,0.0850759169999975,0.0005924170000071172,0.0028202499999991915,0.05693300000000079,,,,,,,,,,,,,,,,,,,,
0.05,5,Non-random,0.4622583329999941,0.014798249999998347,0.18411883400000306,,,,,,,,,0.4622583329999941,0.46225450000000023,3.832999993846897e-06,0.6611754169999955,,,,,,,0.4240305840000076,0.03785474999999394,0.0003691659999986996,,,,,,,,,,,,,,,,,
0.05,5,CountSketch,0.05574550000000045,0.014798249999998347,0.17384400000000255,,,,,,,,,0.05574550000000045,0.05806304300004683,0.0,0.24438775000000135,,,,,,,,,,7.775000000265209e-05,0.002348667000006799,0.002348667000006799,0.002517625000010071,0.001748540999997772,0.0007874170000121694,0.0008538750000042228,0.0002665420000056429,2.0041999988507087e-05,0.0470939170000122,,,,,,,
0.05,5,SIGN Bidirectional,0.06075516699999639,0.014798249999998347,0.17067620799998906,,,,,,,,,0.06075516699999639,0.06074754200000143,7.62499999495958e-06,0.2462296249999838,,,,,,,,,,,,,,,,,,,,0.0001863330000020369,0.009542292000006114,0.004589874999993526,0.0009718750000047294,0.00027000000000043656,2.191699999798402e-05,0.045165249999996604
0.05,6,Random Projection,0.06168187500000499,0.014793375000010656,0.17094983300000877,0.00018270900000061374,0.003165166000002273,0.0017230420000089453,0.0007734579999976177,0.0009396660000078327,0.0003012920000031727,1.862499999560896e-05,0.05457245799999555,0.06168187500000499,0.061676416000011614,5.458999993379621e-06,0.24742508300002442,,,,,,,,,,,,,,,,,,,,,,,,,,
0.05,6,Random Sampling,0.1297286249999985,0.014793375000010656,0.2163704580000001,,,,,,,,,0.1297286249999985,0.12972233299997527,6.292000023222499e-06,0.36089245800000924,0.005231500000007827,0.009222916999988229,0.05991116599999202,0.0006682089999969776,0.0027968329999907837,0.051891707999999426,,,,,,,,,,,,,,,,,,,,
0.05,6,Non-random,0.47520545899999433,0.014793375000010656,0.19227062500000613,,,,,,,,,0.47520545899999433,0.47520149999998296,3.959000011377611e-06,0.6822694590000111,,,,,,,0.4358967919999941,0.03890895799999328,0.00039574999999558713,,,,,,,,,,,,,,,,,
0.05,6,CountSketch,0.06018804199999295,0.014793375000010656,0.19289799999999957,,,,,,,,,0.06018804199999295,0.06250483700000586,0.0,0.2678794170000032,,,,,,,,,,8.404200001166373e-05,0.0023569170000001805,0.0023569170000001805,0.003031833999997957,0.001775416999990398,0.0010185410000076445,0.0009825420000026952,0.0002447090000003982,3.70839999987993e-05,0.05061683399999595,,,,,,,
0.05,6,SIGN Bidirectional,0.08217204199999628,0.014793375000010656,0.19158162499999776,,,,,,,,,0.08217204199999628,0.08216050000000052,1.1541999995756669e-05,0.2885470420000047,,,,,,,,,,,,,,,,,,,,0.00018579200001056506,0.010330250000009755,0.007367999999999597,0.001985832999991999,0.00018000000000029104,2.0707999993874182e-05,0.06208991699999444
0.05,7,Random Projection,0.06640870900000095,0.014844999999994002,0.18147758399999248,0.00018837499999335705,0.0038412920000041595,0.0018945409999986396,0.000910500000003367,0.001300458000002891,0.0002102499999949714,2.166699999861521e-05,0.058026874999995925,0.06640870900000095,0.06639395799999193,1.4751000009027848e-05,0.26273129299998743,,,,,,,,,,,,,,,,,,,,,,,,,,
0.05,7,Random Sampling,0.12991058299999736,0.014844999999994002,0.20937241599999368,,,,,,,,,0.12991058299999736,0.12990183099999797,8.751999999390137e-06,0.35412799899998504,0.005213916000002428,0.009383958000000803,0.05788429199999712,0.000700832999996237,0.0029409160000000156,0.05377791600000137,,,,,,,,,,,,,,,,,,,,
0.05,7,Non-random,0.4758013750000032,0.014844999999994002,0.2027227500000066,,,,,,,,,0.4758013750000032,0.4757973330000027,4.042000000481494e-06,0.6933691250000038,,,,,,,0.43662329100000363,0.03880462499999737,0.00036941700000170385,,,,,,,,,,,,,,,,,
0.05,7,CountSketch,0.08432816699999535,0.014844999999994002,0.17369587499999284,,,,,,,,,0.08432816699999535,0.0871470019999947,0.0,0.2728690419999822,,,,,,,,,,8.149999999318425e-05,0.0028506670000041368,0.0028506670000041368,0.002693167000003882,0.0014085419999929627,0.0008059999999971978,0.0008558749999991733,0.00013554199999532557,1.954200000398032e-05,0.07544550000000072,,,,,,,
0.05,7,SIGN Bidirectional,0.06052037499999585,0.014844999999994002,0.1776185420000047,,,,,,,,,0.06052037499999585,0.060507958000002304,1.2416999993547506e-05,0.25298391699999456,,,,,,,,,,,,,,,,,,,,0.00018720799999982773,0.009718790999997395,0.004793417000001909,0.001109042000010163,0.0003463750000065602,4.2624999991858203e-05,0.04431049999999459
0.05,8,Random Projection,0.0638378329999938,0.01790812500000527,0.17613841699999,0.00026700000000801083,0.003321458999991478,0.0017714589999968666,0.0008575840000020207,0.0011107920000057447,0.0002558749999934662,6.712500000105592e-05,0.0561699170000054,0.0638378329999938,0.06382121100000404,1.6621999989752112e-05,0.25788437499998906,,,,,,,,,,,,,,,,,,,,,,,,,,
0.05,8,Random Sampling,0.16050887499999078,0.01790812500000527,0.2110796669999928,,,,,,,,,0.16050887499999078,0.16049845700000276,1.041799998802162e-05,0.38949666699998886,0.005218666000004646,0.009207875000001309,0.083396166,0.0006367080000018177,0.003022916999995573,0.05901612499999942,,,,,,,,,,,,,,,,,,,,
0.05,8,Non-random,0.46822137499999883,0.01790812500000527,0.18707970799999885,,,,,,,,,0.46822137499999883,0.4682174999999802,3.875000018638275e-06,0.673209208000003,,,,,,,0.43233474999999544,0.035514124999991736,0.0003686249999930169,,,,,,,,,,,,,,,,,
0.05,8,CountSketch,0.08930674999999155,0.01790812500000527,0.1753986249999997,,,,,,,,,0.08930674999999155,0.09214674899999409,0.0,0.2826134999999965,,,,,,,,,,8.300000000360797e-05,0.0028752909999951726,0.0028752909999951726,0.00302791699999716,0.001855667000000949,0.0008661669999980859,0.0010841250000055425,0.00034449999999708325,4.549999999881038e-05,0.0790892910000025,,,,,,,
0.05,8,SIGN Bidirectional,0.08303183300000683,0.01790812500000527,0.1827032080000066,,,,,,,,,0.08303183300000683,0.08302283300000113,9.000000005698894e-06,0.2836431660000187,,,,,,,,,,,,,,,,,,,,0.00018574999999998454,0.009720708000003242,0.004963207999992392,0.0010002920000005133,0.0003127079999956095,1.9125000008557436e-05,0.06682104200000083
0.05,9,Random Projection,0.06053095800000108,0.017514750000003687,0.18772437500000194,0.0001907500000015716,0.0035088339999873597,0.0020186670000015283,0.0008362499999918782,0.0008834170000113772,0.00016900000001385251,2.0165999998766893e-05,0.05289229199999568,0.06053095800000108,0.06051937600000201,1.1581999999066284e-05,0.2657700830000067,,,,,,,,,,,,,,,,,,,,,,,,,,
0.05,9,Random Sampling,0.14919187499999964,0.017514750000003687,0.2201849589999938,,,,,,,,,0.14919187499999964,0.14917875199999742,1.3123000002224217e-05,0.3868915839999971,0.005349084000002335,0.00981879200000435,0.07880383399999857,0.0008343339999896671,0.0028804580000070246,0.051492249999995465,,,,,,,,,,,,,,,,,,,,
0.05,9,Non-random,0.5238435840000051,0.017514750000003687,0.23497199999999907,,,,,,,,,0.5238435840000051,0.5238389579999989,4.626000006169306e-06,0.7763303340000078,,,,,,,0.48407587500000204,0.03935599999999795,0.00040708299999892006,,,,,,,,,,,,,,,,,
0.05,9,CountSketch,0.09209320799999432,0.017514750000003687,0.1940406669999959,,,,,,,,,0.09209320799999432,0.09457449800000006,0.0,0.3036486249999939,,,,,,,,,,9.895799999526389e-05,0.002517916000002174,0.002517916000002174,0.0025849999999962847,0.00156549999999811,0.0008092909999959375,0.0010562909999976,0.00017545800000107192,1.9459000000665583e-05,0.08322870900001078,,,,,,,
0.05,9,SIGN Bidirectional,0.0897994160000053,0.017514750000003687,0.18903445899999838,,,,,,,,,0.0897994160000053,0.08978816600001949,1.1249999985807335e-05,0.29634862500000736,,,,,,,,,,,,,,,,,,,,0.0001885829999963562,0.009701625000005265,0.005030583000007027,0.0010979580000025635,0.00017616700000644414,2.2624999999720785e-05,0.07357062500000211
0.05,10,Random Projection,0.0920532499999922,0.01578495900000121,0.18708104200000264,0.00018504199999824777,0.003569458000001191,0.0016109999999969205,0.0008961660000039728,0.000999125000006984,0.00021708399999909034,3.554200000621677e-05,0.08452658299999882,0.0920532499999922,0.09204000000001145,1.324999998075782e-05,0.29491925099999605,,,,,,,,,,,,,,,,,,,,,,,,,,
0.05,10,Random Sampling,0.1499607500000053,0.01578495900000121,0.2136927079999964,,,,,,,,,0.1499607500000053,0.1499522919999947,8.458000010591604e-06,0.3794384170000029,0.005742208000000915,0.009358292000001711,0.07662562499999126,0.0006411250000013524,0.002805749999993168,0.05477929200000631,,,,,,,,,,,,,,,,,,,,
0.05,10,Non-random,0.48420458299999325,0.01578495900000121,0.20674599999999543,,,,,,,,,0.48420458299999325,0.48420074799999213,3.835000001117805e-06,0.7067355419999899,,,,,,,0.44514654099999973,0.038657665999991764,0.00039654100000063863,,,,,,,,,,,,,,,,,
0.05,10,CountSketch,0.07346870899999658,0.01578495900000121,0.18411458299999595,,,,,,,,,0.07346870899999658,0.07668712699998537,0.0,0.27336825099999373,,,,,,,,,,0.00012245800000698637,0.003273583999998664,0.003273583999998664,0.0030334169999974847,0.0020416250000039327,0.0009810419999922715,0.0012607919999965134,0.000233124999994061,3.620799999737301e-05,0.062431291999999416,,,,,,,
0.05,10,SIGN Bidirectional,0.08510258299997986,0.01578495900000121,0.2067735839999898,,,,,,,,,0.08510258299997986,0.08508916500001362,1.3417999966236493e-05,0.30766112599997086,,,,,,,,,,,,,,,,,,,,0.00026454199999648154,0.010218750000007049,0.004656416000003105,0.0008679580000006126,0.00016429100000436847,2.0500000005085894e-05,0.06889670799999692
0.05,11,Random Projection,0.060808790999999474,0.01685279100001935,0.18324983300001918,0.00019158300000299278,0.0034631249999961256,0.0017790830000024016,0.0007493749999980537,0.000994582999993554,0.00014941599999929167,2.00829999812413e-05,0.05345279200000164,0.060808790999999474,0.0608000399999753,8.751000024176392e-06,0.260911415000038,,,,,,,,,,,,,,,,,,,,,,,,,,
0.05,11,Random Sampling,0.17270608399999787,0.01685279100001935,0.20953487500000278,,,,,,,,,0.17270608399999787,0.17269595900003765,1.0124999960225978e-05,0.39909375000002,0.005433250000010048,0.009322792000006075,0.08227970800001572,0.0006542499999966367,0.0028632500000185246,0.07214270899999065,,,,,,,,,,,,,,,,,,,,
0.05,11,Non-random,0.47102762500000495,0.01685279100001935,0.1865523749999909,,,,,,,,,0.47102762500000495,0.47102350000002957,4.1249999753745215e-06,0.6744327910000152,,,,,,,0.4317809580000187,0.03884637499999144,0.0003961670000194317,,,,,,,,,,,,,,,,,
0.05,11,CountSketch,0.06275295799997593,0.01685279100001935,0.17840733299999556,,,,,,,,,0.06275295799997593,0.06513383399999384,0.0,0.25801308199999085,,,,,,,,,,8.083299999839255e-05,0.002418124999991278,0.002418124999991278,0.0027547919999904025,0.002046750000005204,0.0009703750000085165,0.0009841250000022228,0.0003210840000065218,1.9333000011556578e-05,0.05312029199998847,,,,,,,
0.05,11,SIGN Bidirectional,0.08500795900002345,0.01685279100001935,0.17440745899997978,,,,,,,,,0.08500795900002345,0.08499733400000764,1.0625000015807018e-05,0.2762682090000226,,,,,,,,,,,,,,,,,,,,0.00018454199999951015,0.009605292000003374,0.004646749999977828,0.0008245000000215441,0.00029587500000616274,2.1833000005244685e-05,0.06941854199999398
0.05,12,Random Projection,0.05850954199999592,0.015952416999994057,0.17373491700001864,0.00018224999999461033,0.0033376670000109243,0.0019088749999980337,0.0007953329999850212,0.0011105840000027456,0.0003294169999890073,3.5874999980478606e-05,0.050799249999982976,0.05850954199999592,0.0584992509999438,1.029100005212058e-05,0.24819687600000861,,,,,,,,,,,,,,,,,,,,,,,,,,
0.05,12,Random Sampling,0.13422983300000624,0.015952416999994057,0.20708045800000718,,,,,,,,,0.13422983300000624,0.1342222910000146,7.541999991644843e-06,0.3572627080000075,0.005210250000004635,0.009175333000001729,0.06443387500002018,0.0006365410000057636,0.0028041249999830598,0.051962166999999226,,,,,,,,,,,,,,,,,,,,
0.05,12,Non-random,0.4668370409999909,0.015952416999994057,0.1886679590000142,,,,,,,,,0.4668370409999909,0.46683325000000764,3.7909999832663743e-06,0.6714574169999992,,,,,,,0.43320487500000127,0.03323512500000447,0.000393250000001899,,,,,,,,,,,,,,,,,
0.05,12,CountSketch,0.0675204590000078,0.015952416999994057,0.1746914160000017,,,,,,,,,0.0675204590000078,0.06981841700002178,0.0,0.25816429200000357,,,,,,,,,,7.48330000135411e-05,0.0023335420000023532,0.0023335420000023532,0.0027237920000118265,0.002230749999995396,0.000958333999989236,0.0011338749999936226,0.00036466600002427185,3.808299999263909e-05,0.05762699999999654,,,,,,,
0.05,12,SIGN Bidirectional,0.08948608299999705,0.015952416999994057,0.1785077499999943,,,,,,,,,0.08948608299999705,0.08947737500002972,8.70799996732785e-06,0.2839462499999854,,,,,,,,,,,,,,,,,,,,0.0001821670000197173,0.009934290999979112,0.004783792000011999,0.0009561250000160726,0.0002757080000037604,1.9041999991031844e-05,0.07332625000000803
0.05,13,Random Projection,0.06509466700001099,0.015894583000005014,0.1731198749999976,0.00018333400001324662,0.0033427079999910347,0.0017161250000015116,0.0007512500000075306,0.0009464169999944261,0.0001930000000243126,1.9083000012187767e-05,0.05793645800000036,0.06509466700001099,0.06508837500004461,6.2919999663790804e-06,0.2541091250000136,,,,,,,,,,,,,,,,,,,,,,,,,,
0.05,13,Random Sampling,0.1296203750000018,0.015894583000005014,0.21325120800000263,,,,,,,,,0.1296203750000018,0.12961346000000162,6.915000000162763e-06,0.35876616600000943,0.005193708999996716,0.009205042000019148,0.0640037500000119,0.0006802499999878364,0.002856291999989935,0.04767441699999608,,,,,,,,,,,,,,,,,,,,
0.05,13,Non-random,0.48456175000001167,0.015894583000005014,0.19157250000000658,,,,,,,,,0.48456175000001167,0.4845572920000052,4.458000006479779e-06,0.6920288330000233,,,,,,,0.447932958999985,0.03622491699999841,0.00039941600002180166,,,,,,,,,,,,,,,,,
0.05,13,CountSketch,0.06655137499998887,0.015894583000005014,0.18907583300000397,,,,,,,,,0.06655137499998887,0.06895924699992406,0.0,0.27152179099999785,,,,,,,,,,7.879099999286154e-05,0.002441582999978209,0.002441582999978209,0.0029376669999976457,0.0019164999999929933,0.0008068329999844082,0.00090862499999389,0.0001857910000069296,1.9291000000976055e-05,0.05722258299999794,,,,,,,
0.05,13,SIGN Bidirectional,0.0721915829999773,0.015894583000005014,0.18162149999997723,,,,,,,,,0.0721915829999773,0.07218303999999875,8.542999978544685e-06,0.26970766599995954,,,,,,,,,,,,,,,,,,,,0.00018866700000330638,0.010314915999998675,0.005346500000001697,0.0007751659999826188,0.00018091699999445154,2.129099999592654e-05,0.05535558300002208
0.05,14,Random Projection,0.06788191699999402,0.01556254200002627,0.17443316700001787,0.00021491600000445032,0.0033272500000123273,0.0016389580000009119,0.0008060829999863017,0.000972958999994944,0.00021795800000745658,2.0707999993874182e-05,0.06067200000001094,0.06788191699999402,0.0678708320000112,1.1084999982813315e-05,0.25787762600003816,,,,,,,,,,,,,,,,,,,,,,,,,,
0.05,14,Random Sampling,0.1377682499999935,0.01556254200002627,0.2085699170000055,,,,,,,,,0.1377682499999935,0.13776004199996805,8.208000025433648e-06,0.36190070900002524,0.005215583999984119,0.009315417000010484,0.06725354099998526,0.0006297919999838086,0.0027778330000103324,0.052567874999994046,,,,,,,,,,,,,,,,,,,,
0.05,14,Non-random,0.4843578750000006,0.01556254200002627,0.2027718329999857,,,,,,,,,0.4843578750000006,0.484354001000014,3.8739999865811114e-06,0.7026922500000126,,,,,,,0.4432085420000078,0.040746792000021514,0.0003986669999846981,,,,,,,,,,,,,,,,,
0.05,14,CountSketch,0.07251374999998461,0.01556254200002627,0.17693558299998813,,,,,,,,,0.07251374999998461,0.07486629099994957,0.0,0.265011874999999,,,,,,,,,,7.916699999555021e-05,0.00238425000000575,0.00238425000000575,0.0027649159999896256,0.001689124999984415,0.0008556659999783278,0.0009591669999906571,0.00019224999999778447,1.945799999703013e-05,0.06353804200000468,,,,,,,
0.05,14,SIGN Bidirectional,0.07368612499999472,0.01556254200002627,0.17648658400000272,,,,,,,,,0.07368612499999472,0.07367454100000259,1.1583999992126337e-05,0.2657352510000237,,,,,,,,,,,,,,,,,,,,0.0001855419999969854,0.009507834000004323,0.005150624999998854,0.001134290999999621,0.00036308299999632254,4.708299999833798e-05,0.05728608300000815
0.05,15,Random Projection,0.08849558299999671,0.01470583300002204,0.17415483299998868,0.0001880419999906735,0.003328624999994645,0.0020857499999920037,0.0008792910000181564,0.0009988330000112455,0.0002766669999800797,1.887499999497777e-05,0.0807110410000007,0.08849558299999671,0.08848712399998249,8.459000014227058e-06,0.27735624900000744,,,,,,,,,,,,,,,,,,,,,,,,,,
0.05,15,Random Sampling,0.1469561659999954,0.01470583300002204,0.20673683399999732,,,,,,,,,0.1469561659999954,0.14694799999998054,8.166000014853125e-06,0.36839883300001475,0.005213375000010956,0.009242833000001838,0.06624837499998648,0.0006668329999968137,0.0028047919999778514,0.0627717920000066,,,,,,,,,,,,,,,,,,,,
0.05,15,Non-random,0.46409375000001774,0.01470583300002204,0.1925061249999942,,,,,,,,,0.46409375000001774,0.4640899180000133,3.832000004422298e-06,0.671305708000034,,,,,,,0.42657766700000366,0.037116083999990224,0.0003961670000194317,,,,,,,,,,,,,,,,,
0.05,15,CountSketch,0.055088666999978386,0.01470583300002204,0.17971095799998693,,,,,,,,,0.055088666999978386,0.05741412399999035,0.0,0.24950545799998736,,,,,,,,,,9.44580000066253e-05,0.0023680829999932484,0.0023680829999932484,0.002577833000003693,0.0020650419999981295,0.000929667000008294,0.000985708999991175,0.0002272909999874173,3.604200000495439e-05,0.045761916000003566,,,,,,,
0.05,15,SIGN Bidirectional,0.06606516700000498,0.01470583300002204,0.18311654100000396,,,,,,,,,0.06606516700000498,0.06605379199996264,1.137500004233516e-05,0.263887541000031,,,,,,,,,,,,,,,,,,,,0.00018629199999509183,0.01074149999999463,0.0049016669999844,0.0009441249999895263,0.0002863329999911457,4.2165999985854796e-05,0.04895170900002199
0.05,16,Random Projection,0.07455991699998776,0.01762691599998334,0.17605737499999918,0.0001896249999902011,0.0032112080000104015,0.0018982500000106484,0.000903958999998622,0.0009711250000066229,0.00023887499997954365,3.6958999999114894e-05,0.06709737500000301,0.07455991699998776,0.07454737599999817,1.2540999989596457e-05,0.2682442079999703,,,,,,,,,,,,,,,,,,,,,,,,,,
0.05,16,Random Sampling,0.15563995899998417,0.01762691599998334,0.2152524170000163,,,,,,,,,0.15563995899998417,0.15563045899995132,9.500000032858225e-06,0.3885192919999838,0.0052184999999838055,0.009260041999993973,0.08064999999999145,0.0006309590000057597,0.0027845829999932903,0.057086374999983036,,,,,,,,,,,,,,,,,,,,
0.05,16,Non-random,0.47009875000000534,0.01762691599998334,0.19480387499999097,,,,,,,,,0.47009875000000534,0.47009458400003723,4.165999968108736e-06,0.6825295409999796,,,,,,,0.42859854200000314,0.04112616700001581,0.00036987500001828266,,,,,,,,,,,,,,,,,
0.05,16,CountSketch,0.06262600000002294,0.01762691599998334,0.17773675000000821,,,,,,,,,0.06262600000002294,0.06587779400001637,0.0,0.2579896660000145,,,,,,,,,,0.00011991700000635319,0.0033029580000061287,0.0033029580000061287,0.0028655840000055832,0.0017165839999790933,0.0008003750000113996,0.0009062500000140972,0.00025370899999188623,4.291700000180754e-05,0.05256654199999389,,,,,,,
0.05,16,SIGN Bidirectional,0.05638062500000274,0.01762691599998334,0.1838706250000257,,,,,,,,,0.05638062500000274,0.05636929200005625,1.1332999946489508e-05,0.2578781660000118,,,,,,,,,,,,,,,,,,,,0.0002685000000042237,0.009864917000015794,0.004622583000013947,0.000940041000006886,0.000336833000005754,3.883400000859183e-05,0.04029758400000105
0.05,17,Random Projection,0.07274574999999572,0.014913041999989218,0.17791745800002445,0.0001929999999958909,0.0032757500000002437,0.001433166999987634,0.0007463329999950474,0.0009553339999968102,0.00020370900000443726,2.104100002497944e-05,0.0659069169999782,0.07274574999999572,0.07273525099998324,1.0499000012487159e-05,0.2655762500000094,,,,,,,,,,,,,,,,,,,,,,,,,,
0.05,17,Random Sampling,0.13918270799999277,0.014913041999989218,0.2067293329999984,,,,,,,,,0.13918270799999277,0.13917420599997854,8.50200001423218e-06,0.3608250829999804,0.005210249999976213,0.012297832999990987,0.06442191599998637,0.0006929159999913281,0.002793750000023465,0.05375754100001018,,,,,,,,,,,,,,,,,,,,
0.05,17,Non-random,0.4886799159999953,0.014913041999989218,0.1915262910000024,,,,,,,,,0.4886799159999953,0.488675709000006,4.206999989264659e-06,0.6951192489999869,,,,,,,0.45188629200001174,0.03642179199999873,0.00036762499999554166,,,,,,,,,,,,,,,,,
0.05,17,CountSketch,0.16248841699999161,0.014913041999989218,0.19630237500001613,,,,,,,,,0.16248841699999161,0.16482137599999191,0.0,0.37370383399999696,,,,,,,,,,8.224999999129068e-05,0.0023682089999965683,0.0023682089999965683,0.002940582999997332,0.0017852500000117288,0.0008636249999938173,0.0008919999999932315,0.0001282500000172604,1.9750000006979462e-05,0.15337324999998714,,,,,,,
0.05,17,SIGN Bidirectional,0.06216266699999551,0.014913041999989218,0.1859026249999829,,,,,,,,,0.06216266699999551,0.06214929300000449,1.3373999991017627e-05,0.2629783339999676,,,,,,,,,,,,,,,,,,,,0.00027920900001277005,0.00959120800001756,0.00505362499998796,0.0007799169999884725,0.00016879200001085337,2.058399999782523e-05,0.04625595799998905
0.05,18,Random Projection,0.05875954200001843,0.015014624999992066,0.1801777500000128,0.00018291700001782374,0.003210041000016872,0.001409582999997383,0.0007765000000006239,0.0008417089999852578,0.0002630830000214246,2.14169999992464e-05,0.05204475000002162,0.05875954200001843,0.058750000000060254,9.54199995817362e-06,0.2539519170000233,,,,,,,,,,,,,,,,,,,,,,,,,,
0.05,18,Random Sampling,0.14646829200000866,0.015014624999992066,0.20920150000000604,,,,,,,,,0.14646829200000866,0.14645924999999238,9.042000016279417e-06,0.37068441700000676,0.005323124999989659,0.009484333000017386,0.07201179199998364,0.00064812499999789,0.0029757920000008653,0.056016083000002936,,,,,,,,,,,,,,,,,,,,
0.05,18,Non-random,0.4677111249999939,0.015014624999992066,0.18507837500001756,,,,,,,,,0.4677111249999939,0.4677072510000073,3.8739999865811114e-06,0.6678041250000035,,,,,,,0.4342078330000163,0.033103584000002684,0.00039583399998832647,,,,,,,,,,,,,,,,,
0.05,18,CountSketch,0.05628458300000716,0.015014624999992066,0.17101754099999766,,,,,,,,,0.05628458300000716,0.058586167999976624,0.0,0.2423167489999969,,,,,,,,,,7.504199999175398e-05,0.002338707999996359,0.002338707999996359,0.0026711669999883725,0.0017188340000018343,0.0008568340000181252,0.0009316659999853982,0.00028212500001245644,1.9458999986454728e-05,0.04735362499999951,,,,,,,
0.05,18,SIGN Bidirectional,0.08758604100000866,0.015014624999992066,0.17632370900000183,,,,,,,,,0.08758604100000866,0.08757720900001686,8.831999991798511e-06,0.27892437500000256,,,,,,,,,,,,,,,,,,,,0.00018637499999840657,0.009898332999995318,0.004508458999993081,0.0008976250000216623,0.0002990000000124837,1.8958999987717107e-05,0.0717684580000082
0.05,19,Random Projection,0.07570570800001519,0.01476495800000066,0.17119066699999053,0.00018450000001735134,0.0033578340000133267,0.0017472499999939828,0.0009121660000062093,0.0009873340000012831,0.0003271249999841075,3.4499999998161e-05,0.06814441699998497,0.07570570800001519,0.07569512599999939,1.0582000015801896e-05,0.2616613330000064,,,,,,,,,,,,,,,,,,,,,,,,,,
0.05,19,Random Sampling,0.1323619160000078,0.01476495800000066,0.21388404100000002,,,,,,,,,0.1323619160000078,0.13235554299998853,6.373000019266328e-06,0.3610109150000085,0.005196165999990399,0.009213375000001633,0.0654715420000116,0.0006712089999894033,0.0028111670000043887,0.04899208399999111,,,,,,,,,,,,,,,,,,,,
0.05,19,Non-random,0.46208579200001054,0.01476495800000066,0.1893076659999906,,,,,,,,,0.46208579200001054,0.4620819579999704,3.8340000401149155e-06,0.6661584160000018,,,,,,,0.4231920829999751,0.038494958000001134,0.00039491699999416596,,,,,,,,,,,,,,,,,
0.05,19,CountSketch,0.060658582999991495,0.01476495800000066,0.17050829199999384,,,,,,,,,0.060658582999991495,0.06348191699996164,0.0,0.245931832999986,,,,,,,,,,8.099999999444663e-05,0.0028547089999904074,0.0028547089999904074,0.0024707499999863103,0.0017111250000141354,0.0008052089999921463,0.0010013749999870925,0.0002930410000203665,1.9291000000976055e-05,0.05139070799998535,,,,,,,
0.05,19,SIGN Bidirectional,0.07865458300000228,0.01476495800000066,0.182587916000017,,,,,,,,,0.07865458300000228,0.07864691699995774,7.666000044537213e-06,0.27600745700001994,,,,,,,,,,,,,,,,,,,,0.00018108300000108102,0.010065541999978223,0.004863374999985126,0.0010184159999937492,0.00028754199999525554,2.0374999991190634e-05,0.062210584000013114
0.05,20,Random Projection,0.07757058299998221,0.01508620799998539,0.180180541999988,0.00018166699999255798,0.0035042500000201926,0.0016328330000021651,0.0008901669999943351,0.000923540999991701,0.0002770419999933438,3.81249999747979e-05,0.07011187500000915,0.07757058299998221,0.07755949999997824,1.1083000003964116e-05,0.2728373329999556,,,,,,,,,,,,,,,,,,,,,,,,,,
0.05,20,Random Sampling,0.1371198340000035,0.01508620799998539,0.21289300000000821,,,,,,,,,0.1371198340000035,0.137112749000039,7.084999964490635e-06,0.3650990419999971,0.005235042000009571,0.009229792000013504,0.06389966599999752,0.0006380000000092423,0.0028623329999959424,0.05524791600001322,,,,,,,,,,,,,,,,,,,,
0.05,20,Non-random,0.5030222919999972,0.01508620799998539,0.18801616600001125,,,,,,,,,0.5030222919999972,0.5030180830000006,4.208999996535567e-06,0.7061246659999938,,,,,,,0.4692155420000006,0.033407250000010436,0.0003952909999895837,,,,,,,,,,,,,,,,,
0.05,20,CountSketch,0.05842808399998489,0.01508620799998539,0.17778154100000165,,,,,,,,,0.05842808399998489,0.061234415999962266,0.0,0.25129583299997194,,,,,,,,,,7.8457999990178e-05,0.0028382499999963784,0.0028382499999963784,0.0026835829999924954,0.001880833000001303,0.0009633329999871876,0.001015916000000061,0.00028016699999966477,2.008399999908761e-05,0.04863554199999953,,,,,,,
0.05,20,SIGN Bidirectional,0.059067083000002185,0.01508620799998539,0.1769292500000006,,,,,,,,,0.059067083000002185,0.05905795900000044,9.124000001747845e-06,0.25108254099998817,,,,,,,,,,,,,,,,,,,,0.00019991700000332457,0.009476125000020375,0.004458207999988417,0.0009965000000136115,0.0002888329999848338,1.9917000003033536e-05,0.04361845899998684
0.1,1,Random Projection,0.0372044169999981,0.014828832999995711,0.17119599999998059,0.00018304099998545098,0.003288959000002478,0.001768042000009018,0.0009083330000123624,0.0009097909999979947,0.00029933300001516727,2.0541999987244708e-05,0.029819791999983636,0.0372044169999981,0.03719783299999335,6.5840000047501235e-06,0.2232292499999744,,,,,,,,,,,,,,,,,,,,,,,,,,
0.1,1,Random Sampling,0.09326187500002447,0.014828832999995711,0.20849170799999683,,,,,,,,,0.09326187500002447,0.09325404000000503,7.835000019440486e-06,0.316582416000017,0.0051924159999998665,0.009234915999996929,0.03819320799999559,0.0006942500000093332,0.0028001249999931588,0.037139125000010154,,,,,,,,,,,,,,,,,,,,
0.1,1,Non-random,0.46920820799999774,0.014828832999995711,0.18891016699998886,,,,,,,,,0.46920820799999774,0.4692042490000006,3.958999997166757e-06,0.6729472079999823,,,,,,,0.43672158300000774,0.032086749999990616,0.0003959160000022166,,,,,,,,,,,,,,,,,
0.1,1,CountSketch,0.037909042000023874,0.014828832999995711,0.17569220799998675,,,,,,,,,0.037909042000023874,0.04022979100000157,0.0,0.22843008300000633,,,,,,,,,,7.533400000170332e-05,0.002352000000001908,0.002352000000001908,0.0029993750000016917,0.0017667910000227494,0.0008501249999994798,0.0009186249999970642,0.0003043330000025435,1.9207999997661318e-05,0.02859199999997486,,,,,,,
0.1,1,SIGN Bidirectional,0.05271799999999871,0.014828832999995711,0.1747847500000148,,,,,,,,,0.05271799999999871,0.052710291999972014,7.708000026696027e-06,0.24233158300000923,,,,,,,,,,,,,,,,,,,,0.00017620799999917836,0.01011308299999314,0.004624124999992318,0.0009868750000237014,0.0003010000000074342,1.8916999977136584e-05,0.036490083999979106
0.1,2,Random Projection,0.04036508300001174,0.015248582999987548,0.17533195800001522,0.00018254199997613796,0.0033233329999973193,0.0017757080000251335,0.0007917079999799626,0.0008806250000077398,0.0002917500000023665,1.8917000005558293e-05,0.03309412499999098,0.04036508300001174,0.0403587079999852,6.375000026537236e-06,0.2309456240000145,,,,,,,,,,,,,,,,,,,,,,,,,,
0.1,2,Random Sampling,0.09093758299999877,0.015248582999987548,0.2064670000000035,,,,,,,,,0.09093758299999877,0.09092920899999513,8.374000003641413e-06,0.3126531659999898,0.006133457999993652,0.009273500000006152,0.03669895900000597,0.0006516249999890533,0.0027685420000125305,0.03540312499998777,,,,,,,,,,,,,,,,,,,,
0.1,2,Non-random,0.4749373749999961,0.015248582999987548,0.1927876670000046,,,,,,,,,0.4749373749999961,0.4749339159999977,3.4589999984291353e-06,0.6829736249999883,,,,,,,0.4457473749999963,0.028791458000000603,0.00039508300000079544,,,,,,,,,,,,,,,,,
0.1,2,CountSketch,0.04432212500000787,0.015248582999987548,0.1801785000000109,,,,,,,,,0.04432212500000787,0.04698483500001771,0.0,0.23974920800000632,,,,,,,,,,0.00011983299998519215,0.0027093340000021726,0.0027093340000021726,0.002674082999988059,0.0015446670000187623,0.0008173749999969004,0.0008368750000045111,0.00016350000001352782,2.1209000010458112e-05,0.035388624999995955,,,,,,,
0.1,2,SIGN Bidirectional,0.063017957999989,0.015248582999987548,0.1717643750000093,,,,,,,,,0.063017957999989,0.06300945800001045,8.499999978539563e-06,0.25003091599998584,,,,,,,,,,,,,,,,,,,,0.00018137500001103035,0.010037582999984807,0.00476604199999997,0.0009296659999904477,0.00028245800001514,2.0542000015666417e-05,0.04679179199999339
0.1,3,Random Projection,0.037795415999994475,0.014829917000014348,0.17374354100002165,0.00018333299999540031,0.003235750000015969,0.0017481669999881433,0.0008640410000282372,0.0010060840000107873,0.0002972080000063215,1.9166000015502505e-05,0.03043437499999868,0.037795415999994475,0.03778812400005904,7.291999935432614e-06,0.22636887400003047,,,,,,,,,,,,,,,,,,,,,,,,,,
0.1,3,Random Sampling,0.08374558299999535,0.014829917000014348,0.20772754200001486,,,,,,,,,0.08374558299999535,0.08373704100003465,8.541999960698377e-06,0.30630304200002456,0.005209707999995317,0.00919466700000271,0.0300313750000214,0.0007661670000231879,0.0028497909999884996,0.03568533300000354,,,,,,,,,,,,,,,,,,,,
0.1,3,Non-random,0.4441097910000167,0.014829917000014348,0.18451129199999627,,,,,,,,,0.4441097910000167,0.4441065419999859,3.249000030791649e-06,0.6434510000000273,,,,,,,0.41652824999999893,0.027213999999986527,0.0003642920000004324,,,,,,,,,,,,,,,,,
0.1,3,CountSketch,0.03719112499999255,0.014829917000014348,0.17056495799999993,,,,,,,,,0.03719112499999255,0.039499747999997226,0.0,0.22258600000000683,,,,,,,,,,7.704099999727987e-05,0.002342166999994788,0.002342166999994788,0.002550540999976647,0.0018754160000185038,0.0009217500000033851,0.0008991660000106094,0.000353500000016993,4.1041000002906e-05,0.028096958999981325,,,,,,,
0.1,3,SIGN Bidirectional,0.056421000000000276,0.014829917000014348,0.1733637920000035,,,,,,,,,0.056421000000000276,0.05641099999996868,1.0000000031595846e-05,0.24461470900001814,,,,,,,,,,,,,,,,,,,,0.00017725000000723412,0.010424041999982592,0.004762541999980385,0.0009919999999965512,0.0003388330000007045,4.28330000090682e-05,0.039673499999992146
0.1,4,Random Projection,0.03636362499997858,0.014768166999999721,0.17169250000000602,0.00017941600000881408,0.003204624999995076,0.0017115420000095583,0.000874333000012939,0.0010729999999909978,0.0003066250000074433,1.9084000001612367e-05,0.028988708000014185,0.03636362499997858,0.036357333000040626,6.291999937957371e-06,0.22282429199998433,,,,,,,,,,,,,,,,,,,,,,,,,,
0.1,4,Random Sampling,0.09139325000001008,0.014768166999999721,0.20605949999998074,,,,,,,,,0.09139325000001008,0.09138683300002981,6.4169999802743405e-06,0.31222091699999055,0.005200999999999567,0.009183250000006637,0.03837708300000031,0.0006231250000041655,0.0028078340000092794,0.03519454100000985,,,,,,,,,,,,,,,,,,,,
0.1,4,Non-random,0.4519948749999969,0.014768166999999721,0.22465037500001017,,,,,,,,,0.4519948749999969,0.4519897919999778,5.08300001911266e-06,0.6914134170000068,,,,,,,0.4224032919999843,0.028895250000005035,0.0006912499999884858,,,,,,,,,,,,,,,,,
0.1,4,CountSketch,0.04556962500001305,0.014768166999999721,0.1765364160000047,,,,,,,,,0.04556962500001305,0.04794212599995262,0.0,0.23687420800001746,,,,,,,,,,7.404199999427874e-05,0.002407417000000578,0.002407417000000578,0.003320792000010897,0.002085124999979371,0.0011133750000169584,0.001100124999993568,0.00017233399998417553,1.983299998187249e-05,0.035241665999990346,,,,,,,
0.1,4,SIGN Bidirectional,0.05607341600000382,0.014768166999999721,0.1806857079999986,,,,,,,,,0.05607341600000382,0.056062877000044864,1.0538999958953355e-05,0.25152729100000215,,,,,,,,,,,,,,,,,,,,0.00018816700000456876,0.00982104199999867,0.004655167000009897,0.0009591250000084983,0.0003651670000124341,4.429200001254685e-05,0.04002991699999825
0.1,5,Random Projection,0.04282791699998256,0.015022834000006924,0.17849708299999634,0.00018816700000456876,0.00367495899999426,0.0019699579999894468,0.0007968749999918145,0.0009087089999866294,0.00017320800000675263,2.2166000007928233e-05,0.035083665999991354,0.04282791699998256,0.042817707999972754,1.0209000009808733e-05,0.23634783399998582,,,,,,,,,,,,,,,,,,,,,,,,,,
0.1,5,Random Sampling,0.09460883299999523,0.015022834000006924,0.21547325000000228,,,,,,,,,0.09460883299999523,0.09459712599999648,1.1706999998750689e-05,0.32510491700000443,0.005638041999986854,0.009255916999990177,0.03964904200000774,0.000654333999989376,0.003048916000011559,0.036350875000010774,,,,,,,,,,,,,,,,,,,,
0.1,5,Non-random,0.4494629170000053,0.015022834000006924,0.1833944579999809,,,,,,,,,0.4494629170000053,0.44945924900002865,3.6679999766420224e-06,0.6478802089999931,,,,,,,0.4207747910000137,0.028285667000005787,0.0003987910000091688,,,,,,,,,,,,,,,,,
0.1,5,CountSketch,0.037974917000013875,0.015022834000006924,0.16860608400000388,,,,,,,,,0.037974917000013875,0.040776085000032936,0.0,0.22160383500002467,,,,,,,,,,7.916699999555021e-05,0.002834917000001269,0.002834917000001269,0.002768042000013793,0.0019411669999840342,0.0008558330000028036,0.0008977500000071359,0.0002816250000137188,1.8959000016138816e-05,0.028263707999997223,,,,,,,
0.1,5,SIGN Bidirectional,0.05679429200000641,0.015022834000006924,0.17770612500001448,,,,,,,,,0.05679429200000641,0.05678583499999945,8.45700000695615e-06,0.2495232510000278,,,,,,,,,,,,,,,,,,,,0.00018545899999367066,0.01031295900000373,0.004639042000007976,0.0008777500000007876,0.0002755409999792846,2.0167000002402347e-05,0.0404749170000116
0.1,6,Random Projection,0.03488466599998219,0.014767874999989772,0.1746474580000097,0.0001828329999966627,0.003271042000022817,0.0017810409999867716,0.000737208000003875,0.0008993330000066635,0.00029879100000584913,1.970899998582354e-05,0.027689583000011453,0.03488466599998219,0.034879540000019915,5.1259999622743635e-06,0.22429999899998165,,,,,,,,,,,,,,,,,,,,,,,,,,
0.1,6,Random Sampling,0.08346958399999949,0.014767874999989772,0.2068334170000128,,,,,,,,,0.08346958399999949,0.08346208399996158,7.500000037907739e-06,0.30507087600000204,0.005204916999986153,0.009231499999998505,0.031179708999985678,0.0005987499999946522,0.002805582999997114,0.034441624999999476,,,,,,,,,,,,,,,,,,,,
0.1,6,Non-random,0.4585991250000063,0.014767874999989772,0.2330299999999852,,,,,,,,,0.4585991250000063,0.4585948330000065,4.2919999998503044e-06,0.7063969999999813,,,,,,,0.4236159579999992,0.03457070800001816,0.00040816699998913464,,,,,,,,,,,,,,,,,
0.1,6,CountSketch,0.046678541999995105,0.014767874999989772,0.19873954199999844,,,,,,,,,0.046678541999995105,0.04950229400003536,0.0,0.2601859589999833,,,,,,,,,,8.195899999918765e-05,0.0028629580000085753,0.0028629580000085753,0.002600709000006418,0.001754667000000154,0.0010106249999921602,0.0009379170000158865,0.0002743750000036016,2.3542000008092145e-05,0.03709258399999271,,,,,,,
0.1,6,SIGN Bidirectional,0.05353920799998946,0.014767874999989772,0.19690104200000746,,,,,,,,,0.05353920799998946,0.05352858299997365,1.0625000015807018e-05,0.2652081249999867,,,,,,,,,,,,,,,,,,,,0.00018495899999493304,0.009271165999990671,0.005075833000006469,0.0009741249999990487,0.0002331669999762198,3.33749999867905e-05,0.03775595800001952
0.1,7,Random Projection,0.048535250000014685,0.015261250000008886,0.22317404199998236,0.00018429200000014134,0.0034385410000083994,0.0019418749999999818,0.0007790829999976268,0.0009444589999816344,0.00019149999999967804,2.0041999988507087e-05,0.0410255000000177,0.048535250000014685,0.04852529199999367,9.958000021015323e-06,0.28697054200000593,,,,,,,,,,,,,,,,,,,,,,,,,,
0.1,7,Random Sampling,0.10354624999999373,0.015261250000008886,0.2354470420000041,,,,,,,,,0.10354624999999373,0.10353675199999657,9.497999997165607e-06,0.3542545420000067,0.004854833999985431,0.00953133300001241,0.042730167000001984,0.0007195839999951659,0.003009083999984341,0.04269175000001724,,,,,,,,,,,,,,,,,,,,
0.1,7,Non-random,0.5596180830000037,0.015261250000008886,0.22246824999999149,,,,,,,,,0.5596180830000037,0.5596130010000024,5.082000001266351e-06,0.7973475830000041,,,,,,,0.5305761250000103,0.02865504199999691,0.00038183399999525136,,,,,,,,,,,,,,,,,
0.1,7,CountSketch,0.051857084000005216,0.015261250000008886,0.21128708300000199,,,,,,,,,0.051857084000005216,0.05441816800004062,0.0,0.2784054170000161,,,,,,,,,,9.308399998531058e-05,0.0025977500000067266,0.0025977500000067266,0.002842333000018016,0.002138125000016089,0.0008481250000045293,0.0008725419999962014,0.0002955830000246351,2.854199999546836e-05,0.04210433399998692,,,,,,,
0.1,7,SIGN Bidirectional,0.05674824999999828,0.015261250000008886,0.2098341669999968,,,,,,,,,0.05674824999999828,0.05673845799992705,9.792000071229268e-06,0.28184366700000396,,,,,,,,,,,,,,,,,,,,0.00020712499997443956,0.010408415999989984,0.004894208999985494,0.00097266599999557,0.00023212499999658576,2.008300000966301e-05,0.04000383399997531
0.1,8,Random Projection,0.04245229200000722,0.01601004099998704,0.2078379170000062,0.00020195800001943098,0.0036556669999754376,0.001593749999983629,0.0009137919999773203,0.0010975829999892994,0.00024112500000228465,2.0000000006348273e-05,0.034721582999992506,0.04245229200000722,0.04244545799994626,6.834000060962353e-06,0.26630025000000046,,,,,,,,,,,,,,,,,,,,,,,,,,
0.1,8,Random Sampling,0.10178812499998457,0.01601004099998704,0.23486670900001627,,,,,,,,,0.10178812499998457,0.10177770799992913,1.041700005544044e-05,0.3526648749999879,0.005361791999973775,0.009928166999998211,0.044204915999983996,0.0007450409999876229,0.0029599169999983133,0.038577874999987216,,,,,,,,,,,,,,,,,,,,
0.1,8,Non-random,0.5842947090000052,0.01601004099998704,0.2225817910000103,,,,,,,,,0.5842947090000052,0.584290875000022,3.833999983271497e-06,0.8228865410000026,,,,,,,0.5520727500000078,0.03184433300000933,0.0003737920000048689,,,,,,,,,,,,,,,,,
0.1,8,CountSketch,0.041300917000000936,0.01601004099998704,0.20322325000000774,,,,,,,,,0.041300917000000936,0.04363962399997945,0.0,0.2605342079999957,,,,,,,,,,8.741700000314268e-05,0.0023722499999792035,0.0023722499999792035,0.002726000000023987,0.0015869579999900907,0.0010876249999967058,0.0010806249999859574,0.00021720800000935014,1.950000000761065e-05,0.0320897910000042,,,,,,,
0.1,8,SIGN Bidirectional,0.05740487500000313,0.01601004099998704,0.19156829199999947,,,,,,,,,0.05740487500000313,0.057394916999982115,9.958000021015323e-06,0.26498320799998965,,,,,,,,,,,,,,,,,,,,0.00017962499998702697,0.00880695800000808,0.004774083000000928,0.00393229200000178,0.00021233399999687208,2.1582999977454165e-05,0.03946804200000997
0.1,9,Random Projection,0.03774991700001351,0.014898375000001352,0.18331562500000587,0.00017916699999886987,0.003346750000019938,0.0015586670000118374,0.0010002500000041437,0.001166709000017363,0.00020387499998264502,1.9208999987085917e-05,0.03026845799999478,0.03774991700001351,0.03774308500001666,6.831999996848026e-06,0.23596391700002073,,,,,,,,,,,,,,,,,,,,,,,,,,
0.1,9,Random Sampling,0.08360429200001818,0.014898375000001352,0.2136401669999941,,,,,,,,,0.08360429200001818,0.08359825099998375,6.041000034429089e-06,0.31214283400001364,0.005195416999981717,0.009225624999999127,0.031999208000002,0.0010624589999963518,0.002834750000005215,0.03328079199999934,,,,,,,,,,,,,,,,,,,,
0.1,9,Non-random,0.4843247910000059,0.014898375000001352,0.1925702090000243,,,,,,,,,0.4843247910000059,0.4843206659999737,4.12500003221794e-06,0.6917933750000316,,,,,,,0.457912207999982,0.026039249999996628,0.00036920799999506926,,,,,,,,,,,,,,,,,
0.1,9,CountSketch,0.05310137500001133,0.014898375000001352,0.18018362499998375,,,,,,,,,0.05310137500001133,0.05543154200006484,0.0,0.24818337499999643,,,,,,,,,,8.22920000018712e-05,0.0023677500000189866,0.0023677500000189866,0.0028495000000248183,0.001760375000003478,0.0007968749999918145,0.0009515830000168535,0.0002202910000050906,2.0417000001771157e-05,0.04401470899998117,,,,,,,
0.1,9,SIGN Bidirectional,0.04650670800000967,0.014898375000001352,0.1781911250000121,,,,,,,,,0.04650670800000967,0.04649791599993591,8.792000073754025e-06,0.23959620800002313,,,,,,,,,,,,,,,,,,,,0.0001853329999903508,0.009961042000014686,0.0046892919999947935,0.0009463749999838456,0.000295874999977741,2.020799999513656e-05,0.03039979099997936
0.1,10,Random Projection,0.037109165999993365,0.014934832999983882,0.1813263749999976,0.0001839589999974578,0.003388791999981322,0.0017147910000119282,0.000896250000010923,0.0009896250000167583,0.00018425000001798253,1.9208999987085917e-05,0.029723291000010477,0.037109165999993365,0.037100167000033935,8.998999959430876e-06,0.23337037399997484,,,,,,,,,,,,,,,,,,,,,,,,,,
0.1,10,Random Sampling,0.09097966699999915,0.014934832999983882,0.21899487499999282,,,,,,,,,0.09097966699999915,0.09097178999999755,7.877000001599299e-06,0.32490937499997585,0.005232790999997405,0.00918166700000711,0.037504415999990215,0.000675708000017039,0.0028034159999776875,0.0355737920000081,,,,,,,,,,,,,,,,,,,,
0.1,10,Non-random,0.46485079200002133,0.014934832999983882,0.18996350000000461,,,,,,,,,0.46485079200002133,0.4648472910000123,3.5010000090096582e-06,0.6697491250000098,,,,,,,0.4389765410000166,0.025478582999994615,0.00039216700000110905,,,,,,,,,,,,,,,,,
0.1,10,CountSketch,0.04808070800001474,0.014934832999983882,0.178835792000001,,,,,,,,,0.04808070800001474,0.050950749999941536,0.0,0.2418513329999996,,,,,,,,,,8.170899999981884e-05,0.0029039579999903253,0.0029039579999903253,0.002677124999991065,0.001778083999994351,0.0009050829999921461,0.0010118749999890042,0.00029433299999936935,4.2624999991858203e-05,0.03835200000000327,,,,,,,
0.1,10,SIGN Bidirectional,0.04574516599998901,0.014934832999983882,0.17372612500000173,,,,,,,,,0.04574516599998901,0.04573729099996626,7.8750000227501e-06,0.23440612399997462,,,,,,,,,,,,,,,,,,,,0.00018662499999777538,0.009694790999986935,0.004727959000007331,0.0008132909999858384,0.0002930839999919499,1.9207999997661318e-05,0.03000233299999877
0.1,11,Random Projection,0.03770970799999418,0.015326249999986885,0.170440708000001,0.00018604199999572302,0.0031333340000117005,0.0018129999999985102,0.0007543749999854299,0.0010772920000192698,0.00036916699997391333,1.899999998045132e-05,0.030351834000015288,0.03770970799999418,0.037704043999980286,5.6640000138941105e-06,0.22347666599998206,,,,,,,,,,,,,,,,,,,,,,,,,,
0.1,11,Random Sampling,0.09742887500001984,0.015326249999986885,0.20775324999999611,,,,,,,,,0.09742887500001984,0.0974227500000211,6.124999998746716e-06,0.32050837500000284,0.005196167000008245,0.009185250000001588,0.03836279200001513,0.0007681250000075579,0.002793582999998989,0.04111683299998958,,,,,,,,,,,,,,,,,,,,
0.1,11,Non-random,0.44854095799999527,0.015326249999986885,0.1862097080000069,,,,,,,,,0.44854095799999527,0.44853775099997506,3.207000020211126e-06,0.6500769159999891,,,,,,,0.42146133399998575,0.02670979199999124,0.0003666249999980664,,,,,,,,,,,,,,,,,
0.1,11,CountSketch,0.038044999999982565,0.015326249999986885,0.18119279199999028,,,,,,,,,0.038044999999982565,0.04036475000000905,0.0,0.23456404199995973,,,,,,,,,,7.804199998417971e-05,0.0023546660000022257,0.0023546660000022257,0.002456667000018342,0.0017950840000082735,0.0009082919999912065,0.0009712909999848307,0.0003260409999938929,2.083400002561575e-05,0.02909916699999826,,,,,,,
0.1,11,SIGN Bidirectional,0.05152283300000704,0.015326249999986885,0.17529012500000363,,,,,,,,,0.05152283300000704,0.05151258200001507,1.0250999991967547e-05,0.24213920799999755,,,,,,,,,,,,,,,,,,,,0.00018570800000361487,0.010059874999996055,0.004557374999990316,0.0009559579999915968,0.0003171670000199356,2.1790999994664162e-05,0.03541470800001889
0.1,12,Random Projection,0.03724466600002074,0.015328874999994468,0.18320629200002259,0.00018233400001577138,0.0032598340000049575,0.0017619580000030055,0.0010546249999947577,0.0010385410000139927,0.00031195799999750307,1.970799999639894e-05,0.029607208000015817,0.03724466600002074,0.0372361660000422,8.499999978539563e-06,0.2357798330000378,,,,,,,,,,,,,,,,,,,,,,,,,,
0.1,12,Random Sampling,0.0967981249999923,0.015328874999994468,0.21194533300001694,,,,,,,,,0.0967981249999923,0.09678933399999323,8.790999999064297e-06,0.3240723330000037,0.005661083999996208,0.009349917000008645,0.039244875000008506,0.0006570829999930083,0.0028114589999859163,0.03906491600000095,,,,,,,,,,,,,,,,,,,,
0.1,12,Non-random,0.4497083340000074,0.015328874999994468,0.18746991599999774,,,,,,,,,0.4497083340000074,0.4497042930000248,4.040999982635185e-06,0.6525071249999996,,,,,,,0.42028929200000675,0.029021917000022768,0.00039308399999526955,,,,,,,,,,,,,,,,,
0.1,12,CountSketch,0.0382994169999904,0.015328874999994468,0.17188350000000696,,,,,,,,,0.0382994169999904,0.0408803349999971,0.0,0.22551179199999183,,,,,,,,,,0.00012250000000335604,0.0026316249999922547,0.0026316249999922547,0.002710541999988436,0.0017214169999988371,0.0008362920000024587,0.0009253750000084437,0.0003126670000028753,3.483399999026915e-05,0.028953458000017918,,,,,,,
0.1,12,SIGN Bidirectional,0.07668379200001141,0.015328874999994468,0.1726510000000019,,,,,,,,,0.07668379200001141,0.07667308200001344,1.0709999997970954e-05,0.26466366700000776,,,,,,,,,,,,,,,,,,,,0.00026666599998748097,0.010857583000017712,0.00468487500000947,0.0009681250000141972,0.0002802500000029795,1.9624999993084202e-05,0.059595957999988514
0.1,13,Random Projection,0.034844415999998546,0.015592709000003424,0.17288441599998805,0.00018158299999981864,0.0033284589999880154,0.002061457999985805,0.0008548330000053284,0.0009248329999991256,0.00028983299998230905,1.900000000887303e-05,0.027177292000004627,0.034844415999998546,0.0348372909999739,7.1250000246436684e-06,0.22332154099999002,,,,,,,,,,,,,,,,,,,,,,,,,,
0.1,13,Random Sampling,0.09269162499998629,0.015592709000003424,0.20621258299999567,,,,,,,,,0.09269162499998629,0.09268220800001359,9.416999972700069e-06,0.3144969169999854,0.005207500000011578,0.009213291999998319,0.038843958000001066,0.0007539160000078482,0.0036071250000020427,0.035056416999992734,,,,,,,,,,,,,,,,,,,,
0.1,13,Non-random,0.4544659580000143,0.015592709000003424,0.22969162500001516,,,,,,,,,0.4544659580000143,0.4544624170000304,3.5409999838975637e-06,0.6997502920000329,,,,,,,0.4219367919999968,0.0321342500000128,0.0003913750000208438,,,,,,,,,,,,,,,,,
0.1,13,CountSketch,0.040942583000003197,0.015592709000003424,0.172135499999996,,,,,,,,,0.040942583000003197,0.04341695900004083,0.0,0.22867079200000262,,,,,,,,,,9.600000001341868e-05,0.0025095830000054775,0.0025095830000054775,0.002577959000007013,0.0016202500000019882,0.0007303330000070218,0.00081429200000116,0.00011687500000334694,1.9334000000981177e-05,0.03242274999999495,,,,,,,
0.1,13,SIGN Bidirectional,0.05145108300001766,0.015592709000003424,0.16983995799998297,,,,,,,,,0.05145108300001766,0.05144104200002175,1.004099999590835e-05,0.23688375000000406,,,,,,,,,,,,,,,,,,,,0.0002655410000045322,0.009391499999992448,0.004659250000003112,0.0009081249999951524,0.0002784170000040831,1.8667000006189483e-05,0.035919542000016236
0.1,14,Random Projection,0.033275916999997435,0.014753833000014538,0.1724410829999954,0.00018254200000455967,0.003189290999983996,0.0017125409999891872,0.0007559169999922233,0.0009468749999825832,0.0003240000000062082,1.8707999998923697e-05,0.026139833000002,0.033275916999997435,0.03326970699995968,6.210000037754071e-06,0.22047083300000736,,,,,,,,,,,,,,,,,,,,,,,,,,
0.1,14,Random Sampling,0.09443170800000189,0.014753833000014538,0.2114285829999858,,,,,,,,,0.09443170800000189,0.09442354200001546,8.165999986431416e-06,0.3206141240000022,0.00498554200001422,0.00931841700000291,0.037967292000018915,0.0006348329999923408,0.0028018749999887405,0.03871558299999833,,,,,,,,,,,,,,,,,,,,
0.1,14,Non-random,0.48091908400002126,0.014753833000014538,0.20432491599999025,,,,,,,,,0.48091908400002126,0.4809149170000069,4.167000014376754e-06,0.699997833000026,,,,,,,0.45312854200000174,0.02741970799999649,0.00036666700000864694,,,,,,,,,,,,,,,,,
0.1,14,CountSketch,0.040792292000020325,0.014753833000014538,0.1710154579999994,,,,,,,,,0.040792292000020325,0.04317750099997397,0.0,0.22656158300003426,,,,,,,,,,8.283299999334304e-05,0.002417874999991909,0.002417874999991909,0.002538332999989734,0.001715334000010671,0.0007363339999812979,0.0007687089999990349,0.0001501250000046639,1.9333000011556578e-05,0.03233074999999985,,,,,,,
0.1,14,SIGN Bidirectional,0.05847479199999839,0.014753833000014538,0.17481020900001454,,,,,,,,,0.05847479199999839,0.058464665999991894,1.0126000006493996e-05,0.24803883400002746,,,,,,,,,,,,,,,,,,,,0.00018320799998150505,0.010055332999996835,0.00451624999999467,0.0009021250000103009,0.00034145899999771245,4.3000000005122274e-05,0.04242329100000575
0.1,15,Random Projection,0.03805020799998715,0.014737667000019883,0.1695238750000101,0.00018595800000298368,0.003401374999981499,0.0017316669999729584,0.0008504580000021633,0.0010330419999888818,0.00029520800001137104,2.3374999983616362e-05,0.03052245800000719,0.03805020799998715,0.038043540999950665,6.66700003648657e-06,0.22231175000001713,,,,,,,,,,,,,,,,,,,,,,,,,,
0.1,15,Random Sampling,0.09333033299998306,0.014737667000019883,0.20683791700000143,,,,,,,,,0.09333033299998306,0.09332312499998352,7.207999999536696e-06,0.31490591700000437,0.0051970410000024,0.009270583999978044,0.038426125000000866,0.0007651249999867105,0.0028629580000085753,0.036801292000006924,,,,,,,,,,,,,,,,,,,,
0.1,15,Non-random,0.47599149999999213,0.014737667000019883,0.18668866699999853,,,,,,,,,0.47599149999999213,0.4759876250000161,3.874999976005711e-06,0.6774178340000105,,,,,,,0.44969050000000266,0.025903042000010146,0.0003940830000033202,,,,,,,,,,,,,,,,,
0.1,15,CountSketch,0.043036915999977055,0.014737667000019883,0.17078225000000202,,,,,,,,,0.043036915999977055,0.04585354100001382,0.0,0.22855683299999896,,,,,,,,,,7.591699997533397e-05,0.0028472080000199185,0.0028472080000199185,0.0028153750000114997,0.0017919579999841062,0.0009285419999969236,0.0009579999999971278,0.00028775000001246553,1.899999998045132e-05,0.033282583000016075,,,,,,,
0.1,15,SIGN Bidirectional,0.0480860410000048,0.014737667000019883,0.17175737499999855,,,,,,,,,0.0480860410000048,0.04807791599998268,8.125000022118911e-06,0.23458108300002323,,,,,,,,,,,,,,,,,,,,0.00018337499997755913,0.00972350000000688,0.004501665999981697,0.0008740829999851485,0.00029120900001089467,1.9917000003033536e-05,0.03248416600001747
0.1,16,Random Projection,0.037754207999995515,0.014366458000012017,0.1713393329999917,0.0001782920000152899,0.0031989160000023276,0.001732958999980383,0.0008502919999955338,0.0009392909999803578,0.0003047920000085469,1.8916999977136584e-05,0.03052470800000151,0.037754207999995515,0.037748166999961086,6.041000034429089e-06,0.22345999899999924,,,,,,,,,,,,,,,,,,,,,,,,,,
0.1,16,Random Sampling,0.0934985000000097,0.014366458000012017,0.20757924999998068,,,,,,,,,0.0934985000000097,0.09349220800004332,6.2919999663790804e-06,0.3154442080000024,0.005214208000012377,0.009113124999998945,0.0385383329999911,0.0006645420000097602,0.002804000000026008,0.03715800000000513,,,,,,,,,,,,,,,,,,,,
0.1,16,Non-random,0.4741800420000004,0.014366458000012017,0.18928429099997857,,,,,,,,,0.4741800420000004,0.47417487499998856,5.1670000118519965e-06,0.677830790999991,,,,,,,0.446971082999994,0.026530750000006265,0.0006730419999882997,,,,,,,,,,,,,,,,,
0.1,16,CountSketch,0.04052091700000915,0.014366458000012017,0.17968516699997394,,,,,,,,,0.04052091700000915,0.04353770900010545,0.0,0.2345725419999951,,,,,,,,,,0.0001458750000153941,0.0030706250000207547,0.0030706250000207547,0.0027406659999940075,0.0021452090000195767,0.0010230000000035488,0.0010071670000115773,0.00023595899997985725,3.5500000024057954e-05,0.030063083000015922,,,,,,,
0.1,16,SIGN Bidirectional,0.050143792000000076,0.014366458000012017,0.1812700420000226,,,,,,,,,0.050143792000000076,0.050134291000006215,9.500999993861114e-06,0.2457802920000347,,,,,,,,,,,,,,,,,,,,0.00018404100001134793,0.009834458999989693,0.004596999999989748,0.0010155829999973776,0.0003118330000120295,2.0040999999082487e-05,0.03417133400000694
0.1,17,Random Projection,0.0371559579999996,0.014838166999993518,0.18656258300001127,0.00019062500001609806,0.003514957999982471,0.0018969580000032238,0.0007784579999849939,0.0008409169999765709,0.0001731250000034379,1.995900001361406e-05,0.029732624999979862,0.0371559579999996,0.03714762499996027,8.333000039328908e-06,0.2385567080000044,,,,,,,,,,,,,,,,,,,,,,,,,,
0.1,17,Random Sampling,0.09266187500000456,0.014838166999993518,0.20763650000000666,,,,,,,,,0.09266187500000456,0.0926514590000238,1.0415999980750712e-05,0.31513654200000474,0.00564575000001355,0.009405583000017259,0.03914908400000172,0.0006376670000065587,0.0028383339999891177,0.0349750409999956,,,,,,,,,,,,,,,,,,,,
0.1,17,Non-random,0.46882054099998527,0.014838166999993518,0.1834388749999789,,,,,,,,,0.46882054099998527,0.4688164990000132,4.041999972059784e-06,0.6670975829999577,,,,,,,0.4386642500000164,0.029787040999991632,0.0003652080000051683,,,,,,,,,,,,,,,,,
0.1,17,CountSketch,0.04029354200000057,0.014838166999993518,0.173149541000015,,,,,,,,,0.04029354200000057,0.04309150099999215,0.0,0.2282812500000091,,,,,,,,,,8.179200000313358e-05,0.002832749999981843,0.002832749999981843,0.002757625000015196,0.0021391670000241447,0.0008787079999876823,0.0009600420000026588,0.0002991249999979573,3.3457999990105236e-05,0.030276084000007586,,,,,,,
0.1,17,SIGN Bidirectional,0.04915329199999974,0.014838166999993518,0.17522229200000083,,,,,,,,,0.04915329199999974,0.0491454990000193,7.792999980438253e-06,0.2392137509999941,,,,,,,,,,,,,,,,,,,,0.00018158299999981864,0.009805292000010013,0.0045514159999981985,0.0009322079999947164,0.0002849580000088281,1.9917000003033536e-05,0.03337012500000469
0.1,18,Random Projection,0.04216062500000817,0.014835374999989881,0.17147808299998246,0.000182166000001871,0.0037299580000080823,0.0019617919999745936,0.0009254170000190243,0.0009379159999980402,0.0002959999999916363,1.925000000824184e-05,0.03409962499998187,0.04216062500000817,0.04215212399998336,8.501000024807581e-06,0.2284740829999805,,,,,,,,,,,,,,,,,,,,,,,,,,
0.1,18,Random Sampling,0.08887133299998595,0.014835374999989881,0.20302191700000094,,,,,,,,,0.08887133299998595,0.08886462499995673,6.708000029220784e-06,0.3067286249999768,0.005273375000001579,0.009197291999981871,0.03747375000000375,0.0006200830000011592,0.0027471249999848624,0.03355299999998351,,,,,,,,,,,,,,,,,,,,
0.1,18,Non-random,0.4540806249999889,0.014835374999989881,0.23000112500000114,,,,,,,,,0.4540806249999889,0.4540769169999521,3.708000036795056e-06,0.6989171249999799,,,,,,,0.42560379199997556,0.0281082500000025,0.00036487499997406303,,,,,,,,,,,,,,,,,
0.1,18,CountSketch,0.04220399999999813,0.014835374999989881,0.1701498749999928,,,,,,,,,0.04220399999999813,0.04449608299995589,0.0,0.2271892499999808,,,,,,,,,,7.608399999980975e-05,0.0023242079999761245,0.0023242079999761245,0.0025169159999904878,0.001527874999993628,0.0007457920000035756,0.0008381250000013551,0.00018654199999446064,3.5625000009531504e-05,0.03392070800001079,,,,,,,
0.1,18,SIGN Bidirectional,0.06056383300000334,0.014835374999989881,0.17292312500001117,,,,,,,,,0.06056383300000334,0.060556042000058596,7.790999944745636e-06,0.2483223330000044,,,,,,,,,,,,,,,,,,,,0.00018837500002177876,0.009598624999995309,0.004653375000003734,0.0007807500000183154,0.0002786670000034519,1.900000000887303e-05,0.045037250000007134
0.1,19,Random Projection,0.040164457999992464,0.015314291000009916,0.17445054199998822,0.00018616700000961828,0.0036268329999984417,0.0021445419999963633,0.0009179589999916971,0.0010478339999906439,0.00031962499997462146,2.091599998266247e-05,0.03189141699999709,0.040164457999992464,0.04015529299994114,9.165000051325478e-06,0.2299292909999906,,,,,,,,,,,,,,,,,,,,,,,,,,
0.1,19,Random Sampling,0.09309670799999026,0.015314291000009916,0.2097572080000134,,,,,,,,,0.09309670799999026,0.09308787600002688,8.831999963376802e-06,0.3181682070000136,0.005629292000008945,0.009334749999993619,0.0379949169999918,0.0007532500000024811,0.0028398750000064865,0.03653579200002355,,,,,,,,,,,,,,,,,,,,
0.1,19,Non-random,0.46972750000000474,0.015314291000009916,0.22352195799999208,,,,,,,,,0.46972750000000474,0.4697226240000134,4.875999991327262e-06,0.7085637490000067,,,,,,,0.4390819580000027,0.029977083000005678,0.0006635830000050191,,,,,,,,,,,,,,,,,
0.1,19,CountSketch,0.04660541599997714,0.015314291000009916,0.17043333299997698,,,,,,,,,0.04660541599997714,0.0489210000000071,0.0,0.23235303999996404,,,,,,,,,,7.89169999961814e-05,0.0023497079999970083,0.0023497079999970083,0.002518167000005178,0.0018791669999984606,0.0008017500000221389,0.0009748339999759992,0.00017504100000564904,3.387500001394983e-05,0.037759832999995524,,,,,,,
0.1,19,SIGN Bidirectional,0.05516545800000472,0.015314291000009916,0.17486074999999346,,,,,,,,,0.05516545800000472,0.05515616600001749,9.291999987226518e-06,0.2453404990000081,,,,,,,,,,,,,,,,,,,,0.00018725000001040826,0.00974841699999729,0.00457633300001703,0.0009536249999939628,0.0002952920000041104,2.020799999513656e-05,0.039375040999999555
0.1,20,Random Projection,0.039317750000009255,0.014694291000012072,0.16910708400001795,0.00018358400001261543,0.0032450420000031954,0.0017323329999783255,0.0008071660000155134,0.0009256669999899714,0.0002732080000100723,1.8707999998923697e-05,0.03212570899998468,0.039317750000009255,0.0393114169999933,6.3330000159567135e-06,0.22311912500003928,,,,,,,,,,,,,,,,,,,,,,,,,,
0.1,20,Random Sampling,0.08952187500000264,0.014694291000012072,0.20468329199999857,,,,,,,,,0.08952187500000264,0.08951549999994768,6.375000054958946e-06,0.3088994580000133,0.005213290999989795,0.009189375000005384,0.03754095899998333,0.0007507499999803713,0.002822624999993195,0.0339984999999956,,,,,,,,,,,,,,,,,,,,
0.1,20,Non-random,0.4525680419999958,0.014694291000012072,0.19095799999999485,,,,,,,,,0.4525680419999958,0.4525646649999828,3.377000012960707e-06,0.6582203330000027,,,,,,,0.4293163330000027,0.02288166599998931,0.00036666599999080063,,,,,,,,,,,,,,,,,
0.1,20,CountSketch,0.045027583000006643,0.014694291000012072,0.1716735840000183,,,,,,,,,0.045027583000006643,0.047338914999954795,0.0,0.23139545800003702,,,,,,,,,,7.987499998307612e-05,0.002347000000014532,0.002347000000014532,0.002615082999994911,0.0017273329999909492,0.0008805409999865788,0.0012597500000026685,0.00025733299997909853,3.704200000242963e-05,0.03578795799998602,,,,,,,
0.1,20,SIGN Bidirectional,0.056188707999979215,0.014694291000012072,0.17564949999999158,,,,,,,,,0.056188707999979215,0.05618070599996372,8.00200001549456e-06,0.24653249899998286,,,,,,,,,,,,,,,,,,,,0.00018362499997692794,0.009399290999994037,0.004598291000007748,0.0008547909999947478,0.00030424999999922875,2.104199998598233e-05,0.04081941600000505
0.15,1,Random Projection,0.03172191600000929,0.014766541000000188,0.17217800000000238,0.00018658299998719485,0.003559041999977808,0.0017037499999901229,0.0009740000000135751,0.0011005000000068321,0.00031079100000397375,1.9166999976505394e-05,0.023861624999995,0.03172191600000929,0.03171545799995101,6.458000058273683e-06,0.21866645700001186,,,,,,,,,,,,,,,,,,,,,,,,,,
0.15,1,Random Sampling,0.07879374999998845,0.014766541000000188,0.2071927910000113,,,,,,,,,0.07879374999998845,0.07878583399997297,7.916000015484315e-06,0.30075308199999995,0.005210249999976213,0.009241416999998364,0.0316490000000158,0.0007866669999998521,0.0028384579999851667,0.029060041999997566,,,,,,,,,,,,,,,,,,,,
0.15,1,Non-random,0.4635437910000064,0.014766541000000188,0.24137408400000027,,,,,,,,,0.4635437910000064,0.4635394579999854,4.333000021006228e-06,0.7196844160000069,,,,,,,0.4374709159999952,0.025600582999999233,0.00046795899999096946,,,,,,,,,,,,,,,,,
0.15,1,CountSketch,0.035203042000006235,0.014766541000000188,0.17583645800002046,,,,,,,,,0.035203042000006235,0.038006540999958816,0.0,0.22580604100002688,,,,,,,,,,7.904199998165495e-05,0.0028367080000180067,0.0028367080000180067,0.002964665999996896,0.001398875000006683,0.0013255419999893547,0.0012517079999838643,0.0001702079999859052,2.045899998392997e-05,0.025122624999994514,,,,,,,
0.15,1,SIGN Bidirectional,0.04206833300000312,0.014766541000000188,0.18122745799999507,,,,,,,,,0.04206833300000312,0.04205770699996947,1.0626000033653327e-05,0.23806233199999838,,,,,,,,,,,,,,,,,,,,0.00018762499999525062,0.010122999999992999,0.005232207999995353,0.0009786249999876873,0.00030787500000428736,2.066599998329366e-05,0.025207708000010598
0.15,2,Random Projection,0.02981679199999121,0.015274207999993905,0.18797162500001718,0.00019133300000362397,0.0038903329999868674,0.0016055419999929654,0.001050542000001542,0.0009135420000063732,0.00036220900000216716,4.054200002201469e-05,0.02175008399999001,0.02981679199999121,0.029804127000005565,1.2664999985645409e-05,0.2330626250000023,,,,,,,,,,,,,,,,,,,,,,,,,,
0.15,2,Random Sampling,0.07645270900002288,0.015274207999993905,0.20872641699997985,,,,,,,,,0.07645270900002288,0.07644204099995022,1.0668000072655559e-05,0.30045333399999663,0.005340499999988424,0.009250709000014012,0.029155207999991717,0.0006432079999854068,0.0031473329999869293,0.028905082999983733,,,,,,,,,,,,,,,,,,,,
0.15,2,Non-random,0.45549816600001236,0.015274207999993905,0.22841412500000047,,,,,,,,,0.45549816600001236,0.4554939169999841,4.249000028266892e-06,0.6991864990000067,,,,,,,0.4282442079999953,0.026884959000000208,0.0003647499999885895,,,,,,,,,,,,,,,,,
0.15,2,CountSketch,0.03328429200001892,0.015274207999993905,0.2232707919999939,,,,,,,,,0.03328429200001892,0.03558862499997417,0.0,0.2718292920000067,,,,,,,,,,7.708399999728499e-05,0.002334249999989879,0.002334249999989879,0.0027908330000059323,0.0017198749999920437,0.0007648330000051828,0.0009019579999858252,0.0001217500000052496,1.9458999986454728e-05,0.02452433300001644,,,,,,,
0.15,2,SIGN Bidirectional,0.04467245899999739,0.015274207999993905,0.1740813750000143,,,,,,,,,0.04467245899999739,0.04466116700004363,1.1291999953755294e-05,0.2340280420000056,,,,,,,,,,,,,,,,,,,,0.0001782920000152899,0.00887766700000725,0.005433166000017309,0.0009934590000000298,0.00016149999999015563,3.2500000003210516e-05,0.02898458300001039
0.15,3,Random Projection,0.02856233400001429,0.014639082999991615,0.18025279100001512,0.00017570800000044073,0.0035002920000124504,0.0020409159999985604,0.0007426249999866741,0.0009276669999849219,0.0002888329999848338,1.887499999497777e-05,0.02085908300000483,0.02856233400001429,0.02855399899996769,8.335000046599816e-06,0.22345420800002103,,,,,,,,,,,,,,,,,,,,,,,,,,
0.15,3,Random Sampling,0.07803545799998801,0.014639082999991615,0.206284624999995,,,,,,,,,0.07803545799998801,0.07802925000001437,6.207999973639744e-06,0.29895916599997463,0.005211000000002741,0.009205416000014566,0.03086470900001359,0.0006304999999997563,0.0027833750000070268,0.02933424999997669,,,,,,,,,,,,,,,,,,,,
0.15,3,Non-random,0.46921037499998874,0.014639082999991615,0.2295565410000222,,,,,,,,,0.46921037499998874,0.46920675000004053,3.6249999482151907e-06,0.7134059990000026,,,,,,,0.4438355420000164,0.025006083000022272,0.00036512500000185355,,,,,,,,,,,,,,,,,
0.15,3,CountSketch,0.03579083299999297,0.014639082999991615,0.1785859999999957,,,,,,,,,0.03579083299999297,0.03808016499996825,0.0,0.22901591599998028,,,,,,,,,,7.558299998322582e-05,0.002323125000003756,0.002323125000003756,0.0025951249999991433,0.0015409169999998085,0.0009198749999939082,0.0008211659999801668,0.00019108300000425515,3.491600000415929e-05,0.027255249999996067,,,,,,,
0.15,3,SIGN Bidirectional,0.04479058399999758,0.014639082999991615,0.17618612500001518,,,,,,,,,0.04479058399999758,0.04477999899998508,1.0585000012497403e-05,0.23561579200000438,,,,,,,,,,,,,,,,,,,,0.00026454199999648154,0.009832499999987476,0.004909832999999253,0.0009228750000147556,0.0002714999999966494,2.0165999984556038e-05,0.02855858300000591
0.15,4,Random Projection,0.0313109999999881,0.014843374999998105,0.1770129170000132,0.00018820799999730298,0.0033242089999987456,0.002108625000005304,0.0009697079999853031,0.0010074170000109461,0.0003386660000046504,3.583299999831979e-05,0.023326040999990028,0.0313109999999881,0.0312987069999906,1.2292999997498555e-05,0.2231672919999994,,,,,,,,,,,,,,,,,,,,,,,,,,
0.15,4,Random Sampling,0.08295574999999644,0.014843374999998105,0.21479770799999187,,,,,,,,,0.08295574999999644,0.08294295800001805,1.2791999978389867e-05,0.3125968329999864,0.005202124999982516,0.009215332999986003,0.032691625000012436,0.0007776670000225749,0.0030272500000023683,0.03202895800001215,,,,,,,,,,,,,,,,,,,,
0.15,4,Non-random,0.4552808749999997,0.014843374999998105,0.23130224999999882,,,,,,,,,0.4552808749999997,0.4552753330000314,5.541999968272648e-06,0.7014264999999966,,,,,,,0.4301148750000152,0.024498708000010083,0.0006617500000061227,,,,,,,,,,,,,,,,,
0.15,4,CountSketch,0.035465584000007766,0.014843374999998105,0.17719279100001017,,,,,,,,,0.035465584000007766,0.03825145799996221,0.0,0.22750175000001605,,,,,,,,,,8.124999999381544e-05,0.002816374999980553,0.002816374999980553,0.0027179159999946023,0.0014120409999804906,0.000797542000015028,0.0008823750000033215,0.0001357090000055905,2.020799999513656e-05,0.02657166700001312,,,,,,,
0.15,4,SIGN Bidirectional,0.04465974999999389,0.014843374999998105,0.17662166700000625,,,,,,,,,0.04465974999999389,0.04464978999999403,9.959999999864522e-06,0.23612479199999825,,,,,,,,,,,,,,,,,,,,0.0001857919999963542,0.010252291000000469,0.004588707999999997,0.0009979579999992438,0.00028662500000109503,2.0833000007769442e-05,0.0283175829999891
0.15,5,Random Projection,0.02992120799999043,0.014806792000001678,0.17503349999998363,0.00018695800000045892,0.003143083999987084,0.0017358340000157568,0.0008660830000053465,0.0008919160000004922,0.00020050000000537693,3.474999999752981e-05,0.02285262500001295,0.02992120799999043,0.029911750000024995,9.457999965434283e-06,0.21976149999997574,,,,,,,,,,,,,,,,,,,,,,,,,,
0.15,5,Random Sampling,0.08131754199999364,0.014806792000001678,0.20758883400000627,,,,,,,,,0.08131754199999364,0.08130933299997878,8.209000014858248e-06,0.3037131680000016,0.00570654200001286,0.00919912500000919,0.030828291000005947,0.0006643339999925502,0.0027921659999776693,0.03211887499998056,,,,,,,,,,,,,,,,,,,,
0.15,5,Non-random,0.4561982090000072,0.014806792000001678,0.23221733399998357,,,,,,,,,0.4561982090000072,0.4561946250000233,3.583999983902686e-06,0.7032223349999924,,,,,,,0.43195583400000714,0.023872208000000228,0.0003665830000159076,,,,,,,,,,,,,,,,,
0.15,5,CountSketch,0.034769708999988325,0.014806792000001678,0.22480716600000505,,,,,,,,,0.034769708999988325,0.037067833999998356,0.0,0.27438366699999506,,,,,,,,,,7.52910000016982e-05,0.002328874999989239,0.002328874999989239,0.002595791999993935,0.0016454590000023472,0.0008578339999871787,0.0008424580000223614,0.0002198329999885118,4.004200002327707e-05,0.02613337500000057,,,,,,,
0.15,5,SIGN Bidirectional,0.047315875000009555,0.014806792000001678,0.1738789160000067,,,,,,,,,0.047315875000009555,0.047305291999947485,1.0583000062069914e-05,0.23600158300001794,,,,,,,,,,,,,,,,,,,,0.00018141699999318917,0.008248666999975285,0.0045294159999969,0.000976750000006632,0.000169083999992381,3.2957999991367615e-05,0.03316699999999173
0.15,6,Random Projection,0.030465958999997156,0.014836957999989409,0.17228600000001393,0.00018587499999966894,0.003502040999990186,0.0019167920000029426,0.0008652079999933449,0.0009493340000119588,0.00029474999999479223,1.9417000004295915e-05,0.02272295800000279,0.030465958999997156,0.03045637499999998,9.583999997175852e-06,0.2175889170000005,,,,,,,,,,,,,,,,,,,,,,,,,,
0.15,6,Random Sampling,0.07761720800002081,0.014836957999989409,0.2076604169999996,,,,,,,,,0.07761720800002081,0.0776102920000028,6.916000018009072e-06,0.3001145830000098,0.00521429099998727,0.009226291999993919,0.03089691700000685,0.0006598340000039116,0.0028108330000122805,0.02880212499999857,,,,,,,,,,,,,,,,,,,,
0.15,6,Non-random,0.47219466699999657,0.014836957999989409,0.19056633299999248,,,,,,,,,0.47219466699999657,0.4721891680000283,5.498999968267526e-06,0.6775979579999785,,,,,,,0.44493679200002134,0.02657054200000175,0.0006818340000052103,,,,,,,,,,,,,,,,,
0.15,6,CountSketch,0.033157499999987294,0.014836957999989409,0.1780660839999939,,,,,,,,,0.033157499999987294,0.035539207999988776,0.0,0.2260605419999706,,,,,,,,,,8.133299999713017e-05,0.002418916999999965,0.002418916999999965,0.002791250000001355,0.0017173329999877751,0.0008035830000210353,0.0009007079999889811,0.00022758400001521295,3.716699998790318e-05,0.024142415999989453,,,,,,,
0.15,6,SIGN Bidirectional,0.04777166600001692,0.014836957999989409,0.17485304199999518,,,,,,,,,0.04777166600001692,0.047760374999967325,1.1291000049595823e-05,0.23746166600000151,,,,,,,,,,,,,,,,,,,,0.00018366699998750846,0.01056345799997871,0.00460454100002039,0.0009929169999907117,0.00034820899998067034,2.0165999984556038e-05,0.03104741700002478
0.15,7,Random Projection,0.029969958000009456,0.014687417000004643,0.17246891599998548,0.00018266600000060862,0.0034096250000175132,0.0017626660000189531,0.0007613330000140195,0.0010560419999876558,0.0002862919999984115,1.98330000102942e-05,0.022484666999986302,0.029969958000009456,0.02996312400003376,6.833999975697225e-06,0.21712629099999958,,,,,,,,,,,,,,,,,,,,,,,,,,
0.15,7,Random Sampling,0.0777887499999963,0.014687417000004643,0.20688795899999946,,,,,,,,,0.0777887499999963,0.0777814579999756,7.292000020697742e-06,0.2993641260000004,0.005237625000006574,0.009170250000011038,0.02973220799998444,0.0006126250000022537,0.002797207999975626,0.03023154199999567,,,,,,,,,,,,,,,,,,,,
0.15,7,Non-random,0.45594604100000424,0.014687417000004643,0.2382975829999907,,,,,,,,,0.45594604100000424,0.4559424989999741,3.542000030165582e-06,0.7089310409999996,,,,,,,0.43085566599998515,0.024722165999975232,0.00036466700001369645,,,,,,,,,,,,,,,,,
0.15,7,CountSketch,0.03451695900000118,0.014687417000004643,0.1749750419999998,,,,,,,,,0.03451695900000118,0.037177082999960476,0.0,0.22417941800000563,,,,,,,,,,0.00012020899998788082,0.0027088329999855887,0.0027088329999855887,0.0033061250000230302,0.0017240409999885742,0.0008034169999859841,0.001218875000006392,0.00016124999999078682,2.200000000129876e-05,0.02440350000000535,,,,,,,
0.15,7,SIGN Bidirectional,0.039611666999974204,0.014687417000004643,0.17692783299997927,,,,,,,,,0.039611666999974204,0.0396033760000023,8.290999971904967e-06,0.23122691699995812,,,,,,,,,,,,,,,,,,,,0.00017820799999412884,0.010184792000018206,0.004803999999978714,0.0009754170000064732,0.0002797500000042419,1.9458999986454728e-05,0.02316175000001408
0.15,8,Random Projection,0.03035466700001166,0.014864625000001297,0.1747217090000106,0.000180583999991768,0.0033322499999997035,0.001749708000005512,0.0008691669999905116,0.0010450000000048476,0.00027229099998749007,1.912500002276829e-05,0.02288037499999973,0.03035466700001166,0.030348500000002332,6.167000009327239e-06,0.21994100100002356,,,,,,,,,,,,,,,,,,,,,,,,,,
0.15,8,Random Sampling,0.07885062500000117,0.014864625000001297,0.20672300000001087,,,,,,,,,0.07885062500000117,0.07884499999994432,5.625000056852514e-06,0.30043825000001334,0.0052195829999845955,0.009220499999997855,0.029632957999979226,0.0005990420000046015,0.0028022919999841633,0.03137062499999388,,,,,,,,,,,,,,,,,,,,
0.15,8,Non-random,0.4824245000000076,0.014864625000001297,0.23326912499999253,,,,,,,,,0.4824245000000076,0.4824209579999774,3.542000030165582e-06,0.7305582500000014,,,,,,,0.4577625000000012,0.024265124999999443,0.00039333299997679205,,,,,,,,,,,,,,,,,
0.15,8,CountSketch,0.03553112500000566,0.014864625000001297,0.22336724999999547,,,,,,,,,0.03553112500000566,0.0378447509999944,0.0,0.2737630000000024,,,,,,,,,,7.862499998623207e-05,0.002351874999988013,0.002351874999988013,0.002860458000014887,0.0018729589999963991,0.0011959169999897767,0.0013155000000040218,0.00023162499999784814,3.850000001648368e-05,0.02554741700001273,,,,,,,
0.15,8,SIGN Bidirectional,0.049841166999982534,0.014864625000001297,0.17539187500000253,,,,,,,,,0.049841166999982534,0.049829124000012825,1.2042999969708035e-05,0.24009766699998636,,,,,,,,,,,,,,,,,,,,0.00018187500000976797,0.008971457999990662,0.0055112080000014885,0.0012507910000181255,0.00020137499998895692,3.4166999995477454e-05,0.03367825000000835
0.15,9,Random Projection,0.028228957999999693,0.01487345799998252,0.17375220899998567,0.0001907090000088374,0.0032879169999944224,0.0017281670000102167,0.0008872079999946436,0.0009156250000046384,0.000350375000010672,2.058300000840063e-05,0.020837958000015533,0.028228957999999693,0.028218542000047364,1.0415999952329003e-05,0.21685462499996788,,,,,,,,,,,,,,,,,,,,,,,,,,
0.15,9,Random Sampling,0.08048008299999765,0.01487345799998252,0.20868962499997679,,,,,,,,,0.08048008299999765,0.08047220900004959,7.873999948060373e-06,0.30404316599995695,0.0052505840000094395,0.009272583000011991,0.03203229199999669,0.0006214170000191643,0.00279562500000452,0.030499708000007786,,,,,,,,,,,,,,,,,,,,
0.15,9,Non-random,0.46059012499998175,0.01487345799998252,0.22416741600000023,,,,,,,,,0.46059012499998175,0.4605860409999991,4.083999982640307e-06,0.6996309989999645,,,,,,,0.43403037499999186,0.026189083000019764,0.0003665829999874859,,,,,,,,,,,,,,,,,
0.15,9,CountSketch,0.035034832999997434,0.01487345799998252,0.16993395800000144,,,,,,,,,0.035034832999997434,0.03737179199993079,0.0,0.2198422489999814,,,,,,,,,,8.087499998055137e-05,0.0023669169999891437,0.0023669169999891437,0.0026762089999863292,0.0013561659999936637,0.000912542000008898,0.0008482079999794223,0.00011670799997887116,1.9625000021505912e-05,0.026627625000003263,,,,,,,
0.15,9,SIGN Bidirectional,0.03994583400000806,0.01487345799998252,0.1731460000000027,,,,,,,,,0.03994583400000806,0.03993774999997868,8.084000029384697e-06,0.22796529199999327,,,,,,,,,,,,,,,,,,,,0.0001853329999903508,0.009579874999985805,0.00484004200001209,0.0009362919999773567,0.0002804169999990336,1.912500002276829e-05,0.024096665999991274
0.15,10,Random Projection,0.028977749999995694,0.0147373340000172,0.17004770799999847,0.00018154100001765983,0.0032719589999885557,0.0019630419999998594,0.0008863340000004882,0.0011372499999993124,0.0003005829999835896,1.8667000006189483e-05,0.021209957999985818,0.028977749999995694,0.028969333999981473,8.416000014221936e-06,0.21376279200001136,,,,,,,,,,,,,,,,,,,,,,,,,,
0.15,10,Random Sampling,0.07928729200000362,0.0147373340000172,0.20575204100001088,,,,,,,,,0.07928729200000362,0.07928012599998624,7.166000017377883e-06,0.2997766670000317,0.00520679199999563,0.00921016700002042,0.031437541999991936,0.0007656249999854481,0.0028340830000104233,0.029825916999982383,,,,,,,,,,,,,,,,,,,,
0.15,10,Non-random,0.44844312499998296,0.0147373340000172,0.22637970799999607,,,,,,,,,0.44844312499998296,0.4484395420000169,3.582999966056377e-06,0.6895601669999962,,,,,,,0.42302620800001023,0.02501962499999877,0.00039370900000790243,,,,,,,,,,,,,,,,,
0.15,10,CountSketch,0.03469145900001536,0.0147373340000172,0.21513087499999983,,,,,,,,,0.03469145900001536,0.037501751000036165,0.0,0.2645596680000324,,,,,,,,,,7.645900001307382e-05,0.0028367080000180067,0.0028367080000180067,0.0027062919999991664,0.001444041999974388,0.0007660840000198732,0.0008022920000030354,0.00010654100000806466,1.912499999434658e-05,0.025907499999988204,,,,,,,
0.15,10,SIGN Bidirectional,0.046075000000001864,0.0147373340000172,0.17443433299999356,,,,,,,,,0.046075000000001864,0.046066666999962536,8.333000039328908e-06,0.23524666700001262,,,,,,,,,,,,,,,,,,,,0.00018449999998892963,0.009356707999984337,0.004448249999995824,0.0008337499999981901,0.00016466700000705714,2.020799999513656e-05,0.03105858399999306
0.15,11,Random Projection,0.032880583000007846,0.014759041999980127,0.1699723750000146,0.00018358400001261543,0.003556500000001961,0.0019139169999959904,0.000831458000021712,0.0008943750000014461,0.00029837499999985084,2.0000000006348273e-05,0.025174250000020493,0.032880583000007846,0.03287245900006042,8.123999947429184e-06,0.21761200000000258,,,,,,,,,,,,,,,,,,,,,,,,,,
0.15,11,Random Sampling,0.08396029100001101,0.014759041999980127,0.21097154099999216,,,,,,,,,0.08396029100001101,0.08394874899997262,1.1542000038389233e-05,0.3096908739999833,0.00522624999999266,0.009314499999987902,0.033043875000004164,0.0006756659999780368,0.0029517910000151915,0.03273666699999467,,,,,,,,,,,,,,,,,,,,
0.15,11,Non-random,0.45923562499999093,0.014759041999980127,0.1920057080000106,,,,,,,,,0.45923562499999093,0.4592314589999944,4.165999996530445e-06,0.6660003749999817,,,,,,,0.43302112500001044,0.025815499999993108,0.0003948339999908512,,,,,,,,,,,,,,,,,
0.15,11,CountSketch,0.035353666999981215,0.014759041999980127,0.1730400829999894,,,,,,,,,0.035353666999981215,0.03768491800005336,0.0,0.22315279199995075,,,,,,,,,,7.737500001780973e-05,0.002369334000007939,0.002369334000007939,0.002713333000002649,0.0018542919999902097,0.0010017500000003565,0.0011358749999885731,0.0003670419999934893,2.0125000020243533e-05,0.02577645800002415,,,,,,,
0.15,11,SIGN Bidirectional,0.04647554199999604,0.014759041999980127,0.17057554199999458,,,,,,,,,0.04647554199999604,0.04646662599998308,8.916000012959557e-06,0.23181012599997075,,,,,,,,,,,,,,,,,,,,0.00018695800000045892,0.01003358399998433,0.004647417000001042,0.0009610420000001341,0.0002567909999982021,1.93750000221371e-05,0.030361458999976776
0.15,12,Random Projection,0.02984662500000468,0.01477483299998994,0.17036187499999755,0.00017691600001512597,0.003245750000019143,0.0017382919999988644,0.000738833999974986,0.0010935829999993985,0.0002949169999908463,1.8834000002243556e-05,0.022531291999996483,0.02984662500000468,0.02983841799999709,8.20700000758734e-06,0.21498333299999217,,,,,,,,,,,,,,,,,,,,,,,,,,
0.15,12,Random Sampling,0.07834300000001804,0.01477483299998994,0.20720420799997896,,,,,,,,,0.07834300000001804,0.07833616499999607,6.835000021965243e-06,0.30032204099998694,0.005210207999994054,0.009174333000004253,0.03083699999999112,0.0006256659999905878,0.002788750000007667,0.029700208000008388,,,,,,,,,,,,,,,,,,,,
0.15,12,Non-random,0.4859464589999902,0.01477483299998994,0.22875083299999233,,,,,,,,,0.4859464589999902,0.4859416660000022,4.792999988012525e-06,0.7294721249999725,,,,,,,0.4607268329999954,0.024559250000010024,0.0006555829999967955,,,,,,,,,,,,,,,,,
0.15,12,CountSketch,0.03623487499999101,0.01477483299998994,0.17115683399998716,,,,,,,,,0.03623487499999101,0.038646501999977545,0.0,0.2221665419999681,,,,,,,,,,0.0001194999999825086,0.002459916999981715,0.002459916999981715,0.002546334000015804,0.001430416999994577,0.0007934170000112317,0.0010837089999995442,0.00013624999999706233,2.0250000005717084e-05,0.02759679100000767,,,,,,,
0.15,12,SIGN Bidirectional,0.040807165999979134,0.01477483299998994,0.17073195800000462,,,,,,,,,0.040807165999979134,0.04079866699999002,8.498999989114964e-06,0.2263139569999737,,,,,,,,,,,,,,,,,,,,0.00018254199997613796,0.01009195799997542,0.004921791000015219,0.0009672500000021955,0.0002559170000040467,1.9792000017559985e-05,0.02435941699999944
0.15,13,Random Projection,0.031292250000007016,0.014759458000014547,0.17055504100000007,0.00018545899999367066,0.003387500000002319,0.0018467920000091453,0.000994582999993554,0.0009393329999909383,0.000335665999983803,3.4292000009372714e-05,0.023550290999992285,0.031292250000007016,0.03127391599997509,1.8334000031927644e-05,0.21660674900002164,,,,,,,,,,,,,,,,,,,,,,,,,,
0.15,13,Random Sampling,0.07698545900001363,0.014759458000014547,0.21792145899999582,,,,,,,,,0.07698545900001363,0.07697729100001993,8.167999993702324e-06,0.309666376000024,0.005200375000015356,0.009145915999994259,0.030643749999995862,0.0006340000000193413,0.0028034160000061092,0.028549833999989005,,,,,,,,,,,,,,,,,,,,
0.15,13,Non-random,0.44972300000000587,0.014759458000014547,0.2291175830000043,,,,,,,,,0.44972300000000587,0.4497189170000411,4.0829999647939985e-06,0.6936000410000247,,,,,,,0.4228133340000113,0.02654158300001086,0.00036400000001890476,,,,,,,,,,,,,,,,,
0.15,13,CountSketch,0.03965270800000553,0.014759458000014547,0.1776025000000061,,,,,,,,,0.03965270800000553,0.04245429299996317,0.0,0.23201466600002618,,,,,,,,,,7.933299997375798e-05,0.002838125000010905,0.002838125000010905,0.0037998340000058306,0.0020475830000066253,0.0010919590000071366,0.0010990000000106193,0.00017591699997865362,2.0958999982667592e-05,0.02846345799997607,,,,,,,
0.15,13,SIGN Bidirectional,0.0431126670000026,0.014759458000014547,0.18830700000000888,,,,,,,,,0.0431126670000026,0.043101999999976215,1.0667000026387541e-05,0.24617912500002603,,,,,,,,,,,,,,,,,,,,0.0001900829999783582,0.010180499999989934,0.004916833000010001,0.000965041999990035,0.00032883299999753035,2.3999999996249244e-05,0.026496709000014107
0.15,14,Random Projection,0.031062791000010748,0.014909166999984791,0.17676295799998343,0.00018412500000408727,0.003487165999985109,0.0014765829999987545,0.0009332920000133527,0.0009789169999976366,0.00020499999999401552,2.1083999996562852e-05,0.023767125000006217,0.031062791000010748,0.031053291999995736,9.499000015011916e-06,0.22273491599997897,,,,,,,,,,,,,,,,,,,,,,,,,,
0.15,14,Random Sampling,0.08373008399999549,0.014909166999984791,0.20989337500000715,,,,,,,,,0.08373008399999549,0.08371616500002688,1.3918999968609569e-05,0.30853262599998743,0.005255791000024601,0.009277582999999368,0.03221625000000472,0.0006639580000182832,0.003181874999995671,0.033120707999984234,,,,,,,,,,,,,,,,,,,,
0.15,14,Non-random,0.44956708300000514,0.014909166999984791,0.2283086669999932,,,,,,,,,0.44956708300000514,0.44956349799997497,3.585000030170704e-06,0.6927849169999831,,,,,,,0.4245977909999965,0.02460029099998451,0.0003654159999939566,,,,,,,,,,,,,,,,,
0.15,14,CountSketch,0.033853290999985575,0.014909166999984791,0.1707015419999891,,,,,,,,,0.033853290999985575,0.036158624999956146,0.0,0.21946399999995947,,,,,,,,,,7.737499998938802e-05,0.00233933299998057,0.00233933299998057,0.002650915999993231,0.001374874999982012,0.0010336670000015147,0.0011906670000030317,0.0002896670000041013,2.0875000018349965e-05,0.024841917000003377,,,,,,,
0.15,14,SIGN Bidirectional,0.042121917000002895,0.014909166999984791,0.17493158299998868,,,,,,,,,0.042121917000002895,0.042112456000012344,9.4609999905515e-06,0.23196266699997636,,,,,,,,,,,,,,,,,,,,0.00018312500000661203,0.009520583000011129,0.004625540999995792,0.001107957999977316,0.00029820800000379677,3.325000000131695e-05,0.02634379100001638
0.15,15,Random Projection,0.03141612499999269,0.014703791000016508,0.16996962499999313,0.0001853340000081971,0.0034412079999981415,0.001784624999999096,0.0009150409999847398,0.000979083000004266,0.0002768749999972897,3.3583000004000496e-05,0.023791999999986047,0.03141612499999269,0.03140774899998178,8.376000010912321e-06,0.21608954100000233,,,,,,,,,,,,,,,,,,,,,,,,,,
0.15,15,Random Sampling,0.08011375000000953,0.014703791000016508,0.2118333330000155,,,,,,,,,0.08011375000000953,0.0801061660000073,7.584000002225366e-06,0.30665087400004154,0.005935208000011016,0.00918383300000869,0.030379667000005384,0.0006802499999878364,0.002833791000000474,0.031093416999993906,,,,,,,,,,,,,,,,,,,,
0.15,15,Non-random,0.46568329100000483,0.014703791000016508,0.22899770899999794,,,,,,,,,0.46568329100000483,0.4656795840000143,3.706999990527038e-06,0.7093847910000193,,,,,,,0.4388001670000108,0.026484875000022612,0.0003945419999809019,,,,,,,,,,,,,,,,,
0.15,15,CountSketch,0.03468275000000176,0.014703791000016508,0.21439129200001616,,,,,,,,,0.03468275000000176,0.037583250999944084,0.0,0.26377783300003443,,,,,,,,,,0.0001210829999820362,0.00295283399998425,0.00295283399998425,0.0028588329999763573,0.0013794170000096528,0.0007632079999950747,0.0008410420000188878,0.0001846250000028249,3.5625000009531504e-05,0.02549374999998122,,,,,,,
0.15,15,SIGN Bidirectional,0.04507491600000435,0.014703791000016508,0.17211754199999518,,,,,,,,,0.04507491600000435,0.04506629199997292,8.624000031431933e-06,0.23189624900001604,,,,,,,,,,,,,,,,,,,,0.00018699999998261774,0.008226417000003039,0.004447375000012244,0.0009116249999863157,0.00015750000000025466,2.0041999988507087e-05,0.03111633299999994
0.15,16,Random Projection,0.030553333000000293,0.014565582999978233,0.17580350000000067,0.00017762499999207648,0.0033671669999932874,0.00198895799999832,0.0009795830000030037,0.001035916999995834,0.00034683399999835274,3.445800001600219e-05,0.022613874999990458,0.030553333000000293,0.030544416999987334,8.916000012959557e-06,0.2209224159999792,,,,,,,,,,,,,,,,,,,,,,,,,,
0.15,16,Random Sampling,0.07967237500000124,0.014565582999978233,0.21327937500001326,,,,,,,,,0.07967237500000124,0.07966391699997644,8.458000024802459e-06,0.30751733299999273,0.005706374999988384,0.009189667000015334,0.03022158299998523,0.0007644169999991846,0.0027735409999820604,0.031008334000006244,,,,,,,,,,,,,,,,,,,,
0.15,16,Non-random,0.4615798330000018,0.014565582999978233,0.2324446249999994,,,,,,,,,0.4615798330000018,0.46157437499999787,5.458000003955021e-06,0.7085900409999795,,,,,,,0.43435850000000187,0.026538499999986698,0.000677375000009306,,,,,,,,,,,,,,,,,
0.15,16,CountSketch,0.041830208000021685,0.014565582999978233,0.17467270900002063,,,,,,,,,0.041830208000021685,0.04550162399996793,0.0,0.23106850000002055,,,,,,,,,,0.00012658299999657174,0.003752125000005435,0.003752125000005435,0.00749745799998891,0.0019407909999813455,0.002297666999993453,0.0015374169999802234,0.0002229580000232545,3.5499999995636244e-05,0.024338999999997668,,,,,,,
0.15,16,SIGN Bidirectional,0.03999658300000419,0.014565582999978233,0.1733683329999849,,,,,,,,,0.03999658300000419,0.03998749999996676,9.08300003743534e-06,0.2279304989999673,,,,,,,,,,,,,,,,,,,,0.00026708299998290386,0.009521833000007973,0.0047018749999949705,0.0009302089999891905,0.00027512500000170803,2.0374999991190634e-05,0.02427099999999882
0.15,17,Random Projection,0.029760708999987173,0.015159584000002724,0.17202974999997878,0.00017958300000486815,0.0033061249999946085,0.0019661249999956,0.0008269589999940763,0.000945290999993631,0.0002975829999911639,2.129099999592654e-05,0.022209541999984594,0.029760708999987173,0.02975249899995447,8.210000032704556e-06,0.21695004299996867,,,,,,,,,,,,,,,,,,,,,,,,,,
0.15,17,Random Sampling,0.07690429199999471,0.015159584000002724,0.20693900000000554,,,,,,,,,0.07690429199999471,0.07689712600000576,7.165999988956173e-06,0.29900287600000297,0.005179334000018798,0.009112583000018049,0.02978424999997742,0.0006161670000039976,0.0027952920000018366,0.029409499999985655,,,,,,,,,,,,,,,,,,,,
0.15,17,Non-random,0.4560849590000089,0.015159584000002724,0.22560475000000224,,,,,,,,,0.4560849590000089,0.45608016599999246,4.7930000164342346e-06,0.6968492930000139,,,,,,,0.4306706669999869,0.024769291000012572,0.0006402079999929811,,,,,,,,,,,,,,,,,
0.15,17,CountSketch,0.036834666999993715,0.015159584000002724,0.22093266699999958,,,,,,,,,0.036834666999993715,0.039122750999950995,0.0,0.272926917999996,,,,,,,,,,7.895799998891562e-05,0.0023232499999892298,0.0023232499999892298,0.0025824589999956515,0.001962708999997176,0.0008222499999988031,0.0011223330000120768,0.00020029199998816694,3.4666999994215075e-05,0.02767258299999753,,,,,,,
0.15,17,SIGN Bidirectional,0.046572249999996984,0.015159584000002724,0.17222099999997909,,,,,,,,,0.046572249999996984,0.04656524900002523,7.000999971751298e-06,0.2339528339999788,,,,,,,,,,,,,,,,,,,,0.0001808330000017122,0.007931874999997035,0.004842958000011777,0.0007539169999972728,0.00012137500002040724,1.937499999371539e-05,0.03271491600000331
0.15,18,Random Projection,0.028324333999989904,0.015250292000018817,0.17467029200000184,0.00017737499999270767,0.0031855409999934636,0.0017025840000144399,0.0007554169999934857,0.0010515829999917514,0.00027266600000075414,5.370799999582232e-05,0.02111620799999514,0.028324333999989904,0.028315081999977565,9.252000012338613e-06,0.21824491800001056,,,,,,,,,,,,,,,,,,,,,,,,,,
0.15,18,Random Sampling,0.07897329200000058,0.015250292000018817,0.20801966700000207,,,,,,,,,0.07897329200000058,0.07896620999997594,7.082000024638546e-06,0.3022432510000215,0.005166083999995408,0.009112874999999576,0.030667542000003323,0.0006246669999825372,0.0028324580000003152,0.030562583999994786,,,,,,,,,,,,,,,,,,,,
0.15,18,Non-random,0.45738004200001114,0.015250292000018817,0.19147574999999506,,,,,,,,,0.45738004200001114,0.4573749159999636,5.126000047539492e-06,0.664106084000025,,,,,,,0.432344999999998,0.024377040999979727,0.0006528749999858974,,,,,,,,,,,,,,,,,
0.15,18,CountSketch,0.03374408300001619,0.015250292000018817,0.1760556250000036,,,,,,,,,0.03374408300001619,0.03622833399995784,0.0,0.2250500000000386,,,,,,,,,,8.062500000960426e-05,0.0025208339999949203,0.0025208339999949203,0.0026965840000059416,0.001706000000012864,0.000943124999992051,0.0008296249999943939,0.0001869159999898784,3.49579999863181e-05,0.02470883299997695,,,,,,,
0.15,18,SIGN Bidirectional,0.04503229100001249,0.015250292000018817,0.18207141700000307,,,,,,,,,0.04503229100001249,0.045022790999979634,9.500000032858225e-06,0.24235400000003438,,,,,,,,,,,,,,,,,,,,0.0001821669999912956,0.010849874999991016,0.0048116250000020955,0.0008247499999924912,0.00027966600001150255,1.9416000014871315e-05,0.02805529199997636
0.15,19,Random Projection,0.03122304100000406,0.01490000000001146,0.18146579199998314,0.0001916249999851516,0.0036407909999809362,0.0014160839999988184,0.0007291249999923366,0.0008373330000210899,0.0002593330000024707,3.895800000464078e-05,0.024099917000000914,0.03122304100000406,0.03121316599998636,9.875000017700586e-06,0.22758883299999866,,,,,,,,,,,,,,,,,,,,,,,,,,
0.15,19,Random Sampling,0.07655887499998926,0.01490000000001146,0.20868845800001168,,,,,,,,,0.07655887499998926,0.07655183299999635,7.041999992907222e-06,0.3001473330000124,0.005233208999982253,0.009166875000005348,0.0290080830000079,0.0006330409999861786,0.0028153750000114997,0.02969525000000317,,,,,,,,,,,,,,,,,,,,
0.15,19,Non-random,0.44181191699999545,0.01490000000001146,0.22609733300001267,,,,,,,,,0.44181191699999545,0.4418082090000155,3.7079999799516372e-06,0.6828092500000196,,,,,,,0.41672491700001046,0.024691291999999976,0.00039200000000505497,,,,,,,,,,,,,,,,,
0.15,19,CountSketch,0.034284541999994644,0.01490000000001146,0.21125374999999735,,,,,,,,,0.034284541999994644,0.03658358200004841,0.0,0.26043829200000346,,,,,,,,,,7.741600001054394e-05,0.0023336670000162485,0.0023336670000162485,0.0025159159999930125,0.0013797910000050706,0.0007512500000075306,0.0007824999999854754,0.0001848750000021937,3.512500001079388e-05,0.02618937500000129,,,,,,,
0.15,19,SIGN Bidirectional,0.04716341700000726,0.01490000000001146,0.1721984579999969,,,,,,,,,0.04716341700000726,0.04715479400002209,8.622999985163915e-06,0.2342618750000156,,,,,,,,,,,,,,,,,,,,0.00018679199999382945,0.008476542000011023,0.0045734999999922366,0.0009677090000081989,0.00017408400000817892,3.266699999926459e-05,0.03274350000000936
0.15,20,Random Projection,0.030979292000012038,0.014807167000014942,0.16989583299999822,0.00017962500001544868,0.0035306250000246564,0.0021500409999930525,0.0008687909999878229,0.0010571249999884458,0.0003478750000169839,2.0833000007769442e-05,0.022813624999997728,0.030979292000012038,0.030968540000031908,1.0751999980129767e-05,0.2156822920000252,,,,,,,,,,,,,,,,,,,,,,,,,,
0.15,20,Random Sampling,0.07955695800001195,0.014807167000014942,0.20501045799997542,,,,,,,,,0.07955695800001195,0.07954933399997799,7.6240000339566905e-06,0.2993745830000023,0.0054392499999948996,0.009225334000007024,0.030655999999993355,0.0006856249999884767,0.0027705409999896347,0.0307725840000046,,,,,,,,,,,,,,,,,,,,
0.15,20,Non-random,0.44883158299998627,0.014807167000014942,0.22704129100000614,,,,,,,,,0.44883158299998627,0.44882779099998515,3.792000001112683e-06,0.6906800410000073,,,,,,,0.4223588330000041,0.02610079100000462,0.0003681669999764381,,,,,,,,,,,,,,,,,
0.15,20,CountSketch,0.032366749999994227,0.014807167000014942,0.21677045799998496,,,,,,,,,0.032366749999994227,0.03470074899993847,0.0,0.2639443749999941,,,,,,,,,,7.583299998259463e-05,0.0023642499999994016,0.0023642499999994016,0.0026472090000027038,0.001665000000002692,0.0007734159999870371,0.0008114999999975225,0.00011749999998755811,1.9624999993084202e-05,0.023862165999986473,,,,,,,
0.15,20,SIGN Bidirectional,0.04465450000000715,0.014807167000014942,0.21959050000000957,,,,,,,,,0.04465450000000715,0.04464324999997871,1.12500000284399e-05,0.27905216700003166,,,,,,,,,,,,,,,,,,,,0.00017666700000518176,0.008426333000016939,0.00513295799999014,0.0008522919999904843,0.00024249999998460225,3.5999999994373866e-05,0.029776499999996986
0.2,1,Random Projection,0.029449459000005618,0.014915999999999485,0.21904958300001454,0.0001882500000078835,0.003232916000001751,0.0018480000000238306,0.0009152920000019549,0.000855042000011963,0.0001314170000057402,1.9333000011556578e-05,0.022250417000009293,0.029449459000005618,0.029440667000073972,8.791999931645478e-06,0.26341504200001964,,,,,,,,,,,,,,,,,,,,,,,,,,
0.2,1,Random Sampling,0.07945070899998541,0.014915999999999485,0.24430250000000342,,,,,,,,,0.07945070899998541,0.07944208300000355,8.625999981859422e-06,0.3386692089999883,0.005206375000000207,0.009391792000002397,0.030008957999996255,0.0011390829999982088,0.0028460000000052332,0.030849875000001248,,,,,,,,,,,,,,,,,,,,
0.2,1,Non-random,0.46837641700000177,0.014915999999999485,0.22918779099998687,,,,,,,,,0.46837641700000177,0.4683729999999855,3.417000016270322e-06,0.7124802079999881,,,,,,,0.4468955840000035,0.021111582999992606,0.00036583299998937946,,,,,,,,,,,,,,,,,
0.2,1,CountSketch,0.03183458399999495,0.014915999999999485,0.2100225830000113,,,,,,,,,0.03183458399999495,0.03413587700009657,0.0,0.25677316700000574,,,,,,,,,,8.104200000502715e-05,0.0023336670000162485,0.0023336670000162485,0.0028057500000215896,0.0014174169999989772,0.0008826670000132708,0.0008350829999983489,0.000126708000010467,2.008399999908761e-05,0.023299792000017305,,,,,,,
0.2,1,SIGN Bidirectional,0.039616833999986056,0.014915999999999485,0.21424237499999776,,,,,,,,,0.039616833999986056,0.03960808299996188,8.751000024176392e-06,0.2687752089999833,,,,,,,,,,,,,,,,,,,,0.00017737499999270767,0.008415332999987868,0.004600000000010596,0.0008966669999779242,0.0001686250000147993,3.287499998805288e-05,0.025317207999989932
0.2,2,Random Projection,0.03319933299999889,0.014657125000013593,0.21503812500000663,0.0001812499999971351,0.0031905840000092667,0.0017425000000059754,0.0007482919999972637,0.0008053340000060416,0.00021412500001360968,4.333300000780582e-05,0.026264208000014833,0.03319933299999889,0.03318962600005193,9.706999946956785e-06,0.2628945830000191,,,,,,,,,,,,,,,,,,,,,,,,,,
0.2,2,Random Sampling,0.07515854199999694,0.014657125000013593,0.24644075000000498,,,,,,,,,0.07515854199999694,0.07515266800001541,5.873999981531597e-06,0.3362564170000155,0.0051962919999937185,0.009143250000022363,0.0299529170000028,0.0011465839999971195,0.002799457999998367,0.026914167000001044,,,,,,,,,,,,,,,,,,,,
0.2,2,Non-random,0.4516082499999925,0.014657125000013593,0.22606708300000378,,,,,,,,,0.4516082499999925,0.4516039580000495,4.291999943006886e-06,0.6923324580000099,,,,,,,0.42391454100001624,0.027293250000013813,0.0003961670000194317,,,,,,,,,,,,,,,,,
0.2,2,CountSketch,0.03083524999999554,0.014657125000013593,0.2141207500000064,,,,,,,,,0.03083524999999554,0.033152541000049496,0.0,0.25961312500001554,,,,,,,,,,7.775000000265209e-05,0.0023491670000055365,0.0023491670000055365,0.0027750000000139607,0.0016546250000146756,0.0007702499999879819,0.0008180830000128481,0.00011799999998629573,1.958300001092539e-05,0.022220916000009083,,,,,,,
0.2,2,SIGN Bidirectional,0.037869249999999965,0.014657125000013593,0.2173108329999991,,,,,,,,,0.037869249999999965,0.03786054299996522,8.70700003474667e-06,0.26983720800001265,,,,,,,,,,,,,,,,,,,,0.00017704100000059952,0.008018374999977596,0.004723834000003535,0.0007665839999901891,0.00012741700001583922,2.0041999988507087e-05,0.024027249999988953
0.2,3,Random Projection,0.029181207999982917,0.014882208000017272,0.21648462499999255,0.00018162499998197745,0.0035592090000022836,0.001599999999996271,0.0007315420000111317,0.0008754580000243095,0.00012212500001851367,1.9750000006979462e-05,0.022084790999997495,0.029181207999982917,0.02917450000003896,6.707999943955656e-06,0.26054804099999274,,,,,,,,,,,,,,,,,,,,,,,,,,
0.2,3,Random Sampling,0.07603962500002126,0.014882208000017272,0.24950808299999494,,,,,,,,,0.07603962500002126,0.07603345900002978,6.1659999914809305e-06,0.3404299160000335,0.005196750000010297,0.009226000000012391,0.02763770899997553,0.0007590830000197002,0.0028168330000255537,0.030397083999986307,,,,,,,,,,,,,,,,,,,,
0.2,3,Non-random,0.4586604170000044,0.014882208000017272,0.18891099999999028,,,,,,,,,0.4586604170000044,0.4586561240000435,4.292999960853194e-06,0.6624536250000119,,,,,,,0.43656141600001774,0.02167475000001673,0.00041995800000904637,,,,,,,,,,,,,,,,,
0.2,3,CountSketch,0.030251708000008648,0.014882208000017272,0.17372600000001626,,,,,,,,,0.030251708000008648,0.033129583999993883,0.0,0.21885991600004218,,,,,,,,,,7.895799998891562e-05,0.002915416999996978,0.002915416999996978,0.002798750000010841,0.0020124999999779902,0.0008140830000229471,0.0009250420000057602,0.0003264169999965816,3.616600000100334e-05,0.020306833999995888,,,,,,,
0.2,3,SIGN Bidirectional,0.03557054199998788,0.014882208000017272,0.172038624999999,,,,,,,,,0.03557054199998788,0.03556162599997492,8.916000012959557e-06,0.22249137500000415,,,,,,,,,,,,,,,,,,,,0.00018537500000093132,0.009734417000004214,0.0049654999999972915,0.0010043749999795182,0.0002540419999945698,1.887499999497777e-05,0.01939904200000342
0.2,4,Random Projection,0.027120416999991903,0.014826707999986866,0.17446258299997908,0.0001819169999919268,0.0031708749999950214,0.002183374999987109,0.0009172090000220123,0.0010780000000067957,0.00026554099997611047,3.495900000416441e-05,0.01927883300001554,0.027120416999991903,0.02711070899999868,9.707999993224803e-06,0.21640970799995785,,,,,,,,,,,,,,,,,,,,,,,,,,
0.2,4,Random Sampling,0.07017937500000926,0.014826707999986866,0.2052026249999983,,,,,,,,,0.07017937500000926,0.07017254000004414,6.834999965121824e-06,0.29020870799999443,0.005211583000004794,0.009202833000017563,0.02419104200001243,0.0006955409999989115,0.0028576660000112497,0.02801387499999919,,,,,,,,,,,,,,,,,,,,
0.2,4,Non-random,0.45958541699999955,0.014826707999986866,0.23103041600001006,,,,,,,,,0.45958541699999955,0.45958208400003286,3.3329999666875665e-06,0.7054425409999965,,,,,,,0.4375903750000134,0.021609750000010308,0.0003819590000091466,,,,,,,,,,,,,,,,,
0.2,4,CountSketch,0.033577708999985134,0.014826707999986866,0.2167600420000042,,,,,,,,,0.033577708999985134,0.03588528900004917,0.0,0.2651644589999762,,,,,,,,,,7.89160000067568e-05,0.002343625000008842,0.002343625000008842,0.0026728750000017953,0.001715915999994877,0.0008323329999768703,0.0011288750000062464,0.00018862500002114757,3.4708000015371e-05,0.02454579100000842,,,,,,,
0.2,4,SIGN Bidirectional,0.03774083299998665,0.014826707999986866,0.2144676249999975,,,,,,,,,0.03774083299998665,0.037733790999993744,7.041999992907222e-06,0.267035165999971,,,,,,,,,,,,,,,,,,,,0.0001835409999841886,0.008210708000007116,0.004476791000001867,0.0007496249999974225,0.000120167000005722,2.0500000005085894e-05,0.02397245899999234
0.2,5,Random Projection,0.030232041000004983,0.014772500000020727,0.21339845800000035,0.0001832920000026661,0.003211791000012454,0.0016233329999977286,0.0010322910000013508,0.0010172910000108004,0.0002874580000025162,3.687500000637556e-05,0.02283054100001891,0.030232041000004983,0.030222872000052803,9.168999952180457e-06,0.25840299900002606,,,,,,,,,,,,,,,,,,,,,,,,,,
0.2,5,Random Sampling,0.07606029100000455,0.014772500000020727,0.24591508299999987,,,,,,,,,0.07606029100000455,0.0760514170000306,8.873999973957325e-06,0.33674787400002515,0.005542666000025065,0.009147584000004372,0.029148667000015394,0.0010102500000073178,0.002828582999995888,0.02837366699998256,,,,,,,,,,,,,,,,,,,,
0.2,5,Non-random,0.4552418750000129,0.014772500000020727,0.230312916999992,,,,,,,,,0.4552418750000129,0.45523795799996947,3.917000043429653e-06,0.7003272920000256,,,,,,,0.4305360409999821,0.024334707999997818,0.00036720899998954337,,,,,,,,,,,,,,,,,
0.2,5,CountSketch,0.030773917000004758,0.014772500000020727,0.17775229100001866,,,,,,,,,0.030773917000004758,0.03315899899999408,0.0,0.22329870800004414,,,,,,,,,,8.524999998371641e-05,0.0024225829999977577,0.0024225829999977577,0.002621833999995715,0.0016702920000000177,0.0009375000000204636,0.0012247079999951893,0.0002044999999952779,2.2333000003982306e-05,0.021547416000004205,,,,,,,
0.2,5,SIGN Bidirectional,0.03953912500000456,0.014772500000020727,0.17955791599999316,,,,,,,,,0.03953912500000456,0.03952887599999144,1.0249000013118348e-05,0.23386954100001844,,,,,,,,,,,,,,,,,,,,0.00018558400000756592,0.009842208000009123,0.005073291999991625,0.0008949999999856573,0.0002827499999966676,1.9417000004295915e-05,0.023230624999996508
0.2,6,Random Projection,0.028567583999972612,0.014868583999998464,0.17748841599998855,0.00018029100002081577,0.004484958000006145,0.001803625000007969,0.0007834159999902113,0.0008297500000082891,0.0002599590000045282,2.2959000006039787e-05,0.02019325000000549,0.028567583999972612,0.02855820800004949,9.375999923122436e-06,0.22092458399995962,,,,,,,,,,,,,,,,,,,,,,,,,,
0.2,6,Random Sampling,0.07053404100000193,0.014868583999998464,0.20814179199999217,,,,,,,,,0.07053404100000193,0.07052470900003982,9.331999962114423e-06,0.29354441699999256,0.005207165999991048,0.009341042000016841,0.024545458999995162,0.0006569580000075348,0.0028492920000076083,0.027924792000021625,,,,,,,,,,,,,,,,,,,,
0.2,6,Non-random,0.444345042000009,0.014868583999998464,0.22597133400000757,,,,,,,,,0.444345042000009,0.4443408340000019,4.208000007110968e-06,0.685184960000015,,,,,,,0.4224355419999881,0.021512083000004623,0.0003932090000091648,,,,,,,,,,,,,,,,,
0.2,6,CountSketch,0.031810124999992695,0.014868583999998464,0.2123348329999999,,,,,,,,,0.031810124999992695,0.034245169999991276,0.0,0.25901354199999105,,,,,,,,,,0.00011841699998171862,0.002485959000011917,0.002485959000011917,0.002524749999992082,0.0014334170000154245,0.0011547499999835509,0.0010968330000196147,0.0002020419999837486,3.570900000227084e-05,0.022707333999989032,,,,,,,
0.2,6,SIGN Bidirectional,0.04326262500001121,0.014868583999998464,0.21696154200000706,,,,,,,,,0.04326262500001121,0.04325066799998467,1.1957000026541209e-05,0.27509275100001673,,,,,,,,,,,,,,,,,,,,0.0002649580000024798,0.008428792000017893,0.005206208999993578,0.0009214579999934358,0.00023033299999042356,3.458399999090034e-05,0.02816433399999596
0.2,7,Random Projection,0.0346123749999947,0.015589541999986523,0.21473629099997993,0.00021133400002781855,0.004181334000008974,0.0016793750000090313,0.0009934580000106052,0.0012226250000253458,0.00036283299999695373,2.2999999998774e-05,0.025922083000011753,0.0346123749999947,0.034596042000089255,1.6332999905444012e-05,0.26493820799996115,,,,,,,,,,,,,,,,,,,,,,,,,,
0.2,7,Random Sampling,0.07438979200000517,0.015589541999986523,0.25359712499999887,,,,,,,,,0.07438979200000517,0.07438112399995589,8.668000049283364e-06,0.34357645899999056,0.005236666000001833,0.009183291999988796,0.02878329199998575,0.0010103329999822108,0.003157665999992787,0.027009875000004513,,,,,,,,,,,,,,,,,,,,
0.2,7,Non-random,0.49072062499999447,0.015589541999986523,0.24966995899998778,,,,,,,,,0.49072062499999447,0.4907151259999978,5.4989999966892356e-06,0.7559801259999688,,,,,,,0.46320929200001615,0.02684199999998782,0.0006638339999938125,,,,,,,,,,,,,,,,,
0.2,7,CountSketch,0.03277024999999867,0.015589541999986523,0.2261474579999856,,,,,,,,,0.03277024999999867,0.035703833000042096,0.0,0.2745072499999708,,,,,,,,,,0.000118125000000191,0.00298141600001145,0.00298141600001145,0.0029668330000163223,0.0015079169999978603,0.0007986669999979767,0.0009124579999877369,0.00014874999999392458,2.0042000016928796e-05,0.023268209000008255,,,,,,,
0.2,7,SIGN Bidirectional,0.04067733299999077,0.015589541999986523,0.1834512499999903,,,,,,,,,0.04067733299999077,0.04066624899999738,1.1083999993388716e-05,0.23971812499996759,,,,,,,,,,,,,,,,,,,,0.00018229200000519086,0.008541750000006232,0.0049424999999985175,0.0009551659999829099,0.00017250000001922672,2.1582999977454165e-05,0.025850458000007848
0.2,8,Random Projection,0.027770666000009214,0.014903542000013204,0.17901012500001912,0.00019112500001483568,0.003266957999983333,0.0017421660000138672,0.0008904999999970187,0.0009740419999957339,0.00016579199999000593,1.937499999371539e-05,0.020508540999998104,0.027770666000009214,0.027758498999986614,1.2167000022600405e-05,0.22168433300004153,,,,,,,,,,,,,,,,,,,,,,,,,,
0.2,8,Random Sampling,0.07443237499998645,0.014903542000013204,0.21060954099999663,,,,,,,,,0.07443237499998645,0.0744226669999648,9.708000021646512e-06,0.2999454579999963,0.005620415999999295,0.009246333999982426,0.02603770900000768,0.000934665999977824,0.0029335000000116906,0.029650041999985888,,,,,,,,,,,,,,,,,,,,
0.2,8,Non-random,0.4602967499999977,0.014903542000013204,0.22664550000001782,,,,,,,,,0.4602967499999977,0.4602914570000394,5.292999958328437e-06,0.7018457920000287,,,,,,,0.43456016600001135,0.025080750000000762,0.0006505410000272605,,,,,,,,,,,,,,,,,
0.2,8,CountSketch,0.03597024999999121,0.014903542000013204,0.1703025410000123,,,,,,,,,0.03597024999999121,0.03876920800001926,0.0,0.2211763330000167,,,,,,,,,,8.270800000786949e-05,0.0028386660000023767,0.0028386660000023767,0.0032965419999868573,0.002022917000005009,0.0010550419999901806,0.0012000000000114142,0.00040070800000080453,1.9334000000981177e-05,0.025014625000011392,,,,,,,
0.2,8,SIGN Bidirectional,0.04062625000000253,0.014903542000013204,0.1715344169999753,,,,,,,,,0.04062625000000253,0.04061737600002857,8.873999973957325e-06,0.22706420899999102,,,,,,,,,,,,,,,,,,,,0.00018287500000724322,0.010176833000002716,0.004550000000023147,0.0009736670000108916,0.00027604199999586854,1.9334000000981177e-05,0.024438624999987724
0.2,9,Random Projection,0.026425791000008303,0.014880875000017113,0.16877329100000793,0.00018450000001735134,0.0032807919999982005,0.0017914579999853686,0.0009498329999928501,0.0011000000000080945,0.0002949160000014217,1.9541000000344866e-05,0.018798083000007182,0.026425791000008303,0.026419123000010813,6.66799999748946e-06,0.21007995700003335,,,,,,,,,,,,,,,,,,,,,,,,,,
0.2,9,Random Sampling,0.06987570800001208,0.014880875000017113,0.20568316700001787,,,,,,,,,0.06987570800001208,0.06986954200007744,6.165999934637512e-06,0.29043975000004707,0.005200208000019302,0.009186166000006324,0.024704084000006787,0.0006995840000172393,0.0028610000000242053,0.027218500000003587,,,,,,,,,,,,,,,,,,,,
0.2,9,Non-random,0.48674533299998757,0.014880875000017113,0.23641287499998498,,,,,,,,,0.48674533299998757,0.4867420000000493,3.332999938265857e-06,0.7380390829999897,,,,,,,0.4629233330000204,0.023452292000001762,0.0003663750000271193,,,,,,,,,,,,,,,,,
0.2,9,CountSketch,0.03123991699999351,0.014880875000017113,0.21321174999999926,,,,,,,,,0.03123991699999351,0.033543459000014764,0.0,0.2593325420000099,,,,,,,,,,7.691700000123092e-05,0.0023326669999903515,0.0023326669999903515,0.0025394580000011047,0.0013712500000053751,0.0008439580000185742,0.0008116669999935766,0.00013362500001790067,1.8957999998292507e-05,0.023082291999998006,,,,,,,
0.2,9,SIGN Bidirectional,0.03887516599999685,0.014880875000017113,0.21598083300000326,,,,,,,,,0.03887516599999685,0.038866831000007096,8.334999989756398e-06,0.2697368740000172,,,,,,,,,,,,,,,,,,,,0.00018333299999540031,0.008535958000010169,0.0044602909999866824,0.0009750419999932092,0.00020754100000885956,4.3750000003228706e-05,0.024460916000009547
0.2,10,Random Projection,0.03042833300000325,0.015040457999987211,0.22091016699999955,0.00018345800000929557,0.0034542079999937414,0.001613208000009081,0.001020417000006546,0.0008806250000077398,0.00020187500001611625,3.5249999996267434e-05,0.02302783299998623,0.03042833300000325,0.030416874000025018,1.1458999978231077e-05,0.26637895799999,,,,,,,,,,,,,,,,,,,,,,,,,,
0.2,10,Random Sampling,0.07621529100001112,0.015040457999987211,0.2513012910000043,,,,,,,,,0.07621529100001112,0.07620387500000447,1.1416000006647664e-05,0.34255704000000264,0.005194082999992133,0.009177666999988787,0.028971042000023317,0.0009579169999938131,0.002968583000011904,0.028934582999994518,,,,,,,,,,,,,,,,,,,,
0.2,10,Non-random,0.47879483300002335,0.015040457999987211,0.23939437499998917,,,,,,,,,0.47879483300002335,0.4787892909999698,5.542000053537777e-06,0.7332296659999997,,,,,,,0.454965790999978,0.023156000000000176,0.0006674999999916054,,,,,,,,,,,,,,,,,
0.2,10,CountSketch,0.03335616600000435,0.015040457999987211,0.21710858399998756,,,,,,,,,0.03335616600000435,0.036209583000044177,0.0,0.2655052079999791,,,,,,,,,,8.72500000070886e-05,0.0028917500000034124,0.0028917500000034124,0.0033262080000042715,0.0021532089999993786,0.0009987500000079308,0.001136708000018416,0.0001697909999904823,1.9750000006979462e-05,0.022534417000002804,,,,,,,
0.2,10,SIGN Bidirectional,0.04038954200001399,0.015040457999987211,0.2130324579999865,,,,,,,,,0.04038954200001399,0.040379376000004186,1.016600000980361e-05,0.2684624579999877,,,,,,,,,,,,,,,,,,,,0.00018516699998372133,0.009280750000016269,0.00461200000000872,0.0008589589999985492,0.00023366700000337914,3.533299999958217e-05,0.025173499999993965
0.2,11,Random Projection,0.029945957999984785,0.014778667000001633,0.21652337499997998,0.00018074999999839747,0.003390499999994745,0.0015826670000080867,0.0007388749999961419,0.0008329169999967689,0.00019654199999763478,3.604099998710808e-05,0.022978832999996257,0.029945957999984785,0.02993712499997514,8.83300000964482e-06,0.2612479999999664,,,,,,,,,,,,,,,,,,,,,,,,,,
0.2,11,Random Sampling,0.0771403340000063,0.014778667000001633,0.24601566699999466,,,,,,,,,0.0771403340000063,0.0771301249999965,1.0209000009808733e-05,0.3379346680000026,0.005194541000008712,0.009147667000007687,0.029034959000000526,0.0009733750000009422,0.0032033329999876514,0.029576249999990978,,,,,,,,,,,,,,,,,,,,
0.2,11,Non-random,0.44624749999999835,0.014778667000001633,0.22560404099999687,,,,,,,,,0.44624749999999835,0.4462436670000045,3.832999993846897e-06,0.6866302079999969,,,,,,,0.42393154199999117,0.02191775000000007,0.00039437500001326953,,,,,,,,,,,,,,,,,
0.2,11,CountSketch,0.03185395799999924,0.014778667000001633,0.21230129100001705,,,,,,,,,0.03185395799999924,0.03420879300000479,0.0,0.2589339160000179,,,,,,,,,,0.00011862499999892862,0.002399499999995669,0.002399499999995669,0.002500249999997095,0.0013836669999989226,0.0007571250000069085,0.0007882499999993797,0.00011229200001139361,1.9917000003033536e-05,0.02372966699999779,,,,,,,
0.2,11,SIGN Bidirectional,0.03915491700001894,0.014778667000001633,0.21528341600000545,,,,,,,,,0.03915491700001894,0.039142709000003606,1.2208000015334619e-05,0.269217000000026,,,,,,,,,,,,,,,,,,,,0.0002658749999966403,0.008734666999998808,0.004829749999998967,0.0010500829999955386,0.00022045800000114468,3.4292000009372714e-05,0.024007584000003135
0.2,12,Random Projection,0.027753499999988662,0.014681583000026421,0.21272108299999104,0.00017904200001339632,0.0030411669999921287,0.0016709159999948042,0.0007432079999887264,0.0008541249999893807,0.00012179099999798382,1.93750000221371e-05,0.021119083999991517,0.027753499999988662,0.027748707999990074,4.791999998587926e-06,0.2551561660000061,,,,,,,,,,,,,,,,,,,,,,,,,,
0.2,12,Random Sampling,0.082325333,0.014681583000026421,0.24798862500000496,,,,,,,,,0.082325333,0.08231520800001135,1.0124999988647687e-05,0.3449955410000314,0.005691499999983307,0.009186833000001116,0.032324791000007735,0.0008021250000069813,0.003218166999999994,0.03109179200001222,,,,,,,,,,,,,,,,,,,,
0.2,12,Non-random,0.4758156660000168,0.014681583000026421,0.23531024999999772,,,,,,,,,0.4758156660000168,0.47581149900003084,4.166999985955044e-06,0.7258074990000409,,,,,,,0.45074595799999884,0.024696583000007877,0.00036895800002412216,,,,,,,,,,,,,,,,,
0.2,12,CountSketch,0.03218291700000009,0.014681583000026421,0.17486212499997578,,,,,,,,,0.03218291700000009,0.035114706999962664,0.0,0.2217266250000023,,,,,,,,,,7.899999999949614e-05,0.0029696659999842723,0.0029696659999842723,0.002683625000003076,0.0015877079999881971,0.0007481250000012096,0.000946833999989849,0.00021549999999592728,3.579200000558558e-05,0.02287879100001078,,,,,,,
0.2,12,SIGN Bidirectional,0.03915437500000962,0.014681583000026421,0.1802103329999909,,,,,,,,,0.03915437500000962,0.03914374900000439,1.0626000005231617e-05,0.23404629100002694,,,,,,,,,,,,,,,,,,,,0.0001853340000081971,0.009570666000001893,0.005075541000024941,0.0009424999999794181,0.00025287500000104046,3.325000000131695e-05,0.023083582999987584
0.2,13,Random Projection,0.02786895799999911,0.014837792000008676,0.17904166600001759,0.00018795799999793417,0.003450499999985368,0.001643957999988288,0.0007782080000140468,0.0010469580000176393,0.0002991659999906915,2.2790999992139405e-05,0.02043270800001551,0.02786895799999911,0.027862247000001616,6.710999997494582e-06,0.22174841600002537,,,,,,,,,,,,,,,,,,,,,,,,,,
0.2,13,Random Sampling,0.06940420899999822,0.014837792000008676,0.20380120799998735,,,,,,,,,0.06940420899999822,0.06939537599998857,8.83300000964482e-06,0.28804320899999425,0.005210500000004004,0.009195916999999554,0.023346541999984538,0.0006617919999882815,0.003016375000015614,0.027964249999996582,,,,,,,,,,,,,,,,,,,,
0.2,13,Non-random,0.4568579580000005,0.014837792000008676,0.22508833399999162,,,,,,,,,0.4568579580000005,0.4568543319999776,3.6260000229049183e-06,0.6967840840000008,,,,,,,0.4351345409999965,0.02135429099999442,0.0003654999999866959,,,,,,,,,,,,,,,,,
0.2,13,CountSketch,0.03203083399998263,0.014837792000008676,0.21694387500002676,,,,,,,,,0.03203083399998263,0.034832751000010376,0.0,0.2638125010000181,,,,,,,,,,8.00409999897056e-05,0.0028351249999900574,0.0028351249999900574,0.0025919169999895075,0.0014401250000162236,0.001158833999994613,0.0012545410000086576,0.00028845900001783775,2.0292000016297607e-05,0.02232829199999742,,,,,,,
0.2,13,SIGN Bidirectional,0.03597700000000259,0.014837792000008676,0.2116726250000056,,,,,,,,,0.03597700000000259,0.0359690830000261,7.916999976487205e-06,0.2624874170000169,,,,,,,,,,,,,,,,,,,,0.0001837499999908232,0.008169250000008788,0.004773625000012771,0.0007259999999860156,0.00011325000002671004,2.0290999998451298e-05,0.021982917000002544
0.2,14,Random Projection,0.031105999999994083,0.015412999999995236,0.210976291999998,0.0001837500000192449,0.0033140829999922516,0.0014721249999922748,0.0008712500000171985,0.0008504159999915828,0.0002662079999993239,2.14169999992464e-05,0.024116499999990992,0.031105999999994083,0.031095749000002115,1.0250999991967547e-05,0.25749529199998733,,,,,,,,,,,,,,,,,,,,,,,,,,
0.2,14,Random Sampling,0.07589620799998897,0.015412999999995236,0.25181433299999867,,,,,,,,,0.07589620799998897,0.07588716699999054,9.040999998433108e-06,0.3431235409999829,0.004900667000015346,0.009047374999994418,0.029483999999996513,0.0006107920000033573,0.0032286249999913252,0.02861570799998958,,,,,,,,,,,,,,,,,,,,
0.2,14,Non-random,0.4738681669999778,0.015412999999995236,0.19068112499999756,,,,,,,,,0.4738681669999778,0.47386366600002816,4.500999949641482e-06,0.6799622919999706,,,,,,,0.44991304100000207,0.023583209000008765,0.00036741600001732877,,,,,,,,,,,,,,,,,
0.2,14,CountSketch,0.03336408300000926,0.015412999999995236,0.20602783300000738,,,,,,,,,0.03336408300000926,0.03584012499996447,0.0,0.25480491600001187,,,,,,,,,,8.0499999995709e-05,0.0025110830000016904,0.0025110830000016904,0.0028082919999974365,0.0018030839999880754,0.0010107909999987896,0.0009741669999812075,0.0002851670000154627,5.270799999834708e-05,0.023803249999986065,,,,,,,
0.2,14,SIGN Bidirectional,0.04582137500000272,0.015412999999995236,0.20961508299998854,,,,,,,,,0.04582137500000272,0.045810538999973005,1.0836000029712523e-05,0.2708494579999865,,,,,,,,,,,,,,,,,,,,0.0001869160000183001,0.010688749999985703,0.004798290999985966,0.0008992079999927682,0.00021083300001123462,2.079099999718892e-05,0.029005749999981845
0.2,15,Random Projection,0.03334950000001413,0.015343166000008068,0.1909827919999998,0.0001895830000080423,0.0032437090000030366,0.002033915999987812,0.0009170419999975365,0.0009189999999819065,0.0002984580000031656,4.212499999312058e-05,0.02569129200000475,0.03334950000001413,0.03333512499997937,1.4375000034760888e-05,0.239675458000022,,,,,,,,,,,,,,,,,,,,,,,,,,
0.2,15,Random Sampling,0.07300754199999915,0.015343166000008068,0.21560875000000124,,,,,,,,,0.07300754199999915,0.0729974170000105,1.0124999988647687e-05,0.30395945800000845,0.005232583999998042,0.00936808299999825,0.02524625000000924,0.0007785420000061549,0.0028240000000039345,0.029547957999994878,,,,,,,,,,,,,,,,,,,,
0.2,15,Non-random,0.46442974999999365,0.015343166000008068,0.21793279199999915,,,,,,,,,0.46442974999999365,0.4644252920000156,4.457999978058069e-06,0.6977057080000009,,,,,,,0.44175429200001304,0.02227516700000365,0.00039583299999890187,,,,,,,,,,,,,,,,,
0.2,15,CountSketch,0.030683000000010452,0.015343166000008068,0.19093200000000365,,,,,,,,,0.030683000000010452,0.033002209000017046,0.0,0.23695816600002217,,,,,,,,,,0.00011066599998343918,0.0023667499999930897,0.0023667499999930897,0.0026649579999968864,0.001833834000024126,0.0008964170000069771,0.0011727090000022145,0.00021354200001155732,2.1957999990718235e-05,0.02135462500001495,,,,,,,
0.2,15,SIGN Bidirectional,0.04946158399999945,0.015343166000008068,0.17982354100001885,,,,,,,,,0.04946158399999945,0.04944925099997022,1.2333000029229879e-05,0.24462829100002637,,,,,,,,,,,,,,,,,,,,0.00019045799999162227,0.010373249999986456,0.004657166999976425,0.0009682499999996708,0.00026204200000279343,3.5249999996267434e-05,0.03296283400001698
0.2,16,Random Projection,0.02913245799999231,0.015306374999994432,0.18922104199998557,0.0001867079999726684,0.003500000000002501,0.0016590829999927337,0.0008362909999846124,0.0009152500000197961,0.00018387500000471846,2.033299998061011e-05,0.02181995800000891,0.02913245799999231,0.02912149799996655,1.0960000025761474e-05,0.23365987499997232,,,,,,,,,,,,,,,,,,,,,,,,,,
0.2,16,Random Sampling,0.0722782089999896,0.015306374999994432,0.20863591700000939,,,,,,,,,0.0722782089999896,0.07226954099996874,8.668000020861655e-06,0.2962205009999934,0.006069749999994656,0.009233082999998032,0.022844832999993514,0.0006678329999942889,0.002842499999985648,0.0306115420000026,,,,,,,,,,,,,,,,,,,,
0.2,16,Non-random,0.49228779199998485,0.015306374999994432,0.2217712499999891,,,,,,,,,0.49228779199998485,0.49228291700001137,4.8749999734809535e-06,0.7293654169999684,,,,,,,0.4671599170000036,0.02472408299999529,0.00039891700001248864,,,,,,,,,,,,,,,,,
0.2,16,CountSketch,0.03272104100000206,0.015306374999994432,0.1765375420000055,,,,,,,,,0.03272104100000206,0.03551970900002743,0.0,0.22456495800000198,,,,,,,,,,8.31670000138729e-05,0.0028309580000041024,0.0028309580000041024,0.0027325420000181566,0.0014449999999897045,0.0008837919999962196,0.0010412919999964743,0.00017320799997833092,2.2542000010616903e-05,0.023476250000015852,,,,,,,
0.2,16,SIGN Bidirectional,0.04193583299999659,0.015306374999994432,0.19268333399998028,,,,,,,,,0.04193583299999659,0.04192379299999516,1.2040000001434237e-05,0.2499255419999713,,,,,,,,,,,,,,,,,,,,0.00018416699998624608,0.01108500000000845,0.005193292000001293,0.001119665999993913,0.00033379200002059406,3.51669999929527e-05,0.02397270899999171
0.2,17,Random Projection,0.029116291999997657,0.014927625000012767,0.1847521249999886,0.0001860409999778767,0.0034319999999752326,0.002047000000004573,0.0008581249999792817,0.0009050419999994119,0.0002000000000066393,3.47090000047956e-05,0.021441667000004827,0.029116291999997657,0.029104583999952638,1.1708000045018707e-05,0.22879604199999903,,,,,,,,,,,,,,,,,,,,,,,,,,
0.2,17,Random Sampling,0.07203358300000673,0.014927625000012767,0.2166895000000011,,,,,,,,,0.07203358300000673,0.07202454000000102,9.043000005704016e-06,0.3036507080000206,0.00523179099999993,0.009292917000010448,0.02570845799999688,0.0006742080000208261,0.002893415999977833,0.028223749999995107,,,,,,,,,,,,,,,,,,,,
0.2,17,Non-random,0.46847329199999876,0.014927625000012767,0.23939741699999217,,,,,,,,,0.46847329199999876,0.46846725099996434,6.041000034429089e-06,0.7227983340000037,,,,,,,0.44191279199998235,0.026057624999992868,0.0004968339999891214,,,,,,,,,,,,,,,,,
0.2,17,CountSketch,0.031504999999981464,0.014927625000012767,0.181020167000014,,,,,,,,,0.031504999999981464,0.03401979099999153,0.0,0.22745279200000823,,,,,,,,,,8.670799999777046e-05,0.002555000000000973,0.002555000000000973,0.003091417000007368,0.0020422910000092998,0.0012467089999859127,0.001133374999994885,0.00029662500000426917,2.2916000006034665e-05,0.020989749999984042,,,,,,,
0.2,17,SIGN Bidirectional,0.03654420899999877,0.014927625000012767,0.17537687499998356,,,,,,,,,0.03654420899999877,0.03653520800000365,9.000999995123493e-06,0.2268487089999951,,,,,,,,,,,,,,,,,,,,0.00018816700000456876,0.009621124999995345,0.004979125000005524,0.0010098749999940537,0.00028195800001640237,2.0124999991821824e-05,0.020434832999995933
0.2,18,Random Projection,0.02648516700000414,0.014759250000025759,0.17747029099999168,0.0001803749999851334,0.003550041000011106,0.002172000000001617,0.0008665830000040842,0.0009722920000001523,0.0002741670000148133,1.958299998250368e-05,0.01844220899999982,0.02648516700000414,0.02647724999999923,7.917000004908914e-06,0.21871470800002157,,,,,,,,,,,,,,,,,,,,,,,,,,
0.2,18,Random Sampling,0.06783591699999647,0.014759250000025759,0.2083369169999969,,,,,,,,,0.06783591699999647,0.06782991699995478,6.000000041694875e-06,0.29093208400001913,0.005223791999981131,0.009131333999988556,0.023077749999998787,0.0006191249999858428,0.0027907909999953517,0.026987125000005108,,,,,,,,,,,,,,,,,,,,
0.2,18,Non-random,0.45218479199999706,0.014759250000025759,0.231386791999995,,,,,,,,,0.45218479199999706,0.4521814569999947,3.335000002380184e-06,0.6983308340000178,,,,,,,0.42590712500000905,0.025879540999994788,0.0003947909999908461,,,,,,,,,,,,,,,,,
0.2,18,CountSketch,0.035270874999980606,0.014759250000025759,0.21756554200001688,,,,,,,,,0.035270874999980606,0.03815783299998543,0.0,0.26759566700002324,,,,,,,,,,0.00011787500000082218,0.0029404999999940173,0.0029404999999940173,0.003236249999986285,0.0015581250000025193,0.0012802079999971738,0.0010712080000132573,0.00022370899998236382,3.6250000022164386e-05,0.02475320799999281,,,,,,,
0.2,18,SIGN Bidirectional,0.039942999999993845,0.014759250000025759,0.1755319170000007,,,,,,,,,0.039942999999993845,0.0399333340000112,9.66599998264428e-06,0.2302341670000203,,,,,,,,,,,,,,,,,,,,0.00020004200001721983,0.008375999999998385,0.004461916999986215,0.0010253749999833417,0.00016062500000657565,3.2583000006525253e-05,0.025676792000012938
0.2,19,Random Projection,0.026367249999992737,0.014759416999993391,0.17434575000001473,0.0001864580000017213,0.0033582920000014838,0.0017533330000105707,0.0009208749999913834,0.0011069999999904212,0.00028891600001657025,1.899999998045132e-05,0.01872695899999144,0.026367249999992737,0.02636083299998404,6.41700000869605e-06,0.21547241700000086,,,,,,,,,,,,,,,,,,,,,,,,,,
0.2,19,Random Sampling,0.07112504199997716,0.014759416999993391,0.20916866700000014,,,,,,,,,0.07112504199997716,0.07111770699998488,7.334999992281155e-06,0.2950531259999707,0.005213707999985218,0.009160624999992706,0.023954541000023255,0.0006217080000112674,0.0028349579999940033,0.029332166999978426,,,,,,,,,,,,,,,,,,,,
0.2,19,Non-random,0.46589208299999996,0.014759416999993391,0.23848370800001817,,,,,,,,,0.46589208299999996,0.46588808300001006,3.999999989900971e-06,0.7191352080000115,,,,,,,0.44197604100000376,0.02354379199999812,0.00036825000000817454,,,,,,,,,,,,,,,,,
0.2,19,CountSketch,0.03435604099999523,0.014759416999993391,0.20095920800000044,,,,,,,,,0.03435604099999523,0.03728000000012344,0.0,0.25007466599998907,,,,,,,,,,0.00011816600002134692,0.0029777920000242375,0.0029777920000242375,0.003245416000027035,0.0014047910000272168,0.000818291999991061,0.0009320000000059281,0.00019991700000332457,3.58340000161661e-05,0.024569999999982883,,,,,,,
0.2,19,SIGN Bidirectional,0.04329420799999184,0.014759416999993391,0.204691916999991,,,,,,,,,0.04329420799999184,0.043278790999977446,1.5417000014394944e-05,0.26274554199997624,,,,,,,,,,,,,,,,,,,,0.00027762499999539614,0.010171708000001445,0.00525566700000013,0.0009877919999894402,0.0002315829999872676,2.1333000006507064e-05,0.02633308299999726
0.2,20,Random Projection,0.029061166999980514,0.0153429160000087,0.19090616599999066,0.00018316699998877084,0.0034568339999907494,0.0016582499999913125,0.0008143330000223159,0.0009726250000028358,0.000290542000016103,3.741699998727199e-05,0.021635209000010036,0.029061166999980514,0.029048377000009395,1.278999997111896e-05,0.23531024899997988,,,,,,,,,,,,,,,,,,,,,,,,,,
0.2,20,Random Sampling,0.07336662500000557,0.0153429160000087,0.21908725000000118,,,,,,,,,0.07336662500000557,0.07335641500000634,1.0209999999233332e-05,0.30779679100001545,0.005297541000004458,0.00928583300000696,0.02622204099998271,0.0007230830000253263,0.0027527499999848715,0.02907516700000201,,,,,,,,,,,,,,,,,,,,
0.2,20,Non-random,0.45331600000000094,0.0153429160000087,0.23244512500002656,,,,,,,,,0.45331600000000094,0.4533117510000011,4.248999999845182e-06,0.7011040410000362,,,,,,,0.42928391699999224,0.023656875000000355,0.00037095900000849724,,,,,,,,,,,,,,,,,
0.2,20,CountSketch,0.03380237499999339,0.0153429160000087,0.22428608300000974,,,,,,,,,0.03380237499999339,0.03659916599994517,0.0,0.27343137400001183,,,,,,,,,,7.983300000091731e-05,0.0028351249999900574,0.0028351249999900574,0.003067332999989958,0.0016703329999927519,0.0009010830000022452,0.0009697920000064641,0.00019595899999558242,3.533299999958217e-05,0.024009249999977555,,,,,,,
0.2,20,SIGN Bidirectional,0.0376981250000199,0.0153429160000087,0.2138755419999825,,,,,,,,,0.0376981250000199,0.03769012600002952,7.998999990377342e-06,0.2669165830000111,,,,,,,,,,,,,,,,,,,,0.00018662499999777538,0.008214209000016126,0.0044790000000034524,0.0007954999999810752,0.00011062500001912667,2.008399999908761e-05,0.02388408300001288
