rep,method,time_sec,time_sec_excl_sampling
1,Random Projection,0.0003658749919850379,
1,Random Sampling,0.0014209170039976016,0.001009999992675148
1,irlba,0.004128000000491738,
1,svds,0.0012295000051381066,
1,svdr,0.0007631250045960769,
1,partial_eigen,0.008881959001882933,
