method,median_time_sec,median_time_excl_sampling_sec
Random Projection,0.0003658749919850379,
Random Sampling,0.0014209170039976016,0.001009999992675148
irlba,0.004128000000491738,
svds,0.0012295000051381066,
svdr,0.0007631250045960769,
partial_eigen,0.008881959001882933,
