{
  "seed": 2026,
  "quick_mode": true,
  "figure6": {
    "settings": {
      "strategy": "majority",
      "N": 48,
      "E": 48,
      "K": 4,
      "p": 0.1,
      "q_values": [
        0.0,
        0.01,
        0.05,
        0.1
      ]
    },
    "panels": [
      {
        "q": 0.0,
        "mean_G": 1.0,
        "delta": 0.0,
        "num_hyperedges": 48
      },
      {
        "q": 0.01,
        "mean_G": 0.9164351851851852,
        "delta": 0.13027694367273854,
        "num_hyperedges": 48
      },
      {
        "q": 0.05,
        "mean_G": 0.6753637566137566,
        "delta": 0.34756575963950515,
        "num_hyperedges": 48
      },
      {
        "q": 0.1,
        "mean_G": 0.4512455908289241,
        "delta": 0.42457553661045017,
        "num_hyperedges": 48
      }
    ]
  },
  "figure7": {
    "settings": {
      "N": 600,
      "E": 120,
      "K": 4,
      "p": 0.1,
      "q_over_p": [
        0.01,
        0.3,
        0.6,
        1.0
      ],
      "realizations": 3
    },
    "summary": {
      "majority": {
        "0.01": {
          "mean_G": 0.9835757035339702,
          "delta": 0.028549178294411958,
          "pure_fraction_G_ge_0_9": 0.9722222222222222,
          "sample_size": 360
        },
        "0.3": {
          "mean_G": 0.4725124371038993,
          "delta": 0.2552278772048261,
          "pure_fraction_G_ge_0_9": 0.0,
          "sample_size": 360
        },
        "0.6": {
          "mean_G": 0.2682118187863635,
          "delta": 0.35030472445801786,
          "pure_fraction_G_ge_0_9": 0.0,
          "sample_size": 360
        },
        "1": {
          "mean_G": 0.13855270459928173,
          "delta": 0.43004329326881013,
          "pure_fraction_G_ge_0_9": 0.0,
          "sample_size": 360
        }
      },
      "max": {
        "0.01": {
          "mean_G": 0.919205674156961,
          "delta": 0.1331932902307271,
          "pure_fraction_G_ge_0_9": 0.6861111111111111,
          "sample_size": 360
        },
        "0.3": {
          "mean_G": 0.19007320531306,
          "delta": 0.5135625750631722,
          "pure_fraction_G_ge_0_9": 0.0,
          "sample_size": 360
        },
        "0.6": {
          "mean_G": 0.1409577804735802,
          "delta": 0.45213578696616086,
          "pure_fraction_G_ge_0_9": 0.0,
          "sample_size": 360
        },
        "1": {
          "mean_G": 0.13820704484639557,
          "delta": 0.41122573579276783,
          "pure_fraction_G_ge_0_9": 0.0,
          "sample_size": 360
        }
      },
      "min": {
        "0.01": {
          "mean_G": 0.9475384539701275,
          "delta": 0.11295757496268484,
          "pure_fraction_G_ge_0_9": 0.8388888888888889,
          "sample_size": 360
        },
        "0.3": {
          "mean_G": 0.2634765225210728,
          "delta": 0.5011686367485441,
          "pure_fraction_G_ge_0_9": 0.0,
          "sample_size": 360
        },
        "0.6": {
          "mean_G": 0.18489867253107867,
          "delta": 0.42186777271622916,
          "pure_fraction_G_ge_0_9": 0.0,
          "sample_size": 360
        },
        "1": {
          "mean_G": 0.1355484261457952,
          "delta": 0.4083847054796449,
          "pure_fraction_G_ge_0_9": 0.0,
          "sample_size": 360
        }
      },
      "weighted": {
        "0.01": {
          "mean_G": 0.9568808067070377,
          "delta": 0.08493809076400023,
          "pure_fraction_G_ge_0_9": 0.8611111111111112,
          "sample_size": 360
        },
        "0.3": {
          "mean_G": 0.32619342052574374,
          "delta": 0.4106618288628223,
          "pure_fraction_G_ge_0_9": 0.0,
          "sample_size": 360
        },
        "0.6": {
          "mean_G": 0.18967335847792832,
          "delta": 0.43567481899792226,
          "pure_fraction_G_ge_0_9": 0.0,
          "sample_size": 360
        },
        "1": {
          "mean_G": 0.14177775461593858,
          "delta": 0.4404665312015833,
          "pure_fraction_G_ge_0_9": 0.0,
          "sample_size": 360
        }
      }
    }
  },
  "figure8": {
    "settings": {
      "N": 400,
      "E": 120,
      "K": 4,
      "p": 0.03,
      "q": 0.012,
      "q_over_p": 0.4,
      "realizations": 3,
      "orders": [
        "random",
        "fixed",
        "community"
      ]
    },
    "summary": {
      "majority": {
        "random": {
          "mean_G": 0.5579935753546864,
          "delta": 0.37345774906334567,
          "sample_size": 360
        },
        "fixed": {
          "mean_G": 0.5712915196942975,
          "delta": 0.35227209036330764,
          "sample_size": 360
        },
        "community": {
          "mean_G": 0.5359822835721528,
          "delta": 0.36280595597171994,
          "sample_size": 360
        }
      },
      "max": {
        "random": {
          "mean_G": 0.5239786992237973,
          "delta": 0.3862690067271807,
          "sample_size": 360
        },
        "fixed": {
          "mean_G": 0.5126607781881971,
          "delta": 0.39334049053792197,
          "sample_size": 360
        },
        "community": {
          "mean_G": 0.5180231212455871,
          "delta": 0.4029186273979525,
          "sample_size": 360
        }
      },
      "min": {
        "random": {
          "mean_G": 0.48988776141553925,
          "delta": 0.44624553830319114,
          "sample_size": 360
        },
        "fixed": {
          "mean_G": 0.5152010438121549,
          "delta": 0.43015182347563674,
          "sample_size": 360
        },
        "community": {
          "mean_G": 0.5029705068593958,
          "delta": 0.432101600894913,
          "sample_size": 360
        }
      },
      "weighted": {
        "random": {
          "mean_G": 0.5357677661844329,
          "delta": 0.37674835077484053,
          "sample_size": 360
        },
        "fixed": {
          "mean_G": 0.5217248492248492,
          "delta": 0.395611479384853,
          "sample_size": 360
        },
        "community": {
          "mean_G": 0.5348426188009522,
          "delta": 0.396625565694351,
          "sample_size": 360
        }
      }
    }
  },
  "shared_9_to_12": {
    "settings": {
      "E": 200,
      "K": 4,
      "p": 0.03,
      "n_over_e": [
        1.0,
        5.0,
        10.0
      ],
      "q_over_p": [
        0.0,
        0.25,
        0.5,
        0.75,
        1.0
      ],
      "realizations": 3,
      "node_order": "random"
    },
    "curves": {
      "majority": {
        "1": {
          "mean_G_curve": [
            1.0,
            0.7713747795414463,
            0.6160869531702865,
            0.5191565055315056,
            0.43219246802580136
          ],
          "delta_curve": [
            0.0,
            0.28211408879331307,
            0.3862806191944348,
            0.39732009176095895,
            0.426323468213705
          ]
        },
        "5": {
          "mean_G_curve": [
            1.0,
            0.5760570334452676,
            0.3908904491856308,
            0.26557607186111515,
            0.20566471595250865
          ],
          "delta_curve": [
            0.0,
            0.2816580777851955,
            0.35803338556759634,
            0.39849162576609065,
            0.4324360090937422
          ]
        },
        "10": {
          "mean_G_curve": [
            1.0,
            0.5369758500574779,
            0.3123657703866243,
            0.21011718654514802,
            0.14099538102672202
          ],
          "delta_curve": [
            0.0,
            0.22297111922104143,
            0.32253360911867124,
            0.377262201041292,
            0.41760983715826155
          ]
        }
      },
      "max": {
        "1": {
          "mean_G_curve": [
            1.0,
            0.7739120971620972,
            0.6076799743466411,
            0.5045149233482566,
            0.43247471129088777
          ],