dataset,n_nodes,n_edges,target_rank,random_projection_median_sec,random_sampling_median_sec,random_sampling_excl_sampling_median_sec,partial_eigen_median_sec,random_sampling_display
DBLP,317080,1049866,3,0.4763117500115186,0.30996515008155257,0.2086443998850882,0.23908785008825362,0.310(0.209)
Youtube,1134890,2987624,7,2.0527228499995545,1.6611652999417856,1.3491318000014871,1.139852900058031,1.661(1.349)
Internet,1696415,11095298,4,3.7711588001111522,2.9517725500045344,1.679688400006853,1.8400694499723613,2.952(1.680)
