n,rep,seed,K,m,rho_n,num_hyperedges_total,theta_nnz,theta_density,generation_wall_sec,hypergraph_laplacian_build_wall_sec,num_isolated_nodes,isolated_fraction,hypergraph_degree_mean,hypergraph_degree_max,expected_hyperedges_total,expected_hyperedges_per_n,expected_degree_mean,candidate_within_fraction,p_in,p_out,sampling_mode,method,method_key,misclassification_rate,ARI,NMI,metric_wall_sec,non_random_eigensolver,eigen_decomposition_wall_sec,embedding_normalize_wall_sec,kmeans_wall_sec,spectral_clustering_wall_sec,top_eigenvalue_max,top_eigenvalue_min,algorithm_total_wall_sec,cpu_time_sec,wall_clock_sec,peak_traced_memory_mb,rss_before_mb,rss_after_mb,rss_delta_mb,rp_draw_omega_sec,rp_power_iter_sec,rp_qr_sec,rp_build_core_sec,rp_small_eig_sec,rp_core_eigensolver,rp_lift_sec,rs_sample_matrix_wall_sec,rs_eigensolver,rs_eig_wall_sec,rs_original_upper_nnz,rs_sampled_upper_nnz,rs_sampling_probability,rs_sampled_theta_nnz,cs_draw_hash_sec,cs_embedding_dim,cs_bucket_min_load,cs_bucket_max_load,cs_empty_buckets,cs_initial_multiply_sec,cs_power_iter_sec,cs_qr_sec,cs_build_core_sec,cs_small_eig_sec,cs_core_eigensolver,cs_lift_sec
2000,1,220260507,3,3,16.0,39976,231650,0.0579125,0.5707939000567421,0.06575339997652918,0,0.0,59.964,86.0,40179.08736,20.08954368,60.268631039999995,0.11077788894447224,0.000144,1.6e-05,sparse,Non-random,non_random,0.0,1.0,0.9999999999999998,0.018078699940815568,eigsh,0.005356599926017225,7.970002479851246e-05,1.012649399926886,1.0180936999386176,0.9999999999999998,0.6575417663172484,1.654632999910973,0.875,1.040100899990648,7.971095085144043,,,,,,,,,,,,,,,,,,,,,,,,,,,,,
2000,1,220260507,3,3,16.0,39976,231650,0.0579125,0.5707939000567421,0.06575339997652918,0,0.0,59.964,86.0,40179.08736,20.08954368,60.268631039999995,0.11077788894447224,0.000144,1.6e-05,sparse,Gaussian random projection,gaussian_random_projection,0.0,1.0,1.0,0.015951900044456124,,0.13656989997252822,0.0001748999347910285,0.0819248000625521,0.21867859992198646,0.9999997771462197,0.6574088323441444,0.8552169000031427,0.96875,0.23918810009490699,13.016225814819336,,,,0.003100000089034438,0.09766780002973974,0.021387899992987514,0.010624100104905665,0.0031823000172153115,eigsh,0.00026629993226379156,,,,,,,,,,,,,,,,,,,
2000,1,220260507,3,3,16.0,39976,231650,0.0579125,0.5707939000567421,0.06575339997652918,0,0.0,59.964,86.0,40179.08736,20.08954368,60.268631039999995,0.11077788894447224,0.000144,1.6e-05,sparse,Random sampling,random_sampling,0.0,1.0,1.0,0.01578380004502833,,0.019388000015169382,8.560006972402334e-05,0.0838622999144718,0.10334260005038232,1.0579257714241095,0.7469271733759772,0.7398832000326365,0.859375,0.123856799909845,10.292909622192383,,,,,,,,,,,0.00821250001899898,eigsh,0.010970799950882792,116825.0,81910.0,0.7,162411.0,,,,,,,,,,,,
2000,1,220260507,3,3,16.0,39976,231650,0.0579125,0.5707939000567421,0.06575339997652918,0,0.0,59.964,86.0,40179.08736,20.08954368,60.268631039999995,0.11077788894447224,0.000144,1.6e-05,sparse,CountSketch random projection,countsketch_random_projection,0.0,1.0,0.9999999999999998,0.015835199970752,,0.1349346999777481,0.00015259999781847,0.082269600010477,0.21736400004010648,0.9999998089013178,0.6573714204137814,0.8539042000193149,1.34375,0.23798059998080134,10.56095027923584,,,,,,,,,,,,,,,,,,0.0005845999112352729,163.0,4.0,21.0,0.0,0.003460700041614473,0.09486729989293963,0.021844099974259734,0.010518299997784197,0.0032146000303328037,eigsh,0.00023450003936886787
2000,2,220260508,3,3,16.0,40302,233498,0.0583745,0.5457397999707609,0.0696551000000909,0,0.0,60.453,87.0,40179.08736,20.08954368,60.268631039999995,0.11077788894447224,0.000144,1.6e-05,sparse,Non-random,non_random,0.0,1.0,0.9999999999999998,0.016021700110286474,eigsh,0.005544199957512319,9.330001194030046e-05,0.08352639991790056,0.08917089994065464,0.9999999999999998,0.6548973564130148,0.704558799858205,1.03125,0.10920980002265424,8.034396171569824,,,,,,,,,,,,,,,,,,,,,,,,,,,,,
2000,2,220260508,3,3,16.0,40302,233498,0.0583745,0.5457397999707609,0.0696551000000909,0,0.0,60.453,87.0,40179.08736,20.08954368,60.268631039999995,0.11077788894447224,0.000144,1.6e-05,sparse,Gaussian random projection,gaussian_random_projection,0.0,1.0,0.9999999999999998,0.017658800003118813,,0.13723540003411472,0.00017220003064721823,0.08223489997908473,0.21965030010323972,0.9999997972226078,0.6547469173198238,0.8350374000146985,1.1875,0.24209200008772314,13.03732967376709,,,,0.00305349996779114,0.09798369999043643,0.021547099924646318,0.011324999970383942,0.0028074000729247928,eigsh,0.00020399992354214191,,,,,,,,,,,,,,,,,,,
2000,2,220260508,3,3,16.0,40302,233498,0.0583745,0.5457397999707609,0.0696551000000909,0,0.0,60.453,87.0,40179.08736,20.08954368,60.268631039999995,0.11077788894447224,0.000144,1.6e-05,sparse,Random sampling,random_sampling,0.0,1.0,1.0,0.015974899986758828,,0.020140000036917627,8.389994036406279e-05,0.08533710008487105,0.10556729999370873,1.0564927528282875,0.7403199335551426,0.7209559000330046,1.1875,0.12683299998752773,10.361124992370605,,,,,,,,,,,0.008252899977378547,eigsh,0.01180860004387796,117749.0,82371.0,0.7,163337.0,,,,,,,,,,,,
2000,2,220260508,3,3,16.0,40302,233498,0.0583745,0.5457397999707609,0.0696551000000909,0,0.0,60.453,87.0,40179.08736,20.08954368,60.268631039999995,0.11077788894447224,0.000144,1.6e-05,sparse,CountSketch random projection,countsketch_random_projection,0.0,1.0,0.9999999999999998,0.01578220003284514,,0.12453879998065531,0.00023090001195669174,0.0843925999943167,0.2091716000577435,0.999999773656788,0.654696465979682,0.8245571999577805,1.734375,0.23005550005473197,10.581899642944336,,,,,,,,,,,,,,,,,,0.0006117000011727214,163.0,3.0,20.0,0.0,0.003694400074891746,0.08589260000735521,0.020415800041519105,0.010742199956439435,0.0026470000157132745,eigsh,0.00020050001330673695
2000,3,220260509,3,3,16.0,40488,234828,0.058707,0.5906621000031009,0.06713580002542585,0,0.0,60.732,89.0,40179.08736,20.08954368,60.268631039999995,0.11077788894447224,0.000144,1.6e-05,sparse,Non-random,non_random,0.0,1.0,0.9999999999999998,0.01787250000052154,eigsh,0.005149699980393052,8.140003774315119e-05,0.08280850003939122,0.08804559998679906,1.0,0.6543709293468419,0.7458375000860542,0.78125,0.11004040006082505,8.080042839050293,,,,,,,,,,,,,,,,,,,,,,,,,,,,,
2000,3,220260509,3,3,16.0,40488,234828,0.058707,0.5906621000031009,0.06713580002542585,0,0.0,60.732,89.0,40179.08736,20.08954368,60.268631039999995,0.11077788894447224,0.000144,1.6e-05,sparse,Gaussian random projection,gaussian_random_projection,0.0,1.0,0.9999999999999998,0.017014099983498454,,0.1329816000070423,0.00018889992497861385,0.0832518000388518,0.21643170004244894,0.9999998024152426,0.6541916947028734,0.8742201999993995,0.875,0.23861690005287528,13.052401542663574,,,,0.0030657999450340867,0.09463359997607768,0.02097680000588298,0.010930299991741776,0.00288909999653697,eigsh,0.00017089990433305502,,,,,,,,,,,,,,,,,,,
2000,3,220260509,3,3,16.0,40488,234828,0.058707,0.5906621000031009,0.06713580002542585,0,0.0,60.732,89.0,40179.08736,20.08954368,60.268631039999995,0.11077788894447224,0.000144,1.6e-05,sparse,Random sampling,random_sampling,0.0,1.0,1.0,0.01607560005504638,,0.021686699939891696,8.230004459619522e-05,0.08516000001691282,0.10693579993676394,1.0510649798698706,0.7380041877290165,0.7647269000299275,0.96875,0.1276976999361068,10.417478561401367,,,,,,,,,,,0.00890460005030036,eigsh,0.012641399982385337,118414.0,82797.0,0.7,164215.0,,,,,,,,,,,,
2000,3,220260509,3,3,16.0,40488,234828,0.058707,0.5906621000031009,0.06713580002542585,0,0.0,60.732,89.0,40179.08736,20.08954368,60.268631039999995,0.11077788894447224,0.000144,1.6e-05,sparse,CountSketch random projection,countsketch_random_projection,0.0,1.0,0.9999999999999998,0.017609599977731705,,0.12881999998353422,0.00015480001457035542,0.08311980008147657,0.2121018999023363,0.9999997716270533,0.6541883818536557,0.8698925001081079,1.28125,0.23462049989029765,10.597319602966309,,,,,,,,,,,,,,,,,,0.0005409000441431999,163.0,3.0,23.0,0.0,0.003552599926479161,0.08856170007493347,0.020977400010451674,0.011846099980175495,0.0029482999816536903,eigsh,0.00017260003369301558
2000,4,220260510,3,3,16.0,40353,234020,0.058505,0.549712200067006,0.06833699997514486,0,0.0,60.5295,88.0,40179.08736,20.08954368,60.268631039999995,0.11077788894447224,0.000144,1.6e-05,sparse,Non-random,non_random,0.0,1.0,0.9999999999999998,0.015891100047156215,eigsh,0.005515499971807003,7.98000255599618e-05,0.08339609997346997,0.0889974000165239,0.9999999999999997,0.6559959519284514,0.7070406000129879,0.96875,0.10866369993891567,8.052302360534668,,,,,,,,,,,,,,,,,,,,,,,,,,,,,
2000,4,220260510,3,3,16.0,40353,234020,0.058505,0.549712200067006,0.06833699997514486,0,0.0,60.5295,88.0,40179.08736,20.08954368,60.268631039999995,0.11077788894447224,0.000144,1.6e-05,sparse,Gaussian random projection,gaussian_random_projection,0.0,1.0,0.9999999999999998,0.016004499979317188,,0.1413559999782592,0.00016120006330311298,0.08731690002605319,0.22884230001363903,0.9999997652409944,0.6558171712489306,0.8468833001097664,0.9375,0.24977430002763867,13.043303489685059,,,,0.003038399969227612,0.09550820000004023,0.023698600009083748,0.013740599970333278,0.004708099993877113,eigsh,0.00025479996111243963,,,,,,,,,,,,,,,,,,,
2000,4,220260510,3,3,16.0,40353,234020,0.058505,0.549712200067006,0.06833699997514486,0,0.0,60.5295,88.0,40179.08736,20.08954368,60.268631039999995,0.11077788894447224,0.000144,1.6e-05,sparse,Random sampling,random_sampling,0.0,1.0,0.9999999999999998,0.015798900043591857,,0.019135599955916405,0.00010200007818639278,0.08614230004604906,0.10538670001551509,1.0478854717712915,0.7361580118426694,0.7234291001223028,0.984375,0.12603959999978542,10.406686782836914,,,,,,,,,,,0.008354199933819473,eigsh,0.010704900021664798,118010.0,82857.0,0.7,164366.0,,,,,,,,,,,,
2000,4,220260510,3,3,16.0,40353,234020,0.058505,0.549712200067006,0.06833699997514486,0,0.0,60.5295,88.0,40179.08736,20.08954368,60.268631039999995,0.11077788894447224,0.000144,1.6e-05,sparse,CountSketch random projection,countsketch_random_projection,0.0,1.0,0.9999999999999998,0.018345699994824827,,0.12514949997421354,0.00015680002979934216,0.08368679997511208,0.20900050003547221,0.9999998121277406,0.6558555802187699,0.8270423000212759,0.875,0.23215269995853305,10.588072776794434,,,,,,,,,,,,,,,,,,0.0005236000288277864,163.0,5.0,26.0,0.0,0.003565700026229024,0.08467000001110137,0.021858799969777465,0.01118009991478175,0.002967400010675192,eigsh,0.00016469997353851795
2000,5,220260511,3,3,16.0,40581,234996,0.058749,0.5632947999984026,0.07260969991330057,0,0.0,60.8715,96.0,40179.08736,20.08954368,60.268631039999995,0.11077788894447224,0.000144,1.6e-05,sparse,Non-random,non_random,0.0,1.0,0.9999999999999998,0.018138299928978086,eigsh,0.005473600002005696,7.999991066753864e-05,0.08368699997663498,0.08924679993651807,1.0,0.6567490486554729,0.7251450998010114,0.765625,0.11085419997107238,8.085760116577148,,,,,,,,,,,,,,,,,,,,,,,,,,,,,
2000,5,220260511,3,3,16.0,40581,234996,0.058749,0.5632947999984026,0.07260969991330057,0,0.0,60.8715,96.0,40179.08736,20.08954368,60.268631039999995,0.11077788894447224,0.000144,1.6e-05,sparse,Gaussian random projection,gaussian_random_projection,0.0,1.0,1.0,0.015791799989528954,,0.134053900022991,0.00014950009062886238,0.08320660004392266,0.21741819998715073,0.9999997994297407,0.6565983815988895,0.8533145000692457,1.125,0.23836949991527945,13.054224967956543,,,,0.003029000014066696,0.09564539999701083,0.021059099934063852,0.010739600053057075,0.0031562999356538057,eigsh,0.0001596000511199236,,,,,,,,,,,,,,,,,,,
2000,5,220260511,3,3,16.0,40581,234996,0.058749,0.5632947999984026,0.07260969991330057,0,0.0,60.8715,96.0,40179.08736,20.08954368,60.268631039999995,0.11077788894447224,0.000144,1.6e-05,sparse,Random sampling,random_sampling,0.0,1.0,0.9999999999999998,0.01660910004284233,,0.019098900025710464,0.00011300004553049803,0.08396570000331849,0.10318460001144558,1.051600371899907,0.742366216889247,0.7390820999862626,1.0625,0.12464239995460957,10.41562271118164,,,,,,,,,,,0.007950100000016391,eigsh,0.011070400010794401,118498.0,82727.0,0.7,164065.0,,,,,,,,,,,,
2000,5,220260511,3,3,16.0,40581,234996,0.058749,0.5632947999984026,0.07260969991330057,0,0.0,60.8715,96.0,40179.08736,20.08954368,60.268631039999995,0.11077788894447224,0.000144,1.6e-05,sparse,CountSketch random projection,countsketch_random_projection,0.0,1.0,0.9999999999999998,0.016927100019529462,,0.12643639999441803,0.00018309999722987413,0.08350740000605583,0.2101343999383971,0.9999998519722904,0.6565798208050658,0.8460313999094069,1.265625,0.23186689999420196,10.599242210388184,,,,,,,,,,,,,,,,,,0.0005607999628409743,163.0,5.0,20.0,0.0,0.0035173000069335103,0.08729960001073778,0.02092619996983558,0.010617499938234687,0.003073900006711483,eigsh,0.00018780003301799297
2000,6,220260512,3,3,16.0,40055,232196,0.058049,0.5452888000290841,0.06725510000251234,0,0.0,60.0825,90.0,40179.08736,20.08954368,60.268631039999995,0.11077788894447224,0.000144,1.6e-05,sparse,Non-random,non_random,0.0,1.0,1.0,0.01607080001849681,eigsh,0.005156900035217404,7.82000133767724e-05,0.08251669991295785,0.08775750000495464,0.9999999999999998,0.6517968920154446,0.7002956999931484,0.578125,0.10770669998601079,7.989680290222168,,,,,,,,,,,,,,,,,,,,,,,,,,,,,
2000,6,220260512,3,3,16.0,40055,232196,0.058049,0.5452888000290841,0.06725510000251234,0,0.0,60.0825,90.0,40179.08736,20.08954368,60.268631039999995,0.11077788894447224,0.000144,1.6e-05,sparse,Gaussian random projection,gaussian_random_projection,0.0,1.0,1.0,0.017474799999035895,,0.13385340000968426,0.00015320000238716602,0.08337549993302673,0.21738980000372976,0.9999998317964969,0.6515987934198217,0.8299259999766946,1.34375,0.23979100002907217,13.02213191986084,,,,0.0030941000441089272,0.09590310009662062,0.02058120002038777,0.011038500000722706,0.0027463999576866627,eigsh,0.00018079997971653938,,,,,,,,,,,,,,,,,,,
2000,6,220260512,3,3,16.0,40055,232196,0.058049,0.5452888000290841,0.06725510000251234,0,0.0,60.0825,90.0,40179.08736,20.08954368,60.268631039999995,0.11077788894447224,0.000144,1.6e-05,sparse,Random sampling,random_sampling,0.0,1.0,1.0,0.01686079998034984,,0.020492899930104613,8.720008190721273e-05,0.0843659999081865,0.10495289997197688,1.0569474322753052,0.7347252196829541,0.7174899999517947,1.015625,0.12663549999706447,10.320782661437988,,,,,,,,,,,0.007992199971340597,eigsh,0.012419299921020865,117098.0,82156.0,0.7,162910.0,,,,,,,,,,,,
2000,6,220260512,3,3,16.0,40055,232196,0.058049,0.5452888000290841,0.06725510000251234,0,0.0,60.0825,90.0,40179.08736,20.08954368,60.268631039999995,0.11077788894447224,0.000144,1.6e-05,sparse,CountSketch random projection,countsketch_random_projection,0.0,1.0,0.9999999999999998,0.01587359991390258,,0.12438839999958873,0.00016199995297938585,0.08249780000187457,0.20705680001992732,0.9999998295215047,0.6516249746650874,0.8195920999860391,0.96875,0.22749680001288652,10.567198753356934,,,,,,,,,,,,,,,,,,0.0005381000228226185,163.0,4.0,22.0,0.0,0.004822000046260655,0.08334929996635765,0.021159199997782707,0.011227900045923889,0.0028720999835059047,eigsh,0.00016649998724460602
2000,7,220260513,3,3,16.0,40443,234332,0.058583,0.551001200103201,0.06859569996595383,0,0.0,60.6645,91.0,40179.08736,20.08954368,60.268631039999995,0.11077788894447224,0.000144,1.6e-05,sparse,Non-random,non_random,0.0,1.0,0.9999999999999998,0.016858800081536174,eigsh,0.005702800001017749,7.990002632141113e-05,0.08436099998652935,0.09014960005879402,0.9999999999999996,0.6575089237566981,0.7097406000830233,1.0,0.11083529994357377,8.063014030456543,,,,,,,,,,,,,,,,,,,,,,,,,,,,,
2000,7,220260513,3,3,16.0,40443,234332,0.058583,0.551001200103201,0.06859569996595383,0,0.0,60.6645,91.0,40179.08736,20.08954368,60.268631039999995,0.11077788894447224,0.000144,1.6e-05,sparse,Gaussian random projection,gaussian_random_projection,0.0,1.0,1.0,0.016415399964898825,,0.13877870002761483,0.0001580000389367342,0.08322649996262044,0.222169499960728,0.999999798325204,0.6573454600212741,0.8417601000983268,1.3125,0.24319700000341982,13.046576499938965,,,,0.0030347000574693084,0.10034789994824678,0.020428100018762052,0.011224100016988814,0.003288600011728704,eigsh,0.0001873000292107463,,,,,,,,,,,,,,,,,,,
2000,7,220260513,3,3,16.0,40443,234332,0.058583,0.551001200103201,0.06859569996595383,0,0.0,60.6645,91.0,40179.08736,20.08954368,60.268631039999995,0.11077788894447224,0.000144,1.6e-05,sparse,Random sampling,random_sampling,0.0005,0.998498874063205,0.9965853313238792,0.015998899936676025,,0.019737599999643862,0.0001020999625325203,0.08536769996862859,0.10521399998106062,1.0542714149522097,0.7407282833806291,0.7248042999999598,1.0,0.12598940008319914,10.370896339416504,,,,,,,,,,,0.008344699977897108,eigsh,0.011256199912168086,118166.0,82282.0,0.7,163148.0,,,,,,,,,,,,
2000,7,220260513,3,3,16.0,40443,234332,0.058583,0.551001200103201,0.06859569996595383,0,0.0,60.6645,91.0,40179.08736,20.08954368,60.268631039999995,0.11077788894447224,0.000144,1.6e-05,sparse,CountSketch random projection,countsketch_random_projection,0.0,1.0,0.9999999999999998,0.01599220000207424,,0.12607380002737045,0.00014549994375556707,0.08390420000068843,0.2101313000312075,0.9999997700191081,0.6573358478701847,0.8297204000409693,1.03125,0.23079200007487088,10.591593742370605,,,,,,,,,,,,,,,,,,0.0005281999474391341,163.0,3.0,22.0,0.0,0.0036576000275090337,0.08644029998686165,0.02142990007996559,0.010941899963654578,0.0026892999885603786,eigsh,0.00019259995315223932
2000,8,220260514,3,3,16.0,40037,232286,0.0580715,0.53622190002352,0.06743369996547699,0,0.0,60.0555,91.0,40179.08736,20.08954368,60.268631039999995,0.11077788894447224,0.000144,1.6e-05,sparse,Non-random,non_random,0.0,1.0,1.0,0.016482400009408593,eigsh,0.00582259998191148,9.590003173798323e-05,0.08227799995802343,0.08820310002192855,1.0000000000000002,0.65800087942432,0.6918520999606699,0.765625,0.10809659992810339,7.992770195007324,,,,,,,,,,,,,,,,,,,,,,,,,,,,,
2000,8,220260514,3,3,16.0,40037,232286,0.0580715,0.53622190002352,0.06743369996547699,0,0.0,60.0555,91.0,40179.08736,20.08954368,60.268631039999995,0.11077788894447224,0.000144,1.6e-05,sparse,Gaussian random projection,gaussian_random_projection,0.0,1.0,1.0,0.016194400028325617,,0.13126589998137206,0.0001487999688833952,0.08383260003756732,0.21525600005406886,0.9999998162518333,0.6578744367368926,0.8189028999768198,1.640625,0.23614299995824695,13.023459434509277,,,,0.0030811999458819628,0.09265320003032684,0.02128159999847412,0.010814899927936494,0.0029773999704048038,eigsh,0.00015820004045963287,,,,,,,,,,,,,,,,,,,
2000,8,220260514,3,3,16.0,40037,232286,0.0580715,0.53622190002352,0.06743369996547699,0,0.0,60.0555,91.0,40179.08736,20.08954368,60.268631039999995,0.11077788894447224,0.000144,1.6e-05,sparse,Random sampling,random_sampling,0.0,1.0,1.0,0.01964319997932762,,0.01871279999613762,8.289993274956942e-05,0.09573280008044094,0.1145371999591589,1.0529921829360671,0.7440520195050317,0.7181840999983251,1.09375,0.1393821999663487,10.310737609863281,,,,,,,,,,,0.0079486999893561,eigsh,0.010690799914300442,117143.0,81978.0,0.7,162576.0,,,,,,,,,,,,
2000,8,220260514,3,3,16.0,40037,232286,0.0580715,0.53622190002352,0.06743369996547699,0,0.0,60.0555,91.0,40179.08736,20.08954368,60.268631039999995,0.11077788894447224,0.000144,1.6e-05,sparse,CountSketch random projection,countsketch_random_projection,0.0,1.0,1.0,0.01629609998781234,,0.12526859994977713,0.0001970999874174595,0.0852912999689579,0.21076489996630698,0.9999998262119514,0.657845734219826,0.8144125998951495,0.765625,0.23182250000536442,10.568228721618652,,,,,,,,,,,,,,,,,,0.0005274000577628613,163.0,4.0,25.0,0.0,0.003688500029966235,0.08596150006633252,0.02100299997255206,0.011063299956731498,0.0026729999808594584,eigsh,0.0001647999742999673
2000,9,220260515,3,3,16.0,39922,231386,0.0578465,0.573163399938494,0.06737649999558926,0,0.0,59.883,92.0,40179.08736,20.08954368,60.268631039999995,0.11077788894447224,0.000144,1.6e-05,sparse,Non-random,non_random,0.0,1.0,0.9999999999999998,0.017650799942202866,eigsh,0.0051611000671982765,9.699992369860411e-05,0.08329440001398325,0.08855920005589724,1.0000000000000002,0.6556030817911352,0.7290923999389634,0.703125,0.11021060007624328,7.961871147155762,,,,,,,,,,,,,,,,,,,,,,,,,,,,,
2000,9,220260515,3,3,16.0,39922,231386,0.0578465,0.573163399938494,0.06737649999558926,0,0.0,59.883,92.0,40179.08736,20.08954368,60.268631039999995,0.11077788894447224,0.000144,1.6e-05,sparse,Gaussian random projection,gaussian_random_projection,0.0,1.0,1.0,0.01597449998371303,,0.13659090001601726,0.0001490999711677432,0.08225009997840971,0.21899750002194196,0.9999997846941107,0.6554002608796827,0.8595299998996779,1.125,0.23967130004893988,13.01315975189209,,,,0.0030952999368309975,0.09861810004804283,0.020801100065000355,0.0104050999507308,0.003197500016540289,eigsh,0.0001759999431669712,,,,,,,,,,,,,,,,,,,
2000,9,220260515,3,3,16.0,39922,231386,0.0578465,0.573163399938494,0.06737649999558926,0,0.0,59.883,92.0,40179.08736,20.08954368,60.268631039999995,0.11077788894447224,0.000144,1.6e-05,sparse,Random sampling,random_sampling,0.0005,0.9984999996249999,0.9965856736581903,0.017351699993014336,,0.018813300062902272,0.00011449994053691626,0.08583829994313419,0.10477330000139773,1.0565718724701123,0.7428805075029352,0.7453059998806566,0.8125,0.12686379998922348,10.267573356628418,,,,,,,,,,,0.007728299940936267,eigsh,0.010962100001052022,116693.0,81623.0,0.7,161834.0,,,,,,,,,,,,
2000,9,220260515,3,3,16.0,39922,231386,0.0578465,0.573163399938494,0.06737649999558926,0,0.0,59.883,92.0,40179.08736,20.08954368,60.268631039999995,0.11077788894447224,0.000144,1.6e-05,sparse,CountSketch random projection,countsketch_random_projection,0.0,1.0,1.0,0.017629300011321902,,0.12714909994974732,0.00015600002370774746,0.08303320000413805,0.21034430002328008,0.9999998087603812,0.6554385050137151,0.8508781999116763,1.53125,0.23266540002077818,10.557929039001465,,,,,,,,,,,,,,,,,,0.0005372000159695745,163.0,3.0,22.0,0.0,0.003663300070911646,0.08697720000054687,0.02136599994264543,0.01126759999897331,0.002976299962028861,eigsh,0.000161800067871809
2000,10,220260516,3,3,16.0,40337,233854,0.0584635,0.5523186000064015,0.06871539994608611,0,0.0,60.5055,87.0,40179.08736,20.08954368,60.268631039999995,0.11077788894447224,0.000144,1.6e-05,sparse,Non-random,non_random,0.0,1.0,0.9999999999999998,0.016679700114764273,eigsh,0.005654999986290932,9.559991303831339e-05,0.08591130003333092,0.09166919998824596,0.9999999999999998,0.6564039369118698,0.7126958998851478,0.4375,0.11199979996308684,8.046552658081055,,,,,,,,,,,,,,,,,,,,,,,,,,,,,
2000,10,220260516,3,3,16.0,40337,233854,0.0584635,0.5523186000064015,0.06871539994608611,0,0.0,60.5055,87.0,40179.08736,20.08954368,60.268631039999995,0.11077788894447224,0.000144,1.6e-05,sparse,Gaussian random projection,gaussian_random_projection,0.0,1.0,0.9999999999999998,0.019232099992223084,,0.13710500008892268,0.00015440001152455807,0.08374889998231083,0.2210169000318274,0.9999997729352583,0.6562399292947391,0.8420423000352457,1.25,0.24510010005906224,13.041007041931152,,,,0.003215300035662949,0.09770730009768158,0.02136330003850162,0.011504099937155843,0.002808300079777837,eigsh,0.000229199999012053,,,,,,,,,,,,,,,,,,,
2000,10,220260516,3,3,16.0,40337,233854,0.0584635,0.5523186000064015,0.06871539994608611,0,0.0,60.5055,87.0,40179.08736,20.08954368,60.268631039999995,0.11077788894447224,0.000144,1.6e-05,sparse,Random sampling,random_sampling,0.0,1.0,1.0,0.016296599991619587,,0.019372700015082955,0.00011389993596822023,0.08549930003937334,0.10499280004296452,1.0582894296761691,0.7427244088063061,0.7260198999429122,0.765625,0.12620749999769032,10.369135856628418,,,,,,,,,,,0.008184499922208488,eigsh,0.01102920004632324,117927.0,82393.0,0.7,163363.0,,,,,,,,,,,,
2000,10,220260516,3,3,16.0,40337,233854,0.0584635,0.5523186000064015,0.06871539994608611,0,0.0,60.5055,87.0,40179.08736,20.08954368,60.268631039999995,0.11077788894447224,0.000144,1.6e-05,sparse,CountSketch random projection,countsketch_random_projection,0.0,1.0,0.9999999999999998,0.01594499999191612,,0.1316217000130564,0.00015089998487383127,0.08272040006704628,0.2144992999965325,0.999999840400344,0.6562283222548776,0.8355270000174642,1.28125,0.23537180002313107,10.585875511169434,,,,,,,,,,,,,,,,,,0.0006302000256255269,163.0,5.0,22.0,0.0,0.0036740999203175306,0.09208590001799166,0.021204199991188943,0.010715699987486005,0.002938699908554554,eigsh,0.00016709999181330204
4000,1,420260507,3,3,16.0,80641,477428,0.02983925,1.082942200009711,0.148724100086838,0,0.0,60.48075,93.0,80475.321472,20.118830367999998,60.356491104,0.11094447223611806,3.6e-05,4e-06,sparse,Non-random,non_random,0.0,1.0,1.0,0.027696300065144897,eigsh,0.009404200012795627,7.079995702952147e-05,0.04088879993651062,0.050369199947454035,1.0,0.654375034755885,1.2820301000028849,0.734375,0.0858395000686869,16.424311637878418,,,,,,,,,,,,,,,,,,,,,,,,,,,,,
4000,1,420260507,3,3,16.0,80641,477428,0.02983925,1.082942200009711,0.148724100086838,0,0.0,60.48075,93.0,80475.321472,20.118830367999998,60.356491104,0.11094447223611806,3.6e-05,4e-06,sparse,Gaussian random projection,gaussian_random_projection,0.0,1.0,1.0,0.02756820002105087,,0.2822519999463111,0.0002634000265970826,0.040171799948439,0.32269659999292344,0.9999994301355801,0.6539690207303618,1.5543535000178963,1.140625,0.35866709996480495,25.7850980758667,,,,0.005119600100442767,0.21779840008821338,0.03147090005222708,0.023877200088463724,0.0032229000935330987,eigsh,0.00024560000747442245,,,,,,,,,,,,,,,,,,,
4000,1,420260507,3,3,16.0,80641,477428,0.02983925,1.082942200009711,0.148724100086838,0,0.0,60.48075,93.0,80475.321472,20.118830367999998,60.356491104,0.11094447223611806,3.6e-05,4e-06,sparse,Random sampling,random_sampling,0.00025,0.9992500938204385,0.9981351045139839,0.026664000004529953,,0.027919000014662743,7.770000956952572e-05,0.0427608999889344,0.07076360005885363,1.0550171418496257,0.7403131428064131,1.3024239001097158,0.84375,0.10714430001098663,21.164443016052246,,,,,,,,,,,0.015154400025494397,eigsh,0.012637299951165915,240714.0,169118.0,0.7,335474.0,,,,,,,,,,,,
4000,1,420260507,3,3,16.0,80641,477428,0.02983925,1.082942200009711,0.148724100086838,0,0.0,60.48075,93.0,80475.321472,20.118830367999998,60.356491104,0.11094447223611806,3.6e-05,4e-06,sparse,CountSketch random projection,countsketch_random_projection,0.0,1.0,1.0,0.02684669999871403,,0.24348910001572222,0.0002215000567957759,0.04153199994470924,0.2852518999716267,0.9999995900537324,0.6539064720618696,1.5169089001137763,1.21875,0.32195729995146394,20.873351097106934,,,,,,,,,,,,,,,,,,0.0006533000851050019,163.0,15.0,35.0,0.0,0.007495400030165911,0.17845010000746697,0.03051680000498891,0.022808999987319112,0.0028774000238627195,eigsh,0.0002571999793872237
4000,2,420260508,3,3,16.0,81039,479760,0.029985,1.0769983000354841,0.15069339994806796,0,0.0,60.77925,92.0,80475.321472,20.118830367999998,60.356491104,0.11094447223611806,3.6e-05,4e-06,sparse,Non-random,non_random,0.0,1.0,1.0,0.031044999952428043,eigsh,0.00946610001847148,6.909994408488274e-05,0.04243939998559654,0.05198089999612421,1.0,0.657602133095144,1.279666299931705,0.6875,0.09050249995198101,16.504374504089355,,,,,,,,,,,,,,,,,,,,,,,,,,,,,
4000,2,420260508,3,3,16.0,81039,479760,0.029985,1.0769983000354841,0.15069339994806796,0,0.0,60.77925,92.0,80475.321472,20.118830367999998,60.356491104,0.11094447223611806,3.6e-05,4e-06,sparse,Gaussian random projection,gaussian_random_projection,0.0,1.0,1.0,0.02987060009036213,,0.26145390002056956,0.0002188999205827713,0.041666400036774576,0.30334799992851913,0.999999427637609,0.6572061579267612,1.531030899961479,1.171875,0.3442002999363467,25.81193447113037,,,,0.006456000031903386,0.19548500003293157,0.031628800090402365,0.024400199996307492,0.002686499967239797,eigsh,0.0002142000012099743,,,,,,,,,,,,,,,,,,,
4000,2,420260508,3,3,16.0,81039,479760,0.029985,1.0769983000354841,0.15069339994806796,0,0.0,60.77925,92.0,80475.321472,20.118830367999998,60.356491104,0.11094447223611806,3.6e-05,4e-06,sparse,Random sampling,random_sampling,0.00025,0.9992498125001876,0.9981350190626131,0.02667759999167174,,0.028511599986813962,7.24999699741602e-05,0.04368070000782609,0.07227100001182407,1.0561593989935822,0.7419812097638941,1.2999564999481663,0.9375,0.10854699998162687,21.258008003234863,,,,,,,,,,,0.015513400081545115,eigsh,0.01287100010085851,241880.0,169814.0,0.7,336848.0,,,,,,,,,,,,
4000,2,420260508,3,3,16.0,81039,479760,0.029985,1.0769983000354841,0.15069339994806796,0,0.0,60.77925,92.0,80475.321472,20.118830367999998,60.356491104,0.11094447223611806,3.6e-05,4e-06,sparse,CountSketch random projection,countsketch_random_projection,0.0,1.0,1.0,0.029626499977894127,,0.2371145999059081,0.0002136999974027276,0.04081080004107207,0.2781457999954,0.9999995509482404,0.65705541439129,1.505830799927935,1.171875,0.31714069994632155,20.899741172790527,,,,,,,,,,,,,,,,,,0.0005852000322192907,163.0,12.0,39.0,0.0,0.007551999995484948,0.17161839990876615,0.031216199975460768,0.02267139998730272,0.0028985999524593353,eigsh,0.00020530004985630512
4000,3,420260509,3,3,16.0,80636,477362,0.029835125,1.0692432000068948,0.15767849993426353,0,0.0,60.477,89.0,80475.321472,20.118830367999998,60.356491104,0.11094447223611806,3.6e-05,4e-06,sparse,Non-random,non_random,0.0,1.0,1.0,0.02734030003193766,eigsh,0.009345100028440356,0.00012119999155402184,0.04112059995532036,0.05059260001871735,1.0,0.6583414122415976,1.277508599916473,0.75,0.08662810001987964,16.421995162963867,,,,,,,,,,,,,,,,,,,,,,,,,,,,,
4000,3,420260509,3,3,16.0,80636,477362,0.029835125,1.0692432000068948,0.15767849993426353,0,0.0,60.477,89.0,80475.321472,20.118830367999998,60.356491104,0.11094447223611806,3.6e-05,4e-06,sparse,Gaussian random projection,gaussian_random_projection,0.0,1.0,1.0,0.026765799964778125,,0.25357189995702356,0.00024500000290572643,0.04090949997771531,0.29473560000769794,0.9999994569765693,0.6579074758625525,1.521648099878803,1.15625,0.33207370003219694,25.784193992614746,,,,0.00690269994083792,0.1902566000353545,0.030228300020098686,0.022532899980433285,0.0028153000166639686,eigsh,0.0002239999594166875,,,,,,,,,,,,,,,,,,,
4000,3,420260509,3,3,16.0,80636,477362,0.029835125,1.0692432000068948,0.15767849993426353,0,0.0,60.477,89.0,80475.321472,20.118830367999998,60.356491104,0.11094447223611806,3.6e-05,4e-06,sparse,Random sampling,random_sampling,0.0,1.0,1.0,0.03153170004952699,,0.02665529993828386,7.109995931386948e-05,0.04237000003922731,0.06910209998022765,1.0557510375674597,0.7445414412177954,1.2960180998779833,0.9375,0.11059169995132834,21.134258270263672,,,,,,,,,,,0.01433630008250475,eigsh,0.012200400000438094,240681.0,168716.0,0.7,334636.0,,,,,,,,,,,,
4000,3,420260509,3,3,16.0,80636,477362,0.029835125,1.0692432000068948,0.15767849993426353,0,0.0,60.477,89.0,80475.321472,20.118830367999998,60.356491104,0.11094447223611806,3.6e-05,4e-06,sparse,CountSketch random projection,countsketch_random_projection,0.0,1.0,1.0,0.02709560003131628,,0.2683461999986321,0.00024199998006224632,0.03983539994806051,0.3084325999952853,0.9999994730183293,0.6579458396844508,1.5353452998679131,1.015625,0.34592840005643666,20.872248649597168,,,,,,,,,,,,,,,,,,0.0004632000345736742,163.0,13.0,41.0,0.0,0.006514000007882714,0.2026001000776887,0.03141089994460344,0.023453100002370775,0.0032342999475076795,eigsh,0.0002437999937683344
4000,4,420260510,3,3,16.0,80523,476544,0.029784,1.0689777999650687,0.16355100006330758,0,0.0,60.39225,91.0,80475.321472,20.118830367999998,60.356491104,0.11094447223611806,3.6e-05,4e-06,sparse,Non-random,non_random,0.0,1.0,1.0,0.02791469998192042,eigsh,0.009149199933744967,0.0001420000335201621,0.0443375000031665,0.05363539990503341,0.9999999999999999,0.6559576271707065,1.286157499998808,0.828125,0.08909489994402975,16.393961906433105,,,,,,,,,,,,,,,,,,,,,,,,,,,,,
4000,4,420260510,3,3,16.0,80523,476544,0.029784,1.0689777999650687,0.16355100006330758,0,0.0,60.39225,91.0,80475.321472,20.118830367999998,60.356491104,0.11094447223611806,3.6e-05,4e-06,sparse,Gaussian random projection,gaussian_random_projection,0.0,1.0,1.0,0.02650269994046539,,0.25606949999928474,0.00020549993496388197,0.04117390001192689,0.29745710000861436,0.999999558102687,0.6555465345750736,1.5299776999745518,1.3125,0.3338350000558421,25.77513027191162,,,,0.006241599912755191,0.1927564999787137,0.030935299932025373,0.02249830006621778,0.0028508000541478395,eigsh,0.00024149997625499964,,,,,,,,,,,,,,,,,,,
4000,4,420260510,3,3,16.0,80523,476544,0.029784,1.0689777999650687,0.16355100006330758,0,0.0,60.39225,91.0,80475.321472,20.118830367999998,60.356491104,0.11094447223611806,3.6e-05,4e-06,sparse,Random sampling,random_sampling,0.00025,0.9992498123593164,0.9981350193168855,0.028850100003182888,,0.028627999941818416,7.6299998909235e-05,0.04602050001267344,0.07473100000061095,1.0568454753222662,0.7402268597357305,1.3072535999817774,0.921875,0.11319169995840639,21.093876838684082,,,,,,,,,,,0.016512000001966953,eigsh,0.01199230004567653,240272.0,168371.0,0.7,333934.0,,,,,,,,,,,,
4000,4,420260510,3,3,16.0,80523,476544,0.029784,1.0689777999650687,0.16355100006330758,0,0.0,60.39225,91.0,80475.321472,20.118830367999998,60.356491104,0.11094447223611806,3.6e-05,4e-06,sparse,CountSketch random projection,countsketch_random_projection,0.0,1.0,1.0,0.02691320003941655,,0.2618113999487832,0.0002891999902203679,0.04186859994661063,0.3039782999549061,0.9999994059970929,0.6556662718632775,1.5364979999139905,1.140625,0.340876100002788,20.863085746765137,,,,,,,,,,,,,,,,,,0.000584400026127696,163.0,13.0,37.0,0.0,0.00810740003362298,0.19252060004509985,0.03021160000935197,0.026444699964486063,0.0031699000392109156,eigsh,0.00028609996661543846
4000,5,420260511,3,3,16.0,80407,476380,0.02977375,1.0810493999160826,0.1513362000696361,0,0.0,60.30525,91.0,80475.321472,20.118830367999998,60.356491104,0.11094447223611806,3.6e-05,4e-06,sparse,Non-random,non_random,0.0,1.0,1.0,0.028945300029590726,eigsh,0.008964099921286106,0.00011650007218122482,0.04179630009457469,0.05088229989632964,0.9999999999999998,0.6557524755718638,1.2832625000737607,0.71875,0.0871642999118194,16.388331413269043,,,,,,,,,,,,,,,,,,,,,,,,,,,,,
4000,5,420260511,3,3,16.0,80407,476380,0.02977375,1.0810493999160826,0.1513362000696361,0,0.0,60.30525,91.0,80475.321472,20.118830367999998,60.356491104,0.11094447223611806,3.6e-05,4e-06,sparse,Gaussian random projection,gaussian_random_projection,0.0,1.0,1.0,0.029536299989558756,,0.2651811999967322,0.00028140004724264145,0.041207099915482104,0.3066778000211343,0.9999994441206291,0.6553940166507379,1.5390552999451756,1.25,0.3443844000576064,25.77290630340576,,,,0.005264400038868189,0.18998060002923012,0.04123139998409897,0.024698900058865547,0.00294079992454499,eigsh,0.0002079999540001154,,,,,,,,,,,,,,,,,,,
4000,5,420260511,3,3,16.0,80407,476380,0.02977375,1.0810493999160826,0.1513362000696361,0,0.0,60.30525,91.0,80475.321472,20.118830367999998,60.356491104,0.11094447223611806,3.6e-05,4e-06,sparse,Random sampling,random_sampling,0.0,1.0,1.0,0.026864200015552342,,0.02634879993274808,7.559999357908964e-05,0.042505200020968914,0.06893539999146014,1.0568479840645504,0.742849320394724,1.3013151999330148,0.890625,0.10689189995173365,21.099696159362793,,,,,,,,,,,0.01379840006120503,eigsh,0.01242759998422116,240190.0,168498.0,0.7,334193.0,,,,,,,,,,,,
4000,5,420260511,3,3,16.0,80407,476380,0.02977375,1.0810493999160826,0.1513362000696361,0,0.0,60.30525,91.0,80475.321472,20.118830367999998,60.356491104,0.11094447223611806,3.6e-05,4e-06,sparse,CountSketch random projection,countsketch_random_projection,0.0,1.0,1.0,0.026756600011140108,,0.23369169991929084,0.00023170001804828644,0.04157999996095896,0.2755119999637827,0.9999994151205353,0.6553313096083794,1.5078889998840168,1.125,0.31204759993124753,20.86106014251709,,,,,,,,,,,,,,,,,,0.0006110999966040254,163.0,13.0,39.0,0.0,0.0072908999864012,0.1674490999430418,0.031320299953222275,0.02310730004683137,0.003220300073735416,eigsh,0.000246299896389246
4000,6,420260512,3,3,16.0,80741,478044,0.02987775,1.0729941999306902,0.15419620007742196,0,0.0,60.55575,89.0,80475.321472,20.118830367999998,60.356491104,0.11094447223611806,3.6e-05,4e-06,sparse,Non-random,non_random,0.0,1.0,1.0,0.027321500005200505,eigsh,0.009929999941959977,7.38000962883234e-05,0.04125190002378076,0.05126219999510795,0.9999999999999996,0.6580662599743009,1.2784461000701413,0.734375,0.08631049992982298,16.445460319519043,,,,,,,,,,,,,,,,,,,,,,,,,,,,,
4000,6,420260512,3,3,16.0,80741,478044,0.02987775,1.0729941999306902,0.15419620007742196,0,0.0,60.55575,89.0,80475.321472,20.118830367999998,60.356491104,0.11094447223611806,3.6e-05,4e-06,sparse,Gaussian random projection,gaussian_random_projection,0.0,1.0,1.0,0.029243099968880415,,0.2685469000134617,0.00022060004994273186,0.041251600021496415,0.3100271000294015,0.9999995820277883,0.6576491413295847,1.537209500093013,1.265625,0.3491049000294879,25.792048454284668,,,,0.006198799936100841,0.20257560000754893,0.031625700066797435,0.024041199940256774,0.0033265999518334866,eigsh,0.00022960000205785036,,,,,,,,,,,,,,,,,,,
4000,6,420260512,3,3,16.0,80741,478044,0.02987775,1.0729941999306902,0.15419620007742196,0,0.0,60.55575,89.0,80475.321472,20.118830367999998,60.356491104,0.11094447223611806,3.6e-05,4e-06,sparse,Random sampling,random_sampling,0.0,1.0,1.0,0.02959670010022819,,0.02934330003336072,7.049995474517345e-05,0.042441099998541176,0.07186070003081113,1.0544487323410237,0.7447588400089157,1.2990452999947593,0.953125,0.11123349994886667,21.151114463806152,,,,,,,,,,,0.01721760001964867,eigsh,0.012006100034341216,241022.0,168762.0,0.7,334740.0,,,,,,,,,,,,
4000,6,420260512,3,3,16.0,80741,478044,0.02987775,1.0729941999306902,0.15419620007742196,0,0.0,60.55575,89.0,80475.321472,20.118830367999998,60.356491104,0.11094447223611806,3.6e-05,4e-06,sparse,CountSketch random projection,countsketch_random_projection,0.0,1.0,1.0,0.027605699957348406,,0.22998599999118596,0.0002850999590009451,0.042713799979537725,0.27299259998835623,0.9999993857451672,0.657676819766384,1.5001752999378368,1.140625,0.3110221999231726,20.88010311126709,,,,,,,,,,,,,,,,,,0.0007151999743655324,163.0,11.0,43.0,0.0,0.007319199969060719,0.1640677999239415,0.030799799947999418,0.02351139998063445,0.0028681999538093805,eigsh,0.00024189997930079699
4000,7,420260513,3,3,16.0,80050,474194,0.029637125,1.0563535999972373,0.15347339992877096,0,0.0,60.0375,90.0,80475.321472,20.118830367999998,60.356491104,0.11094447223611806,3.6e-05,4e-06,sparse,Non-random,non_random,0.0,1.0,1.0,0.029321599984541535,eigsh,0.009221100015565753,0.0002109999768435955,0.04190289997495711,0.0513432000298053,1.0,0.6601805643742992,1.2611619998933747,0.625,0.08784459996968508,16.313281059265137,,,,,,,,,,,,,,,,,,,,,,,,,,,,,
4000,7,420260513,3,3,16.0,80050,474194,0.029637125,1.0563535999972373,0.15347339992877096,0,0.0,60.0375,90.0,80475.321472,20.118830367999998,60.356491104,0.11094447223611806,3.6e-05,4e-06,sparse,Gaussian random projection,gaussian_random_projection,0.0,1.0,1.0,0.028718199930153787,,0.25179970008321106,0.0002234000712633133,0.04192009998951107,0.2939521000953391,0.9999995637564332,0.6597673966718764,1.5037702000699937,1.453125,0.3321996000595391,25.74778938293457,,,,0.00603030005004257,0.1873595000943169,0.030936500057578087,0.02325389999896288,0.003404799965210259,eigsh,0.00023410003632307053,,,,,,,,,,,,,,,,,,,
4000,7,420260513,3,3,16.0,80050,474194,0.029637125,1.0563535999972373,0.15347339992877096,0,0.0,60.0375,90.0,80475.321472,20.118830367999998,60.356491104,0.11094447223611806,3.6e-05,4e-06,sparse,Random sampling,random_sampling,0.0,1.0,1.0,0.029327300027944148,,0.027257699985057116,7.339997682720423e-05,0.04324609995819628,0.07058279996272177,1.0523286883935925,0.7442358222423312,1.2804041998460889,1.015625,0.11038389999885112,20.962549209594727,,,,,,,,,,,0.015070000081323087,eigsh,0.012061999994330108,239097.0,167130.0,0.7,331488.0,,,,,,,,,,,,
4000,7,420260513,3,3,16.0,80050,474194,0.029637125,1.0563535999972373,0.15347339992877096,0,0.0,60.0375,90.0,80475.321472,20.118830367999998,60.356491104,0.11094447223611806,3.6e-05,4e-06,sparse,CountSketch random projection,countsketch_random_projection,0.0,1.0,1.0,0.027760000084526837,,0.25517289992421865,0.00025180005468428135,0.04168620007112622,0.2971208000089973,0.9999995072933001,0.6596034436292268,1.5069378999760374,1.09375,0.33508770004846156,20.8359432220459,,,,,,,,,,,,,,,,,,0.0006900000153109431,163.0,14.0,37.0,0.0,0.006174499983899295,0.19037680001929402,0.03168450004886836,0.022912900079973042,0.0026897999923676252,eigsh,0.00022280006669461727
4000,8,420260514,3,3,16.0,80572,476968,0.0298105,1.082892999984324,0.15597469999920577,0,0.0,60.429,92.0,80475.321472,20.118830367999998,60.356491104,0.11094447223611806,3.6e-05,4e-06,sparse,Non-random,non_random,0.0,1.0,1.0,0.029751299996860325,eigsh,0.009302399936132133,8.719996549189091e-05,0.0417439000448212,0.05113949999213219,1.0,0.6556074116915003,1.290001199929975,0.734375,0.08853559999261051,16.40851879119873,,,,,,,,,,,,,,,,,,,,,,,,,,,,,
4000,8,420260514,3,3,16.0,80572,476968,0.0298105,1.082892999984324,0.15597469999920577,0,0.0,60.429,92.0,80475.321472,20.118830367999998,60.356491104,0.11094447223611806,3.6e-05,4e-06,sparse,Gaussian random projection,gaussian_random_projection,0.0,1.0,1.0,0.02808069996535778,,0.25251989997923374,0.0002482000272721052,0.04000660008750856,0.2927845000522211,0.999999497692801,0.6551328242375297,1.5316424000775442,1.28125,0.3305661000777036,25.77988338470459,,,,0.0061573999701067805,0.18992129992693663,0.030043600010685623,0.022927099955268204,0.002662300015799701,eigsh,0.00020600005518645048,,,,,,,,,,,,,,,,,,,
4000,8,420260514,3,3,16.0,80572,476968,0.0298105,1.082892999984324,0.15597469999920577,0,0.0,60.429,92.0,80475.321472,20.118830367999998,60.356491104,0.11094447223611806,3.6e-05,4e-06,sparse,Random sampling,random_sampling,0.0,1.0,1.0,0.02795489993877709,,0.025838200002908707,0.00020350003615021706,0.04312240006402135,0.069171900046058,1.0562257547446539,0.7405698083036255,1.30803180008661,0.96875,0.10705190000589937,21.120161056518555,,,,,,,,,,,0.013209400000050664,eigsh,0.012429499998688698,240484.0,168623.0,0.7,334453.0,,,,,,,,,,,,
4000,8,420260514,3,3,16.0,80572,476968,0.0298105,1.082892999984324,0.15597469999920577,0,0.0,60.429,92.0,80475.321472,20.118830367999998,60.356491104,0.11094447223611806,3.6e-05,4e-06,sparse,CountSketch random projection,countsketch_random_projection,0.0,1.0,1.0,0.02725450007710606,,0.2634430000325665,0.0002239999594166875,0.041296100011095405,0.30497180006932467,0.9999995603900398,0.6552968312214678,1.5438307999866083,1.15625,0.34144740004558116,20.8677396774292,,,,,,,,,,,,,,,,,,0.0005839000223204494,163.0,14.0,40.0,0.0,0.006605300004594028,0.19502840004861355,0.03330810007173568,0.023997899959795177,0.003245399915613234,eigsh,0.0002688000677153468
4000,9,420260515,3,3,16.0,80429,476392,0.0297745,1.0603096999693662,0.1544436999829486,0,0.0,60.32175,93.0,80475.321472,20.118830367999998,60.356491104,0.11094447223611806,3.6e-05,4e-06,sparse,Non-random,non_random,0.0,1.0,1.0,0.02816099999472499,eigsh,0.009254900040104985,0.00011410005390644073,0.041999900015071034,0.051375300041399896,0.9999999999999998,0.6572052061705769,1.2661223000613973,0.65625,0.0871396999573335,16.38874340057373,,,,,,,,,,,,,,,,,,,,,,,,,,,,,
4000,9,420260515,3,3,16.0,80429,476392,0.0297745,1.0603096999693662,0.1544436999829486,0,0.0,60.32175,93.0,80475.321472,20.118830367999998,60.356491104,0.11094447223611806,3.6e-05,4e-06,sparse,Gaussian random projection,gaussian_random_projection,0.0,1.0,1.0,0.02636959997471422,,0.2791706999996677,0.00022169994190335274,0.04087899997830391,0.320279199979268,0.9999995259017664,0.6568482652618847,1.5350247998721898,1.25,0.3579561000224203,25.77314281463623,,,,0.006063500070013106,0.215466299909167,0.03124239994212985,0.022906300029717386,0.002714799949899316,eigsh,0.00022439996246248484,,,,,,,,,,,,,,,,,,,
4000,9,420260515,3,3,16.0,80429,476392,0.0297745,1.0603096999693662,0.1544436999829486,0,0.0,60.32175,93.0,80475.321472,20.118830367999998,60.356491104,0.11094447223611806,3.6e-05,4e-06,sparse,Random sampling,random_sampling,0.0,1.0,1.0,0.030422800104133785,,0.026979299960657954,0.0001132000470533967,0.041565799969248474,0.06866520002949983,1.0509411252230143,0.7392069487341371,1.2834116999292746,0.875,0.10852929996326566,21.060111045837402,,,,,,,,,,,0.015045400010421872,eigsh,0.011793300043791533,240196.0,167908.0,0.7,333060.0,,,,,,,,,,,,
4000,9,420260515,3,3,16.0,80429,476392,0.0297745,1.0603096999693662,0.1544436999829486,0,0.0,60.32175,93.0,80475.321472,20.118830367999998,60.356491104,0.11094447223611806,3.6e-05,4e-06,sparse,CountSketch random projection,countsketch_random_projection,0.0,1.0,1.0,0.029924400034360588,,0.238805599976331,0.0002101999707520008,0.0416123999748379,0.28063659998588264,0.9999993858008001,0.6567482571454456,1.4953815998742357,1.21875,0.319898399990052,20.8611478805542,,,,,,,,,,,,,,,,,,0.000653900089673698,163.0,11.0,36.0,0.0,0.006134300027042627,0.17447820003144443,0.03095060004852712,0.023087400011718273,0.0028798000421375036,eigsh,0.00022249994799494743
4000,10,420260516,3,3,16.0,80466,476392,0.0297745,1.0707378000952303,0.1519708998966962,0,0.0,60.3495,95.0,80475.321472,20.118830367999998,60.356491104,0.11094447223611806,3.6e-05,4e-06,sparse,Non-random,non_random,0.0,1.0,1.0,0.026685399934649467,eigsh,0.009146900032646954,9.510002564638853e-05,0.0410834999056533,0.05033120000734925,1.0000000000000002,0.6586918531543672,1.2730341999558732,0.671875,0.08449190005194396,16.38874340057373,,,,,,,,,,,,,,,,,,,,,,,,,,,,,
4000,10,420260516,3,3,16.0,80466,476392,0.0297745,1.0707378000952303,0.1519708998966962,0,0.0,60.3495,95.0,80475.321472,20.118830367999998,60.356491104,0.11094447223611806,3.6e-05,4e-06,sparse,Gaussian random projection,gaussian_random_projection,0.0,1.0,1.0,0.026742300018668175,,0.25116919993888587,0.0002125999890267849,0.04133120004553348,0.29271930002141744,0.9999994717029532,0.658322471172211,1.5154216999653727,1.1875,0.3288061999483034,25.773192405700684,,,,0.005537300021387637,0.1888150000013411,0.030510500073432922,0.02281209989450872,0.0027525000041350722,eigsh,0.0002001000102609396,,,,,,,,,,,,,,,,,,,
4000,10,420260516,3,3,16.0,80466,476392,0.0297745,1.0707378000952303,0.1519708998966962,0,0.0,60.3495,95.0,80475.321472,20.118830367999998,60.356491104,0.11094447223611806,3.6e-05,4e-06,sparse,Random sampling,random_sampling,0.00025,0.9992498125001876,0.9981350190626131,0.027350200107321143,,0.03086629998870194,9.510002564638853e-05,0.04289549996610731,0.073862100020051,1.0555608685288225,0.7449455713204501,1.2965655999723822,0.921875,0.11118869995698333,21.065448760986328,,,,,,,,,,,0.018377500004135072,eigsh,0.012367599993012846,240196.0,168005.0,0.7,333201.0,,,,,,,,,,,,
4000,10,420260516,3,3,16.0,80466,476392,0.0297745,1.0707378000952303,0.1519708998966962,0,0.0,60.3495,95.0,80475.321472,20.118830367999998,60.356491104,0.11094447223611806,3.6e-05,4e-06,sparse,CountSketch random projection,countsketch_random_projection,0.0,1.0,1.0,0.026878100004978478,,0.23375260003376752,0.00021139997988939285,0.041401299997232854,0.27537340007256716,0.9999994320395327,0.658321171620006,1.4980740000028163,1.0,0.31148310005664825,20.86149501800537,,,,,,,,,,,,,,,,,,0.0005861000390723348,163.0,11.0,39.0,0.0,0.0066503999987617135,0.16984460002277046,0.030414699926041067,0.022534099989570677,0.003123799921013415,eigsh,0.00022739998530596495
6000,1,620260507,3,3,16.0,121170,722618,0.02007272222222222,1.640486799995415,0.25136100000236183,0,0.0,60.585,88.0,120771.58755555555,20.128597925925927,60.38579377777778,0.1109999938302488,1.6e-05,1.7777777777777777e-06,sparse,Non-random,non_random,0.0,1.0,1.0,0.04015040001831949,eigsh,0.01442040002439171,8.389994036406279e-05,0.04699609999079257,0.06150750000961125,0.9999999999999998,0.6572448155786532,1.953348199953325,0.78125,0.11286740005016327,24.85750102996826,,,,,,,,,,,,,,,,,,,,,,,,,,,,,
6000,1,620260507,3,3,16.0,121170,722618,0.02007272222222222,1.640486799995415,0.25136100000236183,0,0.0,60.585,88.0,120771.58755555555,20.128597925925927,60.38579377777778,0.1109999938302488,1.6e-05,1.7777777777777777e-06,sparse,Gaussian random projection,gaussian_random_projection,0.0,1.0,1.0,0.03767240000888705,,0.4672201999928802,0.0003687000134959817,0.04616929998155683,0.5137675000587478,0.9999992182872043,0.6565804728334593,2.40560599998571,1.453125,0.5633861999958754,38.54723644256592,,,,0.007568800006993115,0.37784189998637885,0.0413704999955371,0.03641900001093745,0.002917499979957938,eigsh,0.0003272999310865998,,,,,,,,,,,,,,,,,,,
6000,1,620260507,3,3,16.0,121170,722618,0.02007272222222222,1.640486799995415,0.25136100000236183,0,0.0,60.585,88.0,120771.58755555555,20.128597925925927,60.38579377777778,0.1109999938302488,1.6e-05,1.7777777777777777e-06,sparse,Random sampling,random_sampling,0.00016666666666666666,0.9994999583125017,0.9986951868229893,0.039693200029432774,,0.035596300032921135,0.00015379989054054022,0.046784100006334484,0.082542399992235,1.0596304932413219,0.7452425650315628,1.974381999927573,0.875,0.13337420008610934,31.947656631469727,,,,,,,,,,,0.018730000010691583,eigsh,0.01668460003565997,364309.0,255278.0,0.7,506292.0,,,,,,,,,,,,
6000,1,620260507,3,3,16.0,121170,722618,0.02007272222222222,1.640486799995415,0.25136100000236183,0,0.0,60.585,88.0,120771.58755555555,20.128597925925927,60.38579377777778,0.1109999938302488,1.6e-05,1.7777777777777777e-06,sparse,CountSketch random projection,countsketch_random_projection,0.0,1.0,1.0,0.04058439994696528,,0.3903444999596104,0.00030940002761781216,0.04689300002064556,0.4375572999706492,0.999999147218291,0.6565179732097081,2.3293947000056505,1.328125,0.49241060006897897,31.178675651550293,,,,,,,,,,,,,,,,,,0.0014736000448465347,163.0,23.0,54.0,0.0,0.012550799991004169,0.29145999997854233,0.04034449998289347,0.0405533000594005,0.0029574999352917075,eigsh,0.00035370001569390297
6000,2,620260508,3,3,16.0,120991,721826,0.020050722222222223,1.672001300030388,0.25572030001785606,0,0.0,60.4955,90.0,120771.58755555555,20.128597925925927,60.38579377777778,0.1109999938302488,1.6e-05,1.7777777777777777e-06,sparse,Non-random,non_random,0.0,1.0,1.0,0.03743000002577901,eigsh,0.013749800040386617,0.00010159995872527361,0.04573000001255423,0.05958780006039888,1.0000000000000002,0.6580923962727063,1.9873030000599101,1.078125,0.10838509991299361,24.830309867858887,,,,,,,,,,,,,,,,,,,,,,,,,,,,,
6000,2,620260508,3,3,16.0,120991,721826,0.020050722222222223,1.672001300030388,0.25572030001785606,0,0.0,60.4955,90.0,120771.58755555555,20.128597925925927,60.38579377777778,0.1109999938302488,1.6e-05,1.7777777777777777e-06,sparse,Gaussian random projection,gaussian_random_projection,0.0,1.0,1.0,0.03752020001411438,,0.3876031000399962,0.00038139999378472567,0.04662039992399514,0.43461480003315955,0.9999991623962179,0.6574056686978182,2.36232650000602,1.28125,0.4871040000580251,38.53812313079834,,,,0.007972300052642822,0.30077860003802925,0.04012210003565997,0.03456099994946271,0.0029805999947711825,eigsh,0.000277700019069016,,,,,,,,,,,,,,,,,,,
6000,2,620260508,3,3,16.0,120991,721826,0.020050722222222223,1.672001300030388,0.25572030001785606,0,0.0,60.4955,90.0,120771.58755555555,20.128597925925927,60.38579377777778,0.1109999938302488,1.6e-05,1.7777777777777777e-06,sparse,Random sampling,random_sampling,0.0,1.0,1.0,0.04304320004303008,,0.03522780002094805,0.00017079990357160568,0.049853499978780746,0.0852605999680236,1.0524513668794675,0.7410554319414351,2.0129736999515444,1.09375,0.1422853999538347,31.91037368774414,,,,,,,,,,,0.018398799933493137,eigsh,0.01659999997355044,363913.0,254920.0,0.7,505693.0,,,,,,,,,,,,
6000,2,620260508,3,3,16.0,120991,721826,0.020050722222222223,1.672001300030388,0.25572030001785606,0,0.0,60.4955,90.0,120771.58755555555,20.128597925925927,60.38579377777778,0.1109999938302488,1.6e-05,1.7777777777777777e-06,sparse,CountSketch random projection,countsketch_random_projection,0.0,1.0,1.0,0.03860339999664575,,0.355928499950096,0.00028499995823949575,0.04568670003209263,0.40190830000210553,0.9999991803636123,0.6575796096769083,2.329621799988672,1.34375,0.4512004000134766,31.169760704040527,,,,,,,,,,,,,,,,,,0.00045440008398145437,163.0,21.0,50.0,0.0,0.010226299986243248,0.26361719996202737,0.041237000026740134,0.03663719992619008,0.0027601999463513494,eigsh,0.00041580002289265394
6000,3,620260509,3,3,16.0,120416,718294,0.019952611111111112,1.6165834000566974,0.2550471000140533,0,0.0,60.208,91.0,120771.58755555555,20.128597925925927,60.38579377777778,0.1109999938302488,1.6e-05,1.7777777777777777e-06,sparse,Non-random,non_random,0.0,1.0,1.0,0.037986400071531534,eigsh,0.012720400001853704,9.630003478378057e-05,0.046634300029836595,0.05945780000183731,1.0,0.657116466740534,1.9310815001372248,0.984375,0.10870550002437085,24.7090482711792,,,,,,,,,,,,,,,,,,,,,,,,,,,,,
6000,3,620260509,3,3,16.0,120416,718294,0.019952611111111112,1.6165834000566974,0.2550471000140533,0,0.0,60.208,91.0,120771.58755555555,20.128597925925927,60.38579377777778,0.1109999938302488,1.6e-05,1.7777777777777777e-06,sparse,Gaussian random projection,gaussian_random_projection,0.0,1.0,1.0,0.04043739999178797,,0.38091030006762594,0.0002813999308273196,0.04714440007228404,0.42834359989501536,0.9999989291033636,0.6564799162179821,2.299966600141488,1.265625,0.47981479996815324,38.497801780700684,,,,0.007752200006507337,0.2903677999274805,0.03973379998933524,0.0390740999719128,0.0028516999445855618,eigsh,0.00032849994022399187,,,,,,,,,,,,,,,,,,,
6000,3,620260509,3,3,16.0,120416,718294,0.019952611111111112,1.6165834000566974,0.2550471000140533,0,0.0,60.208,91.0,120771.58755555555,20.128597925925927,60.38579377777778,0.1109999938302488,1.6e-05,1.7777777777777777e-06,sparse,Random sampling,random_sampling,0.0,1.0,1.0,0.03763839998282492,,0.035132299992255867,0.00017040001694113016,0.04759690002538264,0.08290760009549558,1.0541094063525596,0.7413916612337894,1.9545301001053303,0.875,0.13132260006386787,31.723344802856445,,,,,,,,,,,0.01876879995688796,eigsh,0.01612140005454421,362147.0,253248.0,0.7,502290.0,,,,,,,,,,,,
6000,3,620260509,3,3,16.0,120416,718294,0.019952611111111112,1.6165834000566974,0.2550471000140533,0,0.0,60.208,91.0,120771.58755555555,20.128597925925927,60.38579377777778,0.1109999938302488,1.6e-05,1.7777777777777777e-06,sparse,CountSketch random projection,countsketch_random_projection,0.0,1.0,1.0,0.037665999960154295,,0.3510085999732837,0.0002762000076472759,0.04477560007944703,0.39606780000030994,0.9999990533617253,0.6564604553586115,2.2676909001311287,1.484375,0.44611329992767423,31.129538536071777,,,,,,,,,,,,,,,,,,0.000457499991171062,163.0,22.0,58.0,0.0,0.009703099960461259,0.2560470000607893,0.04076949995942414,0.04030840005725622,0.00279000005684793,eigsh,0.00039980001747608185
6000,4,620260510,3,3,16.0,120395,717880,0.01994111111111111,1.6424515000544488,0.2620859999442473,0,0.0,60.1975,92.0,120771.58755555555,20.128597925925927,60.38579377777778,0.1109999938302488,1.6e-05,1.7777777777777777e-06,sparse,Non-random,non_random,0.0,1.0,1.0,0.042475700029172,eigsh,0.013537000049836934,0.0001463999506086111,0.04646470001898706,0.060156699968501925,1.0000000000000007,0.656797275373107,1.9646856000181288,1.015625,0.11414439999498427,24.69483470916748,,,,,,,,,,,,,,,,,,,,,,,,,,,,,
6000,4,620260510,3,3,16.0,120395,717880,0.01994111111111111,1.6424515000544488,0.2620859999442473,0,0.0,60.1975,92.0,120771.58755555555,20.128597925925927,60.38579377777778,0.1109999938302488,1.6e-05,1.7777777777777777e-06,sparse,Gaussian random projection,gaussian_random_projection,0.0,1.0,1.0,0.03885439992882311,,0.4523224000586197,0.0003301000688225031,0.04697979998309165,0.49964210006874055,0.9999991981079563,0.6561577370996682,2.40416980010923,1.515625,0.5499774999916553,38.49306392669678,,,,0.007964599994011223,0.3601917999330908,0.043427999946288764,0.03666979994159192,0.0029346999945119023,eigsh,0.0003155999584123492,,,,,,,,,,,,,,,,,,,
6000,4,620260510,3,3,16.0,120395,717880,0.01994111111111111,1.6424515000544488,0.2620859999442473,0,0.0,60.1975,92.0,120771.58755555555,20.128597925925927,60.38579377777778,0.1109999938302488,1.6e-05,1.7777777777777777e-06,sparse,Random sampling,random_sampling,0.0,1.0,1.0,0.03805089998058975,,0.03595689998473972,0.00015870004426687956,0.046426699962466955,0.08254830003716052,1.0538867983099065,0.7438536182208338,1.9870797999901697,0.890625,0.13250869989860803,31.69853687286377,,,,,,,,,,,0.019360899925231934,eigsh,0.016391700017265975,361940.0,253006.0,0.7,501811.0,,,,,,,,,,,,
6000,4,620260510,3,3,16.0,120395,717880,0.01994111111111111,1.6424515000544488,0.2620859999442473,0,0.0,60.1975,92.0,120771.58755555555,20.128597925925927,60.38579377777778,0.1109999938302488,1.6e-05,1.7777777777777777e-06,sparse,CountSketch random projection,countsketch_random_projection,0.0,1.0,1.0,0.04247730004135519,,0.38686610001605004,0.00027900002896785736,0.04603379999753088,0.43318659998476505,0.9999991764120091,0.6561709607063935,2.337716400041245,1.59375,0.48992530000396073,31.124503135681152,,,,,,,,,,,,,,,,,,0.00046419992577284575,163.0,24.0,59.0,0.0,0.009855300071649253,0.2888868000591174,0.04252030001953244,0.04148060001898557,0.0027298000641167164,eigsh,0.0003572999266907573
6000,5,620260511,3,3,16.0,120461,718056,0.019946,1.619842299958691,0.24530680000316352,0,0.0,60.2305,88.0,120771.58755555555,20.128597925925927,60.38579377777778,0.1109999938302488,1.6e-05,1.7777777777777777e-06,sparse,Non-random,non_random,0.0,1.0,1.0,0.037418900057673454,eigsh,0.013596300035715103,0.00011290004476904869,0.045838500023819506,0.05955440003890544,1.0,0.6579971418031431,1.9246968000661582,0.9375,0.10836919990833849,24.70087718963623,,,,,,,,,,,,,,,,,,,,,,,,,,,,,
6000,5,620260511,3,3,16.0,120461,718056,0.019946,1.619842299958691,0.24530680000316352,0,0.0,60.2305,88.0,120771.58755555555,20.128597925925927,60.38579377777778,0.1109999938302488,1.6e-05,1.7777777777777777e-06,sparse,Gaussian random projection,gaussian_random_projection,0.0,1.0,1.0,0.040146199986338615,,0.44252589996904135,0.0002886999864131212,0.04570120002608746,0.4885242000455037,0.9999991823937688,0.65728156563793,2.3536648999433964,1.65625,0.5421412999276072,38.49497890472412,,,,0.007836999953724444,0.35278979991562665,0.04232369991950691,0.035086599993519485,0.003220300073735416,eigsh,0.00046710006427019835,,,,,,,,,,,,,,,,,,,
6000,5,620260511,3,3,16.0,120461,718056,0.019946,1.619842299958691,0.24530680000316352,0,0.0,60.2305,88.0,120771.58755555555,20.128597925925927,60.38579377777778,0.1109999938302488,1.6e-05,1.7777777777777777e-06,sparse,Random sampling,random_sampling,0.0,1.0,1.0,0.037472199997864664,,0.035685400012880564,0.00014919997192919254,0.04642800008878112,0.08227070001885295,1.0580908567946652,0.7462577550307897,1.9474117000354454,0.875,0.13084300002083182,31.745342254638672,,,,,,,,,,,0.019046799978241324,eigsh,0.0164385000243783,362028.0,253645.0,0.7,503047.0,,,,,,,,,,,,
6000,5,620260511,3,3,16.0,120461,718056,0.019946,1.619842299958691,0.24530680000316352,0,0.0,60.2305,88.0,120771.58755555555,20.128597925925927,60.38579377777778,0.1109999938302488,1.6e-05,1.7777777777777777e-06,sparse,CountSketch random projection,countsketch_random_projection,0.0,1.0,1.0,0.0375291999662295,,0.4009237000718713,0.000291600008495152,0.047238499973900616,0.4484635000117123,0.9999991492551406,0.6572870175231145,2.3136029000161216,1.140625,0.4981199000030756,31.126517295837402,,,,,,,,,,,,,,,,,,0.00046420004218816757,163.0,19.0,52.0,0.0,0.009957500034943223,0.3082525000208989,0.040823600022122264,0.03629680001176894,0.0038701000157743692,eigsh,0.0005596999544650316
6000,6,620260512,3,3,16.0,120748,720182,0.020005055555555557,1.6282666999613866,0.24920770002063364,0,0.0,60.374,94.0,120771.58755555555,20.128597925925927,60.38579377777778,0.1109999938302488,1.6e-05,1.7777777777777777e-06,sparse,Non-random,non_random,0.0,1.0,1.0,0.037778500001877546,eigsh,0.013654900016263127,8.5200066678226e-05,0.04498590005096048,0.058731600060127676,1.0,0.6589071620302456,1.936200400115922,0.859375,0.10790980001911521,24.7738676071167,,,,,,,,,,,,,,,,,,,,,,,,,,,,,
6000,6,620260512,3,3,16.0,120748,720182,0.020005055555555557,1.6282666999613866,0.24920770002063364,0,0.0,60.374,94.0,120771.58755555555,20.128597925925927,60.38579377777778,0.1109999938302488,1.6e-05,1.7777777777777777e-06,sparse,Gaussian random projection,gaussian_random_projection,0.0,1.0,1.0,0.040710799978114665,,0.38933000003453344,0.0002836999483406544,0.046142200008034706,0.435764400055632,0.999999275545254,0.6582328728916517,2.313230299972929,1.484375,0.4882364999502897,38.51935863494873,,,,0.00789560005068779,0.2970837999600917,0.04382910009007901,0.03638980002142489,0.002945799962617457,eigsh,0.0003092000260949135,,,,,,,,,,,,,,,,,,,
6000,6,620260512,3,3,16.0,120748,720182,0.020005055555555557,1.6282666999613866,0.24920770002063364,0,0.0,60.374,94.0,120771.58755555555,20.128597925925927,60.38579377777778,0.1109999938302488,1.6e-05,1.7777777777777777e-06,sparse,Random sampling,random_sampling,0.0,1.0,1.0,0.041171699995175004,,0.03528599999845028,0.00014929997269064188,0.05101709999144077,0.08646030002273619,1.0517706001170883,0.7442708876234151,1.963926799944602,1.015625,0.1392386999214068,31.798558235168457,,,,,,,,,,,0.018405099981464446,eigsh,0.016686700051650405,363091.0,253779.0,0.7,503402.0,,,,,,,,,,,,
6000,6,620260512,3,3,16.0,120748,720182,0.020005055555555557,1.6282666999613866,0.24920770002063364,0,0.0,60.374,94.0,120771.58755555555,20.128597925925927,60.38579377777778,0.1109999938302488,1.6e-05,1.7777777777777777e-06,sparse,CountSketch random projection,countsketch_random_projection,0.0,1.0,1.0,0.038059000042267144,,0.34551209991332144,0.00027189997490495443,0.04591940005775541,0.39171100000385195,0.9999991985746445,0.6582632960234798,2.269177799928002,1.203125,0.4411985999904573,31.15104579925537,,,,,,,,,,,,,,,,,,0.0004681000718846917,163.0,24.0,51.0,0.0,0.009735199972055852,0.25781890004873276,0.039516599965281785,0.03441780002322048,0.002737300004810095,eigsh,0.00026539992541074753
6000,7,620260513,3,3,16.0,120604,719108,0.01997522222222222,1.634032899979502,0.24359970004297793,0,0.0,60.302,93.0,120771.58755555555,20.128597925925927,60.38579377777778,0.1109999938302488,1.6e-05,1.7777777777777777e-06,sparse,Non-random,non_random,0.0,1.0,1.0,0.04050080000888556,eigsh,0.013315799995325506,8.080003317445517e-05,0.04532479995395988,0.05872690002433956,0.9999999999999996,0.6568297345889046,1.9363540000049397,0.75,0.11015940003562719,24.736994743347168,,,,,,,,,,,,,,,,,,,,,,,,,,,,,
6000,7,620260513,3,3,16.0,120604,719108,0.01997522222222222,1.634032899979502,0.24359970004297793,0,0.0,60.302,93.0,120771.58755555555,20.128597925925927,60.38579377777778,0.1109999938302488,1.6e-05,1.7777777777777777e-06,sparse,Gaussian random projection,gaussian_random_projection,0.0,1.0,1.0,0.03703610005322844,,0.4152038999600336,0.0002836999483406544,0.04509519995190203,0.4605917999288067,0.9999990743946519,0.6561829975226421,2.338215399882756,1.671875,0.509491499979049,38.50716590881348,,,,0.00786760007031262,0.3235261000227183,0.04266630008351058,0.03700099990237504,0.0029570000478997827,eigsh,0.0003746999427676201,,,,,,,,,,,,,,,,,,,
6000,7,620260513,3,3,16.0,120604,719108,0.01997522222222222,1.634032899979502,0.24359970004297793,0,0.0,60.302,93.0,120771.58755555555,20.128597925925927,60.38579377777778,0.1109999938302488,1.6e-05,1.7777777777777777e-06,sparse,Random sampling,random_sampling,0.0,1.0,1.0,0.040599599946290255,,0.03766639996320009,0.0001514999894425273,0.04884499998297542,0.08667069999501109,1.0546533409072425,0.7421075222909983,1.964295499958098,0.703125,0.13812539994250983,31.789334297180176,,,,,,,,,,,0.019866299931891263,eigsh,0.017604200053028762,362554.0,253960.0,0.7,503733.0,,,,,,,,,,,,
6000,7,620260513,3,3,16.0,120604,719108,0.01997522222222222,1.634032899979502,0.24359970004297793,0,0.0,60.302,93.0,120771.58755555555,20.128597925925927,60.38579377777778,0.1109999938302488,1.6e-05,1.7777777777777777e-06,sparse,CountSketch random projection,countsketch_random_projection,0.0,1.0,1.0,0.03794310009106994,,0.35773509996943176,0.0002824000548571348,0.04547179990913719,0.4034978999989107,0.9999993026869856,0.6561541448790765,2.281121899955906,1.203125,0.45269209996331483,31.138606071472168,,,,,,,,,,,,,,,,,,0.00045779999345541,163.0,24.0,57.0,0.0,0.009670899948105216,0.26335109991487116,0.04080139996949583,0.03950720001012087,0.0029019000940024853,eigsh,0.000427100108936429
6000,8,620260514,3,3,16.0,120706,719896,0.01999711111111111,1.5907033999683335,0.25664660008624196,0,0.0,60.353,89.0,120771.58755555555,20.128597925925927,60.38579377777778,0.1109999938302488,1.6e-05,1.7777777777777777e-06,sparse,Non-random,non_random,0.0,1.0,1.0,0.038512200000695884,eigsh,0.013205199968069792,8.150003850460052e-05,0.04531499999575317,0.0586072999285534,0.9999999999999999,0.6579390560833348,1.905951700056903,0.84375,0.10825579997617751,24.76404857635498,,,,,,,,,,,,,,,,,,,,,,,,,,,,,
6000,8,620260514,3,3,16.0,120706,719896,0.01999711111111111,1.5907033999683335,0.25664660008624196,0,0.0,60.353,89.0,120771.58755555555,20.128597925925927,60.38579377777778,0.1109999938302488,1.6e-05,1.7777777777777777e-06,sparse,Gaussian random projection,gaussian_random_projection,0.0,1.0,1.0,0.03846109996084124,,0.3755997000262141,0.00029740005265921354,0.045416300068609416,0.42132240009959787,0.9999991020293783,0.6573250786408217,2.2686634002020583,1.4375,0.4720367999980226,38.516085624694824,,,,0.008021799963898957,0.28514529997482896,0.04205389996059239,0.03651120001450181,0.0027653001016005874,eigsh,0.0002954000374302268,,,,,,,,,,,,,,,,,,,
6000,8,620260514,3,3,16.0,120706,719896,0.01999711111111111,1.5907033999683335,0.25664660008624196,0,0.0,60.353,89.0,120771.58755555555,20.128597925925927,60.38579377777778,0.1109999938302488,1.6e-05,1.7777777777777777e-06,sparse,Random sampling,random_sampling,0.0,1.0,1.0,0.04248529998585582,,0.03520350006874651,0.00015109998639672995,0.048628299962729216,0.08399140008259565,1.0561012009021935,0.7441259042111384,1.931332900072448,0.96875,0.13807260000612587,31.792805671691895,,,,,,,,,,,0.0182253000093624,eigsh,0.01678790000732988,362948.0,253802.0,0.7,503382.0,,,,,,,,,,,,
6000,8,620260514,3,3,16.0,120706,719896,0.01999711111111111,1.5907033999683335,0.25664660008624196,0,0.0,60.353,89.0,120771.58755555555,20.128597925925927,60.38579377777778,0.1109999938302488,1.6e-05,1.7777777777777777e-06,sparse,CountSketch random projection,countsketch_random_projection,0.0,1.0,1.0,0.040900600026361644,,0.3583175000967458,0.0002843000693246722,0.04644029994960874,0.4050506000639871,0.9999991962531852,0.6572596187403871,2.2523921001702547,1.421875,0.4575370999518782,31.147624015808105,,,,,,,,,,,,,,,,,,0.0004555999767035246,163.0,22.0,65.0,0.0,0.009726600022986531,0.26459689997136593,0.04271910001989454,0.037151900003664196,0.002752400003373623,eigsh,0.0003429000498726964
6000,9,620260515,3,3,16.0,121225,722920,0.020081111111111112,1.6149272000184283,0.2492537999060005,0,0.0,60.6125,95.0,120771.58755555555,20.128597925925927,60.38579377777778,0.1109999938302488,1.6e-05,1.7777777777777777e-06,sparse,Non-random,non_random,0.0,1.0,1.0,0.04168329993262887,eigsh,0.013310399954207242,8.530006743967533e-05,0.04581559996586293,0.05921720003243536,1.0,0.6579269335455251,1.9233922999119386,0.828125,0.11210670007858425,24.86786937713623,,,,,,,,,,,,,,,,,,,,,,,,,,,,,
6000,9,620260515,3,3,16.0,121225,722920,0.020081111111111112,1.6149272000184283,0.2492537999060005,0,0.0,60.6125,95.0,120771.58755555555,20.128597925925927,60.38579377777778,0.1109999938302488,1.6e-05,1.7777777777777777e-06,sparse,Gaussian random projection,gaussian_random_projection,0.0,1.0,1.0,0.03842810005880892,,0.40918760001659393,0.0002839999506250024,0.04544479993637651,0.4549247999675572,0.9999992763052521,0.6573509469837656,2.319097399828024,1.234375,0.5041728999931365,38.55064296722412,,,,0.0077696000225842,0.3199192000320181,0.04144639999140054,0.03592159994877875,0.002971000038087368,eigsh,0.00034359993878751993,,,,,,,,,,,,,,,,,,,
6000,9,620260515,3,3,16.0,121225,722920,0.020081111111111112,1.6149272000184283,0.2492537999060005,0,0.0,60.6125,95.0,120771.58755555555,20.128597925925927,60.38579377777778,0.1109999938302488,1.6e-05,1.7777777777777777e-06,sparse,Random sampling,random_sampling,0.0,1.0,1.0,0.03862060001119971,,0.03499600000213832,0.00017520005349069834,0.04654120001941919,0.08172109990846366,1.0580777465461264,0.7454497157340272,1.945893399999477,0.9375,0.13197930005844682,31.952739715576172,,,,,,,,,,,0.018398100044578314,eigsh,0.016378099913708866,364460.0,255257.0,0.7,506274.0,,,,,,,,,,,,
6000,9,620260515,3,3,16.0,121225,722920,0.020081111111111112,1.6149272000184283,0.2492537999060005,0,0.0,60.6125,95.0,120771.58755555555,20.128597925925927,60.38579377777778,0.1109999938302488,1.6e-05,1.7777777777777777e-06,sparse,CountSketch random projection,countsketch_random_projection,0.0,1.0,1.0,0.03981919994112104,,0.3872340000234544,0.0002788000274449587,0.04494189994875342,0.4324626000598073,0.9999991169079063,0.6573102339950255,2.2966356999240816,1.40625,0.4836649999488145,31.182181358337402,,,,,,,,,,,,,,,,,,0.00046609994024038315,163.0,24.0,52.0,0.0,0.009604400023818016,0.27549149992410094,0.04670930001884699,0.05072470009326935,0.003275000024586916,eigsh,0.00042810000013560057
6000,10,620260516,3,3,16.0,120848,720768,0.020021333333333332,1.6205771000823006,0.24249470001086593,0,0.0,60.424,98.0,120771.58755555555,20.128597925925927,60.38579377777778,0.1109999938302488,1.6e-05,1.7777777777777777e-06,sparse,Non-random,non_random,0.0,1.0,1.0,0.039667399949394166,eigsh,0.013056499999947846,0.00013749999925494194,0.049004800035618246,0.062207499984651804,1.0,0.6569489219615621,1.9252706001279876,0.796875,0.11355410004034638,24.793986320495605,,,,,,,,,,,,,,,,,,,,,,,,,,,,,
6000,10,620260516,3,3,16.0,120848,720768,0.020021333333333332,1.6205771000823006,0.24249470001086593,0,0.0,60.424,98.0,120771.58755555555,20.128597925925927,60.38579377777778,0.1109999938302488,1.6e-05,1.7777777777777777e-06,sparse,Gaussian random projection,gaussian_random_projection,0.0,1.0,1.0,0.03717670007608831,,0.37821470003109425,0.00025699997786432505,0.045515800011344254,0.42399540008045733,0.9999990647881545,0.6562232950977659,2.2870593001134694,1.25,0.47304109996184707,38.526015281677246,,,,0.007835599943064153,0.29046479996759444,0.04066689999308437,0.03471279994118959,0.0032958999508991838,eigsh,0.00041259999852627516,,,,,,,,,,,,,,,,,,,
6000,10,620260516,3,3,16.0,120848,720768,0.020021333333333332,1.6205771000823006,0.24249470001086593,0,0.0,60.424,98.0,120771.58755555555,20.128597925925927,60.38579377777778,0.1109999938302488,1.6e-05,1.7777777777777777e-06,sparse,Random sampling,random_sampling,0.0,1.0,1.0,0.03742940002121031,,0.03476899990346283,0.0001708000199869275,0.047502600005827844,0.08245059999171644,1.0555469666142878,0.7421292140451329,1.9455142000224441,1.0,0.13110080000478774,31.874167442321777,,,,,,,,,,,0.018039299990050495,eigsh,0.016512900008819997,363384.0,254718.0,0.7,505236.0,,,,,,,,,,,,
6000,10,620260516,3,3,16.0,120848,720768,0.020021333333333332,1.6205771000823006,0.24249470001086593,0,0.0,60.424,98.0,120771.58755555555,20.128597925925927,60.38579377777778,0.1109999938302488,1.6e-05,1.7777777777777777e-06,sparse,CountSketch random projection,countsketch_random_projection,0.0,1.0,1.0,0.03781240002717823,,0.35499679995700717,0.0002941000275313854,0.04839499993249774,0.4036943999817595,0.9999990151502849,0.6562443570278433,2.266757700010203,1.453125,0.45250879996456206,31.157702445983887,,,,,,,,,,,,,,,,,,0.0004632999189198017,163.0,18.0,54.0,0.0,0.00967479997780174,0.2650625000242144,0.04119270003866404,0.034169699996709824,0.003379399888217449,eigsh,0.00048230006359517574
8000,1,820260507,3,3,16.0,160768,962298,0.01503590625,2.165557899978012,0.34580560005269945,0,0.0,60.288,89.0,161067.88296000002,20.133485370000002,60.40045611000001,0.11102778472309038,9e-06,1e-06,sparse,Non-random,non_random,0.0,1.0,1.0,0.05384770000819117,eigsh,0.016806900035589933,0.00011019990779459476,0.05588960007298738,0.07281350006815046,1.0,0.6590633049443032,2.584170200047083,0.984375,0.14223209989722818,33.10151958465576,,,,,,,,,,,,,,,,,,,,,,,,,,,,,
8000,1,820260507,3,3,16.0,160768,962298,0.01503590625,2.165557899978012,0.34580560005269945,0,0.0,60.288,89.0,161067.88296000002,20.133485370000002,60.40045611000001,0.11102778472309038,9e-06,1e-06,sparse,Gaussian random projection,gaussian_random_projection,0.0,1.0,1.0,0.04882030002772808,,0.5626036999747157,0.0003421000437811017,0.05203549994621426,0.6149906000355259,0.9999987623561445,0.6581098361214106,3.1263447999954224,1.578125,0.6832486999919638,51.246670722961426,,,,0.010444199899211526,0.44500710000284016,0.05334230000153184,0.04897930007427931,0.003144600079394877,eigsh,0.0005849000299349427,,,,,,,,,,,,,,,,,,,
8000,1,820260507,3,3,16.0,160768,962298,0.01503590625,2.165557899978012,0.34580560005269945,0,0.0,60.288,89.0,161067.88296000002,20.133485370000002,60.40045611000001,0.11102778472309038,9e-06,1e-06,sparse,Random sampling,random_sampling,0.0,1.0,1.0,0.0542209999402985,,0.04711500008124858,0.00018589990213513374,0.054043499985709786,0.10135240003000945,1.0577443881515798,0.7479256258532854,2.612707899999805,1.28125,0.17066860001068562,42.53422546386719,,,,,,,,,,,0.02551459998358041,eigsh,0.021274899947457016,485149.0,340112.0,0.7,674585.0,,,,,,,,,,,,
8000,1,820260507,3,3,16.0,160768,962298,0.01503590625,2.165557899978012,0.34580560005269945,0,0.0,60.288,89.0,161067.88296000002,20.133485370000002,60.40045611000001,0.11102778472309038,9e-06,1e-06,sparse,CountSketch random projection,countsketch_random_projection,0.0,1.0,1.0,0.05180859996471554,,0.5219117000233382,0.00035799993202090263,0.05253960005939007,0.5748174000764266,0.9999989378998335,0.6582727017890049,3.0861728000454605,1.53125,0.6429393000435084,41.42129039764404,,,,,,,,,,,,,,,,,,0.0005058000097051263,163.0,36.0,68.0,0.0,0.013287200010381639,0.396081899991259,0.05023990001063794,0.056747299968265,0.003643800038844347,eigsh,0.0006536999717354774
8000,2,820260508,3,3,16.0,160816,962724,0.0150425625,2.193150000064634,0.36156069999560714,0,0.0,60.306,93.0,161067.88296000002,20.133485370000002,60.40045611000001,0.11102778472309038,9e-06,1e-06,sparse,Non-random,non_random,0.0,1.0,1.0,0.050163300009444356,eigsh,0.016425800044089556,0.0001498000929132104,0.05198540003038943,0.06856949999928474,1.0,0.6566799217184573,2.623271700227633,1.015625,0.13406579999718815,33.1160945892334,,,,,,,,,,,,,,,,,,,,,,,,,,,,,
8000,2,820260508,3,3,16.0,160816,962724,0.0150425625,2.193150000064634,0.36156069999560714,0,0.0,60.306,93.0,161067.88296000002,20.133485370000002,60.40045611000001,0.11102778472309038,9e-06,1e-06,sparse,Gaussian random projection,gaussian_random_projection,0.0,1.0,1.0,0.053536999970674515,,0.5584888000739738,0.0003360999980941415,0.050543999997898936,0.6093778000213206,0.9999987267473449,0.6556026571054527,3.164079600130208,1.734375,0.6773104999447241,51.25139141082764,,,,0.01055210002232343,0.4283579000039026,0.054089499986730516,0.0610669000307098,0.0027627000818029046,eigsh,0.0005444000707939267,,,,,,,,,,,,,,,,,,,
8000,2,820260508,3,3,16.0,160816,962724,0.0150425625,2.193150000064634,0.36156069999560714,0,0.0,60.306,93.0,161067.88296000002,20.133485370000002,60.40045611000001,0.11102778472309038,9e-06,1e-06,sparse,Random sampling,random_sampling,0.0,1.0,1.0,0.050187100074253976,,0.053636500029824674,0.00019779999274760485,0.055013999924995005,0.10885740001685917,1.0546141086202097,0.7434882292189694,2.663559000007808,1.171875,0.1745822000084445,42.50401973724365,,,,,,,,,,,0.03114640002604574,eigsh,0.022185100009664893,485362.0,339542.0,0.7,673488.0,,,,,,,,,,,,
8000,2,820260508,3,3,16.0,160816,962724,0.0150425625,2.193150000064634,0.36156069999560714,0,0.0,60.306,93.0,161067.88296000002,20.133485370000002,60.40045611000001,0.11102778472309038,9e-06,1e-06,sparse,CountSketch random projection,countsketch_random_projection,0.0,1.0,1.0,0.049566500005312264,,0.5147489999653772,0.00034200004301965237,0.0519241999136284,0.5670243999920785,0.9999987992961068,0.6558097489130464,3.121725899982266,1.359375,0.6316413999302313,41.42611598968506,,,,,,,,,,,,,,,,,,0.00048639997839927673,163.0,30.0,69.0,0.0,0.013952499954029918,0.38008520007133484,0.05175360001157969,0.06387469999026507,0.0031815998954698443,eigsh,0.0006733000045642257
8000,3,820260509,3,3,16.0,160826,962570,0.01504015625,2.150963200023398,0.3640918000601232,0,0.0,60.30975,91.0,161067.88296000002,20.133485370000002,60.40045611000001,0.11102778472309038,9e-06,1e-06,sparse,Non-random,non_random,0.0,1.0,1.0,0.05024279991630465,eigsh,0.016760900034569204,0.00010859989561140537,0.05111840006429702,0.06799510004930198,0.9999999999999998,0.6572663466927156,2.5830429000779986,1.140625,0.13367200002539903,33.11085796356201,,,,,,,,,,,,,,,,,,,,,,,,,,,,,
8000,3,820260509,3,3,16.0,160826,962570,0.01504015625,2.150963200023398,0.3640918000601232,0,0.0,60.30975,91.0,161067.88296000002,20.133485370000002,60.40045611000001,0.11102778472309038,9e-06,1e-06,sparse,Gaussian random projection,gaussian_random_projection,0.0,1.0,1.0,0.04863370000384748,,0.5189792999299243,0.0003394000232219696,0.05128689995035529,0.5706139999674633,0.9999988269330684,0.6563459825394787,3.0856605999870226,1.78125,0.6342749999603257,51.24962902069092,,,,0.010249100043438375,0.40566039993427694,0.050592699903063476,0.047649300075136125,0.003100000089034438,eigsh,0.0006665000692009926,,,,,,,,,,,,,,,,,,,
8000,3,820260509,3,3,16.0,160826,962570,0.01504015625,2.150963200023398,0.3640918000601232,0,0.0,60.30975,91.0,161067.88296000002,20.133485370000002,60.40045611000001,0.11102778472309038,9e-06,1e-06,sparse,Random sampling,random_sampling,0.0,1.0,1.0,0.04903689993079752,,0.048232999979518354,0.00021079997532069683,0.051610799971967936,0.10006329999305308,1.0543745941126912,0.7435704583938192,2.615109600010328,1.109375,0.16404549998696893,42.5260009765625,,,,,,,,,,,0.026548299938440323,eigsh,0.021399799967184663,485285.0,339896.0,0.7,674209.0,,,,,,,,,,,,
8000,3,820260509,3,3,16.0,160826,962570,0.01504015625,2.150963200023398,0.3640918000601232,0,0.0,60.30975,91.0,161067.88296000002,20.133485370000002,60.40045611000001,0.11102778472309038,9e-06,1e-06,sparse,CountSketch random projection,countsketch_random_projection,0.0,1.0,1.0,0.05396889999974519,,0.48279119993094355,0.00034190004225820303,0.051503999973647296,0.5346457000123337,0.9999985262370219,0.6561401701851598,3.04969210003037,1.921875,0.6035552000394091,41.4245023727417,,,,,,,,,,,,,,,,,,0.00048310006968677044,163.0,29.0,68.0,0.0,0.013481999980285764,0.3494236000115052,0.05135069997049868,0.06407749990466982,0.0027428000466898084,eigsh,0.0005301999626681209
8000,4,820260510,3,3,16.0,161417,966172,0.0150964375,2.2091564000584185,0.36843759997282177,0,0.0,60.531375,90.0,161067.88296000002,20.133485370000002,60.40045611000001,0.11102778472309038,9e-06,1e-06,sparse,Non-random,non_random,0.0,1.0,1.0,0.05313190002925694,eigsh,0.018014999921433628,0.00010890001431107521,0.05280109995510429,0.0709324999479577,1.0,0.6584263017731806,2.6485189999220893,1.15625,0.14019840001128614,33.23452281951904,,,,,,,,,,,,,,,,,,,,,,,,,,,,,
8000,4,820260510,3,3,16.0,161417,966172,0.0150964375,2.2091564000584185,0.36843759997282177,0,0.0,60.531375,90.0,161067.88296000002,20.133485370000002,60.40045611000001,0.11102778472309038,9e-06,1e-06,sparse,Gaussian random projection,gaussian_random_projection,0.0,1.0,1.0,0.05399399995803833,,0.5670508000766858,0.0003454000689089298,0.05202850000932813,0.6194327999837697,0.9999985772845933,0.6574937115540199,3.197018700186163,1.9375,0.6887628000695258,51.29080104827881,,,,0.010139600024558604,0.43191750010009855,0.05026599997654557,0.06947360001504421,0.0035211999202147126,eigsh,0.0006837999681010842,,,,,,,,,,,,,,,,,,,
8000,4,820260510,3,3,16.0,161417,966172,0.0150964375,2.2091564000584185,0.36843759997282177,0,0.0,60.531375,90.0,161067.88296000002,20.133485370000002,60.40045611000001,0.11102778472309038,9e-06,1e-06,sparse,Random sampling,random_sampling,0.0,1.0,1.0,0.05253749992698431,,0.04806820000521839,0.0001694000093266368,0.05496879993006587,0.10321410000324249,1.0554297740904535,0.7443892415457575,2.680800399975851,1.09375,0.1718339000362903,42.643653869628906,,,,,,,,,,,0.026352299959398806,eigsh,0.021456100046634674,487086.0,340599.0,0.7,675551.0,,,,,,,,,,,,
8000,4,820260510,3,3,16.0,161417,966172,0.0150964375,2.2091564000584185,0.36843759997282177,0,0.0,60.531375,90.0,161067.88296000002,20.133485370000002,60.40045611000001,0.11102778472309038,9e-06,1e-06,sparse,CountSketch random projection,countsketch_random_projection,0.0,1.0,1.0,0.04844669997692108,,0.545392100000754,0.0003423000453040004,0.05017499998211861,0.5959184999810532,0.9999988741001944,0.6572574511815805,3.173503400059417,1.734375,0.6589979000855237,41.465773582458496,,,,,,,,,,,,,,,,,,0.0004882999928668141,163.0,33.0,70.0,0.0,0.013417600071989,0.41241140000056475,0.054454099969007075,0.060023300000466406,0.003258400014601648,eigsh,0.0006225999677553773
8000,5,820260511,3,3,16.0,161116,964188,0.0150654375,2.1978626999771222,0.3528478000080213,0,0.0,60.4185,100.0,161067.88296000002,20.133485370000002,60.40045611000001,0.11102778472309038,9e-06,1e-06,sparse,Non-random,non_random,0.0,1.0,1.0,0.05148160003591329,eigsh,0.017732799984514713,9.329989552497864e-05,0.05120099999476224,0.06903369992505759,0.9999999999999999,0.6567302751811245,2.6197375998599455,1.265625,0.135927899973467,33.16640758514404,,,,,,,,,,,,,,,,,,,,,,,,,,,,,
8000,5,820260511,3,3,16.0,161116,964188,0.0150654375,2.1978626999771222,0.3528478000080213,0,0.0,60.4185,100.0,161067.88296000002,20.133485370000002,60.40045611000001,0.11102778472309038,9e-06,1e-06,sparse,Gaussian random projection,gaussian_random_projection,0.0,1.0,1.0,0.04858210007660091,,0.5665060000028461,0.0003581000491976738,0.05080680001992732,0.6176793999038637,0.9999987307886304,0.6557246081837729,3.1683814000571147,1.5625,0.6816605000058189,51.26809597015381,,,,0.010421999963000417,0.4477094999747351,0.05101999989710748,0.05250710004474968,0.003079199930652976,eigsh,0.0006705999840050936,,,,,,,,,,,,,,,,,,,
8000,5,820260511,3,3,16.0,161116,964188,0.0150654375,2.1978626999771222,0.3528478000080213,0,0.0,60.4185,100.0,161067.88296000002,20.133485370000002,60.40045611000001,0.11102778472309038,9e-06,1e-06,sparse,Random sampling,random_sampling,0.0,1.0,1.0,0.05582590005360544,,0.04720080003608018,0.0001740000443533063,0.053793199942447245,0.10117609996814281,1.0544900380914815,0.7425569635405705,2.6518785000080243,1.03125,0.1721220000181347,42.5305757522583,,,,,,,,,,,0.025557500077411532,eigsh,0.021393899922259152,486094.0,339520.0,0.7,673424.0,,,,,,,,,,,,
8000,5,820260511,3,3,16.0,161116,964188,0.0150654375,2.1978626999771222,0.3528478000080213,0,0.0,60.4185,100.0,161067.88296000002,20.133485370000002,60.40045611000001,0.11102778472309038,9e-06,1e-06,sparse,CountSketch random projection,countsketch_random_projection,0.0,1.0,1.0,0.04775989998597652,,0.5092641999945045,0.0003424999304115772,0.051830300013534725,0.5614457000046968,0.9999987661110271,0.655843335632662,3.1121474999235943,1.8125,0.6246193000115454,41.44291973114014,,,,,,,,,,,,,,,,,,0.0005102999275550246,163.0,35.0,65.0,0.0,0.012972400058060884,0.37375709996558726,0.052737099933438,0.06446559994947165,0.0034213000908493996,eigsh,0.0006608000257983804
8000,6,820260512,3,3,16.0,160238,959306,0.01498915625,2.1817169999703765,0.40462859999388456,0,0.0,60.08925,89.0,161067.88296000002,20.133485370000002,60.40045611000001,0.11102778472309038,9e-06,1e-06,sparse,Non-random,non_random,0.0,1.0,1.0,0.051701599964872,eigsh,0.016777100041508675,0.00010659999679774046,0.053558899904601276,0.07044979999773204,1.0,0.6601952772167834,2.6567881999071687,1.03125,0.1376765000168234,32.99879741668701,,,,,,,,,,,,,,,,,,,,,,,,,,,,,
8000,6,820260512,3,3,16.0,160238,959306,0.01498915625,2.1817169999703765,0.40462859999388456,0,0.0,60.08925,89.0,161067.88296000002,20.133485370000002,60.40045611000001,0.11102778472309038,9e-06,1e-06,sparse,Gaussian random projection,gaussian_random_projection,0.0,1.0,1.0,0.05206759995780885,,0.6175124000292271,0.00038109999150037766,0.05085740005597472,0.6687600000295788,0.9999984430701568,0.6593955616992422,3.2550965000409633,1.75,0.7355170000810176,51.21242427825928,,,,0.010665200068615377,0.48975760000757873,0.05398839991539717,0.058433600002899766,0.0028983999509364367,eigsh,0.0005098000401630998,,,,,,,,,,,,,,,,,,,
8000,6,820260512,3,3,16.0,160238,959306,0.01498915625,2.1817169999703765,0.40462859999388456,0,0.0,60.08925,89.0,161067.88296000002,20.133485370000002,60.40045611000001,0.11102778472309038,9e-06,1e-06,sparse,Random sampling,random_sampling,0.0,1.0,1.0,0.0543295000679791,,0.04909340001177043,0.00019559997599571943,0.05442349996883422,0.10372170002665371,1.0558481898428365,0.7456513074021671,2.6900580999208614,1.3125,0.17398469999898225,42.37701606750488,,,,,,,,,,,0.026929400046356022,eigsh,0.021854300051927567,483653.0,338686.0,0.7,671754.0,,,,,,,,,,,,
8000,6,820260512,3,3,16.0,160238,959306,0.01498915625,2.1817169999703765,0.40462859999388456,0,0.0,60.08925,89.0,161067.88296000002,20.133485370000002,60.40045611000001,0.11102778472309038,9e-06,1e-06,sparse,CountSketch random projection,countsketch_random_projection,0.0,1.0,1.0,0.04868269991129637,,0.5487614999292418,0.00034689996391534805,0.052111800061538815,0.601229100022465,0.9999987367311733,0.6592794787691496,3.187565799918957,1.734375,0.6654259000206366,41.3871488571167,,,,,,,,,,,,,,,,,,0.0006379000842571259,163.0,32.0,64.0,0.0,0.013274700031615794,0.4107330999104306,0.05580480000935495,0.06418429990299046,0.002813300001434982,eigsh,0.0005726000526919961
8000,7,820260513,3,3,16.0,161279,965374,0.01508396875,2.166906200000085,0.36116470000706613,0,0.0,60.479625,89.0,161067.88296000002,20.133485370000002,60.40045611000001,0.11102778472309038,9e-06,1e-06,sparse,Non-random,non_random,0.0,1.0,1.0,0.05263529997318983,eigsh,0.017348899971693754,9.049999061971903e-05,0.05576759995892644,0.07321349997073412,0.9999999999999999,0.6563830293119709,2.601277899928391,0.9375,0.14159529993776232,33.207125663757324,,,,,,,,,,,,,,,,,,,,,,,,,,,,,
8000,7,820260513,3,3,16.0,161279,965374,0.01508396875,2.166906200000085,0.36116470000706613,0,0.0,60.479625,89.0,161067.88296000002,20.133485370000002,60.40045611000001,0.11102778472309038,9e-06,1e-06,sparse,Gaussian random projection,gaussian_random_projection,0.0,1.0,1.0,0.055869300034828484,,0.6185083000455052,0.000350800110027194,0.053050999995321035,0.6719180999789387,0.999998868756675,0.655402967831442,3.1999810001580045,1.90625,0.7428534999489784,51.28176784515381,,,,0.010769400047138333,0.4874627999961376,0.05400290002580732,0.06141129997558892,0.0029986000154167414,eigsh,0.0007107999408617616,,,,,,,,,,,,,,,,,,,
8000,7,820260513,3,3,16.0,161279,965374,0.01508396875,2.166906200000085,0.36116470000706613,0,0.0,60.479625,89.0,161067.88296000002,20.133485370000002,60.40045611000001,0.11102778472309038,9e-06,1e-06,sparse,Random sampling,random_sampling,0.0,1.0,1.0,0.05384050006978214,,0.04788990004453808,0.00017829996068030596,0.05396179994568229,0.10203780001029372,1.0555812501353539,0.7428142455688239,2.6301008999580517,1.1875,0.17148529994301498,42.642311096191406,,,,,,,,,,,0.02581089991144836,eigsh,0.021765099954791367,486687.0,340790.0,0.7,675969.0,,,,,,,,,,,,
8000,7,820260513,3,3,16.0,161279,965374,0.01508396875,2.166906200000085,0.36116470000706613,0,0.0,60.479625,89.0,161067.88296000002,20.133485370000002,60.40045611000001,0.11102778472309038,9e-06,1e-06,sparse,CountSketch random projection,countsketch_random_projection,0.0,1.0,1.0,0.048733399948105216,,0.5933147000614554,0.00033650000113993883,0.051422699936665595,0.6450814000563696,0.9999987115291132,0.6554607839014125,3.173144800006412,1.734375,0.7098570000380278,41.45649242401123,,,,,,,,,,,,,,,,,,0.0006121000042185187,163.0,32.0,71.0,0.0,0.01386329997330904,0.455545200034976,0.054969900054857135,0.0639826999977231,0.002963600098155439,eigsh,0.0006413999944925308
8000,8,820260514,3,3,16.0,161155,964682,0.01507315625,2.1669401000253856,0.3965219999663532,0,0.0,60.433125,91.0,161067.88296000002,20.133485370000002,60.40045611000001,0.11102778472309038,9e-06,1e-06,sparse,Non-random,non_random,0.0,1.0,1.0,0.04885709995869547,eigsh,0.016770100104622543,8.990010246634483e-05,0.050800499971956015,0.06766569998580962,1.0000000000000002,0.6582487261850387,2.6311226001707837,1.046875,0.13161920011043549,33.18336772918701,,,,,,,,,,,,,,,,,,,,,,,,,,,,,
8000,8,820260514,3,3,16.0,161155,964682,0.01507315625,2.1669401000253856,0.3965219999663532,0,0.0,60.433125,91.0,161067.88296000002,20.133485370000002,60.40045611000001,0.11102778472309038,9e-06,1e-06,sparse,Gaussian random projection,gaussian_random_projection,0.0,1.0,1.0,0.05507380003109574,,0.6399046999868006,0.00034989998675882816,0.05078769999090582,0.6910519000375643,0.999998869195333,0.6571220486201865,3.254504399956204,1.71875,0.7608244000002742,51.273749351501465,,,,0.010530299972742796,0.5146606999915093,0.0530062000034377,0.05712859996128827,0.00280180003028363,eigsh,0.0005734999431297183,,,,,,,,,,,,,,,,,,,
8000,8,820260514,3,3,16.0,161155,964682,0.01507315625,2.1669401000253856,0.3965219999663532,0,0.0,60.433125,91.0,161067.88296000002,20.133485370000002,60.40045611000001,0.11102778472309038,9e-06,1e-06,sparse,Random sampling,random_sampling,0.0,1.0,1.0,0.05581470008473843,,0.04759329999797046,0.0001927000703290105,0.05810669995844364,0.10590329999104142,1.0563707760433787,0.7454343307759697,2.669354800018482,1.046875,0.17668180004693568,42.625868797302246,,,,,,,,,,,0.02575010003056377,eigsh,0.021540299989283085,486341.0,340753.0,0.7,675884.0,,,,,,,,,,,,
8000,8,820260514,3,3,16.0,161155,964682,0.01507315625,2.1669401000253856,0.3965219999663532,0,0.0,60.433125,91.0,161067.88296000002,20.133485370000002,60.40045611000001,0.11102778472309038,9e-06,1e-06,sparse,CountSketch random projection,countsketch_random_projection,0.0,1.0,1.0,0.05419710010755807,,0.5607996999751776,0.00032819993793964386,0.05243290006183088,0.6135688000358641,0.9999986662817901,0.6570544813038598,3.177022899966687,1.65625,0.6831625000340864,41.4486722946167,,,,,,,,,,,,,,,,,,0.0005064000142738223,163.0,29.0,67.0,0.0,0.013465099968016148,0.42674350005108863,0.05375279998406768,0.062118500005453825,0.0029177000978961587,eigsh,0.0005423000548034906
8000,9,820260515,3,3,16.0,160566,961378,0.01502153125,2.1974475000752136,0.3677713999059051,0,0.0,60.21225,92.0,161067.88296000002,20.133485370000002,60.40045611000001,0.11102778472309038,9e-06,1e-06,sparse,Non-random,non_random,0.0,1.0,1.0,0.053944199928082526,eigsh,0.028636800008825958,9.320001117885113e-05,0.05155209999065846,0.08028860006015748,0.9999999999999993,0.6587402500621137,2.645500999991782,1.1875,0.14960180001799017,33.06993389129639,,,,,,,,,,,,,,,,,,,,,,,,,,,,,
8000,9,820260515,3,3,16.0,160566,961378,0.01502153125,2.1974475000752136,0.3677713999059051,0,0.0,60.21225,92.0,161067.88296000002,20.133485370000002,60.40045611000001,0.11102778472309038,9e-06,1e-06,sparse,Gaussian random projection,gaussian_random_projection,0.0,1.0,1.0,0.048800199991092086,,0.5997957999352366,0.0003494999837130308,0.05058390006888658,0.6507384999422356,0.9999985363552316,0.6577216552273403,3.215948099968955,1.796875,0.7153524999739602,51.23593807220459,,,,0.010685999994166195,0.4541141000809148,0.056071799946948886,0.07441630004905164,0.0027535000117495656,eigsh,0.0006064000772312284,,,,,,,,,,,,,,,,,,,
8000,9,820260515,3,3,16.0,160566,961378,0.01502153125,2.1974475000752136,0.3677713999059051,0,0.0,60.21225,92.0,161067.88296000002,20.133485370000002,60.40045611000001,0.11102778472309038,9e-06,1e-06,sparse,Random sampling,random_sampling,0.0,1.0,1.0,0.050406499998643994,,0.04623680002987385,0.00018999993335455656,0.0527876999694854,0.0992223999928683,1.0556796034994478,0.7464296788694693,2.6644333999138325,1.3125,0.16521480004303157,42.47514057159424,,,,,,,,,,,0.02492479991633445,eigsh,0.0210120000410825,484689.0,339509.0,0.7,673412.0,,,,,,,,,,,,
8000,9,820260515,3,3,16.0,160566,961378,0.01502153125,2.1974475000752136,0.3677713999059051,0,0.0,60.21225,92.0,161067.88296000002,20.133485370000002,60.40045611000001,0.11102778472309038,9e-06,1e-06,sparse,CountSketch random projection,countsketch_random_projection,0.0,1.0,1.0,0.051089500077068806,,0.5390393999405205,0.0003223000094294548,0.0516086999559775,0.5909784999676049,0.9999989885553355,0.6579293509963127,3.156189299887046,1.765625,0.6571042999858037,41.41076183319092,,,,,,,,,,,,,,,,,,0.0004851999692618847,163.0,32.0,67.0,0.0,0.014080499997362494,0.40750410000327975,0.0528195999795571,0.05947310000192374,0.0033340000081807375,eigsh,0.0006267999997362494
8000,10,820260516,3,3,16.0,161445,966250,0.01509765625,2.1772428998956457,0.3533121000509709,0,0.0,60.541875,92.0,161067.88296000002,20.133485370000002,60.40045611000001,0.11102778472309038,9e-06,1e-06,sparse,Non-random,non_random,0.0,1.0,1.0,0.05227840004954487,eigsh,0.016834700014442205,9.240000508725643e-05,0.05183240002952516,0.06876549997832626,1.0,0.6581884605646232,2.599314499995671,1.03125,0.13610929995775223,33.23720073699951,,,,,,,,,,,,,,,,,,,,,,,,,,,,,
8000,10,820260516,3,3,16.0,161445,966250,0.01509765625,2.1772428998956457,0.3533121000509709,0,0.0,60.541875,92.0,161067.88296000002,20.133485370000002,60.40045611000001,0.11102778472309038,9e-06,1e-06,sparse,Gaussian random projection,gaussian_random_projection,0.0,1.0,1.0,0.04978070000652224,,0.613253999967128,0.00034989998675882816,0.051236300030723214,0.6648509000660852,0.9999988060128272,0.6574110937132761,3.1953951999312267,1.75,0.7290421999059618,51.291693687438965,,,,0.010484399972483516,0.4731267999159172,0.054229000001214445,0.07005300000309944,0.003488800022751093,eigsh,0.0006919000297784805,,,,,,,,,,,,,,,,,,,
8000,10,820260516,3,3,16.0,161445,966250,0.01509765625,2.1772428998956457,0.3533121000509709,0,0.0,60.541875,92.0,161067.88296000002,20.133485370000002,60.40045611000001,0.11102778472309038,9e-06,1e-06,sparse,Random sampling,random_sampling,0.0,1.0,1.0,0.04876849998254329,,0.0477702000644058,0.0001748999347910285,0.051879000035114586,0.09983349998947233,1.0546632747946854,0.7452145466851092,2.630379099980928,1.234375,0.1637891000136733,42.641234397888184,,,,,,,,,,,0.026215699966996908,eigsh,0.021264999988488853,487125.0,340527.0,0.7,675447.0,,,,,,,,,,,,
8000,10,820260516,3,3,16.0,161445,966250,0.01509765625,2.1772428998956457,0.3533121000509709,0,0.0,60.541875,92.0,161067.88296000002,20.133485370000002,60.40045611000001,0.11102778472309038,9e-06,1e-06,sparse,CountSketch random projection,countsketch_random_projection,0.0,1.0,1.0,0.05354350002016872,,0.566102399956435,0.0003310000756755471,0.05298400006722659,0.6194255000445992,0.9999988020015675,0.657297709139866,3.1499724000459537,2.109375,0.6878997000167146,41.466567039489746,,,,,,,,,,,,,,,,,,0.0004860999761149287,163.0,30.0,68.0,0.0,0.013606099993921816,0.42699810001067817,0.0541158999549225,0.06672779994551092,0.002845000009983778,eigsh,0.0006281000096350908
10000,1,1020260507,3,3,16.0,201143,1206408,0.01206408,2.7715998999774456,0.45144460001029074,0,0.0,60.3429,92.0,201364.17303552,20.136417303552,60.409251910656,0.11104444888977795,5.76e-06,6.4e-07,sparse,Non-random,non_random,0.0,1.0,1.0,0.05958989995997399,eigsh,0.021329500013962388,0.0001020999625325203,0.05609200010076165,0.07753010001033545,1.0,0.6588043364728893,3.300568100064993,1.203125,0.1571120999287814,41.49763011932373,,,,,,,,,,,,,,,,,,,,,,,,,,,,,
10000,1,1020260507,3,3,16.0,201143,1206408,0.01206408,2.7715998999774456,0.45144460001029074,0,0.0,60.3429,92.0,201364.17303552,20.136417303552,60.409251910656,0.11104444888977795,5.76e-06,6.4e-07,sparse,Gaussian random projection,gaussian_random_projection,0.0,1.0,1.0,0.06006460008211434,,0.804692400037311,0.0004062999505549669,0.05613229994196445,0.861239799996838,0.9999986826326546,0.6573578284719306,4.084275499917567,2.140625,0.9404231000225991,63.99654293060303,,,,0.013037499971687794,0.6370080999331549,0.06287910009268671,0.0861119000473991,0.0033620999893173575,eigsh,0.000920599908567965,,,,,,,,,,,,,,,,,,,
10000,1,1020260507,3,3,16.0,201143,1206408,0.01206408,2.7715998999774456,0.45144460001029074,0,0.0,60.3429,92.0,201364.17303552,20.136417303552,60.409251910656,0.11104444888977795,5.76e-06,6.4e-07,sparse,Random sampling,random_sampling,0.0001,0.9996999700000048,0.99917061019078,0.06258160003926605,,0.059910699957981706,0.0002031000331044197,0.057870600023306906,0.117992699961178,1.0557302476469526,0.7445080853259447,3.3410289000021294,1.3125,0.20004089991562068,53.273929595947266,,,,,,,,,,,0.03272959997411817,eigsh,0.026823600055649877,608204.0,425897.0,0.7,844792.0,,,,,,,,,,,,
10000,1,1020260507,3,3,16.0,201143,1206408,0.01206408,2.7715998999774456,0.45144460001029074,0,0.0,60.3429,92.0,201364.17303552,20.136417303552,60.409251910656,0.11104444888977795,5.76e-06,6.4e-07,sparse,CountSketch random projection,countsketch_random_projection,0.0,1.0,1.0,0.0614952000323683,,0.7030119000701234,0.00039330008439719677,0.05758129991590977,0.7609962000278756,0.9999982911781076,0.6577017102450259,3.9840310000581667,1.984375,0.8427651000674814,51.7146520614624,,,,,,,,,,,,,,,,,,0.0005303999641910195,163.0,45.0,80.0,0.0,0.01673779997508973,0.5377940000034869,0.061121399980038404,0.08228740002959967,0.0028245000867173076,eigsh,0.0008062000852078199
10000,2,1020260508,3,3,16.0,201478,1208646,0.01208646,2.772953600040637,0.46163299994077533,0,0.0,60.4434,90.0,201364.17303552,20.136417303552,60.409251910656,0.11104444888977795,5.76e-06,6.4e-07,sparse,Non-random,non_random,0.0,1.0,1.0,0.05994439998175949,eigsh,0.020934500033035874,0.00010099995415657759,0.05713179998565465,0.07817330001853406,1.0000000000000002,0.6579254082348679,3.3127538999542594,1.453125,0.1571002999553457,41.57446575164795,,,,,,,,,,,,,,,,,,,,,,,,,,,,,
10000,2,1020260508,3,3,16.0,201478,1208646,0.01208646,2.772953600040637,0.46163299994077533,0,0.0,60.4434,90.0,201364.17303552,20.136417303552,60.409251910656,0.11104444888977795,5.76e-06,6.4e-07,sparse,Gaussian random projection,gaussian_random_projection,0.0,1.0,1.0,0.06559420004487038,,0.8838971999939531,0.00043070001993328333,0.058500099927186966,0.942838600021787,0.9999988264649753,0.6567741245128518,4.177414599922486,2.140625,1.0275603999616578,64.02210521697998,,,,0.01300699997227639,0.712510299985297,0.06421079998835921,0.08924390003085136,0.0028066999511793256,eigsh,0.0007268000626936555,,,,,,,,,,,,,,,,,,,
10000,2,1020260508,3,3,16.0,201478,1208646,0.01208646,2.772953600040637,0.46163299994077533,0,0.0,60.4434,90.0,201364.17303552,20.136417303552,60.409251910656,0.11104444888977795,5.76e-06,6.4e-07,sparse,Random sampling,random_sampling,0.0001,0.9996999700000048,0.99917061019078,0.06483789999037981,,0.06336329993791878,0.0002109999768435955,0.06017379998229444,0.12375689996406436,1.0560086737403138,0.7431823046082596,3.358334699878469,1.4375,0.20837000000756234,53.395233154296875,,,,,,,,,,,0.03324590006377548,eigsh,0.029727400047704577,609323.0,427014.0,0.7,847018.0,,,,,,,,,,,,
10000,2,1020260508,3,3,16.0,201478,1208646,0.01208646,2.772953600040637,0.46163299994077533,0,0.0,60.4434,90.0,201364.17303552,20.136417303552,60.409251910656,0.11104444888977795,5.76e-06,6.4e-07,sparse,CountSketch random projection,countsketch_random_projection,0.0,1.0,1.0,0.06466669996734709,,0.7269851000746712,0.0005726000526919961,0.056405400042422116,0.7839722000062466,0.9999984441278164,0.6566316163868197,4.018549700151198,2.03125,0.868740199948661,51.74036884307861,,,,,,,,,,,,,,,,,,0.0007325999904423952,163.0,45.0,86.0,0.0,0.01700280001387,0.5535345000680536,0.0627809000434354,0.08798790001310408,0.002880200045183301,eigsh,0.0007833000272512436
10000,3,1020260509,3,3,16.0,201438,1208102,0.01208102,2.69218859996181,0.4757069000042975,0,0.0,60.4314,92.0,201364.17303552,20.136417303552,60.409251910656,0.11104444888977795,5.76e-06,6.4e-07,sparse,Non-random,non_random,0.0,1.0,1.0,0.06386800005566329,eigsh,0.021182799944654107,0.00011909997556358576,0.05703560006804764,0.07834499992895871,0.9999999999999998,0.6591597963884077,3.2462329999543726,1.28125,0.16130619996692985,41.555745124816895,,,,,,,,,,,,,,,,,,,,,,,,,,,,,
10000,3,1020260509,3,3,16.0,201438,1208102,0.01208102,2.69218859996181,0.4757069000042975,0,0.0,60.4314,92.0,201364.17303552,20.136417303552,60.409251910656,0.11104444888977795,5.76e-06,6.4e-07,sparse,Gaussian random projection,gaussian_random_projection,0.0,1.0,1.0,0.05918390001170337,,0.7948018000461161,0.0005029999883845448,0.059848600067198277,0.8551627000560984,0.9999985382046626,0.6579163430765131,4.023048900067806,2.1875,0.9338882000884041,64.0160779953003,,,,0.012751200003549457,0.6382168000563979,0.060731900040991604,0.07770720007829368,0.0031008999794721603,eigsh,0.0008981999708339572,,,,,,,,,,,,,,,,,,,
10000,3,1020260509,3,3,16.0,201438,1208102,0.01208102,2.69218859996181,0.4757069000042975,0,0.0,60.4314,92.0,201364.17303552,20.136417303552,60.409251910656,0.11104444888977795,5.76e-06,6.4e-07,sparse,Random sampling,random_sampling,0.0,1.0,1.0,0.062447199947200716,,0.05951930000446737,0.00021590001415461302,0.06104039994534105,0.12078570004086941,1.0540380660359214,0.7444750360354067,3.2886710999300703,1.46875,0.20278370007872581,53.35546684265137,,,,,,,,,,,0.03266799997072667,eigsh,0.026435500010848045,609051.0,426576.0,0.7,846193.0,,,,,,,,,,,,
10000,3,1020260509,3,3,16.0,201438,1208102,0.01208102,2.69218859996181,0.4757069000042975,0,0.0,60.4314,92.0,201364.17303552,20.136417303552,60.409251910656,0.11104444888977795,5.76e-06,6.4e-07,sparse,CountSketch random projection,countsketch_random_projection,0.0,1.0,1.0,0.05991710000671446,,0.7434974999632686,0.0004048000555485487,0.05600899993441999,0.7999209000263363,0.9999983579255978,0.6580062539400274,3.9678067999193445,1.9375,0.8790017999708652,51.73403835296631,,,,,,,,,,,,,,,,,,0.0005282999482005835,163.0,42.0,78.0,0.0,0.01667559996712953,0.5757560000056401,0.06337850005365908,0.08204210002440959,0.003306599915958941,eigsh,0.000929199974052608
10000,4,1020260510,3,3,16.0,201172,1206484,0.01206484,3.086003299918957,0.45816450007259846,0,0.0,60.3516,92.0,201364.17303552,20.136417303552,60.409251910656,0.11104444888977795,5.76e-06,6.4e-07,sparse,Non-random,non_random,0.0,1.0,1.0,0.0596352000720799,eigsh,0.02044920006301254,0.00011979998089373112,0.05652280000504106,0.07709899998735636,1.0,0.6571314094394036,3.621259600040503,1.171875,0.15621469996403903,41.50023937225342,,,,,,,,,,,,,,,,,,,,,,,,,,,,,
10000,4,1020260510,3,3,16.0,201172,1206484,0.01206484,3.086003299918957,0.45816450007259846,0,0.0,60.3516,92.0,201364.17303552,20.136417303552,60.409251910656,0.11104444888977795,5.76e-06,6.4e-07,sparse,Gaussian random projection,gaussian_random_projection,0.0,1.0,1.0,0.05953389999922365,,0.6967113999417052,0.0005395000334829092,0.055726899998262525,0.7529880999354646,0.9999981336405934,0.6558718425980633,4.297145599965006,2.3125,0.8315907999640331,63.997313499450684,,,,0.012692000018432736,0.5383905000053346,0.06294540001545101,0.07741549995262176,0.0030535999685525894,eigsh,0.0007618999807164073,,,,,,,,,,,,,,,,,,,
10000,4,1020260510,3,3,16.0,201172,1206484,0.01206484,3.086003299918957,0.45816450007259846,0,0.0,60.3516,92.0,201364.17303552,20.136417303552,60.409251910656,0.11104444888977795,5.76e-06,6.4e-07,sparse,Random sampling,random_sampling,0.0,1.0,1.0,0.06160789995919913,,0.06025720003526658,0.00020460004452615976,0.05704149999655783,0.11751180002465844,1.0527928159424333,0.7412719707853935,3.661671100067906,1.265625,0.19848249992355704,53.24783134460449,,,,,,,,,,,0.032594399992376566,eigsh,0.02729740005452186,608242.0,425477.0,0.7,844014.0,,,,,,,,,,,,
10000,4,1020260510,3,3,16.0,201172,1206484,0.01206484,3.086003299918957,0.45816450007259846,0,0.0,60.3516,92.0,201364.17303552,20.136417303552,60.409251910656,0.11104444888977795,5.76e-06,6.4e-07,sparse,CountSketch random projection,countsketch_random_projection,0.0,1.0,1.0,0.06372000009287149,,0.6055975999915972,0.0005034999921917915,0.05652189999818802,0.6626332000596449,0.9999985527505898,0.6558175052513445,4.206790799973533,1.78125,0.7461403000634164,51.71547222137451,,,,,,,,,,,,,,,,,,0.0005298999603837729,163.0,45.0,89.0,0.0,0.017246700008399785,0.4521557999541983,0.06058559997472912,0.0704572000540793,0.0028257000958546996,eigsh,0.0007319999858736992
10000,5,1020260511,3,3,16.0,200505,1202812,0.01202812,2.9155194000341,0.5120906999800354,0,0.0,60.1515,92.0,201364.17303552,20.136417303552,60.409251910656,0.11104444888977795,5.76e-06,6.4e-07,sparse,Non-random,non_random,0.0,1.0,1.0,0.058720099972561,eigsh,0.021505899960175157,0.00010419997852295637,0.05577850004192442,0.07739519991446286,0.9999999999999999,0.6587747025246579,3.5049986999947578,1.21875,0.15588580002076924,41.37417125701904,,,,,,,,,,,,,,,,,,,,,,,,,,,,,
10000,5,1020260511,3,3,16.0,200505,1202812,0.01202812,2.9155194000341,0.5120906999800354,0,0.0,60.1515,92.0,201364.17303552,20.136417303552,60.409251910656,0.11104444888977795,5.76e-06,6.4e-07,sparse,Gaussian random projection,gaussian_random_projection,0.0,1.0,1.0,0.06456349999643862,,0.8150049999821931,0.0002938000252470374,0.05845819995738566,0.8737631000112742,0.9999984287070938,0.6574783794354735,4.301367099978961,2.203125,0.958120199968107,63.95529651641846,,,,0.01361150003504008,0.6524149000179023,0.06975259992759675,0.07248940004501492,0.0034016999416053295,eigsh,0.0011060000397264957,,,,,,,,,,,,,,,,,,,
10000,5,1020260511,3,3,16.0,200505,1202812,0.01202812,2.9155194000341,0.5120906999800354,0,0.0,60.1515,92.0,201364.17303552,20.136417303552,60.409251910656,0.11104444888977795,5.76e-06,6.4e-07,sparse,Random sampling,random_sampling,0.0,1.0,1.0,0.05965519999153912,,0.06030720006674528,0.00010359997395426035,0.05768490000627935,0.1181014000903815,1.0555855116988155,0.7445904133542196,3.545705800061114,1.296875,0.1972063999855891,53.09298896789551,,,,,,,,,,,0.034286600071936846,eigsh,0.025381000014021993,606406.0,424317.0,0.7,841608.0,,,,,,,,,,,,
10000,5,1020260511,3,3,16.0,200505,1202812,0.01202812,2.9155194000341,0.5120906999800354,0,0.0,60.1515,92.0,201364.17303552,20.136417303552,60.409251910656,0.11104444888977795,5.76e-06,6.4e-07,sparse,CountSketch random projection,countsketch_random_projection,0.0,1.0,1.0,0.06153409997932613,,0.80427049996797,0.00031779997516423464,0.05712370004039258,0.8617182000307366,0.9999986517022501,0.6577585823522326,4.289322099997662,2.125,0.9432141000870615,51.67344951629639,,,,,,,,,,,,,,,,,,0.0005258999299257994,163.0,39.0,82.0,0.0,0.01677650003693998,0.6495776000665501,0.06460180005524307,0.06692059990018606,0.0030753000173717737,eigsh,0.0009559999452903867
10000,6,1020260512,3,3,16.0,201557,1208826,0.01208826,3.1244647999992594,0.5063516000518575,0,0.0,60.4671,91.0,201364.17303552,20.136417303552,60.409251910656,0.11104444888977795,5.76e-06,6.4e-07,sparse,Non-random,non_random,0.0,1.0,1.0,0.06655280000995845,eigsh,0.02354409999679774,0.00010529998689889908,0.06244340003468096,0.08610040007624775,1.0,0.6569158052995655,3.7169092000694945,1.09375,0.17879059992264956,41.58064556121826,,,,,,,,,,,,,,,,,,,,,,,,,,,,,
10000,6,1020260512,3,3,16.0,201557,1208826,0.01208826,3.1244647999992594,0.5063516000518575,0,0.0,60.4671,91.0,201364.17303552,20.136417303552,60.409251910656,0.11104444888977795,5.76e-06,6.4e-07,sparse,Gaussian random projection,gaussian_random_projection,0.0,1.0,1.0,0.06164159998297691,,0.8088761999970302,0.0002853000769391656,0.058039499912410975,0.8672075000358745,0.9999987871715559,0.6559667441762945,4.498017400037497,2.234375,0.952803699998185,64.02431392669678,,,,0.01448999997228384,0.6379246999276802,0.07383290003053844,0.07664549991022795,0.002778999973088503,eigsh,0.00105189997702837,,,,,,,,,,,,,,,,,,,
10000,6,1020260512,3,3,16.0,201557,1208826,0.01208826,3.1244647999992594,0.5063516000518575,0,0.0,60.4671,91.0,201364.17303552,20.136417303552,60.409251910656,0.11104444888977795,5.76e-06,6.4e-07,sparse,Random sampling,random_sampling,0.0001,0.9997000150045032,0.9991706238529616,0.06812920002266765,,0.061361400061286986,0.00019509997218847275,0.06603180000092834,0.12759759998880327,1.0557809938103064,0.7431604278922382,3.7584047000855207,1.109375,0.22110760002397,53.41337013244629,,,,,,,,,,,0.034953300026245415,eigsh,0.026073799934238195,609413.0,427214.0,0.7,847444.0,,,,,,,,,,,,
10000,6,1020260512,3,3,16.0,201557,1208826,0.01208826,3.1244647999992594,0.5063516000518575,0,0.0,60.4671,91.0,201364.17303552,20.136417303552,60.409251910656,0.11104444888977795,5.76e-06,6.4e-07,sparse,CountSketch random projection,countsketch_random_projection,0.0,1.0,1.0,0.06240349996369332,,0.6424908000044525,0.00035589991603046656,0.06093370006419718,0.7037881999276578,0.9999983101462803,0.6553362031115438,4.334596800035797,1.78125,0.7857896001078188,51.74227428436279,,,,,,,,,,,,,,,,,,0.0005206000059843063,163.0,38.0,84.0,0.0,0.016655300045385957,0.47420150006655604,0.07350299996323884,0.07201220002025366,0.003129199962131679,eigsh,0.000990399974398315
10000,7,1020260513,3,3,16.0,202327,1213380,0.0121338,3.2443877999903634,0.5117017000447959,0,0.0,60.6981,93.0,201364.17303552,20.136417303552,60.409251910656,0.11104444888977795,5.76e-06,6.4e-07,sparse,Non-random,non_random,0.0,1.0,1.0,0.06127049995120615,eigsh,0.020968700060620904,0.00010659999679774046,0.05519559991080314,0.07627740001771599,0.9999999999999998,0.6586080753149642,3.832360400003381,1.25,0.15719599998556077,41.73699474334717,,,,,,,,,,,,,,,,,,,,,,,,,,,,,
10000,7,1020260513,3,3,16.0,202327,1213380,0.0121338,3.2443877999903634,0.5117017000447959,0,0.0,60.6981,93.0,201364.17303552,20.136417303552,60.409251910656,0.11104444888977795,5.76e-06,6.4e-07,sparse,Gaussian random projection,gaussian_random_projection,0.0,1.0,1.0,0.06457150005735457,,0.6767886000452563,0.00028790009673684835,0.0574162999400869,0.734499300015159,0.9999985853439795,0.6574383612684231,4.490582300117239,1.921875,0.818636899930425,64.07623195648193,,,,0.01295799994841218,0.524484199937433,0.06066680001094937,0.0727560999803245,0.003108699922449887,eigsh,0.0009206000249832869,,,,,,,,,,,,,,,,,,,
10000,7,1020260513,3,3,16.0,202327,1213380,0.0121338,3.2443877999903634,0.5117017000447959,0,0.0,60.6981,93.0,201364.17303552,20.136417303552,60.409251910656,0.11104444888977795,5.76e-06,6.4e-07,sparse,Random sampling,random_sampling,0.0,1.0,1.0,0.06041560007724911,,0.06254339998122305,0.00023180001880973577,0.05625469994265586,0.11903840000741184,1.0567957109425228,0.7456996805051025,3.875119399977848,1.28125,0.19933670002501458,53.58319568634033,,,,,,,,,,,0.03438899992033839,eigsh,0.027827200014144182,611690.0,428396.0,0.7,849752.0,,,,,,,,,,,,
10000,7,1020260513,3,3,16.0,202327,1213380,0.0121338,3.2443877999903634,0.5117017000447959,0,0.0,60.6981,93.0,201364.17303552,20.136417303552,60.409251910656,0.11104444888977795,5.76e-06,6.4e-07,sparse,CountSketch random projection,countsketch_random_projection,0.0,1.0,1.0,0.06325910007581115,,0.6083918999647722,0.0004135000053793192,0.0577468000119552,0.6665631999494508,0.999998375226852,0.6573698388113406,4.422641700017266,1.921875,0.750321300001815,51.79434108734131,,,,,,,,,,,,,,,,,,0.0006620000349357724,163.0,42.0,82.0,0.0,0.01662809995468706,0.4550457999575883,0.06253420002758503,0.0687867000233382,0.0028789000352844596,eigsh,0.0009541999315842986
10000,8,1020260514,3,3,16.0,201881,1211176,0.01211176,2.742276099976152,0.4857374000130221,0,0.0,60.5643,89.0,201364.17303552,20.136417303552,60.409251910656,0.11104444888977795,5.76e-06,6.4e-07,sparse,Non-random,non_random,0.0,1.0,1.0,0.06397549994289875,eigsh,0.021153800073079765,9.959994349628687e-05,0.05970260000322014,0.08096240006852895,1.0,0.6576017662787349,3.3089695000089705,1.5,0.1643326000776142,41.66132640838623,,,,,,,,,,,,,,,,,,,,,,,,,,,,,
10000,8,1020260514,3,3,16.0,201881,1211176,0.01211176,2.742276099976152,0.4857374000130221,0,0.0,60.5643,89.0,201364.17303552,20.136417303552,60.409251910656,0.11104444888977795,5.76e-06,6.4e-07,sparse,Gaussian random projection,gaussian_random_projection,0.0,1.0,1.0,0.05890549998730421,,0.6799428999656811,0.00042129994835704565,0.057174399960786104,0.7375466999365017,0.9999985612634501,0.6564680379181591,3.9655520998639986,2.0,0.8168130000121891,64.05100917816162,,,,0.014897100045345724,0.5305961999110878,0.061276899999938905,0.06735049991402775,0.0028828999493271112,eigsh,0.0007845000363886356,,,,,,,,,,,,,,,,,,,
10000,8,1020260514,3,3,16.0,201881,1211176,0.01211176,2.742276099976152,0.4857374000130221,0,0.0,60.5643,89.0,201364.17303552,20.136417303552,60.409251910656,0.11104444888977795,5.76e-06,6.4e-07,sparse,Random sampling,random_sampling,0.0,1.0,1.0,0.059404300060123205,,0.05888729996513575,0.00022769998759031296,0.05793959996663034,0.11706419999245554,1.0555150586004873,0.7426474486771527,3.3450680999085307,1.328125,0.19531930005177855,53.50457572937012,,,,,,,,,,,0.03240240004379302,eigsh,0.026132999919354916,610588.0,427863.0,0.7,848745.0,,,,,,,,,,,,
10000,8,1020260514,3,3,16.0,201881,1211176,0.01211176,2.742276099976152,0.4857374000130221,0,0.0,60.5643,89.0,201364.17303552,20.136417303552,60.409251910656,0.11104444888977795,5.76e-06,6.4e-07,sparse,CountSketch random projection,countsketch_random_projection,0.0,1.0,1.0,0.06080910004675388,,0.6041828999295831,0.00044620002154260874,0.05614839994814247,0.6607867999700829,0.9999983595309478,0.6564899024134359,3.8887909998884425,2.03125,0.7410915000364184,51.76936626434326,,,,,,,,,,,,,,,,,,0.0005146999610587955,163.0,41.0,81.0,0.0,0.016763699939474463,0.4552200000034645,0.06404379999730736,0.0630134999519214,0.0028385999612510204,eigsh,0.0006701999809592962
10000,9,1020260515,3,3,16.0,200967,1205358,0.01205358,2.80329240008723,0.47264059993904084,0,0.0,60.2901,90.0,201364.17303552,20.136417303552,60.409251910656,0.11104444888977795,5.76e-06,6.4e-07,sparse,Non-random,non_random,0.0,1.0,1.0,0.059904899913817644,eigsh,0.021936299977824092,0.00010449998080730438,0.05919469997752458,0.08124249998945743,0.9999999999999999,0.6576832532823267,3.3571684999624267,1.40625,0.16329649998806417,41.46153736114502,,,,,,,,,,,,,,,,,,,,,,,,,,,,,
10000,9,1020260515,3,3,16.0,200967,1205358,0.01205358,2.80329240008723,0.47264059993904084,0,0.0,60.2901,90.0,201364.17303552,20.136417303552,60.409251910656,0.11104444888977795,5.76e-06,6.4e-07,sparse,Gaussian random projection,gaussian_random_projection,0.0,1.0,1.0,0.06052830000407994,,0.6492471999954432,0.00044249999336898327,0.056252599926665425,0.7059495999710634,0.9999984470303005,0.6565767623007562,3.9818752999417484,2.25,0.785585300065577,63.984477043151855,,,,0.013384500052779913,0.5025169999571517,0.06034780002664775,0.06650690000969917,0.0035337000153958797,eigsh,0.0008549999911338091,,,,,,,,,,,,,,,,,,,
10000,9,1020260515,3,3,16.0,200967,1205358,0.01205358,2.80329240008723,0.47264059993904084,0,0.0,60.2901,90.0,201364.17303552,20.136417303552,60.409251910656,0.11104444888977795,5.76e-06,6.4e-07,sparse,Random sampling,random_sampling,0.0001,0.9996999699909985,0.9991706102093328,0.06067129992879927,,0.05935749993659556,0.00019669998437166214,0.059578999993391335,0.1191417999798432,1.05231052762988,0.7422784455227172,3.3950661999406293,1.171875,0.19915100000798702,53.22192668914795,,,,,,,,,,,0.0323361000046134,eigsh,0.02667599997948855,607679.0,425405.0,0.7,843912.0,,,,,,,,,,,,
10000,9,1020260515,3,3,16.0,200967,1205358,0.01205358,2.80329240008723,0.47264059993904084,0,0.0,60.2901,90.0,201364.17303552,20.136417303552,60.409251910656,0.11104444888977795,5.76e-06,6.4e-07,sparse,CountSketch random projection,countsketch_random_projection,0.0,1.0,1.0,0.063994099968113,,0.606968600070104,0.0005465000867843628,0.05761190003249794,0.6651381000410765,0.9999985581886297,0.6564209476021443,3.941060000215657,1.796875,0.7488948999671265,51.70264148712158,,,,,,,,,,,,,,,,,,0.0005634999834001064,163.0,42.0,85.0,0.0,0.01728289993479848,0.45291510003153235,0.06134849996306002,0.06992180005181581,0.002961500082165003,eigsh,0.000748799997381866
10000,10,1020260516,3,3,16.0,201113,1206030,0.0120603,2.926267300033942,0.5152365999529138,0,0.0,60.3339,90.0,201364.17303552,20.136417303552,60.409251910656,0.11104444888977795,5.76e-06,6.4e-07,sparse,Non-random,non_random,0.0,1.0,1.0,0.0657808999530971,eigsh,0.021457599941641092,0.00010059995111078024,0.05896210006903857,0.08052660000976175,0.9999999999999999,0.6596613282542545,3.522024199948646,1.3125,0.17042560002300888,41.484652519226074,,,,,,,,,,,,,,,,,,,,,,,,,,,,,
10000,10,1020260516,3,3,16.0,201113,1206030,0.0120603,2.926267300033942,0.5152365999529138,0,0.0,60.3339,90.0,201364.17303552,20.136417303552,60.409251910656,0.11104444888977795,5.76e-06,6.4e-07,sparse,Gaussian random projection,gaussian_random_projection,0.0,1.0,1.0,0.06672270002309233,,0.779556900030002,0.00036320008803159,0.059607299976050854,0.839534500031732,0.9999985393871522,0.6587084200393007,4.28103130008094,2.125,0.9297904000850394,63.99236583709717,,,,0.014107400085777044,0.5991071000462398,0.0853963999543339,0.07419890002347529,0.003001699922606349,eigsh,0.000993399997241795,,,,,,,,,,,,,,,,,,,
10000,10,1020260516,3,3,16.0,201113,1206030,0.0120603,2.926267300033942,0.5152365999529138,0,0.0,60.3339,90.0,201364.17303552,20.136417303552,60.409251910656,0.11104444888977795,5.76e-06,6.4e-07,sparse,Random sampling,random_sampling,0.0,1.0,1.0,0.059375899960286915,,0.061082800035364926,0.00021650001872330904,0.05849349999334663,0.11980179999954998,1.0568087253651888,0.7457873244775949,3.5612967000342906,1.390625,0.20456570002716035,53.26573848724365,,,,,,,,,,,0.034276299993507564,eigsh,0.02643019997049123,608015.0,425897.0,0.7,844762.0,,,,,,,,,,,,
10000,10,1020260516,3,3,16.0,201113,1206030,0.0120603,2.926267300033942,0.5152365999529138,0,0.0,60.3339,90.0,201364.17303552,20.136417303552,60.409251910656,0.11104444888977795,5.76e-06,6.4e-07,sparse,CountSketch random projection,countsketch_random_projection,0.0,1.0,1.0,0.062413199921138585,,0.5892497999593616,0.000421099946834147,0.06056550005450845,0.6502449999097735,0.9999985601380799,0.658699239528347,4.09174029994756,2.1875,0.7316146000521258,51.71047496795654,,,,,,,,,,,,,,,,,,0.0005339999916031957,163.0,35.0,80.0,0.0,0.016565600060857832,0.4400819999864325,0.061518599977716804,0.06597059988416731,0.002946399967186153,eigsh,0.0007007999811321497
