experiment,sweep,x_col,x_value,density_level,rep,seed,n,K,m,rho_n,a_in,b_out,signal_gap,p_in,p_out,num_hyperedges_total,theta_nnz,theta_density,generation_wall_sec,hypergraph_laplacian_build_wall_sec,sampling_mode,num_isolated_nodes,isolated_fraction,hypergraph_degree_mean,hypergraph_degree_max,expected_hyperedges_total,expected_hyperedges_per_n,expected_degree_mean,candidate_within_fraction,method,method_key,misclassification_rate,ARI,NMI,metric_wall_sec,method_wall_sec,algorithm_total_wall_sec,non_random_eigensolver,eigen_decomposition_wall_sec,embedding_normalize_wall_sec,kmeans_wall_sec,spectral_clustering_wall_sec,top_eigenvalue_max,top_eigenvalue_min,rp_draw_omega_sec,rp_power_iter_sec,rp_qr_sec,rp_build_core_sec,rp_small_eig_sec,rp_lift_sec,rs_sample_matrix_wall_sec,rs_original_upper_nnz,rs_sampled_upper_nnz,rs_sampling_probability,rs_sampled_theta_nnz,cs_draw_hash_sec,cs_embedding_dim,cs_bucket_min_load,cs_bucket_max_load,cs_empty_buckets,cs_initial_multiply_sec,cs_power_iter_sec,cs_qr_sec,cs_build_core_sec,cs_small_eig_sec,cs_lift_sec
EXP-20260506-007_uniform_hsbm_n_rho16_eigsh_methods_matlab,n,n,2000,NaN,1,2451764937,2000,3,3,16,36,4,32,0.000144,1.6e-05,40008,231944,0.057986,0.01242,0.011109375,sparse,0,0,60.012,94,40179.08736,20.08954368,60.26863104,0.110777888944472,Non-random eigs,non_random,0,1,1,0.0046195,0.0223220416666667,0.0458050833333333,eigs,0.010035625,0.000111125,0.0121289583333333,0.0222835416666667,1,0.653418853227003,NaN,NaN,NaN,NaN,NaN,NaN,NaN,NaN,NaN,NaN,NaN,NaN,NaN,NaN,NaN,NaN,NaN,NaN,NaN,NaN,NaN,NaN
EXP-20260506-007_uniform_hsbm_n_rho16_eigsh_methods_matlab,n,n,2000,NaN,1,2451764937,2000,3,3,16,36,4,32,0.000144,1.6e-05,40008,231944,0.057986,0.01242,0.011109375,sparse,0,0,60.012,94,40179.08736,20.08954368,60.26863104,0.110777888944472,Gaussian RP,gaussian_random_projection,0,1,1,0.00127529166666667,0.04321325,0.0667049583333333,,0.0370189583333333,3.06666666666667e-05,0.00612595833333333,0.0431804166666667,0.999999838937718,0.653253353889302,0.00124183333333333,0.0188693333333333,0.0101073333333333,0.00175704166666667,0.00484275,7.05416666666667e-05,NaN,NaN,NaN,NaN,NaN,NaN,NaN,NaN,NaN,NaN,NaN,NaN,NaN,NaN,NaN,NaN
EXP-20260506-007_uniform_hsbm_n_rho16_eigsh_methods_matlab,n,n,2000,NaN,1,2451764937,2000,3,3,16,36,4,32,0.000144,1.6e-05,40008,231944,0.057986,0.01242,0.011109375,sparse,0,0,60.012,94,40179.08736,20.08954368,60.26863104,0.110777888944472,Random sampling,random_sampling,0,1,1,0.000725291666666667,0.020830125,0.0442920416666667,,0.012199125,5.575e-05,0.00850779166666667,0.02077575,1.05372725111685,0.736362101409528,NaN,NaN,NaN,NaN,NaN,NaN,0.00354095833333333,116972,81913,0.7,162436,NaN,NaN,NaN,NaN,NaN,NaN,NaN,NaN,NaN,NaN,NaN
EXP-20260506-007_uniform_hsbm_n_rho16_eigsh_methods_matlab,n,n,2000,NaN,1,2451764937,2000,3,3,16,36,4,32,0.000144,1.6e-05,40008,231944,0.057986,0.01242,0.011109375,sparse,0,0,60.012,94,40179.08736,20.08954368,60.26863104,0.110777888944472,CountSketch RP,countsketch_random_projection,0,1,1,0.000307916666666667,0.0291107083333333,0.05260025,,0.022749,2.5875e-05,0.006296,0.0290755,0.999999779033812,0.653182068058692,NaN,NaN,NaN,NaN,NaN,NaN,NaN,NaN,NaN,NaN,NaN,0.000137375,163,3,22,0,0.00144691666666667,0.00907429166666667,0.00884275,0.001744,0.00120229166666667,5.99166666666667e-05
EXP-20260506-007_uniform_hsbm_n_rho16_eigsh_methods_matlab,n,n,2000,NaN,2,2451764938,2000,3,3,16,36,4,32,0.000144,1.6e-05,40419,234252,0.058563,0.006341875,0.00887791666666667,sparse,0,0,60.6285,99,40179.08736,20.08954368,60.26863104,0.110777888944472,Non-random eigs,non_random,0,1,1,0.000264083333333333,0.009539,0.0247236666666667,eigs,0.00288691666666667,2.53333333333333e-05,0.006591625,0.00950754166666667,1,0.654136155615729,NaN,NaN,NaN,NaN,NaN,NaN,NaN,NaN,NaN,NaN,NaN,NaN,NaN,NaN,NaN,NaN,NaN,NaN,NaN,NaN,NaN,NaN
EXP-20260506-007_uniform_hsbm_n_rho16_eigsh_methods_matlab,n,n,2000,NaN,2,2451764938,2000,3,3,16,36,4,32,0.000144,1.6e-05,40419,234252,0.058563,0.006341875,0.00887791666666667,sparse,0,0,60.6285,99,40179.08736,20.08954368,60.26863104,0.110777888944472,Gaussian RP,gaussian_random_projection,0,1,1,0.000310041666666667,0.0288867083333333,0.044072125,,0.0220735,2.525e-05,0.00675358333333333,0.0288579166666667,0.999999799478346,0.653974230773148,0.00105575,0.009683625,0.00897258333333333,0.001476625,0.000776208333333333,2.25833333333333e-05,NaN,NaN,NaN,NaN,NaN,NaN,NaN,NaN,NaN,NaN,NaN,NaN,NaN,NaN,NaN,NaN
EXP-20260506-007_uniform_hsbm_n_rho16_eigsh_methods_matlab,n,n,2000,NaN,2,2451764938,2000,3,3,16,36,4,32,0.000144,1.6e-05,40419,234252,0.058563,0.006341875,0.00887791666666667,sparse,0,0,60.6285,99,40179.08736,20.08954368,60.26863104,0.110777888944472,Random sampling,random_sampling,0,1,1,0.000396583333333333,0.01486725,0.0300376666666667,,0.007497,2.5125e-05,0.00729575,0.0148257916666667,1.05653991408557,0.740696228668152,NaN,NaN,NaN,NaN,NaN,NaN,0.00333325,118126,82779,0.7,164151,NaN,NaN,NaN,NaN,NaN,NaN,NaN,NaN,NaN,NaN,NaN
EXP-20260506-007_uniform_hsbm_n_rho16_eigsh_methods_matlab,n,n,2000,NaN,2,2451764938,2000,3,3,16,36,4,32,0.000144,1.6e-05,40419,234252,0.058563,0.006341875,0.00887791666666667,sparse,0,0,60.6285,99,40179.08736,20.08954368,60.26863104,0.110777888944472,CountSketch RP,countsketch_random_projection,0,1,1,0.000230291666666667,0.0291505833333333,0.0443335416666667,,0.0215404583333333,2.57083333333333e-05,0.00754758333333333,0.029118125,0.999999813950098,0.653969852595047,NaN,NaN,NaN,NaN,NaN,NaN,NaN,NaN,NaN,NaN,NaN,0.000106833333333333,163,4,25,0,0.00130995833333333,0.00876191666666667,0.00892541666666667,0.00148229166666667,0.000762125,2.90416666666667e-05
EXP-20260506-007_uniform_hsbm_n_rho16_eigsh_methods_matlab,n,n,2000,NaN,3,2451764939,2000,3,3,16,36,4,32,0.000144,1.6e-05,39871,231324,0.057831,0.005113125,0.00716779166666667,sparse,0,0,59.8065,87,40179.08736,20.08954368,60.26863104,0.110777888944472,Non-random eigs,non_random,0,1,1,0.000426875,0.0100462916666667,0.022297625,eigs,0.0019165,2.20833333333333e-05,0.008078125,0.0100208333333333,1,0.658073542865931,NaN,NaN,NaN,NaN,NaN,NaN,NaN,NaN,NaN,NaN,NaN,NaN,NaN,NaN,NaN,NaN,NaN,NaN,NaN,NaN,NaN,NaN
EXP-20260506-007_uniform_hsbm_n_rho16_eigsh_methods_matlab,n,n,2000,NaN,3,2451764939,2000,3,3,16,36,4,32,0.000144,1.6e-05,39871,231324,0.057831,0.005113125,0.00716779166666667,sparse,0,0,59.8065,87,40179.08736,20.08954368,60.26863104,0.110777888944472,Gaussian RP,gaussian_random_projection,0,1,1,0.000289333333333333,0.0268660416666667,0.0391190833333333,,0.0224638333333333,2.45e-05,0.00434983333333333,0.0268419166666667,0.999999762659366,0.657951507254832,0.00104675,0.01011175,0.00903304166666667,0.00148079166666667,0.00074875,2.0875e-05,NaN,NaN,NaN,NaN,NaN,NaN,NaN,NaN,NaN,NaN,NaN,NaN,NaN,NaN,NaN,NaN
EXP-20260506-007_uniform_hsbm_n_rho16_eigsh_methods_matlab,n,n,2000,NaN,3,2451764939,2000,3,3,16,36,4,32,0.000144,1.6e-05,39871,231324,0.057831,0.005113125,0.00716779166666667,sparse,0,0,59.8065,87,40179.08736,20.08954368,60.26863104,0.110777888944472,Random sampling,random_sampling,0,1,1,0.000302875,0.010457375,0.0227032916666667,,0.00599120833333333,2.47083333333333e-05,0.00440645833333333,0.0104261666666667,1.052621755393,0.740333478869838,NaN,NaN,NaN,NaN,NaN,NaN,0.00304166666666667,116662,81678,0.7,161967,NaN,NaN,NaN,NaN,NaN,NaN,NaN,NaN,NaN,NaN,NaN
EXP-20260506-007_uniform_hsbm_n_rho16_eigsh_methods_matlab,n,n,2000,NaN,3,2451764939,2000,3,3,16,36,4,32,0.000144,1.6e-05,39871,231324,0.057831,0.005113125,0.00716779166666667,sparse,0,0,59.8065,87,40179.08736,20.08954368,60.26863104,0.110777888944472,CountSketch RP,countsketch_random_projection,0,1,1,0.000347583333333333,0.0260492916666667,0.0382945416666667,,0.0206042083333333,2.57916666666667e-05,0.005383625,0.0260184583333333,0.999999784117216,0.657905226308909,NaN,NaN,NaN,NaN,NaN,NaN,NaN,NaN,NaN,NaN,NaN,0.000170833333333333,163,4,23,0,0.00103454166666667,0.00837175,0.00875420833333333,0.001480375,0.000729416666666667,2.60833333333333e-05
EXP-20260506-007_uniform_hsbm_n_rho16_eigsh_methods_matlab,n,n,2000,NaN,4,2451764940,2000,3,3,16,36,4,32,0.000144,1.6e-05,39673,230064,0.057516,0.004238125,0.00732441666666667,sparse,0,0,59.5095,84,40179.08736,20.08954368,60.26863104,0.110777888944472,Non-random eigs,non_random,0,1,1,0.000406666666666667,0.00530575,0.016841,eigs,0.00201291666666667,2.25e-05,0.00324304166666667,0.005281625,1,0.654757940183892,NaN,NaN,NaN,NaN,NaN,NaN,NaN,NaN,NaN,NaN,NaN,NaN,NaN,NaN,NaN,NaN,NaN,NaN,NaN,NaN,NaN,NaN
EXP-20260506-007_uniform_hsbm_n_rho16_eigsh_methods_matlab,n,n,2000,NaN,4,2451764940,2000,3,3,16,36,4,32,0.000144,1.6e-05,39673,230064,0.057516,0.004238125,0.00732441666666667,sparse,0,0,59.5095,84,40179.08736,20.08954368,60.26863104,0.110777888944472,Gaussian RP,gaussian_random_projection,0,1,1,0.000275291666666667,0.0257615,0.0372955,,0.0217195833333333,2.38333333333333e-05,0.00398954166666667,0.025736375,0.999999818876018,0.654561420546708,0.001029875,0.00962633333333333,0.008765,0.00158466666666667,0.000669625,2.8875e-05,NaN,NaN,NaN,NaN,NaN,NaN,NaN,NaN,NaN,NaN,NaN,NaN,NaN,NaN,NaN,NaN
EXP-20260506-007_uniform_hsbm_n_rho16_eigsh_methods_matlab,n,n,2000,NaN,4,2451764940,2000,3,3,16,36,4,32,0.000144,1.6e-05,39673,230064,0.057516,0.004238125,0.00732441666666667,sparse,0,0,59.5095,84,40179.08736,20.08954368,60.26863104,0.110777888944472,Random sampling,random_sampling,0.000499999999999945,0.998498874063205,0.996585331323879,0.000345541666666667,0.010228375,0.0217570416666667,,0.00590933333333333,2.16666666666667e-05,0.0042635,0.01019775,1.05395557028883,0.739904361251404,NaN,NaN,NaN,NaN,NaN,NaN,0.00317191666666667,116032,81119,0.7,160842,NaN,NaN,NaN,NaN,NaN,NaN,NaN,NaN,NaN,NaN,NaN
EXP-20260506-007_uniform_hsbm_n_rho16_eigsh_methods_matlab,n,n,2000,NaN,4,2451764940,2000,3,3,16,36,4,32,0.000144,1.6e-05,39673,230064,0.057516,0.004238125,0.00732441666666667,sparse,0,0,59.5095,84,40179.08736,20.08954368,60.26863104,0.110777888944472,CountSketch RP,countsketch_random_projection,0,1,1,0.000404833333333333,0.0251492916666667,0.0366837083333333,,0.02108525,2.30833333333333e-05,0.00401283333333333,0.0251245416666667,0.999999799132387,0.654580470265093,NaN,NaN,NaN,NaN,NaN,NaN,NaN,NaN,NaN,NaN,NaN,0.000144625,163,4,21,0,0.001014875,0.00861945833333333,0.00906529166666667,0.00149779166666667,0.000684041666666667,2.99166666666667e-05
EXP-20260506-007_uniform_hsbm_n_rho16_eigsh_methods_matlab,n,n,2000,NaN,5,2451764941,2000,3,3,16,36,4,32,0.000144,1.6e-05,39952,231628,0.057907,0.00420841666666667,0.007411625,sparse,0,0,59.928,89,40179.08736,20.08954368,60.26863104,0.110777888944472,Non-random eigs,non_random,0,1,1,0.000351541666666667,0.00644208333333333,0.0180337916666667,eigs,0.00200079166666667,2.62916666666667e-05,0.00438666666666667,0.00641741666666667,1,0.659442650553442,NaN,NaN,NaN,NaN,NaN,NaN,NaN,NaN,NaN,NaN,NaN,NaN,NaN,NaN,NaN,NaN,NaN,NaN,NaN,NaN,NaN,NaN
EXP-20260506-007_uniform_hsbm_n_rho16_eigsh_methods_matlab,n,n,2000,NaN,5,2451764941,2000,3,3,16,36,4,32,0.000144,1.6e-05,39952,231628,0.057907,0.00420841666666667,0.007411625,sparse,0,0,59.928,89,40179.08736,20.08954368,60.26863104,0.110777888944472,Gaussian RP,gaussian_random_projection,0,1,1,0.000281291666666667,0.0271739166666667,0.0387669166666667,,0.0217870416666667,2.67083333333333e-05,0.005333125,0.0271502916666667,0.999999677637189,0.659273671978853,0.00101658333333333,0.00946470833333333,0.00906933333333333,0.00153083333333333,0.000671458333333333,1.87916666666667e-05,NaN,NaN,NaN,NaN,NaN,NaN,NaN,NaN,NaN,NaN,NaN,NaN,NaN,NaN,NaN,NaN
EXP-20260506-007_uniform_hsbm_n_rho16_eigsh_methods_matlab,n,n,2000,NaN,5,2451764941,2000,3,3,16,36,4,32,0.000144,1.6e-05,39952,231628,0.057907,0.00420841666666667,0.007411625,sparse,0,0,59.928,89,40179.08736,20.08954368,60.26863104,0.110777888944472,Random sampling,random_sampling,0.000499999999999945,0.998500000753378,0.99658567183898,0.000325166666666667,0.0106325833333333,0.022223375,,0.00588475,2.06666666666667e-05,0.00469791666666667,0.0106065833333333,1.048969911811,0.740772534833205,NaN,NaN,NaN,NaN,NaN,NaN,0.00317,116814,81664,0.7,161961,NaN,NaN,NaN,NaN,NaN,NaN,NaN,NaN,NaN,NaN,NaN
EXP-20260506-007_uniform_hsbm_n_rho16_eigsh_methods_matlab,n,n,2000,NaN,5,2451764941,2000,3,3,16,36,4,32,0.000144,1.6e-05,39952,231628,0.057907,0.00420841666666667,0.007411625,sparse,0,0,59.928,89,40179.08736,20.08954368,60.26863104,0.110777888944472,CountSketch RP,countsketch_random_projection,0,1,1,0.000237041666666667,0.0236973333333333,0.03528875,,0.0204760833333333,2.575e-05,0.003166875,0.0236722916666667,0.999999808201845,0.659288413781689,NaN,NaN,NaN,NaN,NaN,NaN,NaN,NaN,NaN,NaN,NaN,8.4375e-05,163,4,23,0,0.001030625,0.00835770833333333,0.00887816666666667,0.00145070833333333,0.000633625,2.075e-05
EXP-20260506-007_uniform_hsbm_n_rho16_eigsh_methods_matlab,n,n,2000,NaN,6,2451764942,2000,3,3,16,36,4,32,0.000144,1.6e-05,40514,234596,0.058649,0.004323875,0.00738545833333333,sparse,0,0,60.771,89,40179.08736,20.08954368,60.26863104,0.110777888944472,Non-random eigs,non_random,0,1,1,0.000308458333333333,0.005996125,0.0176799583333333,eigs,0.00189825,2.19583333333333e-05,0.00405041666666667,0.00597358333333333,1,0.659856227117143,NaN,NaN,NaN,NaN,NaN,NaN,NaN,NaN,NaN,NaN,NaN,NaN,NaN,NaN,NaN,NaN,NaN,NaN,NaN,NaN,NaN,NaN
EXP-20260506-007_uniform_hsbm_n_rho16_eigsh_methods_matlab,n,n,2000,NaN,6,2451764942,2000,3,3,16,36,4,32,0.000144,1.6e-05,40514,234596,0.058649,0.004323875,0.00738545833333333,sparse,0,0,60.771,89,40179.08736,20.08954368,60.26863104,0.110777888944472,Gaussian RP,gaussian_random_projection,0,1,1,0.000224125,0.0257155833333333,0.0373979166666667,,0.0217383333333333,2.30416666666667e-05,0.00392720833333333,0.0256915416666667,0.999999828452924,0.659705621315725,0.00103391666666667,0.0094775,0.0089705,0.00154904166666667,0.000664916666666667,2.82916666666667e-05,NaN,NaN,NaN,NaN,NaN,NaN,NaN,NaN,NaN,NaN,NaN,NaN,NaN,NaN,NaN,NaN
EXP-20260506-007_uniform_hsbm_n_rho16_eigsh_methods_matlab,n,n,2000,NaN,6,2451764942,2000,3,3,16,36,4,32,0.000144,1.6e-05,40514,234596,0.058649,0.004323875,0.00738545833333333,sparse,0,0,60.771,89,40179.08736,20.08954368,60.26863104,0.110777888944472,Random sampling,random_sampling,0.000499999999999945,0.998499999625,0.996585673658191,0.000262666666666667,0.0113424166666667,0.0230197083333333,,0.007473875,2.42916666666667e-05,0.00381220833333333,0.011314375,1.04380603730582,0.739290232226514,NaN,NaN,NaN,NaN,NaN,NaN,0.00452575,118298,82664,0.7,163990,NaN,NaN,NaN,NaN,NaN,NaN,NaN,NaN,NaN,NaN,NaN
EXP-20260506-007_uniform_hsbm_n_rho16_eigsh_methods_matlab,n,n,2000,NaN,6,2451764942,2000,3,3,16,36,4,32,0.000144,1.6e-05,40514,234596,0.058649,0.004323875,0.00738545833333333,sparse,0,0,60.771,89,40179.08736,20.08954368,60.26863104,0.110777888944472,CountSketch RP,countsketch_random_projection,0,1,1,0.000229666666666667,0.0267851666666667,0.0384667083333333,,0.0210154166666667,2.225e-05,0.00571970833333333,0.0267607083333333,0.999999797397219,0.659702103357133,NaN,NaN,NaN,NaN,NaN,NaN,NaN,NaN,NaN,NaN,NaN,6.09583333333333e-05,163,4,29,0,0.00100991666666667,0.00886766666666667,0.00890270833333333,0.00147645833333333,0.000653291666666667,2.44166666666667e-05
EXP-20260506-007_uniform_hsbm_n_rho16_eigsh_methods_matlab,n,n,2000,NaN,7,2451764943,2000,3,3,16,36,4,32,0.000144,1.6e-05,40063,232460,0.058115,0.00424725,0.00687825,sparse,0,0,60.0945,89,40179.08736,20.08954368,60.26863104,0.110777888944472,Non-random eigs,non_random,0,1,1,0.000221791666666667,0.00794175,0.0190404583333333,eigs,0.00180741666666667,2.175e-05,0.00608579166666667,0.00791770833333333,1,0.655778376366879,NaN,NaN,NaN,NaN,NaN,NaN,NaN,NaN,NaN,NaN,NaN,NaN,NaN,NaN,NaN,NaN,NaN,NaN,NaN,NaN,NaN,NaN
EXP-20260506-007_uniform_hsbm_n_rho16_eigsh_methods_matlab,n,n,2000,NaN,7,2451764943,2000,3,3,16,36,4,32,0.000144,1.6e-05,40063,232460,0.058115,0.00424725,0.00687825,sparse,0,0,60.0945,89,40179.08736,20.08954368,60.26863104,0.110777888944472,Gaussian RP,gaussian_random_projection,0,1,1,0.000455208333333333,0.0264407083333333,0.0375385833333333,,0.0217082916666667,2.5375e-05,0.00467941666666667,0.026417,0.999999774662023,0.655569167540712,0.00102345833333333,0.00959941666666667,0.00886375,0.00149504166666667,0.000687083333333333,2.03333333333333e-05,NaN,NaN,NaN,NaN,NaN,NaN,NaN,NaN,NaN,NaN,NaN,NaN,NaN,NaN,NaN,NaN
EXP-20260506-007_uniform_hsbm_n_rho16_eigsh_methods_matlab,n,n,2000,NaN,7,2451764943,2000,3,3,16,36,4,32,0.000144,1.6e-05,40063,232460,0.058115,0.00424725,0.00687825,sparse,0,0,60.0945,89,40179.08736,20.08954368,60.26863104,0.110777888944472,Random sampling,random_sampling,0,1,1,0.000260333333333333,0.0100635,0.0211580416666667,,0.005751125,2.0375e-05,0.00426104166666667,0.01003625,1.05167366361876,0.738110110888717,NaN,NaN,NaN,NaN,NaN,NaN,0.00292008333333333,117230,81944,0.7,162501,NaN,NaN,NaN,NaN,NaN,NaN,NaN,NaN,NaN,NaN,NaN
EXP-20260506-007_uniform_hsbm_n_rho16_eigsh_methods_matlab,n,n,2000,NaN,7,2451764943,2000,3,3,16,36,4,32,0.000144,1.6e-05,40063,232460,0.058115,0.00424725,0.00687825,sparse,0,0,60.0945,89,40179.08736,20.08954368,60.26863104,0.110777888944472,CountSketch RP,countsketch_random_projection,0,1,1,0.000228833333333333,0.0262969583333333,0.0373803333333333,,0.0208310416666667,2.56666666666667e-05,0.005398125,0.0262584583333333,0.999999801587841,0.655627138613226,NaN,NaN,NaN,NaN,NaN,NaN,NaN,NaN,NaN,NaN,NaN,6.49166666666667e-05,163,3,21,0,0.001028875,0.008549625,0.00904241666666667,0.00148895833333333,0.000615958333333333,2.04583333333333e-05
EXP-20260506-007_uniform_hsbm_n_rho16_eigsh_methods_matlab,n,n,2000,NaN,8,2451764944,2000,3,3,16,36,4,32,0.000144,1.6e-05,40044,232308,0.058077,0.004238,0.00722420833333333,sparse,0,0,60.066,88,40179.08736,20.08954368,60.26863104,0.110777888944472,Non-random eigs,non_random,0,1,1,0.000272625,0.00493358333333333,0.01637075,eigs,0.001711375,2.475e-05,0.00317241666666667,0.00491133333333333,1,0.656544677792504,NaN,NaN,NaN,NaN,NaN,NaN,NaN,NaN,NaN,NaN,NaN,NaN,NaN,NaN,NaN,NaN,NaN,NaN,NaN,NaN,NaN,NaN
EXP-20260506-007_uniform_hsbm_n_rho16_eigsh_methods_matlab,n,n,2000,NaN,8,2451764944,2000,3,3,16,36,4,32,0.000144,1.6e-05,40044,232308,0.058077,0.004238,0.00722420833333333,sparse,0,0,60.066,88,40179.08736,20.08954368,60.26863104,0.110777888944472,Gaussian RP,gaussian_random_projection,0,1,1,0.000226625,0.025912875,0.0373499583333333,,0.0214803333333333,2.64166666666667e-05,0.004381,0.0258909166666667,0.999999809815287,0.65637311429946,0.00103175,0.00941679166666667,0.008849625,0.00147879166666667,0.000668958333333333,1.94583333333333e-05,NaN,NaN,NaN,NaN,NaN,NaN,NaN,NaN,NaN,NaN,NaN,NaN,NaN,NaN,NaN,NaN
EXP-20260506-007_uniform_hsbm_n_rho16_eigsh_methods_matlab,n,n,2000,NaN,8,2451764944,2000,3,3,16,36,4,32,0.000144,1.6e-05,40044,232308,0.058077,0.004238,0.00722420833333333,sparse,0,0,60.066,88,40179.08736,20.08954368,60.26863104,0.110777888944472,Random sampling,random_sampling,0,1,1,0.000337208333333333,0.0115422916666667,0.0229753333333333,,0.00562083333333333,2.375e-05,0.00586854166666667,0.0115164583333333,1.05861840177934,0.744380907394776,NaN,NaN,NaN,NaN,NaN,NaN,0.00297108333333333,117154,82191,0.7,162965,NaN,NaN,NaN,NaN,NaN,NaN,NaN,NaN,NaN,NaN,NaN
EXP-20260506-007_uniform_hsbm_n_rho16_eigsh_methods_matlab,n,n,2000,NaN,8,2451764944,2000,3,3,16,36,4,32,0.000144,1.6e-05,40044,232308,0.058077,0.004238,0.00722420833333333,sparse,0,0,60.066,88,40179.08736,20.08954368,60.26863104,0.110777888944472,CountSketch RP,countsketch_random_projection,0,1,1,0.000386708333333333,0.0257442916666667,0.0371782083333333,,0.0210363333333333,2.46666666666667e-05,0.004655,0.02572025,0.999999831812383,0.656419579869875,NaN,NaN,NaN,NaN,NaN,NaN,NaN,NaN,NaN,NaN,NaN,6.18333333333333e-05,163,4,24,0,0.00113879166666667,0.00881466666666667,0.00885658333333333,0.00148804166666667,0.000635375,2.02916666666667e-05
EXP-20260506-007_uniform_hsbm_n_rho16_eigsh_methods_matlab,n,n,2000,NaN,9,2451764945,2000,3,3,16,36,4,32,0.000144,1.6e-05,40310,233674,0.0584185,0.00449195833333333,0.00717166666666667,sparse,0,0,60.465,88,40179.08736,20.08954368,60.26863104,0.110777888944472,Non-random eigs,non_random,0,1,1,0.000229416666666667,0.00817795833333333,0.019815375,eigs,0.00182291666666667,2.25833333333333e-05,0.00630625,0.00815470833333333,1,0.660798580981661,NaN,NaN,NaN,NaN,NaN,NaN,NaN,NaN,NaN,NaN,NaN,NaN,NaN,NaN,NaN,NaN,NaN,NaN,NaN,NaN,NaN,NaN
EXP-20260506-007_uniform_hsbm_n_rho16_eigsh_methods_matlab,n,n,2000,NaN,9,2451764945,2000,3,3,16,36,4,32,0.000144,1.6e-05,40310,233674,0.0584185,0.00449195833333333,0.00717166666666667,sparse,0,0,60.465,88,40179.08736,20.08954368,60.26863104,0.110777888944472,Gaussian RP,gaussian_random_projection,0,1,1,0.000263291666666667,0.025702,0.0373402916666667,,0.021503875,2.25e-05,0.00415029166666667,0.0256798333333333,0.999999806123572,0.660637580073308,0.00102066666666667,0.00940254166666667,0.0089175,0.00150733333333333,0.000621375,1.9625e-05,NaN,NaN,NaN,NaN,NaN,NaN,NaN,NaN,NaN,NaN,NaN,NaN,NaN,NaN,NaN,NaN
EXP-20260506-007_uniform_hsbm_n_rho16_eigsh_methods_matlab,n,n,2000,NaN,9,2451764945,2000,3,3,16,36,4,32,0.000144,1.6e-05,40310,233674,0.0584185,0.00449195833333333,0.00717166666666667,sparse,0,0,60.465,88,40179.08736,20.08954368,60.26863104,0.110777888944472,Random sampling,random_sampling,0,1,1,0.000212083333333333,0.0107840833333333,0.022417375,,0.00560175,2.11666666666667e-05,0.00513083333333333,0.010757375,1.05107485660272,0.743564052458968,NaN,NaN,NaN,NaN,NaN,NaN,0.00288991666666667,117837,82510,0.7,163646,NaN,NaN,NaN,NaN,NaN,NaN,NaN,NaN,NaN,NaN,NaN
EXP-20260506-007_uniform_hsbm_n_rho16_eigsh_methods_matlab,n,n,2000,NaN,9,2451764945,2000,3,3,16,36,4,32,0.000144,1.6e-05,40310,233674,0.0584185,0.00449195833333333,0.00717166666666667,sparse,0,0,60.465,88,40179.08736,20.08954368,60.26863104,0.110777888944472,CountSketch RP,countsketch_random_projection,0,1,1,0.000288875,0.0248721666666667,0.0365070416666667,,0.020835125,2.57916666666667e-05,0.0039825,0.0248472083333333,0.999999798893193,0.660640066166631,NaN,NaN,NaN,NaN,NaN,NaN,NaN,NaN,NaN,NaN,NaN,6.15e-05,163,3,25,0,0.00101441666666667,0.008663125,0.00892179166666667,0.0014585,0.000672041666666667,2.225e-05
EXP-20260506-007_uniform_hsbm_n_rho16_eigsh_methods_matlab,n,n,2000,NaN,10,2451764946,2000,3,3,16,36,4,32,0.000144,1.6e-05,40393,234324,0.058581,0.00428679166666667,0.007136875,sparse,0,0,60.5895,91,40179.08736,20.08954368,60.26863104,0.110777888944472,Non-random eigs,non_random,0,1,1,0.000282791666666667,0.00693070833333333,0.0183290833333333,eigs,0.001727375,2.20833333333333e-05,0.00515595833333333,0.00690820833333333,1,0.658769319724486,NaN,NaN,NaN,NaN,NaN,NaN,NaN,NaN,NaN,NaN,NaN,NaN,NaN,NaN,NaN,NaN,NaN,NaN,NaN,NaN,NaN,NaN
EXP-20260506-007_uniform_hsbm_n_rho16_eigsh_methods_matlab,n,n,2000,NaN,10,2451764946,2000,3,3,16,36,4,32,0.000144,1.6e-05,40393,234324,0.058581,0.00428679166666667,0.007136875,sparse,0,0,60.5895,91,40179.08736,20.08954368,60.26863104,0.110777888944472,Gaussian RP,gaussian_random_projection,0,1,1,0.000270708333333333,0.0270136666666667,0.03841125,,0.0219474166666667,2.2e-05,0.00501816666666667,0.0269903333333333,0.999999786489427,0.658611128661179,0.00102120833333333,0.00953208333333333,0.00920754166666667,0.00151783333333333,0.000633333333333333,1.975e-05,NaN,NaN,NaN,NaN,NaN,NaN,NaN,NaN,NaN,NaN,NaN,NaN,NaN,NaN,NaN,NaN
EXP-20260506-007_uniform_hsbm_n_rho16_eigsh_methods_matlab,n,n,2000,NaN,10,2451764946,2000,3,3,16,36,4,32,0.000144,1.6e-05,40393,234324,0.058581,0.00428679166666667,0.007136875,sparse,0,0,60.5895,91,40179.08736,20.08954368,60.26863104,0.110777888944472,Random sampling,random_sampling,0,1,1,0.0002655,0.0101182083333333,0.0215127916666667,,0.005631125,2.3625e-05,0.004434375,0.0100922916666667,1.05523653667191,0.744437543619732,NaN,NaN,NaN,NaN,NaN,NaN,0.00286366666666667,118162,82962,0.7,164533,NaN,NaN,NaN,NaN,NaN,NaN,NaN,NaN,NaN,NaN,NaN
EXP-20260506-007_uniform_hsbm_n_rho16_eigsh_methods_matlab,n,n,2000,NaN,10,2451764946,2000,3,3,16,36,4,32,0.000144,1.6e-05,40393,234324,0.058581,0.00428679166666667,0.007136875,sparse,0,0,60.5895,91,40179.08736,20.08954368,60.26863104,0.110777888944472,CountSketch RP,countsketch_random_projection,0,1,1,0.000200833333333333,0.0268413333333333,0.0382384583333333,,0.0211492083333333,2.35833333333333e-05,0.005642,0.0268188333333333,0.999999825189005,0.658649497678629,NaN,NaN,NaN,NaN,NaN,NaN,NaN,NaN,NaN,NaN,NaN,6.3875e-05,163,3,21,0,0.001028,0.00878741666666667,0.00906825,0.00153829166666667,0.000624916666666667,1.84166666666667e-05
EXP-20260506-007_uniform_hsbm_n_rho16_eigsh_methods_matlab,n,n,4000,NaN,1,588302072,4000,3,3,16,36,4,32,3.6e-05,4e-06,80338,475836,0.02973975,0.00787195833333333,0.0151528333333333,sparse,0,0,60.2535,88,80475.321472,20.118830368,60.356491104,0.110944472236118,Non-random eigs,non_random,0,1,1,0.00035175,0.011292125,0.0342898333333333,eigs,0.00311791666666667,3.96666666666667e-05,0.00810745833333333,0.011268625,0.999999999999999,0.657248563307744,NaN,NaN,NaN,NaN,NaN,NaN,NaN,NaN,NaN,NaN,NaN,NaN,NaN,NaN,NaN,NaN,NaN,NaN,NaN,NaN,NaN,NaN
EXP-20260506-007_uniform_hsbm_n_rho16_eigsh_methods_matlab,n,n,4000,NaN,1,588302072,4000,3,3,16,36,4,32,3.6e-05,4e-06,80338,475836,0.02973975,0.00787195833333333,0.0151528333333333,sparse,0,0,60.2535,88,80475.321472,20.118830368,60.356491104,0.110944472236118,Gaussian RP,gaussian_random_projection,0,1,1,0.00039575,0.0593923333333333,0.0823861666666667,,0.04900075,4.25e-05,0.010318125,0.059365375,0.999999448287375,0.65691413184122,0.00205220833333333,0.0289689583333333,0.0129777916666667,0.00414391666666667,0.000751041666666667,8.3875e-05,NaN,NaN,NaN,NaN,NaN,NaN,NaN,NaN,NaN,NaN,NaN,NaN,NaN,NaN,NaN,NaN
EXP-20260506-007_uniform_hsbm_n_rho16_eigsh_methods_matlab,n,n,4000,NaN,1,588302072,4000,3,3,16,36,4,32,3.6e-05,4e-06,80338,475836,0.02973975,0.00787195833333333,0.0151528333333333,sparse,0,0,60.2535,88,80475.321472,20.118830368,60.356491104,0.110944472236118,Random sampling,random_sampling,0,1,1,0.000378916666666667,0.0219425,0.0449307916666667,,0.0102193333333333,3.8875e-05,0.0116477916666667,0.0219103333333333,1.05291514356065,0.739369848754256,NaN,NaN,NaN,NaN,NaN,NaN,0.00576966666666667,239918,168001,0.7,333234,NaN,NaN,NaN,NaN,NaN,NaN,NaN,NaN,NaN,NaN,NaN
EXP-20260506-007_uniform_hsbm_n_rho16_eigsh_methods_matlab,n,n,4000,NaN,1,588302072,4000,3,3,16,36,4,32,3.6e-05,4e-06,80338,475836,0.02973975,0.00787195833333333,0.0151528333333333,sparse,0,0,60.2535,88,80475.321472,20.118830368,60.356491104,0.110944472236118,CountSketch RP,countsketch_random_projection,0,1,1,0.000370625,0.0565625,0.0795535833333333,,0.0455137916666667,3.98333333333333e-05,0.0109751666666667,0.0565327916666667,0.999999509428169,0.656859343650249,NaN,NaN,NaN,NaN,NaN,NaN,NaN,NaN,NaN,NaN,NaN,0.000105291666666667,163,13,45,0,0.00137975,0.0263819583333333,0.012942625,0.00392108333333333,0.000702083333333333,5.32916666666667e-05
EXP-20260506-007_uniform_hsbm_n_rho16_eigsh_methods_matlab,n,n,4000,NaN,2,588302073,4000,3,3,16,36,4,32,3.6e-05,4e-06,80505,476816,0.029801,0.00811754166666667,0.0144279583333333,sparse,0,0,60.37875,85,80475.321472,20.118830368,60.356491104,0.110944472236118,Non-random eigs,non_random,0,1,1,0.000337541666666667,0.0157143333333333,0.0382325416666667,eigs,0.00295741666666667,4.09166666666667e-05,0.0126887083333333,0.0156904583333333,1,0.659898440621129,NaN,NaN,NaN,NaN,NaN,NaN,NaN,NaN,NaN,NaN,NaN,NaN,NaN,NaN,NaN,NaN,NaN,NaN,NaN,NaN,NaN,NaN
EXP-20260506-007_uniform_hsbm_n_rho16_eigsh_methods_matlab,n,n,4000,NaN,2,588302073,4000,3,3,16,36,4,32,3.6e-05,4e-06,80505,476816,0.029801,0.00811754166666667,0.0144279583333333,sparse,0,0,60.37875,85,80475.321472,20.118830368,60.356491104,0.110944472236118,Gaussian RP,gaussian_random_projection,0,1,1,0.000488458333333333,0.0603531666666667,0.0828673333333333,,0.0495403333333333,4.39166666666667e-05,0.0107375833333333,0.060326125,0.999999442703342,0.659475303541178,0.00205720833333333,0.028927875,0.013624,0.004031625,0.000781666666666667,9.4125e-05,NaN,NaN,NaN,NaN,NaN,NaN,NaN,NaN,NaN,NaN,NaN,NaN,NaN,NaN,NaN,NaN
EXP-20260506-007_uniform_hsbm_n_rho16_eigsh_methods_matlab,n,n,4000,NaN,2,588302073,4000,3,3,16,36,4,32,3.6e-05,4e-06,80505,476816,0.029801,0.00811754166666667,0.0144279583333333,sparse,0,0,60.37875,85,80475.321472,20.118830368,60.356491104,0.110944472236118,Random sampling,random_sampling,0,1,1,0.000435291666666667,0.0197824166666667,0.0422785,,0.010560375,4.04166666666667e-05,0.00913220833333333,0.019740875,1.0568824847192,0.746265671507686,NaN,NaN,NaN,NaN,NaN,NaN,0.005783875,240408,168141,0.7,333458,NaN,NaN,NaN,NaN,NaN,NaN,NaN,NaN,NaN,NaN,NaN
EXP-20260506-007_uniform_hsbm_n_rho16_eigsh_methods_matlab,n,n,4000,NaN,2,588302073,4000,3,3,16,36,4,32,3.6e-05,4e-06,80505,476816,0.029801,0.00811754166666667,0.0144279583333333,sparse,0,0,60.37875,85,80475.321472,20.118830368,60.356491104,0.110944472236118,CountSketch RP,countsketch_random_projection,0,1,1,0.000402166666666667,0.057879875,0.0803858333333333,,0.0478580833333333,4.15e-05,0.00994075,0.057845125,0.999999487675835,0.659454067036249,NaN,NaN,NaN,NaN,NaN,NaN,NaN,NaN,NaN,NaN,NaN,0.000107708333333333,163,13,38,0,0.001410625,0.0277372083333333,0.0137384166666667,0.00398716666666667,0.000755083333333333,8.9125e-05
EXP-20260506-007_uniform_hsbm_n_rho16_eigsh_methods_matlab,n,n,4000,NaN,3,588302074,4000,3,3,16,36,4,32,3.6e-05,4e-06,80074,474354,0.029647125,0.00865995833333333,0.0137662916666667,sparse,0,0,60.0555,98,80475.321472,20.118830368,60.356491104,0.110944472236118,Non-random eigs,non_random,0,1,1,0.0003625,0.01318425,0.0355834166666667,eigs,0.00299566666666667,3.98333333333333e-05,0.0101216666666667,0.01316075,1,0.657604333077942,NaN,NaN,NaN,NaN,NaN,NaN,NaN,NaN,NaN,NaN,NaN,NaN,NaN,NaN,NaN,NaN,NaN,NaN,NaN,NaN,NaN,NaN
EXP-20260506-007_uniform_hsbm_n_rho16_eigsh_methods_matlab,n,n,4000,NaN,3,588302074,4000,3,3,16,36,4,32,3.6e-05,4e-06,80074,474354,0.029647125,0.00865995833333333,0.0137662916666667,sparse,0,0,60.0555,98,80475.321472,20.118830368,60.356491104,0.110944472236118,Gaussian RP,gaussian_random_projection,0,1,1,0.000397208333333333,0.0713025416666667,0.0937004583333333,,0.0496859583333333,3.95416666666667e-05,0.0215487083333333,0.0712784583333333,0.999999477036607,0.657171693725664,0.00204004166666667,0.0288052916666667,0.014102625,0.00391625,0.000719583333333333,7.70416666666667e-05,NaN,NaN,NaN,NaN,NaN,NaN,NaN,NaN,NaN,NaN,NaN,NaN,NaN,NaN,NaN,NaN
EXP-20260506-007_uniform_hsbm_n_rho16_eigsh_methods_matlab,n,n,4000,NaN,3,588302074,4000,3,3,16,36,4,32,3.6e-05,4e-06,80074,474354,0.029647125,0.00865995833333333,0.0137662916666667,sparse,0,0,60.0555,98,80475.321472,20.118830368,60.356491104,0.110944472236118,Random sampling,random_sampling,0,1,1,0.000358166666666667,0.0197169166666667,0.042107375,,0.00984408333333333,3.80416666666667e-05,0.009799,0.019685625,1.05706760826616,0.744733428753633,NaN,NaN,NaN,NaN,NaN,NaN,0.00564633333333333,239177,167236,0.7,331637,NaN,NaN,NaN,NaN,NaN,NaN,NaN,NaN,NaN,NaN,NaN
EXP-20260506-007_uniform_hsbm_n_rho16_eigsh_methods_matlab,n,n,4000,NaN,3,588302074,4000,3,3,16,36,4,32,3.6e-05,4e-06,80074,474354,0.029647125,0.00865995833333333,0.0137662916666667,sparse,0,0,60.0555,98,80475.321472,20.118830368,60.356491104,0.110944472236118,CountSketch RP,countsketch_random_projection,0,1,1,0.000339708333333333,0.056547,0.0789360833333333,,0.0490257916666667,4.05e-05,0.00744354166666667,0.056514625,0.999999509862296,0.657235323758321,NaN,NaN,NaN,NaN,NaN,NaN,NaN,NaN,NaN,NaN,NaN,0.000101208333333333,163,13,36,0,0.00136541666666667,0.028930375,0.0138151666666667,0.004000875,0.000723958333333333,5.86666666666667e-05
EXP-20260506-007_uniform_hsbm_n_rho16_eigsh_methods_matlab,n,n,4000,NaN,4,588302075,4000,3,3,16,36,4,32,3.6e-05,4e-06,80609,477204,0.02982525,0.00787791666666667,0.0139824583333333,sparse,0,0,60.45675,91,80475.321472,20.118830368,60.356491104,0.110944472236118,Non-random eigs,non_random,0,1,1,0.000379,0.0137945,0.0356209583333333,eigs,0.00288929166666667,3.91666666666667e-05,0.010832125,0.013766875,1,0.659694824013868,NaN,NaN,NaN,NaN,NaN,NaN,NaN,NaN,NaN,NaN,NaN,NaN,NaN,NaN,NaN,NaN,NaN,NaN,NaN,NaN,NaN,NaN
EXP-20260506-007_uniform_hsbm_n_rho16_eigsh_methods_matlab,n,n,4000,NaN,4,588302075,4000,3,3,16,36,4,32,3.6e-05,4e-06,80609,477204,0.02982525,0.00787791666666667,0.0139824583333333,sparse,0,0,60.45675,91,80475.321472,20.118830368,60.356491104,0.110944472236118,Gaussian RP,gaussian_random_projection,0,1,1,0.000346125,0.0583192916666667,0.0801481666666667,,0.04960025,4.3e-05,0.00864454166666667,0.058292375,0.999999523562661,0.659351103699405,0.00208658333333333,0.0289219166666667,0.0136450833333333,0.00402633333333333,0.000809958333333333,8.64583333333333e-05,NaN,NaN,NaN,NaN,NaN,NaN,NaN,NaN,NaN,NaN,NaN,NaN,NaN,NaN,NaN,NaN
EXP-20260506-007_uniform_hsbm_n_rho16_eigsh_methods_matlab,n,n,4000,NaN,4,588302075,4000,3,3,16,36,4,32,3.6e-05,4e-06,80609,477204,0.02982525,0.00787791666666667,0.0139824583333333,sparse,0,0,60.45675,91,80475.321472,20.118830368,60.356491104,0.110944472236118,Random sampling,random_sampling,0,1,1,0.000370291666666667,0.0190944166666667,0.040921625,,0.0100047916666667,3.94583333333333e-05,0.009017,0.01906525,1.05506971759296,0.746601958044745,NaN,NaN,NaN,NaN,NaN,NaN,0.00562679166666667,240602,168316,0.7,333829,NaN,NaN,NaN,NaN,NaN,NaN,NaN,NaN,NaN,NaN,NaN
EXP-20260506-007_uniform_hsbm_n_rho16_eigsh_methods_matlab,n,n,4000,NaN,4,588302075,4000,3,3,16,36,4,32,3.6e-05,4e-06,80609,477204,0.02982525,0.00787791666666667,0.0139824583333333,sparse,0,0,60.45675,91,80475.321472,20.118830368,60.356491104,0.110944472236118,CountSketch RP,countsketch_random_projection,0,1,1,0.000401458333333333,0.0543580833333333,0.076182625,,0.0464435416666667,4.10416666666667e-05,0.00783766666666667,0.0543272083333333,0.999999566447763,0.659267732011622,NaN,NaN,NaN,NaN,NaN,NaN,NaN,NaN,NaN,NaN,NaN,9.37916666666667e-05,163,11,36,0,0.0013565,0.0262216666666667,0.0138387083333333,0.004112,0.000703458333333333,8.97083333333333e-05
EXP-20260506-007_uniform_hsbm_n_rho16_eigsh_methods_matlab,n,n,4000,NaN,5,588302076,4000,3,3,16,36,4,32,3.6e-05,4e-06,80315,475632,0.029727,0.00795708333333333,0.0138484166666667,sparse,0,0,60.23625,91,80475.321472,20.118830368,60.356491104,0.110944472236118,Non-random eigs,non_random,0,1,1,0.00035725,0.0125889166666667,0.0343665,eigs,0.00289816666666667,4.61666666666667e-05,0.00961666666666667,0.0125645833333333,1,0.657465798784761,NaN,NaN,NaN,NaN,NaN,NaN,NaN,NaN,NaN,NaN,NaN,NaN,NaN,NaN,NaN,NaN,NaN,NaN,NaN,NaN,NaN,NaN
EXP-20260506-007_uniform_hsbm_n_rho16_eigsh_methods_matlab,n,n,4000,NaN,5,588302076,4000,3,3,16,36,4,32,3.6e-05,4e-06,80315,475632,0.029727,0.00795708333333333,0.0138484166666667,sparse,0,0,60.23625,91,80475.321472,20.118830368,60.356491104,0.110944472236118,Gaussian RP,gaussian_random_projection,0,1,1,0.000368083333333333,0.0593363333333333,0.0811106666666667,,0.0496154583333333,4.025e-05,0.00964945833333333,0.0593092083333333,0.999999544483443,0.657093207283371,0.00207166666666667,0.0286537083333333,0.0138975833333333,0.00408179166666667,0.00078075,0.000107083333333333,NaN,NaN,NaN,NaN,NaN,NaN,NaN,NaN,NaN,NaN,NaN,NaN,NaN,NaN,NaN,NaN
EXP-20260506-007_uniform_hsbm_n_rho16_eigsh_methods_matlab,n,n,4000,NaN,5,588302076,4000,3,3,16,36,4,32,3.6e-05,4e-06,80315,475632,0.029727,0.00795708333333333,0.0138484166666667,sparse,0,0,60.23625,91,80475.321472,20.118830368,60.356491104,0.110944472236118,Random sampling,random_sampling,0.000249999999999972,0.999249812500188,0.998135019062613,0.000360416666666667,0.0190519583333333,0.040820125,,0.0101336666666667,4.29583333333333e-05,0.008838,0.0190197916666667,1.05729010604067,0.746098189383371,NaN,NaN,NaN,NaN,NaN,NaN,0.005598,239816,168025,0.7,333235,NaN,NaN,NaN,NaN,NaN,NaN,NaN,NaN,NaN,NaN,NaN
EXP-20260506-007_uniform_hsbm_n_rho16_eigsh_methods_matlab,n,n,4000,NaN,5,588302076,4000,3,3,16,36,4,32,3.6e-05,4e-06,80315,475632,0.029727,0.00795708333333333,0.0138484166666667,sparse,0,0,60.23625,91,80475.321472,20.118830368,60.356491104,0.110944472236118,CountSketch RP,countsketch_random_projection,0,1,1,0.000357041666666667,0.0563662083333333,0.0781385833333333,,0.0462115833333333,3.85833333333333e-05,0.0100829166666667,0.0563375,0.999999501779617,0.657120574449998,NaN,NaN,NaN,NaN,NaN,NaN,NaN,NaN,NaN,NaN,NaN,9.72083333333333e-05,163,13,38,0,0.001395125,0.0260521666666667,0.0138261666666667,0.00400133333333333,0.00073875,6.91666666666667e-05
EXP-20260506-007_uniform_hsbm_n_rho16_eigsh_methods_matlab,n,n,4000,NaN,6,588302077,4000,3,3,16,36,4,32,3.6e-05,4e-06,79614,471774,0.029485875,0.007639875,0.013625375,sparse,0,0,59.7105,88,80475.321472,20.118830368,60.356491104,0.110944472236118,Non-random eigs,non_random,0,1,1,0.000389541666666667,0.013821625,0.03506075,eigs,0.00282016666666667,3.97916666666667e-05,0.0109355416666667,0.013799,1,0.656255305847518,NaN,NaN,NaN,NaN,NaN,NaN,NaN,NaN,NaN,NaN,NaN,NaN,NaN,NaN,NaN,NaN,NaN,NaN,NaN,NaN,NaN,NaN
EXP-20260506-007_uniform_hsbm_n_rho16_eigsh_methods_matlab,n,n,4000,NaN,6,588302077,4000,3,3,16,36,4,32,3.6e-05,4e-06,79614,471774,0.029485875,0.007639875,0.013625375,sparse,0,0,59.7105,88,80475.321472,20.118830368,60.356491104,0.110944472236118,Gaussian RP,gaussian_random_projection,0,1,1,0.000393291666666667,0.0630155416666667,0.0842502083333334,,0.0491366666666667,3.975e-05,0.0138085416666667,0.0629889166666667,0.999999474853065,0.655738160515809,0.00203416666666667,0.02845025,0.0138097916666667,0.00402954166666667,0.000722875,6.86666666666667e-05,NaN,NaN,NaN,NaN,NaN,NaN,NaN,NaN,NaN,NaN,NaN,NaN,NaN,NaN,NaN,NaN
EXP-20260506-007_uniform_hsbm_n_rho16_eigsh_methods_matlab,n,n,4000,NaN,6,588302077,4000,3,3,16,36,4,32,3.6e-05,4e-06,79614,471774,0.029485875,0.007639875,0.013625375,sparse,0,0,59.7105,88,80475.321472,20.118830368,60.356491104,0.110944472236118,Random sampling,random_sampling,0,1,1,0.000377041666666667,0.0191615833333333,0.0403915416666667,,0.00944516666666667,3.75416666666667e-05,0.00964358333333333,0.0191299166666667,1.05595747521845,0.743701872134885,NaN,NaN,NaN,NaN,NaN,NaN,0.0054735,237887,166562,0.7,330323,NaN,NaN,NaN,NaN,NaN,NaN,NaN,NaN,NaN,NaN,NaN
EXP-20260506-007_uniform_hsbm_n_rho16_eigsh_methods_matlab,n,n,4000,NaN,6,588302077,4000,3,3,16,36,4,32,3.6e-05,4e-06,79614,471774,0.029485875,0.007639875,0.013625375,sparse,0,0,59.7105,88,80475.321472,20.118830368,60.356491104,0.110944472236118,CountSketch RP,countsketch_random_projection,0,1,1,0.0003775,0.0525198333333333,0.073754625,,0.0452785833333333,3.86666666666667e-05,0.007172125,0.0524935833333333,0.999999549253184,0.655832364504862,NaN,NaN,NaN,NaN,NaN,NaN,NaN,NaN,NaN,NaN,NaN,9.85833333333333e-05,163,12,42,0,0.0013655,0.0256034583333333,0.013395,0.00400291666666667,0.00073275,5.13333333333333e-05
EXP-20260506-007_uniform_hsbm_n_rho16_eigsh_methods_matlab,n,n,4000,NaN,7,588302078,4000,3,3,16,36,4,32,3.6e-05,4e-06,80024,474080,0.02963,0.00770254166666667,0.013741125,sparse,0,0,60.018,90,80475.321472,20.118830368,60.356491104,0.110944472236118,Non-random eigs,non_random,0,1,1,0.000392,0.0166991666666667,0.0381158333333333,eigs,0.002996875,3.6375e-05,0.0136389166666667,0.0166757916666667,1,0.656511121531948,NaN,NaN,NaN,NaN,NaN,NaN,NaN,NaN,NaN,NaN,NaN,NaN,NaN,NaN,NaN,NaN,NaN,NaN,NaN,NaN,NaN,NaN
EXP-20260506-007_uniform_hsbm_n_rho16_eigsh_methods_matlab,n,n,4000,NaN,7,588302078,4000,3,3,16,36,4,32,3.6e-05,4e-06,80024,474080,0.02963,0.00770254166666667,0.013741125,sparse,0,0,60.018,90,80475.321472,20.118830368,60.356491104,0.110944472236118,Gaussian RP,gaussian_random_projection,0,1,1,0.000396541666666667,0.0590024166666667,0.080416125,,0.0493997916666667,4.075e-05,0.00953191666666667,0.0589762916666667,0.999999558685693,0.656043264683979,0.00202604166666667,0.028589375,0.01393975,0.00397870833333333,0.000748083333333333,9.47083333333333e-05,NaN,NaN,NaN,NaN,NaN,NaN,NaN,NaN,NaN,NaN,NaN,NaN,NaN,NaN,NaN,NaN
EXP-20260506-007_uniform_hsbm_n_rho16_eigsh_methods_matlab,n,n,4000,NaN,7,588302078,4000,3,3,16,36,4,32,3.6e-05,4e-06,80024,474080,0.02963,0.00770254166666667,0.013741125,sparse,0,0,60.018,90,80475.321472,20.118830368,60.356491104,0.110944472236118,Random sampling,random_sampling,0.000249999999999972,0.999250093820439,0.998135104513983,0.000316708333333333,0.0200604583333333,0.04147325,,0.00967075,3.87916666666667e-05,0.0103200416666667,0.020032625,1.06037668649057,0.747629668691603,NaN,NaN,NaN,NaN,NaN,NaN,0.005507,239040,167304,0.7,331737,NaN,NaN,NaN,NaN,NaN,NaN,NaN,NaN,NaN,NaN,NaN
EXP-20260506-007_uniform_hsbm_n_rho16_eigsh_methods_matlab,n,n,4000,NaN,7,588302078,4000,3,3,16,36,4,32,3.6e-05,4e-06,80024,474080,0.02963,0.00770254166666667,0.013741125,sparse,0,0,60.018,90,80475.321472,20.118830368,60.356491104,0.110944472236118,CountSketch RP,countsketch_random_projection,0,1,1,0.000351416666666667,0.0519320833333333,0.0733448333333333,,0.0451286666666667,4.10416666666667e-05,0.00673145833333333,0.0519049166666667,0.999999529188318,0.656113704867333,NaN,NaN,NaN,NaN,NaN,NaN,NaN,NaN,NaN,NaN,NaN,9.06666666666667e-05,163,14,41,0,0.001399125,0.0256802916666667,0.01325625,0.00394458333333333,0.000682625,4.73333333333333e-05
EXP-20260506-007_uniform_hsbm_n_rho16_eigsh_methods_matlab,n,n,4000,NaN,8,588302079,4000,3,3,16,36,4,32,3.6e-05,4e-06,80588,477136,0.029821,0.00773341666666667,0.0136779166666667,sparse,0,0,60.441,92,80475.321472,20.118830368,60.356491104,0.110944472236118,Non-random eigs,non_random,0,1,1,0.000438916666666667,0.0107372916666667,0.032120875,eigs,0.002927,4.12916666666667e-05,0.00774125,0.0107129583333333,1,0.660113824404099,NaN,NaN,NaN,NaN,NaN,NaN,NaN,NaN,NaN,NaN,NaN,NaN,NaN,NaN,NaN,NaN,NaN,NaN,NaN,NaN,NaN,NaN
EXP-20260506-007_uniform_hsbm_n_rho16_eigsh_methods_matlab,n,n,4000,NaN,8,588302079,4000,3,3,16,36,4,32,3.6e-05,4e-06,80588,477136,0.029821,0.00773341666666667,0.0136779166666667,sparse,0,0,60.441,92,80475.321472,20.118830368,60.356491104,0.110944472236118,Gaussian RP,gaussian_random_projection,0,1,1,0.000357583333333333,0.060390125,0.081771625,,0.0488199583333333,3.92916666666667e-05,0.0115010416666667,0.0603640416666667,0.999999498908338,0.659721423781304,0.00205983333333333,0.02910275,0.0127166666666667,0.004166,0.00068275,7.18333333333333e-05,NaN,NaN,NaN,NaN,NaN,NaN,NaN,NaN,NaN,NaN,NaN,NaN,NaN,NaN,NaN,NaN
EXP-20260506-007_uniform_hsbm_n_rho16_eigsh_methods_matlab,n,n,4000,NaN,8,588302079,4000,3,3,16,36,4,32,3.6e-05,4e-06,80588,477136,0.029821,0.00773341666666667,0.0136779166666667,sparse,0,0,60.441,92,80475.321472,20.118830368,60.356491104,0.110944472236118,Random sampling,random_sampling,0,1,1,0.000346125,0.0178852916666667,0.0392629166666667,,0.00947258333333333,4.33333333333333e-05,0.00833566666666667,0.0178559166666667,1.05530276479149,0.74571633266397,NaN,NaN,NaN,NaN,NaN,NaN,0.00545225,240568,168261,0.7,333733,NaN,NaN,NaN,NaN,NaN,NaN,NaN,NaN,NaN,NaN,NaN
EXP-20260506-007_uniform_hsbm_n_rho16_eigsh_methods_matlab,n,n,4000,NaN,8,588302079,4000,3,3,16,36,4,32,3.6e-05,4e-06,80588,477136,0.029821,0.00773341666666667,0.0136779166666667,sparse,0,0,60.441,92,80475.321472,20.118830368,60.356491104,0.110944472236118,CountSketch RP,countsketch_random_projection,0,1,1,0.000366,0.0574422916666667,0.0788212916666667,,0.045685375,4.05e-05,0.0116840833333333,0.0574137916666667,0.999999357559126,0.659722393194705,NaN,NaN,NaN,NaN,NaN,NaN,NaN,NaN,NaN,NaN,NaN,9.19166666666667e-05,163,14,40,0,0.00137466666666667,0.0261159583333333,0.0133815833333333,0.00394608333333333,0.000695,5.08333333333333e-05
EXP-20260506-007_uniform_hsbm_n_rho16_eigsh_methods_matlab,n,n,4000,NaN,9,588302080,4000,3,3,16,36,4,32,3.6e-05,4e-06,80604,477488,0.029843,0.00780358333333333,0.0141802916666667,sparse,0,0,60.453,92,80475.321472,20.118830368,60.356491104,0.110944472236118,Non-random eigs,non_random,0,1,1,0.00038625,0.0168512916666667,0.0388002916666667,eigs,0.00360270833333333,4.05e-05,0.0131732083333333,0.0168222916666667,1,0.65522872370891,NaN,NaN,NaN,NaN,NaN,NaN,NaN,NaN,NaN,NaN,NaN,NaN,NaN,NaN,NaN,NaN,NaN,NaN,NaN,NaN,NaN,NaN
EXP-20260506-007_uniform_hsbm_n_rho16_eigsh_methods_matlab,n,n,4000,NaN,9,588302080,4000,3,3,16,36,4,32,3.6e-05,4e-06,80604,477488,0.029843,0.00780358333333333,0.0141802916666667,sparse,0,0,60.453,92,80475.321472,20.118830368,60.356491104,0.110944472236118,Gaussian RP,gaussian_random_projection,0,1,1,0.000353583333333333,0.0609849583333333,0.0829352916666667,,0.0526599166666667,4.4e-05,0.0082475,0.0609560416666667,0.999999540637173,0.65488055309798,0.00208258333333333,0.03151375,0.013516375,0.00463820833333333,0.000795416666666667,8.29166666666667e-05,NaN,NaN,NaN,NaN,NaN,NaN,NaN,NaN,NaN,NaN,NaN,NaN,NaN,NaN,NaN,NaN
EXP-20260506-007_uniform_hsbm_n_rho16_eigsh_methods_matlab,n,n,4000,NaN,9,588302080,4000,3,3,16,36,4,32,3.6e-05,4e-06,80604,477488,0.029843,0.00780358333333333,0.0141802916666667,sparse,0,0,60.453,92,80475.321472,20.118830368,60.356491104,0.110944472236118,Random sampling,random_sampling,0,1,1,0.000372458333333333,0.0207165,0.0426492083333333,,0.00964966666666667,3.72916666666667e-05,0.010978375,0.0206712083333333,1.0528115953154,0.739026203626874,NaN,NaN,NaN,NaN,NaN,NaN,0.005581875,240744,168432,0.7,334090,NaN,NaN,NaN,NaN,NaN,NaN,NaN,NaN,NaN,NaN,NaN
EXP-20260506-007_uniform_hsbm_n_rho16_eigsh_methods_matlab,n,n,4000,NaN,9,588302080,4000,3,3,16,36,4,32,3.6e-05,4e-06,80604,477488,0.029843,0.00780358333333333,0.0141802916666667,sparse,0,0,60.453,92,80475.321472,20.118830368,60.356491104,0.110944472236118,CountSketch RP,countsketch_random_projection,0,1,1,0.000363291666666667,0.058853,0.0808000833333333,,0.0465531666666667,4.02916666666667e-05,0.01222275,0.0588202916666667,0.999999383279572,0.654749618049562,NaN,NaN,NaN,NaN,NaN,NaN,NaN,NaN,NaN,NaN,NaN,9.94583333333333e-05,163,9,37,0,0.0013915,0.0265507916666667,0.0136299583333333,0.004054125,0.000719333333333333,7.65833333333333e-05
EXP-20260506-007_uniform_hsbm_n_rho16_eigsh_methods_matlab,n,n,4000,NaN,10,588302081,4000,3,3,16,36,4,32,3.6e-05,4e-06,80194,474830,0.029676875,0.00800254166666667,0.0139229166666667,sparse,0,0,60.1455,91,80475.321472,20.118830368,60.356491104,0.110944472236118,Non-random eigs,non_random,0,1,1,0.000384208333333333,0.012030375,0.0339262916666667,eigs,0.00297554166666667,3.80416666666667e-05,0.00898725,0.0120048333333333,1,0.657802151259442,NaN,NaN,NaN,NaN,NaN,NaN,NaN,NaN,NaN,NaN,NaN,NaN,NaN,NaN,NaN,NaN,NaN,NaN,NaN,NaN,NaN,NaN
EXP-20260506-007_uniform_hsbm_n_rho16_eigsh_methods_matlab,n,n,4000,NaN,10,588302081,4000,3,3,16,36,4,32,3.6e-05,4e-06,80194,474830,0.029676875,0.00800254166666667,0.0139229166666667,sparse,0,0,60.1455,91,80475.321472,20.118830368,60.356491104,0.110944472236118,Gaussian RP,gaussian_random_projection,0,1,1,0.000384583333333333,0.0584988333333333,0.0803949583333333,,0.05012925,4.18333333333333e-05,0.00829841666666667,0.0584737916666667,0.999999471323897,0.657368480908385,0.00203166666666667,0.0292305,0.0139070833333333,0.00407683333333333,0.000773541666666667,8.425e-05,NaN,NaN,NaN,NaN,NaN,NaN,NaN,NaN,NaN,NaN,NaN,NaN,NaN,NaN,NaN,NaN
EXP-20260506-007_uniform_hsbm_n_rho16_eigsh_methods_matlab,n,n,4000,NaN,10,588302081,4000,3,3,16,36,4,32,3.6e-05,4e-06,80194,474830,0.029676875,0.00800254166666667,0.0139229166666667,sparse,0,0,60.1455,91,80475.321472,20.118830368,60.356491104,0.110944472236118,Random sampling,random_sampling,0,1,1,0.000369541666666667,0.0185330416666667,0.0404227916666667,,0.00955075,4.67083333333333e-05,0.008899875,0.018501375,1.05911290283923,0.747903962361277,NaN,NaN,NaN,NaN,NaN,NaN,0.005605125,239415,167697,0.7,332553,NaN,NaN,NaN,NaN,NaN,NaN,NaN,NaN,NaN,NaN,NaN
EXP-20260506-007_uniform_hsbm_n_rho16_eigsh_methods_matlab,n,n,4000,NaN,10,588302081,4000,3,3,16,36,4,32,3.6e-05,4e-06,80194,474830,0.029676875,0.00800254166666667,0.0139229166666667,sparse,0,0,60.1455,91,80475.321472,20.118830368,60.356491104,0.110944472236118,CountSketch RP,countsketch_random_projection,0,1,1,0.000367958333333333,0.0554826666666667,0.0773757083333333,,0.0459586666666667,4.1375e-05,0.00945020833333333,0.0554542916666667,0.999999410630407,0.657349385147208,NaN,NaN,NaN,NaN,NaN,NaN,NaN,NaN,NaN,NaN,NaN,9.34166666666667e-05,163,14,40,0,0.001398375,0.0260013333333333,0.013708625,0.00397075,0.000715083333333333,4.27083333333333e-05
EXP-20260506-007_uniform_hsbm_n_rho16_eigsh_methods_matlab,n,n,6000,NaN,1,3019806502,6000,3,3,16,36,4,32,1.6e-05,1.77777777777778e-06,121534,724644,0.020129,0.0116525833333333,0.02188225,sparse,0,0,60.767,88,120771.587555556,20.1285979259259,60.3857937777778,0.110999993830249,Non-random eigs,non_random,0,1,1,0.00047425,0.0248492083333333,0.058355875,eigs,0.00418308333333333,6.6375e-05,0.0205715833333333,0.024825,1,0.657924336736774,NaN,NaN,NaN,NaN,NaN,NaN,NaN,NaN,NaN,NaN,NaN,NaN,NaN,NaN,NaN,NaN,NaN,NaN,NaN,NaN,NaN,NaN
EXP-20260506-007_uniform_hsbm_n_rho16_eigsh_methods_matlab,n,n,6000,NaN,1,3019806502,6000,3,3,16,36,4,32,1.6e-05,1.77777777777778e-06,121534,724644,0.020129,0.0116525833333333,0.02188225,sparse,0,0,60.767,88,120771.587555556,20.1285979259259,60.3857937777778,0.110999993830249,Gaussian RP,gaussian_random_projection,0,1,1,0.000484666666666667,0.09105075,0.124551833333333,,0.0806112916666667,7.46666666666667e-05,0.0103310416666667,0.0910223333333333,0.999999092513714,0.657236158483962,0.0031305,0.05052575,0.0192424583333333,0.006855625,0.000729791666666667,9.60833333333333e-05,NaN,NaN,NaN,NaN,NaN,NaN,NaN,NaN,NaN,NaN,NaN,NaN,NaN,NaN,NaN,NaN
EXP-20260506-007_uniform_hsbm_n_rho16_eigsh_methods_matlab,n,n,6000,NaN,1,3019806502,6000,3,3,16,36,4,32,1.6e-05,1.77777777777778e-06,121534,724644,0.020129,0.0116525833333333,0.02188225,sparse,0,0,60.767,88,120771.587555556,20.1285979259259,60.3857937777778,0.110999993830249,Random sampling,random_sampling,0,1,1,0.000511583333333333,0.0263855833333333,0.0598772916666667,,0.0146435,7.33333333333333e-05,0.011625625,0.0263472916666667,1.05515009978961,0.744427074738467,NaN,NaN,NaN,NaN,NaN,NaN,0.00844766666666667,365322,255906,0.7,507618,NaN,NaN,NaN,NaN,NaN,NaN,NaN,NaN,NaN,NaN,NaN
EXP-20260506-007_uniform_hsbm_n_rho16_eigsh_methods_matlab,n,n,6000,NaN,1,3019806502,6000,3,3,16,36,4,32,1.6e-05,1.77777777777778e-06,121534,724644,0.020129,0.0116525833333333,0.02188225,sparse,0,0,60.767,88,120771.587555556,20.1285979259259,60.3857937777778,0.110999993830249,CountSketch RP,countsketch_random_projection,0,1,1,0.000542833333333333,0.088198375,0.1216935,,0.0747634166666667,7.1375e-05,0.013323875,0.0881635,0.999999147155981,0.657174444854406,NaN,NaN,NaN,NaN,NaN,NaN,NaN,NaN,NaN,NaN,NaN,0.00013225,163,20,54,0,0.00276066666666667,0.0449595,0.0190467916666667,0.00698183333333333,0.00075475,8.825e-05
EXP-20260506-007_uniform_hsbm_n_rho16_eigsh_methods_matlab,n,n,6000,NaN,2,3019806503,6000,3,3,16,36,4,32,1.6e-05,1.77777777777778e-06,120966,721402,0.0200389444444444,0.0115552083333333,0.021356875,sparse,0,0,60.483,91,120771.587555556,20.1285979259259,60.3857937777778,0.110999993830249,Non-random eigs,non_random,0,1,1,0.000475166666666667,0.0241153333333333,0.0569955833333333,eigs,0.00435220833333333,6.85416666666667e-05,0.01966275,0.0240885416666667,1,0.659457294694395,NaN,NaN,NaN,NaN,NaN,NaN,NaN,NaN,NaN,NaN,NaN,NaN,NaN,NaN,NaN,NaN,NaN,NaN,NaN,NaN,NaN,NaN
EXP-20260506-007_uniform_hsbm_n_rho16_eigsh_methods_matlab,n,n,6000,NaN,2,3019806503,6000,3,3,16,36,4,32,1.6e-05,1.77777777777778e-06,120966,721402,0.0200389444444444,0.0115552083333333,0.021356875,sparse,0,0,60.483,91,120771.587555556,20.1285979259259,60.3857937777778,0.110999993830249,Gaussian RP,gaussian_random_projection,0,1,1,0.000462208333333333,0.100022166666667,0.13290125,,0.0794549166666667,7.37916666666667e-05,0.0204604583333333,0.0999937083333333,0.999999231519973,0.658814986735404,0.00310816666666667,0.0503705416666667,0.0183499583333333,0.00674775,0.000758291666666667,9.15833333333333e-05,NaN,NaN,NaN,NaN,NaN,NaN,NaN,NaN,NaN,NaN,NaN,NaN,NaN,NaN,NaN,NaN
EXP-20260506-007_uniform_hsbm_n_rho16_eigsh_methods_matlab,n,n,6000,NaN,2,3019806503,6000,3,3,16,36,4,32,1.6e-05,1.77777777777778e-06,120966,721402,0.0200389444444444,0.0115552083333333,0.021356875,sparse,0,0,60.483,91,120771.587555556,20.1285979259259,60.3857937777778,0.110999993830249,Random sampling,random_sampling,0,1,1,0.000468916666666667,0.02925125,0.0621275416666667,,0.0139245833333333,7.65416666666667e-05,0.0152143333333333,0.0292200416666667,1.05759502674259,0.74649567333621,NaN,NaN,NaN,NaN,NaN,NaN,0.00844995833333333,363701,254707,0.7,505177,NaN,NaN,NaN,NaN,NaN,NaN,NaN,NaN,NaN,NaN,NaN
EXP-20260506-007_uniform_hsbm_n_rho16_eigsh_methods_matlab,n,n,6000,NaN,2,3019806503,6000,3,3,16,36,4,32,1.6e-05,1.77777777777778e-06,120966,721402,0.0200389444444444,0.0115552083333333,0.021356875,sparse,0,0,60.483,91,120771.587555556,20.1285979259259,60.3857937777778,0.110999993830249,CountSketch RP,countsketch_random_projection,0,1,1,0.000488416666666667,0.087881,0.12075225,,0.0753838333333333,7.50416666666667e-05,0.0123812916666667,0.0878448333333333,0.999998992043778,0.658828519504714,NaN,NaN,NaN,NaN,NaN,NaN,NaN,NaN,NaN,NaN,NaN,0.00012125,163,20,55,0,0.00392825,0.0447345416666667,0.01881875,0.006873625,0.00075075,0.000118291666666667
EXP-20260506-007_uniform_hsbm_n_rho16_eigsh_methods_matlab,n,n,6000,NaN,3,3019806504,6000,3,3,16,36,4,32,1.6e-05,1.77777777777778e-06,120225,717090,0.0199191666666667,0.011673625,0.0195107083333333,sparse,0,0,60.1125,98,120771.587555556,20.1285979259259,60.3857937777778,0.110999993830249,Non-random eigs,non_random,0,1,1,0.000485416666666667,0.02772925,0.0588844583333333,eigs,0.00439933333333333,7.15e-05,0.0232292916666667,0.0277042916666667,1,0.655884185365958,NaN,NaN,NaN,NaN,NaN,NaN,NaN,NaN,NaN,NaN,NaN,NaN,NaN,NaN,NaN,NaN,NaN,NaN,NaN,NaN,NaN,NaN
EXP-20260506-007_uniform_hsbm_n_rho16_eigsh_methods_matlab,n,n,6000,NaN,3,3019806504,6000,3,3,16,36,4,32,1.6e-05,1.77777777777778e-06,120225,717090,0.0199191666666667,0.011673625,0.0195107083333333,sparse,0,0,60.1125,98,120771.587555556,20.1285979259259,60.3857937777778,0.110999993830249,Gaussian RP,gaussian_random_projection,0,1,1,0.000525041666666667,0.0886490416666667,0.119802166666667,,0.0788806666666667,7.49583333333333e-05,0.00966220833333333,0.0886215833333333,0.999999029408633,0.655077644679112,0.00310675,0.0494520416666667,0.0183612916666667,0.00710245833333333,0.000737375,9.225e-05,NaN,NaN,NaN,NaN,NaN,NaN,NaN,NaN,NaN,NaN,NaN,NaN,NaN,NaN,NaN,NaN
EXP-20260506-007_uniform_hsbm_n_rho16_eigsh_methods_matlab,n,n,6000,NaN,3,3019806504,6000,3,3,16,36,4,32,1.6e-05,1.77777777777778e-06,120225,717090,0.0199191666666667,0.011673625,0.0195107083333333,sparse,0,0,60.1125,98,120771.587555556,20.1285979259259,60.3857937777778,0.110999993830249,Random sampling,random_sampling,0,1,1,0.000499875,0.0309347916666667,0.06207825,,0.0133484166666667,6.82083333333333e-05,0.0174772916666667,0.0308996666666667,1.05650324041701,0.740518079871687,NaN,NaN,NaN,NaN,NaN,NaN,0.008398,361545,253109,0.7,501989,NaN,NaN,NaN,NaN,NaN,NaN,NaN,NaN,NaN,NaN,NaN
EXP-20260506-007_uniform_hsbm_n_rho16_eigsh_methods_matlab,n,n,6000,NaN,3,3019806504,6000,3,3,16,36,4,32,1.6e-05,1.77777777777778e-06,120225,717090,0.0199191666666667,0.011673625,0.0195107083333333,sparse,0,0,60.1125,98,120771.587555556,20.1285979259259,60.3857937777778,0.110999993830249,CountSketch RP,countsketch_random_projection,0,1,1,0.000484583333333333,0.0930723333333333,0.124214291666667,,0.0716992083333333,7.175e-05,0.021259,0.0930347916666667,0.999999023911117,0.655071466372373,NaN,NaN,NaN,NaN,NaN,NaN,NaN,NaN,NaN,NaN,NaN,0.000122166666666667,163,20,52,0,0.00189695833333333,0.04421175,0.017601875,0.00695858333333333,0.000747291666666667,0.000121541666666667
EXP-20260506-007_uniform_hsbm_n_rho16_eigsh_methods_matlab,n,n,6000,NaN,4,3019806505,6000,3,3,16,36,4,32,1.6e-05,1.77777777777778e-06,121306,723596,0.0200998888888889,0.0116862083333333,0.0200255833333333,sparse,0,0,60.653,91,120771.587555556,20.1285979259259,60.3857937777778,0.110999993830249,Non-random eigs,non_random,0,1,1,0.00048575,0.0179814166666667,0.049662875,eigs,0.004003875,6.73333333333333e-05,0.013879875,0.017954875,1,0.658601029184786,NaN,NaN,NaN,NaN,NaN,NaN,NaN,NaN,NaN,NaN,NaN,NaN,NaN,NaN,NaN,NaN,NaN,NaN,NaN,NaN,NaN,NaN
EXP-20260506-007_uniform_hsbm_n_rho16_eigsh_methods_matlab,n,n,6000,NaN,4,3019806505,6000,3,3,16,36,4,32,1.6e-05,1.77777777777778e-06,121306,723596,0.0200998888888889,0.0116862083333333,0.0200255833333333,sparse,0,0,60.653,91,120771.587555556,20.1285979259259,60.3857937777778,0.110999993830249,Gaussian RP,gaussian_random_projection,0,1,1,0.000506916666666667,0.098867,0.130544583333333,,0.0794005416666667,7.37916666666667e-05,0.0193584583333333,0.0988376666666667,0.999999150277382,0.658064320332529,0.00307916666666667,0.0504988333333333,0.0177310416666667,0.007207125,0.000765,8.82916666666667e-05,NaN,NaN,NaN,NaN,NaN,NaN,NaN,NaN,NaN,NaN,NaN,NaN,NaN,NaN,NaN,NaN
EXP-20260506-007_uniform_hsbm_n_rho16_eigsh_methods_matlab,n,n,6000,NaN,4,3019806505,6000,3,3,16,36,4,32,1.6e-05,1.77777777777778e-06,121306,723596,0.0200998888888889,0.0116862083333333,0.0200255833333333,sparse,0,0,60.653,91,120771.587555556,20.1285979259259,60.3857937777778,0.110999993830249,Random sampling,random_sampling,0,1,1,0.00083275,0.03039275,0.0620632916666667,,0.0140223333333333,6.62916666666667e-05,0.016262875,0.0303565416666667,1.05901243381152,0.746380690464199,NaN,NaN,NaN,NaN,NaN,NaN,0.00827883333333333,364798,255547,0.7,506825,NaN,NaN,NaN,NaN,NaN,NaN,NaN,NaN,NaN,NaN,NaN
EXP-20260506-007_uniform_hsbm_n_rho16_eigsh_methods_matlab,n,n,6000,NaN,4,3019806505,6000,3,3,16,36,4,32,1.6e-05,1.77777777777778e-06,121306,723596,0.0200998888888889,0.0116862083333333,0.0200255833333333,sparse,0,0,60.653,91,120771.587555556,20.1285979259259,60.3857937777778,0.110999993830249,CountSketch RP,countsketch_random_projection,0,1,1,0.0004815,0.0967720416666667,0.128444,,0.0767890416666667,7.46666666666667e-05,0.0198685,0.0967370833333333,0.999999038207721,0.657952581981971,NaN,NaN,NaN,NaN,NaN,NaN,NaN,NaN,NaN,NaN,NaN,0.000121916666666667,163,22,51,0,0.00639916666666667,0.044767125,0.0179093333333333,0.00672516666666667,0.00074275,8.54166666666667e-05
EXP-20260506-007_uniform_hsbm_n_rho16_eigsh_methods_matlab,n,n,6000,NaN,5,3019806506,6000,3,3,16,36,4,32,1.6e-05,1.77777777777778e-06,121192,722576,0.0200715555555556,0.0117475,0.0199013333333333,sparse,0,0,60.596,90,120771.587555556,20.1285979259259,60.3857937777778,0.110999993830249,Non-random eigs,non_random,0,1,1,0.000471958333333333,0.0258158333333333,0.0574352083333333,eigs,0.003967125,6.79166666666667e-05,0.0217513333333333,0.0257905833333333,1,0.658375571099333,NaN,NaN,NaN,NaN,NaN,NaN,NaN,NaN,NaN,NaN,NaN,NaN,NaN,NaN,NaN,NaN,NaN,NaN,NaN,NaN,NaN,NaN
EXP-20260506-007_uniform_hsbm_n_rho16_eigsh_methods_matlab,n,n,6000,NaN,5,3019806506,6000,3,3,16,36,4,32,1.6e-05,1.77777777777778e-06,121192,722576,0.0200715555555556,0.0117475,0.0199013333333333,sparse,0,0,60.596,90,120771.587555556,20.1285979259259,60.3857937777778,0.110999993830249,Gaussian RP,gaussian_random_projection,0,1,1,0.000465541666666667,0.0909852083333333,0.122603125,,0.0794120416666667,6.96666666666667e-05,0.0114725833333333,0.0909587916666667,0.999999241678423,0.65778753334389,0.00313158333333333,0.049793125,0.0187124166666667,0.00690175,0.000757541666666667,8.8375e-05,NaN,NaN,NaN,NaN,NaN,NaN,NaN,NaN,NaN,NaN,NaN,NaN,NaN,NaN,NaN,NaN
EXP-20260506-007_uniform_hsbm_n_rho16_eigsh_methods_matlab,n,n,6000,NaN,5,3019806506,6000,3,3,16,36,4,32,1.6e-05,1.77777777777778e-06,121192,722576,0.0200715555555556,0.0117475,0.0199013333333333,sparse,0,0,60.596,90,120771.587555556,20.1285979259259,60.3857937777778,0.110999993830249,Random sampling,random_sampling,0,1,1,0.00045025,0.027189375,0.058800875,,0.0134063333333333,7.60416666666667e-05,0.0136696666666667,0.0271567916666667,1.05527868284774,0.745432732541747,NaN,NaN,NaN,NaN,NaN,NaN,0.00823291666666667,364288,254931,0.7,505662,NaN,NaN,NaN,NaN,NaN,NaN,NaN,NaN,NaN,NaN,NaN
EXP-20260506-007_uniform_hsbm_n_rho16_eigsh_methods_matlab,n,n,6000,NaN,5,3019806506,6000,3,3,16,36,4,32,1.6e-05,1.77777777777778e-06,121192,722576,0.0200715555555556,0.0117475,0.0199013333333333,sparse,0,0,60.596,90,120771.587555556,20.1285979259259,60.3857937777778,0.110999993830249,CountSketch RP,countsketch_random_projection,0,1,1,0.000469291666666667,0.084045,0.115661375,,0.0722584583333333,6.98333333333333e-05,0.01168425,0.0840165416666667,0.999999081074618,0.657748780972781,NaN,NaN,NaN,NaN,NaN,NaN,NaN,NaN,NaN,NaN,NaN,0.000128416666666667,163,23,55,0,0.00166183333333333,0.0441367916666667,0.01864125,0.00683016666666667,0.000745375,8.1875e-05
EXP-20260506-007_uniform_hsbm_n_rho16_eigsh_methods_matlab,n,n,6000,NaN,6,3019806507,6000,3,3,16,36,4,32,1.6e-05,1.77777777777778e-06,120897,721158,0.0200321666666667,0.0110420416666667,0.0198980416666667,sparse,0,0,60.4485,95,120771.587555556,20.1285979259259,60.3857937777778,0.110999993830249,Non-random eigs,non_random,0,1,1,0.000468708333333333,0.0138560833333333,0.044766,eigs,0.004055375,6.99583333333333e-05,0.00970058333333333,0.0138300416666667,1,0.659953529315366,NaN,NaN,NaN,NaN,NaN,NaN,NaN,NaN,NaN,NaN,NaN,NaN,NaN,NaN,NaN,NaN,NaN,NaN,NaN,NaN,NaN,NaN
EXP-20260506-007_uniform_hsbm_n_rho16_eigsh_methods_matlab,n,n,6000,NaN,6,3019806507,6000,3,3,16,36,4,32,1.6e-05,1.77777777777778e-06,120897,721158,0.0200321666666667,0.0110420416666667,0.0198980416666667,sparse,0,0,60.4485,95,120771.587555556,20.1285979259259,60.3857937777778,0.110999993830249,Gaussian RP,gaussian_random_projection,0,1,1,0.000462,0.089683,0.120592125,,0.0790979583333333,7.14166666666667e-05,0.0104826666666667,0.0896557916666667,0.999998988266132,0.659441828990578,0.00308808333333333,0.0496177083333333,0.0188185833333333,0.00671104166666667,0.000747541666666667,8.875e-05,NaN,NaN,NaN,NaN,NaN,NaN,NaN,NaN,NaN,NaN,NaN,NaN,NaN,NaN,NaN,NaN
EXP-20260506-007_uniform_hsbm_n_rho16_eigsh_methods_matlab,n,n,6000,NaN,6,3019806507,6000,3,3,16,36,4,32,1.6e-05,1.77777777777778e-06,120897,721158,0.0200321666666667,0.0110420416666667,0.0198980416666667,sparse,0,0,60.4485,95,120771.587555556,20.1285979259259,60.3857937777778,0.110999993830249,Random sampling,random_sampling,0,1,1,0.000481875,0.030455625,0.0613587916666667,,0.0138949166666667,6.5e-05,0.0164587916666667,0.0304226666666667,1.05517312260407,0.743342287756914,NaN,NaN,NaN,NaN,NaN,NaN,0.0082755,363579,254423,0.7,504635,NaN,NaN,NaN,NaN,NaN,NaN,NaN,NaN,NaN,NaN,NaN
EXP-20260506-007_uniform_hsbm_n_rho16_eigsh_methods_matlab,n,n,6000,NaN,6,3019806507,6000,3,3,16,36,4,32,1.6e-05,1.77777777777778e-06,120897,721158,0.0200321666666667,0.0110420416666667,0.0198980416666667,sparse,0,0,60.4485,95,120771.587555556,20.1285979259259,60.3857937777778,0.110999993830249,CountSketch RP,countsketch_random_projection,0,1,1,0.000644458333333333,0.09794225,0.128841791666667,,0.0775987916666667,7.35e-05,0.0202294166666667,0.0979065833333333,0.999999095785166,0.659386021107709,NaN,NaN,NaN,NaN,NaN,NaN,NaN,NaN,NaN,NaN,NaN,0.000121666666666667,163,23,56,0,0.007038125,0.04466,0.0181394583333333,0.006789875,0.000733583333333333,7.94583333333333e-05
EXP-20260506-007_uniform_hsbm_n_rho16_eigsh_methods_matlab,n,n,6000,NaN,7,3019806508,6000,3,3,16,36,4,32,1.6e-05,1.77777777777778e-06,120333,717698,0.0199360555555556,0.011332125,0.0196298333333333,sparse,0,0,60.1665,95,120771.587555556,20.1285979259259,60.3857937777778,0.110999993830249,Non-random eigs,non_random,0,1,1,0.0004525,0.0146383333333333,0.0455714166666667,eigs,0.00411,7.32083333333333e-05,0.01042625,0.014613625,1,0.658981902458389,NaN,NaN,NaN,NaN,NaN,NaN,NaN,NaN,NaN,NaN,NaN,NaN,NaN,NaN,NaN,NaN,NaN,NaN,NaN,NaN,NaN,NaN
EXP-20260506-007_uniform_hsbm_n_rho16_eigsh_methods_matlab,n,n,6000,NaN,7,3019806508,6000,3,3,16,36,4,32,1.6e-05,1.77777777777778e-06,120333,717698,0.0199360555555556,0.011332125,0.0196298333333333,sparse,0,0,60.1665,95,120771.587555556,20.1285979259259,60.3857937777778,0.110999993830249,Gaussian RP,gaussian_random_projection,0,1,1,0.000444333333333333,0.100321375,0.131254458333333,,0.077930625,6.97083333333333e-05,0.0222921666666667,0.100296458333333,0.999998957154041,0.658270388875288,0.00312895833333333,0.0498673333333333,0.0174034583333333,0.006716125,0.000692666666666667,9.7375e-05,NaN,NaN,NaN,NaN,NaN,NaN,NaN,NaN,NaN,NaN,NaN,NaN,NaN,NaN,NaN,NaN
EXP-20260506-007_uniform_hsbm_n_rho16_eigsh_methods_matlab,n,n,6000,NaN,7,3019806508,6000,3,3,16,36,4,32,1.6e-05,1.77777777777778e-06,120333,717698,0.0199360555555556,0.011332125,0.0196298333333333,sparse,0,0,60.1665,95,120771.587555556,20.1285979259259,60.3857937777778,0.110999993830249,Random sampling,random_sampling,0,1,1,0.000476833333333333,0.027699375,0.0586252916666667,,0.0135284583333333,7.18333333333333e-05,0.0140630416666667,0.02766825,1.05787705852156,0.746532864279024,NaN,NaN,NaN,NaN,NaN,NaN,0.008348,361849,253518,0.7,502792,NaN,NaN,NaN,NaN,NaN,NaN,NaN,NaN,NaN,NaN,NaN
EXP-20260506-007_uniform_hsbm_n_rho16_eigsh_methods_matlab,n,n,6000,NaN,7,3019806508,6000,3,3,16,36,4,32,1.6e-05,1.77777777777778e-06,120333,717698,0.0199360555555556,0.011332125,0.0196298333333333,sparse,0,0,60.1665,95,120771.587555556,20.1285979259259,60.3857937777778,0.110999993830249,CountSketch RP,countsketch_random_projection,0,1,1,0.000508125,0.0931355416666667,0.124064416666667,,0.0746828333333333,7.075e-05,0.018348875,0.0931069166666667,0.999999088973487,0.65825756843659,NaN,NaN,NaN,NaN,NaN,NaN,NaN,NaN,NaN,NaN,NaN,0.000117833333333333,163,19,53,0,0.00399054166666667,0.0437959166666667,0.0192234166666667,0.006707375,0.000729583333333333,8.37083333333333e-05
EXP-20260506-007_uniform_hsbm_n_rho16_eigsh_methods_matlab,n,n,6000,NaN,8,3019806509,6000,3,3,16,36,4,32,1.6e-05,1.77777777777778e-06,120754,720318,0.0200088333333333,0.0115848333333333,0.0195827083333333,sparse,0,0,60.377,92,120771.587555556,20.1285979259259,60.3857937777778,0.110999993830249,Non-random eigs,non_random,0,1,1,0.000475583333333333,0.0213729583333333,0.0525091666666667,eigs,0.00463733333333333,7.225e-05,0.0166320416666667,0.021345875,1,0.659049160506598,NaN,NaN,NaN,NaN,NaN,NaN,NaN,NaN,NaN,NaN,NaN,NaN,NaN,NaN,NaN,NaN,NaN,NaN,NaN,NaN,NaN,NaN
EXP-20260506-007_uniform_hsbm_n_rho16_eigsh_methods_matlab,n,n,6000,NaN,8,3019806509,6000,3,3,16,36,4,32,1.6e-05,1.77777777777778e-06,120754,720318,0.0200088333333333,0.0115848333333333,0.0195827083333333,sparse,0,0,60.377,92,120771.587555556,20.1285979259259,60.3857937777778,0.110999993830249,Gaussian RP,gaussian_random_projection,0,1,1,0.000575583333333333,0.0898364166666667,0.120975,,0.078096375,7.3625e-05,0.0116374583333333,0.08981125,0.999999130300464,0.658454540774152,0.00305383333333333,0.0494520833333333,0.017976375,0.00677195833333333,0.000726666666666667,9.16666666666667e-05,NaN,NaN,NaN,NaN,NaN,NaN,NaN,NaN,NaN,NaN,NaN,NaN,NaN,NaN,NaN,NaN
EXP-20260506-007_uniform_hsbm_n_rho16_eigsh_methods_matlab,n,n,6000,NaN,8,3019806509,6000,3,3,16,36,4,32,1.6e-05,1.77777777777778e-06,120754,720318,0.0200088333333333,0.0115848333333333,0.0195827083333333,sparse,0,0,60.377,92,120771.587555556,20.1285979259259,60.3857937777778,0.110999993830249,Random sampling,random_sampling,0,1,1,0.000463416666666667,0.0276845416666667,0.058816875,,0.0135927916666667,6.58333333333333e-05,0.0139907083333333,0.0276537083333333,1.05216139589975,0.743435514387137,NaN,NaN,NaN,NaN,NaN,NaN,0.00829666666666667,363159,253643,0.7,503122,NaN,NaN,NaN,NaN,NaN,NaN,NaN,NaN,NaN,NaN,NaN
EXP-20260506-007_uniform_hsbm_n_rho16_eigsh_methods_matlab,n,n,6000,NaN,8,3019806509,6000,3,3,16,36,4,32,1.6e-05,1.77777777777778e-06,120754,720318,0.0200088333333333,0.0115848333333333,0.0195827083333333,sparse,0,0,60.377,92,120771.587555556,20.1285979259259,60.3857937777778,0.110999993830249,CountSketch RP,countsketch_random_projection,0,1,1,0.000439375,0.0916220416666667,0.122756791666667,,0.071753625,7.3375e-05,0.01976225,0.0915939583333333,0.999999218504066,0.658349734751655,NaN,NaN,NaN,NaN,NaN,NaN,NaN,NaN,NaN,NaN,NaN,0.000123333333333333,163,20,55,0,0.00165925,0.0440413333333333,0.0183204166666667,0.00672620833333333,0.000771041666666667,7.7875e-05
EXP-20260506-007_uniform_hsbm_n_rho16_eigsh_methods_matlab,n,n,6000,NaN,9,3019806510,6000,3,3,16,36,4,32,1.6e-05,1.77777777777778e-06,121144,722132,0.0200592222222222,0.0114692916666667,0.0197985,sparse,0,0,60.572,93,120771.587555556,20.1285979259259,60.3857937777778,0.110999993830249,Non-random eigs,non_random,0,1,1,0.000463958333333333,0.0170342916666667,0.048275375,eigs,0.003988875,7.27916666666667e-05,0.0129459166666667,0.0170112916666667,1,0.659602011403735,NaN,NaN,NaN,NaN,NaN,NaN,NaN,NaN,NaN,NaN,NaN,NaN,NaN,NaN,NaN,NaN,NaN,NaN,NaN,NaN,NaN,NaN
EXP-20260506-007_uniform_hsbm_n_rho16_eigsh_methods_matlab,n,n,6000,NaN,9,3019806510,6000,3,3,16,36,4,32,1.6e-05,1.77777777777778e-06,121144,722132,0.0200592222222222,0.0114692916666667,0.0197985,sparse,0,0,60.572,93,120771.587555556,20.1285979259259,60.3857937777778,0.110999993830249,Gaussian RP,gaussian_random_projection,0,1,1,0.000451083333333333,0.0980718333333333,0.129310333333333,,0.0790129583333333,7.22083333333333e-05,0.018957375,0.0980465833333333,0.999999200929306,0.658974913002779,0.00306104166666667,0.049706125,0.0184907083333333,0.00687929166666667,0.000756875,9.45833333333333e-05,NaN,NaN,NaN,NaN,NaN,NaN,NaN,NaN,NaN,NaN,NaN,NaN,NaN,NaN,NaN,NaN
EXP-20260506-007_uniform_hsbm_n_rho16_eigsh_methods_matlab,n,n,6000,NaN,9,3019806510,6000,3,3,16,36,4,32,1.6e-05,1.77777777777778e-06,121144,722132,0.0200592222222222,0.0114692916666667,0.0197985,sparse,0,0,60.572,93,120771.587555556,20.1285979259259,60.3857937777778,0.110999993830249,Random sampling,random_sampling,0.000333333333333297,0.999000041666686,0.997390411572616,0.000460125,0.029377,0.060611,,0.01333575,7.025e-05,0.0159372083333333,0.029347375,1.05197856176846,0.744307850631177,NaN,NaN,NaN,NaN,NaN,NaN,0.00821104166666667,364066,254760,0.7,505376,NaN,NaN,NaN,NaN,NaN,NaN,NaN,NaN,NaN,NaN,NaN
EXP-20260506-007_uniform_hsbm_n_rho16_eigsh_methods_matlab,n,n,6000,NaN,9,3019806510,6000,3,3,16,36,4,32,1.6e-05,1.77777777777778e-06,121144,722132,0.0200592222222222,0.0114692916666667,0.0197985,sparse,0,0,60.572,93,120771.587555556,20.1285979259259,60.3857937777778,0.110999993830249,CountSketch RP,countsketch_random_projection,0,1,1,0.00052525,0.0960410416666667,0.127273166666667,,0.0718327916666667,6.71666666666667e-05,0.0241054166666667,0.096009625,0.999999081381974,0.658950547168446,NaN,NaN,NaN,NaN,NaN,NaN,NaN,NaN,NaN,NaN,NaN,0.000131791666666667,163,22,55,0,0.001641125,0.04408875,0.0183754166666667,0.006773,0.000705625,8.2875e-05
EXP-20260506-007_uniform_hsbm_n_rho16_eigsh_methods_matlab,n,n,6000,NaN,10,3019806511,6000,3,3,16,36,4,32,1.6e-05,1.77777777777778e-06,120808,720462,0.0200128333333333,0.0119664166666667,0.019578625,sparse,0,0,60.404,89,120771.587555556,20.1285979259259,60.3857937777778,0.110999993830249,Non-random eigs,non_random,0,1,1,0.000457708333333333,0.02326675,0.0547845416666667,eigs,0.003993375,7.25e-05,0.019173625,0.0232437083333333,1,0.656613733706681,NaN,NaN,NaN,NaN,NaN,NaN,NaN,NaN,NaN,NaN,NaN,NaN,NaN,NaN,NaN,NaN,NaN,NaN,NaN,NaN,NaN,NaN
EXP-20260506-007_uniform_hsbm_n_rho16_eigsh_methods_matlab,n,n,6000,NaN,10,3019806511,6000,3,3,16,36,4,32,1.6e-05,1.77777777777778e-06,120808,720462,0.0200128333333333,0.0119664166666667,0.019578625,sparse,0,0,60.404,89,120771.587555556,20.1285979259259,60.3857937777778,0.110999993830249,Gaussian RP,gaussian_random_projection,0,1,1,0.000472375,0.0960558333333333,0.127567541666667,,0.079027625,7.25833333333333e-05,0.0169222916666667,0.0960269583333333,0.999999217870554,0.655979465831458,0.0030425,0.0501749583333333,0.0182486666666667,0.00670045833333333,0.000746833333333333,8.91666666666667e-05,NaN,NaN,NaN,NaN,NaN,NaN,NaN,NaN,NaN,NaN,NaN,NaN,NaN,NaN,NaN,NaN
EXP-20260506-007_uniform_hsbm_n_rho16_eigsh_methods_matlab,n,n,6000,NaN,10,3019806511,6000,3,3,16,36,4,32,1.6e-05,1.77777777777778e-06,120808,720462,0.0200128333333333,0.0119664166666667,0.019578625,sparse,0,0,60.404,89,120771.587555556,20.1285979259259,60.3857937777778,0.110999993830249,Random sampling,random_sampling,0.000166666666666648,0.999499958312502,0.99869518682299,0.000494916666666667,0.0272590833333333,0.05876775,,0.0140298333333333,7.26666666666667e-05,0.0131202083333333,0.0272272083333333,1.05513941324084,0.742859044236751,NaN,NaN,NaN,NaN,NaN,NaN,0.00849766666666667,363231,253994,0.7,503783,NaN,NaN,NaN,NaN,NaN,NaN,NaN,NaN,NaN,NaN,NaN
EXP-20260506-007_uniform_hsbm_n_rho16_eigsh_methods_matlab,n,n,6000,NaN,10,3019806511,6000,3,3,16,36,4,32,1.6e-05,1.77777777777778e-06,120808,720462,0.0200128333333333,0.0119664166666667,0.019578625,sparse,0,0,60.404,89,120771.587555556,20.1285979259259,60.3857937777778,0.110999993830249,CountSketch RP,countsketch_random_projection,0,1,1,0.000459458333333333,0.0880446666666667,0.119556166666667,,0.0757334166666667,7.42916666666667e-05,0.0122034166666667,0.0880155,0.999999132719123,0.655858894799564,NaN,NaN,NaN,NaN,NaN,NaN,NaN,NaN,NaN,NaN,NaN,0.000119041666666667,163,19,52,0,0.00456020833333333,0.0445602916666667,0.01884925,0.00677879166666667,0.000728791666666667,9.85833333333333e-05
EXP-20260506-007_uniform_hsbm_n_rho16_eigsh_methods_matlab,n,n,8000,NaN,1,1156343637,8000,3,3,16,36,4,32,9e-06,1e-06,161149,964540,0.0150709375,0.0146704166666667,0.028044,sparse,0,0,60.430875,90,161067.88296,20.13348537,60.40045611,0.11102778472309,Non-random eigs,non_random,0,1,1,0.0005585,0.028236375,0.0709200416666667,eigs,0.00499145833333333,0.000113083333333333,0.0231010833333333,0.0282110833333333,0.999999999999999,0.655749146529292,NaN,NaN,NaN,NaN,NaN,NaN,NaN,NaN,NaN,NaN,NaN,NaN,NaN,NaN,NaN,NaN,NaN,NaN,NaN,NaN,NaN,NaN
EXP-20260506-007_uniform_hsbm_n_rho16_eigsh_methods_matlab,n,n,8000,NaN,1,1156343637,8000,3,3,16,36,4,32,9e-06,1e-06,161149,964540,0.0150709375,0.0146704166666667,0.028044,sparse,0,0,60.430875,90,161067.88296,20.13348537,60.40045611,0.11102778472309,Gaussian RP,gaussian_random_projection,0,1,1,0.000588,0.129230458333333,0.171912958333333,,0.107923125,9.72083333333333e-05,0.0211782083333333,0.129203,0.999998505238667,0.654771613837304,0.004092875,0.0694498333333333,0.0240755,0.00928908333333333,0.000718791666666667,0.000271916666666667,NaN,NaN,NaN,NaN,NaN,NaN,NaN,NaN,NaN,NaN,NaN,NaN,NaN,NaN,NaN,NaN
EXP-20260506-007_uniform_hsbm_n_rho16_eigsh_methods_matlab,n,n,8000,NaN,1,1156343637,8000,3,3,16,36,4,32,9e-06,1e-06,161149,964540,0.0150709375,0.0146704166666667,0.028044,sparse,0,0,60.430875,90,161067.88296,20.13348537,60.40045611,0.11102778472309,Random sampling,random_sampling,0.000125000000000042,0.999625000011732,0.99898866477382,0.000568125,0.03948275,0.0821569583333333,,0.0179209166666667,9.20833333333333e-05,0.0214295416666667,0.0394479166666667,1.05470206318797,0.742081202001637,NaN,NaN,NaN,NaN,NaN,NaN,0.0113217083333333,486270,340440,0.7,675289,NaN,NaN,NaN,NaN,NaN,NaN,NaN,NaN,NaN,NaN,NaN
EXP-20260506-007_uniform_hsbm_n_rho16_eigsh_methods_matlab,n,n,8000,NaN,1,1156343637,8000,3,3,16,36,4,32,9e-06,1e-06,161149,964540,0.0150709375,0.0146704166666667,0.028044,sparse,0,0,60.430875,90,161067.88296,20.13348537,60.40045611,0.11102778472309,CountSketch RP,countsketch_random_projection,0,1,1,0.000554625,0.124969666666667,0.167646125,,0.101906708333333,8.95416666666667e-05,0.0229354583333333,0.124936958333333,0.99999886622139,0.654854539502663,NaN,NaN,NaN,NaN,NaN,NaN,NaN,NaN,NaN,NaN,NaN,0.000143791666666667,163,34,64,0,0.00537245833333333,0.061890125,0.024215375,0.009303875,0.000697125,0.000246791666666667
EXP-20260506-007_uniform_hsbm_n_rho16_eigsh_methods_matlab,n,n,8000,NaN,2,1156343638,8000,3,3,16,36,4,32,9e-06,1e-06,161044,963706,0.01505790625,0.014568375,0.0262455416666667,sparse,0,0,60.3915,89,161067.88296,20.13348537,60.40045611,0.11102778472309,Non-random eigs,non_random,0,1,1,0.000559625,0.026856875,0.0676428333333333,eigs,0.00491358333333333,9.10416666666667e-05,0.0218242916666667,0.0268332083333333,1,0.658356795697818,NaN,NaN,NaN,NaN,NaN,NaN,NaN,NaN,NaN,NaN,NaN,NaN,NaN,NaN,NaN,NaN,NaN,NaN,NaN,NaN,NaN,NaN
EXP-20260506-007_uniform_hsbm_n_rho16_eigsh_methods_matlab,n,n,8000,NaN,2,1156343638,8000,3,3,16,36,4,32,9e-06,1e-06,161044,963706,0.01505790625,0.014568375,0.0262455416666667,sparse,0,0,60.3915,89,161067.88296,20.13348537,60.40045611,0.11102778472309,Gaussian RP,gaussian_random_projection,0,1,1,0.00056425,0.136510333333333,0.177293125,,0.10855975,9.1875e-05,0.0278275833333333,0.136483625,0.999998433923868,0.657385923325904,0.00408525,0.0691879166666667,0.0247345833333333,0.00954995833333333,0.000700541666666667,0.000275,NaN,NaN,NaN,NaN,NaN,NaN,NaN,NaN,NaN,NaN,NaN,NaN,NaN,NaN,NaN,NaN
EXP-20260506-007_uniform_hsbm_n_rho16_eigsh_methods_matlab,n,n,8000,NaN,2,1156343638,8000,3,3,16,36,4,32,9e-06,1e-06,161044,963706,0.01505790625,0.014568375,0.0262455416666667,sparse,0,0,60.3915,89,161067.88296,20.13348537,60.40045611,0.11102778472309,Random sampling,random_sampling,0,1,1,0.00064025,0.0352542083333333,0.07603175,,0.017531875,8.91666666666667e-05,0.0175967916666667,0.035222875,1.05283109830831,0.742714364992129,NaN,NaN,NaN,NaN,NaN,NaN,0.011034,485853,340295,0.7,675056,NaN,NaN,NaN,NaN,NaN,NaN,NaN,NaN,NaN,NaN,NaN
EXP-20260506-007_uniform_hsbm_n_rho16_eigsh_methods_matlab,n,n,8000,NaN,2,1156343638,8000,3,3,16,36,4,32,9e-06,1e-06,161044,963706,0.01505790625,0.014568375,0.0262455416666667,sparse,0,0,60.3915,89,161067.88296,20.13348537,60.40045611,0.11102778472309,CountSketch RP,countsketch_random_projection,0,1,1,0.000503666666666667,0.136945708333333,0.17771975,,0.11262,0.000100541666666667,0.0241852916666667,0.136910458333333,0.999998808894079,0.657521082528711,NaN,NaN,NaN,NaN,NaN,NaN,NaN,NaN,NaN,NaN,NaN,0.000147125,163,31,73,0,0.009823375,0.0675759166666667,0.02451225,0.00953041666666667,0.000744708333333333,0.000244625
EXP-20260506-007_uniform_hsbm_n_rho16_eigsh_methods_matlab,n,n,8000,NaN,3,1156343639,8000,3,3,16,36,4,32,9e-06,1e-06,161430,966094,0.01509521875,0.0145596666666667,0.0274427083333333,sparse,0,0,60.53625,90,161067.88296,20.13348537,60.40045611,0.11102778472309,Non-random eigs,non_random,0,1,1,0.000432,0.02163725,0.063605625,eigs,0.00493525,9.25833333333333e-05,0.0165754166666667,0.0216074583333333,1,0.659112770312561,NaN,NaN,NaN,NaN,NaN,NaN,NaN,NaN,NaN,NaN,NaN,NaN,NaN,NaN,NaN,NaN,NaN,NaN,NaN,NaN,NaN,NaN
EXP-20260506-007_uniform_hsbm_n_rho16_eigsh_methods_matlab,n,n,8000,NaN,3,1156343639,8000,3,3,16,36,4,32,9e-06,1e-06,161430,966094,0.01509521875,0.0145596666666667,0.0274427083333333,sparse,0,0,60.53625,90,161067.88296,20.13348537,60.40045611,0.11102778472309,Gaussian RP,gaussian_random_projection,0,1,1,0.000613916666666667,0.129028833333333,0.170997541666667,,0.106558416666667,9.55e-05,0.02234125,0.12899975,0.999998957305743,0.658403546201024,0.004112875,0.06936375,0.0225808333333333,0.00949641666666667,0.000717458333333333,0.000257333333333333,NaN,NaN,NaN,NaN,NaN,NaN,NaN,NaN,NaN,NaN,NaN,NaN,NaN,NaN,NaN,NaN
EXP-20260506-007_uniform_hsbm_n_rho16_eigsh_methods_matlab,n,n,8000,NaN,3,1156343639,8000,3,3,16,36,4,32,9e-06,1e-06,161430,966094,0.01509521875,0.0145596666666667,0.0274427083333333,sparse,0,0,60.53625,90,161067.88296,20.13348537,60.40045611,0.11102778472309,Random sampling,random_sampling,0,1,1,0.000494375,0.0331796666666667,0.0751149166666667,,0.0186479166666667,9.8875e-05,0.01436575,0.033117875,1.05509882405653,0.743411588533416,NaN,NaN,NaN,NaN,NaN,NaN,0.0120637916666667,487047,341439,0.7,677294,NaN,NaN,NaN,NaN,NaN,NaN,NaN,NaN,NaN,NaN,NaN
EXP-20260506-007_uniform_hsbm_n_rho16_eigsh_methods_matlab,n,n,8000,NaN,3,1156343639,8000,3,3,16,36,4,32,9e-06,1e-06,161430,966094,0.01509521875,0.0145596666666667,0.0274427083333333,sparse,0,0,60.53625,90,161067.88296,20.13348537,60.40045611,0.11102778472309,CountSketch RP,countsketch_random_projection,0,1,1,0.000423375,0.120722166666667,0.162683583333333,,0.103194375,0.000104041666666667,0.0173827916666667,0.120686708333333,0.999998699830711,0.658247494946934,NaN,NaN,NaN,NaN,NaN,NaN,NaN,NaN,NaN,NaN,NaN,0.000144208333333333,163,33,68,0,0.00703354166666667,0.0619707083333333,0.0235001666666667,0.00942916666666667,0.0007585,0.000318583333333333
EXP-20260506-007_uniform_hsbm_n_rho16_eigsh_methods_matlab,n,n,8000,NaN,4,1156343640,8000,3,3,16,36,4,32,9e-06,1e-06,160935,963282,0.01505128125,0.0146025416666667,0.0259666666666667,sparse,0,0,60.350625,91,161067.88296,20.13348537,60.40045611,0.11102778472309,Non-random eigs,non_random,0,1,1,0.000403583333333333,0.02711075,0.0676487083333333,eigs,0.00527366666666667,0.000135541666666667,0.0216702916666667,0.0270844166666667,1,0.65982078915987,NaN,NaN,NaN,NaN,NaN,NaN,NaN,NaN,NaN,NaN,NaN,NaN,NaN,NaN,NaN,NaN,NaN,NaN,NaN,NaN,NaN,NaN
EXP-20260506-007_uniform_hsbm_n_rho16_eigsh_methods_matlab,n,n,8000,NaN,4,1156343640,8000,3,3,16,36,4,32,9e-06,1e-06,160935,963282,0.01505128125,0.0146025416666667,0.0259666666666667,sparse,0,0,60.350625,91,161067.88296,20.13348537,60.40045611,0.11102778472309,Gaussian RP,gaussian_random_projection,0,1,1,0.000448708333333333,0.15233275,0.1928695,,0.108651416666667,9.9e-05,0.043549875,0.152305541666667,0.999998914940302,0.65899524825094,0.0040905,0.0704181666666667,0.0238087083333333,0.00934120833333333,0.000712,0.000254916666666667,NaN,NaN,NaN,NaN,NaN,NaN,NaN,NaN,NaN,NaN,NaN,NaN,NaN,NaN,NaN,NaN
EXP-20260506-007_uniform_hsbm_n_rho16_eigsh_methods_matlab,n,n,8000,NaN,4,1156343640,8000,3,3,16,36,4,32,9e-06,1e-06,160935,963282,0.01505128125,0.0146025416666667,0.0259666666666667,sparse,0,0,60.350625,91,161067.88296,20.13348537,60.40045611,0.11102778472309,Random sampling,random_sampling,0,1,1,0.000402166666666667,0.0357662083333333,0.0762985416666667,,0.0178912083333333,8.35833333333333e-05,0.0177545416666667,0.035734,1.05492605480549,0.742069275299705,NaN,NaN,NaN,NaN,NaN,NaN,0.0109838333333333,485641,339916,0.7,674231,NaN,NaN,NaN,NaN,NaN,NaN,NaN,NaN,NaN,NaN,NaN
EXP-20260506-007_uniform_hsbm_n_rho16_eigsh_methods_matlab,n,n,8000,NaN,4,1156343640,8000,3,3,16,36,4,32,9e-06,1e-06,160935,963282,0.01505128125,0.0146025416666667,0.0259666666666667,sparse,0,0,60.350625,91,161067.88296,20.13348537,60.40045611,0.11102778472309,CountSketch RP,countsketch_random_projection,0,1,1,0.000487416666666667,0.126638083333333,0.167165333333333,,0.100131291666667,9.625e-05,0.0263685833333333,0.126601875,0.99999879977162,0.658979386324606,NaN,NaN,NaN,NaN,NaN,NaN,NaN,NaN,NaN,NaN,NaN,0.000149916666666667,163,27,72,0,0.00248333333333333,0.0638848333333333,0.0225449166666667,0.0100005833333333,0.000768041666666667,0.000258791666666667
EXP-20260506-007_uniform_hsbm_n_rho16_eigsh_methods_matlab,n,n,8000,NaN,5,1156343641,8000,3,3,16,36,4,32,9e-06,1e-06,161034,963730,0.01505828125,0.0147993333333333,0.026098625,sparse,0,0,60.38775,91,161067.88296,20.13348537,60.40045611,0.11102778472309,Non-random eigs,non_random,0,1,1,0.000628916666666667,0.037839875,0.0787067083333333,eigs,0.00503191666666667,9.14166666666667e-05,0.0326854166666667,0.0378139166666667,0.999999999999999,0.658754001491187,NaN,NaN,NaN,NaN,NaN,NaN,NaN,NaN,NaN,NaN,NaN,NaN,NaN,NaN,NaN,NaN,NaN,NaN,NaN,NaN,NaN,NaN
EXP-20260506-007_uniform_hsbm_n_rho16_eigsh_methods_matlab,n,n,8000,NaN,5,1156343641,8000,3,3,16,36,4,32,9e-06,1e-06,161034,963730,0.01505828125,0.0147993333333333,0.026098625,sparse,0,0,60.38775,91,161067.88296,20.13348537,60.40045611,0.11102778472309,Gaussian RP,gaussian_random_projection,0,1,1,0.000451416666666667,0.130137916666667,0.17096925,,0.107038208333333,9.79583333333333e-05,0.022935125,0.130078708333333,0.999998801580605,0.657919145822761,0.00463658333333333,0.0705295833333333,0.0184290833333333,0.0123690416666667,0.00075825,0.000277083333333333,NaN,NaN,NaN,NaN,NaN,NaN,NaN,NaN,NaN,NaN,NaN,NaN,NaN,NaN,NaN,NaN
EXP-20260506-007_uniform_hsbm_n_rho16_eigsh_methods_matlab,n,n,8000,NaN,5,1156343641,8000,3,3,16,36,4,32,9e-06,1e-06,161034,963730,0.01505828125,0.0147993333333333,0.026098625,sparse,0,0,60.38775,91,161067.88296,20.13348537,60.40045611,0.11102778472309,Random sampling,random_sampling,0,1,1,0.000457791666666667,0.035606125,0.0764495416666667,,0.0175191666666667,9.59583333333333e-05,0.0179364583333333,0.0355591666666667,1.05441642193209,0.744146995824227,NaN,NaN,NaN,NaN,NaN,NaN,0.0110638333333333,485865,340412,0.7,675251,NaN,NaN,NaN,NaN,NaN,NaN,NaN,NaN,NaN,NaN,NaN
EXP-20260506-007_uniform_hsbm_n_rho16_eigsh_methods_matlab,n,n,8000,NaN,5,1156343641,8000,3,3,16,36,4,32,9e-06,1e-06,161034,963730,0.01505828125,0.0147993333333333,0.026098625,sparse,0,0,60.38775,91,161067.88296,20.13348537,60.40045611,0.11102778472309,CountSketch RP,countsketch_random_projection,0,1,1,0.000416166666666667,0.118509375,0.159361208333333,,0.100828208333333,9.75833333333333e-05,0.0175374583333333,0.118470875,0.99999886386252,0.657719032233635,NaN,NaN,NaN,NaN,NaN,NaN,NaN,NaN,NaN,NaN,NaN,0.0001725,163,33,68,0,0.00344458333333333,0.0628567083333333,0.0233929166666667,0.00986004166666667,0.000772375,0.000279
EXP-20260506-007_uniform_hsbm_n_rho16_eigsh_methods_matlab,n,n,8000,NaN,6,1156343642,8000,3,3,16,36,4,32,9e-06,1e-06,160673,961686,0.01502634375,0.014567375,0.026595,sparse,0,0,60.252375,91,161067.88296,20.13348537,60.40045611,0.11102778472309,Non-random eigs,non_random,0,1,1,0.000590833333333333,0.0282600833333333,0.0693919583333333,eigs,0.00521683333333333,9.25416666666667e-05,0.0229202083333333,0.028234375,1,0.656936437026223,NaN,NaN,NaN,NaN,NaN,NaN,NaN,NaN,NaN,NaN,NaN,NaN,NaN,NaN,NaN,NaN,NaN,NaN,NaN,NaN,NaN,NaN
EXP-20260506-007_uniform_hsbm_n_rho16_eigsh_methods_matlab,n,n,8000,NaN,6,1156343642,8000,3,3,16,36,4,32,9e-06,1e-06,160673,961686,0.01502634375,0.014567375,0.026595,sparse,0,0,60.252375,91,161067.88296,20.13348537,60.40045611,0.11102778472309,Gaussian RP,gaussian_random_projection,0,1,1,0.000464166666666667,0.130207041666667,0.171311333333333,,0.108398083333333,0.000102625,0.02164825,0.130154541666667,0.999998526937847,0.656155955471329,0.004749625,0.06981175,0.0228594166666667,0.00989379166666667,0.000782708333333333,0.000266583333333333,NaN,NaN,NaN,NaN,NaN,NaN,NaN,NaN,NaN,NaN,NaN,NaN,NaN,NaN,NaN,NaN
EXP-20260506-007_uniform_hsbm_n_rho16_eigsh_methods_matlab,n,n,8000,NaN,6,1156343642,8000,3,3,16,36,4,32,9e-06,1e-06,160673,961686,0.01502634375,0.014567375,0.026595,sparse,0,0,60.252375,91,161067.88296,20.13348537,60.40045611,0.11102778472309,Random sampling,random_sampling,0,1,1,0.000420625,0.0360774166666667,0.0771989166666667,,0.01825925,9.00416666666667e-05,0.01768725,0.0360418333333333,1.05421373113082,0.743285190999267,NaN,NaN,NaN,NaN,NaN,NaN,0.010893,484843,338147,0.7,670667,NaN,NaN,NaN,NaN,NaN,NaN,NaN,NaN,NaN,NaN,NaN
EXP-20260506-007_uniform_hsbm_n_rho16_eigsh_methods_matlab,n,n,8000,NaN,6,1156343642,8000,3,3,16,36,4,32,9e-06,1e-06,160673,961686,0.01502634375,0.014567375,0.026595,sparse,0,0,60.252375,91,161067.88296,20.13348537,60.40045611,0.11102778472309,CountSketch RP,countsketch_random_projection,0,1,1,0.000659708333333333,0.121321333333333,0.162443708333333,,0.10106975,9.07083333333333e-05,0.020120875,0.121286291666667,0.999998538614796,0.656001083754951,NaN,NaN,NaN,NaN,NaN,NaN,NaN,NaN,NaN,NaN,NaN,0.000158916666666667,163,35,68,0,0.00442354166666667,0.0621768333333333,0.0235091666666667,0.0097395,0.000758458333333333,0.000260083333333333
EXP-20260506-007_uniform_hsbm_n_rho16_eigsh_methods_matlab,n,n,8000,NaN,7,1156343643,8000,3,3,16,36,4,32,9e-06,1e-06,160756,962192,0.01503425,0.0146609583333333,0.0261971666666667,sparse,0,0,60.2835,90,161067.88296,20.13348537,60.40045611,0.11102778472309,Non-random eigs,non_random,0,1,1,0.000491833333333333,0.0228086666666667,0.0636365416666667,eigs,0.00496504166666667,8.71666666666667e-05,0.0177262083333333,0.0227830833333333,1,0.656441661574825,NaN,NaN,NaN,NaN,NaN,NaN,NaN,NaN,NaN,NaN,NaN,NaN,NaN,NaN,NaN,NaN,NaN,NaN,NaN,NaN,NaN,NaN
EXP-20260506-007_uniform_hsbm_n_rho16_eigsh_methods_matlab,n,n,8000,NaN,7,1156343643,8000,3,3,16,36,4,32,9e-06,1e-06,160756,962192,0.01503425,0.0146609583333333,0.0261971666666667,sparse,0,0,60.2835,90,161067.88296,20.13348537,60.40045611,0.11102778472309,Gaussian RP,gaussian_random_projection,0,1,1,0.000449125,0.1463175,0.187139791666667,,0.107423666666667,9.34166666666667e-05,0.0387645833333333,0.146287916666667,0.9999987362139,0.655640373056959,0.00423579166666667,0.069686625,0.0228349583333333,0.00962220833333333,0.000750916666666667,0.000255583333333333,NaN,NaN,NaN,NaN,NaN,NaN,NaN,NaN,NaN,NaN,NaN,NaN,NaN,NaN,NaN,NaN
EXP-20260506-007_uniform_hsbm_n_rho16_eigsh_methods_matlab,n,n,8000,NaN,7,1156343643,8000,3,3,16,36,4,32,9e-06,1e-06,160756,962192,0.01503425,0.0146609583333333,0.0261971666666667,sparse,0,0,60.2835,90,161067.88296,20.13348537,60.40045611,0.11102778472309,Random sampling,random_sampling,0,1,1,0.000475583333333333,0.0394585416666667,0.0802724166666667,,0.017849625,9.15833333333333e-05,0.0214730833333333,0.0394199166666667,1.05348984344479,0.74165285814619,NaN,NaN,NaN,NaN,NaN,NaN,0.0111331666666667,485096,339198,0.7,672815,NaN,NaN,NaN,NaN,NaN,NaN,NaN,NaN,NaN,NaN,NaN
EXP-20260506-007_uniform_hsbm_n_rho16_eigsh_methods_matlab,n,n,8000,NaN,7,1156343643,8000,3,3,16,36,4,32,9e-06,1e-06,160756,962192,0.01503425,0.0146609583333333,0.0261971666666667,sparse,0,0,60.2835,90,161067.88296,20.13348537,60.40045611,0.11102778472309,CountSketch RP,countsketch_random_projection,0,1,1,0.000418791666666667,0.125981958333333,0.166799125,,0.0978859583333333,0.0001485,0.0279065416666667,0.125946583333333,0.999998893518359,0.655494777800793,NaN,NaN,NaN,NaN,NaN,NaN,NaN,NaN,NaN,NaN,NaN,0.00015375,163,31,68,0,0.00224658333333333,0.0612884583333333,0.0235350416666667,0.00958175,0.000754375,0.000287583333333333
EXP-20260506-007_uniform_hsbm_n_rho16_eigsh_methods_matlab,n,n,8000,NaN,8,1156343644,8000,3,3,16,36,4,32,9e-06,1e-06,161202,964876,0.0150761875,0.0145791666666667,0.0261221666666667,sparse,0,0,60.45075,92,161067.88296,20.13348537,60.40045611,0.11102778472309,Non-random eigs,non_random,0,1,1,0.000711,0.0213295,0.0620010416666667,eigs,0.004948625,9.79166666666667e-05,0.0162531666666667,0.0213043333333333,1,0.657579999361301,NaN,NaN,NaN,NaN,NaN,NaN,NaN,NaN,NaN,NaN,NaN,NaN,NaN,NaN,NaN,NaN,NaN,NaN,NaN,NaN,NaN,NaN
EXP-20260506-007_uniform_hsbm_n_rho16_eigsh_methods_matlab,n,n,8000,NaN,8,1156343644,8000,3,3,16,36,4,32,9e-06,1e-06,161202,964876,0.0150761875,0.0145791666666667,0.0261221666666667,sparse,0,0,60.45075,92,161067.88296,20.13348537,60.40045611,0.11102778472309,Gaussian RP,gaussian_random_projection,0,1,1,0.000428666666666667,0.126770791666667,0.167438375,,0.108085708333333,0.000156833333333333,0.0184945,0.126742833333333,0.999998967426874,0.656796890515777,0.00410266666666667,0.0692345833333333,0.0238205416666667,0.00987554166666667,0.000739458333333333,0.000284666666666667,NaN,NaN,NaN,NaN,NaN,NaN,NaN,NaN,NaN,NaN,NaN,NaN,NaN,NaN,NaN,NaN
EXP-20260506-007_uniform_hsbm_n_rho16_eigsh_methods_matlab,n,n,8000,NaN,8,1156343644,8000,3,3,16,36,4,32,9e-06,1e-06,161202,964876,0.0150761875,0.0145791666666667,0.0261221666666667,sparse,0,0,60.45075,92,161067.88296,20.13348537,60.40045611,0.11102778472309,Random sampling,random_sampling,0.000125000000000042,0.999624999994141,0.998988664808973,0.000428916666666667,0.0328625,0.0735205833333333,,0.0174044166666667,0.000104,0.0153108333333333,0.0328257916666667,1.05533472075563,0.743744618848089,NaN,NaN,NaN,NaN,NaN,NaN,0.010817125,486438,340834,0.7,676080,NaN,NaN,NaN,NaN,NaN,NaN,NaN,NaN,NaN,NaN,NaN
EXP-20260506-007_uniform_hsbm_n_rho16_eigsh_methods_matlab,n,n,8000,NaN,8,1156343644,8000,3,3,16,36,4,32,9e-06,1e-06,161202,964876,0.0150761875,0.0145791666666667,0.0261221666666667,sparse,0,0,60.45075,92,161067.88296,20.13348537,60.40045611,0.11102778472309,CountSketch RP,countsketch_random_projection,0,1,1,0.000448625,0.125375083333333,0.166038666666667,,0.0989115,0.00015375,0.0262720833333333,0.125342166666667,0.999998423853353,0.656528408646725,NaN,NaN,NaN,NaN,NaN,NaN,NaN,NaN,NaN,NaN,NaN,0.000156791666666667,163,32,67,0,0.00221716666666667,0.0623528333333333,0.023738125,0.009458625,0.000708375,0.000243625
EXP-20260506-007_uniform_hsbm_n_rho16_eigsh_methods_matlab,n,n,8000,NaN,9,1156343645,8000,3,3,16,36,4,32,9e-06,1e-06,161162,964490,0.01507015625,0.014153375,0.02623375,sparse,0,0,60.43575,91,161067.88296,20.13348537,60.40045611,0.11102778472309,Non-random eigs,non_random,0,1,1,0.000708291666666667,0.0382545,0.07861075,eigs,0.00518508333333333,8.72916666666667e-05,0.03295125,0.03822825,1,0.659826525575204,NaN,NaN,NaN,NaN,NaN,NaN,NaN,NaN,NaN,NaN,NaN,NaN,NaN,NaN,NaN,NaN,NaN,NaN,NaN,NaN,NaN,NaN
EXP-20260506-007_uniform_hsbm_n_rho16_eigsh_methods_matlab,n,n,8000,NaN,9,1156343645,8000,3,3,16,36,4,32,9e-06,1e-06,161162,964490,0.01507015625,0.014153375,0.02623375,sparse,0,0,60.43575,91,161067.88296,20.13348537,60.40045611,0.11102778472309,Gaussian RP,gaussian_random_projection,0,1,1,0.000469458333333333,0.136282375,0.17663525,,0.108254541666667,0.000168291666666667,0.0278252916666667,0.136253166666667,0.999998930138595,0.658944609869454,0.00413541666666667,0.0689934583333333,0.0243333333333333,0.00979266666666667,0.00070925,0.00026225,NaN,NaN,NaN,NaN,NaN,NaN,NaN,NaN,NaN,NaN,NaN,NaN,NaN,NaN,NaN,NaN
EXP-20260506-007_uniform_hsbm_n_rho16_eigsh_methods_matlab,n,n,8000,NaN,9,1156343645,8000,3,3,16,36,4,32,9e-06,1e-06,161162,964490,0.01507015625,0.014153375,0.02623375,sparse,0,0,60.43575,91,161067.88296,20.13348537,60.40045611,0.11102778472309,Random sampling,random_sampling,0,1,1,0.000451708333333333,0.0357203333333333,0.0760669583333333,,0.017988875,9.00416666666667e-05,0.0176009166666667,0.0356850416666667,1.05639420408395,0.746682941390521,NaN,NaN,NaN,NaN,NaN,NaN,0.0110305833333333,486245,340688,0.7,675760,NaN,NaN,NaN,NaN,NaN,NaN,NaN,NaN,NaN,NaN,NaN
EXP-20260506-007_uniform_hsbm_n_rho16_eigsh_methods_matlab,n,n,8000,NaN,9,1156343645,8000,3,3,16,36,4,32,9e-06,1e-06,161162,964490,0.01507015625,0.014153375,0.02623375,sparse,0,0,60.43575,91,161067.88296,20.13348537,60.40045611,0.11102778472309,CountSketch RP,countsketch_random_projection,0,1,1,0.000411458333333333,0.117008666666667,0.157358416666667,,0.0999364166666667,9.72083333333333e-05,0.0169376666666667,0.116976166666667,0.999998394350696,0.658883376555333,NaN,NaN,NaN,NaN,NaN,NaN,NaN,NaN,NaN,NaN,NaN,0.00015425,163,29,74,0,0.00229270833333333,0.0624429583333333,0.0243854583333333,0.00957304166666667,0.00075375,0.000293583333333333
EXP-20260506-007_uniform_hsbm_n_rho16_eigsh_methods_matlab,n,n,8000,NaN,10,1156343646,8000,3,3,16,36,4,32,9e-06,1e-06,161474,966092,0.0150951875,0.0145515,0.0262454583333333,sparse,0,0,60.55275,91,161067.88296,20.13348537,60.40045611,0.11102778472309,Non-random eigs,non_random,0,1,1,0.000418416666666667,0.030862875,0.0716295416666667,eigs,0.00508516666666667,9.00833333333333e-05,0.0256573333333333,0.030837,1,0.655896075561577,NaN,NaN,NaN,NaN,NaN,NaN,NaN,NaN,NaN,NaN,NaN,NaN,NaN,NaN,NaN,NaN,NaN,NaN,NaN,NaN,NaN,NaN
EXP-20260506-007_uniform_hsbm_n_rho16_eigsh_methods_matlab,n,n,8000,NaN,10,1156343646,8000,3,3,16,36,4,32,9e-06,1e-06,161474,966092,0.0150951875,0.0145515,0.0262454583333333,sparse,0,0,60.55275,91,161067.88296,20.13348537,60.40045611,0.11102778472309,Gaussian RP,gaussian_random_projection,0,1,1,0.000427125,0.135828833333333,0.17659375,,0.108883708333333,8.91666666666667e-05,0.0268239166666667,0.135801416666667,0.999998723583112,0.654894085951863,0.004103125,0.0694442083333333,0.0245215,0.00979479166666667,0.00072475,0.000266416666666667,NaN,NaN,NaN,NaN,NaN,NaN,NaN,NaN,NaN,NaN,NaN,NaN,NaN,NaN,NaN,NaN
EXP-20260506-007_uniform_hsbm_n_rho16_eigsh_methods_matlab,n,n,8000,NaN,10,1156343646,8000,3,3,16,36,4,32,9e-06,1e-06,161474,966092,0.0150951875,0.0145515,0.0262454583333333,sparse,0,0,60.55275,91,161067.88296,20.13348537,60.40045611,0.11102778472309,Random sampling,random_sampling,0,1,1,0.000396666666666667,0.0343966666666667,0.075156125,,0.017434125,8.825e-05,0.0168367916666667,0.03436375,1.0575078420478,0.744083260184004,NaN,NaN,NaN,NaN,NaN,NaN,0.01104075,487046,340818,0.7,675968,NaN,NaN,NaN,NaN,NaN,NaN,NaN,NaN,NaN,NaN,NaN
EXP-20260506-007_uniform_hsbm_n_rho16_eigsh_methods_matlab,n,n,8000,NaN,10,1156343646,8000,3,3,16,36,4,32,9e-06,1e-06,161474,966092,0.0150951875,0.0145515,0.0262454583333333,sparse,0,0,60.55275,91,161067.88296,20.13348537,60.40045611,0.11102778472309,CountSketch RP,countsketch_random_projection,0,1,1,0.000507708333333333,0.113703625,0.154464541666667,,0.0993102916666667,9.09583333333333e-05,0.0142663333333333,0.113672583333333,0.999998865125127,0.654926029412531,NaN,NaN,NaN,NaN,NaN,NaN,NaN,NaN,NaN,NaN,NaN,0.000145708333333333,163,32,69,0,0.00310716666666667,0.061882625,0.0238414166666667,0.009335625,0.000701958333333333,0.000261583333333333
EXP-20260506-007_uniform_hsbm_n_rho16_eigsh_methods_matlab,n,n,10000,NaN,1,3587848067,10000,3,3,16,36,4,32,5.76e-06,6.4e-07,201133,1206248,0.01206248,0.0177909583333333,0.0357937083333333,sparse,0,0,60.3399,93,201364.17303552,20.136417303552,60.409251910656,0.111044448889778,Non-random eigs,non_random,0,1,1,0.000506708333333333,0.0539039583333333,0.107457375,eigs,0.00621225,0.000101583333333333,0.047558875,0.0538771666666667,1,0.657902573770808,NaN,NaN,NaN,NaN,NaN,NaN,NaN,NaN,NaN,NaN,NaN,NaN,NaN,NaN,NaN,NaN,NaN,NaN,NaN,NaN,NaN,NaN
EXP-20260506-007_uniform_hsbm_n_rho16_eigsh_methods_matlab,n,n,10000,NaN,1,3587848067,10000,3,3,16,36,4,32,5.76e-06,6.4e-07,201133,1206248,0.01206248,0.0177909583333333,0.0357937083333333,sparse,0,0,60.3399,93,201364.17303552,20.136417303552,60.409251910656,0.111044448889778,Gaussian RP,gaussian_random_projection,0,1,1,0.000596083333333333,0.16122275,0.214770333333333,,0.134492541666667,0.0002145,0.026478625,0.1611915,0.999998359052522,0.656677180154047,0.005147125,0.08924325,0.0270151666666667,0.0120650833333333,0.000700666666666667,0.000293375,NaN,NaN,NaN,NaN,NaN,NaN,NaN,NaN,NaN,NaN,NaN,NaN,NaN,NaN,NaN,NaN
EXP-20260506-007_uniform_hsbm_n_rho16_eigsh_methods_matlab,n,n,10000,NaN,1,3587848067,10000,3,3,16,36,4,32,5.76e-06,6.4e-07,201133,1206248,0.01206248,0.0177909583333333,0.0357937083333333,sparse,0,0,60.3399,93,201364.17303552,20.136417303552,60.409251910656,0.111044448889778,Random sampling,random_sampling,0.000199999999999978,0.999399985000005,0.998341234050967,0.000837916666666667,0.0477293333333333,0.101270458333333,,0.0217627916666667,9.475e-05,0.02582825,0.04769075,1.05414528723829,0.741729315602148,NaN,NaN,NaN,NaN,NaN,NaN,0.0138015833333333,608124,426055,0.7,845144,NaN,NaN,NaN,NaN,NaN,NaN,NaN,NaN,NaN,NaN,NaN
EXP-20260506-007_uniform_hsbm_n_rho16_eigsh_methods_matlab,n,n,10000,NaN,1,3587848067,10000,3,3,16,36,4,32,5.76e-06,6.4e-07,201133,1206248,0.01206248,0.0177909583333333,0.0357937083333333,sparse,0,0,60.3399,93,201364.17303552,20.136417303552,60.409251910656,0.111044448889778,CountSketch RP,countsketch_random_projection,0,1,1,0.00048125,0.153199666666667,0.206740958333333,,0.123586708333333,0.000104875,0.0294647083333333,0.153161291666667,0.999998393170695,0.656473945419511,NaN,NaN,NaN,NaN,NaN,NaN,NaN,NaN,NaN,NaN,NaN,0.000199958333333333,163,41,86,0,0.003333875,0.0789544166666667,0.02802275,0.0119969166666667,0.000722916666666667,0.000313
EXP-20260506-007_uniform_hsbm_n_rho16_eigsh_methods_matlab,n,n,10000,NaN,2,3587848068,10000,3,3,16,36,4,32,5.76e-06,6.4e-07,200915,1205152,0.01205152,0.0187366666666667,0.032666875,sparse,0,0,60.2745,93,201364.17303552,20.136417303552,60.409251910656,0.111044448889778,Non-random eigs,non_random,0,1,1,0.000493458333333333,0.0325057083333333,0.083879625,eigs,0.00626408333333333,9.6125e-05,0.026115875,0.032480875,1,0.659290064698787,NaN,NaN,NaN,NaN,NaN,NaN,NaN,NaN,NaN,NaN,NaN,NaN,NaN,NaN,NaN,NaN,NaN,NaN,NaN,NaN,NaN,NaN
EXP-20260506-007_uniform_hsbm_n_rho16_eigsh_methods_matlab,n,n,10000,NaN,2,3587848068,10000,3,3,16,36,4,32,5.76e-06,6.4e-07,200915,1205152,0.01205152,0.0187366666666667,0.032666875,sparse,0,0,60.2745,93,201364.17303552,20.136417303552,60.409251910656,0.111044448889778,Gaussian RP,gaussian_random_projection,0,1,1,0.000570541666666667,0.166487208333333,0.217851666666667,,0.133768166666667,0.000205333333333333,0.032474625,0.166454208333333,0.999998538097021,0.658241321780292,0.00509516666666667,0.0886827916666667,0.0268169166666667,0.012108,0.000745041666666667,0.000291166666666667,NaN,NaN,NaN,NaN,NaN,NaN,NaN,NaN,NaN,NaN,NaN,NaN,NaN,NaN,NaN,NaN
EXP-20260506-007_uniform_hsbm_n_rho16_eigsh_methods_matlab,n,n,10000,NaN,2,3587848068,10000,3,3,16,36,4,32,5.76e-06,6.4e-07,200915,1205152,0.01205152,0.0187366666666667,0.032666875,sparse,0,0,60.2745,93,201364.17303552,20.136417303552,60.409251910656,0.111044448889778,Random sampling,random_sampling,0,1,1,0.000487541666666667,0.040887375,0.0922458333333333,,0.0219965833333333,9.35833333333333e-05,0.018752125,0.0408475416666667,1.05460775451414,0.744290643934448,NaN,NaN,NaN,NaN,NaN,NaN,0.0138201666666667,607576,425340,0.7,843701,NaN,NaN,NaN,NaN,NaN,NaN,NaN,NaN,NaN,NaN,NaN
EXP-20260506-007_uniform_hsbm_n_rho16_eigsh_methods_matlab,n,n,10000,NaN,2,3587848068,10000,3,3,16,36,4,32,5.76e-06,6.4e-07,200915,1205152,0.01205152,0.0187366666666667,0.032666875,sparse,0,0,60.2745,93,201364.17303552,20.136417303552,60.409251910656,0.111044448889778,CountSketch RP,countsketch_random_projection,0,1,1,0.000551166666666667,0.165638166666667,0.217004916666667,,0.124565875,9.91666666666667e-05,0.0409363333333333,0.165606375,0.999998642644573,0.658065765515265,NaN,NaN,NaN,NaN,NaN,NaN,NaN,NaN,NaN,NaN,NaN,0.000182208333333333,163,44,86,0,0.00313383333333333,0.0788754166666667,0.0292676666666667,0.012034875,0.000713708333333333,0.000321458333333333
EXP-20260506-007_uniform_hsbm_n_rho16_eigsh_methods_matlab,n,n,10000,NaN,3,3587848069,10000,3,3,16,36,4,32,5.76e-06,6.4e-07,201491,1208562,0.01208562,0.018198625,0.0338002083333333,sparse,0,0,60.4473,92,201364.17303552,20.136417303552,60.409251910656,0.111044448889778,Non-random eigs,non_random,0,1,1,0.000488916666666667,0.0348254583333333,0.0867966666666667,eigs,0.006218,9.70833333333333e-05,0.02848275,0.0348019583333333,1,0.659191548271707,NaN,NaN,NaN,NaN,NaN,NaN,NaN,NaN,NaN,NaN,NaN,NaN,NaN,NaN,NaN,NaN,NaN,NaN,NaN,NaN,NaN,NaN
EXP-20260506-007_uniform_hsbm_n_rho16_eigsh_methods_matlab,n,n,10000,NaN,3,3587848069,10000,3,3,16,36,4,32,5.76e-06,6.4e-07,201491,1208562,0.01208562,0.018198625,0.0338002083333333,sparse,0,0,60.4473,92,201364.17303552,20.136417303552,60.409251910656,0.111044448889778,Gaussian RP,gaussian_random_projection,0,1,1,0.00050375,0.174476083333333,0.226439041666667,,0.134950916666667,0.000109875,0.0393794166666667,0.174445125,0.999998293818138,0.657876235939106,0.00510866666666667,0.08856375,0.0275616666666667,0.0126816666666667,0.000701125,0.000305833333333333,NaN,NaN,NaN,NaN,NaN,NaN,NaN,NaN,NaN,NaN,NaN,NaN,NaN,NaN,NaN,NaN
EXP-20260506-007_uniform_hsbm_n_rho16_eigsh_methods_matlab,n,n,10000,NaN,3,3587848069,10000,3,3,16,36,4,32,5.76e-06,6.4e-07,201491,1208562,0.01208562,0.018198625,0.0338002083333333,sparse,0,0,60.4473,92,201364.17303552,20.136417303552,60.409251910656,0.111044448889778,Random sampling,random_sampling,0,1,1,0.000537125,0.0449305,0.0968884166666667,,0.0219840416666667,9.42916666666667e-05,0.02281125,0.04489525,1.05530204436152,0.745612886439071,NaN,NaN,NaN,NaN,NaN,NaN,0.0138060416666667,609281,426498,0.7,845990,NaN,NaN,NaN,NaN,NaN,NaN,NaN,NaN,NaN,NaN,NaN
EXP-20260506-007_uniform_hsbm_n_rho16_eigsh_methods_matlab,n,n,10000,NaN,3,3587848069,10000,3,3,16,36,4,32,5.76e-06,6.4e-07,201491,1208562,0.01208562,0.018198625,0.0338002083333333,sparse,0,0,60.4473,92,201364.17303552,20.136417303552,60.409251910656,0.111044448889778,CountSketch RP,countsketch_random_projection,0,1,1,0.0004605,0.155741916666667,0.207703875,,0.127895791666667,0.000175541666666667,0.0276337083333333,0.155710041666667,0.999998497159813,0.658022609664032,NaN,NaN,NaN,NaN,NaN,NaN,NaN,NaN,NaN,NaN,NaN,0.000181333333333333,163,39,83,0,0.00672308333333333,0.0799996666666667,0.0277950833333333,0.0120890416666667,0.000744166666666667,0.000325291666666667
EXP-20260506-007_uniform_hsbm_n_rho16_eigsh_methods_matlab,n,n,10000,NaN,4,3587848070,10000,3,3,16,36,4,32,5.76e-06,6.4e-07,201387,1207868,0.01207868,0.018471875,0.03247875,sparse,0,0,60.4161,90,201364.17303552,20.136417303552,60.409251910656,0.111044448889778,Non-random eigs,non_random,0,1,1,0.000548958333333333,0.0353588333333333,0.0862793333333333,eigs,0.006424875,9.0625e-05,0.0288132083333333,0.0353330833333333,1,0.658352471557849,NaN,NaN,NaN,NaN,NaN,NaN,NaN,NaN,NaN,NaN,NaN,NaN,NaN,NaN,NaN,NaN,NaN,NaN,NaN,NaN,NaN,NaN
EXP-20260506-007_uniform_hsbm_n_rho16_eigsh_methods_matlab,n,n,10000,NaN,4,3587848070,10000,3,3,16,36,4,32,5.76e-06,6.4e-07,201387,1207868,0.01207868,0.018471875,0.03247875,sparse,0,0,60.4161,90,201364.17303552,20.136417303552,60.409251910656,0.111044448889778,Gaussian RP,gaussian_random_projection,0,1,1,0.000476958333333333,0.171368833333333,0.222287583333333,,0.135628625,0.000165875,0.0355424583333333,0.171341666666667,0.999998498716884,0.656999130010962,0.00512791666666667,0.0893264166666667,0.0279530416666667,0.0121595,0.000729958333333333,0.000304291666666667,NaN,NaN,NaN,NaN,NaN,NaN,NaN,NaN,NaN,NaN,NaN,NaN,NaN,NaN,NaN,NaN
EXP-20260506-007_uniform_hsbm_n_rho16_eigsh_methods_matlab,n,n,10000,NaN,4,3587848070,10000,3,3,16,36,4,32,5.76e-06,6.4e-07,201387,1207868,0.01207868,0.018471875,0.03247875,sparse,0,0,60.4161,90,201364.17303552,20.136417303552,60.409251910656,0.111044448889778,Random sampling,random_sampling,0,1,1,0.000466666666666667,0.0453439583333333,0.0962564166666667,,0.0220382083333333,9.95e-05,0.0231680833333333,0.0453115416666667,1.05744270844387,0.745244265446544,NaN,NaN,NaN,NaN,NaN,NaN,0.0138147083333333,608934,427161,0.7,847284,NaN,NaN,NaN,NaN,NaN,NaN,NaN,NaN,NaN,NaN,NaN
EXP-20260506-007_uniform_hsbm_n_rho16_eigsh_methods_matlab,n,n,10000,NaN,4,3587848070,10000,3,3,16,36,4,32,5.76e-06,6.4e-07,201387,1207868,0.01207868,0.018471875,0.03247875,sparse,0,0,60.4161,90,201364.17303552,20.136417303552,60.409251910656,0.111044448889778,CountSketch RP,countsketch_random_projection,0,1,1,0.000689166666666667,0.160581875,0.21148925,,0.124808083333333,0.000155708333333333,0.0355748333333333,0.160545541666667,0.999998439741283,0.657092814054211,NaN,NaN,NaN,NaN,NaN,NaN,NaN,NaN,NaN,NaN,NaN,0.000179625,163,39,83,0,0.00302666666666667,0.0808905416666667,0.0273815416666667,0.0122102083333333,0.000757375,0.000321875
EXP-20260506-007_uniform_hsbm_n_rho16_eigsh_methods_matlab,n,n,10000,NaN,5,3587848071,10000,3,3,16,36,4,32,5.76e-06,6.4e-07,201376,1207872,0.01207872,0.0182840416666667,0.0339615833333333,sparse,0,0,60.4128,94,201364.17303552,20.136417303552,60.409251910656,0.111044448889778,Non-random eigs,non_random,0,1,1,0.000558208333333333,0.0298600416666667,0.08207275,eigs,0.00665079166666667,9.85e-05,0.0230778333333333,0.029832875,1,0.657988802015294,NaN,NaN,NaN,NaN,NaN,NaN,NaN,NaN,NaN,NaN,NaN,NaN,NaN,NaN,NaN,NaN,NaN,NaN,NaN,NaN,NaN,NaN
EXP-20260506-007_uniform_hsbm_n_rho16_eigsh_methods_matlab,n,n,10000,NaN,5,3587848071,10000,3,3,16,36,4,32,5.76e-06,6.4e-07,201376,1207872,0.01207872,0.0182840416666667,0.0339615833333333,sparse,0,0,60.4128,94,201364.17303552,20.136417303552,60.409251910656,0.111044448889778,Gaussian RP,gaussian_random_projection,0,1,1,0.000694625,0.16130425,0.213510875,,0.136287208333333,0.000106625,0.0248714166666667,0.16127,0.999998251956119,0.656812215501307,0.00527570833333333,0.0901817083333333,0.0275294583333333,0.0122069166666667,0.000764375,0.000299125,NaN,NaN,NaN,NaN,NaN,NaN,NaN,NaN,NaN,NaN,NaN,NaN,NaN,NaN,NaN,NaN
EXP-20260506-007_uniform_hsbm_n_rho16_eigsh_methods_matlab,n,n,10000,NaN,5,3587848071,10000,3,3,16,36,4,32,5.76e-06,6.4e-07,201376,1207872,0.01207872,0.0182840416666667,0.0339615833333333,sparse,0,0,60.4128,94,201364.17303552,20.136417303552,60.409251910656,0.111044448889778,Random sampling,random_sampling,0,1,1,0.000500208333333333,0.0443295,0.0964943333333333,,0.0226512083333333,0.000103208333333333,0.0214942916666667,0.044256375,1.05659402027343,0.744356040605318,NaN,NaN,NaN,NaN,NaN,NaN,0.014543875,608936,426540,0.7,846059,NaN,NaN,NaN,NaN,NaN,NaN,NaN,NaN,NaN,NaN,NaN
EXP-20260506-007_uniform_hsbm_n_rho16_eigsh_methods_matlab,n,n,10000,NaN,5,3587848071,10000,3,3,16,36,4,32,5.76e-06,6.4e-07,201376,1207872,0.01207872,0.0182840416666667,0.0339615833333333,sparse,0,0,60.4128,94,201364.17303552,20.136417303552,60.409251910656,0.111044448889778,CountSketch RP,countsketch_random_projection,0,1,1,0.000484291666666667,0.157253375,0.209456625,,0.127550083333333,0.000116041666666667,0.029544875,0.157216708333333,0.999998226620497,0.656918499372131,NaN,NaN,NaN,NaN,NaN,NaN,NaN,NaN,NaN,NaN,NaN,0.00018175,163,38,84,0,0.00625525,0.0800155833333333,0.0278304583333333,0.0120505833333333,0.000781458333333333,0.000390041666666667
EXP-20260506-007_uniform_hsbm_n_rho16_eigsh_methods_matlab,n,n,10000,NaN,6,3587848072,10000,3,3,16,36,4,32,5.76e-06,6.4e-07,201049,1206336,0.01206336,0.0179746666666667,0.0329525833333333,sparse,0,0,60.3147,90,201364.17303552,20.136417303552,60.409251910656,0.111044448889778,Non-random eigs,non_random,0,1,1,0.000516833333333333,0.0393109583333333,0.090206875,eigs,0.00663704166666667,9.77916666666667e-05,0.0325447916666667,0.0392842916666667,1,0.658712639767565,NaN,NaN,NaN,NaN,NaN,NaN,NaN,NaN,NaN,NaN,NaN,NaN,NaN,NaN,NaN,NaN,NaN,NaN,NaN,NaN,NaN,NaN
EXP-20260506-007_uniform_hsbm_n_rho16_eigsh_methods_matlab,n,n,10000,NaN,6,3587848072,10000,3,3,16,36,4,32,5.76e-06,6.4e-07,201049,1206336,0.01206336,0.0179746666666667,0.0329525833333333,sparse,0,0,60.3147,90,201364.17303552,20.136417303552,60.409251910656,0.111044448889778,Gaussian RP,gaussian_random_projection,0,1,1,0.000517875,0.173793375,0.2246815,,0.134376625,0.000103958333333333,0.0392736666666667,0.173761541666667,0.999998641493754,0.657435868217624,0.00514741666666667,0.0901412916666667,0.0255013333333333,0.0124944166666667,0.00076975,0.000293875,NaN,NaN,NaN,NaN,NaN,NaN,NaN,NaN,NaN,NaN,NaN,NaN,NaN,NaN,NaN,NaN
EXP-20260506-007_uniform_hsbm_n_rho16_eigsh_methods_matlab,n,n,10000,NaN,6,3587848072,10000,3,3,16,36,4,32,5.76e-06,6.4e-07,201049,1206336,0.01206336,0.0179746666666667,0.0329525833333333,sparse,0,0,60.3147,90,201364.17303552,20.136417303552,60.409251910656,0.111044448889778,Random sampling,random_sampling,0,1,1,0.000464458333333333,0.041842,0.0927177083333333,,0.0226875,0.000100708333333333,0.01900225,0.04179775,1.05526378362437,0.745206284282103,NaN,NaN,NaN,NaN,NaN,NaN,0.013962375,608168,425544,0.7,844084,NaN,NaN,NaN,NaN,NaN,NaN,NaN,NaN,NaN,NaN,NaN
EXP-20260506-007_uniform_hsbm_n_rho16_eigsh_methods_matlab,n,n,10000,NaN,6,3587848072,10000,3,3,16,36,4,32,5.76e-06,6.4e-07,201049,1206336,0.01206336,0.0179746666666667,0.0329525833333333,sparse,0,0,60.3147,90,201364.17303552,20.136417303552,60.409251910656,0.111044448889778,CountSketch RP,countsketch_random_projection,0,1,1,0.0005055,0.160091541666667,0.210965833333333,,0.1299385,0.000137958333333333,0.029962125,0.160049375,0.999998569182096,0.657544152453592,NaN,NaN,NaN,NaN,NaN,NaN,NaN,NaN,NaN,NaN,NaN,0.000172083333333333,163,41,84,0,0.00466133333333333,0.08057175,0.0301715416666667,0.0130439166666667,0.000841458333333333,0.000423166666666667
EXP-20260506-007_uniform_hsbm_n_rho16_eigsh_methods_matlab,n,n,10000,NaN,7,3587848073,10000,3,3,16,36,4,32,5.76e-06,6.4e-07,201016,1205474,0.01205474,0.0183512083333333,0.0328416666666667,sparse,0,0,60.3048,94,201364.17303552,20.136417303552,60.409251910656,0.111044448889778,Non-random eigs,non_random,0,1,1,0.000504666666666667,0.02489725,0.076058,eigs,0.00640670833333333,0.000157375,0.0183010416666667,0.0248702083333333,1,0.658342601018388,NaN,NaN,NaN,NaN,NaN,NaN,NaN,NaN,NaN,NaN,NaN,NaN,NaN,NaN,NaN,NaN,NaN,NaN,NaN,NaN,NaN,NaN
EXP-20260506-007_uniform_hsbm_n_rho16_eigsh_methods_matlab,n,n,10000,NaN,7,3587848073,10000,3,3,16,36,4,32,5.76e-06,6.4e-07,201016,1205474,0.01205474,0.0183512083333333,0.0328416666666667,sparse,0,0,60.3048,94,201364.17303552,20.136417303552,60.409251910656,0.111044448889778,Gaussian RP,gaussian_random_projection,0,1,1,0.000520041666666667,0.170463333333333,0.221620166666667,,0.135547625,0.000131333333333333,0.0347483333333333,0.170432958333333,0.999998313842584,0.657074708026016,0.00513429166666667,0.0898336666666667,0.0275556666666667,0.0119677083333333,0.000733166666666667,0.0002915,NaN,NaN,NaN,NaN,NaN,NaN,NaN,NaN,NaN,NaN,NaN,NaN,NaN,NaN,NaN,NaN
EXP-20260506-007_uniform_hsbm_n_rho16_eigsh_methods_matlab,n,n,10000,NaN,7,3587848073,10000,3,3,16,36,4,32,5.76e-06,6.4e-07,201016,1205474,0.01205474,0.0183512083333333,0.0328416666666667,sparse,0,0,60.3048,94,201364.17303552,20.136417303552,60.409251910656,0.111044448889778,Random sampling,random_sampling,0,1,1,0.000561291666666667,0.049619875,0.100762208333333,,0.0224373333333333,0.00010275,0.02702925,0.0495765833333333,1.05819400379841,0.747581267325936,NaN,NaN,NaN,NaN,NaN,NaN,0.0141014583333333,607737,425991,0.7,844900,NaN,NaN,NaN,NaN,NaN,NaN,NaN,NaN,NaN,NaN,NaN
EXP-20260506-007_uniform_hsbm_n_rho16_eigsh_methods_matlab,n,n,10000,NaN,7,3587848073,10000,3,3,16,36,4,32,5.76e-06,6.4e-07,201016,1205474,0.01205474,0.0183512083333333,0.0328416666666667,sparse,0,0,60.3048,94,201364.17303552,20.136417303552,60.409251910656,0.111044448889778,CountSketch RP,countsketch_random_projection,0,1,1,0.000487875,0.175333708333333,0.226478625,,0.126395458333333,0.000125958333333333,0.0487643333333333,0.175292583333333,0.999998846445282,0.657099361463738,NaN,NaN,NaN,NaN,NaN,NaN,NaN,NaN,NaN,NaN,NaN,0.000221333333333333,163,44,79,0,0.00385,0.080658375,0.0285230416666667,0.0119354166666667,0.000812,0.000345666666666667
EXP-20260506-007_uniform_hsbm_n_rho16_eigsh_methods_matlab,n,n,10000,NaN,8,3587848074,10000,3,3,16,36,4,32,5.76e-06,6.4e-07,201283,1207122,0.01207122,0.018820625,0.0336883333333333,sparse,0,0,60.3849,92,201364.17303552,20.136417303552,60.409251910656,0.111044448889778,Non-random eigs,non_random,0,1,1,0.000596708333333333,0.0402766666666667,0.0927426666666667,eigs,0.00687095833333333,0.000104916666666667,0.0332578333333333,0.040241,1,0.65823471269286,NaN,NaN,NaN,NaN,NaN,NaN,NaN,NaN,NaN,NaN,NaN,NaN,NaN,NaN,NaN,NaN,NaN,NaN,NaN,NaN,NaN,NaN
EXP-20260506-007_uniform_hsbm_n_rho16_eigsh_methods_matlab,n,n,10000,NaN,8,3587848074,10000,3,3,16,36,4,32,5.76e-06,6.4e-07,201283,1207122,0.01207122,0.018820625,0.0336883333333333,sparse,0,0,60.3849,92,201364.17303552,20.136417303552,60.409251910656,0.111044448889778,Gaussian RP,gaussian_random_projection,0,1,1,0.000509,0.171605375,0.224074875,,0.135485875,0.000113125,0.0359669166666667,0.171572833333333,0.999998580715249,0.65715234446414,0.00515329166666667,0.0902587083333333,0.026627,0.0123210416666667,0.000801166666666667,0.000289625,NaN,NaN,NaN,NaN,NaN,NaN,NaN,NaN,NaN,NaN,NaN,NaN,NaN,NaN,NaN,NaN
EXP-20260506-007_uniform_hsbm_n_rho16_eigsh_methods_matlab,n,n,10000,NaN,8,3587848074,10000,3,3,16,36,4,32,5.76e-06,6.4e-07,201283,1207122,0.01207122,0.018820625,0.0336883333333333,sparse,0,0,60.3849,92,201364.17303552,20.136417303552,60.409251910656,0.111044448889778,Random sampling,random_sampling,0,1,1,0.000585541666666667,0.0501963333333333,0.102651166666667,,0.0222445833333333,0.000123041666666667,0.0277745833333333,0.0501498333333333,1.05642093458723,0.744530410643972,NaN,NaN,NaN,NaN,NaN,NaN,0.0138857916666667,608561,426070,0.7,845079,NaN,NaN,NaN,NaN,NaN,NaN,NaN,NaN,NaN,NaN,NaN
EXP-20260506-007_uniform_hsbm_n_rho16_eigsh_methods_matlab,n,n,10000,NaN,8,3587848074,10000,3,3,16,36,4,32,5.76e-06,6.4e-07,201283,1207122,0.01207122,0.018820625,0.0336883333333333,sparse,0,0,60.3849,92,201364.17303552,20.136417303552,60.409251910656,0.111044448889778,CountSketch RP,countsketch_random_projection,0,1,1,0.000555125,0.14327825,0.195735083333333,,0.126253333333333,0.00010975,0.0168630416666667,0.143232625,0.999998355237786,0.65721998914021,NaN,NaN,NaN,NaN,NaN,NaN,NaN,NaN,NaN,NaN,NaN,0.000196083333333333,163,45,83,0,0.00320220833333333,0.0802360416666667,0.0291422083333333,0.0123835416666667,0.00072825,0.000328541666666667
EXP-20260506-007_uniform_hsbm_n_rho16_eigsh_methods_matlab,n,n,10000,NaN,9,3587848075,10000,3,3,16,36,4,32,5.76e-06,6.4e-07,200770,1203864,0.01203864,0.0190159166666667,0.0326382083333333,sparse,0,0,60.231,96,201364.17303552,20.136417303552,60.409251910656,0.111044448889778,Non-random eigs,non_random,0,1,1,0.000486958333333333,0.0444457916666667,0.0960600833333333,eigs,0.0070805,0.000109416666666667,0.0372160416666667,0.0444134583333333,1,0.658578452675665,NaN,NaN,NaN,NaN,NaN,NaN,NaN,NaN,NaN,NaN,NaN,NaN,NaN,NaN,NaN,NaN,NaN,NaN,NaN,NaN,NaN,NaN
EXP-20260506-007_uniform_hsbm_n_rho16_eigsh_methods_matlab,n,n,10000,NaN,9,3587848075,10000,3,3,16,36,4,32,5.76e-06,6.4e-07,200770,1203864,0.01203864,0.0190159166666667,0.0326382083333333,sparse,0,0,60.231,96,201364.17303552,20.136417303552,60.409251910656,0.111044448889778,Gaussian RP,gaussian_random_projection,0,1,1,0.000506333333333333,0.176935375,0.228548083333333,,0.134613291666667,0.000210833333333333,0.0420698333333333,0.176901125,0.999998243107272,0.65749059064759,0.00510545833333333,0.0891455833333333,0.027052625,0.0122263333333333,0.000758875,0.000291875,NaN,NaN,NaN,NaN,NaN,NaN,NaN,NaN,NaN,NaN,NaN,NaN,NaN,NaN,NaN,NaN
EXP-20260506-007_uniform_hsbm_n_rho16_eigsh_methods_matlab,n,n,10000,NaN,9,3587848075,10000,3,3,16,36,4,32,5.76e-06,6.4e-07,200770,1203864,0.01203864,0.0190159166666667,0.0326382083333333,sparse,0,0,60.231,96,201364.17303552,20.136417303552,60.409251910656,0.111044448889778,Random sampling,random_sampling,9.9999999999989e-05,0.999699969990999,0.999170610209331,0.000589666666666667,0.0506085,0.102212875,,0.0223407083333333,0.000102041666666667,0.028116,0.0505661666666667,1.05640796001099,0.744079222986128,NaN,NaN,NaN,NaN,NaN,NaN,0.013922375,606932,424607,0.7,842158,NaN,NaN,NaN,NaN,NaN,NaN,NaN,NaN,NaN,NaN,NaN
EXP-20260506-007_uniform_hsbm_n_rho16_eigsh_methods_matlab,n,n,10000,NaN,9,3587848075,10000,3,3,16,36,4,32,5.76e-06,6.4e-07,200770,1203864,0.01203864,0.0190159166666667,0.0326382083333333,sparse,0,0,60.231,96,201364.17303552,20.136417303552,60.409251910656,0.111044448889778,CountSketch RP,countsketch_random_projection,0,1,1,0.000490375,0.168816708333333,0.220417625,,0.127498125,0.000202416666666667,0.0410629583333333,0.168772041666667,0.999998277015753,0.657304941781585,NaN,NaN,NaN,NaN,NaN,NaN,NaN,NaN,NaN,NaN,NaN,0.00017725,163,40,78,0,0.00366866666666667,0.0803937083333333,0.030108375,0.0119651666666667,0.000795666666666667,0.000343583333333333
EXP-20260506-007_uniform_hsbm_n_rho16_eigsh_methods_matlab,n,n,10000,NaN,10,3587848076,10000,3,3,16,36,4,32,5.76e-06,6.4e-07,201313,1207492,0.01207492,0.01902475,0.032772,sparse,0,0,60.3939,94,201364.17303552,20.136417303552,60.409251910656,0.111044448889778,Non-random eigs,non_random,0,1,1,0.000604583333333333,0.0304692083333333,0.0822331666666667,eigs,0.00713829166666667,0.000118208333333333,0.0231799166666667,0.0304425416666667,1,0.658115826961791,NaN,NaN,NaN,NaN,NaN,NaN,NaN,NaN,NaN,NaN,NaN,NaN,NaN,NaN,NaN,NaN,NaN,NaN,NaN,NaN,NaN,NaN
EXP-20260506-007_uniform_hsbm_n_rho16_eigsh_methods_matlab,n,n,10000,NaN,10,3587848076,10000,3,3,16,36,4,32,5.76e-06,6.4e-07,201313,1207492,0.01207492,0.01902475,0.032772,sparse,0,0,60.3939,94,201364.17303552,20.136417303552,60.409251910656,0.111044448889778,Gaussian RP,gaussian_random_projection,0,1,1,0.000659958333333333,0.18772325,0.239471583333333,,0.136351625,0.000188416666666667,0.0511347916666667,0.187682833333333,0.999998613110852,0.657051829088907,0.00518625,0.0901367083333333,0.0276452083333333,0.012212375,0.000832208333333333,0.000305833333333333,NaN,NaN,NaN,NaN,NaN,NaN,NaN,NaN,NaN,NaN,NaN,NaN,NaN,NaN,NaN,NaN
EXP-20260506-007_uniform_hsbm_n_rho16_eigsh_methods_matlab,n,n,10000,NaN,10,3587848076,10000,3,3,16,36,4,32,5.76e-06,6.4e-07,201313,1207492,0.01207492,0.01902475,0.032772,sparse,0,0,60.3939,94,201364.17303552,20.136417303552,60.409251910656,0.111044448889778,Random sampling,random_sampling,9.9999999999989e-05,0.999700015004503,0.99917062385296,0.000578458333333333,0.043192125,0.0949415833333333,,0.0227794166666667,9.94166666666667e-05,0.020266,0.04315125,1.05650691482929,0.745261237150234,NaN,NaN,NaN,NaN,NaN,NaN,0.0139699583333333,608746,426104,0.7,845164,NaN,NaN,NaN,NaN,NaN,NaN,NaN,NaN,NaN,NaN,NaN
EXP-20260506-007_uniform_hsbm_n_rho16_eigsh_methods_matlab,n,n,10000,NaN,10,3587848076,10000,3,3,16,36,4,32,5.76e-06,6.4e-07,201313,1207492,0.01207492,0.01902475,0.032772,sparse,0,0,60.3939,94,201364.17303552,20.136417303552,60.409251910656,0.111044448889778,CountSketch RP,countsketch_random_projection,0,1,1,0.000569541666666667,0.157635125,0.209381,,0.123105291666667,0.000123125,0.0343558333333333,0.157591333333333,0.999998715934577,0.657117152671942,NaN,NaN,NaN,NaN,NaN,NaN,NaN,NaN,NaN,NaN,NaN,0.000190083333333333,163,44,87,0,0.003995,0.0798804583333333,0.025729875,0.012125,0.000782625,0.000356833333333333
