experiment,sweep,x_col,x_value,density_level,rep,seed,n,K,m,rho_n,a_in,b_out,signal_gap,p_in,p_out,num_hyperedges_total,theta_nnz,theta_density,generation_wall_sec,hypergraph_laplacian_build_wall_sec,sampling_mode,num_isolated_nodes,isolated_fraction,hypergraph_degree_mean,hypergraph_degree_max,expected_hyperedges_total,expected_hyperedges_per_n,expected_degree_mean,candidate_within_fraction,method,method_key,misclassification_rate,ARI,NMI,metric_wall_sec,method_wall_sec,algorithm_total_wall_sec,non_random_eigensolver,eigen_decomposition_wall_sec,embedding_normalize_wall_sec,kmeans_wall_sec,spectral_clustering_wall_sec,top_eigenvalue_max,top_eigenvalue_min,rp_draw_omega_sec,rp_power_iter_sec,rp_qr_sec,rp_build_core_sec,rp_small_eig_sec,rp_lift_sec,rs_sample_matrix_wall_sec,rs_original_upper_nnz,rs_sampled_upper_nnz,rs_sampling_probability,rs_sampled_theta_nnz,cs_draw_hash_sec,cs_embedding_dim,cs_bucket_min_load,cs_bucket_max_load,cs_empty_buckets,cs_initial_multiply_sec,cs_power_iter_sec,cs_qr_sec,cs_build_core_sec,cs_small_eig_sec,cs_lift_sec
EXP-20260506-009_uniform_hsbm_rho_eigsh_methods_matlab,rho_n,rho_n,2,NaN,1,220260507,5000,3,3,2,36,4,32,2.88e-06,3.2e-07,12404,79250,0.00317,0.00484608333333333,0.00460979166666667,sparse,2,0.0004,7.4424,21,12577.9321472,2.51558642944,7.54675928832,0.110977795559112,Non-random eigs,non_random,0.1086,0.700712568152127,0.619137372260565,0.000430666666666667,0.034007125,0.0434174583333333,eigs,0.0121960833333333,6.3875e-05,0.021701625,0.0339690416666667,1,0.743190610261096,NaN,NaN,NaN,NaN,NaN,NaN,NaN,NaN,NaN,NaN,NaN,NaN,NaN,NaN,NaN,NaN,NaN,NaN,NaN,NaN,NaN,NaN
EXP-20260506-009_uniform_hsbm_rho_eigsh_methods_matlab,rho_n,rho_n,2,NaN,1,220260507,5000,3,3,2,36,4,32,2.88e-06,3.2e-07,12404,79250,0.00317,0.00484608333333333,0.00460979166666667,sparse,2,0.0004,7.4424,21,12577.9321472,2.51558642944,7.54675928832,0.110977795559112,Gaussian RP,gaussian_random_projection,0.146,0.609845913344701,0.529889915530295,0.000462375,0.0536245833333333,0.0630395833333333,,0.0278955416666667,7.1875e-05,0.0256162916666667,0.0535897916666667,0.999653480354776,0.729872601940853,0.002633125,0.00660558333333333,0.0145814583333333,0.001941875,0.00192816666666667,0.000164916666666667,NaN,NaN,NaN,NaN,NaN,NaN,NaN,NaN,NaN,NaN,NaN,NaN,NaN,NaN,NaN,NaN
EXP-20260506-009_uniform_hsbm_rho_eigsh_methods_matlab,rho_n,rho_n,2,NaN,1,220260507,5000,3,3,2,36,4,32,2.88e-06,3.2e-07,12404,79250,0.00317,0.00484608333333333,0.00460979166666667,sparse,2,0.0004,7.4424,21,12577.9321472,2.51558642944,7.54675928832,0.110977795559112,Random sampling,random_sampling,0.5678,0.0448819979030225,0.0399625327919304,0.0003455,0.0621104583333333,0.07150525,,0.0135743333333333,6.18333333333333e-05,0.0484132083333333,0.062057875,1.08045786784654,0.880242903629895,NaN,NaN,NaN,NaN,NaN,NaN,0.001287875,42124,29575,0.7,55598,NaN,NaN,NaN,NaN,NaN,NaN,NaN,NaN,NaN,NaN,NaN
EXP-20260506-009_uniform_hsbm_rho_eigsh_methods_matlab,rho_n,rho_n,2,NaN,1,220260507,5000,3,3,2,36,4,32,2.88e-06,3.2e-07,12404,79250,0.00317,0.00484608333333333,0.00460979166666667,sparse,2,0.0004,7.4424,21,12577.9321472,2.51558642944,7.54675928832,0.110977795559112,CountSketch RP,countsketch_random_projection,0.1522,0.595547582967963,0.516367280492193,0.000556416666666667,0.054081,0.0634874583333333,,0.0274474166666667,6.775e-05,0.0265164166666667,0.054038,0.999715437587998,0.729348726729695,NaN,NaN,NaN,NaN,NaN,NaN,NaN,NaN,NaN,NaN,NaN,0.000288583333333333,163,18,44,0,0.002190875,0.00598458333333333,0.0150546666666667,0.002908375,0.000812833333333333,0.000160625
EXP-20260506-009_uniform_hsbm_rho_eigsh_methods_matlab,rho_n,rho_n,2,NaN,2,220260508,5000,3,3,2,36,4,32,2.88e-06,3.2e-07,12712,81107,0.00324428,0.00225491666666667,0.00287225,sparse,1,0.0002,7.6272,22,12577.9321472,2.51558642944,7.54675928832,0.110977795559112,Non-random eigs,non_random,0.1066,0.705836789179847,0.6247908557622,0.000330208333333333,0.0252684166666667,0.03035875,eigs,0.0045365,5.65833333333333e-05,0.0206385,0.0252390833333333,1,0.738785640414062,NaN,NaN,NaN,NaN,NaN,NaN,NaN,NaN,NaN,NaN,NaN,NaN,NaN,NaN,NaN,NaN,NaN,NaN,NaN,NaN,NaN,NaN
EXP-20260506-009_uniform_hsbm_rho_eigsh_methods_matlab,rho_n,rho_n,2,NaN,2,220260508,5000,3,3,2,36,4,32,2.88e-06,3.2e-07,12712,81107,0.00324428,0.00225491666666667,0.00287225,sparse,1,0.0002,7.6272,22,12577.9321472,2.51558642944,7.54675928832,0.110977795559112,Gaussian RP,gaussian_random_projection,0.1528,0.594426689127016,0.516403801418055,0.000338833333333333,0.0522444166666667,0.0573329583333333,,0.027913625,6.17083333333333e-05,0.0242304583333333,0.0522118333333333,0.999755184136437,0.72553639264682,0.00255283333333333,0.00690675,0.01559925,0.00192245833333333,0.00075375,0.000147875,NaN,NaN,NaN,NaN,NaN,NaN,NaN,NaN,NaN,NaN,NaN,NaN,NaN,NaN,NaN,NaN
EXP-20260506-009_uniform_hsbm_rho_eigsh_methods_matlab,rho_n,rho_n,2,NaN,2,220260508,5000,3,3,2,36,4,32,2.88e-06,3.2e-07,12712,81107,0.00324428,0.00225491666666667,0.00287225,sparse,1,0.0002,7.6272,22,12577.9321472,2.51558642944,7.54675928832,0.110977795559112,Random sampling,random_sampling,0.3912,0.245063775763947,0.240411607009048,0.000337166666666667,0.0811395833333333,0.08621375,,0.0108256666666667,6.14583333333333e-05,0.0701994583333333,0.0810934166666667,1.07896762348946,0.872168900151974,NaN,NaN,NaN,NaN,NaN,NaN,0.00121316666666667,43053,30167,0.7,56790,NaN,NaN,NaN,NaN,NaN,NaN,NaN,NaN,NaN,NaN,NaN
EXP-20260506-009_uniform_hsbm_rho_eigsh_methods_matlab,rho_n,rho_n,2,NaN,2,220260508,5000,3,3,2,36,4,32,2.88e-06,3.2e-07,12712,81107,0.00324428,0.00225491666666667,0.00287225,sparse,1,0.0002,7.6272,22,12577.9321472,2.51558642944,7.54675928832,0.110977795559112,CountSketch RP,countsketch_random_projection,0.1428,0.61800963342393,0.538430736151208,0.000394291666666667,0.0532706666666667,0.058348875,,0.027743125,6.45416666666667e-05,0.0254140416666667,0.053229375,0.999790240727458,0.725599900679033,NaN,NaN,NaN,NaN,NaN,NaN,NaN,NaN,NaN,NaN,NaN,0.000125416666666667,163,18,43,0,0.001415375,0.00654679166666667,0.01685525,0.00187266666666667,0.000748875,0.000144916666666667
EXP-20260506-009_uniform_hsbm_rho_eigsh_methods_matlab,rho_n,rho_n,2,NaN,3,220260509,5000,3,3,2,36,4,32,2.88e-06,3.2e-07,12434,79419,0.00317676,0.00194641666666667,0.002637375,sparse,5,0.001,7.4604,18,12577.9321472,2.51558642944,7.54675928832,0.110977795559112,Non-random eigs,non_random,0.1044,0.711137951836825,0.630252338185137,0.000306958333333333,0.0218146666666667,0.0263684583333333,eigs,0.00452833333333333,6.4625e-05,0.0171917083333333,0.0217903333333333,1,0.742196202065632,NaN,NaN,NaN,NaN,NaN,NaN,NaN,NaN,NaN,NaN,NaN,NaN,NaN,NaN,NaN,NaN,NaN,NaN,NaN,NaN,NaN,NaN
EXP-20260506-009_uniform_hsbm_rho_eigsh_methods_matlab,rho_n,rho_n,2,NaN,3,220260509,5000,3,3,2,36,4,32,2.88e-06,3.2e-07,12434,79419,0.00317676,0.00194641666666667,0.002637375,sparse,5,0.001,7.4604,18,12577.9321472,2.51558642944,7.54675928832,0.110977795559112,Gaussian RP,gaussian_random_projection,0.1422,0.618643594552373,0.539424552335129,0.000331916666666667,0.0508372083333333,0.0553885416666667,,0.0278802916666667,6.79583333333333e-05,0.0228565,0.0508089583333333,0.999679037567348,0.727801261690887,0.002547625,0.00699733333333333,0.0154099583333333,0.00198575,0.000771458333333333,0.000142166666666667,NaN,NaN,NaN,NaN,NaN,NaN,NaN,NaN,NaN,NaN,NaN,NaN,NaN,NaN,NaN,NaN
EXP-20260506-009_uniform_hsbm_rho_eigsh_methods_matlab,rho_n,rho_n,2,NaN,3,220260509,5000,3,3,2,36,4,32,2.88e-06,3.2e-07,12434,79419,0.00317676,0.00194641666666667,0.002637375,sparse,5,0.001,7.4604,18,12577.9321472,2.51558642944,7.54675928832,0.110977795559112,Random sampling,random_sampling,0.29,0.320577670433068,0.272267386887553,0.000357333333333333,0.0491454583333333,0.053676125,,0.011221875,6.71666666666667e-05,0.0378032916666667,0.0490998333333333,1.07513860793965,0.877662483562936,NaN,NaN,NaN,NaN,NaN,NaN,0.00122854166666667,42207,29514,0.7,55581,NaN,NaN,NaN,NaN,NaN,NaN,NaN,NaN,NaN,NaN,NaN
EXP-20260506-009_uniform_hsbm_rho_eigsh_methods_matlab,rho_n,rho_n,2,NaN,3,220260509,5000,3,3,2,36,4,32,2.88e-06,3.2e-07,12434,79419,0.00317676,0.00194641666666667,0.002637375,sparse,5,0.001,7.4604,18,12577.9321472,2.51558642944,7.54675928832,0.110977795559112,CountSketch RP,countsketch_random_projection,0.1634,0.569836265370844,0.491949017144951,0.000371791666666667,0.0528763333333333,0.0574137916666667,,0.0270704166666667,6.74583333333333e-05,0.025692125,0.052836375,0.999700209214374,0.724507905943977,NaN,NaN,NaN,NaN,NaN,NaN,NaN,NaN,NaN,NaN,NaN,0.000125416666666667,163,18,47,0,0.0013705,0.00618875,0.0164690416666667,0.00200041666666667,0.000748875,0.000130875
EXP-20260506-009_uniform_hsbm_rho_eigsh_methods_matlab,rho_n,rho_n,2,NaN,4,220260510,5000,3,3,2,36,4,32,2.88e-06,3.2e-07,12815,81727,0.00326908,0.0021285,0.00280045833333333,sparse,3,0.0006,7.689,20,12577.9321472,2.51558642944,7.54675928832,0.110977795559112,Non-random eigs,non_random,0.0988,0.725712346856974,0.645222685839119,0.000315541666666667,0.0223917083333333,0.02729225,eigs,0.00436008333333333,6.26666666666667e-05,0.0179405416666667,0.0223671666666667,1,0.740165677684497,NaN,NaN,NaN,NaN,NaN,NaN,NaN,NaN,NaN,NaN,NaN,NaN,NaN,NaN,NaN,NaN,NaN,NaN,NaN,NaN,NaN,NaN
EXP-20260506-009_uniform_hsbm_rho_eigsh_methods_matlab,rho_n,rho_n,2,NaN,4,220260510,5000,3,3,2,36,4,32,2.88e-06,3.2e-07,12815,81727,0.00326908,0.0021285,0.00280045833333333,sparse,3,0.0006,7.689,20,12577.9321472,2.51558642944,7.54675928832,0.110977795559112,Gaussian RP,gaussian_random_projection,0.1366,0.632267585219262,0.551696841229407,0.000317041666666667,0.049876875,0.0547714583333333,,0.0273288333333333,6.49583333333333e-05,0.0224487083333333,0.0498479583333333,0.999780232147039,0.727354450366983,0.00256104166666667,0.00716329166666667,0.0147340833333333,0.00193908333333333,0.000764125,0.000142541666666667,NaN,NaN,NaN,NaN,NaN,NaN,NaN,NaN,NaN,NaN,NaN,NaN,NaN,NaN,NaN,NaN
EXP-20260506-009_uniform_hsbm_rho_eigsh_methods_matlab,rho_n,rho_n,2,NaN,4,220260510,5000,3,3,2,36,4,32,2.88e-06,3.2e-07,12815,81727,0.00326908,0.0021285,0.00280045833333333,sparse,3,0.0006,7.689,20,12577.9321472,2.51558642944,7.54675928832,0.110977795559112,Random sampling,random_sampling,0.5028,0.192881366137671,0.176932126682332,0.000308875,0.0892461666666667,0.0941205,,0.0134216666666667,6.04583333333333e-05,0.0757094166666667,0.0891990416666667,1.07897586918879,0.874335070755088,NaN,NaN,NaN,NaN,NaN,NaN,0.00122645833333333,43362,30414,0.7,57291,NaN,NaN,NaN,NaN,NaN,NaN,NaN,NaN,NaN,NaN,NaN
EXP-20260506-009_uniform_hsbm_rho_eigsh_methods_matlab,rho_n,rho_n,2,NaN,4,220260510,5000,3,3,2,36,4,32,2.88e-06,3.2e-07,12815,81727,0.00326908,0.0021285,0.00280045833333333,sparse,3,0.0006,7.689,20,12577.9321472,2.51558642944,7.54675928832,0.110977795559112,CountSketch RP,countsketch_random_projection,0.1378,0.629222048129587,0.548612372060408,0.000326875,0.0481276666666667,0.05301125,,0.0248224166666667,6.5875e-05,0.023194,0.0480883333333333,0.999810156184023,0.726807462421739,NaN,NaN,NaN,NaN,NaN,NaN,NaN,NaN,NaN,NaN,NaN,0.000122291666666667,163,11,44,0,0.00144241666666667,0.00583345833333333,0.0145870833333333,0.001909375,0.000748791666666667,0.00014625
EXP-20260506-009_uniform_hsbm_rho_eigsh_methods_matlab,rho_n,rho_n,2,NaN,5,220260511,5000,3,3,2,36,4,32,2.88e-06,3.2e-07,12609,80517,0.00322068,0.00195591666666667,0.00272004166666667,sparse,1,0.0002,7.5654,19,12577.9321472,2.51558642944,7.54675928832,0.110977795559112,Non-random eigs,non_random,0.102,0.71736779340724,0.636175090889535,0.000330625,0.023366,0.0280113333333333,eigs,0.004446,6.70833333333333e-05,0.0188222916666667,0.0233409166666667,1,0.742894060512425,NaN,NaN,NaN,NaN,NaN,NaN,NaN,NaN,NaN,NaN,NaN,NaN,NaN,NaN,NaN,NaN,NaN,NaN,NaN,NaN,NaN,NaN
EXP-20260506-009_uniform_hsbm_rho_eigsh_methods_matlab,rho_n,rho_n,2,NaN,5,220260511,5000,3,3,2,36,4,32,2.88e-06,3.2e-07,12609,80517,0.00322068,0.00195591666666667,0.00272004166666667,sparse,1,0.0002,7.5654,19,12577.9321472,2.51558642944,7.54675928832,0.110977795559112,Gaussian RP,gaussian_random_projection,0.1426,0.617821096476343,0.538291961562004,0.0003515,0.047347625,0.051990375,,0.02655725,6.24166666666667e-05,0.02069475,0.0473192916666667,0.999746439138609,0.728679404063252,0.0025995,0.006203375,0.0150017083333333,0.00189570833333333,0.000724291666666667,0.00010675,NaN,NaN,NaN,NaN,NaN,NaN,NaN,NaN,NaN,NaN,NaN,NaN,NaN,NaN,NaN,NaN
EXP-20260506-009_uniform_hsbm_rho_eigsh_methods_matlab,rho_n,rho_n,2,NaN,5,220260511,5000,3,3,2,36,4,32,2.88e-06,3.2e-07,12609,80517,0.00322068,0.00195591666666667,0.00272004166666667,sparse,1,0.0002,7.5654,19,12577.9321472,2.51558642944,7.54675928832,0.110977795559112,Random sampling,random_sampling,0.2342,0.421187405978579,0.358590045399779,0.000317958333333333,0.0383975,0.0430350416666667,,0.0107900416666667,5.80416666666667e-05,0.027511,0.0383638333333333,1.07799529896522,0.870807997300039,NaN,NaN,NaN,NaN,NaN,NaN,0.001210625,42758,29990,0.7,56461,NaN,NaN,NaN,NaN,NaN,NaN,NaN,NaN,NaN,NaN,NaN
EXP-20260506-009_uniform_hsbm_rho_eigsh_methods_matlab,rho_n,rho_n,2,NaN,5,220260511,5000,3,3,2,36,4,32,2.88e-06,3.2e-07,12609,80517,0.00322068,0.00195591666666667,0.00272004166666667,sparse,1,0.0002,7.5654,19,12577.9321472,2.51558642944,7.54675928832,0.110977795559112,CountSketch RP,countsketch_random_projection,0.1456,0.61087180326488,0.530894730591408,0.000441708333333333,0.0481609583333333,0.0527935,,0.0254701666666667,6.27083333333333e-05,0.0225846666666667,0.0481239583333333,0.999802158204219,0.728120686488928,NaN,NaN,NaN,NaN,NaN,NaN,NaN,NaN,NaN,NaN,NaN,0.000117791666666667,163,15,49,0,0.00146775,0.005630875,0.015570125,0.00179925,0.000736666666666667,0.000115208333333333
EXP-20260506-009_uniform_hsbm_rho_eigsh_methods_matlab,rho_n,rho_n,2,NaN,6,220260512,5000,3,3,2,36,4,32,2.88e-06,3.2e-07,12615,80517,0.00322068,0.001939375,0.00273120833333333,sparse,3,0.0006,7.569,19,12577.9321472,2.51558642944,7.54675928832,0.110977795559112,Non-random eigs,non_random,0.121,0.670056946599697,0.58869169901203,0.000367916666666667,0.022083375,0.0267269583333333,eigs,0.0045245,5.75833333333333e-05,0.0174742916666667,0.0220612916666667,1,0.737777956676915,NaN,NaN,NaN,NaN,NaN,NaN,NaN,NaN,NaN,NaN,NaN,NaN,NaN,NaN,NaN,NaN,NaN,NaN,NaN,NaN,NaN,NaN
EXP-20260506-009_uniform_hsbm_rho_eigsh_methods_matlab,rho_n,rho_n,2,NaN,6,220260512,5000,3,3,2,36,4,32,2.88e-06,3.2e-07,12615,80517,0.00322068,0.001939375,0.00273120833333333,sparse,3,0.0006,7.569,19,12577.9321472,2.51558642944,7.54675928832,0.110977795559112,Gaussian RP,gaussian_random_projection,0.1648,0.566614651211376,0.489746085523962,0.000329708333333333,0.053189625,0.0578250416666667,,0.0272779583333333,7.28333333333333e-05,0.0258036666666667,0.0531595,0.999731048503584,0.723159188561812,0.00256545833333333,0.006439875,0.0152055833333333,0.00205991666666667,0.000818208333333333,0.000159833333333333,NaN,NaN,NaN,NaN,NaN,NaN,NaN,NaN,NaN,NaN,NaN,NaN,NaN,NaN,NaN,NaN
EXP-20260506-009_uniform_hsbm_rho_eigsh_methods_matlab,rho_n,rho_n,2,NaN,6,220260512,5000,3,3,2,36,4,32,2.88e-06,3.2e-07,12615,80517,0.00322068,0.001939375,0.00273120833333333,sparse,3,0.0006,7.569,19,12577.9321472,2.51558642944,7.54675928832,0.110977795559112,Random sampling,random_sampling,0.6284,0.0177077660319993,0.0365095482458393,0.000334666666666667,0.0672868333333333,0.0719098333333333,,0.00835625,6.04166666666667e-05,0.0588225833333333,0.067247,1.0727195957807,0.890924035777884,NaN,NaN,NaN,NaN,NaN,NaN,0.00122725,42757,29860,0.7,56251,NaN,NaN,NaN,NaN,NaN,NaN,NaN,NaN,NaN,NaN,NaN
EXP-20260506-009_uniform_hsbm_rho_eigsh_methods_matlab,rho_n,rho_n,2,NaN,6,220260512,5000,3,3,2,36,4,32,2.88e-06,3.2e-07,12615,80517,0.00322068,0.001939375,0.00273120833333333,sparse,3,0.0006,7.569,19,12577.9321472,2.51558642944,7.54675928832,0.110977795559112,CountSketch RP,countsketch_random_projection,0.159,0.58059911676139,0.503000737643545,0.000368666666666667,0.0520175,0.0566472916666667,,0.0258158333333333,6.3e-05,0.026097875,0.0519826666666667,0.999725951346252,0.720340990271097,NaN,NaN,NaN,NaN,NaN,NaN,NaN,NaN,NaN,NaN,NaN,0.000126583333333333,163,18,46,0,0.00140879166666667,0.005907125,0.0155800833333333,0.00188266666666667,0.00072625,0.000151416666666667
EXP-20260506-009_uniform_hsbm_rho_eigsh_methods_matlab,rho_n,rho_n,2,NaN,7,220260513,5000,3,3,2,36,4,32,2.88e-06,3.2e-07,12524,79992,0.00319968,0.001932875,0.00266416666666667,sparse,2,0.0004,7.5144,19,12577.9321472,2.51558642944,7.54675928832,0.110977795559112,Non-random eigs,non_random,0.1086,0.700642897729,0.619356822502106,0.000337125,0.0262950833333333,0.0308627916666667,eigs,0.004512,5.62083333333333e-05,0.0216975416666667,0.02627075,1,0.744222475507108,NaN,NaN,NaN,NaN,NaN,NaN,NaN,NaN,NaN,NaN,NaN,NaN,NaN,NaN,NaN,NaN,NaN,NaN,NaN,NaN,NaN,NaN
EXP-20260506-009_uniform_hsbm_rho_eigsh_methods_matlab,rho_n,rho_n,2,NaN,7,220260513,5000,3,3,2,36,4,32,2.88e-06,3.2e-07,12524,79992,0.00319968,0.001932875,0.00266416666666667,sparse,2,0.0004,7.5144,19,12577.9321472,2.51558642944,7.54675928832,0.110977795559112,Gaussian RP,gaussian_random_projection,0.1584,0.58116457494374,0.503380653898036,0.000649708333333333,0.0541452083333333,0.0586915,,0.028329375,6.49166666666667e-05,0.0257001666666667,0.0541015416666667,0.999712749298724,0.727548627317311,0.002660375,0.00680083333333333,0.0161647916666667,0.00185120833333333,0.000712875,0.00011375,NaN,NaN,NaN,NaN,NaN,NaN,NaN,NaN,NaN,NaN,NaN,NaN,NaN,NaN,NaN,NaN
EXP-20260506-009_uniform_hsbm_rho_eigsh_methods_matlab,rho_n,rho_n,2,NaN,7,220260513,5000,3,3,2,36,4,32,2.88e-06,3.2e-07,12524,79992,0.00319968,0.001932875,0.00266416666666667,sparse,2,0.0004,7.5144,19,12577.9321472,2.51558642944,7.54675928832,0.110977795559112,Random sampling,random_sampling,0.231,0.42699236226716,0.362970024326445,0.00064725,0.0393695,0.0439037916666667,,0.0115195833333333,7.54166666666667e-05,0.02771175,0.0393163333333333,1.08158904221836,0.877557564251647,NaN,NaN,NaN,NaN,NaN,NaN,0.001416375,42495,29844,0.7,56130,NaN,NaN,NaN,NaN,NaN,NaN,NaN,NaN,NaN,NaN,NaN
EXP-20260506-009_uniform_hsbm_rho_eigsh_methods_matlab,rho_n,rho_n,2,NaN,7,220260513,5000,3,3,2,36,4,32,2.88e-06,3.2e-07,12524,79992,0.00319968,0.001932875,0.00266416666666667,sparse,2,0.0004,7.5144,19,12577.9321472,2.51558642944,7.54675928832,0.110977795559112,CountSketch RP,countsketch_random_projection,0.1558,0.587116639373663,0.508117446023181,0.000329541666666667,0.04889575,0.0534513333333333,,0.02641225,6.72083333333333e-05,0.0223748333333333,0.0488591666666667,0.999762530086216,0.72919676901146,NaN,NaN,NaN,NaN,NaN,NaN,NaN,NaN,NaN,NaN,NaN,0.000184125,163,15,44,0,0.00146558333333333,0.00646766666666667,0.0149130416666667,0.00211825,0.00106016666666667,0.000163791666666667
EXP-20260506-009_uniform_hsbm_rho_eigsh_methods_matlab,rho_n,rho_n,2,NaN,8,220260514,5000,3,3,2,36,4,32,2.88e-06,3.2e-07,12525,80003,0.00320012,0.001996625,0.00288870833333333,sparse,5,0.001,7.515,21,12577.9321472,2.51558642944,7.54675928832,0.110977795559112,Non-random eigs,non_random,0.1074,0.703904125587609,0.622866914656834,0.00033925,0.0249794166666667,0.0298313333333333,eigs,0.00506995833333333,5.99583333333333e-05,0.0198160833333333,0.0249505833333333,1,0.738448734135457,NaN,NaN,NaN,NaN,NaN,NaN,NaN,NaN,NaN,NaN,NaN,NaN,NaN,NaN,NaN,NaN,NaN,NaN,NaN,NaN,NaN,NaN
EXP-20260506-009_uniform_hsbm_rho_eigsh_methods_matlab,rho_n,rho_n,2,NaN,8,220260514,5000,3,3,2,36,4,32,2.88e-06,3.2e-07,12525,80003,0.00320012,0.001996625,0.00288870833333333,sparse,5,0.001,7.515,21,12577.9321472,2.51558642944,7.54675928832,0.110977795559112,Gaussian RP,gaussian_random_projection,0.1564,0.58615263614675,0.507855087837792,0.00032475,0.0536282083333333,0.0584783333333333,,0.0289625,6.56666666666667e-05,0.0245648333333333,0.0535985416666667,0.999718008597462,0.722203167391181,0.002573625,0.007540375,0.01600975,0.001942,0.000749291666666667,0.000114708333333333,NaN,NaN,NaN,NaN,NaN,NaN,NaN,NaN,NaN,NaN,NaN,NaN,NaN,NaN,NaN,NaN
EXP-20260506-009_uniform_hsbm_rho_eigsh_methods_matlab,rho_n,rho_n,2,NaN,8,220260514,5000,3,3,2,36,4,32,2.88e-06,3.2e-07,12525,80003,0.00320012,0.001996625,0.00288870833333333,sparse,5,0.001,7.515,21,12577.9321472,2.51558642944,7.54675928832,0.110977795559112,Random sampling,random_sampling,0.4772,0.100907366860067,0.106201852517684,0.000326541666666667,0.067195125,0.07202975,,0.0147535833333333,6.15416666666667e-05,0.0523292916666667,0.0671522916666667,1.07309163531419,0.869693445367734,NaN,NaN,NaN,NaN,NaN,NaN,0.00124016666666667,42499,29595,0.7,55717,NaN,NaN,NaN,NaN,NaN,NaN,NaN,NaN,NaN,NaN,NaN
EXP-20260506-009_uniform_hsbm_rho_eigsh_methods_matlab,rho_n,rho_n,2,NaN,8,220260514,5000,3,3,2,36,4,32,2.88e-06,3.2e-07,12525,80003,0.00320012,0.001996625,0.00288870833333333,sparse,5,0.001,7.515,21,12577.9321472,2.51558642944,7.54675928832,0.110977795559112,CountSketch RP,countsketch_random_projection,0.1714,0.551790331505433,0.475084722903811,0.000375583333333333,0.049167,0.0540106666666667,,0.0263555833333333,6.44583333333333e-05,0.0227052916666667,0.04913075,0.999776803367547,0.720849883807188,NaN,NaN,NaN,NaN,NaN,NaN,NaN,NaN,NaN,NaN,NaN,0.000164541666666667,163,18,46,0,0.001401375,0.00544720833333333,0.0165020416666667,0.001935375,0.000750291666666667,0.000123083333333333
EXP-20260506-009_uniform_hsbm_rho_eigsh_methods_matlab,rho_n,rho_n,2,NaN,9,220260515,5000,3,3,2,36,4,32,2.88e-06,3.2e-07,12545,80099,0.00320396,0.00210104166666667,0.002967125,sparse,3,0.0006,7.527,20,12577.9321472,2.51558642944,7.54675928832,0.110977795559112,Non-random eigs,non_random,0.101,0.719890573566653,0.639752342852027,0.000363791666666667,0.0282274166666667,0.0332635416666667,eigs,0.0047435,6.12083333333333e-05,0.0233906666666667,0.028201125,1,0.740435989341376,NaN,NaN,NaN,NaN,NaN,NaN,NaN,NaN,NaN,NaN,NaN,NaN,NaN,NaN,NaN,NaN,NaN,NaN,NaN,NaN,NaN,NaN
EXP-20260506-009_uniform_hsbm_rho_eigsh_methods_matlab,rho_n,rho_n,2,NaN,9,220260515,5000,3,3,2,36,4,32,2.88e-06,3.2e-07,12545,80099,0.00320396,0.00210104166666667,0.002967125,sparse,3,0.0006,7.527,20,12577.9321472,2.51558642944,7.54675928832,0.110977795559112,Gaussian RP,gaussian_random_projection,0.1486,0.603893517245901,0.525487320083301,0.000402791666666667,0.052541125,0.0575762083333333,,0.03005775,6.8e-05,0.0223822916666667,0.0525130833333333,0.999743981597547,0.723715552798309,0.00267154166666667,0.00743208333333333,0.0171115,0.00195908333333333,0.000733875,0.00011975,NaN,NaN,NaN,NaN,NaN,NaN,NaN,NaN,NaN,NaN,NaN,NaN,NaN,NaN,NaN,NaN
EXP-20260506-009_uniform_hsbm_rho_eigsh_methods_matlab,rho_n,rho_n,2,NaN,9,220260515,5000,3,3,2,36,4,32,2.88e-06,3.2e-07,12545,80099,0.00320396,0.00210104166666667,0.002967125,sparse,3,0.0006,7.527,20,12577.9321472,2.51558642944,7.54675928832,0.110977795559112,Random sampling,random_sampling,0.2736,0.3486025372377,0.295595590050023,0.000426083333333333,0.0496514583333333,0.0546730833333333,,0.0128505,6.18333333333333e-05,0.0366925833333333,0.0496121666666667,1.07858484356718,0.875516179015706,NaN,NaN,NaN,NaN,NaN,NaN,0.001222125,42548,29875,0.7,56247,NaN,NaN,NaN,NaN,NaN,NaN,NaN,NaN,NaN,NaN,NaN
EXP-20260506-009_uniform_hsbm_rho_eigsh_methods_matlab,rho_n,rho_n,2,NaN,9,220260515,5000,3,3,2,36,4,32,2.88e-06,3.2e-07,12545,80099,0.00320396,0.00210104166666667,0.002967125,sparse,3,0.0006,7.527,20,12577.9321472,2.51558642944,7.54675928832,0.110977795559112,CountSketch RP,countsketch_random_projection,0.151,0.598716240079755,0.520693337330891,0.000354125,0.0544125833333333,0.059439625,,0.0248515833333333,6.84166666666667e-05,0.0294514583333333,0.0543774166666667,0.999768421055752,0.723802631010896,NaN,NaN,NaN,NaN,NaN,NaN,NaN,NaN,NaN,NaN,NaN,0.000119416666666667,163,14,43,0,0.001454875,0.005494625,0.01513,0.00177220833333333,0.000743666666666667,0.000107833333333333
EXP-20260506-009_uniform_hsbm_rho_eigsh_methods_matlab,rho_n,rho_n,2,NaN,10,220260516,5000,3,3,2,36,4,32,2.88e-06,3.2e-07,12789,81569,0.00326276,0.001950375,0.002275125,sparse,1,0.0002,7.6734,19,12577.9321472,2.51558642944,7.54675928832,0.110977795559112,Non-random eigs,non_random,0.1038,0.712753894904854,0.631422910300565,0.000323166666666667,0.022798125,0.0269947916666667,eigs,0.00474641666666667,6.00416666666667e-05,0.0179628333333333,0.0227734166666667,1,0.740899723554233,NaN,NaN,NaN,NaN,NaN,NaN,NaN,NaN,NaN,NaN,NaN,NaN,NaN,NaN,NaN,NaN,NaN,NaN,NaN,NaN,NaN,NaN
EXP-20260506-009_uniform_hsbm_rho_eigsh_methods_matlab,rho_n,rho_n,2,NaN,10,220260516,5000,3,3,2,36,4,32,2.88e-06,3.2e-07,12789,81569,0.00326276,0.001950375,0.002275125,sparse,1,0.0002,7.6734,19,12577.9321472,2.51558642944,7.54675928832,0.110977795559112,Gaussian RP,gaussian_random_projection,0.1476,0.605946613385072,0.526973055868158,0.0003415,0.0539525,0.0581418333333333,,0.0275084166666667,6.37916666666667e-05,0.026344125,0.053922625,0.999740148499484,0.725605842579933,0.00260845833333333,0.00670091666666667,0.0155585416666667,0.00178508333333333,0.000718541666666667,0.000111833333333333,NaN,NaN,NaN,NaN,NaN,NaN,NaN,NaN,NaN,NaN,NaN,NaN,NaN,NaN,NaN,NaN
EXP-20260506-009_uniform_hsbm_rho_eigsh_methods_matlab,rho_n,rho_n,2,NaN,10,220260516,5000,3,3,2,36,4,32,2.88e-06,3.2e-07,12789,81569,0.00326276,0.001950375,0.002275125,sparse,1,0.0002,7.6734,19,12577.9321472,2.51558642944,7.54675928832,0.110977795559112,Random sampling,random_sampling,0.4874,0.133301334009294,0.124093665116222,0.000332833333333333,0.0649759166666667,0.0691525,,0.0119050833333333,6.89583333333333e-05,0.0529529583333333,0.064934375,1.07501258939823,0.869556168574897,NaN,NaN,NaN,NaN,NaN,NaN,0.00124908333333333,43284,30315,0.7,57141,NaN,NaN,NaN,NaN,NaN,NaN,NaN,NaN,NaN,NaN,NaN
EXP-20260506-009_uniform_hsbm_rho_eigsh_methods_matlab,rho_n,rho_n,2,NaN,10,220260516,5000,3,3,2,36,4,32,2.88e-06,3.2e-07,12789,81569,0.00326276,0.001950375,0.002275125,sparse,1,0.0002,7.6734,19,12577.9321472,2.51558642944,7.54675928832,0.110977795559112,CountSketch RP,countsketch_random_projection,0.1478,0.605682598045966,0.526910901489344,0.000350166666666667,0.0492824166666667,0.0534587083333333,,0.0263298333333333,7.15416666666667e-05,0.0228318333333333,0.0492403333333333,0.999727529756746,0.725210832766981,NaN,NaN,NaN,NaN,NaN,NaN,NaN,NaN,NaN,NaN,NaN,0.000118125,163,18,49,0,0.00140125,0.00582275,0.0161516666666667,0.001927875,0.00075925,0.000121791666666667
EXP-20260506-009_uniform_hsbm_rho_eigsh_methods_matlab,rho_n,rho_n,4,NaN,1,420260507,5000,3,3,4,36,4,32,5.76e-06,6.4e-07,25286,156084,0.00624336,0.00320720833333333,0.004259125,sparse,0,0,15.1716,30,25155.8642944,5.03117285888,15.09351857664,0.110977795559112,Non-random eigs,non_random,0.0118,0.964896002444194,0.934486814045116,0.00031675,0.0204055833333333,0.0278449166666667,eigs,0.00382308333333333,6.7375e-05,0.016488125,0.02038225,1,0.692750299034871,NaN,NaN,NaN,NaN,NaN,NaN,NaN,NaN,NaN,NaN,NaN,NaN,NaN,NaN,NaN,NaN,NaN,NaN,NaN,NaN,NaN,NaN
EXP-20260506-009_uniform_hsbm_rho_eigsh_methods_matlab,rho_n,rho_n,4,NaN,1,420260507,5000,3,3,4,36,4,32,5.76e-06,6.4e-07,25286,156084,0.00624336,0.00320720833333333,0.004259125,sparse,0,0,15.1716,30,25155.8642944,5.03117285888,15.09351857664,0.110977795559112,Gaussian RP,gaussian_random_projection,0.0234,0.931024509996253,0.884498389695781,0.00032225,0.049609625,0.0570427083333333,,0.0337090416666667,6.6375e-05,0.0158009583333333,0.04958175,0.999979314853763,0.686163840923649,0.00256333333333333,0.0117187083333333,0.0158976666666667,0.00260058333333333,0.0007555,0.000144875,NaN,NaN,NaN,NaN,NaN,NaN,NaN,NaN,NaN,NaN,NaN,NaN,NaN,NaN,NaN,NaN
EXP-20260506-009_uniform_hsbm_rho_eigsh_methods_matlab,rho_n,rho_n,4,NaN,1,420260507,5000,3,3,4,36,4,32,5.76e-06,6.4e-07,25286,156084,0.00624336,0.00320720833333333,0.004259125,sparse,0,0,15.1716,30,25155.8642944,5.03117285888,15.09351857664,0.110977795559112,Random sampling,random_sampling,0.0542,0.843998379042139,0.774384467810982,0.000291541666666667,0.02240375,0.0298340833333333,,0.00691320833333333,6.59166666666667e-05,0.015388625,0.02237225,1.0578606424986,0.790098955522421,NaN,NaN,NaN,NaN,NaN,NaN,0.002250625,80542,56256,0.7,109059,NaN,NaN,NaN,NaN,NaN,NaN,NaN,NaN,NaN,NaN,NaN
EXP-20260506-009_uniform_hsbm_rho_eigsh_methods_matlab,rho_n,rho_n,4,NaN,1,420260507,5000,3,3,4,36,4,32,5.76e-06,6.4e-07,25286,156084,0.00624336,0.00320720833333333,0.004259125,sparse,0,0,15.1716,30,25155.8642944,5.03117285888,15.09351857664,0.110977795559112,CountSketch RP,countsketch_random_projection,0.0198,0.94147998427028,0.899489609354668,0.000332291666666667,0.0481785833333333,0.0556033333333333,,0.031479625,6.20833333333333e-05,0.0165952916666667,0.04814275,0.999976604356986,0.687247108822256,NaN,NaN,NaN,NaN,NaN,NaN,NaN,NaN,NaN,NaN,NaN,0.000143791666666667,163,17,45,0,0.00121966666666667,0.0113792916666667,0.015344875,0.00252479166666667,0.000711666666666667,0.000121375
EXP-20260506-009_uniform_hsbm_rho_eigsh_methods_matlab,rho_n,rho_n,4,NaN,2,420260508,5000,3,3,4,36,4,32,5.76e-06,6.4e-07,25050,154676,0.00618704,0.00303283333333333,0.00414108333333333,sparse,0,0,15.03,30,25155.8642944,5.03117285888,15.09351857664,0.110977795559112,Non-random eigs,non_random,0.0155999999999999,0.953747118100512,0.917640877515165,0.000308583333333333,0.0168035416666667,0.02395025,eigs,0.003706875,6.37083333333333e-05,0.01300575,0.0167796666666667,1,0.69208500188653,NaN,NaN,NaN,NaN,NaN,NaN,NaN,NaN,NaN,NaN,NaN,NaN,NaN,NaN,NaN,NaN,NaN,NaN,NaN,NaN,NaN,NaN
EXP-20260506-009_uniform_hsbm_rho_eigsh_methods_matlab,rho_n,rho_n,4,NaN,2,420260508,5000,3,3,4,36,4,32,5.76e-06,6.4e-07,25050,154676,0.00618704,0.00303283333333333,0.00414108333333333,sparse,0,0,15.03,30,25155.8642944,5.03117285888,15.09351857664,0.110977795559112,Gaussian RP,gaussian_random_projection,0.0234,0.931019536183414,0.884695028084744,0.000355666666666667,0.046318625,0.0534597083333333,,0.0317187916666667,6.2625e-05,0.014504375,0.0462906666666667,0.99997788344295,0.687453786119657,0.002667625,0.01143025,0.0143998333333333,0.0023575,0.000733,0.000106791666666667,NaN,NaN,NaN,NaN,NaN,NaN,NaN,NaN,NaN,NaN,NaN,NaN,NaN,NaN,NaN,NaN
EXP-20260506-009_uniform_hsbm_rho_eigsh_methods_matlab,rho_n,rho_n,4,NaN,2,420260508,5000,3,3,4,36,4,32,5.76e-06,6.4e-07,25050,154676,0.00618704,0.00303283333333333,0.00414108333333333,sparse,0,0,15.03,30,25155.8642944,5.03117285888,15.09351857664,0.110977795559112,Random sampling,random_sampling,0.053,0.847236113734576,0.778352100305947,0.00038425,0.0255080833333333,0.0326351666666667,,0.00709433333333333,6.73333333333333e-05,0.0182995833333333,0.0254677083333333,1.06652196980593,0.797325445547075,NaN,NaN,NaN,NaN,NaN,NaN,0.002093375,79838,55899,0.7,108282,NaN,NaN,NaN,NaN,NaN,NaN,NaN,NaN,NaN,NaN,NaN
EXP-20260506-009_uniform_hsbm_rho_eigsh_methods_matlab,rho_n,rho_n,4,NaN,2,420260508,5000,3,3,4,36,4,32,5.76e-06,6.4e-07,25050,154676,0.00618704,0.00303283333333333,0.00414108333333333,sparse,0,0,15.03,30,25155.8642944,5.03117285888,15.09351857664,0.110977795559112,CountSketch RP,countsketch_random_projection,0.021,0.937987929746897,0.894476817854386,0.000343958333333333,0.04392475,0.0510624583333333,,0.028602875,6.52083333333333e-05,0.0152204583333333,0.0438935416666667,0.999984410580787,0.686463274204798,NaN,NaN,NaN,NaN,NaN,NaN,NaN,NaN,NaN,NaN,NaN,0.00011725,163,14,44,0,0.001193125,0.00989275,0.0142174166666667,0.002295,0.000724541666666667,0.000133833333333333
EXP-20260506-009_uniform_hsbm_rho_eigsh_methods_matlab,rho_n,rho_n,4,NaN,3,420260509,5000,3,3,4,36,4,32,5.76e-06,6.4e-07,24973,154184,0.00616736,0.002972625,0.00411625,sparse,0,0,14.9838,32,25155.8642944,5.03117285888,15.09351857664,0.110977795559112,Non-random eigs,non_random,0.0185999999999999,0.944959844023782,0.904257381789746,0.000311791666666667,0.0175067916666667,0.0245682916666667,eigs,0.00335245833333333,5.99583333333333e-05,0.014067,0.017483375,1,0.695449366001706,NaN,NaN,NaN,NaN,NaN,NaN,NaN,NaN,NaN,NaN,NaN,NaN,NaN,NaN,NaN,NaN,NaN,NaN,NaN,NaN,NaN,NaN
EXP-20260506-009_uniform_hsbm_rho_eigsh_methods_matlab,rho_n,rho_n,4,NaN,3,420260509,5000,3,3,4,36,4,32,5.76e-06,6.4e-07,24973,154184,0.00616736,0.002972625,0.00411625,sparse,0,0,14.9838,32,25155.8642944,5.03117285888,15.09351857664,0.110977795559112,Gaussian RP,gaussian_random_projection,0.0274,0.919447821790987,0.868900725744919,0.000341208333333333,0.0474671666666667,0.054527,,0.0333660833333333,6.475e-05,0.0140072916666667,0.04744225,0.999979832234598,0.689840931955356,0.00254845833333333,0.0113867916666667,0.0159289166666667,0.00259225,0.000745166666666667,0.000138541666666667,NaN,NaN,NaN,NaN,NaN,NaN,NaN,NaN,NaN,NaN,NaN,NaN,NaN,NaN,NaN,NaN
EXP-20260506-009_uniform_hsbm_rho_eigsh_methods_matlab,rho_n,rho_n,4,NaN,3,420260509,5000,3,3,4,36,4,32,5.76e-06,6.4e-07,24973,154184,0.00616736,0.002972625,0.00411625,sparse,0,0,14.9838,32,25155.8642944,5.03117285888,15.09351857664,0.110977795559112,Random sampling,random_sampling,0.05,0.855586294911614,0.787952977064,0.000351708333333333,0.0263730833333333,0.0334105833333333,,0.00660908333333333,6.19583333333333e-05,0.0196506666666667,0.0263275833333333,1.06638118100417,0.796909101598321,NaN,NaN,NaN,NaN,NaN,NaN,0.00207154166666667,79592,55751,0.7,107961,NaN,NaN,NaN,NaN,NaN,NaN,NaN,NaN,NaN,NaN,NaN
EXP-20260506-009_uniform_hsbm_rho_eigsh_methods_matlab,rho_n,rho_n,4,NaN,3,420260509,5000,3,3,4,36,4,32,5.76e-06,6.4e-07,24973,154184,0.00616736,0.002972625,0.00411625,sparse,0,0,14.9838,32,25155.8642944,5.03117285888,15.09351857664,0.110977795559112,CountSketch RP,countsketch_random_projection,0.0244,0.928106426279635,0.880811894831656,0.000384708333333333,0.0551384166666667,0.0621709583333333,,0.0373575,6.975e-05,0.0176548333333333,0.0550895833333333,0.999983196913115,0.689489118144626,NaN,NaN,NaN,NaN,NaN,NaN,NaN,NaN,NaN,NaN,NaN,0.000109666666666667,163,19,45,0,0.00137695833333333,0.0144847083333333,0.0174985416666667,0.002949375,0.000776875,0.000115666666666667
EXP-20260506-009_uniform_hsbm_rho_eigsh_methods_matlab,rho_n,rho_n,4,NaN,4,420260510,5000,3,3,4,36,4,32,5.76e-06,6.4e-07,25248,155832,0.00623328,0.00317304166666667,0.0042035,sparse,0,0,15.1488,31,25155.8642944,5.03117285888,15.09351857664,0.110977795559112,Non-random eigs,non_random,0.017,0.949631121662236,0.911027677534243,0.000377958333333333,0.0181230833333333,0.0254687916666667,eigs,0.003872,8.07083333333333e-05,0.0141395416666667,0.01809725,1,0.691064104628065,NaN,NaN,NaN,NaN,NaN,NaN,NaN,NaN,NaN,NaN,NaN,NaN,NaN,NaN,NaN,NaN,NaN,NaN,NaN,NaN,NaN,NaN
EXP-20260506-009_uniform_hsbm_rho_eigsh_methods_matlab,rho_n,rho_n,4,NaN,4,420260510,5000,3,3,4,36,4,32,5.76e-06,6.4e-07,25248,155832,0.00623328,0.00317304166666667,0.0042035,sparse,0,0,15.1488,31,25155.8642944,5.03117285888,15.09351857664,0.110977795559112,Gaussian RP,gaussian_random_projection,0.0264,0.922344453220358,0.872610008383911,0.000346791666666667,0.0503869166666667,0.0577214166666667,,0.0334387083333333,6.89583333333333e-05,0.0168372083333333,0.050352875,0.999978371848105,0.684965128009896,0.00270008333333333,0.0126138333333333,0.0146615833333333,0.00250570833333333,0.000797125,0.000126708333333333,NaN,NaN,NaN,NaN,NaN,NaN,NaN,NaN,NaN,NaN,NaN,NaN,NaN,NaN,NaN,NaN
EXP-20260506-009_uniform_hsbm_rho_eigsh_methods_matlab,rho_n,rho_n,4,NaN,4,420260510,5000,3,3,4,36,4,32,5.76e-06,6.4e-07,25248,155832,0.00623328,0.00317304166666667,0.0042035,sparse,0,0,15.1488,31,25155.8642944,5.03117285888,15.09351857664,0.110977795559112,Random sampling,random_sampling,0.0546,0.842829935245886,0.773468365778735,0.000364708333333333,0.0231724166666667,0.03050525,,0.006904875,6.12916666666667e-05,0.0161625416666667,0.023134125,1.06693488095482,0.791116927233413,NaN,NaN,NaN,NaN,NaN,NaN,0.002111,80416,56484,0.7,109471,NaN,NaN,NaN,NaN,NaN,NaN,NaN,NaN,NaN,NaN,NaN
EXP-20260506-009_uniform_hsbm_rho_eigsh_methods_matlab,rho_n,rho_n,4,NaN,4,420260510,5000,3,3,4,36,4,32,5.76e-06,6.4e-07,25248,155832,0.00623328,0.00317304166666667,0.0042035,sparse,0,0,15.1488,31,25155.8642944,5.03117285888,15.09351857664,0.110977795559112,CountSketch RP,countsketch_random_projection,0.026,0.923505204384127,0.874094891821,0.00031575,0.050274125,0.0576127083333333,,0.031015125,6.59166666666667e-05,0.019155125,0.0502412083333333,0.99997200180574,0.685453762937489,NaN,NaN,NaN,NaN,NaN,NaN,NaN,NaN,NaN,NaN,NaN,0.000124416666666667,163,18,54,0,0.00123875,0.0110468333333333,0.015228875,0.00244920833333333,0.000783083333333333,0.00010625
EXP-20260506-009_uniform_hsbm_rho_eigsh_methods_matlab,rho_n,rho_n,4,NaN,5,420260511,5000,3,3,4,36,4,32,5.76e-06,6.4e-07,25163,155326,0.00621304,0.0029755,0.00417004166666667,sparse,0,0,15.0978,32,25155.8642944,5.03117285888,15.09351857664,0.110977795559112,Non-random eigs,non_random,0.0152,0.954917391174935,0.919111332933998,0.000358916666666667,0.019482625,0.0265955833333333,eigs,0.00373754166666667,6.42083333333333e-05,0.0156482916666667,0.0194547916666667,0.999999999999999,0.694002041720384,NaN,NaN,NaN,NaN,NaN,NaN,NaN,NaN,NaN,NaN,NaN,NaN,NaN,NaN,NaN,NaN,NaN,NaN,NaN,NaN,NaN,NaN
EXP-20260506-009_uniform_hsbm_rho_eigsh_methods_matlab,rho_n,rho_n,4,NaN,5,420260511,5000,3,3,4,36,4,32,5.76e-06,6.4e-07,25163,155326,0.00621304,0.0029755,0.00417004166666667,sparse,0,0,15.0978,32,25155.8642944,5.03117285888,15.09351857664,0.110977795559112,Gaussian RP,gaussian_random_projection,0.0204,0.939715031481551,0.896682922922774,0.000342,0.0477655416666667,0.054875625,,0.0330298333333333,6.68333333333333e-05,0.0146334166666667,0.04773525,0.999976584037596,0.68845330087356,0.00256745833333333,0.0116174166666667,0.0155115833333333,0.00237870833333333,0.000798041666666667,0.000131833333333333,NaN,NaN,NaN,NaN,NaN,NaN,NaN,NaN,NaN,NaN,NaN,NaN,NaN,NaN,NaN,NaN
EXP-20260506-009_uniform_hsbm_rho_eigsh_methods_matlab,rho_n,rho_n,4,NaN,5,420260511,5000,3,3,4,36,4,32,5.76e-06,6.4e-07,25163,155326,0.00621304,0.0029755,0.00417004166666667,sparse,0,0,15.0978,32,25155.8642944,5.03117285888,15.09351857664,0.110977795559112,Random sampling,random_sampling,0.047,0.863886635746709,0.798484530773917,0.000382583333333333,0.0259519583333333,0.033055875,,0.00721158333333333,5.97083333333333e-05,0.0186390416666667,0.0259149166666667,1.06333440642495,0.79579181725519,NaN,NaN,NaN,NaN,NaN,NaN,0.00223408333333333,80163,56212,0.7,108971,NaN,NaN,NaN,NaN,NaN,NaN,NaN,NaN,NaN,NaN,NaN
EXP-20260506-009_uniform_hsbm_rho_eigsh_methods_matlab,rho_n,rho_n,4,NaN,5,420260511,5000,3,3,4,36,4,32,5.76e-06,6.4e-07,25163,155326,0.00621304,0.0029755,0.00417004166666667,sparse,0,0,15.0978,32,25155.8642944,5.03117285888,15.09351857664,0.110977795559112,CountSketch RP,countsketch_random_projection,0.0198,0.941467131635684,0.899328022763162,0.000386625,0.0455887083333333,0.05268825,,0.0305080416666667,7.77916666666667e-05,0.014956875,0.045549625,0.999977907530328,0.689052578821189,NaN,NaN,NaN,NaN,NaN,NaN,NaN,NaN,NaN,NaN,NaN,0.000111416666666667,163,19,47,0,0.001212125,0.011236625,0.0147522916666667,0.00230529166666667,0.000751416666666667,0.000103125
EXP-20260506-009_uniform_hsbm_rho_eigsh_methods_matlab,rho_n,rho_n,4,NaN,6,420260512,5000,3,3,4,36,4,32,5.76e-06,6.4e-07,25335,156360,0.0062544,0.003050625,0.004462125,sparse,0,0,15.201,33,25155.8642944,5.03117285888,15.09351857664,0.110977795559112,Non-random eigs,non_random,0.0148,0.95608613858457,0.92129473234545,0.0003055,0.0166976666666667,0.0241826666666667,eigs,0.003626625,5.47083333333333e-05,0.0129885833333333,0.016673125,1,0.694560217941711,NaN,NaN,NaN,NaN,NaN,NaN,NaN,NaN,NaN,NaN,NaN,NaN,NaN,NaN,NaN,NaN,NaN,NaN,NaN,NaN,NaN,NaN
EXP-20260506-009_uniform_hsbm_rho_eigsh_methods_matlab,rho_n,rho_n,4,NaN,6,420260512,5000,3,3,4,36,4,32,5.76e-06,6.4e-07,25335,156360,0.0062544,0.003050625,0.004462125,sparse,0,0,15.201,33,25155.8642944,5.03117285888,15.09351857664,0.110977795559112,Gaussian RP,gaussian_random_projection,0.0212,0.93740460472312,0.89361783427371,0.000283958333333333,0.0480857916666667,0.0555650833333333,,0.0331485,6.55833333333333e-05,0.01483825,0.0480577916666667,0.99997858160182,0.689998062678668,0.00268304166666667,0.0117149166666667,0.0153926666666667,0.00245808333333333,0.00075125,0.00012025,NaN,NaN,NaN,NaN,NaN,NaN,NaN,NaN,NaN,NaN,NaN,NaN,NaN,NaN,NaN,NaN
EXP-20260506-009_uniform_hsbm_rho_eigsh_methods_matlab,rho_n,rho_n,4,NaN,6,420260512,5000,3,3,4,36,4,32,5.76e-06,6.4e-07,25335,156360,0.0062544,0.003050625,0.004462125,sparse,0,0,15.201,33,25155.8642944,5.03117285888,15.09351857664,0.110977795559112,Random sampling,random_sampling,0.0488,0.858954590509321,0.792335518949151,0.000324875,0.02762475,0.035088375,,0.00677208333333333,6.25416666666667e-05,0.020741,0.0275819583333333,1.06309468775319,0.798459138054482,NaN,NaN,NaN,NaN,NaN,NaN,0.00205583333333333,80680,56408,0.7,109327,NaN,NaN,NaN,NaN,NaN,NaN,NaN,NaN,NaN,NaN,NaN
EXP-20260506-009_uniform_hsbm_rho_eigsh_methods_matlab,rho_n,rho_n,4,NaN,6,420260512,5000,3,3,4,36,4,32,5.76e-06,6.4e-07,25335,156360,0.0062544,0.003050625,0.004462125,sparse,0,0,15.201,33,25155.8642944,5.03117285888,15.09351857664,0.110977795559112,CountSketch RP,countsketch_random_projection,0.0212,0.937425741114978,0.894221118335016,0.000319875,0.0475415416666667,0.055016,,0.0308557916666667,6.37083333333333e-05,0.01658375,0.0475089166666667,0.999978234398661,0.68954574129295,NaN,NaN,NaN,NaN,NaN,NaN,NaN,NaN,NaN,NaN,NaN,0.00015975,163,16,45,0,0.00121325,0.0102762083333333,0.0158245833333333,0.00247695833333333,0.000749541666666667,0.000124208333333333
EXP-20260506-009_uniform_hsbm_rho_eigsh_methods_matlab,rho_n,rho_n,4,NaN,7,420260513,5000,3,3,4,36,4,32,5.76e-06,6.4e-07,25272,156018,0.00624072,0.00335066666666667,0.00415083333333333,sparse,0,0,15.1632,33,25155.8642944,5.03117285888,15.09351857664,0.110977795559112,Non-random eigs,non_random,0.0175999999999999,0.94790238523518,0.908788459697983,0.000311625,0.0185889583333333,0.026060875,eigs,0.00383320833333333,6.025e-05,0.0146659166666667,0.0185642083333333,0.999999999999999,0.688266199415163,NaN,NaN,NaN,NaN,NaN,NaN,NaN,NaN,NaN,NaN,NaN,NaN,NaN,NaN,NaN,NaN,NaN,NaN,NaN,NaN,NaN,NaN
EXP-20260506-009_uniform_hsbm_rho_eigsh_methods_matlab,rho_n,rho_n,4,NaN,7,420260513,5000,3,3,4,36,4,32,5.76e-06,6.4e-07,25272,156018,0.00624072,0.00335066666666667,0.00415083333333333,sparse,0,0,15.1632,33,25155.8642944,5.03117285888,15.09351857664,0.110977795559112,Gaussian RP,gaussian_random_projection,0.0264,0.922341932217003,0.872516904533599,0.000382125,0.0508734166666667,0.0583385,,0.032747,6.88333333333333e-05,0.0180211666666667,0.0508430416666667,0.999980025054828,0.68311227510623,0.00256958333333333,0.0119684166666667,0.014700875,0.00262170833333333,0.000727458333333333,0.000131583333333333,NaN,NaN,NaN,NaN,NaN,NaN,NaN,NaN,NaN,NaN,NaN,NaN,NaN,NaN,NaN,NaN
EXP-20260506-009_uniform_hsbm_rho_eigsh_methods_matlab,rho_n,rho_n,4,NaN,7,420260513,5000,3,3,4,36,4,32,5.76e-06,6.4e-07,25272,156018,0.00624072,0.00335066666666667,0.00415083333333333,sparse,0,0,15.1632,33,25155.8642944,5.03117285888,15.09351857664,0.110977795559112,Random sampling,random_sampling,0.0590000000000001,0.83083323463824,0.759258230155168,0.00028025,0.0270228333333333,0.0344842916666667,,0.00815904166666667,6.03333333333333e-05,0.0187634166666667,0.0269872083333333,1.05779060493581,0.789400730084724,NaN,NaN,NaN,NaN,NaN,NaN,0.00209120833333333,80509,56248,0.7,109045,NaN,NaN,NaN,NaN,NaN,NaN,NaN,NaN,NaN,NaN,NaN
EXP-20260506-009_uniform_hsbm_rho_eigsh_methods_matlab,rho_n,rho_n,4,NaN,7,420260513,5000,3,3,4,36,4,32,5.76e-06,6.4e-07,25272,156018,0.00624072,0.00335066666666667,0.00415083333333333,sparse,0,0,15.1632,33,25155.8642944,5.03117285888,15.09351857664,0.110977795559112,CountSketch RP,countsketch_random_projection,0.0238,0.929886126323507,0.883270156868133,0.000350125,0.0485730833333333,0.056029375,,0.03089775,6.70416666666667e-05,0.0175630833333333,0.0485344583333333,0.999973169159631,0.683254530823782,NaN,NaN,NaN,NaN,NaN,NaN,NaN,NaN,NaN,NaN,NaN,0.000109625,163,14,49,0,0.00121304166666667,0.0110541666666667,0.014877375,0.00270470833333333,0.000780916666666667,0.000121458333333333
EXP-20260506-009_uniform_hsbm_rho_eigsh_methods_matlab,rho_n,rho_n,4,NaN,8,420260514,5000,3,3,4,36,4,32,5.76e-06,6.4e-07,24982,154196,0.00616784,0.0032075,0.00423320833333333,sparse,0,0,14.9892,32,25155.8642944,5.03117285888,15.09351857664,0.110977795559112,Non-random eigs,non_random,0.0184,0.945558185698079,0.906274964277652,0.000339833333333333,0.018494875,0.025904,eigs,0.00382504166666667,6.23333333333333e-05,0.0145759166666667,0.0184690833333333,0.999999999999999,0.694396401910777,NaN,NaN,NaN,NaN,NaN,NaN,NaN,NaN,NaN,NaN,NaN,NaN,NaN,NaN,NaN,NaN,NaN,NaN,NaN,NaN,NaN,NaN
EXP-20260506-009_uniform_hsbm_rho_eigsh_methods_matlab,rho_n,rho_n,4,NaN,8,420260514,5000,3,3,4,36,4,32,5.76e-06,6.4e-07,24982,154196,0.00616784,0.0032075,0.00423320833333333,sparse,0,0,14.9892,32,25155.8642944,5.03117285888,15.09351857664,0.110977795559112,Gaussian RP,gaussian_random_projection,0.0258,0.924079145093582,0.874830460299011,0.000397833333333333,0.0515530833333333,0.0589564166666667,,0.03405075,6.3625e-05,0.0174013333333333,0.0515209166666667,0.999982716468173,0.689523456342695,0.00266508333333333,0.0118609166666667,0.0161753333333333,0.00244479166666667,0.000744,0.000134083333333333,NaN,NaN,NaN,NaN,NaN,NaN,NaN,NaN,NaN,NaN,NaN,NaN,NaN,NaN,NaN,NaN
EXP-20260506-009_uniform_hsbm_rho_eigsh_methods_matlab,rho_n,rho_n,4,NaN,8,420260514,5000,3,3,4,36,4,32,5.76e-06,6.4e-07,24982,154196,0.00616784,0.0032075,0.00423320833333333,sparse,0,0,14.9892,32,25155.8642944,5.03117285888,15.09351857664,0.110977795559112,Random sampling,random_sampling,0.0516,0.851150565440731,0.783191656525345,0.000392875,0.0251849583333333,0.0325750416666667,,0.00707895833333333,6.15416666666667e-05,0.0179938333333333,0.02514175,1.06319249659598,0.796202875358481,NaN,NaN,NaN,NaN,NaN,NaN,0.00211654166666667,79598,55873,0.7,108271,NaN,NaN,NaN,NaN,NaN,NaN,NaN,NaN,NaN,NaN,NaN
EXP-20260506-009_uniform_hsbm_rho_eigsh_methods_matlab,rho_n,rho_n,4,NaN,8,420260514,5000,3,3,4,36,4,32,5.76e-06,6.4e-07,24982,154196,0.00616784,0.0032075,0.00423320833333333,sparse,0,0,14.9892,32,25155.8642944,5.03117285888,15.09351857664,0.110977795559112,CountSketch RP,countsketch_random_projection,0.0248,0.927023339002933,0.879883959774503,0.000333625,0.0455892083333333,0.0529855416666667,,0.0315137916666667,6.67083333333333e-05,0.0139643333333333,0.0455510416666667,0.999974457971564,0.690020386498424,NaN,NaN,NaN,NaN,NaN,NaN,NaN,NaN,NaN,NaN,NaN,0.000120166666666667,163,18,49,0,0.00121533333333333,0.0104295416666667,0.0162970833333333,0.00245991666666667,0.000800875,0.000155666666666667
EXP-20260506-009_uniform_hsbm_rho_eigsh_methods_matlab,rho_n,rho_n,4,NaN,9,420260515,5000,3,3,4,36,4,32,5.76e-06,6.4e-07,24989,154216,0.00616864,0.00322095833333333,0.00422683333333333,sparse,0,0,14.9934,32,25155.8642944,5.03117285888,15.09351857664,0.110977795559112,Non-random eigs,non_random,0.0194,0.942670284833468,0.901436574467422,0.000338375,0.0188310416666667,0.0262486666666667,eigs,0.003946375,5.52083333333333e-05,0.0147992916666667,0.0188058333333333,1,0.694652045265474,NaN,NaN,NaN,NaN,NaN,NaN,NaN,NaN,NaN,NaN,NaN,NaN,NaN,NaN,NaN,NaN,NaN,NaN,NaN,NaN,NaN,NaN
EXP-20260506-009_uniform_hsbm_rho_eigsh_methods_matlab,rho_n,rho_n,4,NaN,9,420260515,5000,3,3,4,36,4,32,5.76e-06,6.4e-07,24989,154216,0.00616864,0.00322095833333333,0.00422683333333333,sparse,0,0,14.9934,32,25155.8642944,5.03117285888,15.09351857664,0.110977795559112,Gaussian RP,gaussian_random_projection,0.0264,0.922337951979072,0.872434667560645,0.000498708333333333,0.0492285833333333,0.0566367916666667,,0.0341655833333333,6.55e-05,0.0149579166666667,0.0491940833333333,0.999981188655713,0.690015438868799,0.00262641666666667,0.0127554583333333,0.015216875,0.00267845833333333,0.000758791666666667,0.000102791666666667,NaN,NaN,NaN,NaN,NaN,NaN,NaN,NaN,NaN,NaN,NaN,NaN,NaN,NaN,NaN,NaN
EXP-20260506-009_uniform_hsbm_rho_eigsh_methods_matlab,rho_n,rho_n,4,NaN,9,420260515,5000,3,3,4,36,4,32,5.76e-06,6.4e-07,24989,154216,0.00616864,0.00322095833333333,0.00422683333333333,sparse,0,0,14.9934,32,25155.8642944,5.03117285888,15.09351857664,0.110977795559112,Random sampling,random_sampling,0.052,0.850012330808489,0.781515109827303,0.000386416666666667,0.0257097083333333,0.03308975,,0.00697479166666667,5.72083333333333e-05,0.0186099583333333,0.0256534166666667,1.06203932971247,0.795261895636061,NaN,NaN,NaN,NaN,NaN,NaN,0.00205258333333333,79608,55707,0.7,107912,NaN,NaN,NaN,NaN,NaN,NaN,NaN,NaN,NaN,NaN,NaN
EXP-20260506-009_uniform_hsbm_rho_eigsh_methods_matlab,rho_n,rho_n,4,NaN,9,420260515,5000,3,3,4,36,4,32,5.76e-06,6.4e-07,24989,154216,0.00616864,0.00322095833333333,0.00422683333333333,sparse,0,0,14.9934,32,25155.8642944,5.03117285888,15.09351857664,0.110977795559112,CountSketch RP,countsketch_random_projection,0.028,0.917742531784418,0.866376812432276,0.000342583333333333,0.0491105833333333,0.0565024166666667,,0.0316157083333333,6.62083333333333e-05,0.0173727083333333,0.049061,0.999976697286038,0.68723286901167,NaN,NaN,NaN,NaN,NaN,NaN,NaN,NaN,NaN,NaN,NaN,0.000116041666666667,163,16,45,0,0.00124191666666667,0.010535125,0.0163010833333333,0.00247008333333333,0.00078075,0.000129333333333333
EXP-20260506-009_uniform_hsbm_rho_eigsh_methods_matlab,rho_n,rho_n,4,NaN,10,420260516,5000,3,3,4,36,4,32,5.76e-06,6.4e-07,25346,156410,0.0062564,0.003110125,0.004357125,sparse,0,0,15.2076,33,25155.8642944,5.03117285888,15.09351857664,0.110977795559112,Non-random eigs,non_random,0.0168,0.950232636797223,0.91243426704573,0.000353083333333333,0.0201325,0.0275664583333333,eigs,0.00367016666666667,6.3e-05,0.0163660416666667,0.0201048333333333,1,0.693239301066946,NaN,NaN,NaN,NaN,NaN,NaN,NaN,NaN,NaN,NaN,NaN,NaN,NaN,NaN,NaN,NaN,NaN,NaN,NaN,NaN,NaN,NaN
EXP-20260506-009_uniform_hsbm_rho_eigsh_methods_matlab,rho_n,rho_n,4,NaN,10,420260516,5000,3,3,4,36,4,32,5.76e-06,6.4e-07,25346,156410,0.0062564,0.003110125,0.004357125,sparse,0,0,15.2076,33,25155.8642944,5.03117285888,15.09351857664,0.110977795559112,Gaussian RP,gaussian_random_projection,0.0216,0.936236269628446,0.892058679555223,0.000522083333333333,0.0494578333333333,0.056885375,,0.0346685,6.47916666666667e-05,0.0146848333333333,0.0494240833333333,0.999982924945198,0.688981764500878,0.002686125,0.0124884583333333,0.0161825,0.00236304166666667,0.000791208333333333,0.000128541666666667,NaN,NaN,NaN,NaN,NaN,NaN,NaN,NaN,NaN,NaN,NaN,NaN,NaN,NaN,NaN,NaN
EXP-20260506-009_uniform_hsbm_rho_eigsh_methods_matlab,rho_n,rho_n,4,NaN,10,420260516,5000,3,3,4,36,4,32,5.76e-06,6.4e-07,25346,156410,0.0062564,0.003110125,0.004357125,sparse,0,0,15.2076,33,25155.8642944,5.03117285888,15.09351857664,0.110977795559112,Random sampling,random_sampling,0.0580000000000001,0.833491706654672,0.763709702422646,0.000364625,0.027727,0.035139875,,0.007250875,6.6625e-05,0.020355125,0.0276811666666667,1.06876729968143,0.798021088800842,NaN,NaN,NaN,NaN,NaN,NaN,0.00217558333333333,80705,56713,0.7,109858,NaN,NaN,NaN,NaN,NaN,NaN,NaN,NaN,NaN,NaN,NaN
EXP-20260506-009_uniform_hsbm_rho_eigsh_methods_matlab,rho_n,rho_n,4,NaN,10,420260516,5000,3,3,4,36,4,32,5.76e-06,6.4e-07,25346,156410,0.0062564,0.003110125,0.004357125,sparse,0,0,15.2076,33,25155.8642944,5.03117285888,15.09351857664,0.110977795559112,CountSketch RP,countsketch_random_projection,0.0234,0.93101824101744,0.884620104822084,0.000322166666666667,0.04757525,0.0549956666666667,,0.0313302083333333,6.53333333333333e-05,0.016132875,0.0475350833333333,0.999981416205481,0.688339345976217,NaN,NaN,NaN,NaN,NaN,NaN,NaN,NaN,NaN,NaN,NaN,0.000128708333333333,163,20,46,0,0.00121233333333333,0.0111568333333333,0.015493875,0.00242054166666667,0.000773666666666667,0.000108041666666667
EXP-20260506-009_uniform_hsbm_rho_eigsh_methods_matlab,rho_n,rho_n,8,NaN,1,820260507,5000,3,3,8,36,4,32,1.152e-05,1.28e-06,50160,303376,0.01213504,0.005336875,0.00847320833333333,sparse,0,0,30.096,50,50311.7285888,10.06234571776,30.18703715328,0.110977795559112,Non-random eigs,non_random,0.001,0.997000721249181,0.992589647111306,0.000336458333333333,0.0211155833333333,0.0348905833333333,eigs,0.00500491666666667,6.27916666666667e-05,0.0160127916666667,0.0210867916666667,0.999999999999999,0.664997582992015,NaN,NaN,NaN,NaN,NaN,NaN,NaN,NaN,NaN,NaN,NaN,NaN,NaN,NaN,NaN,NaN,NaN,NaN,NaN,NaN,NaN,NaN
EXP-20260506-009_uniform_hsbm_rho_eigsh_methods_matlab,rho_n,rho_n,8,NaN,1,820260507,5000,3,3,8,36,4,32,1.152e-05,1.28e-06,50160,303376,0.01213504,0.005336875,0.00847320833333333,sparse,0,0,30.096,50,50311.7285888,10.06234571776,30.18703715328,0.110977795559112,Gaussian RP,gaussian_random_projection,0.000800000000000023,0.997600180696846,0.99386978761444,0.000321,0.062815,0.0765825,,0.0522668333333333,6.71666666666667e-05,0.0104384166666667,0.062781125,0.99999737110724,0.663793032534535,0.00257320833333333,0.0287122916666667,0.015708625,0.004333625,0.000780833333333333,0.000120041666666667,NaN,NaN,NaN,NaN,NaN,NaN,NaN,NaN,NaN,NaN,NaN,NaN,NaN,NaN,NaN,NaN
EXP-20260506-009_uniform_hsbm_rho_eigsh_methods_matlab,rho_n,rho_n,8,NaN,1,820260507,5000,3,3,8,36,4,32,1.152e-05,1.28e-06,50160,303376,0.01213504,0.005336875,0.00847320833333333,sparse,0,0,30.096,50,50311.7285888,10.06234571776,30.18703715328,0.110977795559112,Random sampling,random_sampling,0.00419999999999998,0.987436557892868,0.973012175964291,0.000333708333333333,0.0230929583333333,0.0368549583333333,,0.00976508333333333,6.81666666666667e-05,0.013211625,0.0230516666666667,1.05883270610138,0.760148253229389,NaN,NaN,NaN,NaN,NaN,NaN,0.00425775,154188,108189,0.7,212903,NaN,NaN,NaN,NaN,NaN,NaN,NaN,NaN,NaN,NaN,NaN
EXP-20260506-009_uniform_hsbm_rho_eigsh_methods_matlab,rho_n,rho_n,8,NaN,1,820260507,5000,3,3,8,36,4,32,1.152e-05,1.28e-06,50160,303376,0.01213504,0.005336875,0.00847320833333333,sparse,0,0,30.096,50,50311.7285888,10.06234571776,30.18703715328,0.110977795559112,CountSketch RP,countsketch_random_projection,0.001,0.997001080672518,0.992337495271534,0.000367833333333333,0.0540373333333333,0.067799,,0.0431955,6.60416666666667e-05,0.010727375,0.0539957916666667,0.999997287896703,0.663263118093576,NaN,NaN,NaN,NaN,NaN,NaN,NaN,NaN,NaN,NaN,NaN,0.000208875,163,12,50,0,0.00127108333333333,0.0204662083333333,0.0166685416666667,0.00367554166666667,0.000769583333333333,9.2625e-05
EXP-20260506-009_uniform_hsbm_rho_eigsh_methods_matlab,rho_n,rho_n,8,NaN,2,820260508,5000,3,3,8,36,4,32,1.152e-05,1.28e-06,50096,303010,0.0121204,0.0053285,0.00818270833333333,sparse,0,0,30.0576,52,50311.7285888,10.06234571776,30.18703715328,0.110977795559112,Non-random eigs,non_random,0,1,1,0.000353416666666667,0.017123,0.0306035833333333,eigs,0.00480220833333333,6.44583333333333e-05,0.0122257083333333,0.0170962916666667,1,0.669388526847297,NaN,NaN,NaN,NaN,NaN,NaN,NaN,NaN,NaN,NaN,NaN,NaN,NaN,NaN,NaN,NaN,NaN,NaN,NaN,NaN,NaN,NaN
EXP-20260506-009_uniform_hsbm_rho_eigsh_methods_matlab,rho_n,rho_n,8,NaN,2,820260508,5000,3,3,8,36,4,32,1.152e-05,1.28e-06,50096,303010,0.0121204,0.0053285,0.00818270833333333,sparse,0,0,30.0576,52,50311.7285888,10.06234571776,30.18703715328,0.110977795559112,Gaussian RP,gaussian_random_projection,0.000600000000000045,0.998201081656992,0.996002298776193,0.000407583333333333,0.0636570833333333,0.0771299166666667,,0.0449344583333333,6.00416666666667e-05,0.0186242083333333,0.0636245416666667,0.999997184333228,0.667943526575575,0.00257604166666667,0.02262725,0.01540025,0.003482625,0.000727791666666667,9.10416666666667e-05,NaN,NaN,NaN,NaN,NaN,NaN,NaN,NaN,NaN,NaN,NaN,NaN,NaN,NaN,NaN,NaN
EXP-20260506-009_uniform_hsbm_rho_eigsh_methods_matlab,rho_n,rho_n,8,NaN,2,820260508,5000,3,3,8,36,4,32,1.152e-05,1.28e-06,50096,303010,0.0121204,0.0053285,0.00818270833333333,sparse,0,0,30.0576,52,50311.7285888,10.06234571776,30.18703715328,0.110977795559112,Random sampling,random_sampling,0.005,0.985053333046219,0.968685313976087,0.000376583333333333,0.0245564166666667,0.038012875,,0.008016375,6.24583333333333e-05,0.0164228333333333,0.0245067916666667,1.05631730700532,0.758411769287673,NaN,NaN,NaN,NaN,NaN,NaN,0.00405658333333333,154005,107881,0.7,212309,NaN,NaN,NaN,NaN,NaN,NaN,NaN,NaN,NaN,NaN,NaN
EXP-20260506-009_uniform_hsbm_rho_eigsh_methods_matlab,rho_n,rho_n,8,NaN,2,820260508,5000,3,3,8,36,4,32,1.152e-05,1.28e-06,50096,303010,0.0121204,0.0053285,0.00818270833333333,sparse,0,0,30.0576,52,50311.7285888,10.06234571776,30.18703715328,0.110977795559112,CountSketch RP,countsketch_random_projection,0.000800000000000023,0.99760216163269,0.994470060942022,0.000330416666666667,0.05783475,0.0712978333333333,,0.04465475,6.44166666666667e-05,0.0130674583333333,0.0577930833333333,0.999997227963057,0.667719979226511,NaN,NaN,NaN,NaN,NaN,NaN,NaN,NaN,NaN,NaN,NaN,0.000110833333333333,163,14,43,0,0.001540875,0.0212817916666667,0.0169694166666667,0.00373845833333333,0.000821416666666667,0.000137958333333333
EXP-20260506-009_uniform_hsbm_rho_eigsh_methods_matlab,rho_n,rho_n,8,NaN,3,820260509,5000,3,3,8,36,4,32,1.152e-05,1.28e-06,50192,303526,0.01214104,0.00541845833333333,0.00815529166666667,sparse,0,0,30.1152,52,50311.7285888,10.06234571776,30.18703715328,0.110977795559112,Non-random eigs,non_random,0.000800000000000023,0.997601080336216,0.99412232500979,0.000343916666666667,0.023723625,0.0372645416666667,eigs,0.00469416666666667,6.32083333333333e-05,0.0189334166666667,0.0236967916666667,0.999999999999999,0.67128476462624,NaN,NaN,NaN,NaN,NaN,NaN,NaN,NaN,NaN,NaN,NaN,NaN,NaN,NaN,NaN,NaN,NaN,NaN,NaN,NaN,NaN,NaN
EXP-20260506-009_uniform_hsbm_rho_eigsh_methods_matlab,rho_n,rho_n,8,NaN,3,820260509,5000,3,3,8,36,4,32,1.152e-05,1.28e-06,50192,303526,0.01214104,0.00541845833333333,0.00815529166666667,sparse,0,0,30.1152,52,50311.7285888,10.06234571776,30.18703715328,0.110977795559112,Gaussian RP,gaussian_random_projection,0.000399999999999956,0.998800360096072,0.996934976549586,0.000331875,0.0612088333333333,0.0747464583333333,,0.04476725,6.6e-05,0.0163394583333333,0.0611783333333333,0.999996876875602,0.669146744039512,0.00262925,0.022060125,0.0156302083333333,0.00351741666666667,0.000770041666666667,0.000130583333333333,NaN,NaN,NaN,NaN,NaN,NaN,NaN,NaN,NaN,NaN,NaN,NaN,NaN,NaN,NaN,NaN
EXP-20260506-009_uniform_hsbm_rho_eigsh_methods_matlab,rho_n,rho_n,8,NaN,3,820260509,5000,3,3,8,36,4,32,1.152e-05,1.28e-06,50192,303526,0.01214104,0.00541845833333333,0.00815529166666667,sparse,0,0,30.1152,52,50311.7285888,10.06234571776,30.18703715328,0.110977795559112,Random sampling,random_sampling,0.00580000000000003,0.982673129367828,0.9642664516437,0.000371458333333333,0.0224590833333333,0.0359936666666667,,0.0078625,5.9375e-05,0.0144980416666667,0.022424,1.05551131103296,0.761485444802017,NaN,NaN,NaN,NaN,NaN,NaN,0.00393633333333333,154263,107690,0.7,211888,NaN,NaN,NaN,NaN,NaN,NaN,NaN,NaN,NaN,NaN,NaN
EXP-20260506-009_uniform_hsbm_rho_eigsh_methods_matlab,rho_n,rho_n,8,NaN,3,820260509,5000,3,3,8,36,4,32,1.152e-05,1.28e-06,50192,303526,0.01214104,0.00541845833333333,0.00815529166666667,sparse,0,0,30.1152,52,50311.7285888,10.06234571776,30.18703715328,0.110977795559112,CountSketch RP,countsketch_random_projection,0.000800000000000023,0.997600720192144,0.993869953099172,0.000353791666666667,0.0559135833333333,0.0694454583333333,,0.042227375,6.90416666666667e-05,0.0135752916666667,0.0558779166666667,0.999996313477842,0.669814989275453,NaN,NaN,NaN,NaN,NaN,NaN,NaN,NaN,NaN,NaN,NaN,0.000115666666666667,163,13,46,0,0.001242125,0.02030425,0.016152875,0.00349329166666667,0.000762041666666667,0.000117291666666667
EXP-20260506-009_uniform_hsbm_rho_eigsh_methods_matlab,rho_n,rho_n,8,NaN,4,820260510,5000,3,3,8,36,4,32,1.152e-05,1.28e-06,50621,306012,0.01224048,0.00551004166666667,0.00809904166666667,sparse,0,0,30.3726,54,50311.7285888,10.06234571776,30.18703715328,0.110977795559112,Non-random eigs,non_random,0.000399999999999956,0.998800180096112,0.996934921778784,0.000373,0.0195020833333333,0.033078,eigs,0.00421866666666667,6.02083333333333e-05,0.0151900416666667,0.0194754166666667,1,0.667517576858086,NaN,NaN,NaN,NaN,NaN,NaN,NaN,NaN,NaN,NaN,NaN,NaN,NaN,NaN,NaN,NaN,NaN,NaN,NaN,NaN,NaN,NaN
EXP-20260506-009_uniform_hsbm_rho_eigsh_methods_matlab,rho_n,rho_n,8,NaN,4,820260510,5000,3,3,8,36,4,32,1.152e-05,1.28e-06,50621,306012,0.01224048,0.00551004166666667,0.00809904166666667,sparse,0,0,30.3726,54,50311.7285888,10.06234571776,30.18703715328,0.110977795559112,Gaussian RP,gaussian_random_projection,0.000399999999999956,0.998800000096173,0.996934866975101,0.000349166666666667,0.054575125,0.0681485833333333,,0.0449775416666667,6.56666666666667e-05,0.00949629166666667,0.0545441666666667,0.99999716874749,0.666419401779397,0.002614,0.0217073333333333,0.0163020416666667,0.00347420833333333,0.000753333333333333,9.73333333333333e-05,NaN,NaN,NaN,NaN,NaN,NaN,NaN,NaN,NaN,NaN,NaN,NaN,NaN,NaN,NaN,NaN
EXP-20260506-009_uniform_hsbm_rho_eigsh_methods_matlab,rho_n,rho_n,8,NaN,4,820260510,5000,3,3,8,36,4,32,1.152e-05,1.28e-06,50621,306012,0.01224048,0.00551004166666667,0.00809904166666667,sparse,0,0,30.3726,54,50311.7285888,10.06234571776,30.18703715328,0.110977795559112,Random sampling,random_sampling,0.00660000000000005,0.980301962579224,0.96039184052293,0.000346291666666667,0.0234614166666667,0.0370257083333333,,0.00785908333333333,5.74166666666667e-05,0.015500125,0.0234217916666667,1.05606011696463,0.757690403704614,NaN,NaN,NaN,NaN,NaN,NaN,0.003623625,155506,108810,0.7,214139,NaN,NaN,NaN,NaN,NaN,NaN,NaN,NaN,NaN,NaN,NaN
EXP-20260506-009_uniform_hsbm_rho_eigsh_methods_matlab,rho_n,rho_n,8,NaN,4,820260510,5000,3,3,8,36,4,32,1.152e-05,1.28e-06,50621,306012,0.01224048,0.00551004166666667,0.00809904166666667,sparse,0,0,30.3726,54,50311.7285888,10.06234571776,30.18703715328,0.110977795559112,CountSketch RP,countsketch_random_projection,0.000600000000000045,0.99820072064849,0.995654781346418,0.000320166666666667,0.0569757916666667,0.0705495416666667,,0.04302775,6.8875e-05,0.0138438333333333,0.0569452083333333,0.999996696837281,0.666304813558069,NaN,NaN,NaN,NaN,NaN,NaN,NaN,NaN,NaN,NaN,NaN,0.00010975,163,17,53,0,0.00122983333333333,0.0212337083333333,0.0155133333333333,0.00393516666666667,0.000822,0.000143875
EXP-20260506-009_uniform_hsbm_rho_eigsh_methods_matlab,rho_n,rho_n,8,NaN,5,820260511,5000,3,3,8,36,4,32,1.152e-05,1.28e-06,50051,302808,0.01211232,0.00535070833333333,0.00804066666666667,sparse,0,0,30.0306,52,50311.7285888,10.06234571776,30.18703715328,0.110977795559112,Non-random eigs,non_random,0.001,0.997000362907181,0.992841797274114,0.000365666666666667,0.0220585833333333,0.0354200833333333,eigs,0.00457095833333333,6.17083333333333e-05,0.0173960416666667,0.0220332083333333,0.999999999999999,0.668489897545273,NaN,NaN,NaN,NaN,NaN,NaN,NaN,NaN,NaN,NaN,NaN,NaN,NaN,NaN,NaN,NaN,NaN,NaN,NaN,NaN,NaN,NaN
EXP-20260506-009_uniform_hsbm_rho_eigsh_methods_matlab,rho_n,rho_n,8,NaN,5,820260511,5000,3,3,8,36,4,32,1.152e-05,1.28e-06,50051,302808,0.01211232,0.00535070833333333,0.00804066666666667,sparse,0,0,30.0306,52,50311.7285888,10.06234571776,30.18703715328,0.110977795559112,Gaussian RP,gaussian_random_projection,0.00139999999999996,0.995804143757311,0.990125222912882,0.000308666666666667,0.0699133333333333,0.0832727083333333,,0.044722375,6.5625e-05,0.0250933333333333,0.0698863333333333,0.999997643999663,0.66709878720283,0.00261045833333333,0.0214693333333333,0.0162564583333333,0.00347295833333333,0.000752708333333333,0.000133583333333333,NaN,NaN,NaN,NaN,NaN,NaN,NaN,NaN,NaN,NaN,NaN,NaN,NaN,NaN,NaN,NaN
EXP-20260506-009_uniform_hsbm_rho_eigsh_methods_matlab,rho_n,rho_n,8,NaN,5,820260511,5000,3,3,8,36,4,32,1.152e-05,1.28e-06,50051,302808,0.01211232,0.00535070833333333,0.00804066666666667,sparse,0,0,30.0306,52,50311.7285888,10.06234571776,30.18703715328,0.110977795559112,Random sampling,random_sampling,0.005,0.985054042558821,0.968590404390007,0.00031675,0.03129625,0.044638125,,0.00792766666666667,6.39583333333333e-05,0.023255125,0.03125275,1.05911433704272,0.762178037097561,NaN,NaN,NaN,NaN,NaN,NaN,0.003769,153904,107793,0.7,212072,NaN,NaN,NaN,NaN,NaN,NaN,NaN,NaN,NaN,NaN,NaN
EXP-20260506-009_uniform_hsbm_rho_eigsh_methods_matlab,rho_n,rho_n,8,NaN,5,820260511,5000,3,3,8,36,4,32,1.152e-05,1.28e-06,50051,302808,0.01211232,0.00535070833333333,0.00804066666666667,sparse,0,0,30.0306,52,50311.7285888,10.06234571776,30.18703715328,0.110977795559112,CountSketch RP,countsketch_random_projection,0.000600000000000045,0.998199820829228,0.995654507142576,0.000364833333333333,0.051026,0.0643749166666667,,0.0406360833333333,6.19166666666667e-05,0.0102855416666667,0.050989,0.999996881622513,0.667209601218141,NaN,NaN,NaN,NaN,NaN,NaN,NaN,NaN,NaN,NaN,NaN,0.000119375,163,17,45,0,0.00124879166666667,0.0193512916666667,0.0156005833333333,0.00344508333333333,0.000734416666666667,0.00010575
EXP-20260506-009_uniform_hsbm_rho_eigsh_methods_matlab,rho_n,rho_n,8,NaN,6,820260512,5000,3,3,8,36,4,32,1.152e-05,1.28e-06,50719,306628,0.01226512,0.00530220833333333,0.00800354166666667,sparse,0,0,30.4314,54,50311.7285888,10.06234571776,30.18703715328,0.110977795559112,Non-random eigs,non_random,0.00139999999999996,0.995804142749097,0.98987296223077,0.000350125,0.018960875,0.032225125,eigs,0.00434833333333333,6.1875e-05,0.0145091666666667,0.018925375,1,0.668324667316039,NaN,NaN,NaN,NaN,NaN,NaN,NaN,NaN,NaN,NaN,NaN,NaN,NaN,NaN,NaN,NaN,NaN,NaN,NaN,NaN,NaN,NaN
EXP-20260506-009_uniform_hsbm_rho_eigsh_methods_matlab,rho_n,rho_n,8,NaN,6,820260512,5000,3,3,8,36,4,32,1.152e-05,1.28e-06,50719,306628,0.01226512,0.00530220833333333,0.00800354166666667,sparse,0,0,30.4314,54,50311.7285888,10.06234571776,30.18703715328,0.110977795559112,Gaussian RP,gaussian_random_projection,0.00119999999999998,0.996403242016906,0.991310109120995,0.000357708333333333,0.0568355833333333,0.0701055,,0.0443566666666667,6.7375e-05,0.0123757083333333,0.056804125,0.99999741446484,0.666894899419329,0.00257741666666667,0.0220870416666667,0.0153612083333333,0.00343770833333333,0.000764541666666667,0.000100458333333333,NaN,NaN,NaN,NaN,NaN,NaN,NaN,NaN,NaN,NaN,NaN,NaN,NaN,NaN,NaN,NaN
EXP-20260506-009_uniform_hsbm_rho_eigsh_methods_matlab,rho_n,rho_n,8,NaN,6,820260512,5000,3,3,8,36,4,32,1.152e-05,1.28e-06,50719,306628,0.01226512,0.00530220833333333,0.00800354166666667,sparse,0,0,30.4314,54,50311.7285888,10.06234571776,30.18703715328,0.110977795559112,Random sampling,random_sampling,0.00239999999999996,0.992809550872972,0.983725115429257,0.000348208333333333,0.0237642916666667,0.0370122083333333,,0.00936533333333333,6.43333333333333e-05,0.0142767916666667,0.023714625,1.0560644055286,0.758272426408854,NaN,NaN,NaN,NaN,NaN,NaN,0.004030375,155814,109082,0.7,214691,NaN,NaN,NaN,NaN,NaN,NaN,NaN,NaN,NaN,NaN,NaN
EXP-20260506-009_uniform_hsbm_rho_eigsh_methods_matlab,rho_n,rho_n,8,NaN,6,820260512,5000,3,3,8,36,4,32,1.152e-05,1.28e-06,50719,306628,0.01226512,0.00530220833333333,0.00800354166666667,sparse,0,0,30.4314,54,50311.7285888,10.06234571776,30.18703715328,0.110977795559112,CountSketch RP,countsketch_random_projection,0.00139999999999996,0.995803606314438,0.990125053890053,0.000305958333333333,0.05849925,0.0717614166666667,,0.040397875,6.12916666666667e-05,0.0179965,0.0584609583333333,0.999997019766264,0.666224553138735,NaN,NaN,NaN,NaN,NaN,NaN,NaN,NaN,NaN,NaN,NaN,0.000112541666666667,163,15,46,0,0.00132,0.0208674583333333,0.0137160833333333,0.00347604166666667,0.000759458333333333,0.000111916666666667
EXP-20260506-009_uniform_hsbm_rho_eigsh_methods_matlab,rho_n,rho_n,8,NaN,7,820260513,5000,3,3,8,36,4,32,1.152e-05,1.28e-06,50206,303674,0.01214696,0.00513566666666667,0.008260375,sparse,0,0,30.1236,56,50311.7285888,10.06234571776,30.18703715328,0.110977795559112,Non-random eigs,non_random,0.000600000000000045,0.998200000144259,0.995402300446263,0.000398666666666667,0.016738,0.0301012916666667,eigs,0.00430316666666667,5.95833333333333e-05,0.0123425,0.016710875,1,0.666718160723159,NaN,NaN,NaN,NaN,NaN,NaN,NaN,NaN,NaN,NaN,NaN,NaN,NaN,NaN,NaN,NaN,NaN,NaN,NaN,NaN,NaN,NaN
EXP-20260506-009_uniform_hsbm_rho_eigsh_methods_matlab,rho_n,rho_n,8,NaN,7,820260513,5000,3,3,8,36,4,32,1.152e-05,1.28e-06,50206,303674,0.01214696,0.00513566666666667,0.008260375,sparse,0,0,30.1236,56,50311.7285888,10.06234571776,30.18703715328,0.110977795559112,Gaussian RP,gaussian_random_projection,0.000800000000000023,0.997600540264248,0.99386989816101,0.000301708333333333,0.0556206666666667,0.0689789583333333,,0.0436200833333333,6.37083333333333e-05,0.011899125,0.05558875,0.999996170896569,0.66485688721823,0.002692,0.0223599583333333,0.0139951666666667,0.00366004166666667,0.000772541666666667,0.000109708333333333,NaN,NaN,NaN,NaN,NaN,NaN,NaN,NaN,NaN,NaN,NaN,NaN,NaN,NaN,NaN,NaN
EXP-20260506-009_uniform_hsbm_rho_eigsh_methods_matlab,rho_n,rho_n,8,NaN,7,820260513,5000,3,3,8,36,4,32,1.152e-05,1.28e-06,50206,303674,0.01214696,0.00513566666666667,0.008260375,sparse,0,0,30.1236,56,50311.7285888,10.06234571776,30.18703715328,0.110977795559112,Random sampling,random_sampling,0.00700000000000001,0.979106256722804,0.95793527474637,0.000419125,0.0224224583333333,0.0357711666666667,,0.008686,5.6625e-05,0.0136325,0.022381,1.05650454940449,0.759728855959524,NaN,NaN,NaN,NaN,NaN,NaN,0.0037375,154337,107892,0.7,212292,NaN,NaN,NaN,NaN,NaN,NaN,NaN,NaN,NaN,NaN,NaN
EXP-20260506-009_uniform_hsbm_rho_eigsh_methods_matlab,rho_n,rho_n,8,NaN,7,820260513,5000,3,3,8,36,4,32,1.152e-05,1.28e-06,50206,303674,0.01214696,0.00513566666666667,0.008260375,sparse,0,0,30.1236,56,50311.7285888,10.06234571776,30.18703715328,0.110977795559112,CountSketch RP,countsketch_random_projection,0.00139999999999996,0.995802703181802,0.989872522863833,0.000360083333333333,0.0517895,0.0651447916666667,,0.039883375,6.3125e-05,0.01180225,0.0517537083333333,0.999997181784392,0.665023394798658,NaN,NaN,NaN,NaN,NaN,NaN,NaN,NaN,NaN,NaN,NaN,0.00011025,163,21,42,0,0.001251625,0.019785375,0.0142883333333333,0.00349516666666667,0.000790083333333333,0.000125625
EXP-20260506-009_uniform_hsbm_rho_eigsh_methods_matlab,rho_n,rho_n,8,NaN,8,820260514,5000,3,3,8,36,4,32,1.152e-05,1.28e-06,50253,304016,0.01216064,0.00552495833333333,0.00820933333333333,sparse,0,0,30.1518,50,50311.7285888,10.06234571776,30.18703715328,0.110977795559112,Non-random eigs,non_random,0,1,1,0.000317083333333333,0.0155738333333333,0.029273,eigs,0.00500554166666667,5.5125e-05,0.0104780416666667,0.0155447916666667,1,0.667649941510422,NaN,NaN,NaN,NaN,NaN,NaN,NaN,NaN,NaN,NaN,NaN,NaN,NaN,NaN,NaN,NaN,NaN,NaN,NaN,NaN,NaN,NaN
EXP-20260506-009_uniform_hsbm_rho_eigsh_methods_matlab,rho_n,rho_n,8,NaN,8,820260514,5000,3,3,8,36,4,32,1.152e-05,1.28e-06,50253,304016,0.01216064,0.00552495833333333,0.00820933333333333,sparse,0,0,30.1518,50,50311.7285888,10.06234571776,30.18703715328,0.110977795559112,Gaussian RP,gaussian_random_projection,0.000399999999999956,0.998800360240202,0.997187238913288,0.000345583333333333,0.0573312916666667,0.0710262916666667,,0.04355375,6.325e-05,0.013675,0.0572984583333333,0.999996844237315,0.666133620821952,0.00269133333333333,0.0217391666666667,0.0146606666666667,0.00357766666666667,0.000757916666666667,0.000100083333333333,NaN,NaN,NaN,NaN,NaN,NaN,NaN,NaN,NaN,NaN,NaN,NaN,NaN,NaN,NaN,NaN
EXP-20260506-009_uniform_hsbm_rho_eigsh_methods_matlab,rho_n,rho_n,8,NaN,8,820260514,5000,3,3,8,36,4,32,1.152e-05,1.28e-06,50253,304016,0.01216064,0.00552495833333333,0.00820933333333333,sparse,0,0,30.1518,50,50311.7285888,10.06234571776,30.18703715328,0.110977795559112,Random sampling,random_sampling,0.00380000000000003,0.988629916090844,0.975619544185316,0.000350416666666667,0.03446375,0.0481392083333333,,0.00915429166666667,5.50833333333333e-05,0.0251955416666667,0.034412625,1.0638131836005,0.761855435528578,NaN,NaN,NaN,NaN,NaN,NaN,0.00379791666666667,154508,108113,0.7,212624,NaN,NaN,NaN,NaN,NaN,NaN,NaN,NaN,NaN,NaN,NaN
EXP-20260506-009_uniform_hsbm_rho_eigsh_methods_matlab,rho_n,rho_n,8,NaN,8,820260514,5000,3,3,8,36,4,32,1.152e-05,1.28e-06,50253,304016,0.01216064,0.00552495833333333,0.00820933333333333,sparse,0,0,30.1518,50,50311.7285888,10.06234571776,30.18703715328,0.110977795559112,CountSketch RP,countsketch_random_projection,0,1,1,0.000314125,0.0592010833333333,0.07289075,,0.0397545,6.77916666666667e-05,0.0193341666666667,0.0591615,0.999997497573991,0.666160404418554,NaN,NaN,NaN,NaN,NaN,NaN,NaN,NaN,NaN,NaN,NaN,0.00011,163,17,44,0,0.00123975,0.019419625,0.014460125,0.00360566666666667,0.000775541666666667,0.0001055
EXP-20260506-009_uniform_hsbm_rho_eigsh_methods_matlab,rho_n,rho_n,8,NaN,9,820260515,5000,3,3,8,36,4,32,1.152e-05,1.28e-06,50260,303982,0.01215928,0.00530404166666667,0.00799858333333333,sparse,0,0,30.156,51,50311.7285888,10.06234571776,30.18703715328,0.110977795559112,Non-random eigs,non_random,0.000600000000000045,0.998200360072072,0.995402410188166,0.000414083333333333,0.0147615416666667,0.0280340833333333,eigs,0.00432116666666667,0.000132375,0.0102779166666667,0.0147358333333333,1,0.669436732525084,NaN,NaN,NaN,NaN,NaN,NaN,NaN,NaN,NaN,NaN,NaN,NaN,NaN,NaN,NaN,NaN,NaN,NaN,NaN,NaN,NaN,NaN
EXP-20260506-009_uniform_hsbm_rho_eigsh_methods_matlab,rho_n,rho_n,8,NaN,9,820260515,5000,3,3,8,36,4,32,1.152e-05,1.28e-06,50260,303982,0.01215928,0.00530404166666667,0.00799858333333333,sparse,0,0,30.156,51,50311.7285888,10.06234571776,30.18703715328,0.110977795559112,Gaussian RP,gaussian_random_projection,0.00119999999999998,0.99640180057636,0.990805148259241,0.00030925,0.0599857083333333,0.073249625,,0.0438995416666667,6.43333333333333e-05,0.015983125,0.059953625,0.999997451854363,0.668054467549129,0.00266504166666667,0.0222307916666667,0.0139675416666667,0.00404129166666667,0.000809208333333333,0.000155125,NaN,NaN,NaN,NaN,NaN,NaN,NaN,NaN,NaN,NaN,NaN,NaN,NaN,NaN,NaN,NaN
EXP-20260506-009_uniform_hsbm_rho_eigsh_methods_matlab,rho_n,rho_n,8,NaN,9,820260515,5000,3,3,8,36,4,32,1.152e-05,1.28e-06,50260,303982,0.01215928,0.00530404166666667,0.00799858333333333,sparse,0,0,30.156,51,50311.7285888,10.06234571776,30.18703715328,0.110977795559112,Random sampling,random_sampling,0.00439999999999996,0.986839991274964,0.971766289374447,0.000326083333333333,0.0252873333333333,0.0385379583333333,,0.00774075,5.4125e-05,0.0174404583333333,0.025241375,1.0572008624716,0.762235371407389,NaN,NaN,NaN,NaN,NaN,NaN,0.00384345833333333,154491,108148,0.7,212804,NaN,NaN,NaN,NaN,NaN,NaN,NaN,NaN,NaN,NaN,NaN
EXP-20260506-009_uniform_hsbm_rho_eigsh_methods_matlab,rho_n,rho_n,8,NaN,9,820260515,5000,3,3,8,36,4,32,1.152e-05,1.28e-06,50260,303982,0.01215928,0.00530404166666667,0.00799858333333333,sparse,0,0,30.156,51,50311.7285888,10.06234571776,30.18703715328,0.110977795559112,CountSketch RP,countsketch_random_projection,0.00119999999999998,0.996402520864504,0.991309892080477,0.000372041666666667,0.0654121666666667,0.078670875,,0.0404966666666667,6.58333333333333e-05,0.02480575,0.0653740833333333,0.999996657470729,0.667838372533633,NaN,NaN,NaN,NaN,NaN,NaN,NaN,NaN,NaN,NaN,NaN,0.000106,163,17,43,0,0.0012305,0.020130875,0.0146115833333333,0.003502625,0.000781,9.625e-05
EXP-20260506-009_uniform_hsbm_rho_eigsh_methods_matlab,rho_n,rho_n,8,NaN,10,820260516,5000,3,3,8,36,4,32,1.152e-05,1.28e-06,50292,304162,0.01216648,0.005528125,0.00805379166666667,sparse,0,0,30.1752,52,50311.7285888,10.06234571776,30.18703715328,0.110977795559112,Non-random eigs,non_random,0,1,1,0.000335666666666667,0.018260625,0.031809875,eigs,0.00439391666666667,5.2125e-05,0.0137819166666667,0.0182340833333333,1,0.669338315226574,NaN,NaN,NaN,NaN,NaN,NaN,NaN,NaN,NaN,NaN,NaN,NaN,NaN,NaN,NaN,NaN,NaN,NaN,NaN,NaN,NaN,NaN
EXP-20260506-009_uniform_hsbm_rho_eigsh_methods_matlab,rho_n,rho_n,8,NaN,10,820260516,5000,3,3,8,36,4,32,1.152e-05,1.28e-06,50292,304162,0.01216648,0.005528125,0.00805379166666667,sparse,0,0,30.1752,52,50311.7285888,10.06234571776,30.18703715328,0.110977795559112,Gaussian RP,gaussian_random_projection,0.000199999999999978,0.999400000048086,0.998467433503938,0.000566833333333333,0.0550984166666667,0.0686375416666667,,0.0445205416666667,6.08333333333333e-05,0.01047425,0.0550617916666667,0.999996623407295,0.667867696216024,0.00324920833333333,0.0226953333333333,0.0142516666666667,0.00342820833333333,0.00077,9.95e-05,NaN,NaN,NaN,NaN,NaN,NaN,NaN,NaN,NaN,NaN,NaN,NaN,NaN,NaN,NaN,NaN
EXP-20260506-009_uniform_hsbm_rho_eigsh_methods_matlab,rho_n,rho_n,8,NaN,10,820260516,5000,3,3,8,36,4,32,1.152e-05,1.28e-06,50292,304162,0.01216648,0.005528125,0.00805379166666667,sparse,0,0,30.1752,52,50311.7285888,10.06234571776,30.18703715328,0.110977795559112,Random sampling,random_sampling,0.00480000000000003,0.985649166848585,0.969635090362285,0.000333,0.02286875,0.0363997083333333,,0.00896904166666667,5.35833333333333e-05,0.0137951666666667,0.0228240416666667,1.05220109400503,0.757493398002561,NaN,NaN,NaN,NaN,NaN,NaN,0.0038995,154581,108104,0.7,212791,NaN,NaN,NaN,NaN,NaN,NaN,NaN,NaN,NaN,NaN,NaN
EXP-20260506-009_uniform_hsbm_rho_eigsh_methods_matlab,rho_n,rho_n,8,NaN,10,820260516,5000,3,3,8,36,4,32,1.152e-05,1.28e-06,50292,304162,0.01216648,0.005528125,0.00805379166666667,sparse,0,0,30.1752,52,50311.7285888,10.06234571776,30.18703715328,0.110977795559112,CountSketch RP,countsketch_random_projection,0.000600000000000045,0.998200000576778,0.995402299572861,0.000329875,0.0597293333333333,0.073269125,,0.0424670833333333,6.58333333333333e-05,0.0171542916666667,0.059692875,0.999996894869998,0.667499001163441,NaN,NaN,NaN,NaN,NaN,NaN,NaN,NaN,NaN,NaN,NaN,0.000111041666666667,163,16,46,0,0.00125175,0.0207166666666667,0.0158840416666667,0.00354683333333333,0.000773583333333333,0.000143458333333333
EXP-20260506-009_uniform_hsbm_rho_eigsh_methods_matlab,rho_n,rho_n,16,NaN,1,1620260507,5000,3,3,16,36,4,32,2.304e-05,2.56e-06,100623,598394,0.02393576,0.00964308333333333,0.016119125,sparse,0,0,60.3738,92,100623.4571776,20.12469143552,60.37407430656,0.110977795559112,Non-random eigs,non_random,0,1,1,0.000350416666666667,0.016152375,0.041885125,eigs,0.00357804166666667,5.6375e-05,0.0124885,0.0161273333333333,1,0.658023116543843,NaN,NaN,NaN,NaN,NaN,NaN,NaN,NaN,NaN,NaN,NaN,NaN,NaN,NaN,NaN,NaN,NaN,NaN,NaN,NaN,NaN,NaN
EXP-20260506-009_uniform_hsbm_rho_eigsh_methods_matlab,rho_n,rho_n,16,NaN,1,1620260507,5000,3,3,16,36,4,32,2.304e-05,2.56e-06,100623,598394,0.02393576,0.00964308333333333,0.016119125,sparse,0,0,60.3738,92,100623.4571776,20.12469143552,60.37407430656,0.110977795559112,Gaussian RP,gaussian_random_projection,0,1,1,0.00034825,0.0804949166666667,0.10621775,,0.066806125,6.69166666666667e-05,0.0135825,0.0804632083333333,0.999999241443463,0.65729017565151,0.00256566666666667,0.0411526666666667,0.0159494166666667,0.005969625,0.000902416666666667,0.000230916666666667,NaN,NaN,NaN,NaN,NaN,NaN,NaN,NaN,NaN,NaN,NaN,NaN,NaN,NaN,NaN,NaN
EXP-20260506-009_uniform_hsbm_rho_eigsh_methods_matlab,rho_n,rho_n,16,NaN,1,1620260507,5000,3,3,16,36,4,32,2.304e-05,2.56e-06,100623,598394,0.02393576,0.00964308333333333,0.016119125,sparse,0,0,60.3738,92,100623.4571776,20.12469143552,60.37407430656,0.110977795559112,Random sampling,random_sampling,0,1,1,0.000349875,0.0241835416666667,0.0498952083333333,,0.0130321666666667,5.50416666666667e-05,0.0110457916666667,0.0241409583333333,1.0513498591929,0.740536179837038,NaN,NaN,NaN,NaN,NaN,NaN,0.00760225,301697,211141,0.7,418845,NaN,NaN,NaN,NaN,NaN,NaN,NaN,NaN,NaN,NaN,NaN
EXP-20260506-009_uniform_hsbm_rho_eigsh_methods_matlab,rho_n,rho_n,16,NaN,1,1620260507,5000,3,3,16,36,4,32,2.304e-05,2.56e-06,100623,598394,0.02393576,0.00964308333333333,0.016119125,sparse,0,0,60.3738,92,100623.4571776,20.12469143552,60.37407430656,0.110977795559112,CountSketch RP,countsketch_random_projection,0,1,1,0.000366125,0.0710409166666667,0.0967542083333333,,0.0616449166666667,6.5625e-05,0.00928145833333333,0.07099875,0.999999376949177,0.657516716605551,NaN,NaN,NaN,NaN,NaN,NaN,NaN,NaN,NaN,NaN,NaN,0.000127583333333333,163,14,46,0,0.001743875,0.0369725833333333,0.0162265,0.00569091666666667,0.000759166666666667,8.46666666666667e-05
EXP-20260506-009_uniform_hsbm_rho_eigsh_methods_matlab,rho_n,rho_n,16,NaN,2,1620260508,5000,3,3,16,36,4,32,2.304e-05,2.56e-06,100502,597742,0.02390968,0.0101698333333333,0.0159435833333333,sparse,0,0,60.3012,89,100623.4571776,20.12469143552,60.37407430656,0.110977795559112,Non-random eigs,non_random,0,1,1,0.000298375,0.014990625,0.041070875,eigs,0.00366166666666667,9.79166666666667e-05,0.011197875,0.0149631666666667,1,0.655909301450389,NaN,NaN,NaN,NaN,NaN,NaN,NaN,NaN,NaN,NaN,NaN,NaN,NaN,NaN,NaN,NaN,NaN,NaN,NaN,NaN,NaN,NaN
EXP-20260506-009_uniform_hsbm_rho_eigsh_methods_matlab,rho_n,rho_n,16,NaN,2,1620260508,5000,3,3,16,36,4,32,2.304e-05,2.56e-06,100502,597742,0.02390968,0.0101698333333333,0.0159435833333333,sparse,0,0,60.3012,89,100623.4571776,20.12469143552,60.37407430656,0.110977795559112,Gaussian RP,gaussian_random_projection,0,1,1,0.0003325,0.0756455833333333,0.101726625,,0.0652946666666667,6.38333333333333e-05,0.0102547083333333,0.07561775,0.999999414393103,0.655269046759925,0.002584875,0.0408019166666667,0.0154828333333333,0.00554620833333333,0.000760458333333333,8.99583333333333e-05,NaN,NaN,NaN,NaN,NaN,NaN,NaN,NaN,NaN,NaN,NaN,NaN,NaN,NaN,NaN,NaN
EXP-20260506-009_uniform_hsbm_rho_eigsh_methods_matlab,rho_n,rho_n,16,NaN,2,1620260508,5000,3,3,16,36,4,32,2.304e-05,2.56e-06,100502,597742,0.02390968,0.0101698333333333,0.0159435833333333,sparse,0,0,60.3012,89,100623.4571776,20.12469143552,60.37407430656,0.110977795559112,Random sampling,random_sampling,0,1,1,0.000299916666666667,0.0262836666666667,0.0523570416666667,,0.0123487083333333,6.81666666666667e-05,0.01382675,0.02624925,1.05279470354706,0.739808713186814,NaN,NaN,NaN,NaN,NaN,NaN,0.00690383333333333,301371,211249,0.7,419037,NaN,NaN,NaN,NaN,NaN,NaN,NaN,NaN,NaN,NaN,NaN
EXP-20260506-009_uniform_hsbm_rho_eigsh_methods_matlab,rho_n,rho_n,16,NaN,2,1620260508,5000,3,3,16,36,4,32,2.304e-05,2.56e-06,100502,597742,0.02390968,0.0101698333333333,0.0159435833333333,sparse,0,0,60.3012,89,100623.4571776,20.12469143552,60.37407430656,0.110977795559112,CountSketch RP,countsketch_random_projection,0,1,1,0.000316333333333333,0.0779568333333333,0.104035833333333,,0.0619434166666667,6.025e-05,0.01591875,0.0779265,0.999999285537669,0.655237195300844,NaN,NaN,NaN,NaN,NaN,NaN,NaN,NaN,NaN,NaN,NaN,0.000129208333333333,163,19,44,0,0.00147383333333333,0.0367994583333333,0.0169862083333333,0.00571529166666667,0.000722166666666667,8.07083333333333e-05
EXP-20260506-009_uniform_hsbm_rho_eigsh_methods_matlab,rho_n,rho_n,16,NaN,3,1620260509,5000,3,3,16,36,4,32,2.304e-05,2.56e-06,101297,602300,0.024092,0.0104509166666667,0.0158034583333333,sparse,0,0,60.7782,92,100623.4571776,20.12469143552,60.37407430656,0.110977795559112,Non-random eigs,non_random,0,1,1,0.000291541666666667,0.020526375,0.0467500416666667,eigs,0.00343279166666667,6.09166666666667e-05,0.0170019583333333,0.0205009583333333,1,0.655894582968349,NaN,NaN,NaN,NaN,NaN,NaN,NaN,NaN,NaN,NaN,NaN,NaN,NaN,NaN,NaN,NaN,NaN,NaN,NaN,NaN,NaN,NaN
EXP-20260506-009_uniform_hsbm_rho_eigsh_methods_matlab,rho_n,rho_n,16,NaN,3,1620260509,5000,3,3,16,36,4,32,2.304e-05,2.56e-06,101297,602300,0.024092,0.0104509166666667,0.0158034583333333,sparse,0,0,60.7782,92,100623.4571776,20.12469143552,60.37407430656,0.110977795559112,Gaussian RP,gaussian_random_projection,0,1,1,0.000315541666666667,0.0819065,0.108130875,,0.0683258333333333,6.37083333333333e-05,0.0134869583333333,0.0818801666666667,0.99999922716631,0.655490445846064,0.002588875,0.0418062083333333,0.0174750833333333,0.00559675,0.000740791666666667,8.7375e-05,NaN,NaN,NaN,NaN,NaN,NaN,NaN,NaN,NaN,NaN,NaN,NaN,NaN,NaN,NaN,NaN
EXP-20260506-009_uniform_hsbm_rho_eigsh_methods_matlab,rho_n,rho_n,16,NaN,3,1620260509,5000,3,3,16,36,4,32,2.304e-05,2.56e-06,101297,602300,0.024092,0.0104509166666667,0.0158034583333333,sparse,0,0,60.7782,92,100623.4571776,20.12469143552,60.37407430656,0.110977795559112,Random sampling,random_sampling,0.000199999999999978,0.999399819940018,0.998467378951455,0.00030825,0.0278675833333333,0.0540835,,0.0143031666666667,6.55416666666667e-05,0.0134604166666667,0.0278342916666667,1.05836377873601,0.744536286449787,NaN,NaN,NaN,NaN,NaN,NaN,0.007432375,303650,212898,0.7,422265,NaN,NaN,NaN,NaN,NaN,NaN,NaN,NaN,NaN,NaN,NaN
EXP-20260506-009_uniform_hsbm_rho_eigsh_methods_matlab,rho_n,rho_n,16,NaN,3,1620260509,5000,3,3,16,36,4,32,2.304e-05,2.56e-06,101297,602300,0.024092,0.0104509166666667,0.0158034583333333,sparse,0,0,60.7782,92,100623.4571776,20.12469143552,60.37407430656,0.110977795559112,CountSketch RP,countsketch_random_projection,0,1,1,0.000349041666666667,0.0753680833333333,0.101587,,0.0614604583333333,6.51666666666667e-05,0.013807,0.075337125,0.999999279908309,0.655259379533245,NaN,NaN,NaN,NaN,NaN,NaN,NaN,NaN,NaN,NaN,NaN,0.000112583333333333,163,17,47,0,0.00154745833333333,0.036400375,0.0169829583333333,0.00553291666666667,0.000757416666666667,9.2e-05
EXP-20260506-009_uniform_hsbm_rho_eigsh_methods_matlab,rho_n,rho_n,16,NaN,4,1620260510,5000,3,3,16,36,4,32,2.304e-05,2.56e-06,100267,596370,0.0238548,0.0106409166666667,0.0156932916666667,sparse,0,0,60.1602,89,100623.4571776,20.12469143552,60.37407430656,0.110977795559112,Non-random eigs,non_random,0,1,1,0.000327541666666667,0.0149191666666667,0.0412197916666667,eigs,0.003321375,7.1375e-05,0.0114928333333333,0.0148907083333333,1,0.657368097065569,NaN,NaN,NaN,NaN,NaN,NaN,NaN,NaN,NaN,NaN,NaN,NaN,NaN,NaN,NaN,NaN,NaN,NaN,NaN,NaN,NaN,NaN
EXP-20260506-009_uniform_hsbm_rho_eigsh_methods_matlab,rho_n,rho_n,16,NaN,4,1620260510,5000,3,3,16,36,4,32,2.304e-05,2.56e-06,100267,596370,0.0238548,0.0106409166666667,0.0156932916666667,sparse,0,0,60.1602,89,100623.4571776,20.12469143552,60.37407430656,0.110977795559112,Gaussian RP,gaussian_random_projection,0,1,1,0.000404291666666667,0.07841125,0.104711583333333,,0.065958875,6.4e-05,0.0123545,0.0783824166666667,0.999999316902245,0.656931075417565,0.00255320833333333,0.0403867916666667,0.0168,0.00538254166666667,0.000722416666666667,8.5625e-05,NaN,NaN,NaN,NaN,NaN,NaN,NaN,NaN,NaN,NaN,NaN,NaN,NaN,NaN,NaN,NaN
EXP-20260506-009_uniform_hsbm_rho_eigsh_methods_matlab,rho_n,rho_n,16,NaN,4,1620260510,5000,3,3,16,36,4,32,2.304e-05,2.56e-06,100267,596370,0.0238548,0.0106409166666667,0.0156932916666667,sparse,0,0,60.1602,89,100623.4571776,20.12469143552,60.37407430656,0.110977795559112,Random sampling,random_sampling,0,1,1,0.000395041666666667,0.0231810833333333,0.04947125,,0.0127867083333333,5.75833333333333e-05,0.01029275,0.0231432083333333,1.0560759478139,0.744122832087388,NaN,NaN,NaN,NaN,NaN,NaN,0.00762808333333333,300685,210690,0.7,417868,NaN,NaN,NaN,NaN,NaN,NaN,NaN,NaN,NaN,NaN,NaN
EXP-20260506-009_uniform_hsbm_rho_eigsh_methods_matlab,rho_n,rho_n,16,NaN,4,1620260510,5000,3,3,16,36,4,32,2.304e-05,2.56e-06,100267,596370,0.0238548,0.0106409166666667,0.0156932916666667,sparse,0,0,60.1602,89,100623.4571776,20.12469143552,60.37407430656,0.110977795559112,CountSketch RP,countsketch_random_projection,0,1,1,0.000337083333333333,0.0740475,0.100343291666667,,0.0622714166666667,6.275e-05,0.0116749166666667,0.0740147916666667,0.999999253750398,0.656902659295408,NaN,NaN,NaN,NaN,NaN,NaN,NaN,NaN,NaN,NaN,NaN,0.000106375,163,18,48,0,0.001542375,0.0360197083333333,0.0175687083333333,0.00598804166666667,0.000901291666666667,0.000103083333333333
EXP-20260506-009_uniform_hsbm_rho_eigsh_methods_matlab,rho_n,rho_n,16,NaN,5,1620260511,5000,3,3,16,36,4,32,2.304e-05,2.56e-06,100223,595884,0.02383536,0.010287,0.0154991666666667,sparse,0,0,60.1338,93,100623.4571776,20.12469143552,60.37407430656,0.110977795559112,Non-random eigs,non_random,0,1,1,0.000337583333333333,0.01521675,0.04097125,eigs,0.00353429166666667,6.87083333333333e-05,0.0115820833333333,0.0151898333333333,0.999999999999999,0.656561051744924,NaN,NaN,NaN,NaN,NaN,NaN,NaN,NaN,NaN,NaN,NaN,NaN,NaN,NaN,NaN,NaN,NaN,NaN,NaN,NaN,NaN,NaN
EXP-20260506-009_uniform_hsbm_rho_eigsh_methods_matlab,rho_n,rho_n,16,NaN,5,1620260511,5000,3,3,16,36,4,32,2.304e-05,2.56e-06,100223,595884,0.02383536,0.010287,0.0154991666666667,sparse,0,0,60.1338,93,100623.4571776,20.12469143552,60.37407430656,0.110977795559112,Gaussian RP,gaussian_random_projection,0,1,1,0.000345291666666667,0.0859685,0.111722125,,0.0736914166666667,6.67916666666667e-05,0.01217775,0.0859410833333333,0.99999934391832,0.655987260002503,0.00258291666666667,0.0486353333333333,0.0155847916666667,0.00592758333333333,0.000765375,0.000165708333333333,NaN,NaN,NaN,NaN,NaN,NaN,NaN,NaN,NaN,NaN,NaN,NaN,NaN,NaN,NaN,NaN
EXP-20260506-009_uniform_hsbm_rho_eigsh_methods_matlab,rho_n,rho_n,16,NaN,5,1620260511,5000,3,3,16,36,4,32,2.304e-05,2.56e-06,100223,595884,0.02383536,0.010287,0.0154991666666667,sparse,0,0,60.1338,93,100623.4571776,20.12469143552,60.37407430656,0.110977795559112,Random sampling,random_sampling,0,1,1,0.000368,0.0251785416666667,0.0509142916666667,,0.0126965833333333,5.99166666666667e-05,0.012371625,0.0251348333333333,1.05617894866502,0.744175010920486,NaN,NaN,NaN,NaN,NaN,NaN,0.007297375,300442,210061,0.7,416593,NaN,NaN,NaN,NaN,NaN,NaN,NaN,NaN,NaN,NaN,NaN
EXP-20260506-009_uniform_hsbm_rho_eigsh_methods_matlab,rho_n,rho_n,16,NaN,5,1620260511,5000,3,3,16,36,4,32,2.304e-05,2.56e-06,100223,595884,0.02383536,0.010287,0.0154991666666667,sparse,0,0,60.1338,93,100623.4571776,20.12469143552,60.37407430656,0.110977795559112,CountSketch RP,countsketch_random_projection,0,1,1,0.000326625,0.074707125,0.10044375,,0.0653206666666667,6.49166666666667e-05,0.009272,0.0746642083333333,0.999999310805502,0.656001507726863,NaN,NaN,NaN,NaN,NaN,NaN,NaN,NaN,NaN,NaN,NaN,0.000117041666666667,163,16,47,0,0.001547125,0.0391985833333333,0.0174740416666667,0.00606341666666667,0.000766708333333333,0.000113541666666667
EXP-20260506-009_uniform_hsbm_rho_eigsh_methods_matlab,rho_n,rho_n,16,NaN,6,1620260512,5000,3,3,16,36,4,32,2.304e-05,2.56e-06,99753,593404,0.02373616,0.0105330833333333,0.0164022916666667,sparse,0,0,59.8518,90,100623.4571776,20.12469143552,60.37407430656,0.110977795559112,Non-random eigs,non_random,0,1,1,0.000412791666666667,0.0197377916666667,0.0466365833333333,eigs,0.00376904166666667,6.2875e-05,0.0158692916666667,0.0197075833333333,1,0.658606653100526,NaN,NaN,NaN,NaN,NaN,NaN,NaN,NaN,NaN,NaN,NaN,NaN,NaN,NaN,NaN,NaN,NaN,NaN,NaN,NaN,NaN,NaN
EXP-20260506-009_uniform_hsbm_rho_eigsh_methods_matlab,rho_n,rho_n,16,NaN,6,1620260512,5000,3,3,16,36,4,32,2.304e-05,2.56e-06,99753,593404,0.02373616,0.0105330833333333,0.0164022916666667,sparse,0,0,59.8518,90,100623.4571776,20.12469143552,60.37407430656,0.110977795559112,Gaussian RP,gaussian_random_projection,0,1,1,0.000374791666666667,0.0786135416666667,0.105511583333333,,0.0662312083333333,6.20416666666667e-05,0.0122829583333333,0.0785825833333333,0.999999372243119,0.658122734323491,0.00267770833333333,0.0409554583333333,0.0162011666666667,0.005531125,0.000736833333333333,9.94166666666667e-05,NaN,NaN,NaN,NaN,NaN,NaN,NaN,NaN,NaN,NaN,NaN,NaN,NaN,NaN,NaN,NaN
EXP-20260506-009_uniform_hsbm_rho_eigsh_methods_matlab,rho_n,rho_n,16,NaN,6,1620260512,5000,3,3,16,36,4,32,2.304e-05,2.56e-06,99753,593404,0.02373616,0.0105330833333333,0.0164022916666667,sparse,0,0,59.8518,90,100623.4571776,20.12469143552,60.37407430656,0.110977795559112,Random sampling,random_sampling,0,1,1,0.000390166666666667,0.0241860416666667,0.0510732083333333,,0.0122262083333333,6.04583333333333e-05,0.0118511666666667,0.0241442083333333,1.05868446279363,0.746836819743767,NaN,NaN,NaN,NaN,NaN,NaN,0.007088375,299202,209764,0.7,415984,NaN,NaN,NaN,NaN,NaN,NaN,NaN,NaN,NaN,NaN,NaN
EXP-20260506-009_uniform_hsbm_rho_eigsh_methods_matlab,rho_n,rho_n,16,NaN,6,1620260512,5000,3,3,16,36,4,32,2.304e-05,2.56e-06,99753,593404,0.02373616,0.0105330833333333,0.0164022916666667,sparse,0,0,59.8518,90,100623.4571776,20.12469143552,60.37407430656,0.110977795559112,CountSketch RP,countsketch_random_projection,0,1,1,0.000310666666666667,0.07303475,0.0999269166666667,,0.060296375,6.50416666666667e-05,0.012630125,0.0729968333333333,0.999999315254618,0.657964680938544,NaN,NaN,NaN,NaN,NaN,NaN,NaN,NaN,NaN,NaN,NaN,0.000121083333333333,163,18,47,0,0.00155233333333333,0.0357102916666667,0.0165544583333333,0.00548683333333333,0.000754416666666667,8.16666666666667e-05
EXP-20260506-009_uniform_hsbm_rho_eigsh_methods_matlab,rho_n,rho_n,16,NaN,7,1620260513,5000,3,3,16,36,4,32,2.304e-05,2.56e-06,100597,598340,0.0239336,0.0105054166666667,0.016133625,sparse,0,0,60.3582,90,100623.4571776,20.12469143552,60.37407430656,0.110977795559112,Non-random eigs,non_random,0,1,1,0.000352583333333333,0.0216965416666667,0.0483060416666667,eigs,0.00340975,6.53333333333333e-05,0.0181919166666667,0.0216712916666667,1,0.656909334569737,NaN,NaN,NaN,NaN,NaN,NaN,NaN,NaN,NaN,NaN,NaN,NaN,NaN,NaN,NaN,NaN,NaN,NaN,NaN,NaN,NaN,NaN
EXP-20260506-009_uniform_hsbm_rho_eigsh_methods_matlab,rho_n,rho_n,16,NaN,7,1620260513,5000,3,3,16,36,4,32,2.304e-05,2.56e-06,100597,598340,0.0239336,0.0105054166666667,0.016133625,sparse,0,0,60.3582,90,100623.4571776,20.12469143552,60.37407430656,0.110977795559112,Gaussian RP,gaussian_random_projection,0,1,1,0.000285666666666667,0.0766232083333333,0.103230875,,0.065581125,6.72916666666667e-05,0.0109434166666667,0.0765961666666667,0.999999460445382,0.656361110287604,0.002555125,0.0398280416666667,0.0166455416666667,0.00565429166666667,0.000775416666666667,9.4125e-05,NaN,NaN,NaN,NaN,NaN,NaN,NaN,NaN,NaN,NaN,NaN,NaN,NaN,NaN,NaN,NaN
EXP-20260506-009_uniform_hsbm_rho_eigsh_methods_matlab,rho_n,rho_n,16,NaN,7,1620260513,5000,3,3,16,36,4,32,2.304e-05,2.56e-06,100597,598340,0.0239336,0.0105054166666667,0.016133625,sparse,0,0,60.3582,90,100623.4571776,20.12469143552,60.37407430656,0.110977795559112,Random sampling,random_sampling,0,1,1,0.000342083333333333,0.02798775,0.0545919583333333,,0.0122136666666667,6.1625e-05,0.015677625,0.0279572916666667,1.05247403478707,0.741160801342069,NaN,NaN,NaN,NaN,NaN,NaN,0.00710245833333333,301670,210856,0.7,418244,NaN,NaN,NaN,NaN,NaN,NaN,NaN,NaN,NaN,NaN,NaN
EXP-20260506-009_uniform_hsbm_rho_eigsh_methods_matlab,rho_n,rho_n,16,NaN,7,1620260513,5000,3,3,16,36,4,32,2.304e-05,2.56e-06,100597,598340,0.0239336,0.0105054166666667,0.016133625,sparse,0,0,60.3582,90,100623.4571776,20.12469143552,60.37407430656,0.110977795559112,CountSketch RP,countsketch_random_projection,0,1,1,0.000342458333333333,0.071752625,0.0983565416666667,,0.0605402083333333,6.19583333333333e-05,0.0111153333333333,0.0717225416666667,0.999999327627189,0.6563877310529,NaN,NaN,NaN,NaN,NaN,NaN,NaN,NaN,NaN,NaN,NaN,0.000109208333333333,163,17,42,0,0.00150529166666667,0.0360192083333333,0.016458125,0.00553654166666667,0.000782875,9.30416666666667e-05
EXP-20260506-009_uniform_hsbm_rho_eigsh_methods_matlab,rho_n,rho_n,16,NaN,8,1620260514,5000,3,3,16,36,4,32,2.304e-05,2.56e-06,100949,600310,0.0240124,0.01101,0.0157676666666667,sparse,0,0,60.5694,94,100623.4571776,20.12469143552,60.37407430656,0.110977795559112,Non-random eigs,non_random,0,1,1,0.000315041666666667,0.014926375,0.0416771666666667,eigs,0.003288,5.3875e-05,0.011557625,0.01490325,1,0.658966275024209,NaN,NaN,NaN,NaN,NaN,NaN,NaN,NaN,NaN,NaN,NaN,NaN,NaN,NaN,NaN,NaN,NaN,NaN,NaN,NaN,NaN,NaN
EXP-20260506-009_uniform_hsbm_rho_eigsh_methods_matlab,rho_n,rho_n,16,NaN,8,1620260514,5000,3,3,16,36,4,32,2.304e-05,2.56e-06,100949,600310,0.0240124,0.01101,0.0157676666666667,sparse,0,0,60.5694,94,100623.4571776,20.12469143552,60.37407430656,0.110977795559112,Gaussian RP,gaussian_random_projection,0,1,1,0.000354125,0.0856717916666667,0.112408291666667,,0.066103625,7.29583333333333e-05,0.0194540416666667,0.0856397916666667,0.999999315973757,0.658503491627733,0.002572,0.0400889166666667,0.01604825,0.006451125,0.000777916666666667,0.000135291666666667,NaN,NaN,NaN,NaN,NaN,NaN,NaN,NaN,NaN,NaN,NaN,NaN,NaN,NaN,NaN,NaN
EXP-20260506-009_uniform_hsbm_rho_eigsh_methods_matlab,rho_n,rho_n,16,NaN,8,1620260514,5000,3,3,16,36,4,32,2.304e-05,2.56e-06,100949,600310,0.0240124,0.01101,0.0157676666666667,sparse,0,0,60.5694,94,100623.4571776,20.12469143552,60.37407430656,0.110977795559112,Random sampling,random_sampling,0,1,1,0.000348791666666667,0.0432237083333333,0.0699379166666667,,0.0320659166666667,6.29166666666667e-05,0.0110314166666667,0.043168375,1.05317751168208,0.743507338440984,NaN,NaN,NaN,NaN,NaN,NaN,0.0259577083333333,302655,211957,0.7,420442,NaN,NaN,NaN,NaN,NaN,NaN,NaN,NaN,NaN,NaN,NaN
EXP-20260506-009_uniform_hsbm_rho_eigsh_methods_matlab,rho_n,rho_n,16,NaN,8,1620260514,5000,3,3,16,36,4,32,2.304e-05,2.56e-06,100949,600310,0.0240124,0.01101,0.0157676666666667,sparse,0,0,60.5694,94,100623.4571776,20.12469143552,60.37407430656,0.110977795559112,CountSketch RP,countsketch_random_projection,0,1,1,0.00032525,0.0731104583333333,0.0998464583333333,,0.0646040833333333,6.73333333333333e-05,0.008397375,0.0730746666666667,0.999999376667003,0.658402475825639,NaN,NaN,NaN,NaN,NaN,NaN,NaN,NaN,NaN,NaN,NaN,0.000109083333333333,163,17,52,0,0.00157570833333333,0.039157375,0.0166742916666667,0.006028625,0.000856791666666667,0.000155458333333333
EXP-20260506-009_uniform_hsbm_rho_eigsh_methods_matlab,rho_n,rho_n,16,NaN,9,1620260515,5000,3,3,16,36,4,32,2.304e-05,2.56e-06,100219,595782,0.02383128,0.00973175,0.017111,sparse,0,0,60.1314,90,100623.4571776,20.12469143552,60.37407430656,0.110977795559112,Non-random eigs,non_random,0,1,1,0.00031225,0.0201823333333333,0.0469925,eigs,0.00338670833333333,5.95833333333333e-05,0.0167034583333333,0.0201548333333333,1,0.658604374533529,NaN,NaN,NaN,NaN,NaN,NaN,NaN,NaN,NaN,NaN,NaN,NaN,NaN,NaN,NaN,NaN,NaN,NaN,NaN,NaN,NaN,NaN
EXP-20260506-009_uniform_hsbm_rho_eigsh_methods_matlab,rho_n,rho_n,16,NaN,9,1620260515,5000,3,3,16,36,4,32,2.304e-05,2.56e-06,100219,595782,0.02383128,0.00973175,0.017111,sparse,0,0,60.1314,90,100623.4571776,20.12469143552,60.37407430656,0.110977795559112,Gaussian RP,gaussian_random_projection,0,1,1,0.000320541666666667,0.08707925,0.113886125,,0.0748197916666667,7e-05,0.0121535833333333,0.087049125,0.99999929678535,0.65811713141224,0.002549125,0.0490499166666667,0.0166045,0.00560804166666667,0.000793,0.000175041666666667,NaN,NaN,NaN,NaN,NaN,NaN,NaN,NaN,NaN,NaN,NaN,NaN,NaN,NaN,NaN,NaN
EXP-20260506-009_uniform_hsbm_rho_eigsh_methods_matlab,rho_n,rho_n,16,NaN,9,1620260515,5000,3,3,16,36,4,32,2.304e-05,2.56e-06,100219,595782,0.02383128,0.00973175,0.017111,sparse,0,0,60.1314,90,100623.4571776,20.12469143552,60.37407430656,0.110977795559112,Random sampling,random_sampling,0,1,1,0.000377375,0.0248489583333333,0.0516470833333333,,0.013216625,6.24166666666667e-05,0.0115252916666667,0.0248103333333333,1.05427574291135,0.744769590589879,NaN,NaN,NaN,NaN,NaN,NaN,0.00719366666666667,300391,210237,0.7,416995,NaN,NaN,NaN,NaN,NaN,NaN,NaN,NaN,NaN,NaN,NaN
EXP-20260506-009_uniform_hsbm_rho_eigsh_methods_matlab,rho_n,rho_n,16,NaN,9,1620260515,5000,3,3,16,36,4,32,2.304e-05,2.56e-06,100219,595782,0.02383128,0.00973175,0.017111,sparse,0,0,60.1314,90,100623.4571776,20.12469143552,60.37407430656,0.110977795559112,CountSketch RP,countsketch_random_projection,0,1,1,0.000386375,0.0710434583333333,0.0978404166666667,,0.0627944583333333,6.87916666666667e-05,0.00813441666666667,0.0710050833333333,0.999999301318107,0.658154175138334,NaN,NaN,NaN,NaN,NaN,NaN,NaN,NaN,NaN,NaN,NaN,0.000117208333333333,163,18,52,0,0.00168383333333333,0.038774125,0.0152723333333333,0.005946875,0.000792791666666667,0.000157166666666667
EXP-20260506-009_uniform_hsbm_rho_eigsh_methods_matlab,rho_n,rho_n,16,NaN,10,1620260516,5000,3,3,16,36,4,32,2.304e-05,2.56e-06,100780,599264,0.02397056,0.0101905,0.016625375,sparse,0,0,60.468,90,100623.4571776,20.12469143552,60.37407430656,0.110977795559112,Non-random eigs,non_random,0,1,1,0.000372833333333333,0.0138140416666667,0.0405986666666667,eigs,0.003665875,6.025e-05,0.0100566666666667,0.013787875,1,0.657212135239694,NaN,NaN,NaN,NaN,NaN,NaN,NaN,NaN,NaN,NaN,NaN,NaN,NaN,NaN,NaN,NaN,NaN,NaN,NaN,NaN,NaN,NaN
EXP-20260506-009_uniform_hsbm_rho_eigsh_methods_matlab,rho_n,rho_n,16,NaN,10,1620260516,5000,3,3,16,36,4,32,2.304e-05,2.56e-06,100780,599264,0.02397056,0.0101905,0.016625375,sparse,0,0,60.468,90,100623.4571776,20.12469143552,60.37407430656,0.110977795559112,Gaussian RP,gaussian_random_projection,0,1,1,0.000573916666666667,0.081414125,0.108184166666667,,0.0711287083333333,6.4e-05,0.0101755833333333,0.08137725,0.999999391045374,0.656616113512634,0.00255779166666667,0.04546525,0.0155566666666667,0.00662129166666667,0.000757708333333333,0.000133625,NaN,NaN,NaN,NaN,NaN,NaN,NaN,NaN,NaN,NaN,NaN,NaN,NaN,NaN,NaN,NaN
EXP-20260506-009_uniform_hsbm_rho_eigsh_methods_matlab,rho_n,rho_n,16,NaN,10,1620260516,5000,3,3,16,36,4,32,2.304e-05,2.56e-06,100780,599264,0.02397056,0.0101905,0.016625375,sparse,0,0,60.468,90,100623.4571776,20.12469143552,60.37407430656,0.110977795559112,Random sampling,random_sampling,0,1,1,0.000306708333333333,0.023979,0.0507455833333333,,0.0122936666666667,6.1125e-05,0.0115749166666667,0.0239357916666667,1.0527940429666,0.738204023652847,NaN,NaN,NaN,NaN,NaN,NaN,0.0073445,302132,211081,0.7,418678,NaN,NaN,NaN,NaN,NaN,NaN,NaN,NaN,NaN,NaN,NaN
EXP-20260506-009_uniform_hsbm_rho_eigsh_methods_matlab,rho_n,rho_n,16,NaN,10,1620260516,5000,3,3,16,36,4,32,2.304e-05,2.56e-06,100780,599264,0.02397056,0.0101905,0.016625375,sparse,0,0,60.468,90,100623.4571776,20.12469143552,60.37407430656,0.110977795559112,CountSketch RP,countsketch_random_projection,0,1,1,0.000361708333333333,0.0781071666666667,0.10487975,,0.0670468333333333,6.89583333333333e-05,0.0109480833333333,0.0780704166666667,0.999999231603809,0.65666493509472,NaN,NaN,NaN,NaN,NaN,NaN,NaN,NaN,NaN,NaN,NaN,0.000118041666666667,163,17,45,0,0.00193879166666667,0.0394512083333333,0.0177983333333333,0.00614233333333333,0.00136358333333333,0.000180541666666667
EXP-20260506-009_uniform_hsbm_rho_eigsh_methods_matlab,rho_n,rho_n,32,NaN,1,3220260507,5000,3,3,32,36,4,32,4.608e-05,5.12e-06,201371,1172560,0.0469024,0.0180851666666667,0.032771375,sparse,0,0,120.8226,160,201246.9143552,40.24938287104,120.74814861312,0.110977795559112,Non-random eigs,non_random,0,1,1,0.000313708333333333,0.0208080416666667,0.0716332083333333,eigs,0.00567933333333333,6.22916666666667e-05,0.0150350416666667,0.0207820416666667,1,0.650782363268191,NaN,NaN,NaN,NaN,NaN,NaN,NaN,NaN,NaN,NaN,NaN,NaN,NaN,NaN,NaN,NaN,NaN,NaN,NaN,NaN,NaN,NaN
EXP-20260506-009_uniform_hsbm_rho_eigsh_methods_matlab,rho_n,rho_n,32,NaN,1,3220260507,5000,3,3,32,36,4,32,4.608e-05,5.12e-06,201371,1172560,0.0469024,0.0180851666666667,0.032771375,sparse,0,0,120.8226,160,201246.9143552,40.24938287104,120.74814861312,0.110977795559112,Gaussian RP,gaussian_random_projection,0,1,1,0.000328625,0.123457166666667,0.174279083333333,,0.109212333333333,6.55416666666667e-05,0.0141446666666667,0.123428125,0.999999732066395,0.650532340303739,0.00257108333333333,0.079166625,0.0166042083333333,0.00993958333333333,0.000795333333333333,9.875e-05,NaN,NaN,NaN,NaN,NaN,NaN,NaN,NaN,NaN,NaN,NaN,NaN,NaN,NaN,NaN,NaN
EXP-20260506-009_uniform_hsbm_rho_eigsh_methods_matlab,rho_n,rho_n,32,NaN,1,3220260507,5000,3,3,32,36,4,32,4.608e-05,5.12e-06,201371,1172560,0.0469024,0.0180851666666667,0.032771375,sparse,0,0,120.8226,160,201246.9143552,40.24938287104,120.74814861312,0.110977795559112,Random sampling,random_sampling,0,1,1,0.000342666666666667,0.03339225,0.0842052083333333,,0.022499125,6.1e-05,0.0107885416666667,0.0333550833333333,1.05053516763581,0.732902822462154,NaN,NaN,NaN,NaN,NaN,NaN,0.0143592083333333,588780,411520,0.7,819579,NaN,NaN,NaN,NaN,NaN,NaN,NaN,NaN,NaN,NaN,NaN
EXP-20260506-009_uniform_hsbm_rho_eigsh_methods_matlab,rho_n,rho_n,32,NaN,1,3220260507,5000,3,3,32,36,4,32,4.608e-05,5.12e-06,201371,1172560,0.0469024,0.0180851666666667,0.032771375,sparse,0,0,120.8226,160,201246.9143552,40.24938287104,120.74814861312,0.110977795559112,CountSketch RP,countsketch_random_projection,0,1,1,0.0003175,0.108066708333333,0.158876458333333,,0.100576666666667,6.70416666666667e-05,0.00737620833333333,0.108025875,0.999999759862959,0.650556117036287,NaN,NaN,NaN,NaN,NaN,NaN,NaN,NaN,NaN,NaN,NaN,0.000118,163,15,44,0,0.00200229166666667,0.0705252083333333,0.0166817083333333,0.010269125,0.000816708333333333,0.000120166666666667
EXP-20260506-009_uniform_hsbm_rho_eigsh_methods_matlab,rho_n,rho_n,32,NaN,2,3220260508,5000,3,3,32,36,4,32,4.608e-05,5.12e-06,201607,1173682,0.04694728,0.0179219583333333,0.0302471666666667,sparse,0,0,120.9642,162,201246.9143552,40.24938287104,120.74814861312,0.110977795559112,Non-random eigs,non_random,0,1,1,0.000343375,0.0157043333333333,0.063841,eigs,0.00585616666666667,6.48333333333333e-05,0.009750875,0.0156767916666667,0.999999999999999,0.652704594837073,NaN,NaN,NaN,NaN,NaN,NaN,NaN,NaN,NaN,NaN,NaN,NaN,NaN,NaN,NaN,NaN,NaN,NaN,NaN,NaN,NaN,NaN
EXP-20260506-009_uniform_hsbm_rho_eigsh_methods_matlab,rho_n,rho_n,32,NaN,2,3220260508,5000,3,3,32,36,4,32,4.608e-05,5.12e-06,201607,1173682,0.04694728,0.0179219583333333,0.0302471666666667,sparse,0,0,120.9642,162,201246.9143552,40.24938287104,120.74814861312,0.110977795559112,Gaussian RP,gaussian_random_projection,0,1,1,0.000430541666666667,0.129771041666667,0.177897583333333,,0.116566041666667,7.1e-05,0.0130914166666667,0.129735666666667,0.999999770613322,0.65247557290376,0.00259266666666667,0.0879095833333333,0.0153771666666667,0.009679625,0.000837333333333333,0.000134291666666667,NaN,NaN,NaN,NaN,NaN,NaN,NaN,NaN,NaN,NaN,NaN,NaN,NaN,NaN,NaN,NaN
EXP-20260506-009_uniform_hsbm_rho_eigsh_methods_matlab,rho_n,rho_n,32,NaN,2,3220260508,5000,3,3,32,36,4,32,4.608e-05,5.12e-06,201607,1173682,0.04694728,0.0179219583333333,0.0302471666666667,sparse,0,0,120.9642,162,201246.9143552,40.24938287104,120.74814861312,0.110977795559112,Random sampling,random_sampling,0,1,1,0.000355041666666667,0.0332375,0.0813624166666667,,0.0219380416666667,5.92083333333333e-05,0.0111960416666667,0.0331988333333333,1.05283977619971,0.73446812046484,NaN,NaN,NaN,NaN,NaN,NaN,0.0142750833333333,589341,412464,0.7,821434,NaN,NaN,NaN,NaN,NaN,NaN,NaN,NaN,NaN,NaN,NaN
EXP-20260506-009_uniform_hsbm_rho_eigsh_methods_matlab,rho_n,rho_n,32,NaN,2,3220260508,5000,3,3,32,36,4,32,4.608e-05,5.12e-06,201607,1173682,0.04694728,0.0179219583333333,0.0302471666666667,sparse,0,0,120.9642,162,201246.9143552,40.24938287104,120.74814861312,0.110977795559112,CountSketch RP,countsketch_random_projection,0,1,1,0.000354791666666667,0.106961583333333,0.155091291666667,,0.0992684166666667,7.02916666666667e-05,0.00758345833333333,0.106927416666667,0.999999765649066,0.652467222381816,NaN,NaN,NaN,NaN,NaN,NaN,NaN,NaN,NaN,NaN,NaN,0.0001105,163,17,43,0,0.00192358333333333,0.069382625,0.017248375,0.009648875,0.000780333333333333,0.000132833333333333
EXP-20260506-009_uniform_hsbm_rho_eigsh_methods_matlab,rho_n,rho_n,32,NaN,3,3220260509,5000,3,3,32,36,4,32,4.608e-05,5.12e-06,201924,1174942,0.04699768,0.017976125,0.0306232916666667,sparse,0,0,121.1544,171,201246.9143552,40.24938287104,120.74814861312,0.110977795559112,Non-random eigs,non_random,0,1,1,0.000319708333333333,0.0152705416666667,0.063838625,eigs,0.0056285,6.19166666666667e-05,0.00954879166666667,0.0152444166666667,1,0.652077838856506,NaN,NaN,NaN,NaN,NaN,NaN,NaN,NaN,NaN,NaN,NaN,NaN,NaN,NaN,NaN,NaN,NaN,NaN,NaN,NaN,NaN,NaN
EXP-20260506-009_uniform_hsbm_rho_eigsh_methods_matlab,rho_n,rho_n,32,NaN,3,3220260509,5000,3,3,32,36,4,32,4.608e-05,5.12e-06,201924,1174942,0.04699768,0.017976125,0.0306232916666667,sparse,0,0,121.1544,171,201246.9143552,40.24938287104,120.74814861312,0.110977795559112,Gaussian RP,gaussian_random_projection,0,1,1,0.00031075,0.12131225,0.169874625,,0.109118,6.31666666666667e-05,0.0120940416666667,0.121282083333333,0.999999724885462,0.651748344210885,0.00256004166666667,0.078986125,0.016907375,0.00971554166666667,0.000786333333333333,0.000133,NaN,NaN,NaN,NaN,NaN,NaN,NaN,NaN,NaN,NaN,NaN,NaN,NaN,NaN,NaN,NaN
EXP-20260506-009_uniform_hsbm_rho_eigsh_methods_matlab,rho_n,rho_n,32,NaN,3,3220260509,5000,3,3,32,36,4,32,4.608e-05,5.12e-06,201924,1174942,0.04699768,0.017976125,0.0306232916666667,sparse,0,0,121.1544,171,201246.9143552,40.24938287104,120.74814861312,0.110977795559112,Random sampling,random_sampling,0,1,1,0.00034775,0.02914975,0.0776994583333333,,0.0203617916666667,5.89166666666667e-05,0.00867933333333333,0.029107875,1.0548545076805,0.735162094277137,NaN,NaN,NaN,NaN,NaN,NaN,0.0136254583333333,589971,413216,0.7,822924,NaN,NaN,NaN,NaN,NaN,NaN,NaN,NaN,NaN,NaN,NaN
EXP-20260506-009_uniform_hsbm_rho_eigsh_methods_matlab,rho_n,rho_n,32,NaN,3,3220260509,5000,3,3,32,36,4,32,4.608e-05,5.12e-06,201924,1174942,0.04699768,0.017976125,0.0306232916666667,sparse,0,0,121.1544,171,201246.9143552,40.24938287104,120.74814861312,0.110977795559112,CountSketch RP,countsketch_random_projection,0,1,1,0.000340791666666667,0.118888125,0.167445083333333,,0.0993310416666667,6.24583333333333e-05,0.0194521666666667,0.118850333333333,0.999999739939128,0.651858805967061,NaN,NaN,NaN,NaN,NaN,NaN,NaN,NaN,NaN,NaN,NaN,0.000135708333333333,163,18,44,0,0.00192225,0.0697370833333333,0.0162453333333333,0.0104354583333333,0.00074025,7.4875e-05
EXP-20260506-009_uniform_hsbm_rho_eigsh_methods_matlab,rho_n,rho_n,32,NaN,4,3220260510,5000,3,3,32,36,4,32,4.608e-05,5.12e-06,201731,1173840,0.0469536,0.0177857916666667,0.0306018333333333,sparse,0,0,121.0386,160,201246.9143552,40.24938287104,120.74814861312,0.110977795559112,Non-random eigs,non_random,0,1,1,0.000338875,0.0216216666666667,0.0699782083333333,eigs,0.005673,6.30833333333333e-05,0.0158545,0.0215952083333333,1,0.652702915343817,NaN,NaN,NaN,NaN,NaN,NaN,NaN,NaN,NaN,NaN,NaN,NaN,NaN,NaN,NaN,NaN,NaN,NaN,NaN,NaN,NaN,NaN
EXP-20260506-009_uniform_hsbm_rho_eigsh_methods_matlab,rho_n,rho_n,32,NaN,4,3220260510,5000,3,3,32,36,4,32,4.608e-05,5.12e-06,201731,1173840,0.0469536,0.0177857916666667,0.0306018333333333,sparse,0,0,121.0386,160,201246.9143552,40.24938287104,120.74814861312,0.110977795559112,Gaussian RP,gaussian_random_projection,0,1,1,0.000342708333333333,0.125467125,0.17382125,,0.108470958333333,6.68333333333333e-05,0.0168958333333333,0.125437791666667,0.999999752070017,0.652490657322792,0.002638,0.078015625,0.0167734583333333,0.0101989583333333,0.000727166666666667,8.87083333333333e-05,NaN,NaN,NaN,NaN,NaN,NaN,NaN,NaN,NaN,NaN,NaN,NaN,NaN,NaN,NaN,NaN
EXP-20260506-009_uniform_hsbm_rho_eigsh_methods_matlab,rho_n,rho_n,32,NaN,4,3220260510,5000,3,3,32,36,4,32,4.608e-05,5.12e-06,201731,1173840,0.0469536,0.0177857916666667,0.0306018333333333,sparse,0,0,121.0386,160,201246.9143552,40.24938287104,120.74814861312,0.110977795559112,Random sampling,random_sampling,0,1,1,0.0003255,0.0298622916666667,0.0782115,,0.0209627083333333,5.93333333333333e-05,0.00880183333333333,0.0298282916666667,1.05257601025117,0.736377396830152,NaN,NaN,NaN,NaN,NaN,NaN,0.0135095,589420,411910,0.7,820321,NaN,NaN,NaN,NaN,NaN,NaN,NaN,NaN,NaN,NaN,NaN
EXP-20260506-009_uniform_hsbm_rho_eigsh_methods_matlab,rho_n,rho_n,32,NaN,4,3220260510,5000,3,3,32,36,4,32,4.608e-05,5.12e-06,201731,1173840,0.0469536,0.0177857916666667,0.0306018333333333,sparse,0,0,121.0386,160,201246.9143552,40.24938287104,120.74814861312,0.110977795559112,CountSketch RP,countsketch_random_projection,0,1,1,0.000341458333333333,0.108220375,0.156567125,,0.0988531666666667,6.04166666666667e-05,0.00926591666666667,0.108184083333333,0.999999777702554,0.652478163186101,NaN,NaN,NaN,NaN,NaN,NaN,NaN,NaN,NaN,NaN,NaN,0.000112333333333333,163,16,48,0,0.00193366666666667,0.0694455,0.016715625,0.00978966666666667,0.000710125,0.000105083333333333
EXP-20260506-009_uniform_hsbm_rho_eigsh_methods_matlab,rho_n,rho_n,32,NaN,5,3220260511,5000,3,3,32,36,4,32,4.608e-05,5.12e-06,200872,1169480,0.0467792,0.0185214166666667,0.0308545833333333,sparse,0,0,120.5232,163,201246.9143552,40.24938287104,120.74814861312,0.110977795559112,Non-random eigs,non_random,0,1,1,0.000846125,0.0186635833333333,0.0680007083333333,eigs,0.00572616666666667,6.075e-05,0.0128377916666667,0.0186312083333333,1,0.651650171420506,NaN,NaN,NaN,NaN,NaN,NaN,NaN,NaN,NaN,NaN,NaN,NaN,NaN,NaN,NaN,NaN,NaN,NaN,NaN,NaN,NaN,NaN
EXP-20260506-009_uniform_hsbm_rho_eigsh_methods_matlab,rho_n,rho_n,32,NaN,5,3220260511,5000,3,3,32,36,4,32,4.608e-05,5.12e-06,200872,1169480,0.0467792,0.0185214166666667,0.0308545833333333,sparse,0,0,120.5232,163,201246.9143552,40.24938287104,120.74814861312,0.110977795559112,Gaussian RP,gaussian_random_projection,0,1,1,0.000323875,0.119553,0.168893458333333,,0.106853708333333,6.4625e-05,0.012599125,0.119522375,0.999999738899771,0.651403172421054,0.00263708333333333,0.0765055,0.0168506666666667,0.009938375,0.000769583333333333,0.000118833333333333,NaN,NaN,NaN,NaN,NaN,NaN,NaN,NaN,NaN,NaN,NaN,NaN,NaN,NaN,NaN,NaN
EXP-20260506-009_uniform_hsbm_rho_eigsh_methods_matlab,rho_n,rho_n,32,NaN,5,3220260511,5000,3,3,32,36,4,32,4.608e-05,5.12e-06,200872,1169480,0.0467792,0.0185214166666667,0.0308545833333333,sparse,0,0,120.5232,163,201246.9143552,40.24938287104,120.74814861312,0.110977795559112,Random sampling,random_sampling,0,1,1,0.000359166666666667,0.0297846666666667,0.0791135416666667,,0.02023925,6.2125e-05,0.00943616666666667,0.0297447083333333,1.05495765741197,0.73643046526992,NaN,NaN,NaN,NaN,NaN,NaN,0.013409125,587240,411261,0.7,819015,NaN,NaN,NaN,NaN,NaN,NaN,NaN,NaN,NaN,NaN,NaN
EXP-20260506-009_uniform_hsbm_rho_eigsh_methods_matlab,rho_n,rho_n,32,NaN,5,3220260511,5000,3,3,32,36,4,32,4.608e-05,5.12e-06,200872,1169480,0.0467792,0.0185214166666667,0.0308545833333333,sparse,0,0,120.5232,163,201246.9143552,40.24938287104,120.74814861312,0.110977795559112,CountSketch RP,countsketch_random_projection,0,1,1,0.000358333333333333,0.110025375,0.159362333333333,,0.0983009583333333,6.525e-05,0.011620125,0.109990916666667,0.999999696383168,0.651442622391391,NaN,NaN,NaN,NaN,NaN,NaN,NaN,NaN,NaN,NaN,NaN,0.000175583333333333,163,20,45,0,0.00200766666666667,0.0686366666666667,0.0170475,0.00957929166666667,0.000734916666666667,8.075e-05
EXP-20260506-009_uniform_hsbm_rho_eigsh_methods_matlab,rho_n,rho_n,32,NaN,6,3220260512,5000,3,3,32,36,4,32,4.608e-05,5.12e-06,201443,1172846,0.04691384,0.018167125,0.030620375,sparse,0,0,120.8658,166,201246.9143552,40.24938287104,120.74814861312,0.110977795559112,Non-random eigs,non_random,0,1,1,0.000303,0.015503125,0.0642590833333333,eigs,0.005687875,6.22083333333333e-05,0.0097215,0.015476,1,0.651092186251726,NaN,NaN,NaN,NaN,NaN,NaN,NaN,NaN,NaN,NaN,NaN,NaN,NaN,NaN,NaN,NaN,NaN,NaN,NaN,NaN,NaN,NaN
EXP-20260506-009_uniform_hsbm_rho_eigsh_methods_matlab,rho_n,rho_n,32,NaN,6,3220260512,5000,3,3,32,36,4,32,4.608e-05,5.12e-06,201443,1172846,0.04691384,0.018167125,0.030620375,sparse,0,0,120.8658,166,201246.9143552,40.24938287104,120.74814861312,0.110977795559112,Gaussian RP,gaussian_random_projection,0,1,1,0.000315125,0.123208916666667,0.171963125,,0.107429166666667,6.52083333333333e-05,0.01568125,0.123180125,0.999999768507527,0.650827750996824,0.00254516666666667,0.07722,0.0163229583333333,0.0103749583333333,0.000790375,0.000146541666666667,NaN,NaN,NaN,NaN,NaN,NaN,NaN,NaN,NaN,NaN,NaN,NaN,NaN,NaN,NaN,NaN
EXP-20260506-009_uniform_hsbm_rho_eigsh_methods_matlab,rho_n,rho_n,32,NaN,6,3220260512,5000,3,3,32,36,4,32,4.608e-05,5.12e-06,201443,1172846,0.04691384,0.018167125,0.030620375,sparse,0,0,120.8658,166,201246.9143552,40.24938287104,120.74814861312,0.110977795559112,Random sampling,random_sampling,0,1,1,0.000369125,0.030098875,0.0788464166666667,,0.02127525,6.47083333333333e-05,0.00871895833333333,0.0300639583333333,1.05617111590954,0.735413076629709,NaN,NaN,NaN,NaN,NaN,NaN,0.01335675,588923,412381,0.7,821223,NaN,NaN,NaN,NaN,NaN,NaN,NaN,NaN,NaN,NaN,NaN
EXP-20260506-009_uniform_hsbm_rho_eigsh_methods_matlab,rho_n,rho_n,32,NaN,6,3220260512,5000,3,3,32,36,4,32,4.608e-05,5.12e-06,201443,1172846,0.04691384,0.018167125,0.030620375,sparse,0,0,120.8658,166,201246.9143552,40.24938287104,120.74814861312,0.110977795559112,CountSketch RP,countsketch_random_projection,0,1,1,0.000350791666666667,0.11148375,0.160229416666667,,0.0999403333333333,6.49166666666667e-05,0.0114366666666667,0.111447166666667,0.999999724924512,0.650820361932283,NaN,NaN,NaN,NaN,NaN,NaN,NaN,NaN,NaN,NaN,NaN,0.000120625,163,13,49,0,0.003418875,0.0696239166666667,0.01627925,0.00958075,0.000764916666666667,0.000101583333333333
EXP-20260506-009_uniform_hsbm_rho_eigsh_methods_matlab,rho_n,rho_n,32,NaN,7,3220260513,5000,3,3,32,36,4,32,4.608e-05,5.12e-06,201010,1170188,0.04680752,0.0182023333333333,0.0303609166666667,sparse,0,0,120.606,165,201246.9143552,40.24938287104,120.74814861312,0.110977795559112,Non-random eigs,non_random,0,1,1,0.000297166666666667,0.0184962083333333,0.0670278333333333,eigs,0.00576808333333333,6.27083333333333e-05,0.0126337916666667,0.0184695833333333,1,0.653001457168699,NaN,NaN,NaN,NaN,NaN,NaN,NaN,NaN,NaN,NaN,NaN,NaN,NaN,NaN,NaN,NaN,NaN,NaN,NaN,NaN,NaN,NaN
EXP-20260506-009_uniform_hsbm_rho_eigsh_methods_matlab,rho_n,rho_n,32,NaN,7,3220260513,5000,3,3,32,36,4,32,4.608e-05,5.12e-06,201010,1170188,0.04680752,0.0182023333333333,0.0303609166666667,sparse,0,0,120.606,165,201246.9143552,40.24938287104,120.74814861312,0.110977795559112,Gaussian RP,gaussian_random_projection,0,1,1,0.000347083333333333,0.114975041666667,0.163506,,0.10690125,6.37083333333333e-05,0.00797779166666667,0.114947166666667,0.999999739099064,0.652769644515783,0.00260458333333333,0.0766377083333333,0.017378875,0.00942804166666667,0.000725708333333333,9.50416666666667e-05,NaN,NaN,NaN,NaN,NaN,NaN,NaN,NaN,NaN,NaN,NaN,NaN,NaN,NaN,NaN,NaN
EXP-20260506-009_uniform_hsbm_rho_eigsh_methods_matlab,rho_n,rho_n,32,NaN,7,3220260513,5000,3,3,32,36,4,32,4.608e-05,5.12e-06,201010,1170188,0.04680752,0.0182023333333333,0.0303609166666667,sparse,0,0,120.606,165,201246.9143552,40.24938287104,120.74814861312,0.110977795559112,Random sampling,random_sampling,0,1,1,0.000318041666666667,0.030030625,0.078553875,,0.0206564583333333,6.1375e-05,0.00927279166666667,0.0299953333333333,1.05077143386092,0.732373350397135,NaN,NaN,NaN,NaN,NaN,NaN,0.0134382083333333,587594,411057,0.7,818654,NaN,NaN,NaN,NaN,NaN,NaN,NaN,NaN,NaN,NaN,NaN
EXP-20260506-009_uniform_hsbm_rho_eigsh_methods_matlab,rho_n,rho_n,32,NaN,7,3220260513,5000,3,3,32,36,4,32,4.608e-05,5.12e-06,201010,1170188,0.04680752,0.0182023333333333,0.0303609166666667,sparse,0,0,120.606,165,201246.9143552,40.24938287104,120.74814861312,0.110977795559112,CountSketch RP,countsketch_random_projection,0,1,1,0.000549916666666667,0.11138975,0.159908708333333,,0.0986268333333333,6.40833333333333e-05,0.0126545416666667,0.111351125,0.999999735181594,0.652778622770675,NaN,NaN,NaN,NaN,NaN,NaN,NaN,NaN,NaN,NaN,NaN,0.000115375,163,15,46,0,0.001993375,0.0693137083333333,0.0168419166666667,0.00951075,0.000738416666666667,7.64583333333333e-05
EXP-20260506-009_uniform_hsbm_rho_eigsh_methods_matlab,rho_n,rho_n,32,NaN,8,3220260514,5000,3,3,32,36,4,32,4.608e-05,5.12e-06,201423,1172528,0.04690112,0.01977175,0.030445625,sparse,0,0,120.8538,169,201246.9143552,40.24938287104,120.74814861312,0.110977795559112,Non-random eigs,non_random,0,1,1,0.000386291666666667,0.0142845,0.0644642916666667,eigs,0.00559641666666667,6.02083333333333e-05,0.00859029166666667,0.014257,1,0.651353262977014,NaN,NaN,NaN,NaN,NaN,NaN,NaN,NaN,NaN,NaN,NaN,NaN,NaN,NaN,NaN,NaN,NaN,NaN,NaN,NaN,NaN,NaN
EXP-20260506-009_uniform_hsbm_rho_eigsh_methods_matlab,rho_n,rho_n,32,NaN,8,3220260514,5000,3,3,32,36,4,32,4.608e-05,5.12e-06,201423,1172528,0.04690112,0.01977175,0.030445625,sparse,0,0,120.8538,169,201246.9143552,40.24938287104,120.74814861312,0.110977795559112,Gaussian RP,gaussian_random_projection,0,1,1,0.000327125,0.120379458333333,0.170553333333333,,0.107401291666667,6.20833333333333e-05,0.0128725833333333,0.120343416666667,0.999999737595265,0.65113654228943,0.00256366666666667,0.077794,0.01610575,0.0100722083333333,0.00075,8.4625e-05,NaN,NaN,NaN,NaN,NaN,NaN,NaN,NaN,NaN,NaN,NaN,NaN,NaN,NaN,NaN,NaN
EXP-20260506-009_uniform_hsbm_rho_eigsh_methods_matlab,rho_n,rho_n,32,NaN,8,3220260514,5000,3,3,32,36,4,32,4.608e-05,5.12e-06,201423,1172528,0.04690112,0.01977175,0.030445625,sparse,0,0,120.8538,169,201246.9143552,40.24938287104,120.74814861312,0.110977795559112,Random sampling,random_sampling,0,1,1,0.000308625,0.0313855,0.0815575833333333,,0.0221612083333333,6.01666666666667e-05,0.00911883333333333,0.03134625,1.05260448062636,0.732981124156056,NaN,NaN,NaN,NaN,NaN,NaN,0.0140582083333333,588764,412345,0.7,821215,NaN,NaN,NaN,NaN,NaN,NaN,NaN,NaN,NaN,NaN,NaN
EXP-20260506-009_uniform_hsbm_rho_eigsh_methods_matlab,rho_n,rho_n,32,NaN,8,3220260514,5000,3,3,32,36,4,32,4.608e-05,5.12e-06,201423,1172528,0.04690112,0.01977175,0.030445625,sparse,0,0,120.8538,169,201246.9143552,40.24938287104,120.74814861312,0.110977795559112,CountSketch RP,countsketch_random_projection,0,1,1,0.000308958333333333,0.122099625,0.172271,,0.105085875,6.4e-05,0.01690375,0.1220595,0.999999798971209,0.651062051501519,NaN,NaN,NaN,NaN,NaN,NaN,NaN,NaN,NaN,NaN,NaN,0.000108083333333333,163,18,47,0,0.00702366666666667,0.069945875,0.0172412083333333,0.009883875,0.000738625,9.925e-05
EXP-20260506-009_uniform_hsbm_rho_eigsh_methods_matlab,rho_n,rho_n,32,NaN,9,3220260515,5000,3,3,32,36,4,32,4.608e-05,5.12e-06,201367,1172590,0.0469036,0.02060325,0.0314272916666667,sparse,0,0,120.8202,160,201246.9143552,40.24938287104,120.74814861312,0.110977795559112,Non-random eigs,non_random,0,1,1,0.000300083333333333,0.0144535416666667,0.066446625,eigs,0.006077625,6.10833333333333e-05,0.008277375,0.0144203333333333,1,0.650847018383612,NaN,NaN,NaN,NaN,NaN,NaN,NaN,NaN,NaN,NaN,NaN,NaN,NaN,NaN,NaN,NaN,NaN,NaN,NaN,NaN,NaN,NaN
EXP-20260506-009_uniform_hsbm_rho_eigsh_methods_matlab,rho_n,rho_n,32,NaN,9,3220260515,5000,3,3,32,36,4,32,4.608e-05,5.12e-06,201367,1172590,0.0469036,0.02060325,0.0314272916666667,sparse,0,0,120.8202,160,201246.9143552,40.24938287104,120.74814861312,0.110977795559112,Gaussian RP,gaussian_random_projection,0,1,1,0.000350916666666667,0.124700708333333,0.176692125,,0.107819708333333,6.60416666666667e-05,0.0167758333333333,0.124667833333333,0.999999704887296,0.650586658575182,0.00255495833333333,0.0762586666666667,0.0174834166666667,0.0106123333333333,0.000760583333333333,0.000112916666666667,NaN,NaN,NaN,NaN,NaN,NaN,NaN,NaN,NaN,NaN,NaN,NaN,NaN,NaN,NaN,NaN
EXP-20260506-009_uniform_hsbm_rho_eigsh_methods_matlab,rho_n,rho_n,32,NaN,9,3220260515,5000,3,3,32,36,4,32,4.608e-05,5.12e-06,201367,1172590,0.0469036,0.02060325,0.0314272916666667,sparse,0,0,120.8202,160,201246.9143552,40.24938287104,120.74814861312,0.110977795559112,Random sampling,random_sampling,0,1,1,0.000349041666666667,0.0338155416666667,0.0858032916666667,,0.0206455416666667,5.75416666666667e-05,0.0130696666666667,0.0337784583333333,1.05055195092414,0.730653540132429,NaN,NaN,NaN,NaN,NaN,NaN,0.0131925833333333,588795,412107,0.7,820757,NaN,NaN,NaN,NaN,NaN,NaN,NaN,NaN,NaN,NaN,NaN
EXP-20260506-009_uniform_hsbm_rho_eigsh_methods_matlab,rho_n,rho_n,32,NaN,9,3220260515,5000,3,3,32,36,4,32,4.608e-05,5.12e-06,201367,1172590,0.0469036,0.02060325,0.0314272916666667,sparse,0,0,120.8202,160,201246.9143552,40.24938287104,120.74814861312,0.110977795559112,CountSketch RP,countsketch_random_projection,0,1,1,0.000330666666666667,0.111076625,0.163067541666667,,0.0990450416666667,6.07083333333333e-05,0.01193125,0.11104175,0.999999765135135,0.650576878701079,NaN,NaN,NaN,NaN,NaN,NaN,NaN,NaN,NaN,NaN,NaN,0.000111833333333333,163,13,45,0,0.00242970833333333,0.06922225,0.0161420833333333,0.0102880416666667,0.000729333333333333,7.84583333333333e-05
EXP-20260506-009_uniform_hsbm_rho_eigsh_methods_matlab,rho_n,rho_n,32,NaN,10,3220260516,5000,3,3,32,36,4,32,4.608e-05,5.12e-06,201365,1172224,0.04688896,0.01889575,0.0307728333333333,sparse,0,0,120.819,166,201246.9143552,40.24938287104,120.74814861312,0.110977795559112,Non-random eigs,non_random,0,1,1,0.000308791666666667,0.0152920833333333,0.0649306666666667,eigs,0.005584,5.77916666666667e-05,0.00962029166666667,0.0152664166666667,0.999999999999999,0.652381807511365,NaN,NaN,NaN,NaN,NaN,NaN,NaN,NaN,NaN,NaN,NaN,NaN,NaN,NaN,NaN,NaN,NaN,NaN,NaN,NaN,NaN,NaN
EXP-20260506-009_uniform_hsbm_rho_eigsh_methods_matlab,rho_n,rho_n,32,NaN,10,3220260516,5000,3,3,32,36,4,32,4.608e-05,5.12e-06,201365,1172224,0.04688896,0.01889575,0.0307728333333333,sparse,0,0,120.819,166,201246.9143552,40.24938287104,120.74814861312,0.110977795559112,Gaussian RP,gaussian_random_projection,0,1,1,0.000350583333333333,0.12791275,0.177546041666667,,0.108147375,6.27083333333333e-05,0.019667375,0.127883458333333,0.999999768303156,0.652164662957922,0.00257358333333333,0.0781086666666667,0.0167444583333333,0.00984095833333333,0.000766333333333333,7.43333333333333e-05,NaN,NaN,NaN,NaN,NaN,NaN,NaN,NaN,NaN,NaN,NaN,NaN,NaN,NaN,NaN,NaN
EXP-20260506-009_uniform_hsbm_rho_eigsh_methods_matlab,rho_n,rho_n,32,NaN,10,3220260516,5000,3,3,32,36,4,32,4.608e-05,5.12e-06,201365,1172224,0.04688896,0.01889575,0.0307728333333333,sparse,0,0,120.819,166,201246.9143552,40.24938287104,120.74814861312,0.110977795559112,Random sampling,random_sampling,0,1,1,0.000329333333333333,0.0314692083333333,0.081093875,,0.0217113333333333,6.49166666666667e-05,0.00964904166666667,0.0314311666666667,1.05367239404858,0.735617314364402,NaN,NaN,NaN,NaN,NaN,NaN,0.0133145416666667,588612,411708,0.7,819915,NaN,NaN,NaN,NaN,NaN,NaN,NaN,NaN,NaN,NaN,NaN
EXP-20260506-009_uniform_hsbm_rho_eigsh_methods_matlab,rho_n,rho_n,32,NaN,10,3220260516,5000,3,3,32,36,4,32,4.608e-05,5.12e-06,201365,1172224,0.04688896,0.01889575,0.0307728333333333,sparse,0,0,120.819,166,201246.9143552,40.24938287104,120.74814861312,0.110977795559112,CountSketch RP,countsketch_random_projection,0,1,1,0.000336916666666667,0.113770291666667,0.163401666666667,,0.10259225,6.67083333333333e-05,0.011074125,0.113737583333333,0.999999782101596,0.652187241774828,NaN,NaN,NaN,NaN,NaN,NaN,NaN,NaN,NaN,NaN,NaN,0.0001115,163,19,55,0,0.00586075,0.0685630416666667,0.01746275,0.009714375,0.000734958333333333,0.000101208333333333
EXP-20260506-009_uniform_hsbm_rho_eigsh_methods_matlab,rho_n,rho_n,64,NaN,1,2125293212,5000,3,3,64,36,4,32,9.216e-05,1.024e-05,402694,2261704,0.09046816,0.03690175,0.0729992916666667,sparse,0,0,241.6164,300,402493.8287104,80.49876574208,241.49629722624,0.110977795559112,Non-random eigs,non_random,0,1,1,0.000373958333333333,0.022225375,0.132095,eigs,0.0107835833333333,5.75416666666667e-05,0.0113528333333333,0.0221995,1,0.648774273005625,NaN,NaN,NaN,NaN,NaN,NaN,NaN,NaN,NaN,NaN,NaN,NaN,NaN,NaN,NaN,NaN,NaN,NaN,NaN,NaN,NaN,NaN
EXP-20260506-009_uniform_hsbm_rho_eigsh_methods_matlab,rho_n,rho_n,64,NaN,1,2125293212,5000,3,3,64,36,4,32,9.216e-05,1.024e-05,402694,2261704,0.09046816,0.03690175,0.0729992916666667,sparse,0,0,241.6164,300,402493.8287104,80.49876574208,241.49629722624,0.110977795559112,Gaussian RP,gaussian_random_projection,0,1,1,0.00032325,0.210378375,0.320241291666667,,0.198040958333333,6.35833333333333e-05,0.0122357083333333,0.210346208333333,0.999999866142304,0.648638315463789,0.00258508333333333,0.159521916666667,0.016949125,0.0180793333333333,0.000758541666666667,0.000112583333333333,NaN,NaN,NaN,NaN,NaN,NaN,NaN,NaN,NaN,NaN,NaN,NaN,NaN,NaN,NaN,NaN
EXP-20260506-009_uniform_hsbm_rho_eigsh_methods_matlab,rho_n,rho_n,64,NaN,1,2125293212,5000,3,3,64,36,4,32,9.216e-05,1.024e-05,402694,2261704,0.09046816,0.03690175,0.0729992916666667,sparse,0,0,241.6164,300,402493.8287104,80.49876574208,241.49629722624,0.110977795559112,Random sampling,random_sampling,0,1,1,0.000317,0.0499527083333333,0.159792,,0.0391635833333333,0.000145041666666667,0.0105823333333333,0.0499056666666667,1.05462417276673,0.729911362664185,NaN,NaN,NaN,NaN,NaN,NaN,0.0264569166666667,1133352,793634,0.7,1583747,NaN,NaN,NaN,NaN,NaN,NaN,NaN,NaN,NaN,NaN,NaN
EXP-20260506-009_uniform_hsbm_rho_eigsh_methods_matlab,rho_n,rho_n,64,NaN,1,2125293212,5000,3,3,64,36,4,32,9.216e-05,1.024e-05,402694,2261704,0.09046816,0.03690175,0.0729992916666667,sparse,0,0,241.6164,300,402493.8287104,80.49876574208,241.49629722624,0.110977795559112,CountSketch RP,countsketch_random_projection,0,1,1,0.000392833333333333,0.208249416666667,0.318107041666667,,0.196014666666667,6.3375e-05,0.0121279583333333,0.208210958333333,0.999999853333325,0.648651381443986,NaN,NaN,NaN,NaN,NaN,NaN,NaN,NaN,NaN,NaN,NaN,0.000114875,163,16,46,0,0.00304941666666667,0.155351625,0.0176350416666667,0.0189401666666667,0.0007675,0.00010775
EXP-20260506-009_uniform_hsbm_rho_eigsh_methods_matlab,rho_n,rho_n,64,NaN,2,2125293213,5000,3,3,64,36,4,32,9.216e-05,1.024e-05,404977,2273520,0.0909408,0.0379111666666667,0.073306,sparse,0,0,242.9862,300,402493.8287104,80.49876574208,241.49629722624,0.110977795559112,Non-random eigs,non_random,0,1,1,0.000335166666666667,0.0273107916666667,0.138493958333333,eigs,0.0107522916666667,6.89166666666667e-05,0.0164555833333333,0.0272825,1,0.648164258318665,NaN,NaN,NaN,NaN,NaN,NaN,NaN,NaN,NaN,NaN,NaN,NaN,NaN,NaN,NaN,NaN,NaN,NaN,NaN,NaN,NaN,NaN
EXP-20260506-009_uniform_hsbm_rho_eigsh_methods_matlab,rho_n,rho_n,64,NaN,2,2125293213,5000,3,3,64,36,4,32,9.216e-05,1.024e-05,404977,2273520,0.0909408,0.0379111666666667,0.073306,sparse,0,0,242.9862,300,402493.8287104,80.49876574208,241.49629722624,0.110977795559112,Gaussian RP,gaussian_random_projection,0,1,1,0.000327958333333333,0.20823975,0.319420208333333,,0.199474333333333,6.69583333333333e-05,0.00866175,0.208207958333333,0.999999859466315,0.648046147472556,0.00268425,0.161328833333333,0.0156192083333333,0.018876625,0.000799041666666667,0.000127666666666667,NaN,NaN,NaN,NaN,NaN,NaN,NaN,NaN,NaN,NaN,NaN,NaN,NaN,NaN,NaN,NaN
EXP-20260506-009_uniform_hsbm_rho_eigsh_methods_matlab,rho_n,rho_n,64,NaN,2,2125293213,5000,3,3,64,36,4,32,9.216e-05,1.024e-05,404977,2273520,0.0909408,0.0379111666666667,0.073306,sparse,0,0,242.9862,300,402493.8287104,80.49876574208,241.49629722624,0.110977795559112,Random sampling,random_sampling,0,1,1,0.000355583333333333,0.047189,0.158358208333333,,0.0381555416666667,6.46666666666667e-05,0.00892083333333333,0.0471522083333333,1.05234832599365,0.728924298330588,NaN,NaN,NaN,NaN,NaN,NaN,0.0255109166666667,1139260,798003,0.7,1592520,NaN,NaN,NaN,NaN,NaN,NaN,NaN,NaN,NaN,NaN,NaN
EXP-20260506-009_uniform_hsbm_rho_eigsh_methods_matlab,rho_n,rho_n,64,NaN,2,2125293213,5000,3,3,64,36,4,32,9.216e-05,1.024e-05,404977,2273520,0.0909408,0.0379111666666667,0.073306,sparse,0,0,242.9862,300,402493.8287104,80.49876574208,241.49629722624,0.110977795559112,CountSketch RP,countsketch_random_projection,0,1,1,0.000321,0.192268958333333,0.30344525,,0.184484,6.77083333333333e-05,0.007676375,0.192233666666667,0.999999874001682,0.648031134319663,NaN,NaN,NaN,NaN,NaN,NaN,NaN,NaN,NaN,NaN,NaN,0.000128208333333333,163,19,45,0,0.00563616666666667,0.142857666666667,0.0162055,0.0187386666666667,0.000762458333333333,0.000106125
EXP-20260506-009_uniform_hsbm_rho_eigsh_methods_matlab,rho_n,rho_n,64,NaN,3,2125293214,5000,3,3,64,36,4,32,9.216e-05,1.024e-05,402864,2262452,0.09049808,0.0384966666666667,0.0656553333333333,sparse,0,0,241.7184,308,402493.8287104,80.49876574208,241.49629722624,0.110977795559112,Non-random eigs,non_random,0,1,1,0.000378916666666667,0.0248499166666667,0.128965083333333,eigs,0.0109519583333333,6.04583333333333e-05,0.0138006666666667,0.0248221666666667,1,0.649677062672729,NaN,NaN,NaN,NaN,NaN,NaN,NaN,NaN,NaN,NaN,NaN,NaN,NaN,NaN,NaN,NaN,NaN,NaN,NaN,NaN,NaN,NaN
EXP-20260506-009_uniform_hsbm_rho_eigsh_methods_matlab,rho_n,rho_n,64,NaN,3,2125293214,5000,3,3,64,36,4,32,9.216e-05,1.024e-05,402864,2262452,0.09049808,0.0384966666666667,0.0656553333333333,sparse,0,0,241.7184,308,402493.8287104,80.49876574208,241.49629722624,0.110977795559112,Gaussian RP,gaussian_random_projection,0,1,1,0.000301833333333333,0.208770708333333,0.312890625,,0.193728083333333,6.30833333333333e-05,0.0149474583333333,0.208742833333333,0.999999880586522,0.64953585739336,0.00257225,0.154191791666667,0.0177814583333333,0.0183027916666667,0.000748958333333333,9.73333333333333e-05,NaN,NaN,NaN,NaN,NaN,NaN,NaN,NaN,NaN,NaN,NaN,NaN,NaN,NaN,NaN,NaN
EXP-20260506-009_uniform_hsbm_rho_eigsh_methods_matlab,rho_n,rho_n,64,NaN,3,2125293214,5000,3,3,64,36,4,32,9.216e-05,1.024e-05,402864,2262452,0.09049808,0.0384966666666667,0.0656553333333333,sparse,0,0,241.7184,308,402493.8287104,80.49876574208,241.49629722624,0.110977795559112,Random sampling,random_sampling,0,1,1,0.000316458333333333,0.0479324166666667,0.152038375,,0.037489375,6.39583333333333e-05,0.0103330416666667,0.0478927916666667,1.05145369266442,0.730230162485036,NaN,NaN,NaN,NaN,NaN,NaN,0.025274,1133726,794449,0.7,1585434,NaN,NaN,NaN,NaN,NaN,NaN,NaN,NaN,NaN,NaN,NaN
EXP-20260506-009_uniform_hsbm_rho_eigsh_methods_matlab,rho_n,rho_n,64,NaN,3,2125293214,5000,3,3,64,36,4,32,9.216e-05,1.024e-05,402864,2262452,0.09049808,0.0384966666666667,0.0656553333333333,sparse,0,0,241.7184,308,402493.8287104,80.49876574208,241.49629722624,0.110977795559112,CountSketch RP,countsketch_random_projection,0,1,1,0.00037875,0.191380583333333,0.295485416666667,,0.175585875,6.25416666666667e-05,0.015685,0.191339791666667,0.999999862608485,0.649544713268656,NaN,NaN,NaN,NaN,NaN,NaN,NaN,NaN,NaN,NaN,NaN,0.0001135,163,18,44,0,0.00265054166666667,0.137260333333333,0.0166788333333333,0.018008,0.000740708333333333,9.47083333333333e-05
EXP-20260506-009_uniform_hsbm_rho_eigsh_methods_matlab,rho_n,rho_n,64,NaN,4,2125293215,5000,3,3,64,36,4,32,9.216e-05,1.024e-05,403000,2264172,0.09056688,0.03673775,0.0617410416666667,sparse,0,0,241.8,302,402493.8287104,80.49876574208,241.49629722624,0.110977795559112,Non-random eigs,non_random,0,1,1,0.000311375,0.0200865,0.118528833333333,eigs,0.01080225,6.025e-05,0.00918754166666667,0.0200547083333333,1,0.649255040203779,NaN,NaN,NaN,NaN,NaN,NaN,NaN,NaN,NaN,NaN,NaN,NaN,NaN,NaN,NaN,NaN,NaN,NaN,NaN,NaN,NaN,NaN
EXP-20260506-009_uniform_hsbm_rho_eigsh_methods_matlab,rho_n,rho_n,64,NaN,4,2125293215,5000,3,3,64,36,4,32,9.216e-05,1.024e-05,403000,2264172,0.09056688,0.03673775,0.0617410416666667,sparse,0,0,241.8,302,402493.8287104,80.49876574208,241.49629722624,0.110977795559112,Gaussian RP,gaussian_random_projection,0,1,1,0.000320041666666667,0.205519708333333,0.303967208333333,,0.195931083333333,6.51666666666667e-05,0.00949216666666667,0.205492833333333,0.999999873552121,0.649100853974506,0.002592375,0.15716325,0.016730625,0.0184974583333333,0.000793583333333333,0.000123625,NaN,NaN,NaN,NaN,NaN,NaN,NaN,NaN,NaN,NaN,NaN,NaN,NaN,NaN,NaN,NaN
EXP-20260506-009_uniform_hsbm_rho_eigsh_methods_matlab,rho_n,rho_n,64,NaN,4,2125293215,5000,3,3,64,36,4,32,9.216e-05,1.024e-05,403000,2264172,0.09056688,0.03673775,0.0617410416666667,sparse,0,0,241.8,302,402493.8287104,80.49876574208,241.49629722624,0.110977795559112,Random sampling,random_sampling,0,1,1,0.000345583333333333,0.0464157083333333,0.144852291666667,,0.037418875,6.55e-05,0.008889125,0.046379625,1.05036829459186,0.728605141842241,NaN,NaN,NaN,NaN,NaN,NaN,0.02523925,1134586,794554,0.7,1585654,NaN,NaN,NaN,NaN,NaN,NaN,NaN,NaN,NaN,NaN,NaN
EXP-20260506-009_uniform_hsbm_rho_eigsh_methods_matlab,rho_n,rho_n,64,NaN,4,2125293215,5000,3,3,64,36,4,32,9.216e-05,1.024e-05,403000,2264172,0.09056688,0.03673775,0.0617410416666667,sparse,0,0,241.8,302,402493.8287104,80.49876574208,241.49629722624,0.110977795559112,CountSketch RP,countsketch_random_projection,0,1,1,0.000322291666666667,0.190669166666667,0.289110375,,0.175876208333333,6.99583333333333e-05,0.0146854166666667,0.190636208333333,0.999999880911454,0.64914143818585,NaN,NaN,NaN,NaN,NaN,NaN,NaN,NaN,NaN,NaN,NaN,0.000124916666666667,163,18,43,0,0.00254395833333333,0.136936666666667,0.0172177916666667,0.0180965,0.000771666666666667,0.000144541666666667
EXP-20260506-009_uniform_hsbm_rho_eigsh_methods_matlab,rho_n,rho_n,64,NaN,5,2125293216,5000,3,3,64,36,4,32,9.216e-05,1.024e-05,402850,2263424,0.09053696,0.03666325,0.0612981666666667,sparse,0,0,241.71,299,402493.8287104,80.49876574208,241.49629722624,0.110977795559112,Non-random eigs,non_random,0,1,1,0.000312666666666667,0.021663625,0.119592125,eigs,0.010562625,7.47916666666667e-05,0.0109932916666667,0.0216366666666667,1,0.648736659438677,NaN,NaN,NaN,NaN,NaN,NaN,NaN,NaN,NaN,NaN,NaN,NaN,NaN,NaN,NaN,NaN,NaN,NaN,NaN,NaN,NaN,NaN
EXP-20260506-009_uniform_hsbm_rho_eigsh_methods_matlab,rho_n,rho_n,64,NaN,5,2125293216,5000,3,3,64,36,4,32,9.216e-05,1.024e-05,402850,2263424,0.09053696,0.03666325,0.0612981666666667,sparse,0,0,241.71,299,402493.8287104,80.49876574208,241.49629722624,0.110977795559112,Gaussian RP,gaussian_random_projection,0,1,1,0.000386333333333333,0.217773833333333,0.315696791666667,,0.195645416666667,6.25833333333333e-05,0.022027375,0.217742541666667,0.999999900405599,0.648616064829749,0.00255941666666667,0.157467916666667,0.0165700833333333,0.0181605833333333,0.00075925,9.61666666666667e-05,NaN,NaN,NaN,NaN,NaN,NaN,NaN,NaN,NaN,NaN,NaN,NaN,NaN,NaN,NaN,NaN
EXP-20260506-009_uniform_hsbm_rho_eigsh_methods_matlab,rho_n,rho_n,64,NaN,5,2125293216,5000,3,3,64,36,4,32,9.216e-05,1.024e-05,402850,2263424,0.09053696,0.03666325,0.0612981666666667,sparse,0,0,241.71,299,402493.8287104,80.49876574208,241.49629722624,0.110977795559112,Random sampling,random_sampling,0,1,1,0.000401125,0.047982375,0.145904416666667,,0.0370597083333333,6.8875e-05,0.0108144166666667,0.0479484166666667,1.05250480805325,0.730507575281294,NaN,NaN,NaN,NaN,NaN,NaN,0.0253672083333333,1134212,794002,0.7,1584512,NaN,NaN,NaN,NaN,NaN,NaN,NaN,NaN,NaN,NaN,NaN
EXP-20260506-009_uniform_hsbm_rho_eigsh_methods_matlab,rho_n,rho_n,64,NaN,5,2125293216,5000,3,3,64,36,4,32,9.216e-05,1.024e-05,402850,2263424,0.09053696,0.03666325,0.0612981666666667,sparse,0,0,241.71,299,402493.8287104,80.49876574208,241.49629722624,0.110977795559112,CountSketch RP,countsketch_random_projection,0,1,1,0.000353208333333333,0.184973708333333,0.28289275,,0.174759416666667,6.30833333333333e-05,0.0101088333333333,0.184937083333333,0.999999859681536,0.648589994450063,NaN,NaN,NaN,NaN,NaN,NaN,NaN,NaN,NaN,NaN,NaN,0.0001125,163,18,43,0,0.00257108333333333,0.13611925,0.017323125,0.0177510833333333,0.000741791666666667,9.9e-05
EXP-20260506-009_uniform_hsbm_rho_eigsh_methods_matlab,rho_n,rho_n,64,NaN,6,2125293217,5000,3,3,64,36,4,32,9.216e-05,1.024e-05,402487,2261326,0.09045304,0.03633025,0.062038375,sparse,0,0,241.4922,299,402493.8287104,80.49876574208,241.49629722624,0.110977795559112,Non-random eigs,non_random,0,1,1,0.00032575,0.0230069583333333,0.121344416666667,eigs,0.0104352916666667,5.95833333333333e-05,0.0124809166666667,0.0229804583333333,1,0.64828267796901,NaN,NaN,NaN,NaN,NaN,NaN,NaN,NaN,NaN,NaN,NaN,NaN,NaN,NaN,NaN,NaN,NaN,NaN,NaN,NaN,NaN,NaN
EXP-20260506-009_uniform_hsbm_rho_eigsh_methods_matlab,rho_n,rho_n,64,NaN,6,2125293217,5000,3,3,64,36,4,32,9.216e-05,1.024e-05,402487,2261326,0.09045304,0.03633025,0.062038375,sparse,0,0,241.4922,299,402493.8287104,80.49876574208,241.49629722624,0.110977795559112,Gaussian RP,gaussian_random_projection,0,1,1,0.000320833333333333,0.205279875,0.30361175,,0.191726416666667,6.19166666666667e-05,0.0134547916666667,0.205248458333333,0.999999886954511,0.648152994597156,0.002649,0.153531541666667,0.0171799583333333,0.0175012083333333,0.000737458333333333,9.55416666666667e-05,NaN,NaN,NaN,NaN,NaN,NaN,NaN,NaN,NaN,NaN,NaN,NaN,NaN,NaN,NaN,NaN
EXP-20260506-009_uniform_hsbm_rho_eigsh_methods_matlab,rho_n,rho_n,64,NaN,6,2125293217,5000,3,3,64,36,4,32,9.216e-05,1.024e-05,402487,2261326,0.09045304,0.03633025,0.062038375,sparse,0,0,241.4922,299,402493.8287104,80.49876574208,241.49629722624,0.110977795559112,Random sampling,random_sampling,0,1,1,0.000339,0.04849575,0.146822375,,0.0373515,6.4875e-05,0.011037375,0.0484600416666667,1.05320184526308,0.730109710298719,NaN,NaN,NaN,NaN,NaN,NaN,0.0251394583333333,1133163,793884,0.7,1584273,NaN,NaN,NaN,NaN,NaN,NaN,NaN,NaN,NaN,NaN,NaN
EXP-20260506-009_uniform_hsbm_rho_eigsh_methods_matlab,rho_n,rho_n,64,NaN,6,2125293217,5000,3,3,64,36,4,32,9.216e-05,1.024e-05,402487,2261326,0.09045304,0.03633025,0.062038375,sparse,0,0,241.4922,299,402493.8287104,80.49876574208,241.49629722624,0.110977795559112,CountSketch RP,countsketch_random_projection,0,1,1,0.000392166666666667,0.196279458333333,0.294603583333333,,0.179174458333333,6.62916666666667e-05,0.0169942083333333,0.196240875,0.999999886269275,0.648156001746693,NaN,NaN,NaN,NaN,NaN,NaN,NaN,NaN,NaN,NaN,NaN,0.00012075,163,19,48,0,0.00249508333333333,0.139754166666667,0.0179565,0.01791775,0.000770041666666667,0.0001185
EXP-20260506-009_uniform_hsbm_rho_eigsh_methods_matlab,rho_n,rho_n,64,NaN,7,2125293218,5000,3,3,64,36,4,32,9.216e-05,1.024e-05,401714,2256860,0.0902744,0.0363008333333333,0.0615023333333333,sparse,0,0,241.0284,297,402493.8287104,80.49876574208,241.49629722624,0.110977795559112,Non-random eigs,non_random,0,1,1,0.000344875,0.02323275,0.1210015,eigs,0.0103225833333333,6.5125e-05,0.012810625,0.0232051666666667,1,0.649058796450938,NaN,NaN,NaN,NaN,NaN,NaN,NaN,NaN,NaN,NaN,NaN,NaN,NaN,NaN,NaN,NaN,NaN,NaN,NaN,NaN,NaN,NaN
EXP-20260506-009_uniform_hsbm_rho_eigsh_methods_matlab,rho_n,rho_n,64,NaN,7,2125293218,5000,3,3,64,36,4,32,9.216e-05,1.024e-05,401714,2256860,0.0902744,0.0363008333333333,0.0615023333333333,sparse,0,0,241.0284,297,402493.8287104,80.49876574208,241.49629722624,0.110977795559112,Gaussian RP,gaussian_random_projection,0,1,1,0.00032275,0.211403625,0.309173958333333,,0.19363925,6.5625e-05,0.0176659166666667,0.211376041666667,0.999999866706837,0.648921809448218,0.00261720833333333,0.154979375,0.0164737083333333,0.0185850833333333,0.000823958333333333,0.000128083333333333,NaN,NaN,NaN,NaN,NaN,NaN,NaN,NaN,NaN,NaN,NaN,NaN,NaN,NaN,NaN,NaN
EXP-20260506-009_uniform_hsbm_rho_eigsh_methods_matlab,rho_n,rho_n,64,NaN,7,2125293218,5000,3,3,64,36,4,32,9.216e-05,1.024e-05,401714,2256860,0.0902744,0.0363008333333333,0.0615023333333333,sparse,0,0,241.0284,297,402493.8287104,80.49876574208,241.49629722624,0.110977795559112,Random sampling,random_sampling,0,1,1,0.000341375,0.04627575,0.144037166666667,,0.03705475,6.6375e-05,0.009112875,0.04623925,1.05016393857072,0.7289132454514,NaN,NaN,NaN,NaN,NaN,NaN,0.0252558333333333,1130930,791602,0.7,1579751,NaN,NaN,NaN,NaN,NaN,NaN,NaN,NaN,NaN,NaN,NaN
EXP-20260506-009_uniform_hsbm_rho_eigsh_methods_matlab,rho_n,rho_n,64,NaN,7,2125293218,5000,3,3,64,36,4,32,9.216e-05,1.024e-05,401714,2256860,0.0902744,0.0363008333333333,0.0615023333333333,sparse,0,0,241.0284,297,402493.8287104,80.49876574208,241.49629722624,0.110977795559112,CountSketch RP,countsketch_random_projection,0,1,1,0.000302583333333333,0.19322575,0.290987541666667,,0.178755125,6.1625e-05,0.014367625,0.193189583333333,0.999999869869026,0.648936539734369,NaN,NaN,NaN,NaN,NaN,NaN,NaN,NaN,NaN,NaN,NaN,0.00012025,163,18,46,0,0.00405829166666667,0.138179833333333,0.017116,0.01838275,0.000756708333333333,9.775e-05
EXP-20260506-009_uniform_hsbm_rho_eigsh_methods_matlab,rho_n,rho_n,64,NaN,8,2125293219,5000,3,3,64,36,4,32,9.216e-05,1.024e-05,402588,2260920,0.0904368,0.0384394583333333,0.0625027083333333,sparse,0,0,241.5528,306,402493.8287104,80.49876574208,241.49629722624,0.110977795559112,Non-random eigs,non_random,0,1,1,0.00036275,0.0208989166666667,0.121809416666667,eigs,0.0109280416666667,6.43333333333333e-05,0.009874875,0.020872125,1,0.649260444727128,NaN,NaN,NaN,NaN,NaN,NaN,NaN,NaN,NaN,NaN,NaN,NaN,NaN,NaN,NaN,NaN,NaN,NaN,NaN,NaN,NaN,NaN
EXP-20260506-009_uniform_hsbm_rho_eigsh_methods_matlab,rho_n,rho_n,64,NaN,8,2125293219,5000,3,3,64,36,4,32,9.216e-05,1.024e-05,402588,2260920,0.0904368,0.0384394583333333,0.0625027083333333,sparse,0,0,241.5528,306,402493.8287104,80.49876574208,241.49629722624,0.110977795559112,Gaussian RP,gaussian_random_projection,0,1,1,0.000354583333333333,0.210272958333333,0.311180458333333,,0.199225375,6.95416666666667e-05,0.010943375,0.210243708333333,0.999999895534224,0.649119883761873,0.00266983333333333,0.159656791666667,0.0171298333333333,0.0188374166666667,0.000781166666666667,0.000116625,NaN,NaN,NaN,NaN,NaN,NaN,NaN,NaN,NaN,NaN,NaN,NaN,NaN,NaN,NaN,NaN
EXP-20260506-009_uniform_hsbm_rho_eigsh_methods_matlab,rho_n,rho_n,64,NaN,8,2125293219,5000,3,3,64,36,4,32,9.216e-05,1.024e-05,402588,2260920,0.0904368,0.0384394583333333,0.0625027083333333,sparse,0,0,241.5528,306,402493.8287104,80.49876574208,241.49629722624,0.110977795559112,Random sampling,random_sampling,0,1,1,0.000367833333333333,0.0472170416666667,0.148112666666667,,0.0375617916666667,7.65416666666667e-05,0.00953216666666667,0.0471774583333333,1.05204970050407,0.730624447343667,NaN,NaN,NaN,NaN,NaN,NaN,0.0254437083333333,1132960,793124,0.7,1582766,NaN,NaN,NaN,NaN,NaN,NaN,NaN,NaN,NaN,NaN,NaN
EXP-20260506-009_uniform_hsbm_rho_eigsh_methods_matlab,rho_n,rho_n,64,NaN,8,2125293219,5000,3,3,64,36,4,32,9.216e-05,1.024e-05,402588,2260920,0.0904368,0.0384394583333333,0.0625027083333333,sparse,0,0,241.5528,306,402493.8287104,80.49876574208,241.49629722624,0.110977795559112,CountSketch RP,countsketch_random_projection,0,1,1,0.000376541666666667,0.192820625,0.293697541666667,,0.182108541666667,6.42083333333333e-05,0.010582625,0.192762541666667,0.999999858967147,0.649113769253788,NaN,NaN,NaN,NaN,NaN,NaN,NaN,NaN,NaN,NaN,NaN,0.00017725,163,18,45,0,0.00297229166666667,0.141572166666667,0.0172658333333333,0.0192005,0.000762583333333333,0.000107125
EXP-20260506-009_uniform_hsbm_rho_eigsh_methods_matlab,rho_n,rho_n,64,NaN,9,2125293220,5000,3,3,64,36,4,32,9.216e-05,1.024e-05,404354,2271180,0.0908472,0.0416025,0.0634735416666667,sparse,0,0,242.6124,295,402493.8287104,80.49876574208,241.49629722624,0.110977795559112,Non-random eigs,non_random,0,1,1,0.000403291666666667,0.0283305416666667,0.133368791666667,eigs,0.0111224166666667,6.375e-05,0.0171065833333333,0.0283005833333333,1,0.64852592753965,NaN,NaN,NaN,NaN,NaN,NaN,NaN,NaN,NaN,NaN,NaN,NaN,NaN,NaN,NaN,NaN,NaN,NaN,NaN,NaN,NaN,NaN
EXP-20260506-009_uniform_hsbm_rho_eigsh_methods_matlab,rho_n,rho_n,64,NaN,9,2125293220,5000,3,3,64,36,4,32,9.216e-05,1.024e-05,404354,2271180,0.0908472,0.0416025,0.0634735416666667,sparse,0,0,242.6124,295,402493.8287104,80.49876574208,241.49629722624,0.110977795559112,Gaussian RP,gaussian_random_projection,0,1,1,0.000368041666666667,0.216166458333333,0.321203875,,0.205764708333333,6.7625e-05,0.0102955,0.216133416666667,0.999999860382845,0.648406429896142,0.00272358333333333,0.165252125,0.017483875,0.0192652916666667,0.000833916666666667,0.000168875,NaN,NaN,NaN,NaN,NaN,NaN,NaN,NaN,NaN,NaN,NaN,NaN,NaN,NaN,NaN,NaN
EXP-20260506-009_uniform_hsbm_rho_eigsh_methods_matlab,rho_n,rho_n,64,NaN,9,2125293220,5000,3,3,64,36,4,32,9.216e-05,1.024e-05,404354,2271180,0.0908472,0.0416025,0.0634735416666667,sparse,0,0,242.6124,295,402493.8287104,80.49876574208,241.49629722624,0.110977795559112,Random sampling,random_sampling,0,1,1,0.000359083333333333,0.0501749583333333,0.155200916666667,,0.0395385416666667,7.62083333333333e-05,0.010510125,0.050133,1.05311785418659,0.730682593635059,NaN,NaN,NaN,NaN,NaN,NaN,0.0265348333333333,1138090,796138,0.7,1588768,NaN,NaN,NaN,NaN,NaN,NaN,NaN,NaN,NaN,NaN,NaN
EXP-20260506-009_uniform_hsbm_rho_eigsh_methods_matlab,rho_n,rho_n,64,NaN,9,2125293220,5000,3,3,64,36,4,32,9.216e-05,1.024e-05,404354,2271180,0.0908472,0.0416025,0.0634735416666667,sparse,0,0,242.6124,295,402493.8287104,80.49876574208,241.49629722624,0.110977795559112,CountSketch RP,countsketch_random_projection,0,1,1,0.000320458333333333,0.188434166666667,0.293469,,0.180388541666667,6.39166666666667e-05,0.0079405,0.188397875,0.999999829101888,0.648415302454838,NaN,NaN,NaN,NaN,NaN,NaN,NaN,NaN,NaN,NaN,NaN,0.000120375,163,14,45,0,0.00262825,0.141343666666667,0.017271375,0.018066625,0.000792291666666667,0.000119666666666667
EXP-20260506-009_uniform_hsbm_rho_eigsh_methods_matlab,rho_n,rho_n,64,NaN,10,2125293221,5000,3,3,64,36,4,32,9.216e-05,1.024e-05,401284,2254608,0.09018432,0.0372563333333333,0.0644574583333333,sparse,0,0,240.7704,310,402493.8287104,80.49876574208,241.49629722624,0.110977795559112,Non-random eigs,non_random,0,1,1,0.000298041666666667,0.025214125,0.126895291666667,eigs,0.010759375,6.37916666666667e-05,0.0143583333333333,0.0251869583333333,1,0.649819059096505,NaN,NaN,NaN,NaN,NaN,NaN,NaN,NaN,NaN,NaN,NaN,NaN,NaN,NaN,NaN,NaN,NaN,NaN,NaN,NaN,NaN,NaN
EXP-20260506-009_uniform_hsbm_rho_eigsh_methods_matlab,rho_n,rho_n,64,NaN,10,2125293221,5000,3,3,64,36,4,32,9.216e-05,1.024e-05,401284,2254608,0.09018432,0.0372563333333333,0.0644574583333333,sparse,0,0,240.7704,310,402493.8287104,80.49876574208,241.49629722624,0.110977795559112,Gaussian RP,gaussian_random_projection,0,1,1,0.000347083333333333,0.21033025,0.31200975,,0.19347025,6.77083333333333e-05,0.016758,0.2103005,0.999999855791503,0.649671162513007,0.00257383333333333,0.155413333333333,0.016807375,0.0177949583333333,0.000751833333333333,9.74583333333333e-05,NaN,NaN,NaN,NaN,NaN,NaN,NaN,NaN,NaN,NaN,NaN,NaN,NaN,NaN,NaN,NaN
EXP-20260506-009_uniform_hsbm_rho_eigsh_methods_matlab,rho_n,rho_n,64,NaN,10,2125293221,5000,3,3,64,36,4,32,9.216e-05,1.024e-05,401284,2254608,0.09018432,0.0372563333333333,0.0644574583333333,sparse,0,0,240.7704,310,402493.8287104,80.49876574208,241.49629722624,0.110977795559112,Random sampling,random_sampling,0,1,1,0.000335375,0.04786275,0.149533583333333,,0.0373209583333333,7.15e-05,0.0104273333333333,0.0478260833333333,1.05314224270751,0.731031940428682,NaN,NaN,NaN,NaN,NaN,NaN,0.0251155833333333,1129804,790921,0.7,1578339,NaN,NaN,NaN,NaN,NaN,NaN,NaN,NaN,NaN,NaN,NaN
EXP-20260506-009_uniform_hsbm_rho_eigsh_methods_matlab,rho_n,rho_n,64,NaN,10,2125293221,5000,3,3,64,36,4,32,9.216e-05,1.024e-05,401284,2254608,0.09018432,0.0372563333333333,0.0644574583333333,sparse,0,0,240.7704,310,402493.8287104,80.49876574208,241.49629722624,0.110977795559112,CountSketch RP,countsketch_random_projection,0,1,1,0.000304375,0.188392625,0.290063,,0.177069083333333,6.20833333333333e-05,0.0112180416666667,0.188355083333333,0.999999883435265,0.649678538351518,NaN,NaN,NaN,NaN,NaN,NaN,NaN,NaN,NaN,NaN,NaN,0.000114166666666667,163,18,51,0,0.002470375,0.138942083333333,0.0172067916666667,0.0174213333333333,0.000776291666666667,9.60416666666667e-05
